<?xml version="1.0" encoding="UTF-8"?><graph xmlns="http://www.xces.org/ns/GrAF/1.0/" xmlns:graf="http://www.xces.org/ns/GrAF/1.0/">
    <graphHeader>
        <labelsDecl>
            <labelUsage label="body" occurs="1"/>
            <labelUsage label="turn" occurs="92"/>
            <labelUsage label="text" occurs="1"/>
            <labelUsage label="cesDoc" occurs="1"/>
            <labelUsage label="head" occurs="1"/>
        </labelsDecl>
        <annotationSpaces>
            <annotationSpace as.id="xces"/>
        </annotationSpaces>
    </graphHeader>
    <region anchors="28 23468" xml:id="logical-r0"/>
    <node xml:id="logical-n0">
        <link targets="logical-r0"/>
    </node>
    <a xml:id="logical-N65585" as="xces" label="cesDoc" ref="logical-n0">
        <fs>
            <f name="xmlns" value="http://www.xces.org/schema/2003"/>
            <f name="version" value="1.0.4"/>
        </fs>
    </a>
    <region anchors="28 23468" xml:id="logical-r1"/>
    <node xml:id="logical-n1">
        <link targets="logical-r1"/>
    </node>
    <a xml:id="logical-N65613" as="xces" label="text" ref="logical-n1"/>
    <region anchors="28 23468" xml:id="logical-r2"/>
    <node xml:id="logical-n2">
        <link targets="logical-r2"/>
    </node>
    <a xml:id="logical-N65629" as="xces" label="body" ref="logical-n2"/>
    <region anchors="28 68" xml:id="logical-r3"/>
    <node xml:id="logical-n3">
        <link targets="logical-r3"/>
    </node>
    <a xml:id="logical-N65645" as="xces" label="head" ref="logical-n3">
        <fs>
            <f name="type" value="title"/>
        </fs>
    </a>
    <region anchors="83 143" xml:id="logical-r4"/>
    <node xml:id="logical-n4">
        <link targets="logical-r4"/>
    </node>
    <a xml:id="logical-N65669" as="xces" label="turn" ref="logical-n4">
        <fs>
            <f name="who" value="interviewer"/>
        </fs>
    </a>
    <region anchors="159 384" xml:id="logical-r5"/>
    <node xml:id="logical-n5">
        <link targets="logical-r5"/>
    </node>
    <a xml:id="logical-N65693" as="xces" label="turn" ref="logical-n5">
        <fs>
            <f name="who" value="Nathan Hole"/>
        </fs>
    </a>
    <region anchors="400 427" xml:id="logical-r6"/>
    <node xml:id="logical-n6">
        <link targets="logical-r6"/>
    </node>
    <a xml:id="logical-N65717" as="xces" label="turn" ref="logical-n6">
        <fs>
            <f name="who" value="interviewer"/>
        </fs>
    </a>
    <region anchors="443 479" xml:id="logical-r7"/>
    <node xml:id="logical-n7">
        <link targets="logical-r7"/>
    </node>
    <a xml:id="logical-N65741" as="xces" label="turn" ref="logical-n7">
        <fs>
            <f name="who" value="Nathan Hole"/>
        </fs>
    </a>
    <region anchors="495 577" xml:id="logical-r8"/>
    <node xml:id="logical-n8">
        <link targets="logical-r8"/>
    </node>
    <a xml:id="logical-N65765" as="xces" label="turn" ref="logical-n8">
        <fs>
            <f name="who" value="interviewer"/>
        </fs>
    </a>
    <region anchors="593 818" xml:id="logical-r9"/>
    <node xml:id="logical-n9">
        <link targets="logical-r9"/>
    </node>
    <a xml:id="logical-N65789" as="xces" label="turn" ref="logical-n9">
        <fs>
            <f name="who" value="Nathan Hole"/>
        </fs>
    </a>
    <region anchors="834 1022" xml:id="logical-r10"/>
    <node xml:id="logical-n10">
        <link targets="logical-r10"/>
    </node>
    <a xml:id="logical-N65813" as="xces" label="turn" ref="logical-n10">
        <fs>
            <f name="who" value="interviewer"/>
        </fs>
    </a>
    <region anchors="1038 1190" xml:id="logical-r11"/>
    <node xml:id="logical-n11">
        <link targets="logical-r11"/>
    </node>
    <a xml:id="logical-N65837" as="xces" label="turn" ref="logical-n11">
        <fs>
            <f name="who" value="Nathan Hole"/>
        </fs>
    </a>
    <region anchors="1206 1269" xml:id="logical-r12"/>
    <node xml:id="logical-n12">
        <link targets="logical-r12"/>
    </node>
    <a xml:id="logical-N65861" as="xces" label="turn" ref="logical-n12">
        <fs>
            <f name="who" value="interviewer"/>
        </fs>
    </a>
    <region anchors="1285 1488" xml:id="logical-r13"/>
    <node xml:id="logical-n13">
        <link targets="logical-r13"/>
    </node>
    <a xml:id="logical-N65885" as="xces" label="turn" ref="logical-n13">
        <fs>
            <f name="who" value="Nathan Hole"/>
        </fs>
    </a>
    <region anchors="1504 1555" xml:id="logical-r14"/>
    <node xml:id="logical-n14">
        <link targets="logical-r14"/>
    </node>
    <a xml:id="logical-N65909" as="xces" label="turn" ref="logical-n14">
        <fs>
            <f name="who" value="interviewer"/>
        </fs>
    </a>
    <region anchors="1571 1679" xml:id="logical-r15"/>
    <node xml:id="logical-n15">
        <link targets="logical-r15"/>
    </node>
    <a xml:id="logical-N65933" as="xces" label="turn" ref="logical-n15">
        <fs>
            <f name="who" value="Nathan Hole"/>
        </fs>
    </a>
    <region anchors="1695 1758" xml:id="logical-r16"/>
    <node xml:id="logical-n16">
        <link targets="logical-r16"/>
    </node>
    <a xml:id="logical-N65957" as="xces" label="turn" ref="logical-n16">
        <fs>
            <f name="who" value="interviewer"/>
        </fs>
    </a>
    <region anchors="1774 2005" xml:id="logical-r17"/>
    <node xml:id="logical-n17">
        <link targets="logical-r17"/>
    </node>
    <a xml:id="logical-N65981" as="xces" label="turn" ref="logical-n17">
        <fs>
            <f name="who" value="Nathan Hole"/>
        </fs>
    </a>
    <region anchors="2021 2156" xml:id="logical-r18"/>
    <node xml:id="logical-n18">
        <link targets="logical-r18"/>
    </node>
    <a xml:id="logical-N66005" as="xces" label="turn" ref="logical-n18">
        <fs>
            <f name="who" value="interviewer"/>
        </fs>
    </a>
    <region anchors="2172 2352" xml:id="logical-r19"/>
    <node xml:id="logical-n19">
        <link targets="logical-r19"/>
    </node>
    <a xml:id="logical-N66029" as="xces" label="turn" ref="logical-n19">
        <fs>
            <f name="who" value="Nathan Hole"/>
        </fs>
    </a>
    <region anchors="2368 2412" xml:id="logical-r20"/>
    <node xml:id="logical-n20">
        <link targets="logical-r20"/>
    </node>
    <a xml:id="logical-N66053" as="xces" label="turn" ref="logical-n20">
        <fs>
            <f name="who" value="interviewer"/>
        </fs>
    </a>
    <region anchors="2428 2464" xml:id="logical-r21"/>
    <node xml:id="logical-n21">
        <link targets="logical-r21"/>
    </node>
    <a xml:id="logical-N66077" as="xces" label="turn" ref="logical-n21">
        <fs>
            <f name="who" value="Nathan Hole"/>
        </fs>
    </a>
    <region anchors="2480 2492" xml:id="logical-r22"/>
    <node xml:id="logical-n22">
        <link targets="logical-r22"/>
    </node>
    <a xml:id="logical-N66101" as="xces" label="turn" ref="logical-n22">
        <fs>
            <f name="who" value="interviewer"/>
        </fs>
    </a>
    <region anchors="2508 3202" xml:id="logical-r23"/>
    <node xml:id="logical-n23">
        <link targets="logical-r23"/>
    </node>
    <a xml:id="logical-N66125" as="xces" label="turn" ref="logical-n23">
        <fs>
            <f name="who" value="Nathan Hole"/>
        </fs>
    </a>
    <region anchors="3218 3311" xml:id="logical-r24"/>
    <node xml:id="logical-n24">
        <link targets="logical-r24"/>
    </node>
    <a xml:id="logical-N66149" as="xces" label="turn" ref="logical-n24">
        <fs>
            <f name="who" value="interviewer"/>
        </fs>
    </a>
    <region anchors="3327 3467" xml:id="logical-r25"/>
    <node xml:id="logical-n25">
        <link targets="logical-r25"/>
    </node>
    <a xml:id="logical-N66173" as="xces" label="turn" ref="logical-n25">
        <fs>
            <f name="who" value="Nathan Hole"/>
        </fs>
    </a>
    <region anchors="3483 3516" xml:id="logical-r26"/>
    <node xml:id="logical-n26">
        <link targets="logical-r26"/>
    </node>
    <a xml:id="logical-N66197" as="xces" label="turn" ref="logical-n26">
        <fs>
            <f name="who" value="interviewer"/>
        </fs>
    </a>
    <region anchors="3532 3652" xml:id="logical-r27"/>
    <node xml:id="logical-n27">
        <link targets="logical-r27"/>
    </node>
    <a xml:id="logical-N66221" as="xces" label="turn" ref="logical-n27">
        <fs>
            <f name="who" value="Nathan Hole"/>
        </fs>
    </a>
    <region anchors="3668 3702" xml:id="logical-r28"/>
    <node xml:id="logical-n28">
        <link targets="logical-r28"/>
    </node>
    <a xml:id="logical-N66245" as="xces" label="turn" ref="logical-n28">
        <fs>
            <f name="who" value="interviewer"/>
        </fs>
    </a>
    <region anchors="3718 5247" xml:id="logical-r29"/>
    <node xml:id="logical-n29">
        <link targets="logical-r29"/>
    </node>
    <a xml:id="logical-N66269" as="xces" label="turn" ref="logical-n29">
        <fs>
            <f name="who" value="Nathan Hole"/>
        </fs>
    </a>
    <region anchors="5263 5324" xml:id="logical-r30"/>
    <node xml:id="logical-n30">
        <link targets="logical-r30"/>
    </node>
    <a xml:id="logical-N66293" as="xces" label="turn" ref="logical-n30">
        <fs>
            <f name="who" value="interviewer"/>
        </fs>
    </a>
    <region anchors="5340 6606" xml:id="logical-r31"/>
    <node xml:id="logical-n31">
        <link targets="logical-r31"/>
    </node>
    <a xml:id="logical-N66317" as="xces" label="turn" ref="logical-n31">
        <fs>
            <f name="who" value="Nathan Hole"/>
        </fs>
    </a>
    <region anchors="6622 6785" xml:id="logical-r32"/>
    <node xml:id="logical-n32">
        <link targets="logical-r32"/>
    </node>
    <a xml:id="logical-N66341" as="xces" label="turn" ref="logical-n32">
        <fs>
            <f name="who" value="interviewer"/>
        </fs>
    </a>
    <region anchors="6801 7134" xml:id="logical-r33"/>
    <node xml:id="logical-n33">
        <link targets="logical-r33"/>
    </node>
    <a xml:id="logical-N66365" as="xces" label="turn" ref="logical-n33">
        <fs>
            <f name="who" value="Nathan Hole"/>
        </fs>
    </a>
    <region anchors="7150 7187" xml:id="logical-r34"/>
    <node xml:id="logical-n34">
        <link targets="logical-r34"/>
    </node>
    <a xml:id="logical-N66389" as="xces" label="turn" ref="logical-n34">
        <fs>
            <f name="who" value="interviewer"/>
        </fs>
    </a>
    <region anchors="7203 7416" xml:id="logical-r35"/>
    <node xml:id="logical-n35">
        <link targets="logical-r35"/>
    </node>
    <a xml:id="logical-N66413" as="xces" label="turn" ref="logical-n35">
        <fs>
            <f name="who" value="Nathan Hole"/>
        </fs>
    </a>
    <region anchors="7432 7521" xml:id="logical-r36"/>
    <node xml:id="logical-n36">
        <link targets="logical-r36"/>
    </node>
    <a xml:id="logical-N66437" as="xces" label="turn" ref="logical-n36">
        <fs>
            <f name="who" value="interviewer"/>
        </fs>
    </a>
    <region anchors="7537 7688" xml:id="logical-r37"/>
    <node xml:id="logical-n37">
        <link targets="logical-r37"/>
    </node>
    <a xml:id="logical-N66461" as="xces" label="turn" ref="logical-n37">
        <fs>
            <f name="who" value="Nathan Hole"/>
        </fs>
    </a>
    <region anchors="7704 7716" xml:id="logical-r38"/>
    <node xml:id="logical-n38">
        <link targets="logical-r38"/>
    </node>
    <a xml:id="logical-N66485" as="xces" label="turn" ref="logical-n38">
        <fs>
            <f name="who" value="interviewer"/>
        </fs>
    </a>
    <region anchors="7732 7774" xml:id="logical-r39"/>
    <node xml:id="logical-n39">
        <link targets="logical-r39"/>
    </node>
    <a xml:id="logical-N66509" as="xces" label="turn" ref="logical-n39">
        <fs>
            <f name="who" value="Nathan Hole"/>
        </fs>
    </a>
    <region anchors="7790 7825" xml:id="logical-r40"/>
    <node xml:id="logical-n40">
        <link targets="logical-r40"/>
    </node>
    <a xml:id="logical-N66533" as="xces" label="turn" ref="logical-n40">
        <fs>
            <f name="who" value="interviewer"/>
        </fs>
    </a>
    <region anchors="7841 7971" xml:id="logical-r41"/>
    <node xml:id="logical-n41">
        <link targets="logical-r41"/>
    </node>
    <a xml:id="logical-N66557" as="xces" label="turn" ref="logical-n41">
        <fs>
            <f name="who" value="Nathan Hole"/>
        </fs>
    </a>
    <region anchors="7987 8044" xml:id="logical-r42"/>
    <node xml:id="logical-n42">
        <link targets="logical-r42"/>
    </node>
    <a xml:id="logical-N66581" as="xces" label="turn" ref="logical-n42">
        <fs>
            <f name="who" value="interviewer"/>
        </fs>
    </a>
    <region anchors="8060 8201" xml:id="logical-r43"/>
    <node xml:id="logical-n43">
        <link targets="logical-r43"/>
    </node>
    <a xml:id="logical-N66605" as="xces" label="turn" ref="logical-n43">
        <fs>
            <f name="who" value="Nathan Hole"/>
        </fs>
    </a>
    <region anchors="8217 8255" xml:id="logical-r44"/>
    <node xml:id="logical-n44">
        <link targets="logical-r44"/>
    </node>
    <a xml:id="logical-N66629" as="xces" label="turn" ref="logical-n44">
        <fs>
            <f name="who" value="interviewer"/>
        </fs>
    </a>
    <region anchors="8271 8401" xml:id="logical-r45"/>
    <node xml:id="logical-n45">
        <link targets="logical-r45"/>
    </node>
    <a xml:id="logical-N66653" as="xces" label="turn" ref="logical-n45">
        <fs>
            <f name="who" value="Nathan Hole"/>
        </fs>
    </a>
    <region anchors="8417 8433" xml:id="logical-r46"/>
    <node xml:id="logical-n46">
        <link targets="logical-r46"/>
    </node>
    <a xml:id="logical-N66677" as="xces" label="turn" ref="logical-n46">
        <fs>
            <f name="who" value="Nathan Hole"/>
        </fs>
    </a>
    <region anchors="8449 8483" xml:id="logical-r47"/>
    <node xml:id="logical-n47">
        <link targets="logical-r47"/>
    </node>
    <a xml:id="logical-N66701" as="xces" label="turn" ref="logical-n47">
        <fs>
            <f name="who" value="interviewer"/>
        </fs>
    </a>
    <region anchors="8499 8506" xml:id="logical-r48"/>
    <node xml:id="logical-n48">
        <link targets="logical-r48"/>
    </node>
    <a xml:id="logical-N66725" as="xces" label="turn" ref="logical-n48">
        <fs>
            <f name="who" value="Nathan Hole"/>
        </fs>
    </a>
    <region anchors="8522 8551" xml:id="logical-r49"/>
    <node xml:id="logical-n49">
        <link targets="logical-r49"/>
    </node>
    <a xml:id="logical-N66749" as="xces" label="turn" ref="logical-n49">
        <fs>
            <f name="who" value="interviewer"/>
        </fs>
    </a>
    <region anchors="8567 8724" xml:id="logical-r50"/>
    <node xml:id="logical-n50">
        <link targets="logical-r50"/>
    </node>
    <a xml:id="logical-N66773" as="xces" label="turn" ref="logical-n50">
        <fs>
            <f name="who" value="Nathan Hole"/>
        </fs>
    </a>
    <region anchors="8740 8782" xml:id="logical-r51"/>
    <node xml:id="logical-n51">
        <link targets="logical-r51"/>
    </node>
    <a xml:id="logical-N66797" as="xces" label="turn" ref="logical-n51">
        <fs>
            <f name="who" value="interviewer"/>
        </fs>
    </a>
    <region anchors="8798 8982" xml:id="logical-r52"/>
    <node xml:id="logical-n52">
        <link targets="logical-r52"/>
    </node>
    <a xml:id="logical-N66821" as="xces" label="turn" ref="logical-n52">
        <fs>
            <f name="who" value="Nathan Hole"/>
        </fs>
    </a>
    <region anchors="8998 9084" xml:id="logical-r53"/>
    <node xml:id="logical-n53">
        <link targets="logical-r53"/>
    </node>
    <a xml:id="logical-N66845" as="xces" label="turn" ref="logical-n53">
        <fs>
            <f name="who" value="interviewer"/>
        </fs>
    </a>
    <region anchors="9100 9246" xml:id="logical-r54"/>
    <node xml:id="logical-n54">
        <link targets="logical-r54"/>
    </node>
    <a xml:id="logical-N66869" as="xces" label="turn" ref="logical-n54">
        <fs>
            <f name="who" value="Nathan Hole"/>
        </fs>
    </a>
    <region anchors="9262 9308" xml:id="logical-r55"/>
    <node xml:id="logical-n55">
        <link targets="logical-r55"/>
    </node>
    <a xml:id="logical-N66893" as="xces" label="turn" ref="logical-n55">
        <fs>
            <f name="who" value="interviewer"/>
        </fs>
    </a>
    <region anchors="9324 9539" xml:id="logical-r56"/>
    <node xml:id="logical-n56">
        <link targets="logical-r56"/>
    </node>
    <a xml:id="logical-N66917" as="xces" label="turn" ref="logical-n56">
        <fs>
            <f name="who" value="Nathan Hole"/>
        </fs>
    </a>
    <region anchors="9555 9613" xml:id="logical-r57"/>
    <node xml:id="logical-n57">
        <link targets="logical-r57"/>
    </node>
    <a xml:id="logical-N66941" as="xces" label="turn" ref="logical-n57">
        <fs>
            <f name="who" value="interviewer"/>
        </fs>
    </a>
    <region anchors="9629 10156" xml:id="logical-r58"/>
    <node xml:id="logical-n58">
        <link targets="logical-r58"/>
    </node>
    <a xml:id="logical-N66965" as="xces" label="turn" ref="logical-n58">
        <fs>
            <f name="who" value="Nathan Hole"/>
        </fs>
    </a>
    <region anchors="10172 10215" xml:id="logical-r59"/>
    <node xml:id="logical-n59">
        <link targets="logical-r59"/>
    </node>
    <a xml:id="logical-N66989" as="xces" label="turn" ref="logical-n59">
        <fs>
            <f name="who" value="interviewer"/>
        </fs>
    </a>
    <region anchors="10231 10549" xml:id="logical-r60"/>
    <node xml:id="logical-n60">
        <link targets="logical-r60"/>
    </node>
    <a xml:id="logical-N67013" as="xces" label="turn" ref="logical-n60">
        <fs>
            <f name="who" value="Nathan Hole"/>
        </fs>
    </a>
    <region anchors="10565 10579" xml:id="logical-r61"/>
    <node xml:id="logical-n61">
        <link targets="logical-r61"/>
    </node>
    <a xml:id="logical-N67037" as="xces" label="turn" ref="logical-n61">
        <fs>
            <f name="who" value="interviewer"/>
        </fs>
    </a>
    <region anchors="10595 10739" xml:id="logical-r62"/>
    <node xml:id="logical-n62">
        <link targets="logical-r62"/>
    </node>
    <a xml:id="logical-N67061" as="xces" label="turn" ref="logical-n62">
        <fs>
            <f name="who" value="Nathan Hole"/>
        </fs>
    </a>
    <region anchors="10755 10837" xml:id="logical-r63"/>
    <node xml:id="logical-n63">
        <link targets="logical-r63"/>
    </node>
    <a xml:id="logical-N67085" as="xces" label="turn" ref="logical-n63">
        <fs>
            <f name="who" value="interviewer"/>
        </fs>
    </a>
    <region anchors="10853 11048" xml:id="logical-r64"/>
    <node xml:id="logical-n64">
        <link targets="logical-r64"/>
    </node>
    <a xml:id="logical-N67109" as="xces" label="turn" ref="logical-n64">
        <fs>
            <f name="who" value="Nathan Hole"/>
        </fs>
    </a>
    <region anchors="11064 11170" xml:id="logical-r65"/>
    <node xml:id="logical-n65">
        <link targets="logical-r65"/>
    </node>
    <a xml:id="logical-N67133" as="xces" label="turn" ref="logical-n65">
        <fs>
            <f name="who" value="interviewer"/>
        </fs>
    </a>
    <region anchors="11186 11294" xml:id="logical-r66"/>
    <node xml:id="logical-n66">
        <link targets="logical-r66"/>
    </node>
    <a xml:id="logical-N67157" as="xces" label="turn" ref="logical-n66">
        <fs>
            <f name="who" value="Nathan Hole"/>
        </fs>
    </a>
    <region anchors="11310 11982" xml:id="logical-r67"/>
    <node xml:id="logical-n67">
        <link targets="logical-r67"/>
    </node>
    <a xml:id="logical-N67181" as="xces" label="turn" ref="logical-n67">
        <fs>
            <f name="who" value="Nathan Hole"/>
        </fs>
    </a>
    <region anchors="11998 12159" xml:id="logical-r68"/>
    <node xml:id="logical-n68">
        <link targets="logical-r68"/>
    </node>
    <a xml:id="logical-N67205" as="xces" label="turn" ref="logical-n68">
        <fs>
            <f name="who" value="interviewer"/>
        </fs>
    </a>
    <region anchors="12175 13551" xml:id="logical-r69"/>
    <node xml:id="logical-n69">
        <link targets="logical-r69"/>
    </node>
    <a xml:id="logical-N67229" as="xces" label="turn" ref="logical-n69">
        <fs>
            <f name="who" value="Nathan Hole"/>
        </fs>
    </a>
    <region anchors="13567 13725" xml:id="logical-r70"/>
    <node xml:id="logical-n70">
        <link targets="logical-r70"/>
    </node>
    <a xml:id="logical-N67253" as="xces" label="turn" ref="logical-n70">
        <fs>
            <f name="who" value="Nathan Hole"/>
        </fs>
    </a>
    <region anchors="13741 15055" xml:id="logical-r71"/>
    <node xml:id="logical-n71">
        <link targets="logical-r71"/>
    </node>
    <a xml:id="logical-N67277" as="xces" label="turn" ref="logical-n71">
        <fs>
            <f name="who" value="Nathan Hole"/>
        </fs>
    </a>
    <region anchors="15071 15092" xml:id="logical-r72"/>
    <node xml:id="logical-n72">
        <link targets="logical-r72"/>
    </node>
    <a xml:id="logical-N67301" as="xces" label="turn" ref="logical-n72">
        <fs>
            <f name="who" value="interviewer"/>
        </fs>
    </a>
    <region anchors="15108 17260" xml:id="logical-r73"/>
    <node xml:id="logical-n73">
        <link targets="logical-r73"/>
    </node>
    <a xml:id="logical-N67325" as="xces" label="turn" ref="logical-n73">
        <fs>
            <f name="who" value="Nathan Hole"/>
        </fs>
    </a>
    <region anchors="17276 17329" xml:id="logical-r74"/>
    <node xml:id="logical-n74">
        <link targets="logical-r74"/>
    </node>
    <a xml:id="logical-N67349" as="xces" label="turn" ref="logical-n74">
        <fs>
            <f name="who" value="Nathan Hole"/>
        </fs>
    </a>
    <region anchors="17345 17387" xml:id="logical-r75"/>
    <node xml:id="logical-n75">
        <link targets="logical-r75"/>
    </node>
    <a xml:id="logical-N67373" as="xces" label="turn" ref="logical-n75">
        <fs>
            <f name="who" value="Nathan Hole"/>
        </fs>
    </a>
    <region anchors="17403 17432" xml:id="logical-r76"/>
    <node xml:id="logical-n76">
        <link targets="logical-r76"/>
    </node>
    <a xml:id="logical-N67397" as="xces" label="turn" ref="logical-n76">
        <fs>
            <f name="who" value="interviewer"/>
        </fs>
    </a>
    <region anchors="17448 17528" xml:id="logical-r77"/>
    <node xml:id="logical-n77">
        <link targets="logical-r77"/>
    </node>
    <a xml:id="logical-N67421" as="xces" label="turn" ref="logical-n77">
        <fs>
            <f name="who" value="Nathan Hole"/>
        </fs>
    </a>
    <region anchors="17544 17584" xml:id="logical-r78"/>
    <node xml:id="logical-n78">
        <link targets="logical-r78"/>
    </node>
    <a xml:id="logical-N67445" as="xces" label="turn" ref="logical-n78">
        <fs>
            <f name="who" value="interviewer"/>
        </fs>
    </a>
    <region anchors="17600 20376" xml:id="logical-r79"/>
    <node xml:id="logical-n79">
        <link targets="logical-r79"/>
    </node>
    <a xml:id="logical-N67469" as="xces" label="turn" ref="logical-n79">
        <fs>
            <f name="who" value="Nathan Hole"/>
        </fs>
    </a>
    <region anchors="20392 20442" xml:id="logical-r80"/>
    <node xml:id="logical-n80">
        <link targets="logical-r80"/>
    </node>
    <a xml:id="logical-N67493" as="xces" label="turn" ref="logical-n80">
        <fs>
            <f name="who" value="interviewer"/>
        </fs>
    </a>
    <region anchors="20458 21153" xml:id="logical-r81"/>
    <node xml:id="logical-n81">
        <link targets="logical-r81"/>
    </node>
    <a xml:id="logical-N67517" as="xces" label="turn" ref="logical-n81">
        <fs>
            <f name="who" value="Nathan Hole"/>
        </fs>
    </a>
    <region anchors="21169 21263" xml:id="logical-r82"/>
    <node xml:id="logical-n82">
        <link targets="logical-r82"/>
    </node>
    <a xml:id="logical-N67541" as="xces" label="turn" ref="logical-n82">
        <fs>
            <f name="who" value="interviewer"/>
        </fs>
    </a>
    <region anchors="21279 21969" xml:id="logical-r83"/>
    <node xml:id="logical-n83">
        <link targets="logical-r83"/>
    </node>
    <a xml:id="logical-N67565" as="xces" label="turn" ref="logical-n83">
        <fs>
            <f name="who" value="Nathan Hole"/>
        </fs>
    </a>
    <region anchors="21985 22034" xml:id="logical-r84"/>
    <node xml:id="logical-n84">
        <link targets="logical-r84"/>
    </node>
    <a xml:id="logical-N67589" as="xces" label="turn" ref="logical-n84">
        <fs>
            <f name="who" value="interviewer"/>
        </fs>
    </a>
    <region anchors="22050 22156" xml:id="logical-r85"/>
    <node xml:id="logical-n85">
        <link targets="logical-r85"/>
    </node>
    <a xml:id="logical-N67613" as="xces" label="turn" ref="logical-n85">
        <fs>
            <f name="who" value="Nathan Hole"/>
        </fs>
    </a>
    <region anchors="22172 22208" xml:id="logical-r86"/>
    <node xml:id="logical-n86">
        <link targets="logical-r86"/>
    </node>
    <a xml:id="logical-N67637" as="xces" label="turn" ref="logical-n86">
        <fs>
            <f name="who" value="interviewer"/>
        </fs>
    </a>
    <region anchors="22224 22458" xml:id="logical-r87"/>
    <node xml:id="logical-n87">
        <link targets="logical-r87"/>
    </node>
    <a xml:id="logical-N67661" as="xces" label="turn" ref="logical-n87">
        <fs>
            <f name="who" value="Nathan Hole"/>
        </fs>
    </a>
    <region anchors="22474 22517" xml:id="logical-r88"/>
    <node xml:id="logical-n88">
        <link targets="logical-r88"/>
    </node>
    <a xml:id="logical-N67685" as="xces" label="turn" ref="logical-n88">
        <fs>
            <f name="who" value="interviewer"/>
        </fs>
    </a>
    <region anchors="22533 22560" xml:id="logical-r89"/>
    <node xml:id="logical-n89">
        <link targets="logical-r89"/>
    </node>
    <a xml:id="logical-N67709" as="xces" label="turn" ref="logical-n89">
        <fs>
            <f name="who" value="Nathan Hole"/>
        </fs>
    </a>
    <region anchors="22576 22587" xml:id="logical-r90"/>
    <node xml:id="logical-n90">
        <link targets="logical-r90"/>
    </node>
    <a xml:id="logical-N67733" as="xces" label="turn" ref="logical-n90">
        <fs>
            <f name="who" value="interviewer"/>
        </fs>
    </a>
    <region anchors="22603 22829" xml:id="logical-r91"/>
    <node xml:id="logical-n91">
        <link targets="logical-r91"/>
    </node>
    <a xml:id="logical-N67757" as="xces" label="turn" ref="logical-n91">
        <fs>
            <f name="who" value="Nathan Hole"/>
        </fs>
    </a>
    <region anchors="22845 22873" xml:id="logical-r92"/>
    <node xml:id="logical-n92">
        <link targets="logical-r92"/>
    </node>
    <a xml:id="logical-N67781" as="xces" label="turn" ref="logical-n92">
        <fs>
            <f name="who" value="interviewer"/>
        </fs>
    </a>
    <region anchors="22889 23195" xml:id="logical-r93"/>
    <node xml:id="logical-n93">
        <link targets="logical-r93"/>
    </node>
    <a xml:id="logical-N67805" as="xces" label="turn" ref="logical-n93">
        <fs>
            <f name="who" value="Nathan Hole"/>
        </fs>
    </a>
    <region anchors="23211 23239" xml:id="logical-r94"/>
    <node xml:id="logical-n94">
        <link targets="logical-r94"/>
    </node>
    <a xml:id="logical-N67829" as="xces" label="turn" ref="logical-n94">
        <fs>
            <f name="who" value="interviewer"/>
        </fs>
    </a>
    <region anchors="23255 23468" xml:id="logical-r95"/>
    <node xml:id="logical-n95">
        <link targets="logical-r95"/>
    </node>
    <a xml:id="logical-N67853" as="xces" label="turn" ref="logical-n95">
        <fs>
            <f name="who" value="Nathan Hole"/>
        </fs>
    </a>
</graph>