<?xml version="1.0" encoding="UTF-8"?><graph xmlns="http://www.xces.org/ns/GrAF/1.0/" xmlns:graf="http://www.xces.org/ns/GrAF/1.0/">
    <graphHeader>
        <labelsDecl>
            <labelUsage label="s" occurs="241"/>
        </labelsDecl>
        <annotationSpaces>
            <annotationSpace as.id="anc"/>
        </annotationSpaces>
    </graphHeader>
    <region anchors="83 130" xml:id="s-r0"/>
    <node xml:id="s-n0">
        <link targets="s-r0"/>
    </node>
    <a xml:id="s-N65569" as="anc" label="s" ref="s-n0"/>
    <region anchors="131 143" xml:id="s-r1"/>
    <node xml:id="s-n1">
        <link targets="s-r1"/>
    </node>
    <a xml:id="s-N65585" as="anc" label="s" ref="s-n1"/>
    <region anchors="159 183" xml:id="s-r2"/>
    <node xml:id="s-n2">
        <link targets="s-r2"/>
    </node>
    <a xml:id="s-N65601" as="anc" label="s" ref="s-n2"/>
    <region anchors="184 384" xml:id="s-r3"/>
    <node xml:id="s-n3">
        <link targets="s-r3"/>
    </node>
    <a xml:id="s-N65617" as="anc" label="s" ref="s-n3"/>
    <region anchors="400 427" xml:id="s-r4"/>
    <node xml:id="s-n4">
        <link targets="s-r4"/>
    </node>
    <a xml:id="s-N65633" as="anc" label="s" ref="s-n4"/>
    <region anchors="443 479" xml:id="s-r5"/>
    <node xml:id="s-n5">
        <link targets="s-r5"/>
    </node>
    <a xml:id="s-N65649" as="anc" label="s" ref="s-n5"/>
    <region anchors="495 517" xml:id="s-r6"/>
    <node xml:id="s-n6">
        <link targets="s-r6"/>
    </node>
    <a xml:id="s-N65665" as="anc" label="s" ref="s-n6"/>
    <region anchors="518 577" xml:id="s-r7"/>
    <node xml:id="s-n7">
        <link targets="s-r7"/>
    </node>
    <a xml:id="s-N65681" as="anc" label="s" ref="s-n7"/>
    <region anchors="593 749" xml:id="s-r8"/>
    <node xml:id="s-n8">
        <link targets="s-r8"/>
    </node>
    <a xml:id="s-N65697" as="anc" label="s" ref="s-n8"/>
    <region anchors="750 818" xml:id="s-r9"/>
    <node xml:id="s-n9">
        <link targets="s-r9"/>
    </node>
    <a xml:id="s-N65713" as="anc" label="s" ref="s-n9"/>
    <region anchors="834 893" xml:id="s-r10"/>
    <node xml:id="s-n10">
        <link targets="s-r10"/>
    </node>
    <a xml:id="s-N65729" as="anc" label="s" ref="s-n10"/>
    <region anchors="894 963" xml:id="s-r11"/>
    <node xml:id="s-n11">
        <link targets="s-r11"/>
    </node>
    <a xml:id="s-N65745" as="anc" label="s" ref="s-n11"/>
    <region anchors="964 1022" xml:id="s-r12"/>
    <node xml:id="s-n12">
        <link targets="s-r12"/>
    </node>
    <a xml:id="s-N65761" as="anc" label="s" ref="s-n12"/>
    <region anchors="1038 1190" xml:id="s-r13"/>
    <node xml:id="s-n13">
        <link targets="s-r13"/>
    </node>
    <a xml:id="s-N65777" as="anc" label="s" ref="s-n13"/>
    <region anchors="1206 1269" xml:id="s-r14"/>
    <node xml:id="s-n14">
        <link targets="s-r14"/>
    </node>
    <a xml:id="s-N65793" as="anc" label="s" ref="s-n14"/>
    <region anchors="1285 1310" xml:id="s-r15"/>
    <node xml:id="s-n15">
        <link targets="s-r15"/>
    </node>
    <a xml:id="s-N65809" as="anc" label="s" ref="s-n15"/>
    <region anchors="1311 1488" xml:id="s-r16"/>
    <node xml:id="s-n16">
        <link targets="s-r16"/>
    </node>
    <a xml:id="s-N65825" as="anc" label="s" ref="s-n16"/>
    <region anchors="1504 1555" xml:id="s-r17"/>
    <node xml:id="s-n17">
        <link targets="s-r17"/>
    </node>
    <a xml:id="s-N65841" as="anc" label="s" ref="s-n17"/>
    <region anchors="1571 1679" xml:id="s-r18"/>
    <node xml:id="s-n18">
        <link targets="s-r18"/>
    </node>
    <a xml:id="s-N65857" as="anc" label="s" ref="s-n18"/>
    <region anchors="1695 1734" xml:id="s-r19"/>
    <node xml:id="s-n19">
        <link targets="s-r19"/>
    </node>
    <a xml:id="s-N65873" as="anc" label="s" ref="s-n19"/>
    <region anchors="1735 1758" xml:id="s-r20"/>
    <node xml:id="s-n20">
        <link targets="s-r20"/>
    </node>
    <a xml:id="s-N65889" as="anc" label="s" ref="s-n20"/>
    <region anchors="1774 1891" xml:id="s-r21"/>
    <node xml:id="s-n21">
        <link targets="s-r21"/>
    </node>
    <a xml:id="s-N65905" as="anc" label="s" ref="s-n21"/>
    <region anchors="1892 2005" xml:id="s-r22"/>
    <node xml:id="s-n22">
        <link targets="s-r22"/>
    </node>
    <a xml:id="s-N65921" as="anc" label="s" ref="s-n22"/>
    <region anchors="2021 2156" xml:id="s-r23"/>
    <node xml:id="s-n23">
        <link targets="s-r23"/>
    </node>
    <a xml:id="s-N65937" as="anc" label="s" ref="s-n23"/>
    <region anchors="2172 2269" xml:id="s-r24"/>
    <node xml:id="s-n24">
        <link targets="s-r24"/>
    </node>
    <a xml:id="s-N65953" as="anc" label="s" ref="s-n24"/>
    <region anchors="2270 2352" xml:id="s-r25"/>
    <node xml:id="s-n25">
        <link targets="s-r25"/>
    </node>
    <a xml:id="s-N65969" as="anc" label="s" ref="s-n25"/>
    <region anchors="2368 2412" xml:id="s-r26"/>
    <node xml:id="s-n26">
        <link targets="s-r26"/>
    </node>
    <a xml:id="s-N65985" as="anc" label="s" ref="s-n26"/>
    <region anchors="2428 2442" xml:id="s-r27"/>
    <node xml:id="s-n27">
        <link targets="s-r27"/>
    </node>
    <a xml:id="s-N66001" as="anc" label="s" ref="s-n27"/>
    <region anchors="2443 2464" xml:id="s-r28"/>
    <node xml:id="s-n28">
        <link targets="s-r28"/>
    </node>
    <a xml:id="s-N66017" as="anc" label="s" ref="s-n28"/>
    <region anchors="2480 2492" xml:id="s-r29"/>
    <node xml:id="s-n29">
        <link targets="s-r29"/>
    </node>
    <a xml:id="s-N66033" as="anc" label="s" ref="s-n29"/>
    <region anchors="2508 2631" xml:id="s-r30"/>
    <node xml:id="s-n30">
        <link targets="s-r30"/>
    </node>
    <a xml:id="s-N66049" as="anc" label="s" ref="s-n30"/>
    <region anchors="2632 2731" xml:id="s-r31"/>
    <node xml:id="s-n31">
        <link targets="s-r31"/>
    </node>
    <a xml:id="s-N66065" as="anc" label="s" ref="s-n31"/>
    <region anchors="2732 3026" xml:id="s-r32"/>
    <node xml:id="s-n32">
        <link targets="s-r32"/>
    </node>
    <a xml:id="s-N66081" as="anc" label="s" ref="s-n32"/>
    <region anchors="3027 3114" xml:id="s-r33"/>
    <node xml:id="s-n33">
        <link targets="s-r33"/>
    </node>
    <a xml:id="s-N66097" as="anc" label="s" ref="s-n33"/>
    <region anchors="3115 3202" xml:id="s-r34"/>
    <node xml:id="s-n34">
        <link targets="s-r34"/>
    </node>
    <a xml:id="s-N66113" as="anc" label="s" ref="s-n34"/>
    <region anchors="3218 3264" xml:id="s-r35"/>
    <node xml:id="s-n35">
        <link targets="s-r35"/>
    </node>
    <a xml:id="s-N66129" as="anc" label="s" ref="s-n35"/>
    <region anchors="3265 3311" xml:id="s-r36"/>
    <node xml:id="s-n36">
        <link targets="s-r36"/>
    </node>
    <a xml:id="s-N66145" as="anc" label="s" ref="s-n36"/>
    <region anchors="3327 3344" xml:id="s-r37"/>
    <node xml:id="s-n37">
        <link targets="s-r37"/>
    </node>
    <a xml:id="s-N66161" as="anc" label="s" ref="s-n37"/>
    <region anchors="3345 3386" xml:id="s-r38"/>
    <node xml:id="s-n38">
        <link targets="s-r38"/>
    </node>
    <a xml:id="s-N66177" as="anc" label="s" ref="s-n38"/>
    <region anchors="3387 3467" xml:id="s-r39"/>
    <node xml:id="s-n39">
        <link targets="s-r39"/>
    </node>
    <a xml:id="s-N66193" as="anc" label="s" ref="s-n39"/>
    <region anchors="3483 3516" xml:id="s-r40"/>
    <node xml:id="s-n40">
        <link targets="s-r40"/>
    </node>
    <a xml:id="s-N66209" as="anc" label="s" ref="s-n40"/>
    <region anchors="3532 3584" xml:id="s-r41"/>
    <node xml:id="s-n41">
        <link targets="s-r41"/>
    </node>
    <a xml:id="s-N66225" as="anc" label="s" ref="s-n41"/>
    <region anchors="3585 3652" xml:id="s-r42"/>
    <node xml:id="s-n42">
        <link targets="s-r42"/>
    </node>
    <a xml:id="s-N66241" as="anc" label="s" ref="s-n42"/>
    <region anchors="3668 3702" xml:id="s-r43"/>
    <node xml:id="s-n43">
        <link targets="s-r43"/>
    </node>
    <a xml:id="s-N66257" as="anc" label="s" ref="s-n43"/>
    <region anchors="3718 3854" xml:id="s-r44"/>
    <node xml:id="s-n44">
        <link targets="s-r44"/>
    </node>
    <a xml:id="s-N66273" as="anc" label="s" ref="s-n44"/>
    <region anchors="3855 3963" xml:id="s-r45"/>
    <node xml:id="s-n45">
        <link targets="s-r45"/>
    </node>
    <a xml:id="s-N66289" as="anc" label="s" ref="s-n45"/>
    <region anchors="3964 4155" xml:id="s-r46"/>
    <node xml:id="s-n46">
        <link targets="s-r46"/>
    </node>
    <a xml:id="s-N66305" as="anc" label="s" ref="s-n46"/>
    <region anchors="4156 4250" xml:id="s-r47"/>
    <node xml:id="s-n47">
        <link targets="s-r47"/>
    </node>
    <a xml:id="s-N66321" as="anc" label="s" ref="s-n47"/>
    <region anchors="4251 4471" xml:id="s-r48"/>
    <node xml:id="s-n48">
        <link targets="s-r48"/>
    </node>
    <a xml:id="s-N66337" as="anc" label="s" ref="s-n48"/>
    <region anchors="4472 4601" xml:id="s-r49"/>
    <node xml:id="s-n49">
        <link targets="s-r49"/>
    </node>
    <a xml:id="s-N66353" as="anc" label="s" ref="s-n49"/>
    <region anchors="4602 4643" xml:id="s-r50"/>
    <node xml:id="s-n50">
        <link targets="s-r50"/>
    </node>
    <a xml:id="s-N66369" as="anc" label="s" ref="s-n50"/>
    <region anchors="4644 4734" xml:id="s-r51"/>
    <node xml:id="s-n51">
        <link targets="s-r51"/>
    </node>
    <a xml:id="s-N66385" as="anc" label="s" ref="s-n51"/>
    <region anchors="4735 4824" xml:id="s-r52"/>
    <node xml:id="s-n52">
        <link targets="s-r52"/>
    </node>
    <a xml:id="s-N66401" as="anc" label="s" ref="s-n52"/>
    <region anchors="4825 4906" xml:id="s-r53"/>
    <node xml:id="s-n53">
        <link targets="s-r53"/>
    </node>
    <a xml:id="s-N66417" as="anc" label="s" ref="s-n53"/>
    <region anchors="4907 5030" xml:id="s-r54"/>
    <node xml:id="s-n54">
        <link targets="s-r54"/>
    </node>
    <a xml:id="s-N66433" as="anc" label="s" ref="s-n54"/>
    <region anchors="5031 5143" xml:id="s-r55"/>
    <node xml:id="s-n55">
        <link targets="s-r55"/>
    </node>
    <a xml:id="s-N66449" as="anc" label="s" ref="s-n55"/>
    <region anchors="5144 5247" xml:id="s-r56"/>
    <node xml:id="s-n56">
        <link targets="s-r56"/>
    </node>
    <a xml:id="s-N66465" as="anc" label="s" ref="s-n56"/>
    <region anchors="5263 5324" xml:id="s-r57"/>
    <node xml:id="s-n57">
        <link targets="s-r57"/>
    </node>
    <a xml:id="s-N66481" as="anc" label="s" ref="s-n57"/>
    <region anchors="5340 5475" xml:id="s-r58"/>
    <node xml:id="s-n58">
        <link targets="s-r58"/>
    </node>
    <a xml:id="s-N66497" as="anc" label="s" ref="s-n58"/>
    <region anchors="5476 5641" xml:id="s-r59"/>
    <node xml:id="s-n59">
        <link targets="s-r59"/>
    </node>
    <a xml:id="s-N66513" as="anc" label="s" ref="s-n59"/>
    <region anchors="5642 5862" xml:id="s-r60"/>
    <node xml:id="s-n60">
        <link targets="s-r60"/>
    </node>
    <a xml:id="s-N66529" as="anc" label="s" ref="s-n60"/>
    <region anchors="5863 5959" xml:id="s-r61"/>
    <node xml:id="s-n61">
        <link targets="s-r61"/>
    </node>
    <a xml:id="s-N66545" as="anc" label="s" ref="s-n61"/>
    <region anchors="5960 6198" xml:id="s-r62"/>
    <node xml:id="s-n62">
        <link targets="s-r62"/>
    </node>
    <a xml:id="s-N66561" as="anc" label="s" ref="s-n62"/>
    <region anchors="6199 6421" xml:id="s-r63"/>
    <node xml:id="s-n63">
        <link targets="s-r63"/>
    </node>
    <a xml:id="s-N66577" as="anc" label="s" ref="s-n63"/>
    <region anchors="6422 6517" xml:id="s-r64"/>
    <node xml:id="s-n64">
        <link targets="s-r64"/>
    </node>
    <a xml:id="s-N66593" as="anc" label="s" ref="s-n64"/>
    <region anchors="6518 6606" xml:id="s-r65"/>
    <node xml:id="s-n65">
        <link targets="s-r65"/>
    </node>
    <a xml:id="s-N66609" as="anc" label="s" ref="s-n65"/>
    <region anchors="6622 6659" xml:id="s-r66"/>
    <node xml:id="s-n66">
        <link targets="s-r66"/>
    </node>
    <a xml:id="s-N66625" as="anc" label="s" ref="s-n66"/>
    <region anchors="6660 6674" xml:id="s-r67"/>
    <node xml:id="s-n67">
        <link targets="s-r67"/>
    </node>
    <a xml:id="s-N66641" as="anc" label="s" ref="s-n67"/>
    <region anchors="6675 6764" xml:id="s-r68"/>
    <node xml:id="s-n68">
        <link targets="s-r68"/>
    </node>
    <a xml:id="s-N66657" as="anc" label="s" ref="s-n68"/>
    <region anchors="6765 6785" xml:id="s-r69"/>
    <node xml:id="s-n69">
        <link targets="s-r69"/>
    </node>
    <a xml:id="s-N66673" as="anc" label="s" ref="s-n69"/>
    <region anchors="6801 6817" xml:id="s-r70"/>
    <node xml:id="s-n70">
        <link targets="s-r70"/>
    </node>
    <a xml:id="s-N66689" as="anc" label="s" ref="s-n70"/>
    <region anchors="6818 6899" xml:id="s-r71"/>
    <node xml:id="s-n71">
        <link targets="s-r71"/>
    </node>
    <a xml:id="s-N66705" as="anc" label="s" ref="s-n71"/>
    <region anchors="6900 6937" xml:id="s-r72"/>
    <node xml:id="s-n72">
        <link targets="s-r72"/>
    </node>
    <a xml:id="s-N66721" as="anc" label="s" ref="s-n72"/>
    <region anchors="6938 6991" xml:id="s-r73"/>
    <node xml:id="s-n73">
        <link targets="s-r73"/>
    </node>
    <a xml:id="s-N66737" as="anc" label="s" ref="s-n73"/>
    <region anchors="6992 7030" xml:id="s-r74"/>
    <node xml:id="s-n74">
        <link targets="s-r74"/>
    </node>
    <a xml:id="s-N66753" as="anc" label="s" ref="s-n74"/>
    <region anchors="7031 7134" xml:id="s-r75"/>
    <node xml:id="s-n75">
        <link targets="s-r75"/>
    </node>
    <a xml:id="s-N66769" as="anc" label="s" ref="s-n75"/>
    <region anchors="7150 7187" xml:id="s-r76"/>
    <node xml:id="s-n76">
        <link targets="s-r76"/>
    </node>
    <a xml:id="s-N66785" as="anc" label="s" ref="s-n76"/>
    <region anchors="7203 7290" xml:id="s-r77"/>
    <node xml:id="s-n77">
        <link targets="s-r77"/>
    </node>
    <a xml:id="s-N66801" as="anc" label="s" ref="s-n77"/>
    <region anchors="7291 7344" xml:id="s-r78"/>
    <node xml:id="s-n78">
        <link targets="s-r78"/>
    </node>
    <a xml:id="s-N66817" as="anc" label="s" ref="s-n78"/>
    <region anchors="7345 7415" xml:id="s-r79"/>
    <node xml:id="s-n79">
        <link targets="s-r79"/>
    </node>
    <a xml:id="s-N66833" as="anc" label="s" ref="s-n79"/>
    <region anchors="7432 7467" xml:id="s-r80"/>
    <node xml:id="s-n80">
        <link targets="s-r80"/>
    </node>
    <a xml:id="s-N66849" as="anc" label="s" ref="s-n80"/>
    <region anchors="7468 7521" xml:id="s-r81"/>
    <node xml:id="s-n81">
        <link targets="s-r81"/>
    </node>
    <a xml:id="s-N66865" as="anc" label="s" ref="s-n81"/>
    <region anchors="7537 7622" xml:id="s-r82"/>
    <node xml:id="s-n82">
        <link targets="s-r82"/>
    </node>
    <a xml:id="s-N66881" as="anc" label="s" ref="s-n82"/>
    <region anchors="7623 7688" xml:id="s-r83"/>
    <node xml:id="s-n83">
        <link targets="s-r83"/>
    </node>
    <a xml:id="s-N66897" as="anc" label="s" ref="s-n83"/>
    <region anchors="7704 7716" xml:id="s-r84"/>
    <node xml:id="s-n84">
        <link targets="s-r84"/>
    </node>
    <a xml:id="s-N66913" as="anc" label="s" ref="s-n84"/>
    <region anchors="7732 7774" xml:id="s-r85"/>
    <node xml:id="s-n85">
        <link targets="s-r85"/>
    </node>
    <a xml:id="s-N66929" as="anc" label="s" ref="s-n85"/>
    <region anchors="7790 7825" xml:id="s-r86"/>
    <node xml:id="s-n86">
        <link targets="s-r86"/>
    </node>
    <a xml:id="s-N66945" as="anc" label="s" ref="s-n86"/>
    <region anchors="7841 7880" xml:id="s-r87"/>
    <node xml:id="s-n87">
        <link targets="s-r87"/>
    </node>
    <a xml:id="s-N66961" as="anc" label="s" ref="s-n87"/>
    <region anchors="7881 7971" xml:id="s-r88"/>
    <node xml:id="s-n88">
        <link targets="s-r88"/>
    </node>
    <a xml:id="s-N66977" as="anc" label="s" ref="s-n88"/>
    <region anchors="7987 8044" xml:id="s-r89"/>
    <node xml:id="s-n89">
        <link targets="s-r89"/>
    </node>
    <a xml:id="s-N66993" as="anc" label="s" ref="s-n89"/>
    <region anchors="8060 8161" xml:id="s-r90"/>
    <node xml:id="s-n90">
        <link targets="s-r90"/>
    </node>
    <a xml:id="s-N67009" as="anc" label="s" ref="s-n90"/>
    <region anchors="8162 8201" xml:id="s-r91"/>
    <node xml:id="s-n91">
        <link targets="s-r91"/>
    </node>
    <a xml:id="s-N67025" as="anc" label="s" ref="s-n91"/>
    <region anchors="8217 8255" xml:id="s-r92"/>
    <node xml:id="s-n92">
        <link targets="s-r92"/>
    </node>
    <a xml:id="s-N67041" as="anc" label="s" ref="s-n92"/>
    <region anchors="8271 8401" xml:id="s-r93"/>
    <node xml:id="s-n93">
        <link targets="s-r93"/>
    </node>
    <a xml:id="s-N67057" as="anc" label="s" ref="s-n93"/>
    <region anchors="8417 8433" xml:id="s-r94"/>
    <node xml:id="s-n94">
        <link targets="s-r94"/>
    </node>
    <a xml:id="s-N67073" as="anc" label="s" ref="s-n94"/>
    <region anchors="8449 8483" xml:id="s-r95"/>
    <node xml:id="s-n95">
        <link targets="s-r95"/>
    </node>
    <a xml:id="s-N67089" as="anc" label="s" ref="s-n95"/>
    <region anchors="8499 8506" xml:id="s-r96"/>
    <node xml:id="s-n96">
        <link targets="s-r96"/>
    </node>
    <a xml:id="s-N67105" as="anc" label="s" ref="s-n96"/>
    <region anchors="8522 8551" xml:id="s-r97"/>
    <node xml:id="s-n97">
        <link targets="s-r97"/>
    </node>
    <a xml:id="s-N67121" as="anc" label="s" ref="s-n97"/>
    <region anchors="8567 8606" xml:id="s-r98"/>
    <node xml:id="s-n98">
        <link targets="s-r98"/>
    </node>
    <a xml:id="s-N67137" as="anc" label="s" ref="s-n98"/>
    <region anchors="8607 8662" xml:id="s-r99"/>
    <node xml:id="s-n99">
        <link targets="s-r99"/>
    </node>
    <a xml:id="s-N67153" as="anc" label="s" ref="s-n99"/>
    <region anchors="8663 8690" xml:id="s-r100"/>
    <node xml:id="s-n100">
        <link targets="s-r100"/>
    </node>
    <a xml:id="s-N67169" as="anc" label="s" ref="s-n100"/>
    <region anchors="8691 8724" xml:id="s-r101"/>
    <node xml:id="s-n101">
        <link targets="s-r101"/>
    </node>
    <a xml:id="s-N67185" as="anc" label="s" ref="s-n101"/>
    <region anchors="8740 8782" xml:id="s-r102"/>
    <node xml:id="s-n102">
        <link targets="s-r102"/>
    </node>
    <a xml:id="s-N67201" as="anc" label="s" ref="s-n102"/>
    <region anchors="8798 8828" xml:id="s-r103"/>
    <node xml:id="s-n103">
        <link targets="s-r103"/>
    </node>
    <a xml:id="s-N67217" as="anc" label="s" ref="s-n103"/>
    <region anchors="8829 8882" xml:id="s-r104"/>
    <node xml:id="s-n104">
        <link targets="s-r104"/>
    </node>
    <a xml:id="s-N67233" as="anc" label="s" ref="s-n104"/>
    <region anchors="8883 8907" xml:id="s-r105"/>
    <node xml:id="s-n105">
        <link targets="s-r105"/>
    </node>
    <a xml:id="s-N67249" as="anc" label="s" ref="s-n105"/>
    <region anchors="8908 8928" xml:id="s-r106"/>
    <node xml:id="s-n106">
        <link targets="s-r106"/>
    </node>
    <a xml:id="s-N67265" as="anc" label="s" ref="s-n106"/>
    <region anchors="8929 8982" xml:id="s-r107"/>
    <node xml:id="s-n107">
        <link targets="s-r107"/>
    </node>
    <a xml:id="s-N67281" as="anc" label="s" ref="s-n107"/>
    <region anchors="8998 9033" xml:id="s-r108"/>
    <node xml:id="s-n108">
        <link targets="s-r108"/>
    </node>
    <a xml:id="s-N67297" as="anc" label="s" ref="s-n108"/>
    <region anchors="9034 9084" xml:id="s-r109"/>
    <node xml:id="s-n109">
        <link targets="s-r109"/>
    </node>
    <a xml:id="s-N67313" as="anc" label="s" ref="s-n109"/>
    <region anchors="9100 9158" xml:id="s-r110"/>
    <node xml:id="s-n110">
        <link targets="s-r110"/>
    </node>
    <a xml:id="s-N67329" as="anc" label="s" ref="s-n110"/>
    <region anchors="9159 9246" xml:id="s-r111"/>
    <node xml:id="s-n111">
        <link targets="s-r111"/>
    </node>
    <a xml:id="s-N67345" as="anc" label="s" ref="s-n111"/>
    <region anchors="9262 9308" xml:id="s-r112"/>
    <node xml:id="s-n112">
        <link targets="s-r112"/>
    </node>
    <a xml:id="s-N67361" as="anc" label="s" ref="s-n112"/>
    <region anchors="9324 9432" xml:id="s-r113"/>
    <node xml:id="s-n113">
        <link targets="s-r113"/>
    </node>
    <a xml:id="s-N67377" as="anc" label="s" ref="s-n113"/>
    <region anchors="9433 9539" xml:id="s-r114"/>
    <node xml:id="s-n114">
        <link targets="s-r114"/>
    </node>
    <a xml:id="s-N67393" as="anc" label="s" ref="s-n114"/>
    <region anchors="9555 9613" xml:id="s-r115"/>
    <node xml:id="s-n115">
        <link targets="s-r115"/>
    </node>
    <a xml:id="s-N67409" as="anc" label="s" ref="s-n115"/>
    <region anchors="9629 9666" xml:id="s-r116"/>
    <node xml:id="s-n116">
        <link targets="s-r116"/>
    </node>
    <a xml:id="s-N67425" as="anc" label="s" ref="s-n116"/>
    <region anchors="9667 9742" xml:id="s-r117"/>
    <node xml:id="s-n117">
        <link targets="s-r117"/>
    </node>
    <a xml:id="s-N67441" as="anc" label="s" ref="s-n117"/>
    <region anchors="9743 9837" xml:id="s-r118"/>
    <node xml:id="s-n118">
        <link targets="s-r118"/>
    </node>
    <a xml:id="s-N67457" as="anc" label="s" ref="s-n118"/>
    <region anchors="9838 9943" xml:id="s-r119"/>
    <node xml:id="s-n119">
        <link targets="s-r119"/>
    </node>
    <a xml:id="s-N67473" as="anc" label="s" ref="s-n119"/>
    <region anchors="9944 10055" xml:id="s-r120"/>
    <node xml:id="s-n120">
        <link targets="s-r120"/>
    </node>
    <a xml:id="s-N67489" as="anc" label="s" ref="s-n120"/>
    <region anchors="10056 10112" xml:id="s-r121"/>
    <node xml:id="s-n121">
        <link targets="s-r121"/>
    </node>
    <a xml:id="s-N67505" as="anc" label="s" ref="s-n121"/>
    <region anchors="10113 10156" xml:id="s-r122"/>
    <node xml:id="s-n122">
        <link targets="s-r122"/>
    </node>
    <a xml:id="s-N67521" as="anc" label="s" ref="s-n122"/>
    <region anchors="10172 10198" xml:id="s-r123"/>
    <node xml:id="s-n123">
        <link targets="s-r123"/>
    </node>
    <a xml:id="s-N67537" as="anc" label="s" ref="s-n123"/>
    <region anchors="10231 10325" xml:id="s-r124"/>
    <node xml:id="s-n124">
        <link targets="s-r124"/>
    </node>
    <a xml:id="s-N67553" as="anc" label="s" ref="s-n124"/>
    <region anchors="10326 10438" xml:id="s-r125"/>
    <node xml:id="s-n125">
        <link targets="s-r125"/>
    </node>
    <a xml:id="s-N67569" as="anc" label="s" ref="s-n125"/>
    <region anchors="10439 10549" xml:id="s-r126"/>
    <node xml:id="s-n126">
        <link targets="s-r126"/>
    </node>
    <a xml:id="s-N67585" as="anc" label="s" ref="s-n126"/>
    <region anchors="10565 10579" xml:id="s-r127"/>
    <node xml:id="s-n127">
        <link targets="s-r127"/>
    </node>
    <a xml:id="s-N67601" as="anc" label="s" ref="s-n127"/>
    <region anchors="10595 10643" xml:id="s-r128"/>
    <node xml:id="s-n128">
        <link targets="s-r128"/>
    </node>
    <a xml:id="s-N67617" as="anc" label="s" ref="s-n128"/>
    <region anchors="10644 10739" xml:id="s-r129"/>
    <node xml:id="s-n129">
        <link targets="s-r129"/>
    </node>
    <a xml:id="s-N67633" as="anc" label="s" ref="s-n129"/>
    <region anchors="10755 10837" xml:id="s-r130"/>
    <node xml:id="s-n130">
        <link targets="s-r130"/>
    </node>
    <a xml:id="s-N67649" as="anc" label="s" ref="s-n130"/>
    <region anchors="10853 10955" xml:id="s-r131"/>
    <node xml:id="s-n131">
        <link targets="s-r131"/>
    </node>
    <a xml:id="s-N67665" as="anc" label="s" ref="s-n131"/>
    <region anchors="10956 11048" xml:id="s-r132"/>
    <node xml:id="s-n132">
        <link targets="s-r132"/>
    </node>
    <a xml:id="s-N67681" as="anc" label="s" ref="s-n132"/>
    <region anchors="11064 11076" xml:id="s-r133"/>
    <node xml:id="s-n133">
        <link targets="s-r133"/>
    </node>
    <a xml:id="s-N67697" as="anc" label="s" ref="s-n133"/>
    <region anchors="11077 11170" xml:id="s-r134"/>
    <node xml:id="s-n134">
        <link targets="s-r134"/>
    </node>
    <a xml:id="s-N67713" as="anc" label="s" ref="s-n134"/>
    <region anchors="11186 11294" xml:id="s-r135"/>
    <node xml:id="s-n135">
        <link targets="s-r135"/>
    </node>
    <a xml:id="s-N67729" as="anc" label="s" ref="s-n135"/>
    <region anchors="11310 11416" xml:id="s-r136"/>
    <node xml:id="s-n136">
        <link targets="s-r136"/>
    </node>
    <a xml:id="s-N67745" as="anc" label="s" ref="s-n136"/>
    <region anchors="11417 11557" xml:id="s-r137"/>
    <node xml:id="s-n137">
        <link targets="s-r137"/>
    </node>
    <a xml:id="s-N67761" as="anc" label="s" ref="s-n137"/>
    <region anchors="11558 11796" xml:id="s-r138"/>
    <node xml:id="s-n138">
        <link targets="s-r138"/>
    </node>
    <a xml:id="s-N67777" as="anc" label="s" ref="s-n138"/>
    <region anchors="11797 11982" xml:id="s-r139"/>
    <node xml:id="s-n139">
        <link targets="s-r139"/>
    </node>
    <a xml:id="s-N67793" as="anc" label="s" ref="s-n139"/>
    <region anchors="11998 12159" xml:id="s-r140"/>
    <node xml:id="s-n140">
        <link targets="s-r140"/>
    </node>
    <a xml:id="s-N67809" as="anc" label="s" ref="s-n140"/>
    <region anchors="12175 12304" xml:id="s-r141"/>
    <node xml:id="s-n141">
        <link targets="s-r141"/>
    </node>
    <a xml:id="s-N67825" as="anc" label="s" ref="s-n141"/>
    <region anchors="12305 12422" xml:id="s-r142"/>
    <node xml:id="s-n142">
        <link targets="s-r142"/>
    </node>
    <a xml:id="s-N67841" as="anc" label="s" ref="s-n142"/>
    <region anchors="12423 12581" xml:id="s-r143"/>
    <node xml:id="s-n143">
        <link targets="s-r143"/>
    </node>
    <a xml:id="s-N67857" as="anc" label="s" ref="s-n143"/>
    <region anchors="12582 12757" xml:id="s-r144"/>
    <node xml:id="s-n144">
        <link targets="s-r144"/>
    </node>
    <a xml:id="s-N67873" as="anc" label="s" ref="s-n144"/>
    <region anchors="12758 12913" xml:id="s-r145"/>
    <node xml:id="s-n145">
        <link targets="s-r145"/>
    </node>
    <a xml:id="s-N67889" as="anc" label="s" ref="s-n145"/>
    <region anchors="12914 13060" xml:id="s-r146"/>
    <node xml:id="s-n146">
        <link targets="s-r146"/>
    </node>
    <a xml:id="s-N67905" as="anc" label="s" ref="s-n146"/>
    <region anchors="13061 13182" xml:id="s-r147"/>
    <node xml:id="s-n147">
        <link targets="s-r147"/>
    </node>
    <a xml:id="s-N67921" as="anc" label="s" ref="s-n147"/>
    <region anchors="13183 13253" xml:id="s-r148"/>
    <node xml:id="s-n148">
        <link targets="s-r148"/>
    </node>
    <a xml:id="s-N67937" as="anc" label="s" ref="s-n148"/>
    <region anchors="13254 13407" xml:id="s-r149"/>
    <node xml:id="s-n149">
        <link targets="s-r149"/>
    </node>
    <a xml:id="s-N67953" as="anc" label="s" ref="s-n149"/>
    <region anchors="13408 13456" xml:id="s-r150"/>
    <node xml:id="s-n150">
        <link targets="s-r150"/>
    </node>
    <a xml:id="s-N67969" as="anc" label="s" ref="s-n150"/>
    <region anchors="13457 13551" xml:id="s-r151"/>
    <node xml:id="s-n151">
        <link targets="s-r151"/>
    </node>
    <a xml:id="s-N67985" as="anc" label="s" ref="s-n151"/>
    <region anchors="13567 13688" xml:id="s-r152"/>
    <node xml:id="s-n152">
        <link targets="s-r152"/>
    </node>
    <a xml:id="s-N68001" as="anc" label="s" ref="s-n152"/>
    <region anchors="13689 13725" xml:id="s-r153"/>
    <node xml:id="s-n153">
        <link targets="s-r153"/>
    </node>
    <a xml:id="s-N68017" as="anc" label="s" ref="s-n153"/>
    <region anchors="13741 13860" xml:id="s-r154"/>
    <node xml:id="s-n154">
        <link targets="s-r154"/>
    </node>
    <a xml:id="s-N68033" as="anc" label="s" ref="s-n154"/>
    <region anchors="13862 13960" xml:id="s-r155"/>
    <node xml:id="s-n155">
        <link targets="s-r155"/>
    </node>
    <a xml:id="s-N68049" as="anc" label="s" ref="s-n155"/>
    <region anchors="13961 14036" xml:id="s-r156"/>
    <node xml:id="s-n156">
        <link targets="s-r156"/>
    </node>
    <a xml:id="s-N68065" as="anc" label="s" ref="s-n156"/>
    <region anchors="14037 14178" xml:id="s-r157"/>
    <node xml:id="s-n157">
        <link targets="s-r157"/>
    </node>
    <a xml:id="s-N68081" as="anc" label="s" ref="s-n157"/>
    <region anchors="14179 14250" xml:id="s-r158"/>
    <node xml:id="s-n158">
        <link targets="s-r158"/>
    </node>
    <a xml:id="s-N68097" as="anc" label="s" ref="s-n158"/>
    <region anchors="14251 14360" xml:id="s-r159"/>
    <node xml:id="s-n159">
        <link targets="s-r159"/>
    </node>
    <a xml:id="s-N68113" as="anc" label="s" ref="s-n159"/>
    <region anchors="14361 14428" xml:id="s-r160"/>
    <node xml:id="s-n160">
        <link targets="s-r160"/>
    </node>
    <a xml:id="s-N68129" as="anc" label="s" ref="s-n160"/>
    <region anchors="14430 14522" xml:id="s-r161"/>
    <node xml:id="s-n161">
        <link targets="s-r161"/>
    </node>
    <a xml:id="s-N68145" as="anc" label="s" ref="s-n161"/>
    <region anchors="14523 14685" xml:id="s-r162"/>
    <node xml:id="s-n162">
        <link targets="s-r162"/>
    </node>
    <a xml:id="s-N68161" as="anc" label="s" ref="s-n162"/>
    <region anchors="14686 14965" xml:id="s-r163"/>
    <node xml:id="s-n163">
        <link targets="s-r163"/>
    </node>
    <a xml:id="s-N68177" as="anc" label="s" ref="s-n163"/>
    <region anchors="14966 15055" xml:id="s-r164"/>
    <node xml:id="s-n164">
        <link targets="s-r164"/>
    </node>
    <a xml:id="s-N68193" as="anc" label="s" ref="s-n164"/>
    <region anchors="15071 15092" xml:id="s-r165"/>
    <node xml:id="s-n165">
        <link targets="s-r165"/>
    </node>
    <a xml:id="s-N68209" as="anc" label="s" ref="s-n165"/>
    <region anchors="15108 15232" xml:id="s-r166"/>
    <node xml:id="s-n166">
        <link targets="s-r166"/>
    </node>
    <a xml:id="s-N68225" as="anc" label="s" ref="s-n166"/>
    <region anchors="15233 15385" xml:id="s-r167"/>
    <node xml:id="s-n167">
        <link targets="s-r167"/>
    </node>
    <a xml:id="s-N68241" as="anc" label="s" ref="s-n167"/>
    <region anchors="15386 15432" xml:id="s-r168"/>
    <node xml:id="s-n168">
        <link targets="s-r168"/>
    </node>
    <a xml:id="s-N68257" as="anc" label="s" ref="s-n168"/>
    <region anchors="15433 15542" xml:id="s-r169"/>
    <node xml:id="s-n169">
        <link targets="s-r169"/>
    </node>
    <a xml:id="s-N68273" as="anc" label="s" ref="s-n169"/>
    <region anchors="15543 15648" xml:id="s-r170"/>
    <node xml:id="s-n170">
        <link targets="s-r170"/>
    </node>
    <a xml:id="s-N68289" as="anc" label="s" ref="s-n170"/>
    <region anchors="15649 15845" xml:id="s-r171"/>
    <node xml:id="s-n171">
        <link targets="s-r171"/>
    </node>
    <a xml:id="s-N68305" as="anc" label="s" ref="s-n171"/>
    <region anchors="15846 15924" xml:id="s-r172"/>
    <node xml:id="s-n172">
        <link targets="s-r172"/>
    </node>
    <a xml:id="s-N68321" as="anc" label="s" ref="s-n172"/>
    <region anchors="15925 16106" xml:id="s-r173"/>
    <node xml:id="s-n173">
        <link targets="s-r173"/>
    </node>
    <a xml:id="s-N68337" as="anc" label="s" ref="s-n173"/>
    <region anchors="16107 16209" xml:id="s-r174"/>
    <node xml:id="s-n174">
        <link targets="s-r174"/>
    </node>
    <a xml:id="s-N68353" as="anc" label="s" ref="s-n174"/>
    <region anchors="16210 16369" xml:id="s-r175"/>
    <node xml:id="s-n175">
        <link targets="s-r175"/>
    </node>
    <a xml:id="s-N68369" as="anc" label="s" ref="s-n175"/>
    <region anchors="16370 16472" xml:id="s-r176"/>
    <node xml:id="s-n176">
        <link targets="s-r176"/>
    </node>
    <a xml:id="s-N68385" as="anc" label="s" ref="s-n176"/>
    <region anchors="16473 16613" xml:id="s-r177"/>
    <node xml:id="s-n177">
        <link targets="s-r177"/>
    </node>
    <a xml:id="s-N68401" as="anc" label="s" ref="s-n177"/>
    <region anchors="16614 16738" xml:id="s-r178"/>
    <node xml:id="s-n178">
        <link targets="s-r178"/>
    </node>
    <a xml:id="s-N68417" as="anc" label="s" ref="s-n178"/>
    <region anchors="16739 16805" xml:id="s-r179"/>
    <node xml:id="s-n179">
        <link targets="s-r179"/>
    </node>
    <a xml:id="s-N68433" as="anc" label="s" ref="s-n179"/>
    <region anchors="16806 16920" xml:id="s-r180"/>
    <node xml:id="s-n180">
        <link targets="s-r180"/>
    </node>
    <a xml:id="s-N68449" as="anc" label="s" ref="s-n180"/>
    <region anchors="16921 17003" xml:id="s-r181"/>
    <node xml:id="s-n181">
        <link targets="s-r181"/>
    </node>
    <a xml:id="s-N68465" as="anc" label="s" ref="s-n181"/>
    <region anchors="17004 17064" xml:id="s-r182"/>
    <node xml:id="s-n182">
        <link targets="s-r182"/>
    </node>
    <a xml:id="s-N68481" as="anc" label="s" ref="s-n182"/>
    <region anchors="17065 17260" xml:id="s-r183"/>
    <node xml:id="s-n183">
        <link targets="s-r183"/>
    </node>
    <a xml:id="s-N68497" as="anc" label="s" ref="s-n183"/>
    <region anchors="17276 17329" xml:id="s-r184"/>
    <node xml:id="s-n184">
        <link targets="s-r184"/>
    </node>
    <a xml:id="s-N68513" as="anc" label="s" ref="s-n184"/>
    <region anchors="17345 17387" xml:id="s-r185"/>
    <node xml:id="s-n185">
        <link targets="s-r185"/>
    </node>
    <a xml:id="s-N68529" as="anc" label="s" ref="s-n185"/>
    <region anchors="17403 17432" xml:id="s-r186"/>
    <node xml:id="s-n186">
        <link targets="s-r186"/>
    </node>
    <a xml:id="s-N68545" as="anc" label="s" ref="s-n186"/>
    <region anchors="17448 17528" xml:id="s-r187"/>
    <node xml:id="s-n187">
        <link targets="s-r187"/>
    </node>
    <a xml:id="s-N68561" as="anc" label="s" ref="s-n187"/>
    <region anchors="17544 17584" xml:id="s-r188"/>
    <node xml:id="s-n188">
        <link targets="s-r188"/>
    </node>
    <a xml:id="s-N68577" as="anc" label="s" ref="s-n188"/>
    <region anchors="17600 17647" xml:id="s-r189"/>
    <node xml:id="s-n189">
        <link targets="s-r189"/>
    </node>
    <a xml:id="s-N68593" as="anc" label="s" ref="s-n189"/>
    <region anchors="17648 17742" xml:id="s-r190"/>
    <node xml:id="s-n190">
        <link targets="s-r190"/>
    </node>
    <a xml:id="s-N68609" as="anc" label="s" ref="s-n190"/>
    <region anchors="17745 17837" xml:id="s-r191"/>
    <node xml:id="s-n191">
        <link targets="s-r191"/>
    </node>
    <a xml:id="s-N68625" as="anc" label="s" ref="s-n191"/>
    <region anchors="17838 17932" xml:id="s-r192"/>
    <node xml:id="s-n192">
        <link targets="s-r192"/>
    </node>
    <a xml:id="s-N68641" as="anc" label="s" ref="s-n192"/>
    <region anchors="17933 18049" xml:id="s-r193"/>
    <node xml:id="s-n193">
        <link targets="s-r193"/>
    </node>
    <a xml:id="s-N68657" as="anc" label="s" ref="s-n193"/>
    <region anchors="18050 18202" xml:id="s-r194"/>
    <node xml:id="s-n194">
        <link targets="s-r194"/>
    </node>
    <a xml:id="s-N68673" as="anc" label="s" ref="s-n194"/>
    <region anchors="18203 18329" xml:id="s-r195"/>
    <node xml:id="s-n195">
        <link targets="s-r195"/>
    </node>
    <a xml:id="s-N68689" as="anc" label="s" ref="s-n195"/>
    <region anchors="18330 18504" xml:id="s-r196"/>
    <node xml:id="s-n196">
        <link targets="s-r196"/>
    </node>
    <a xml:id="s-N68705" as="anc" label="s" ref="s-n196"/>
    <region anchors="18505 18671" xml:id="s-r197"/>
    <node xml:id="s-n197">
        <link targets="s-r197"/>
    </node>
    <a xml:id="s-N68721" as="anc" label="s" ref="s-n197"/>
    <region anchors="18672 18790" xml:id="s-r198"/>
    <node xml:id="s-n198">
        <link targets="s-r198"/>
    </node>
    <a xml:id="s-N68737" as="anc" label="s" ref="s-n198"/>
    <region anchors="18791 18932" xml:id="s-r199"/>
    <node xml:id="s-n199">
        <link targets="s-r199"/>
    </node>
    <a xml:id="s-N68753" as="anc" label="s" ref="s-n199"/>
    <region anchors="18933 19033" xml:id="s-r200"/>
    <node xml:id="s-n200">
        <link targets="s-r200"/>
    </node>
    <a xml:id="s-N68769" as="anc" label="s" ref="s-n200"/>
    <region anchors="19034 19156" xml:id="s-r201"/>
    <node xml:id="s-n201">
        <link targets="s-r201"/>
    </node>
    <a xml:id="s-N68785" as="anc" label="s" ref="s-n201"/>
    <region anchors="19157 19207" xml:id="s-r202"/>
    <node xml:id="s-n202">
        <link targets="s-r202"/>
    </node>
    <a xml:id="s-N68801" as="anc" label="s" ref="s-n202"/>
    <region anchors="19208 19320" xml:id="s-r203"/>
    <node xml:id="s-n203">
        <link targets="s-r203"/>
    </node>
    <a xml:id="s-N68817" as="anc" label="s" ref="s-n203"/>
    <region anchors="19337 19444" xml:id="s-r204"/>
    <node xml:id="s-n204">
        <link targets="s-r204"/>
    </node>
    <a xml:id="s-N68833" as="anc" label="s" ref="s-n204"/>
    <region anchors="19445 19516" xml:id="s-r205"/>
    <node xml:id="s-n205">
        <link targets="s-r205"/>
    </node>
    <a xml:id="s-N68849" as="anc" label="s" ref="s-n205"/>
    <region anchors="19517 19609" xml:id="s-r206"/>
    <node xml:id="s-n206">
        <link targets="s-r206"/>
    </node>
    <a xml:id="s-N68865" as="anc" label="s" ref="s-n206"/>
    <region anchors="19610 19845" xml:id="s-r207"/>
    <node xml:id="s-n207">
        <link targets="s-r207"/>
    </node>
    <a xml:id="s-N68881" as="anc" label="s" ref="s-n207"/>
    <region anchors="19846 19905" xml:id="s-r208"/>
    <node xml:id="s-n208">
        <link targets="s-r208"/>
    </node>
    <a xml:id="s-N68897" as="anc" label="s" ref="s-n208"/>
    <region anchors="19906 20009" xml:id="s-r209"/>
    <node xml:id="s-n209">
        <link targets="s-r209"/>
    </node>
    <a xml:id="s-N68913" as="anc" label="s" ref="s-n209"/>
    <region anchors="20010 20179" xml:id="s-r210"/>
    <node xml:id="s-n210">
        <link targets="s-r210"/>
    </node>
    <a xml:id="s-N68929" as="anc" label="s" ref="s-n210"/>
    <region anchors="20180 20376" xml:id="s-r211"/>
    <node xml:id="s-n211">
        <link targets="s-r211"/>
    </node>
    <a xml:id="s-N68945" as="anc" label="s" ref="s-n211"/>
    <region anchors="20458 20542" xml:id="s-r212"/>
    <node xml:id="s-n212">
        <link targets="s-r212"/>
    </node>
    <a xml:id="s-N68961" as="anc" label="s" ref="s-n212"/>
    <region anchors="20543 20691" xml:id="s-r213"/>
    <node xml:id="s-n213">
        <link targets="s-r213"/>
    </node>
    <a xml:id="s-N68977" as="anc" label="s" ref="s-n213"/>
    <region anchors="20692 20736" xml:id="s-r214"/>
    <node xml:id="s-n214">
        <link targets="s-r214"/>
    </node>
    <a xml:id="s-N68993" as="anc" label="s" ref="s-n214"/>
    <region anchors="20737 20790" xml:id="s-r215"/>
    <node xml:id="s-n215">
        <link targets="s-r215"/>
    </node>
    <a xml:id="s-N69009" as="anc" label="s" ref="s-n215"/>
    <region anchors="20791 20954" xml:id="s-r216"/>
    <node xml:id="s-n216">
        <link targets="s-r216"/>
    </node>
    <a xml:id="s-N69025" as="anc" label="s" ref="s-n216"/>
    <region anchors="20955 21075" xml:id="s-r217"/>
    <node xml:id="s-n217">
        <link targets="s-r217"/>
    </node>
    <a xml:id="s-N69041" as="anc" label="s" ref="s-n217"/>
    <region anchors="21076 21153" xml:id="s-r218"/>
    <node xml:id="s-n218">
        <link targets="s-r218"/>
    </node>
    <a xml:id="s-N69057" as="anc" label="s" ref="s-n218"/>
    <region anchors="21169 21263" xml:id="s-r219"/>
    <node xml:id="s-n219">
        <link targets="s-r219"/>
    </node>
    <a xml:id="s-N69073" as="anc" label="s" ref="s-n219"/>
    <region anchors="21279 21668" xml:id="s-r220"/>
    <node xml:id="s-n220">
        <link targets="s-r220"/>
    </node>
    <a xml:id="s-N69089" as="anc" label="s" ref="s-n220"/>
    <region anchors="21669 21717" xml:id="s-r221"/>
    <node xml:id="s-n221">
        <link targets="s-r221"/>
    </node>
    <a xml:id="s-N69105" as="anc" label="s" ref="s-n221"/>
    <region anchors="21718 21878" xml:id="s-r222"/>
    <node xml:id="s-n222">
        <link targets="s-r222"/>
    </node>
    <a xml:id="s-N69121" as="anc" label="s" ref="s-n222"/>
    <region anchors="21879 21969" xml:id="s-r223"/>
    <node xml:id="s-n223">
        <link targets="s-r223"/>
    </node>
    <a xml:id="s-N69137" as="anc" label="s" ref="s-n223"/>
    <region anchors="21985 22034" xml:id="s-r224"/>
    <node xml:id="s-n224">
        <link targets="s-r224"/>
    </node>
    <a xml:id="s-N69153" as="anc" label="s" ref="s-n224"/>
    <region anchors="22050 22103" xml:id="s-r225"/>
    <node xml:id="s-n225">
        <link targets="s-r225"/>
    </node>
    <a xml:id="s-N69169" as="anc" label="s" ref="s-n225"/>
    <region anchors="22104 22156" xml:id="s-r226"/>
    <node xml:id="s-n226">
        <link targets="s-r226"/>
    </node>
    <a xml:id="s-N69185" as="anc" label="s" ref="s-n226"/>
    <region anchors="22172 22208" xml:id="s-r227"/>
    <node xml:id="s-n227">
        <link targets="s-r227"/>
    </node>
    <a xml:id="s-N69201" as="anc" label="s" ref="s-n227"/>
    <region anchors="22224 22327" xml:id="s-r228"/>
    <node xml:id="s-n228">
        <link targets="s-r228"/>
    </node>
    <a xml:id="s-N69217" as="anc" label="s" ref="s-n228"/>
    <region anchors="22328 22458" xml:id="s-r229"/>
    <node xml:id="s-n229">
        <link targets="s-r229"/>
    </node>
    <a xml:id="s-N69233" as="anc" label="s" ref="s-n229"/>
    <region anchors="22474 22517" xml:id="s-r230"/>
    <node xml:id="s-n230">
        <link targets="s-r230"/>
    </node>
    <a xml:id="s-N69249" as="anc" label="s" ref="s-n230"/>
    <region anchors="22533 22560" xml:id="s-r231"/>
    <node xml:id="s-n231">
        <link targets="s-r231"/>
    </node>
    <a xml:id="s-N69265" as="anc" label="s" ref="s-n231"/>
    <region anchors="22576 22587" xml:id="s-r232"/>
    <node xml:id="s-n232">
        <link targets="s-r232"/>
    </node>
    <a xml:id="s-N69281" as="anc" label="s" ref="s-n232"/>
    <region anchors="22603 22721" xml:id="s-r233"/>
    <node xml:id="s-n233">
        <link targets="s-r233"/>
    </node>
    <a xml:id="s-N69297" as="anc" label="s" ref="s-n233"/>
    <region anchors="22722 22829" xml:id="s-r234"/>
    <node xml:id="s-n234">
        <link targets="s-r234"/>
    </node>
    <a xml:id="s-N69313" as="anc" label="s" ref="s-n234"/>
    <region anchors="22845 22873" xml:id="s-r235"/>
    <node xml:id="s-n235">
        <link targets="s-r235"/>
    </node>
    <a xml:id="s-N69329" as="anc" label="s" ref="s-n235"/>
    <region anchors="22889 23009" xml:id="s-r236"/>
    <node xml:id="s-n236">
        <link targets="s-r236"/>
    </node>
    <a xml:id="s-N69345" as="anc" label="s" ref="s-n236"/>
    <region anchors="23010 23195" xml:id="s-r237"/>
    <node xml:id="s-n237">
        <link targets="s-r237"/>
    </node>
    <a xml:id="s-N69361" as="anc" label="s" ref="s-n237"/>
    <region anchors="23211 23239" xml:id="s-r238"/>
    <node xml:id="s-n238">
        <link targets="s-r238"/>
    </node>
    <a xml:id="s-N69377" as="anc" label="s" ref="s-n238"/>
    <region anchors="23255 23368" xml:id="s-r239"/>
    <node xml:id="s-n239">
        <link targets="s-r239"/>
    </node>
    <a xml:id="s-N69393" as="anc" label="s" ref="s-n239"/>
    <region anchors="23369 23468" xml:id="s-r240"/>
    <node xml:id="s-n240">
        <link targets="s-r240"/>
    </node>
    <a xml:id="s-N69409" as="anc" label="s" ref="s-n240"/>
</graph>