<graph xmlns="http://www.xces.org/ns/GrAF/1.0/" xmlns:graf="http://www.xces.org/ns/GrAF/1.0/">
  <graphHeader>
    <labelsDecl>
      <labelUsage label="body" occurs="1"/>
      <labelUsage label="turn" occurs="20"/>
      <labelUsage label="u" occurs="80"/>
      <labelUsage label="event" occurs="2"/>
      <labelUsage label="cesDoc" occurs="1"/>
      <labelUsage label="shift" occurs="6"/>
    </labelsDecl>
    <annotationSpaces>
      <annotationSpace as.id="xces"/>
    </annotationSpaces>
  </graphHeader>
  <region xml:id="logical-r0" anchors="0 12547"/>
  <node xml:id="logical-n0">
    <link targets="logical-r0"/>
  </node>
  <a xml:id="logical-N65589" label="cesDoc" ref="logical-n0" as="xces">
    <fs>
      <f name="version" value="1.0.4"/>
    </fs>
  </a>
  <region xml:id="logical-r1" anchors="8 12546"/>
  <node xml:id="logical-n1">
    <link targets="logical-r1"/>
  </node>
  <a xml:id="logical-N65613" label="body" ref="logical-n1" as="xces"/>
  <region xml:id="logical-r2" anchors="15 1049"/>
  <node xml:id="logical-n2">
    <link targets="logical-r2"/>
  </node>
  <a xml:id="logical-N65629" label="turn" ref="logical-n2" as="xces">
    <fs>
      <f name="who" value="DN"/>
      <f name="id" value="t1"/>
    </fs>
  </a>
  <region xml:id="logical-r3" anchors="25 142"/>
  <node xml:id="logical-n3">
    <link targets="logical-r3"/>
  </node>
  <a xml:id="logical-N65657" label="u" ref="logical-n3" as="xces">
    <fs>
      <f name="id" value="t1u1"/>
    </fs>
  </a>
  <region xml:id="logical-r4" anchors="152 266"/>
  <node xml:id="logical-n4">
    <link targets="logical-r4"/>
  </node>
  <a xml:id="logical-N65681" label="u" ref="logical-n4" as="xces">
    <fs>
      <f name="id" value="t1u2"/>
    </fs>
  </a>
  <region xml:id="logical-r5" anchors="276 407"/>
  <node xml:id="logical-n5">
    <link targets="logical-r5"/>
  </node>
  <a xml:id="logical-N65705" label="u" ref="logical-n5" as="xces">
    <fs>
      <f name="id" value="t1u3"/>
    </fs>
  </a>
  <region xml:id="logical-r6" anchors="417 455"/>
  <node xml:id="logical-n6">
    <link targets="logical-r6"/>
  </node>
  <a xml:id="logical-N65729" label="u" ref="logical-n6" as="xces">
    <fs>
      <f name="id" value="t1u4"/>
    </fs>
  </a>
  <region xml:id="logical-r7" anchors="465 528"/>
  <node xml:id="logical-n7">
    <link targets="logical-r7"/>
  </node>
  <a xml:id="logical-N65753" label="u" ref="logical-n7" as="xces">
    <fs>
      <f name="id" value="t1u5"/>
    </fs>
  </a>
  <region xml:id="logical-r8" anchors="538 689"/>
  <node xml:id="logical-n8">
    <link targets="logical-r8"/>
  </node>
  <a xml:id="logical-N65777" label="u" ref="logical-n8" as="xces">
    <fs>
      <f name="id" value="t1u6"/>
    </fs>
  </a>
  <region xml:id="logical-r9" anchors="699 813"/>
  <node xml:id="logical-n9">
    <link targets="logical-r9"/>
  </node>
  <a xml:id="logical-N65801" label="u" ref="logical-n9" as="xces">
    <fs>
      <f name="id" value="t1u7"/>
    </fs>
  </a>
  <region xml:id="logical-r10" anchors="823 1042"/>
  <node xml:id="logical-n10">
    <link targets="logical-r10"/>
  </node>
  <a xml:id="logical-N65825" label="u" ref="logical-n10" as="xces">
    <fs>
      <f name="id" value="t1u8"/>
    </fs>
  </a>
  <region xml:id="logical-r11" anchors="1056 1090"/>
  <node xml:id="logical-n11">
    <link targets="logical-r11"/>
  </node>
  <a xml:id="logical-N65849" label="turn" ref="logical-n11" as="xces">
    <fs>
      <f name="who" value="KN"/>
      <f name="id" value="t2"/>
    </fs>
  </a>
  <region xml:id="logical-r12" anchors="1066 1083"/>
  <node xml:id="logical-n12">
    <link targets="logical-r12"/>
  </node>
  <a xml:id="logical-N65877" label="u" ref="logical-n12" as="xces">
    <fs>
      <f name="id" value="t2u1"/>
    </fs>
  </a>
  <region xml:id="logical-r13" anchors="1097 1591"/>
  <node xml:id="logical-n13">
    <link targets="logical-r13"/>
  </node>
  <a xml:id="logical-N65901" label="turn" ref="logical-n13" as="xces">
    <fs>
      <f name="who" value="DN"/>
      <f name="id" value="t3"/>
    </fs>
  </a>
  <region xml:id="logical-r14" anchors="1107 1123"/>
  <node xml:id="logical-n14">
    <link targets="logical-r14"/>
  </node>
  <a xml:id="logical-N65929" label="u" ref="logical-n14" as="xces">
    <fs>
      <f name="id" value="t3u1"/>
    </fs>
  </a>
  <region xml:id="logical-r15" anchors="1133 1154"/>
  <node xml:id="logical-n15">
    <link targets="logical-r15"/>
  </node>
  <a xml:id="logical-N65953" label="u" ref="logical-n15" as="xces">
    <fs>
      <f name="id" value="t3u2"/>
    </fs>
  </a>
  <region xml:id="logical-r16" anchors="1164 1336"/>
  <node xml:id="logical-n16">
    <link targets="logical-r16"/>
  </node>
  <a xml:id="logical-N65977" label="u" ref="logical-n16" as="xces">
    <fs>
      <f name="id" value="t3u3"/>
    </fs>
  </a>
  <region xml:id="logical-r17" anchors="1346 1428"/>
  <node xml:id="logical-n17">
    <link targets="logical-r17"/>
  </node>
  <a xml:id="logical-N66001" label="u" ref="logical-n17" as="xces">
    <fs>
      <f name="id" value="t3u4"/>
    </fs>
  </a>
  <region xml:id="logical-r18" anchors="1438 1473"/>
  <node xml:id="logical-n18">
    <link targets="logical-r18"/>
  </node>
  <a xml:id="logical-N66025" label="u" ref="logical-n18" as="xces">
    <fs>
      <f name="id" value="t3u5"/>
    </fs>
  </a>
  <region xml:id="logical-r19" anchors="1483 1584"/>
  <node xml:id="logical-n19">
    <link targets="logical-r19"/>
  </node>
  <a xml:id="logical-N66049" label="u" ref="logical-n19" as="xces">
    <fs>
      <f name="id" value="t3u6"/>
    </fs>
  </a>
  <region xml:id="logical-r20" anchors="1598 1638"/>
  <node xml:id="logical-n20">
    <link targets="logical-r20"/>
  </node>
  <a xml:id="logical-N66073" label="turn" ref="logical-n20" as="xces">
    <fs>
      <f name="who" value="KN"/>
      <f name="id" value="t4"/>
    </fs>
  </a>
  <region xml:id="logical-r21" anchors="1608 1631"/>
  <node xml:id="logical-n21">
    <link targets="logical-r21"/>
  </node>
  <a xml:id="logical-N66101" label="u" ref="logical-n21" as="xces">
    <fs>
      <f name="id" value="t4u1"/>
    </fs>
  </a>
  <region xml:id="logical-r22" anchors="1621 1621"/>
  <node xml:id="logical-n22">
    <link targets="logical-r22"/>
  </node>
  <a xml:id="logical-N66125" label="shift" ref="logical-n22" as="xces">
    <fs>
      <f name="feature" value="laughter"/>
      <f name="type" value="voice"/>
    </fs>
  </a>
  <region xml:id="logical-r23" anchors="1645 2208"/>
  <node xml:id="logical-n23">
    <link targets="logical-r23"/>
  </node>
  <a xml:id="logical-N66153" label="turn" ref="logical-n23" as="xces">
    <fs>
      <f name="who" value="DN"/>
      <f name="id" value="t5"/>
    </fs>
  </a>
  <region xml:id="logical-r24" anchors="1655 1677"/>
  <node xml:id="logical-n24">
    <link targets="logical-r24"/>
  </node>
  <a xml:id="logical-N66181" label="u" ref="logical-n24" as="xces">
    <fs>
      <f name="id" value="t5u1"/>
    </fs>
  </a>
  <region xml:id="logical-r25" anchors="1687 1744"/>
  <node xml:id="logical-n25">
    <link targets="logical-r25"/>
  </node>
  <a xml:id="logical-N66205" label="u" ref="logical-n25" as="xces">
    <fs>
      <f name="id" value="t5u2"/>
    </fs>
  </a>
  <region xml:id="logical-r26" anchors="1754 1913"/>
  <node xml:id="logical-n26">
    <link targets="logical-r26"/>
  </node>
  <a xml:id="logical-N66229" label="u" ref="logical-n26" as="xces">
    <fs>
      <f name="id" value="t5u3"/>
    </fs>
  </a>
  <region xml:id="logical-r27" anchors="1923 2058"/>
  <node xml:id="logical-n27">
    <link targets="logical-r27"/>
  </node>
  <a xml:id="logical-N66253" label="u" ref="logical-n27" as="xces">
    <fs>
      <f name="id" value="t5u4"/>
    </fs>
  </a>
  <region xml:id="logical-r28" anchors="2068 2104"/>
  <node xml:id="logical-n28">
    <link targets="logical-r28"/>
  </node>
  <a xml:id="logical-N66277" label="u" ref="logical-n28" as="xces">
    <fs>
      <f name="id" value="t5u5"/>
    </fs>
  </a>
  <region xml:id="logical-r29" anchors="2114 2201"/>
  <node xml:id="logical-n29">
    <link targets="logical-r29"/>
  </node>
  <a xml:id="logical-N66301" label="u" ref="logical-n29" as="xces">
    <fs>
      <f name="id" value="t5u6"/>
    </fs>
  </a>
  <region xml:id="logical-r30" anchors="2215 2255"/>
  <node xml:id="logical-n30">
    <link targets="logical-r30"/>
  </node>
  <a xml:id="logical-N66325" label="turn" ref="logical-n30" as="xces">
    <fs>
      <f name="who" value="KN"/>
      <f name="id" value="t6"/>
    </fs>
  </a>
  <region xml:id="logical-r31" anchors="2225 2248"/>
  <node xml:id="logical-n31">
    <link targets="logical-r31"/>
  </node>
  <a xml:id="logical-N66353" label="u" ref="logical-n31" as="xces">
    <fs>
      <f name="id" value="t6u1"/>
    </fs>
  </a>
  <region xml:id="logical-r32" anchors="2238 2238"/>
  <node xml:id="logical-n32">
    <link targets="logical-r32"/>
  </node>
  <a xml:id="logical-N66377" label="shift" ref="logical-n32" as="xces">
    <fs>
      <f name="feature" value="laughter"/>
      <f name="type" value="voice"/>
    </fs>
  </a>
  <region xml:id="logical-r33" anchors="2262 2708"/>
  <node xml:id="logical-n33">
    <link targets="logical-r33"/>
  </node>
  <a xml:id="logical-N66405" label="turn" ref="logical-n33" as="xces">
    <fs>
      <f name="who" value="DN"/>
      <f name="id" value="t7"/>
    </fs>
  </a>
  <region xml:id="logical-r34" anchors="2272 2300"/>
  <node xml:id="logical-n34">
    <link targets="logical-r34"/>
  </node>
  <a xml:id="logical-N66433" label="u" ref="logical-n34" as="xces">
    <fs>
      <f name="id" value="t7u1"/>
    </fs>
  </a>
  <region xml:id="logical-r35" anchors="2310 2409"/>
  <node xml:id="logical-n35">
    <link targets="logical-r35"/>
  </node>
  <a xml:id="logical-N66457" label="u" ref="logical-n35" as="xces">
    <fs>
      <f name="id" value="t7u2"/>
    </fs>
  </a>
  <region xml:id="logical-r36" anchors="2419 2460"/>
  <node xml:id="logical-n36">
    <link targets="logical-r36"/>
  </node>
  <a xml:id="logical-N66481" label="u" ref="logical-n36" as="xces">
    <fs>
      <f name="id" value="t7u3"/>
    </fs>
  </a>
  <region xml:id="logical-r37" anchors="2470 2564"/>
  <node xml:id="logical-n37">
    <link targets="logical-r37"/>
  </node>
  <a xml:id="logical-N66505" label="u" ref="logical-n37" as="xces">
    <fs>
      <f name="id" value="t7u4"/>
    </fs>
  </a>
  <region xml:id="logical-r38" anchors="2574 2701"/>
  <node xml:id="logical-n38">
    <link targets="logical-r38"/>
  </node>
  <a xml:id="logical-N66529" label="u" ref="logical-n38" as="xces">
    <fs>
      <f name="id" value="t7u5"/>
    </fs>
  </a>
  <region xml:id="logical-r39" anchors="2715 2755"/>
  <node xml:id="logical-n39">
    <link targets="logical-r39"/>
  </node>
  <a xml:id="logical-N66553" label="turn" ref="logical-n39" as="xces">
    <fs>
      <f name="who" value="KN"/>
      <f name="id" value="t8"/>
    </fs>
  </a>
  <region xml:id="logical-r40" anchors="2725 2748"/>
  <node xml:id="logical-n40">
    <link targets="logical-r40"/>
  </node>
  <a xml:id="logical-N66581" label="u" ref="logical-n40" as="xces">
    <fs>
      <f name="id" value="t8u1"/>
    </fs>
  </a>
  <region xml:id="logical-r41" anchors="2738 2738"/>
  <node xml:id="logical-n41">
    <link targets="logical-r41"/>
  </node>
  <a xml:id="logical-N66605" label="shift" ref="logical-n41" as="xces">
    <fs>
      <f name="feature" value="laughter"/>
      <f name="type" value="voice"/>
    </fs>
  </a>
  <region xml:id="logical-r42" anchors="2762 2798"/>
  <node xml:id="logical-n42">
    <link targets="logical-r42"/>
  </node>
  <a xml:id="logical-N66633" label="turn" ref="logical-n42" as="xces">
    <fs>
      <f name="who" value="DN"/>
      <f name="id" value="t9"/>
    </fs>
  </a>
  <region xml:id="logical-r43" anchors="2772 2791"/>
  <node xml:id="logical-n43">
    <link targets="logical-r43"/>
  </node>
  <a xml:id="logical-N66661" label="u" ref="logical-n43" as="xces">
    <fs>
      <f name="id" value="t9u1"/>
    </fs>
  </a>
  <region xml:id="logical-r44" anchors="2805 2844"/>
  <node xml:id="logical-n44">
    <link targets="logical-r44"/>
  </node>
  <a xml:id="logical-N66685" label="turn" ref="logical-n44" as="xces">
    <fs>
      <f name="who" value="KN"/>
      <f name="id" value="t10"/>
    </fs>
  </a>
  <region xml:id="logical-r45" anchors="2815 2837"/>
  <node xml:id="logical-n45">
    <link targets="logical-r45"/>
  </node>
  <a xml:id="logical-N66713" label="u" ref="logical-n45" as="xces">
    <fs>
      <f name="id" value="t10u1"/>
    </fs>
  </a>
  <region xml:id="logical-r46" anchors="2851 3757"/>
  <node xml:id="logical-n46">
    <link targets="logical-r46"/>
  </node>
  <a xml:id="logical-N66737" label="turn" ref="logical-n46" as="xces">
    <fs>
      <f name="who" value="DN"/>
      <f name="id" value="t11"/>
    </fs>
  </a>
  <region xml:id="logical-r47" anchors="2861 2933"/>
  <node xml:id="logical-n47">
    <link targets="logical-r47"/>
  </node>
  <a xml:id="logical-N66765" label="u" ref="logical-n47" as="xces">
    <fs>
      <f name="id" value="t11u1"/>
    </fs>
  </a>
  <region xml:id="logical-r48" anchors="2943 3017"/>
  <node xml:id="logical-n48">
    <link targets="logical-r48"/>
  </node>
  <a xml:id="logical-N66789" label="u" ref="logical-n48" as="xces">
    <fs>
      <f name="id" value="t11u2"/>
    </fs>
  </a>
  <region xml:id="logical-r49" anchors="3027 3101"/>
  <node xml:id="logical-n49">
    <link targets="logical-r49"/>
  </node>
  <a xml:id="logical-N66813" label="u" ref="logical-n49" as="xces">
    <fs>
      <f name="id" value="t11u3"/>
    </fs>
  </a>
  <region xml:id="logical-r50" anchors="3111 3322"/>
  <node xml:id="logical-n50">
    <link targets="logical-r50"/>
  </node>
  <a xml:id="logical-N66837" label="u" ref="logical-n50" as="xces">
    <fs>
      <f name="id" value="t11u4"/>
    </fs>
  </a>
  <region xml:id="logical-r51" anchors="3332 3558"/>
  <node xml:id="logical-n51">
    <link targets="logical-r51"/>
  </node>
  <a xml:id="logical-N66861" label="u" ref="logical-n51" as="xces">
    <fs>
      <f name="id" value="t11u5"/>
    </fs>
  </a>
  <region xml:id="logical-r52" anchors="3568 3691"/>
  <node xml:id="logical-n52">
    <link targets="logical-r52"/>
  </node>
  <a xml:id="logical-N66885" label="u" ref="logical-n52" as="xces">
    <fs>
      <f name="id" value="t11u6"/>
    </fs>
  </a>
  <region xml:id="logical-r53" anchors="3701 3750"/>
  <node xml:id="logical-n53">
    <link targets="logical-r53"/>
  </node>
  <a xml:id="logical-N66909" label="u" ref="logical-n53" as="xces">
    <fs>
      <f name="id" value="t11u7"/>
    </fs>
  </a>
  <region xml:id="logical-r54" anchors="3764 3804"/>
  <node xml:id="logical-n54">
    <link targets="logical-r54"/>
  </node>
  <a xml:id="logical-N66933" label="turn" ref="logical-n54" as="xces">
    <fs>
      <f name="who" value="KN"/>
      <f name="id" value="t12"/>
    </fs>
  </a>
  <region xml:id="logical-r55" anchors="3774 3797"/>
  <node xml:id="logical-n55">
    <link targets="logical-r55"/>
  </node>
  <a xml:id="logical-N66961" label="u" ref="logical-n55" as="xces">
    <fs>
      <f name="id" value="t12u1"/>
    </fs>
  </a>
  <region xml:id="logical-r56" anchors="3787 3787"/>
  <node xml:id="logical-n56">
    <link targets="logical-r56"/>
  </node>
  <a xml:id="logical-N66985" label="shift" ref="logical-n56" as="xces">
    <fs>
      <f name="feature" value="laughter"/>
      <f name="type" value="voice"/>
    </fs>
  </a>
  <region xml:id="logical-r57" anchors="3811 3874"/>
  <node xml:id="logical-n57">
    <link targets="logical-r57"/>
  </node>
  <a xml:id="logical-N67013" label="turn" ref="logical-n57" as="xces">
    <fs>
      <f name="who" value="DN"/>
      <f name="id" value="t13"/>
    </fs>
  </a>
  <region xml:id="logical-r58" anchors="3821 3867"/>
  <node xml:id="logical-n58">
    <link targets="logical-r58"/>
  </node>
  <a xml:id="logical-N67041" label="u" ref="logical-n58" as="xces">
    <fs>
      <f name="id" value="t13u1"/>
    </fs>
  </a>
  <region xml:id="logical-r59" anchors="3857 3857"/>
  <node xml:id="logical-n59">
    <link targets="logical-r59"/>
  </node>
  <a xml:id="logical-N67065" label="shift" ref="logical-n59" as="xces">
    <fs>
      <f name="feature" value="laughter"/>
      <f name="type" value="voice"/>
    </fs>
  </a>
  <region xml:id="logical-r60" anchors="3881 5971"/>
  <node xml:id="logical-n60">
    <link targets="logical-r60"/>
  </node>
  <a xml:id="logical-N67093" label="turn" ref="logical-n60" as="xces">
    <fs>
      <f name="who" value="DN"/>
      <f name="id" value="t14"/>
    </fs>
  </a>
  <region xml:id="logical-r61" anchors="3891 4033"/>
  <node xml:id="logical-n61">
    <link targets="logical-r61"/>
  </node>
  <a xml:id="logical-N67121" label="u" ref="logical-n61" as="xces">
    <fs>
      <f name="id" value="t14u1"/>
    </fs>
  </a>
  <region xml:id="logical-r62" anchors="4043 4153"/>
  <node xml:id="logical-n62">
    <link targets="logical-r62"/>
  </node>
  <a xml:id="logical-N67145" label="u" ref="logical-n62" as="xces">
    <fs>
      <f name="id" value="t14u2"/>
    </fs>
  </a>
  <region xml:id="logical-r63" anchors="4163 4285"/>
  <node xml:id="logical-n63">
    <link targets="logical-r63"/>
  </node>
  <a xml:id="logical-N67169" label="u" ref="logical-n63" as="xces">
    <fs>
      <f name="id" value="t14u3"/>
    </fs>
  </a>
  <region xml:id="logical-r64" anchors="4295 4364"/>
  <node xml:id="logical-n64">
    <link targets="logical-r64"/>
  </node>
  <a xml:id="logical-N67193" label="u" ref="logical-n64" as="xces">
    <fs>
      <f name="id" value="t14u4"/>
    </fs>
  </a>
  <region xml:id="logical-r65" anchors="4374 4449"/>
  <node xml:id="logical-n65">
    <link targets="logical-r65"/>
  </node>
  <a xml:id="logical-N67217" label="u" ref="logical-n65" as="xces">
    <fs>
      <f name="id" value="t14u5"/>
    </fs>
  </a>
  <region xml:id="logical-r66" anchors="4459 4553"/>
  <node xml:id="logical-n66">
    <link targets="logical-r66"/>
  </node>
  <a xml:id="logical-N67241" label="u" ref="logical-n66" as="xces">
    <fs>
      <f name="id" value="t14u6"/>
    </fs>
  </a>
  <region xml:id="logical-r67" anchors="4563 4807"/>
  <node xml:id="logical-n67">
    <link targets="logical-r67"/>
  </node>
  <a xml:id="logical-N67265" label="u" ref="logical-n67" as="xces">
    <fs>
      <f name="id" value="t14u7"/>
    </fs>
  </a>
  <region xml:id="logical-r68" anchors="4817 4901"/>
  <node xml:id="logical-n68">
    <link targets="logical-r68"/>
  </node>
  <a xml:id="logical-N67289" label="u" ref="logical-n68" as="xces">
    <fs>
      <f name="id" value="t14u8"/>
    </fs>
  </a>
  <region xml:id="logical-r69" anchors="4911 5060"/>
  <node xml:id="logical-n69">
    <link targets="logical-r69"/>
  </node>
  <a xml:id="logical-N67313" label="u" ref="logical-n69" as="xces">
    <fs>
      <f name="id" value="t14u9"/>
    </fs>
  </a>
  <region xml:id="logical-r70" anchors="5070 5212"/>
  <node xml:id="logical-n70">
    <link targets="logical-r70"/>
  </node>
  <a xml:id="logical-N67337" label="u" ref="logical-n70" as="xces">
    <fs>
      <f name="id" value="t14u10"/>
    </fs>
  </a>
  <region xml:id="logical-r71" anchors="5211 5211"/>
  <node xml:id="logical-n71">
    <link targets="logical-r71"/>
  </node>
  <a xml:id="logical-N67361" label="event" ref="logical-n71" as="xces">
    <fs>
      <f name="type" value="pause"/>
    </fs>
  </a>
  <region xml:id="logical-r72" anchors="5222 5524"/>
  <node xml:id="logical-n72">
    <link targets="logical-r72"/>
  </node>
  <a xml:id="logical-N67385" label="u" ref="logical-n72" as="xces">
    <fs>
      <f name="id" value="t14u11"/>
    </fs>
  </a>
  <region xml:id="logical-r73" anchors="5534 5568"/>
  <node xml:id="logical-n73">
    <link targets="logical-r73"/>
  </node>
  <a xml:id="logical-N67409" label="u" ref="logical-n73" as="xces">
    <fs>
      <f name="id" value="t14u12"/>
    </fs>
  </a>
  <region xml:id="logical-r74" anchors="5578 5652"/>
  <node xml:id="logical-n74">
    <link targets="logical-r74"/>
  </node>
  <a xml:id="logical-N67433" label="u" ref="logical-n74" as="xces">
    <fs>
      <f name="id" value="t14u13"/>
    </fs>
  </a>
  <region xml:id="logical-r75" anchors="5662 5728"/>
  <node xml:id="logical-n75">
    <link targets="logical-r75"/>
  </node>
  <a xml:id="logical-N67457" label="u" ref="logical-n75" as="xces">
    <fs>
      <f name="id" value="t14u14"/>
    </fs>
  </a>
  <region xml:id="logical-r76" anchors="5738 5738"/>
  <node xml:id="logical-n76">
    <link targets="logical-r76"/>
  </node>
  <a xml:id="logical-N67481" label="shift" ref="logical-n76" as="xces">
    <fs>
      <f name="feature" value="laughter"/>
      <f name="type" value="voice"/>
    </fs>
  </a>
  <region xml:id="logical-r77" anchors="5748 5755"/>
  <node xml:id="logical-n77">
    <link targets="logical-r77"/>
  </node>
  <a xml:id="logical-N67509" label="u" ref="logical-n77" as="xces">
    <fs>
      <f name="id" value="t14u15"/>
    </fs>
  </a>
  <region xml:id="logical-r78" anchors="5765 5830"/>
  <node xml:id="logical-n78">
    <link targets="logical-r78"/>
  </node>
  <a xml:id="logical-N67533" label="u" ref="logical-n78" as="xces">
    <fs>
      <f name="id" value="t14u16"/>
    </fs>
  </a>
  <region xml:id="logical-r79" anchors="5840 5964"/>
  <node xml:id="logical-n79">
    <link targets="logical-r79"/>
  </node>
  <a xml:id="logical-N67557" label="u" ref="logical-n79" as="xces">
    <fs>
      <f name="id" value="t14u17"/>
    </fs>
  </a>
  <region xml:id="logical-r80" anchors="5978 6002"/>
  <node xml:id="logical-n80">
    <link targets="logical-r80"/>
  </node>
  <a xml:id="logical-N67581" label="turn" ref="logical-n80" as="xces">
    <fs>
      <f name="who" value="KN"/>
      <f name="id" value="t15"/>
    </fs>
  </a>
  <region xml:id="logical-r81" anchors="5988 5995"/>
  <node xml:id="logical-n81">
    <link targets="logical-r81"/>
  </node>
  <a xml:id="logical-N67609" label="u" ref="logical-n81" as="xces">
    <fs>
      <f name="id" value="t15u1"/>
    </fs>
  </a>
  <region xml:id="logical-r82" anchors="6009 10199"/>
  <node xml:id="logical-n82">
    <link targets="logical-r82"/>
  </node>
  <a xml:id="logical-N67633" label="turn" ref="logical-n82" as="xces">
    <fs>
      <f name="who" value="DN"/>
      <f name="id" value="t16"/>
    </fs>
  </a>
  <region xml:id="logical-r83" anchors="6019 6267"/>
  <node xml:id="logical-n83">
    <link targets="logical-r83"/>
  </node>
  <a xml:id="logical-N67661" label="u" ref="logical-n83" as="xces">
    <fs>
      <f name="id" value="t16u1"/>
    </fs>
  </a>
  <region xml:id="logical-r84" anchors="6277 6405"/>
  <node xml:id="logical-n84">
    <link targets="logical-r84"/>
  </node>
  <a xml:id="logical-N67685" label="u" ref="logical-n84" as="xces">
    <fs>
      <f name="id" value="t16u2"/>
    </fs>
  </a>
  <region xml:id="logical-r85" anchors="6485 6667"/>
  <node xml:id="logical-n85">
    <link targets="logical-r85"/>
  </node>
  <a xml:id="logical-N67709" label="u" ref="logical-n85" as="xces">
    <fs>
      <f name="id" value="t16u4"/>
    </fs>
  </a>
  <region xml:id="logical-r86" anchors="6788 7011"/>
  <node xml:id="logical-n86">
    <link targets="logical-r86"/>
  </node>
  <a xml:id="logical-N67733" label="u" ref="logical-n86" as="xces">
    <fs>
      <f name="id" value="t16u6"/>
    </fs>
  </a>
  <region xml:id="logical-r87" anchors="7050 7050"/>
  <node xml:id="logical-n87">
    <link targets="logical-r87"/>
  </node>
  <a xml:id="logical-N67757" label="event" ref="logical-n87" as="xces">
    <fs>
      <f name="feature" value="clears throat"/>
      <f name="type" value="vocalized-noise"/>
    </fs>
  </a>
  <region xml:id="logical-r88" anchors="7230 7518"/>
  <node xml:id="logical-n88">
    <link targets="logical-r88"/>
  </node>
  <a xml:id="logical-N67785" label="u" ref="logical-n88" as="xces">
    <fs>
      <f name="id" value="t16u9"/>
    </fs>
  </a>
  <region xml:id="logical-r89" anchors="7629 7875"/>
  <node xml:id="logical-n89">
    <link targets="logical-r89"/>
  </node>
  <a xml:id="logical-N67809" label="u" ref="logical-n89" as="xces">
    <fs>
      <f name="id" value="t16u11"/>
    </fs>
  </a>
  <region xml:id="logical-r90" anchors="7988 8117"/>
  <node xml:id="logical-n90">
    <link targets="logical-r90"/>
  </node>
  <a xml:id="logical-N67833" label="u" ref="logical-n90" as="xces">
    <fs>
      <f name="id" value="t16u13"/>
    </fs>
  </a>
  <region xml:id="logical-r91" anchors="8199 8372"/>
  <node xml:id="logical-n91">
    <link targets="logical-r91"/>
  </node>
  <a xml:id="logical-N67857" label="u" ref="logical-n91" as="xces">
    <fs>
      <f name="id" value="t16u15"/>
    </fs>
  </a>
  <region xml:id="logical-r92" anchors="8582 8762"/>
  <node xml:id="logical-n92">
    <link targets="logical-r92"/>
  </node>
  <a xml:id="logical-N67881" label="u" ref="logical-n92" as="xces">
    <fs>
      <f name="id" value="t16u17"/>
    </fs>
  </a>
  <region xml:id="logical-r93" anchors="8956 9157"/>
  <node xml:id="logical-n93">
    <link targets="logical-r93"/>
  </node>
  <a xml:id="logical-N67905" label="u" ref="logical-n93" as="xces">
    <fs>
      <f name="id" value="t16u19"/>
    </fs>
  </a>
  <region xml:id="logical-r94" anchors="9558 9637"/>
  <node xml:id="logical-n94">
    <link targets="logical-r94"/>
  </node>
  <a xml:id="logical-N67929" label="u" ref="logical-n94" as="xces">
    <fs>
      <f name="id" value="t16u21"/>
    </fs>
  </a>
  <region xml:id="logical-r95" anchors="9727 9862"/>
  <node xml:id="logical-n95">
    <link targets="logical-r95"/>
  </node>
  <a xml:id="logical-N67953" label="u" ref="logical-n95" as="xces">
    <fs>
      <f name="id" value="t16u23"/>
    </fs>
  </a>
  <region xml:id="logical-r96" anchors="9994 10192"/>
  <node xml:id="logical-n96">
    <link targets="logical-r96"/>
  </node>
  <a xml:id="logical-N67977" label="u" ref="logical-n96" as="xces">
    <fs>
      <f name="id" value="t16u25"/>
    </fs>
  </a>
  <region xml:id="logical-r97" anchors="10216 10246"/>
  <node xml:id="logical-n97">
    <link targets="logical-r97"/>
  </node>
  <a xml:id="logical-N68001" label="turn" ref="logical-n97" as="xces">
    <fs>
      <f name="who" value="KN"/>
    </fs>
  </a>
  <region xml:id="logical-r98" anchors="10260 10288"/>
  <node xml:id="logical-n98">
    <link targets="logical-r98"/>
  </node>
  <a xml:id="logical-N68025" label="turn" ref="logical-n98" as="xces">
    <fs>
      <f name="who" value="DN"/>
      <f name="id" value="t18"/>
    </fs>
  </a>
  <region xml:id="logical-r99" anchors="10270 10281"/>
  <node xml:id="logical-n99">
    <link targets="logical-r99"/>
  </node>
  <a xml:id="logical-N68053" label="u" ref="logical-n99" as="xces">
    <fs>
      <f name="id" value="t18u1"/>
    </fs>
  </a>
  <region xml:id="logical-r100" anchors="10304 12542"/>
  <node xml:id="logical-n100">
    <link targets="logical-r100"/>
  </node>
  <a xml:id="logical-N68077" label="turn" ref="logical-n100" as="xces">
    <fs>
      <f name="who" value="DN"/>
      <f name="id" value="t20"/>
    </fs>
  </a>
  <region xml:id="logical-r101" anchors="10304 10316"/>
  <node xml:id="logical-n101">
    <link targets="logical-r101"/>
  </node>
  <a xml:id="logical-N68105" label="turn" ref="logical-n101" as="xces">
    <fs>
      <f name="who" value="KN"/>
    </fs>
  </a>
  <region xml:id="logical-r102" anchors="10340 10343"/>
  <node xml:id="logical-n102">
    <link targets="logical-r102"/>
  </node>
  <a xml:id="logical-N68129" label="u" ref="logical-n102" as="xces">
    <fs>
      <f name="id" value="t20u1"/>
    </fs>
  </a>
  <region xml:id="logical-r103" anchors="10614 10681"/>
  <node xml:id="logical-n103">
    <link targets="logical-r103"/>
  </node>
  <a xml:id="logical-N68153" label="u" ref="logical-n103" as="xces">
    <fs>
      <f name="id" value="t20u3"/>
    </fs>
  </a>
  <region xml:id="logical-r104" anchors="10937 10963"/>
  <node xml:id="logical-n104">
    <link targets="logical-r104"/>
  </node>
  <a xml:id="logical-N68177" label="u" ref="logical-n104" as="xces">
    <fs>
      <f name="id" value="t20u5"/>
    </fs>
  </a>
  <region xml:id="logical-r105" anchors="11082 11122"/>
  <node xml:id="logical-n105">
    <link targets="logical-r105"/>
  </node>
  <a xml:id="logical-N68201" label="u" ref="logical-n105" as="xces">
    <fs>
      <f name="id" value="t20u7"/>
    </fs>
  </a>
  <region xml:id="logical-r106" anchors="11480 11599"/>
  <node xml:id="logical-n106">
    <link targets="logical-r106"/>
  </node>
  <a xml:id="logical-N68225" label="u" ref="logical-n106" as="xces">
    <fs>
      <f name="id" value="t20u9"/>
    </fs>
  </a>
  <region xml:id="logical-r107" anchors="11748 11925"/>
  <node xml:id="logical-n107">
    <link targets="logical-r107"/>
  </node>
  <a xml:id="logical-N68249" label="u" ref="logical-n107" as="xces">
    <fs>
      <f name="id" value="t20u11"/>
    </fs>
  </a>
  <region xml:id="logical-r108" anchors="12020 12116"/>
  <node xml:id="logical-n108">
    <link targets="logical-r108"/>
  </node>
  <a xml:id="logical-N68273" label="u" ref="logical-n108" as="xces">
    <fs>
      <f name="id" value="t20u13"/>
    </fs>
  </a>
  <region xml:id="logical-r109" anchors="12300 12376"/>
  <node xml:id="logical-n109">
    <link targets="logical-r109"/>
  </node>
  <a xml:id="logical-N68297" label="u" ref="logical-n109" as="xces">
    <fs>
      <f name="id" value="t20u15"/>
    </fs>
  </a>
</graph>
