<graph xmlns="http://www.xces.org/ns/GrAF/1.0/" xmlns:graf="http://www.xces.org/ns/GrAF/1.0/">
  <graphHeader>
    <labelsDecl>
      <labelUsage label="person" occurs="3"/>
      <labelUsage label="location" occurs="4"/>
    </labelsDecl>
    <dependencies>
      <dependsOn f.id="f.penn"/>
    </dependencies>
    <annotationSpaces>
      <annotationSpace as.id="anc"/>
    </annotationSpaces>
  </graphHeader>
  <node xml:id="ne-n0"/>
  <a xml:id="ne-N65571" label="person" ref="ne-n0" as="anc">
    <fs>
      <f name="sex" value="female"/>
    </fs>
  </a>
  <node xml:id="ne-n1"/>
  <a xml:id="ne-N65587" label="person" ref="ne-n1" as="anc">
    <fs>
      <f name="sex" value="female"/>
    </fs>
  </a>
  <node xml:id="ne-n2"/>
  <a xml:id="ne-N65603" label="location" ref="ne-n2" as="anc">
    <fs>
      <f name="type" value="city"/>
    </fs>
  </a>
  <node xml:id="ne-n3"/>
  <a xml:id="ne-N65619" label="person" ref="ne-n3" as="anc">
    <fs>
      <f name="sex" value="female"/>
    </fs>
  </a>
  <node xml:id="ne-n4"/>
  <a xml:id="ne-N65635" label="location" ref="ne-n4" as="anc">
    <fs>
      <f name="type" value="city"/>
    </fs>
  </a>
  <node xml:id="ne-n5"/>
  <a xml:id="ne-N65651" label="location" ref="ne-n5" as="anc">
    <fs>
      <f name="type" value="city"/>
    </fs>
  </a>
  <node xml:id="ne-n6"/>
  <a xml:id="ne-N65667" label="location" ref="ne-n6" as="anc">
    <fs>
      <f name="type" value="us_region"/>
    </fs>
  </a>
  <edge xml:id="ne-lnk1" from="ne-n1" to="penn-n21"/>
  <edge xml:id="ne-lnk0" from="ne-n0" to="penn-n10"/>
  <edge xml:id="ne-lnk8" from="ne-n6" to="penn-n63"/>
  <edge xml:id="ne-lnk7" from="ne-n6" to="penn-n62"/>
  <edge xml:id="ne-lnk6" from="ne-n5" to="penn-n60"/>
  <edge xml:id="ne-lnk5" from="ne-n4" to="penn-n55"/>
  <edge xml:id="ne-lnk4" from="ne-n3" to="penn-n32"/>
  <edge xml:id="ne-lnk3" from="ne-n3" to="penn-n31"/>
  <edge xml:id="ne-lnk2" from="ne-n2" to="penn-n29"/>
</graph>
