<graph xmlns="http://www.xces.org/ns/GrAF/1.0/" xmlns:graf="http://www.xces.org/ns/GrAF/1.0/">
  <graphHeader>
    <labelsDecl>
      <labelUsage label="nchunk" occurs="167"/>
    </labelsDecl>
    <dependencies>
      <dependsOn f.id="f.penn"/>
    </dependencies>
    <annotationSpaces>
      <annotationSpace as.id="anc"/>
    </annotationSpaces>
  </graphHeader>
  <node xml:id="nc-n0"/>
  <a xml:id="nc-N65567" label="nchunk" ref="nc-n0" as="anc"/>
  <node xml:id="nc-n1"/>
  <a xml:id="nc-N65575" label="nchunk" ref="nc-n1" as="anc"/>
  <node xml:id="nc-n10"/>
  <a xml:id="nc-N65583" label="nchunk" ref="nc-n10" as="anc"/>
  <node xml:id="nc-n100"/>
  <a xml:id="nc-N65591" label="nchunk" ref="nc-n100" as="anc"/>
  <node xml:id="nc-n101"/>
  <a xml:id="nc-N65599" label="nchunk" ref="nc-n101" as="anc"/>
  <node xml:id="nc-n102"/>
  <a xml:id="nc-N65607" label="nchunk" ref="nc-n102" as="anc"/>
  <node xml:id="nc-n103"/>
  <a xml:id="nc-N65615" label="nchunk" ref="nc-n103" as="anc"/>
  <node xml:id="nc-n104"/>
  <a xml:id="nc-N65623" label="nchunk" ref="nc-n104" as="anc"/>
  <node xml:id="nc-n105"/>
  <a xml:id="nc-N65631" label="nchunk" ref="nc-n105" as="anc"/>
  <node xml:id="nc-n106"/>
  <a xml:id="nc-N65639" label="nchunk" ref="nc-n106" as="anc"/>
  <node xml:id="nc-n107"/>
  <a xml:id="nc-N65647" label="nchunk" ref="nc-n107" as="anc"/>
  <node xml:id="nc-n108"/>
  <a xml:id="nc-N65655" label="nchunk" ref="nc-n108" as="anc"/>
  <node xml:id="nc-n109"/>
  <a xml:id="nc-N65663" label="nchunk" ref="nc-n109" as="anc"/>
  <node xml:id="nc-n11"/>
  <a xml:id="nc-N65671" label="nchunk" ref="nc-n11" as="anc"/>
  <node xml:id="nc-n110"/>
  <a xml:id="nc-N65679" label="nchunk" ref="nc-n110" as="anc"/>
  <node xml:id="nc-n111"/>
  <a xml:id="nc-N65687" label="nchunk" ref="nc-n111" as="anc"/>
  <node xml:id="nc-n112"/>
  <a xml:id="nc-N65695" label="nchunk" ref="nc-n112" as="anc"/>
  <node xml:id="nc-n113"/>
  <a xml:id="nc-N65703" label="nchunk" ref="nc-n113" as="anc"/>
  <node xml:id="nc-n114"/>
  <a xml:id="nc-N65711" label="nchunk" ref="nc-n114" as="anc"/>
  <node xml:id="nc-n115"/>
  <a xml:id="nc-N65719" label="nchunk" ref="nc-n115" as="anc"/>
  <node xml:id="nc-n116"/>
  <a xml:id="nc-N65727" label="nchunk" ref="nc-n116" as="anc"/>
  <node xml:id="nc-n117"/>
  <a xml:id="nc-N65735" label="nchunk" ref="nc-n117" as="anc"/>
  <node xml:id="nc-n118"/>
  <a xml:id="nc-N65743" label="nchunk" ref="nc-n118" as="anc"/>
  <node xml:id="nc-n119"/>
  <a xml:id="nc-N65751" label="nchunk" ref="nc-n119" as="anc"/>
  <node xml:id="nc-n12"/>
  <a xml:id="nc-N65759" label="nchunk" ref="nc-n12" as="anc"/>
  <node xml:id="nc-n120"/>
  <a xml:id="nc-N65767" label="nchunk" ref="nc-n120" as="anc"/>
  <node xml:id="nc-n121"/>
  <a xml:id="nc-N65775" label="nchunk" ref="nc-n121" as="anc"/>
  <node xml:id="nc-n122"/>
  <a xml:id="nc-N65783" label="nchunk" ref="nc-n122" as="anc"/>
  <node xml:id="nc-n123"/>
  <a xml:id="nc-N65791" label="nchunk" ref="nc-n123" as="anc"/>
  <node xml:id="nc-n124"/>
  <a xml:id="nc-N65799" label="nchunk" ref="nc-n124" as="anc"/>
  <node xml:id="nc-n125"/>
  <a xml:id="nc-N65807" label="nchunk" ref="nc-n125" as="anc"/>
  <node xml:id="nc-n126"/>
  <a xml:id="nc-N65815" label="nchunk" ref="nc-n126" as="anc"/>
  <node xml:id="nc-n127"/>
  <a xml:id="nc-N65823" label="nchunk" ref="nc-n127" as="anc"/>
  <node xml:id="nc-n128"/>
  <a xml:id="nc-N65831" label="nchunk" ref="nc-n128" as="anc"/>
  <node xml:id="nc-n129"/>
  <a xml:id="nc-N65839" label="nchunk" ref="nc-n129" as="anc"/>
  <node xml:id="nc-n13"/>
  <a xml:id="nc-N65847" label="nchunk" ref="nc-n13" as="anc"/>
  <node xml:id="nc-n130"/>
  <a xml:id="nc-N65855" label="nchunk" ref="nc-n130" as="anc"/>
  <node xml:id="nc-n131"/>
  <a xml:id="nc-N65863" label="nchunk" ref="nc-n131" as="anc"/>
  <node xml:id="nc-n132"/>
  <a xml:id="nc-N65871" label="nchunk" ref="nc-n132" as="anc"/>
  <node xml:id="nc-n133"/>
  <a xml:id="nc-N65879" label="nchunk" ref="nc-n133" as="anc"/>
  <node xml:id="nc-n134"/>
  <a xml:id="nc-N65887" label="nchunk" ref="nc-n134" as="anc"/>
  <node xml:id="nc-n135"/>
  <a xml:id="nc-N65895" label="nchunk" ref="nc-n135" as="anc"/>
  <node xml:id="nc-n136"/>
  <a xml:id="nc-N65903" label="nchunk" ref="nc-n136" as="anc"/>
  <node xml:id="nc-n137"/>
  <a xml:id="nc-N65911" label="nchunk" ref="nc-n137" as="anc"/>
  <node xml:id="nc-n138"/>
  <a xml:id="nc-N65919" label="nchunk" ref="nc-n138" as="anc"/>
  <node xml:id="nc-n139"/>
  <a xml:id="nc-N65927" label="nchunk" ref="nc-n139" as="anc"/>
  <node xml:id="nc-n14"/>
  <a xml:id="nc-N65935" label="nchunk" ref="nc-n14" as="anc"/>
  <node xml:id="nc-n140"/>
  <a xml:id="nc-N65943" label="nchunk" ref="nc-n140" as="anc"/>
  <node xml:id="nc-n141"/>
  <a xml:id="nc-N65951" label="nchunk" ref="nc-n141" as="anc"/>
  <node xml:id="nc-n142"/>
  <a xml:id="nc-N65959" label="nchunk" ref="nc-n142" as="anc"/>
  <node xml:id="nc-n143"/>
  <a xml:id="nc-N65967" label="nchunk" ref="nc-n143" as="anc"/>
  <node xml:id="nc-n144"/>
  <a xml:id="nc-N65975" label="nchunk" ref="nc-n144" as="anc"/>
  <node xml:id="nc-n145"/>
  <a xml:id="nc-N65983" label="nchunk" ref="nc-n145" as="anc"/>
  <node xml:id="nc-n146"/>
  <a xml:id="nc-N65991" label="nchunk" ref="nc-n146" as="anc"/>
  <node xml:id="nc-n147"/>
  <a xml:id="nc-N65999" label="nchunk" ref="nc-n147" as="anc"/>
  <node xml:id="nc-n148"/>
  <a xml:id="nc-N66007" label="nchunk" ref="nc-n148" as="anc"/>
  <node xml:id="nc-n149"/>
  <a xml:id="nc-N66015" label="nchunk" ref="nc-n149" as="anc"/>
  <node xml:id="nc-n15"/>
  <a xml:id="nc-N66023" label="nchunk" ref="nc-n15" as="anc"/>
  <node xml:id="nc-n150"/>
  <a xml:id="nc-N66031" label="nchunk" ref="nc-n150" as="anc"/>
  <node xml:id="nc-n151"/>
  <a xml:id="nc-N66039" label="nchunk" ref="nc-n151" as="anc"/>
  <node xml:id="nc-n152"/>
  <a xml:id="nc-N66047" label="nchunk" ref="nc-n152" as="anc"/>
  <node xml:id="nc-n153"/>
  <a xml:id="nc-N66055" label="nchunk" ref="nc-n153" as="anc"/>
  <node xml:id="nc-n154"/>
  <a xml:id="nc-N66063" label="nchunk" ref="nc-n154" as="anc"/>
  <node xml:id="nc-n155"/>
  <a xml:id="nc-N66071" label="nchunk" ref="nc-n155" as="anc"/>
  <node xml:id="nc-n156"/>
  <a xml:id="nc-N66079" label="nchunk" ref="nc-n156" as="anc"/>
  <node xml:id="nc-n157"/>
  <a xml:id="nc-N66087" label="nchunk" ref="nc-n157" as="anc"/>
  <node xml:id="nc-n158"/>
  <a xml:id="nc-N66095" label="nchunk" ref="nc-n158" as="anc"/>
  <node xml:id="nc-n159"/>
  <a xml:id="nc-N66103" label="nchunk" ref="nc-n159" as="anc"/>
  <node xml:id="nc-n16"/>
  <a xml:id="nc-N66111" label="nchunk" ref="nc-n16" as="anc"/>
  <node xml:id="nc-n160"/>
  <a xml:id="nc-N66119" label="nchunk" ref="nc-n160" as="anc"/>
  <node xml:id="nc-n161"/>
  <a xml:id="nc-N66127" label="nchunk" ref="nc-n161" as="anc"/>
  <node xml:id="nc-n162"/>
  <a xml:id="nc-N66135" label="nchunk" ref="nc-n162" as="anc"/>
  <node xml:id="nc-n163"/>
  <a xml:id="nc-N66143" label="nchunk" ref="nc-n163" as="anc"/>
  <node xml:id="nc-n164"/>
  <a xml:id="nc-N66151" label="nchunk" ref="nc-n164" as="anc"/>
  <node xml:id="nc-n165"/>
  <a xml:id="nc-N66159" label="nchunk" ref="nc-n165" as="anc"/>
  <node xml:id="nc-n166"/>
  <a xml:id="nc-N66167" label="nchunk" ref="nc-n166" as="anc"/>
  <node xml:id="nc-n17"/>
  <a xml:id="nc-N66175" label="nchunk" ref="nc-n17" as="anc"/>
  <node xml:id="nc-n18"/>
  <a xml:id="nc-N66183" label="nchunk" ref="nc-n18" as="anc"/>
  <node xml:id="nc-n19"/>
  <a xml:id="nc-N66191" label="nchunk" ref="nc-n19" as="anc"/>
  <node xml:id="nc-n2"/>
  <a xml:id="nc-N66199" label="nchunk" ref="nc-n2" as="anc"/>
  <node xml:id="nc-n20"/>
  <a xml:id="nc-N66207" label="nchunk" ref="nc-n20" as="anc"/>
  <node xml:id="nc-n21"/>
  <a xml:id="nc-N66215" label="nchunk" ref="nc-n21" as="anc"/>
  <node xml:id="nc-n22"/>
  <a xml:id="nc-N66223" label="nchunk" ref="nc-n22" as="anc"/>
  <node xml:id="nc-n23"/>
  <a xml:id="nc-N66231" label="nchunk" ref="nc-n23" as="anc"/>
  <node xml:id="nc-n24"/>
  <a xml:id="nc-N66239" label="nchunk" ref="nc-n24" as="anc"/>
  <node xml:id="nc-n25"/>
  <a xml:id="nc-N66247" label="nchunk" ref="nc-n25" as="anc"/>
  <node xml:id="nc-n26"/>
  <a xml:id="nc-N66255" label="nchunk" ref="nc-n26" as="anc"/>
  <node xml:id="nc-n27"/>
  <a xml:id="nc-N66263" label="nchunk" ref="nc-n27" as="anc"/>
  <node xml:id="nc-n28"/>
  <a xml:id="nc-N66271" label="nchunk" ref="nc-n28" as="anc"/>
  <node xml:id="nc-n29"/>
  <a xml:id="nc-N66279" label="nchunk" ref="nc-n29" as="anc"/>
  <node xml:id="nc-n3"/>
  <a xml:id="nc-N66287" label="nchunk" ref="nc-n3" as="anc"/>
  <node xml:id="nc-n30"/>
  <a xml:id="nc-N66295" label="nchunk" ref="nc-n30" as="anc"/>
  <node xml:id="nc-n31"/>
  <a xml:id="nc-N66303" label="nchunk" ref="nc-n31" as="anc"/>
  <node xml:id="nc-n32"/>
  <a xml:id="nc-N66311" label="nchunk" ref="nc-n32" as="anc"/>
  <node xml:id="nc-n33"/>
  <a xml:id="nc-N66319" label="nchunk" ref="nc-n33" as="anc"/>
  <node xml:id="nc-n34"/>
  <a xml:id="nc-N66327" label="nchunk" ref="nc-n34" as="anc"/>
  <node xml:id="nc-n35"/>
  <a xml:id="nc-N66335" label="nchunk" ref="nc-n35" as="anc"/>
  <node xml:id="nc-n36"/>
  <a xml:id="nc-N66343" label="nchunk" ref="nc-n36" as="anc"/>
  <node xml:id="nc-n37"/>
  <a xml:id="nc-N66351" label="nchunk" ref="nc-n37" as="anc"/>
  <node xml:id="nc-n38"/>
  <a xml:id="nc-N66359" label="nchunk" ref="nc-n38" as="anc"/>
  <node xml:id="nc-n39"/>
  <a xml:id="nc-N66367" label="nchunk" ref="nc-n39" as="anc"/>
  <node xml:id="nc-n4"/>
  <a xml:id="nc-N66375" label="nchunk" ref="nc-n4" as="anc"/>
  <node xml:id="nc-n40"/>
  <a xml:id="nc-N66383" label="nchunk" ref="nc-n40" as="anc"/>
  <node xml:id="nc-n41"/>
  <a xml:id="nc-N66391" label="nchunk" ref="nc-n41" as="anc"/>
  <node xml:id="nc-n42"/>
  <a xml:id="nc-N66399" label="nchunk" ref="nc-n42" as="anc"/>
  <node xml:id="nc-n43"/>
  <a xml:id="nc-N66407" label="nchunk" ref="nc-n43" as="anc"/>
  <node xml:id="nc-n44"/>
  <a xml:id="nc-N66415" label="nchunk" ref="nc-n44" as="anc"/>
  <node xml:id="nc-n45"/>
  <a xml:id="nc-N66423" label="nchunk" ref="nc-n45" as="anc"/>
  <node xml:id="nc-n46"/>
  <a xml:id="nc-N66431" label="nchunk" ref="nc-n46" as="anc"/>
  <node xml:id="nc-n47"/>
  <a xml:id="nc-N66439" label="nchunk" ref="nc-n47" as="anc"/>
  <node xml:id="nc-n48"/>
  <a xml:id="nc-N66447" label="nchunk" ref="nc-n48" as="anc"/>
  <node xml:id="nc-n49"/>
  <a xml:id="nc-N66455" label="nchunk" ref="nc-n49" as="anc"/>
  <node xml:id="nc-n5"/>
  <a xml:id="nc-N66463" label="nchunk" ref="nc-n5" as="anc"/>
  <node xml:id="nc-n50"/>
  <a xml:id="nc-N66471" label="nchunk" ref="nc-n50" as="anc"/>
  <node xml:id="nc-n51"/>
  <a xml:id="nc-N66479" label="nchunk" ref="nc-n51" as="anc"/>
  <node xml:id="nc-n52"/>
  <a xml:id="nc-N66487" label="nchunk" ref="nc-n52" as="anc"/>
  <node xml:id="nc-n53"/>
  <a xml:id="nc-N66495" label="nchunk" ref="nc-n53" as="anc"/>
  <node xml:id="nc-n54"/>
  <a xml:id="nc-N66503" label="nchunk" ref="nc-n54" as="anc"/>
  <node xml:id="nc-n55"/>
  <a xml:id="nc-N66511" label="nchunk" ref="nc-n55" as="anc"/>
  <node xml:id="nc-n56"/>
  <a xml:id="nc-N66519" label="nchunk" ref="nc-n56" as="anc"/>
  <node xml:id="nc-n57"/>
  <a xml:id="nc-N66527" label="nchunk" ref="nc-n57" as="anc"/>
  <node xml:id="nc-n58"/>
  <a xml:id="nc-N66535" label="nchunk" ref="nc-n58" as="anc"/>
  <node xml:id="nc-n59"/>
  <a xml:id="nc-N66543" label="nchunk" ref="nc-n59" as="anc"/>
  <node xml:id="nc-n6"/>
  <a xml:id="nc-N66551" label="nchunk" ref="nc-n6" as="anc"/>
  <node xml:id="nc-n60"/>
  <a xml:id="nc-N66559" label="nchunk" ref="nc-n60" as="anc"/>
  <node xml:id="nc-n61"/>
  <a xml:id="nc-N66567" label="nchunk" ref="nc-n61" as="anc"/>
  <node xml:id="nc-n62"/>
  <a xml:id="nc-N66575" label="nchunk" ref="nc-n62" as="anc"/>
  <node xml:id="nc-n63"/>
  <a xml:id="nc-N66583" label="nchunk" ref="nc-n63" as="anc"/>
  <node xml:id="nc-n64"/>
  <a xml:id="nc-N66591" label="nchunk" ref="nc-n64" as="anc"/>
  <node xml:id="nc-n65"/>
  <a xml:id="nc-N66599" label="nchunk" ref="nc-n65" as="anc"/>
  <node xml:id="nc-n66"/>
  <a xml:id="nc-N66607" label="nchunk" ref="nc-n66" as="anc"/>
  <node xml:id="nc-n67"/>
  <a xml:id="nc-N66615" label="nchunk" ref="nc-n67" as="anc"/>
  <node xml:id="nc-n68"/>
  <a xml:id="nc-N66623" label="nchunk" ref="nc-n68" as="anc"/>
  <node xml:id="nc-n69"/>
  <a xml:id="nc-N66631" label="nchunk" ref="nc-n69" as="anc"/>
  <node xml:id="nc-n7"/>
  <a xml:id="nc-N66639" label="nchunk" ref="nc-n7" as="anc"/>
  <node xml:id="nc-n70"/>
  <a xml:id="nc-N66647" label="nchunk" ref="nc-n70" as="anc"/>
  <node xml:id="nc-n71"/>
  <a xml:id="nc-N66655" label="nchunk" ref="nc-n71" as="anc"/>
  <node xml:id="nc-n72"/>
  <a xml:id="nc-N66663" label="nchunk" ref="nc-n72" as="anc"/>
  <node xml:id="nc-n73"/>
  <a xml:id="nc-N66671" label="nchunk" ref="nc-n73" as="anc"/>
  <node xml:id="nc-n74"/>
  <a xml:id="nc-N66679" label="nchunk" ref="nc-n74" as="anc"/>
  <node xml:id="nc-n75"/>
  <a xml:id="nc-N66687" label="nchunk" ref="nc-n75" as="anc"/>
  <node xml:id="nc-n76"/>
  <a xml:id="nc-N66695" label="nchunk" ref="nc-n76" as="anc"/>
  <node xml:id="nc-n77"/>
  <a xml:id="nc-N66703" label="nchunk" ref="nc-n77" as="anc"/>
  <node xml:id="nc-n78"/>
  <a xml:id="nc-N66711" label="nchunk" ref="nc-n78" as="anc"/>
  <node xml:id="nc-n79"/>
  <a xml:id="nc-N66719" label="nchunk" ref="nc-n79" as="anc"/>
  <node xml:id="nc-n8"/>
  <a xml:id="nc-N66727" label="nchunk" ref="nc-n8" as="anc"/>
  <node xml:id="nc-n80"/>
  <a xml:id="nc-N66735" label="nchunk" ref="nc-n80" as="anc"/>
  <node xml:id="nc-n81"/>
  <a xml:id="nc-N66743" label="nchunk" ref="nc-n81" as="anc"/>
  <node xml:id="nc-n82"/>
  <a xml:id="nc-N66751" label="nchunk" ref="nc-n82" as="anc"/>
  <node xml:id="nc-n83"/>
  <a xml:id="nc-N66759" label="nchunk" ref="nc-n83" as="anc"/>
  <node xml:id="nc-n84"/>
  <a xml:id="nc-N66767" label="nchunk" ref="nc-n84" as="anc"/>
  <node xml:id="nc-n85"/>
  <a xml:id="nc-N66775" label="nchunk" ref="nc-n85" as="anc"/>
  <node xml:id="nc-n86"/>
  <a xml:id="nc-N66783" label="nchunk" ref="nc-n86" as="anc"/>
  <node xml:id="nc-n87"/>
  <a xml:id="nc-N66791" label="nchunk" ref="nc-n87" as="anc"/>
  <node xml:id="nc-n88"/>
  <a xml:id="nc-N66799" label="nchunk" ref="nc-n88" as="anc"/>
  <node xml:id="nc-n89"/>
  <a xml:id="nc-N66807" label="nchunk" ref="nc-n89" as="anc"/>
  <node xml:id="nc-n9"/>
  <a xml:id="nc-N66815" label="nchunk" ref="nc-n9" as="anc"/>
  <node xml:id="nc-n90"/>
  <a xml:id="nc-N66823" label="nchunk" ref="nc-n90" as="anc"/>
  <node xml:id="nc-n91"/>
  <a xml:id="nc-N66831" label="nchunk" ref="nc-n91" as="anc"/>
  <node xml:id="nc-n92"/>
  <a xml:id="nc-N66839" label="nchunk" ref="nc-n92" as="anc"/>
  <node xml:id="nc-n93"/>
  <a xml:id="nc-N66847" label="nchunk" ref="nc-n93" as="anc"/>
  <node xml:id="nc-n94"/>
  <a xml:id="nc-N66855" label="nchunk" ref="nc-n94" as="anc"/>
  <node xml:id="nc-n95"/>
  <a xml:id="nc-N66863" label="nchunk" ref="nc-n95" as="anc"/>
  <node xml:id="nc-n96"/>
  <a xml:id="nc-N66871" label="nchunk" ref="nc-n96" as="anc"/>
  <node xml:id="nc-n97"/>
  <a xml:id="nc-N66879" label="nchunk" ref="nc-n97" as="anc"/>
  <node xml:id="nc-n98"/>
  <a xml:id="nc-N66887" label="nchunk" ref="nc-n98" as="anc"/>
  <node xml:id="nc-n99"/>
  <a xml:id="nc-N66895" label="nchunk" ref="nc-n99" as="anc"/>
  <edge xml:id="nc-lnk221" from="nc-n163" to="penn-n598"/>
  <edge xml:id="nc-lnk220" from="nc-n162" to="penn-n597"/>
  <edge xml:id="nc-lnk189" from="nc-n134" to="penn-n499"/>
  <edge xml:id="nc-lnk188" from="nc-n133" to="penn-n497"/>
  <edge xml:id="nc-lnk187" from="nc-n132" to="penn-n490"/>
  <edge xml:id="nc-lnk186" from="nc-n132" to="penn-n489"/>
  <edge xml:id="nc-lnk185" from="nc-n132" to="penn-n488"/>
  <edge xml:id="nc-lnk184" from="nc-n131" to="penn-n486"/>
  <edge xml:id="nc-lnk183" from="nc-n130" to="penn-n484"/>
  <edge xml:id="nc-lnk182" from="nc-n130" to="penn-n483"/>
  <edge xml:id="nc-lnk181" from="nc-n129" to="penn-n480"/>
  <edge xml:id="nc-lnk180" from="nc-n128" to="penn-n477"/>
  <edge xml:id="nc-lnk49" from="nc-n35" to="penn-n121"/>
  <edge xml:id="nc-lnk48" from="nc-n34" to="penn-n119"/>
  <edge xml:id="nc-lnk47" from="nc-n34" to="penn-n118"/>
  <edge xml:id="nc-lnk219" from="nc-n161" to="penn-n592"/>
  <edge xml:id="nc-lnk46" from="nc-n34" to="penn-n117"/>
  <edge xml:id="nc-lnk218" from="nc-n160" to="penn-n590"/>
  <edge xml:id="nc-lnk45" from="nc-n33" to="penn-n114"/>
  <edge xml:id="nc-lnk217" from="nc-n159" to="penn-n586"/>
  <edge xml:id="nc-lnk44" from="nc-n32" to="penn-n113"/>
  <edge xml:id="nc-lnk216" from="nc-n158" to="penn-n579"/>
  <edge xml:id="nc-lnk43" from="nc-n31" to="penn-n111"/>
  <edge xml:id="nc-lnk215" from="nc-n157" to="penn-n578"/>
  <edge xml:id="nc-lnk42" from="nc-n30" to="penn-n108"/>
  <edge xml:id="nc-lnk214" from="nc-n156" to="penn-n574"/>
  <edge xml:id="nc-lnk41" from="nc-n30" to="penn-n107"/>
  <edge xml:id="nc-lnk213" from="nc-n155" to="penn-n570"/>
  <edge xml:id="nc-lnk40" from="nc-n29" to="penn-n105"/>
  <edge xml:id="nc-lnk212" from="nc-n154" to="penn-n567"/>
  <edge xml:id="nc-lnk211" from="nc-n153" to="penn-n565"/>
  <edge xml:id="nc-lnk210" from="nc-n152" to="penn-n562"/>
  <edge xml:id="nc-lnk179" from="nc-n128" to="penn-n476"/>
  <edge xml:id="nc-lnk178" from="nc-n127" to="penn-n474"/>
  <edge xml:id="nc-lnk177" from="nc-n126" to="penn-n471"/>
  <edge xml:id="nc-lnk176" from="nc-n125" to="penn-n466"/>
  <edge xml:id="nc-lnk175" from="nc-n124" to="penn-n461"/>
  <edge xml:id="nc-lnk174" from="nc-n124" to="penn-n460"/>
  <edge xml:id="nc-lnk173" from="nc-n123" to="penn-n458"/>
  <edge xml:id="nc-lnk172" from="nc-n123" to="penn-n457"/>
  <edge xml:id="nc-lnk171" from="nc-n123" to="penn-n456"/>
  <edge xml:id="nc-lnk170" from="nc-n123" to="penn-n455"/>
  <edge xml:id="nc-lnk39" from="nc-n28" to="penn-n103"/>
  <edge xml:id="nc-lnk38" from="nc-n28" to="penn-n102"/>
  <edge xml:id="nc-lnk37" from="nc-n27" to="penn-n100"/>
  <edge xml:id="nc-lnk209" from="nc-n151" to="penn-n559"/>
  <edge xml:id="nc-lnk36" from="nc-n26" to="penn-n98"/>
  <edge xml:id="nc-lnk208" from="nc-n150" to="penn-n555"/>
  <edge xml:id="nc-lnk35" from="nc-n26" to="penn-n97"/>
  <edge xml:id="nc-lnk207" from="nc-n149" to="penn-n553"/>
  <edge xml:id="nc-lnk34" from="nc-n25" to="penn-n95"/>
  <edge xml:id="nc-lnk206" from="nc-n149" to="penn-n552"/>
  <edge xml:id="nc-lnk33" from="nc-n24" to="penn-n92"/>
  <edge xml:id="nc-lnk205" from="nc-n148" to="penn-n550"/>
  <edge xml:id="nc-lnk32" from="nc-n24" to="penn-n91"/>
  <edge xml:id="nc-lnk204" from="nc-n147" to="penn-n547"/>
  <edge xml:id="nc-lnk31" from="nc-n23" to="penn-n89"/>
  <edge xml:id="nc-lnk203" from="nc-n147" to="penn-n546"/>
  <edge xml:id="nc-lnk30" from="nc-n23" to="penn-n88"/>
  <edge xml:id="nc-lnk202" from="nc-n146" to="penn-n542"/>
  <edge xml:id="nc-lnk201" from="nc-n145" to="penn-n536"/>
  <edge xml:id="nc-lnk200" from="nc-n144" to="penn-n529"/>
  <edge xml:id="nc-lnk169" from="nc-n122" to="penn-n453"/>
  <edge xml:id="nc-lnk168" from="nc-n121" to="penn-n446"/>
  <edge xml:id="nc-lnk167" from="nc-n121" to="penn-n445"/>
  <edge xml:id="nc-lnk166" from="nc-n120" to="penn-n443"/>
  <edge xml:id="nc-lnk165" from="nc-n119" to="penn-n441"/>
  <edge xml:id="nc-lnk164" from="nc-n118" to="penn-n434"/>
  <edge xml:id="nc-lnk163" from="nc-n118" to="penn-n433"/>
  <edge xml:id="nc-lnk162" from="nc-n118" to="penn-n432"/>
  <edge xml:id="nc-lnk161" from="nc-n117" to="penn-n431"/>
  <edge xml:id="nc-lnk160" from="nc-n117" to="penn-n430"/>
  <edge xml:id="nc-lnk29" from="nc-n22" to="penn-n86"/>
  <edge xml:id="nc-lnk28" from="nc-n21" to="penn-n85"/>
  <edge xml:id="nc-lnk27" from="nc-n20" to="penn-n83"/>
  <edge xml:id="nc-lnk26" from="nc-n19" to="penn-n79"/>
  <edge xml:id="nc-lnk25" from="nc-n18" to="penn-n78"/>
  <edge xml:id="nc-lnk24" from="nc-n17" to="penn-n76"/>
  <edge xml:id="nc-lnk23" from="nc-n17" to="penn-n75"/>
  <edge xml:id="nc-lnk22" from="nc-n16" to="penn-n70"/>
  <edge xml:id="nc-lnk21" from="nc-n15" to="penn-n63"/>
  <edge xml:id="nc-lnk20" from="nc-n15" to="penn-n62"/>
  <edge xml:id="nc-lnk159" from="nc-n116" to="penn-n427"/>
  <edge xml:id="nc-lnk158" from="nc-n115" to="penn-n426"/>
  <edge xml:id="nc-lnk157" from="nc-n114" to="penn-n424"/>
  <edge xml:id="nc-lnk156" from="nc-n113" to="penn-n422"/>
  <edge xml:id="nc-lnk155" from="nc-n113" to="penn-n421"/>
  <edge xml:id="nc-lnk154" from="nc-n112" to="penn-n413"/>
  <edge xml:id="nc-lnk153" from="nc-n111" to="penn-n411"/>
  <edge xml:id="nc-lnk152" from="nc-n111" to="penn-n410"/>
  <edge xml:id="nc-lnk151" from="nc-n110" to="penn-n408"/>
  <edge xml:id="nc-lnk150" from="nc-n109" to="penn-n406"/>
  <edge xml:id="nc-lnk19" from="nc-n14" to="penn-n60"/>
  <edge xml:id="nc-lnk18" from="nc-n13" to="penn-n55"/>
  <edge xml:id="nc-lnk17" from="nc-n12" to="penn-n51"/>
  <edge xml:id="nc-lnk16" from="nc-n11" to="penn-n48"/>
  <edge xml:id="nc-lnk15" from="nc-n11" to="penn-n47"/>
  <edge xml:id="nc-lnk14" from="nc-n10" to="penn-n44"/>
  <edge xml:id="nc-lnk13" from="nc-n9" to="penn-n39"/>
  <edge xml:id="nc-lnk12" from="nc-n8" to="penn-n32"/>
  <edge xml:id="nc-lnk11" from="nc-n8" to="penn-n31"/>
  <edge xml:id="nc-lnk10" from="nc-n7" to="penn-n29"/>
  <edge xml:id="nc-lnk149" from="nc-n108" to="penn-n401"/>
  <edge xml:id="nc-lnk148" from="nc-n108" to="penn-n400"/>
  <edge xml:id="nc-lnk147" from="nc-n107" to="penn-n398"/>
  <edge xml:id="nc-lnk146" from="nc-n107" to="penn-n397"/>
  <edge xml:id="nc-lnk145" from="nc-n106" to="penn-n393"/>
  <edge xml:id="nc-lnk144" from="nc-n105" to="penn-n389"/>
  <edge xml:id="nc-lnk143" from="nc-n104" to="penn-n381"/>
  <edge xml:id="nc-lnk142" from="nc-n103" to="penn-n379"/>
  <edge xml:id="nc-lnk141" from="nc-n103" to="penn-n378"/>
  <edge xml:id="nc-lnk140" from="nc-n103" to="penn-n377"/>
  <edge xml:id="nc-lnk139" from="nc-n102" to="penn-n374"/>
  <edge xml:id="nc-lnk138" from="nc-n101" to="penn-n369"/>
  <edge xml:id="nc-lnk137" from="nc-n100" to="penn-n367"/>
  <edge xml:id="nc-lnk136" from="nc-n99" to="penn-n364"/>
  <edge xml:id="nc-lnk135" from="nc-n98" to="penn-n358"/>
  <edge xml:id="nc-lnk134" from="nc-n97" to="penn-n355"/>
  <edge xml:id="nc-lnk133" from="nc-n96" to="penn-n353"/>
  <edge xml:id="nc-lnk132" from="nc-n95" to="penn-n351"/>
  <edge xml:id="nc-lnk131" from="nc-n95" to="penn-n350"/>
  <edge xml:id="nc-lnk130" from="nc-n94" to="penn-n349"/>
  <edge xml:id="nc-lnk129" from="nc-n93" to="penn-n346"/>
  <edge xml:id="nc-lnk128" from="nc-n92" to="penn-n339"/>
  <edge xml:id="nc-lnk127" from="nc-n91" to="penn-n337"/>
  <edge xml:id="nc-lnk126" from="nc-n90" to="penn-n335"/>
  <edge xml:id="nc-lnk125" from="nc-n89" to="penn-n333"/>
  <edge xml:id="nc-lnk124" from="nc-n88" to="penn-n331"/>
  <edge xml:id="nc-lnk123" from="nc-n87" to="penn-n328"/>
  <edge xml:id="nc-lnk122" from="nc-n86" to="penn-n324"/>
  <edge xml:id="nc-lnk121" from="nc-n85" to="penn-n321"/>
  <edge xml:id="nc-lnk120" from="nc-n84" to="penn-n318"/>
  <edge xml:id="nc-lnk119" from="nc-n84" to="penn-n317"/>
  <edge xml:id="nc-lnk118" from="nc-n83" to="penn-n315"/>
  <edge xml:id="nc-lnk117" from="nc-n83" to="penn-n314"/>
  <edge xml:id="nc-lnk116" from="nc-n82" to="penn-n312"/>
  <edge xml:id="nc-lnk115" from="nc-n81" to="penn-n307"/>
  <edge xml:id="nc-lnk114" from="nc-n80" to="penn-n303"/>
  <edge xml:id="nc-lnk113" from="nc-n80" to="penn-n302"/>
  <edge xml:id="nc-lnk112" from="nc-n79" to="penn-n298"/>
  <edge xml:id="nc-lnk111" from="nc-n79" to="penn-n297"/>
  <edge xml:id="nc-lnk110" from="nc-n78" to="penn-n295"/>
  <edge xml:id="nc-lnk99" from="nc-n68" to="penn-n253"/>
  <edge xml:id="nc-lnk98" from="nc-n67" to="penn-n247"/>
  <edge xml:id="nc-lnk109" from="nc-n77" to="penn-n292"/>
  <edge xml:id="nc-lnk97" from="nc-n67" to="penn-n246"/>
  <edge xml:id="nc-lnk108" from="nc-n76" to="penn-n289"/>
  <edge xml:id="nc-lnk96" from="nc-n67" to="penn-n245"/>
  <edge xml:id="nc-lnk107" from="nc-n76" to="penn-n288"/>
  <edge xml:id="nc-lnk95" from="nc-n66" to="penn-n239"/>
  <edge xml:id="nc-lnk106" from="nc-n75" to="penn-n285"/>
  <edge xml:id="nc-lnk94" from="nc-n65" to="penn-n237"/>
  <edge xml:id="nc-lnk105" from="nc-n74" to="penn-n281"/>
  <edge xml:id="nc-lnk93" from="nc-n65" to="penn-n236"/>
  <edge xml:id="nc-lnk104" from="nc-n73" to="penn-n277"/>
  <edge xml:id="nc-lnk92" from="nc-n64" to="penn-n231"/>
  <edge xml:id="nc-lnk103" from="nc-n72" to="penn-n269"/>
  <edge xml:id="nc-lnk91" from="nc-n63" to="penn-n227"/>
  <edge xml:id="nc-lnk102" from="nc-n71" to="penn-n267"/>
  <edge xml:id="nc-lnk90" from="nc-n62" to="penn-n221"/>
  <edge xml:id="nc-lnk101" from="nc-n70" to="penn-n263"/>
  <edge xml:id="nc-lnk100" from="nc-n69" to="penn-n256"/>
  <edge xml:id="nc-lnk89" from="nc-n61" to="penn-n217"/>
  <edge xml:id="nc-lnk88" from="nc-n60" to="penn-n216"/>
  <edge xml:id="nc-lnk87" from="nc-n60" to="penn-n215"/>
  <edge xml:id="nc-lnk86" from="nc-n59" to="penn-n213"/>
  <edge xml:id="nc-lnk85" from="nc-n59" to="penn-n212"/>
  <edge xml:id="nc-lnk84" from="nc-n58" to="penn-n210"/>
  <edge xml:id="nc-lnk83" from="nc-n57" to="penn-n208"/>
  <edge xml:id="nc-lnk82" from="nc-n56" to="penn-n205"/>
  <edge xml:id="nc-lnk81" from="nc-n55" to="penn-n200"/>
  <edge xml:id="nc-lnk80" from="nc-n55" to="penn-n199"/>
  <edge xml:id="nc-lnk79" from="nc-n55" to="penn-n198"/>
  <edge xml:id="nc-lnk78" from="nc-n55" to="penn-n197"/>
  <edge xml:id="nc-lnk77" from="nc-n54" to="penn-n194"/>
  <edge xml:id="nc-lnk76" from="nc-n54" to="penn-n193"/>
  <edge xml:id="nc-lnk75" from="nc-n53" to="penn-n191"/>
  <edge xml:id="nc-lnk74" from="nc-n52" to="penn-n188"/>
  <edge xml:id="nc-lnk73" from="nc-n52" to="penn-n187"/>
  <edge xml:id="nc-lnk72" from="nc-n52" to="penn-n186"/>
  <edge xml:id="nc-lnk71" from="nc-n52" to="penn-n185"/>
  <edge xml:id="nc-lnk70" from="nc-n51" to="penn-n180"/>
  <edge xml:id="nc-lnk69" from="nc-n51" to="penn-n179"/>
  <edge xml:id="nc-lnk68" from="nc-n50" to="penn-n177"/>
  <edge xml:id="nc-lnk67" from="nc-n49" to="penn-n168"/>
  <edge xml:id="nc-lnk66" from="nc-n48" to="penn-n165"/>
  <edge xml:id="nc-lnk65" from="nc-n47" to="penn-n163"/>
  <edge xml:id="nc-lnk64" from="nc-n46" to="penn-n161"/>
  <edge xml:id="nc-lnk63" from="nc-n45" to="penn-n159"/>
  <edge xml:id="nc-lnk62" from="nc-n45" to="penn-n158"/>
  <edge xml:id="nc-lnk61" from="nc-n44" to="penn-n155"/>
  <edge xml:id="nc-lnk60" from="nc-n43" to="penn-n151"/>
  <edge xml:id="nc-lnk199" from="nc-n143" to="penn-n526"/>
  <edge xml:id="nc-lnk198" from="nc-n142" to="penn-n523"/>
  <edge xml:id="nc-lnk197" from="nc-n141" to="penn-n521"/>
  <edge xml:id="nc-lnk196" from="nc-n140" to="penn-n518"/>
  <edge xml:id="nc-lnk195" from="nc-n139" to="penn-n515"/>
  <edge xml:id="nc-lnk194" from="nc-n138" to="penn-n513"/>
  <edge xml:id="nc-lnk193" from="nc-n137" to="penn-n508"/>
  <edge xml:id="nc-lnk192" from="nc-n137" to="penn-n507"/>
  <edge xml:id="nc-lnk191" from="nc-n136" to="penn-n505"/>
  <edge xml:id="nc-lnk190" from="nc-n135" to="penn-n503"/>
  <edge xml:id="nc-lnk9" from="nc-n6" to="penn-n24"/>
  <edge xml:id="nc-lnk8" from="nc-n5" to="penn-n21"/>
  <edge xml:id="nc-lnk7" from="nc-n4" to="penn-n19"/>
  <edge xml:id="nc-lnk6" from="nc-n4" to="penn-n18"/>
  <edge xml:id="nc-lnk5" from="nc-n4" to="penn-n17"/>
  <edge xml:id="nc-lnk59" from="nc-n42" to="penn-n149"/>
  <edge xml:id="nc-lnk4" from="nc-n3" to="penn-n13"/>
  <edge xml:id="nc-lnk58" from="nc-n41" to="penn-n146"/>
  <edge xml:id="nc-lnk3" from="nc-n2" to="penn-n10"/>
  <edge xml:id="nc-lnk57" from="nc-n41" to="penn-n145"/>
  <edge xml:id="nc-lnk2" from="nc-n1" to="penn-n8"/>
  <edge xml:id="nc-lnk56" from="nc-n41" to="penn-n144"/>
  <edge xml:id="nc-lnk1" from="nc-n0" to="penn-n4"/>
  <edge xml:id="nc-lnk55" from="nc-n40" to="penn-n140"/>
  <edge xml:id="nc-lnk0" from="nc-n0" to="penn-n3"/>
  <edge xml:id="nc-lnk54" from="nc-n40" to="penn-n139"/>
  <edge xml:id="nc-lnk226" from="nc-n166" to="penn-n612"/>
  <edge xml:id="nc-lnk53" from="nc-n39" to="penn-n134"/>
  <edge xml:id="nc-lnk225" from="nc-n166" to="penn-n611"/>
  <edge xml:id="nc-lnk52" from="nc-n38" to="penn-n130"/>
  <edge xml:id="nc-lnk224" from="nc-n165" to="penn-n606"/>
  <edge xml:id="nc-lnk51" from="nc-n37" to="penn-n129"/>
  <edge xml:id="nc-lnk223" from="nc-n164" to="penn-n600"/>
  <edge xml:id="nc-lnk50" from="nc-n36" to="penn-n125"/>
  <edge xml:id="nc-lnk222" from="nc-n163" to="penn-n599"/>
</graph>
