<?xml version="1.0" encoding="UTF-8"?><graph xmlns="http://www.xces.org/ns/GrAF/1.0/" xmlns:graf="http://www.xces.org/ns/GrAF/1.0/">
    <graphHeader>
        <labelsDecl>
        </labelsDecl>
    </graphHeader>
    <region xml:id="seg-r0" anchors="25 32"/>
    <region xml:id="seg-r2" anchors="33 37"/>
    <region xml:id="seg-r4" anchors="38 40"/>
    <region xml:id="seg-r6" anchors="41 44"/>
    <region xml:id="seg-r8" anchors="45 49"/>
    <region xml:id="seg-r9" anchors="49 50"/>
    <region xml:id="seg-r11" anchors="60 62"/>
    <region xml:id="seg-r12" anchors="62 63"/>
    <region xml:id="seg-r14" anchors="73 77"/>
    <region xml:id="seg-r16" anchors="78 80"/>
    <region xml:id="seg-r18" anchors="81 86"/>
    <region xml:id="seg-r19" anchors="86 87"/>
    <region xml:id="seg-r21" anchors="88 91"/>
    <region xml:id="seg-r23" anchors="92 93"/>
    <region xml:id="seg-r25" anchors="94 96"/>
    <region xml:id="seg-r26" anchors="96 99"/>
    <region xml:id="seg-r28" anchors="100 104"/>
    <region xml:id="seg-r30" anchors="105 109"/>
    <region xml:id="seg-r32" anchors="110 114"/>
    <region xml:id="seg-r34" anchors="115 119"/>
    <region xml:id="seg-r35" anchors="119 120"/>
    <region xml:id="seg-r37" anchors="144 148"/>
    <region xml:id="seg-r38" anchors="148 149"/>
    <region xml:id="seg-r40" anchors="173 175"/>
    <region xml:id="seg-r42" anchors="176 180"/>
    <region xml:id="seg-r43" anchors="180 182"/>
    <region xml:id="seg-r45" anchors="183 187"/>
    <region xml:id="seg-r46" anchors="187 188"/>
    <region xml:id="seg-r48" anchors="198 202"/>
    <region xml:id="seg-r50" anchors="203 210"/>
    <region xml:id="seg-r51" anchors="210 211"/>
    <region xml:id="seg-r53" anchors="212 217"/>
    <region xml:id="seg-r55" anchors="218 222"/>
    <region xml:id="seg-r56" anchors="222 223"/>
    <region xml:id="seg-r58" anchors="233 235"/>
    <region xml:id="seg-r59" anchors="235 236"/>
    <region xml:id="seg-r61" anchors="246 249"/>
    <region xml:id="seg-r63" anchors="250 255"/>
    <region xml:id="seg-r65" anchors="256 259"/>
    <region xml:id="seg-r67" anchors="260 263"/>
    <region xml:id="seg-r69" anchors="264 268"/>
    <region xml:id="seg-r71" anchors="269 271"/>
    <region xml:id="seg-r72" anchors="271 272"/>
    <region xml:id="seg-r74" anchors="282 286"/>
    <region xml:id="seg-r76" anchors="287 290"/>
    <region xml:id="seg-r78" anchors="291 295"/>
    <region xml:id="seg-r80" anchors="296 298"/>
    <region xml:id="seg-r82" anchors="299 303"/>
    <region xml:id="seg-r84" anchors="304 308"/>
    <region xml:id="seg-r86" anchors="309 313"/>
    <region xml:id="seg-r87" anchors="313 314"/>
    <region xml:id="seg-r89" anchors="338 339"/>
    <region xml:id="seg-r91" anchors="340 343"/>
    <region xml:id="seg-r93" anchors="344 348"/>
    <region xml:id="seg-r95" anchors="349 351"/>
    <region xml:id="seg-r97" anchors="352 363"/>
    <region xml:id="seg-r98" anchors="363 364"/>
    <region xml:id="seg-r100" anchors="374 379"/>
    <region xml:id="seg-r102" anchors="380 387"/>
    <region xml:id="seg-r104" anchors="388 390"/>
    <region xml:id="seg-r106" anchors="391 398"/>
    <region xml:id="seg-r108" anchors="399 401"/>
    <region xml:id="seg-r110" anchors="402 409"/>
    <region xml:id="seg-r112" anchors="410 416"/>
    <region xml:id="seg-r113" anchors="416 417"/>
    <region xml:id="seg-r115" anchors="441 443"/>
    <region xml:id="seg-r116" anchors="443 444"/>
    <region xml:id="seg-r118" anchors="445 447"/>
    <region xml:id="seg-r119" anchors="447 448"/>
    <region xml:id="seg-r121" anchors="458 462"/>
    <region xml:id="seg-r123" anchors="463 466"/>
    <region xml:id="seg-r125" anchors="467 471"/>
    <region xml:id="seg-r127" anchors="472 478"/>
    <region xml:id="seg-r128" anchors="478 479"/>
    <region xml:id="seg-r130" anchors="480 483"/>
    <region xml:id="seg-r132" anchors="484 488"/>
    <region xml:id="seg-r134" anchors="489 492"/>
    <region xml:id="seg-r136" anchors="493 497"/>
    <region xml:id="seg-r138" anchors="498 501"/>
    <region xml:id="seg-r140" anchors="502 507"/>
    <region xml:id="seg-r141" anchors="507 508"/>
    <region xml:id="seg-r143" anchors="509 511"/>
    <region xml:id="seg-r145" anchors="512 515"/>
    <region xml:id="seg-r147" anchors="516 524"/>
    <region xml:id="seg-r149" anchors="525 529"/>
    <region xml:id="seg-r151" anchors="530 533"/>
    <region xml:id="seg-r153" anchors="534 539"/>
    <region xml:id="seg-r155" anchors="540 542"/>
    <region xml:id="seg-r157" anchors="543 547"/>
    <region xml:id="seg-r159" anchors="548 553"/>
    <region xml:id="seg-r160" anchors="553 554"/>
    <region xml:id="seg-r162" anchors="578 580"/>
    <region xml:id="seg-r164" anchors="581 585"/>
    <region xml:id="seg-r166" anchors="586 590"/>
    <region xml:id="seg-r168" anchors="591 593"/>
    <region xml:id="seg-r170" anchors="594 596"/>
    <region xml:id="seg-r172" anchors="597 600"/>
    <region xml:id="seg-r174" anchors="601 603"/>
    <region xml:id="seg-r176" anchors="604 610"/>
    <region xml:id="seg-r177" anchors="610 611"/>
    <region xml:id="seg-r179" anchors="635 641"/>
    <region xml:id="seg-r180" anchors="641 642"/>
    <region xml:id="seg-r182" anchors="652 656"/>
    <region xml:id="seg-r184" anchors="657 661"/>
    <region xml:id="seg-r186" anchors="662 664"/>
    <region xml:id="seg-r188" anchors="665 670"/>
    <region xml:id="seg-r190" anchors="671 675"/>
    <region xml:id="seg-r192" anchors="676 680"/>
    <region xml:id="seg-r194" anchors="681 690"/>
    <region xml:id="seg-r195" anchors="690 691"/>
    <region xml:id="seg-r197" anchors="701 703"/>
    <region xml:id="seg-r199" anchors="704 707"/>
    <region xml:id="seg-r201" anchors="708 716"/>
    <region xml:id="seg-r203" anchors="717 720"/>
    <region xml:id="seg-r205" anchors="721 725"/>
    <region xml:id="seg-r207" anchors="726 730"/>
    <region xml:id="seg-r209" anchors="731 736"/>
    <region xml:id="seg-r211" anchors="737 738"/>
    <region xml:id="seg-r213" anchors="739 743"/>
    <region xml:id="seg-r215" anchors="744 752"/>
    <region xml:id="seg-r217" anchors="753 755"/>
    <region xml:id="seg-r219" anchors="756 761"/>
    <region xml:id="seg-r220" anchors="761 762"/>
    <region xml:id="seg-r222" anchors="786 788"/>
    <region xml:id="seg-r223" anchors="788 789"/>
    <region xml:id="seg-r225" anchors="790 791"/>
    <region xml:id="seg-r227" anchors="792 796"/>
    <region xml:id="seg-r229" anchors="797 799"/>
    <region xml:id="seg-r231" anchors="800 805"/>
    <region xml:id="seg-r233" anchors="806 810"/>
    <region xml:id="seg-r235" anchors="811 814"/>
    <region xml:id="seg-r236" anchors="814 815"/>
    <region xml:id="seg-r238" anchors="825 827"/>
    <region xml:id="seg-r239" anchors="827 828"/>
    <region xml:id="seg-r241" anchors="829 830"/>
    <region xml:id="seg-r243" anchors="831 834"/>
    <region xml:id="seg-r244" anchors="834 837"/>
    <region xml:id="seg-r246" anchors="838 844"/>
    <region xml:id="seg-r248" anchors="845 849"/>
    <region xml:id="seg-r250" anchors="850 851"/>
    <region xml:id="seg-r252" anchors="852 860"/>
    <region xml:id="seg-r253" anchors="860 861"/>
    <region xml:id="seg-r255" anchors="885 887"/>
    <region xml:id="seg-r256" anchors="887 888"/>
    <region xml:id="seg-r258" anchors="898 901"/>
    <region xml:id="seg-r260" anchors="902 912"/>
    <region xml:id="seg-r262" anchors="913 918"/>
    <region xml:id="seg-r263" anchors="918 919"/>
    <region xml:id="seg-r265" anchors="920 924"/>
    <region xml:id="seg-r267" anchors="925 929"/>
    <region xml:id="seg-r269" anchors="930 934"/>
    <region xml:id="seg-r271" anchors="935 943"/>
    <region xml:id="seg-r273" anchors="944 946"/>
    <region xml:id="seg-r275" anchors="956 957"/>
    <region xml:id="seg-r277" anchors="967 970"/>
    <region xml:id="seg-r279" anchors="971 974"/>
    <region xml:id="seg-r281" anchors="975 980"/>
    <region xml:id="seg-r283" anchors="981 983"/>
    <region xml:id="seg-r285" anchors="984 985"/>
    <region xml:id="seg-r287" anchors="986 991"/>
    <region xml:id="seg-r289" anchors="992 996"/>
    <region xml:id="seg-r291" anchors="997 1001"/>
    <region xml:id="seg-r293" anchors="1002 1006"/>
    <region xml:id="seg-r295" anchors="1007 1010"/>
    <region xml:id="seg-r297" anchors="1011 1015"/>
    <region xml:id="seg-r299" anchors="1016 1019"/>
    <region xml:id="seg-r301" anchors="1020 1025"/>
    <region xml:id="seg-r303" anchors="1026 1029"/>
    <region xml:id="seg-r305" anchors="1030 1034"/>
    <region xml:id="seg-r307" anchors="1035 1037"/>
    <region xml:id="seg-r309" anchors="1038 1042"/>
    <region xml:id="seg-r311" anchors="1043 1047"/>
    <region xml:id="seg-r313" anchors="1048 1051"/>
    <region xml:id="seg-r315" anchors="1052 1056"/>
    <region xml:id="seg-r316" anchors="1056 1057"/>
    <region xml:id="seg-r318" anchors="1081 1083"/>
    <region xml:id="seg-r319" anchors="1083 1084"/>
    <region xml:id="seg-r321" anchors="1085 1086"/>
    <region xml:id="seg-r323" anchors="1087 1092"/>
    <region xml:id="seg-r325" anchors="1093 1095"/>
    <region xml:id="seg-r327" anchors="1096 1104"/>
    <region xml:id="seg-r329" anchors="1105 1108"/>
    <region xml:id="seg-r331" anchors="1109 1113"/>
    <region xml:id="seg-r332" anchors="1113 1114"/>
    <region xml:id="seg-r334" anchors="1115 1116"/>
    <region xml:id="seg-r335" anchors="1116 1122"/>
    <region xml:id="seg-r337" anchors="1123 1126"/>
    <region xml:id="seg-r339" anchors="1127 1133"/>
    <region xml:id="seg-r341" anchors="1134 1138"/>
    <region xml:id="seg-r342" anchors="1138 1139"/>
    <region xml:id="seg-r343" anchors="1139 1140"/>
    <region xml:id="seg-r345" anchors="1141 1142"/>
    <region xml:id="seg-r347" anchors="1143 1148"/>
    <region xml:id="seg-r349" anchors="1149 1153"/>
    <region xml:id="seg-r351" anchors="1154 1158"/>
    <region xml:id="seg-r352" anchors="1158 1159"/>
    <region xml:id="seg-r354" anchors="1183 1184"/>
    <region xml:id="seg-r355" anchors="1184 1190"/>
    <region xml:id="seg-r357" anchors="1191 1194"/>
    <region xml:id="seg-r359" anchors="1195 1201"/>
    <region xml:id="seg-r361" anchors="1202 1206"/>
    <region xml:id="seg-r362" anchors="1206 1207"/>
    <region xml:id="seg-r363" anchors="1207 1208"/>
    <region xml:id="seg-r365" anchors="1218 1220"/>
    <region xml:id="seg-r367" anchors="1221 1225"/>
    <region xml:id="seg-r369" anchors="1226 1229"/>
    <region xml:id="seg-r371" anchors="1230 1234"/>
    <region xml:id="seg-r373" anchors="1235 1237"/>
    <region xml:id="seg-r375" anchors="1238 1246"/>
    <region xml:id="seg-r377" anchors="1247 1250"/>
    <region xml:id="seg-r379" anchors="1251 1254"/>
    <region xml:id="seg-r381" anchors="1255 1259"/>
    <region xml:id="seg-r383" anchors="1260 1269"/>
    <region xml:id="seg-r385" anchors="1270 1277"/>
    <region xml:id="seg-r387" anchors="1278 1282"/>
    <region xml:id="seg-r389" anchors="1283 1286"/>
    <region xml:id="seg-r391" anchors="1287 1291"/>
    <region xml:id="seg-r393" anchors="1292 1296"/>
    <region xml:id="seg-r395" anchors="1297 1302"/>
    <region xml:id="seg-r397" anchors="1303 1307"/>
    <region xml:id="seg-r399" anchors="1308 1310"/>
    <region xml:id="seg-r401" anchors="1311 1314"/>
    <region xml:id="seg-r402" anchors="1314 1315"/>
    <region xml:id="seg-r404" anchors="1339 1342"/>
    <region xml:id="seg-r405" anchors="1342 1343"/>
    <region xml:id="seg-r407" anchors="1344 1353"/>
    <region xml:id="seg-r408" anchors="1353 1354"/>
    <region xml:id="seg-r410" anchors="1355 1364"/>
    <region xml:id="seg-r412" anchors="1365 1374"/>
    <region xml:id="seg-r413" anchors="1374 1375"/>
    <region xml:id="seg-r415" anchors="1399 1402"/>
    <region xml:id="seg-r417" anchors="1403 1406"/>
    <region xml:id="seg-r419" anchors="1407 1410"/>
    <region xml:id="seg-r421" anchors="1411 1413"/>
    <region xml:id="seg-r423" anchors="1414 1416"/>
    <region xml:id="seg-r425" anchors="1417 1419"/>
    <region xml:id="seg-r427" anchors="1420 1423"/>
    <region xml:id="seg-r429" anchors="1424 1431"/>
    <region xml:id="seg-r431" anchors="1432 1436"/>
    <region xml:id="seg-r433" anchors="1437 1440"/>
    <region xml:id="seg-r435" anchors="1441 1445"/>
    <region xml:id="seg-r437" anchors="1446 1452"/>
    <region xml:id="seg-r438" anchors="1452 1453"/>
    <region xml:id="seg-r440" anchors="1477 1483"/>
    <region xml:id="seg-r441" anchors="1483 1484"/>
    <region xml:id="seg-r443" anchors="1485 1488"/>
    <region xml:id="seg-r445" anchors="1489 1492"/>
    <region xml:id="seg-r447" anchors="1493 1497"/>
    <region xml:id="seg-r448" anchors="1497 1498"/>
    <region xml:id="seg-r450" anchors="1522 1526"/>
    <region xml:id="seg-r451" anchors="1526 1527"/>
    <region xml:id="seg-r453" anchors="1537 1539"/>
    <region xml:id="seg-r454" anchors="1539 1540"/>
    <region xml:id="seg-r456" anchors="1541 1544"/>
    <region xml:id="seg-r458" anchors="1545 1550"/>
    <region xml:id="seg-r460" anchors="1551 1556"/>
    <region xml:id="seg-r462" anchors="1557 1562"/>
    <region xml:id="seg-r464" anchors="1563 1566"/>
    <region xml:id="seg-r465" anchors="1566 1567"/>
    <region xml:id="seg-r467" anchors="1591 1597"/>
    <region xml:id="seg-r468" anchors="1597 1598"/>
    <region xml:id="seg-r470" anchors="1608 1614"/>
    <region xml:id="seg-r471" anchors="1614 1615"/>
    <region xml:id="seg-r473" anchors="1616 1617"/>
    <region xml:id="seg-r475" anchors="1618 1623"/>
    <region xml:id="seg-r477" anchors="1624 1626"/>
    <region xml:id="seg-r479" anchors="1627 1632"/>
    <region xml:id="seg-r481" anchors="1633 1637"/>
    <region xml:id="seg-r483" anchors="1638 1645"/>
    <region xml:id="seg-r485" anchors="1646 1659"/>
    <region xml:id="seg-r486" anchors="1659 1661"/>
    <region xml:id="seg-r488" anchors="1685 1687"/>
    <region xml:id="seg-r489" anchors="1687 1688"/>
    <region xml:id="seg-r491" anchors="1689 1695"/>
    <region xml:id="seg-r492" anchors="1695 1696"/>
    <region xml:id="seg-r494" anchors="1720 1721"/>
    <region xml:id="seg-r495" anchors="1721 1722"/>
    <region xml:id="seg-r496" anchors="1722 1726"/>
    <region xml:id="seg-r498" anchors="1727 1728"/>
    <region xml:id="seg-r500" anchors="1729 1732"/>
    <region xml:id="seg-r502" anchors="1733 1739"/>
    <region xml:id="seg-r503" anchors="1739 1740"/>
    <region xml:id="seg-r505" anchors="1764 1767"/>
    <region xml:id="seg-r507" anchors="1768 1772"/>
    <region xml:id="seg-r509" anchors="1773 1775"/>
    <region xml:id="seg-r511" anchors="1776 1780"/>
    <region xml:id="seg-r513" anchors="1781 1794"/>
    <region xml:id="seg-r514" anchors="1794 1795"/>
    <region xml:id="seg-r516" anchors="1805 1807"/>
    <region xml:id="seg-r518" anchors="1808 1812"/>
    <region xml:id="seg-r520" anchors="1813 1819"/>
    <region xml:id="seg-r521" anchors="1819 1820"/>
    <region xml:id="seg-r523" anchors="1821 1823"/>
    <region xml:id="seg-r525" anchors="1824 1827"/>
    <region xml:id="seg-r527" anchors="1828 1836"/>
    <region xml:id="seg-r529" anchors="1837 1839"/>
    <region xml:id="seg-r531" anchors="1840 1845"/>
    <region xml:id="seg-r533" anchors="1846 1849"/>
    <region xml:id="seg-r535" anchors="1850 1853"/>
    <region xml:id="seg-r537" anchors="1854 1865"/>
    <region xml:id="seg-r538" anchors="1865 1866"/>
    <region xml:id="seg-r540" anchors="1890 1894"/>
    <region xml:id="seg-r541" anchors="1894 1895"/>
    <region xml:id="seg-r543" anchors="1896 1898"/>
    <region xml:id="seg-r545" anchors="1899 1904"/>
    <region xml:id="seg-r547" anchors="1905 1908"/>
    <region xml:id="seg-r549" anchors="1909 1915"/>
    <region xml:id="seg-r551" anchors="1916 1923"/>
    <region xml:id="seg-r553" anchors="1924 1931"/>
    <region xml:id="seg-r555" anchors="1932 1935"/>
    <region xml:id="seg-r556" anchors="1935 1936"/>
    <region xml:id="seg-r558" anchors="1937 1939"/>
    <region xml:id="seg-r559" anchors="1939 1940"/>
    <region xml:id="seg-r561" anchors="1941 1943"/>
    <region xml:id="seg-r563" anchors="1944 1947"/>
    <region xml:id="seg-r565" anchors="1948 1952"/>
    <region xml:id="seg-r567" anchors="1953 1958"/>
    <region xml:id="seg-r569" anchors="1959 1965"/>
    <region xml:id="seg-r571" anchors="1966 1969"/>
    <region xml:id="seg-r573" anchors="1970 1976"/>
    <region xml:id="seg-r575" anchors="1977 1981"/>
    <region xml:id="seg-r577" anchors="1982 1987"/>
    <region xml:id="seg-r579" anchors="1988 1989"/>
    <region xml:id="seg-r581" anchors="1990 1994"/>
    <region xml:id="seg-r583" anchors="1995 1997"/>
    <region xml:id="seg-r585" anchors="1998 2002"/>
    <region xml:id="seg-r587" anchors="2003 2006"/>
    <region xml:id="seg-r589" anchors="2007 2010"/>
    <region xml:id="seg-r591" anchors="2011 2014"/>
    <region xml:id="seg-r593" anchors="2015 2017"/>
    <region xml:id="seg-r595" anchors="2018 2022"/>
    <region xml:id="seg-r597" anchors="2023 2031"/>
    <region xml:id="seg-r599" anchors="2032 2034"/>
    <region xml:id="seg-r600" anchors="2034 2035"/>
    <region xml:id="seg-r602" anchors="2045 2047"/>
    <region xml:id="seg-r604" anchors="2048 2055"/>
    <region xml:id="seg-r606" anchors="2056 2058"/>
    <region xml:id="seg-r608" anchors="2059 2062"/>
    <region xml:id="seg-r610" anchors="2063 2065"/>
    <region xml:id="seg-r612" anchors="2066 2070"/>
    <region xml:id="seg-r614" anchors="2071 2078"/>
    <region xml:id="seg-r616" anchors="2079 2083"/>
    <region xml:id="seg-r617" anchors="2083 2084"/>
    <region xml:id="seg-r619" anchors="2085 2087"/>
    <region xml:id="seg-r620" anchors="2087 2088"/>
    <region xml:id="seg-r622" anchors="2089 2091"/>
    <region xml:id="seg-r623" anchors="2091 2092"/>
    <region xml:id="seg-r625" anchors="2093 2096"/>
    <region xml:id="seg-r627" anchors="2097 2102"/>
    <region xml:id="seg-r629" anchors="2103 2105"/>
    <region xml:id="seg-r631" anchors="2106 2108"/>
    <region xml:id="seg-r633" anchors="2109 2113"/>
    <region xml:id="seg-r635" anchors="2114 2119"/>
    <region xml:id="seg-r637" anchors="2120 2122"/>
    <region xml:id="seg-r639" anchors="2123 2128"/>
    <region xml:id="seg-r641" anchors="2129 2132"/>
    <region xml:id="seg-r643" anchors="2133 2138"/>
    <region xml:id="seg-r645" anchors="2139 2142"/>
    <region xml:id="seg-r647" anchors="2143 2146"/>
    <region xml:id="seg-r649" anchors="2147 2149"/>
    <region xml:id="seg-r651" anchors="2150 2153"/>
    <region xml:id="seg-r653" anchors="2154 2156"/>
    <region xml:id="seg-r655" anchors="2157 2159"/>
    <region xml:id="seg-r657" anchors="2160 2167"/>
    <region xml:id="seg-r659" anchors="2168 2170"/>
    <region xml:id="seg-r661" anchors="2171 2176"/>
    <region xml:id="seg-r662" anchors="2176 2177"/>
    <region xml:id="seg-r664" anchors="2201 2206"/>
    <region xml:id="seg-r666" anchors="2207 2209"/>
    <region xml:id="seg-r668" anchors="2210 2215"/>
    <region xml:id="seg-r670" anchors="2216 2219"/>
    <region xml:id="seg-r671" anchors="2219 2220"/>
    <region xml:id="seg-r673" anchors="2244 2248"/>
    <region xml:id="seg-r674" anchors="2248 2249"/>
    <region xml:id="seg-r676" anchors="2259 2261"/>
    <region xml:id="seg-r678" anchors="2262 2264"/>
    <region xml:id="seg-r679" anchors="2264 2265"/>
    <region xml:id="seg-r681" anchors="2266 2268"/>
    <region xml:id="seg-r683" anchors="2269 2270"/>
    <region xml:id="seg-r685" anchors="2271 2278"/>
    <region xml:id="seg-r687" anchors="2279 2283"/>
    <region xml:id="seg-r688" anchors="2283 2284"/>
    <region xml:id="seg-r690" anchors="2285 2287"/>
    <region xml:id="seg-r692" anchors="2288 2292"/>
    <region xml:id="seg-r694" anchors="2293 2299"/>
    <region xml:id="seg-r696" anchors="2300 2302"/>
    <region xml:id="seg-r698" anchors="2303 2305"/>
    <region xml:id="seg-r700" anchors="2306 2310"/>
    <region xml:id="seg-r702" anchors="2311 2316"/>
    <region xml:id="seg-r704" anchors="2317 2324"/>
    <region xml:id="seg-r706" anchors="2325 2327"/>
    <region xml:id="seg-r707" anchors="2327 2329"/>
    <region xml:id="seg-r709" anchors="2330 2336"/>
    <region xml:id="seg-r711" anchors="2337 2339"/>
    <region xml:id="seg-r713" anchors="2340 2347"/>
    <region xml:id="seg-r715" anchors="2348 2351"/>
    <region xml:id="seg-r717" anchors="2352 2356"/>
    <region xml:id="seg-r719" anchors="2357 2359"/>
    <region xml:id="seg-r721" anchors="2360 2363"/>
    <region xml:id="seg-r723" anchors="2364 2369"/>
    <region xml:id="seg-r725" anchors="2370 2376"/>
    <region xml:id="seg-r727" anchors="2377 2380"/>
    <region xml:id="seg-r729" anchors="2381 2387"/>
    <region xml:id="seg-r730" anchors="2387 2388"/>
    <region xml:id="seg-r732" anchors="2412 2414"/>
    <region xml:id="seg-r733" anchors="2414 2415"/>
    <region xml:id="seg-r735" anchors="2416 2419"/>
    <region xml:id="seg-r737" anchors="2420 2422"/>
    <region xml:id="seg-r739" anchors="2423 2427"/>
    <region xml:id="seg-r741" anchors="2428 2435"/>
    <region xml:id="seg-r743" anchors="2436 2438"/>
    <region xml:id="seg-r745" anchors="2439 2442"/>
    <region xml:id="seg-r747" anchors="2443 2449"/>
    <region xml:id="seg-r749" anchors="2450 2452"/>
    <region xml:id="seg-r751" anchors="2453 2459"/>
    <region xml:id="seg-r752" anchors="2459 2460"/>
    <region xml:id="seg-r754" anchors="2461 2463"/>
    <region xml:id="seg-r756" anchors="2464 2468"/>
    <region xml:id="seg-r758" anchors="2469 2472"/>
    <region xml:id="seg-r759" anchors="2472 2473"/>
    <region xml:id="seg-r760" anchors="2473 2475"/>
    <region xml:id="seg-r761" anchors="2475 2476"/>
    <region xml:id="seg-r762" anchors="2476 2479"/>
    <region xml:id="seg-r763" anchors="2479 2480"/>
    <region xml:id="seg-r765" anchors="2504 2508"/>
    <region xml:id="seg-r767" anchors="2509 2511"/>
    <region xml:id="seg-r769" anchors="2512 2515"/>
    <region xml:id="seg-r771" anchors="2516 2523"/>
    <region xml:id="seg-r773" anchors="2524 2527"/>
    <region xml:id="seg-r775" anchors="2528 2531"/>
    <region xml:id="seg-r777" anchors="2532 2534"/>
    <region xml:id="seg-r779" anchors="2535 2537"/>
    <region xml:id="seg-r781" anchors="2538 2542"/>
    <region xml:id="seg-r783" anchors="2543 2547"/>
    <region xml:id="seg-r785" anchors="2548 2554"/>
    <region xml:id="seg-r787" anchors="2555 2559"/>
    <region xml:id="seg-r789" anchors="2560 2565"/>
    <region xml:id="seg-r791" anchors="2566 2569"/>
    <region xml:id="seg-r793" anchors="2570 2573"/>
    <region xml:id="seg-r795" anchors="2574 2578"/>
    <region xml:id="seg-r796" anchors="2578 2579"/>
    <region xml:id="seg-r798" anchors="2603 2609"/>
    <region xml:id="seg-r799" anchors="2609 2610"/>
    <region xml:id="seg-r801" anchors="2620 2623"/>
    <region xml:id="seg-r802" anchors="2623 2624"/>
    <region xml:id="seg-r804" anchors="2625 2627"/>
    <region xml:id="seg-r806" anchors="2628 2631"/>
    <region xml:id="seg-r808" anchors="2632 2636"/>
    <region xml:id="seg-r810" anchors="2637 2641"/>
    <region xml:id="seg-r812" anchors="2642 2644"/>
    <region xml:id="seg-r814" anchors="2645 2649"/>
    <region xml:id="seg-r816" anchors="2650 2655"/>
    <region xml:id="seg-r817" anchors="2655 2656"/>
    <region xml:id="seg-r819" anchors="2680 2682"/>
    <region xml:id="seg-r820" anchors="2682 2683"/>
    <region xml:id="seg-r822" anchors="2693 2697"/>
    <region xml:id="seg-r823" anchors="2697 2698"/>
    <region xml:id="seg-r825" anchors="2699 2703"/>
    <region xml:id="seg-r827" anchors="2704 2706"/>
    <region xml:id="seg-r829" anchors="2707 2713"/>
    <region xml:id="seg-r830" anchors="2713 2714"/>
    <region xml:id="seg-r832" anchors="2715 2717"/>
    <region xml:id="seg-r834" anchors="2718 2723"/>
    <region xml:id="seg-r836" anchors="2724 2727"/>
    <region xml:id="seg-r838" anchors="2728 2734"/>
    <region xml:id="seg-r840" anchors="2735 2738"/>
    <region xml:id="seg-r842" anchors="2739 2741"/>
    <region xml:id="seg-r844" anchors="2742 2749"/>
    <region xml:id="seg-r845" anchors="2749 2750"/>
    <region xml:id="seg-r847" anchors="2774 2780"/>
    <region xml:id="seg-r848" anchors="2780 2781"/>
    <region xml:id="seg-r850" anchors="2791 2793"/>
    <region xml:id="seg-r852" anchors="2794 2797"/>
    <region xml:id="seg-r854" anchors="2798 2802"/>
    <region xml:id="seg-r856" anchors="2803 2805"/>
    <region xml:id="seg-r858" anchors="2806 2810"/>
    <region xml:id="seg-r860" anchors="2811 2813"/>
    <region xml:id="seg-r862" anchors="2814 2818"/>
    <region xml:id="seg-r863" anchors="2818 2819"/>
    <region xml:id="seg-r865" anchors="2829 2831"/>
    <region xml:id="seg-r867" anchors="2832 2836"/>
    <region xml:id="seg-r869" anchors="2837 2842"/>
    <region xml:id="seg-r871" anchors="2843 2848"/>
    <region xml:id="seg-r873" anchors="2849 2854"/>
    <region xml:id="seg-r875" anchors="2855 2859"/>
    <region xml:id="seg-r876" anchors="2859 2860"/>
    <region xml:id="seg-r878" anchors="2884 2885"/>
    <region xml:id="seg-r880" anchors="2886 2890"/>
    <region xml:id="seg-r882" anchors="2891 2893"/>
    <region xml:id="seg-r884" anchors="2894 2896"/>
    <region xml:id="seg-r886" anchors="2897 2902"/>
    <region xml:id="seg-r887" anchors="2902 2903"/>
    <region xml:id="seg-r889" anchors="2913 2916"/>
    <region xml:id="seg-r891" anchors="2917 2922"/>
    <region xml:id="seg-r893" anchors="2923 2926"/>
    <region xml:id="seg-r895" anchors="2927 2934"/>
    <region xml:id="seg-r897" anchors="2935 2940"/>
    <region xml:id="seg-r898" anchors="2940 2941"/>
    <region xml:id="seg-r900" anchors="2965 2971"/>
    <region xml:id="seg-r901" anchors="2971 2972"/>
    <region xml:id="seg-r903" anchors="2982 2985"/>
    <region xml:id="seg-r905" anchors="2986 2989"/>
    <region xml:id="seg-r907" anchors="2990 2992"/>
    <region xml:id="seg-r909" anchors="2993 2996"/>
    <region xml:id="seg-r910" anchors="2996 2997"/>
    <region xml:id="seg-r912" anchors="3021 3024"/>
    <region xml:id="seg-r913" anchors="3024 3026"/>
    <region xml:id="seg-r914" anchors="3026 3027"/>
    <region xml:id="seg-r916" anchors="3028 3030"/>
    <region xml:id="seg-r918" anchors="3040 3043"/>
    <region xml:id="seg-r919" anchors="3043 3044"/>
    <region xml:id="seg-r921" anchors="3054 3057"/>
    <region xml:id="seg-r923" anchors="3058 3063"/>
    <region xml:id="seg-r925" anchors="3064 3067"/>
    <region xml:id="seg-r927" anchors="3068 3076"/>
    <region xml:id="seg-r929" anchors="3077 3081"/>
    <region xml:id="seg-r931" anchors="3082 3085"/>
    <region xml:id="seg-r933" anchors="3086 3089"/>
    <region xml:id="seg-r935" anchors="3090 3092"/>
    <region xml:id="seg-r937" anchors="3093 3096"/>
    <region xml:id="seg-r938" anchors="3096 3097"/>
    <region xml:id="seg-r940" anchors="3107 3110"/>
    <region xml:id="seg-r942" anchors="3111 3116"/>
    <region xml:id="seg-r944" anchors="3117 3120"/>
    <region xml:id="seg-r946" anchors="3121 3123"/>
    <region xml:id="seg-r948" anchors="3124 3126"/>
    <region xml:id="seg-r950" anchors="3127 3131"/>
    <region xml:id="seg-r952" anchors="3132 3136"/>
    <region xml:id="seg-r954" anchors="3137 3139"/>
    <region xml:id="seg-r956" anchors="3140 3143"/>
    <region xml:id="seg-r957" anchors="3143 3144"/>
    <region xml:id="seg-r959" anchors="3168 3171"/>
    <region xml:id="seg-r961" anchors="3172 3175"/>
    <region xml:id="seg-r963" anchors="3176 3180"/>
    <region xml:id="seg-r965" anchors="3181 3183"/>
    <region xml:id="seg-r967" anchors="3184 3191"/>
    <region xml:id="seg-r969" anchors="3192 3195"/>
    <region xml:id="seg-r970" anchors="3195 3196"/>
    <region xml:id="seg-r972" anchors="3220 3223"/>
    <region xml:id="seg-r974" anchors="3224 3227"/>
    <region xml:id="seg-r975" anchors="3227 3228"/>
    <region xml:id="seg-r977" anchors="3229 3232"/>
    <region xml:id="seg-r979" anchors="3233 3236"/>
    <region xml:id="seg-r981" anchors="3237 3242"/>
    <region xml:id="seg-r983" anchors="3243 3245"/>
    <region xml:id="seg-r984" anchors="3245 3246"/>
    <region xml:id="seg-r986" anchors="3256 3262"/>
    <region xml:id="seg-r987" anchors="3262 3263"/>
    <region xml:id="seg-r989" anchors="3264 3267"/>
    <region xml:id="seg-r991" anchors="3268 3272"/>
    <region xml:id="seg-r993" anchors="3273 3278"/>
    <region xml:id="seg-r995" anchors="3279 3281"/>
    <region xml:id="seg-r997" anchors="3282 3285"/>
    <region xml:id="seg-r999" anchors="3286 3294"/>
    <region xml:id="seg-r1000" anchors="3294 3295"/>
    <region xml:id="seg-r1002" anchors="3319 3321"/>
    <region xml:id="seg-r1004" anchors="3322 3325"/>
    <region xml:id="seg-r1005" anchors="3325 3326"/>
    <region xml:id="seg-r1007" anchors="3327 3331"/>
    <region xml:id="seg-r1009" anchors="3332 3337"/>
    <region xml:id="seg-r1011" anchors="3338 3340"/>
    <region xml:id="seg-r1013" anchors="3341 3344"/>
    <region xml:id="seg-r1015" anchors="3345 3347"/>
    <region xml:id="seg-r1016" anchors="3347 3348"/>
    <region xml:id="seg-r1018" anchors="3358 3360"/>
    <region xml:id="seg-r1020" anchors="3361 3364"/>
    <region xml:id="seg-r1022" anchors="3365 3369"/>
    <region xml:id="seg-r1023" anchors="3369 3370"/>
    <region xml:id="seg-r1025" anchors="3394 3397"/>
    <region xml:id="seg-r1026" anchors="3397 3399"/>
    <region xml:id="seg-r1028" anchors="3400 3402"/>
    <region xml:id="seg-r1030" anchors="3403 3415"/>
    <region xml:id="seg-r1031" anchors="3415 3416"/>
    <region xml:id="seg-r1033" anchors="3440 3443"/>
    <region xml:id="seg-r1034" anchors="3443 3445"/>
    <region xml:id="seg-r1036" anchors="3446 3448"/>
    <region xml:id="seg-r1038" anchors="3449 3461"/>
    <region xml:id="seg-r1039" anchors="3461 3462"/>
    <region xml:id="seg-r1041" anchors="3472 3474"/>
    <region xml:id="seg-r1042" anchors="3474 3475"/>
    <region xml:id="seg-r1044" anchors="3485 3489"/>
    <region xml:id="seg-r1045" anchors="3489 3491"/>
    <region xml:id="seg-r1047" anchors="3492 3498"/>
    <region xml:id="seg-r1049" anchors="3499 3503"/>
    <region xml:id="seg-r1051" anchors="3504 3507"/>
    <region xml:id="seg-r1053" anchors="3508 3509"/>
    <region xml:id="seg-r1055" anchors="3510 3514"/>
    <region xml:id="seg-r1057" anchors="3515 3517"/>
    <region xml:id="seg-r1059" anchors="3518 3522"/>
    <region xml:id="seg-r1060" anchors="3522 3523"/>
    <region xml:id="seg-r1062" anchors="3524 3529"/>
    <region xml:id="seg-r1064" anchors="3530 3533"/>
    <region xml:id="seg-r1066" anchors="3534 3537"/>
    <region xml:id="seg-r1068" anchors="3538 3543"/>
    <region xml:id="seg-r1070" anchors="3544 3551"/>
    <region xml:id="seg-r1072" anchors="3552 3555"/>
    <region xml:id="seg-r1074" anchors="3556 3562"/>
    <region xml:id="seg-r1076" anchors="3563 3567"/>
    <region xml:id="seg-r1078" anchors="3568 3571"/>
    <region xml:id="seg-r1080" anchors="3572 3576"/>
    <region xml:id="seg-r1082" anchors="3577 3583"/>
    <region xml:id="seg-r1083" anchors="3583 3584"/>
    <region xml:id="seg-r1085" anchors="3594 3596"/>
    <region xml:id="seg-r1087" anchors="3597 3602"/>
    <region xml:id="seg-r1089" anchors="3603 3611"/>
    <region xml:id="seg-r1091" anchors="3612 3616"/>
    <region xml:id="seg-r1093" anchors="3617 3620"/>
    <region xml:id="seg-r1094" anchors="3620 3622"/>
    <region xml:id="seg-r1096" anchors="3623 3627"/>
    <region xml:id="seg-r1098" anchors="3628 3630"/>
    <region xml:id="seg-r1100" anchors="3631 3634"/>
    <region xml:id="seg-r1102" anchors="3635 3640"/>
    <region xml:id="seg-r1104" anchors="3641 3645"/>
    <region xml:id="seg-r1105" anchors="3645 3646"/>
    <region xml:id="seg-r1107" anchors="3647 3651"/>
    <region xml:id="seg-r1109" anchors="3652 3657"/>
    <region xml:id="seg-r1111" anchors="3658 3660"/>
    <region xml:id="seg-r1113" anchors="3661 3665"/>
    <region xml:id="seg-r1115" anchors="3666 3670"/>
    <region xml:id="seg-r1116" anchors="3670 3671"/>
    <region xml:id="seg-r1118" anchors="3695 3697"/>
    <region xml:id="seg-r1119" anchors="3697 3698"/>
    <region xml:id="seg-r1121" anchors="3699 3702"/>
    <region xml:id="seg-r1123" anchors="3703 3705"/>
    <region xml:id="seg-r1125" anchors="3706 3710"/>
    <region xml:id="seg-r1126" anchors="3710 3711"/>
</graph>