<graph xmlns="http://www.xces.org/ns/GrAF/1.0/" xmlns:graf="http://www.xces.org/ns/GrAF/1.0/">
  <graphHeader>
    <labelsDecl>
      <labelUsage label="vchunk" occurs="95"/>
    </labelsDecl>
    <dependencies>
      <dependsOn f.id="f.penn"/>
    </dependencies>
    <annotationSpaces>
      <annotationSpace as.id="anc"/>
    </annotationSpaces>
  </graphHeader>
  <node xml:id="vc-n0"/>
  <a xml:id="vc-N65567" label="vchunk" ref="vc-n0" as="anc">
    <fs>
      <f name="type" value="NFVG"/>
      <f name="tense" value="Inf"/>
      <f name="voice" value="active"/>
    </fs>
  </a>
  <node xml:id="vc-n1"/>
  <a xml:id="vc-N65591" label="vchunk" ref="vc-n1" as="anc">
    <fs>
      <f name="type" value="FVG"/>
      <f name="tense" value="SimPre"/>
      <f name="voice" value="active"/>
    </fs>
  </a>
  <node xml:id="vc-n10"/>
  <a xml:id="vc-N65615" label="vchunk" ref="vc-n10" as="anc">
    <fs>
      <f name="type" value="FVG"/>
      <f name="tense" value="SimPas"/>
      <f name="voice" value="active"/>
    </fs>
  </a>
  <node xml:id="vc-n11"/>
  <a xml:id="vc-N65639" label="vchunk" ref="vc-n11" as="anc">
    <fs>
      <f name="type" value="FVG"/>
      <f name="tense" value="SImPre"/>
      <f name="voice" value="active"/>
    </fs>
  </a>
  <node xml:id="vc-n12"/>
  <a xml:id="vc-N65663" label="vchunk" ref="vc-n12" as="anc">
    <fs>
      <f name="type" value="FVG"/>
      <f name="tense" value="SimPas"/>
      <f name="voice" value="active"/>
    </fs>
  </a>
  <node xml:id="vc-n13"/>
  <a xml:id="vc-N65687" label="vchunk" ref="vc-n13" as="anc">
    <fs>
      <f name="type" value="FVG"/>
      <f name="tense" value="SimPre"/>
      <f name="voice" value="active"/>
    </fs>
  </a>
  <node xml:id="vc-n14"/>
  <a xml:id="vc-N65711" label="vchunk" ref="vc-n14" as="anc">
    <fs>
      <f name="type" value="FVG"/>
      <f name="tense" value="SimPas"/>
      <f name="voice" value="active"/>
    </fs>
  </a>
  <node xml:id="vc-n15"/>
  <a xml:id="vc-N65735" label="vchunk" ref="vc-n15" as="anc">
    <fs>
      <f name="type" value="FVG"/>
      <f name="tense" value="SimPas"/>
      <f name="voice" value="active"/>
    </fs>
  </a>
  <node xml:id="vc-n16"/>
  <a xml:id="vc-N65759" label="vchunk" ref="vc-n16" as="anc">
    <fs>
      <f name="type" value="FVG"/>
      <f name="tense" value="SimPre"/>
      <f name="voice" value="active"/>
    </fs>
  </a>
  <node xml:id="vc-n17"/>
  <a xml:id="vc-N65783" label="vchunk" ref="vc-n17" as="anc">
    <fs>
      <f name="type" value="FVG"/>
      <f name="tense" value="SimPre"/>
      <f name="voice" value="active"/>
    </fs>
  </a>
  <node xml:id="vc-n18"/>
  <a xml:id="vc-N65807" label="vchunk" ref="vc-n18" as="anc">
    <fs>
      <f name="type" value="FVG"/>
      <f name="tense" value="SimPas"/>
      <f name="voice" value="active"/>
    </fs>
  </a>
  <node xml:id="vc-n19"/>
  <a xml:id="vc-N65831" label="vchunk" ref="vc-n19" as="anc">
    <fs>
      <f name="type" value="FVG"/>
      <f name="tense" value="SimPas"/>
      <f name="voice" value="active"/>
    </fs>
  </a>
  <node xml:id="vc-n2"/>
  <a xml:id="vc-N65855" label="vchunk" ref="vc-n2" as="anc">
    <fs>
      <f name="type" value="FVG"/>
      <f name="tense" value="SimPre"/>
      <f name="voice" value="active"/>
      <f name="neg" value="yes"/>
    </fs>
  </a>
  <node xml:id="vc-n20"/>
  <a xml:id="vc-N65883" label="vchunk" ref="vc-n20" as="anc">
    <fs>
      <f name="type" value="FVG"/>
      <f name="tense" value="SimPas"/>
      <f name="voice" value="active"/>
      <f name="neg" value="yes"/>
    </fs>
  </a>
  <node xml:id="vc-n21"/>
  <a xml:id="vc-N65911" label="vchunk" ref="vc-n21" as="anc">
    <fs>
      <f name="type" value="NFVG"/>
      <f name="tense" value="Inf"/>
      <f name="voice" value="active"/>
    </fs>
  </a>
  <node xml:id="vc-n22"/>
  <a xml:id="vc-N65935" label="vchunk" ref="vc-n22" as="anc">
    <fs>
      <f name="type" value="FVG"/>
      <f name="tense" value="SimPas"/>
      <f name="voice" value="active"/>
    </fs>
  </a>
  <node xml:id="vc-n23"/>
  <a xml:id="vc-N65959" label="vchunk" ref="vc-n23" as="anc">
    <fs>
      <f name="type" value="FVG"/>
      <f name="tense" value="SimPas"/>
      <f name="voice" value="active"/>
    </fs>
  </a>
  <node xml:id="vc-n24"/>
  <a xml:id="vc-N65983" label="vchunk" ref="vc-n24" as="anc">
    <fs>
      <f name="type" value="NFVG"/>
      <f name="tense" value="Inf"/>
      <f name="voice" value="active"/>
    </fs>
  </a>
  <node xml:id="vc-n25"/>
  <a xml:id="vc-N66007" label="vchunk" ref="vc-n25" as="anc">
    <fs>
      <f name="type" value="FVG"/>
      <f name="tense" value="SimPre"/>
      <f name="voice" value="active"/>
    </fs>
  </a>
  <node xml:id="vc-n26"/>
  <a xml:id="vc-N66031" label="vchunk" ref="vc-n26" as="anc">
    <fs>
      <f name="type" value="FVG"/>
      <f name="tense" value="SimPas"/>
      <f name="voice" value="active"/>
    </fs>
  </a>
  <node xml:id="vc-n27"/>
  <a xml:id="vc-N66055" label="vchunk" ref="vc-n27" as="anc">
    <fs>
      <f name="type" value="FVG"/>
      <f name="tense" value="SimPas"/>
      <f name="voice" value="active"/>
    </fs>
  </a>
  <node xml:id="vc-n28"/>
  <a xml:id="vc-N66079" label="vchunk" ref="vc-n28" as="anc">
    <fs>
      <f name="type" value="FVG"/>
      <f name="tense" value="SimPre"/>
      <f name="voice" value="active"/>
    </fs>
  </a>
  <node xml:id="vc-n29"/>
  <a xml:id="vc-N66103" label="vchunk" ref="vc-n29" as="anc">
    <fs>
      <f name="type" value="FVG"/>
      <f name="tense" value="SimPas"/>
      <f name="voice" value="active"/>
    </fs>
  </a>
  <node xml:id="vc-n3"/>
  <a xml:id="vc-N66127" label="vchunk" ref="vc-n3" as="anc">
    <fs>
      <f name="type" value="FVG"/>
      <f name="tense" value="SimPre"/>
      <f name="voice" value="active"/>
    </fs>
  </a>
  <node xml:id="vc-n30"/>
  <a xml:id="vc-N66151" label="vchunk" ref="vc-n30" as="anc">
    <fs>
      <f name="type" value="FVG"/>
      <f name="tense" value="SimPre"/>
      <f name="voice" value="active"/>
    </fs>
  </a>
  <node xml:id="vc-n31"/>
  <a xml:id="vc-N66175" label="vchunk" ref="vc-n31" as="anc">
    <fs>
      <f name="type" value="MODAL"/>
      <f name="tense" value="none"/>
      <f name="voice" value="none"/>
    </fs>
  </a>
  <node xml:id="vc-n32"/>
  <a xml:id="vc-N66199" label="vchunk" ref="vc-n32" as="anc">
    <fs>
      <f name="type" value="FVG"/>
      <f name="tense" value="SimPas"/>
      <f name="voice" value="active"/>
    </fs>
  </a>
  <node xml:id="vc-n33"/>
  <a xml:id="vc-N66223" label="vchunk" ref="vc-n33" as="anc">
    <fs>
      <f name="type" value="NFVG"/>
      <f name="tense" value="Inf"/>
      <f name="voice" value="active"/>
    </fs>
  </a>
  <node xml:id="vc-n34"/>
  <a xml:id="vc-N66247" label="vchunk" ref="vc-n34" as="anc">
    <fs>
      <f name="type" value="FVG"/>
      <f name="tense" value="SimPas"/>
      <f name="voice" value="active"/>
    </fs>
  </a>
  <node xml:id="vc-n35"/>
  <a xml:id="vc-N66271" label="vchunk" ref="vc-n35" as="anc">
    <fs>
      <f name="type" value="MODAL"/>
      <f name="tense" value="none"/>
      <f name="voice" value="none"/>
    </fs>
  </a>
  <node xml:id="vc-n36"/>
  <a xml:id="vc-N66295" label="vchunk" ref="vc-n36" as="anc">
    <fs>
      <f name="type" value="FVG"/>
      <f name="tense" value="SimPas"/>
      <f name="voice" value="active"/>
    </fs>
  </a>
  <node xml:id="vc-n37"/>
  <a xml:id="vc-N66319" label="vchunk" ref="vc-n37" as="anc">
    <fs>
      <f name="type" value="NFVG"/>
      <f name="tense" value="Inf"/>
      <f name="voice" value="active"/>
    </fs>
  </a>
  <node xml:id="vc-n38"/>
  <a xml:id="vc-N66343" label="vchunk" ref="vc-n38" as="anc">
    <fs>
      <f name="type" value="FVG"/>
      <f name="tense" value="SimPas"/>
      <f name="voice" value="active"/>
    </fs>
  </a>
  <node xml:id="vc-n39"/>
  <a xml:id="vc-N66367" label="vchunk" ref="vc-n39" as="anc">
    <fs>
      <f name="type" value="FVG"/>
      <f name="tense" value="SimPre"/>
      <f name="voice" value="active"/>
    </fs>
  </a>
  <node xml:id="vc-n4"/>
  <a xml:id="vc-N66391" label="vchunk" ref="vc-n4" as="anc">
    <fs>
      <f name="type" value="FVG"/>
      <f name="tense" value="SimPas"/>
      <f name="voice" value="active"/>
    </fs>
  </a>
  <node xml:id="vc-n40"/>
  <a xml:id="vc-N66415" label="vchunk" ref="vc-n40" as="anc">
    <fs>
      <f name="type" value="NFVG"/>
      <f name="tense" value="Inf"/>
      <f name="voice" value="active"/>
    </fs>
  </a>
  <node xml:id="vc-n41"/>
  <a xml:id="vc-N66439" label="vchunk" ref="vc-n41" as="anc">
    <fs>
      <f name="type" value="FVG"/>
      <f name="tense" value="SimPre"/>
      <f name="voice" value="active"/>
    </fs>
  </a>
  <node xml:id="vc-n42"/>
  <a xml:id="vc-N66463" label="vchunk" ref="vc-n42" as="anc">
    <fs>
      <f name="type" value="FVG"/>
      <f name="tense" value="SimPre"/>
      <f name="voice" value="active"/>
    </fs>
  </a>
  <node xml:id="vc-n43"/>
  <a xml:id="vc-N66487" label="vchunk" ref="vc-n43" as="anc">
    <fs>
      <f name="type" value="FVG"/>
      <f name="tense" value="SimPas"/>
      <f name="voice" value="active"/>
    </fs>
  </a>
  <node xml:id="vc-n44"/>
  <a xml:id="vc-N66511" label="vchunk" ref="vc-n44" as="anc">
    <fs>
      <f name="type" value="FVG"/>
      <f name="tense" value="PasCon"/>
      <f name="voice" value="active"/>
    </fs>
  </a>
  <node xml:id="vc-n45"/>
  <a xml:id="vc-N66535" label="vchunk" ref="vc-n45" as="anc">
    <fs>
      <f name="type" value="FVG"/>
      <f name="tense" value="SimPas"/>
      <f name="voice" value="active"/>
    </fs>
  </a>
  <node xml:id="vc-n46"/>
  <a xml:id="vc-N66559" label="vchunk" ref="vc-n46" as="anc">
    <fs>
      <f name="type" value="FVG"/>
      <f name="tense" value="SimPas"/>
      <f name="voice" value="active"/>
    </fs>
  </a>
  <node xml:id="vc-n47"/>
  <a xml:id="vc-N66583" label="vchunk" ref="vc-n47" as="anc">
    <fs>
      <f name="type" value="FVG"/>
      <f name="tense" value="SimPas"/>
      <f name="voice" value="active"/>
    </fs>
  </a>
  <node xml:id="vc-n48"/>
  <a xml:id="vc-N66607" label="vchunk" ref="vc-n48" as="anc">
    <fs>
      <f name="type" value="FVG"/>
      <f name="tense" value="SimPas"/>
      <f name="voice" value="active"/>
    </fs>
  </a>
  <node xml:id="vc-n49"/>
  <a xml:id="vc-N66631" label="vchunk" ref="vc-n49" as="anc">
    <fs>
      <f name="type" value="FVG"/>
      <f name="tense" value="SimPas"/>
      <f name="voice" value="active"/>
    </fs>
  </a>
  <node xml:id="vc-n5"/>
  <a xml:id="vc-N66655" label="vchunk" ref="vc-n5" as="anc">
    <fs>
      <f name="type" value="FVG"/>
      <f name="tense" value="SimPre"/>
      <f name="voice" value="active"/>
    </fs>
  </a>
  <node xml:id="vc-n50"/>
  <a xml:id="vc-N66679" label="vchunk" ref="vc-n50" as="anc">
    <fs>
      <f name="type" value="FVG"/>
      <f name="tense" value="SimPas"/>
      <f name="voice" value="active"/>
    </fs>
  </a>
  <node xml:id="vc-n51"/>
  <a xml:id="vc-N66703" label="vchunk" ref="vc-n51" as="anc">
    <fs>
      <f name="type" value="PART"/>
      <f name="tense" value="Pre"/>
      <f name="voice" value="active"/>
    </fs>
  </a>
  <node xml:id="vc-n52"/>
  <a xml:id="vc-N66727" label="vchunk" ref="vc-n52" as="anc">
    <fs>
      <f name="type" value="NFVG"/>
      <f name="tense" value="Inf"/>
      <f name="voice" value="active"/>
    </fs>
  </a>
  <node xml:id="vc-n53"/>
  <a xml:id="vc-N66751" label="vchunk" ref="vc-n53" as="anc">
    <fs>
      <f name="type" value="NFVG"/>
      <f name="tense" value="Inf"/>
      <f name="voice" value="active"/>
    </fs>
  </a>
  <node xml:id="vc-n54"/>
  <a xml:id="vc-N66775" label="vchunk" ref="vc-n54" as="anc">
    <fs>
      <f name="type" value="FVG"/>
      <f name="tense" value="SimPas"/>
      <f name="voice" value="passive"/>
    </fs>
  </a>
  <node xml:id="vc-n55"/>
  <a xml:id="vc-N66799" label="vchunk" ref="vc-n55" as="anc">
    <fs>
      <f name="type" value="NFVG"/>
      <f name="tense" value="Inf"/>
      <f name="voice" value="active"/>
    </fs>
  </a>
  <node xml:id="vc-n56"/>
  <a xml:id="vc-N66823" label="vchunk" ref="vc-n56" as="anc">
    <fs>
      <f name="type" value="MODAL"/>
      <f name="tense" value="none"/>
      <f name="voice" value="none"/>
    </fs>
  </a>
  <node xml:id="vc-n57"/>
  <a xml:id="vc-N66847" label="vchunk" ref="vc-n57" as="anc">
    <fs>
      <f name="type" value="NFVG"/>
      <f name="tense" value="Inf"/>
      <f name="voice" value="active"/>
    </fs>
  </a>
  <node xml:id="vc-n58"/>
  <a xml:id="vc-N66871" label="vchunk" ref="vc-n58" as="anc">
    <fs>
      <f name="type" value="FVG"/>
      <f name="tense" value="SimPas"/>
      <f name="voice" value="active"/>
    </fs>
  </a>
  <node xml:id="vc-n59"/>
  <a xml:id="vc-N66895" label="vchunk" ref="vc-n59" as="anc">
    <fs>
      <f name="type" value="FVG"/>
      <f name="tense" value="SimPre"/>
      <f name="voice" value="active"/>
    </fs>
  </a>
  <node xml:id="vc-n6"/>
  <a xml:id="vc-N66919" label="vchunk" ref="vc-n6" as="anc">
    <fs>
      <f name="type" value="FVG"/>
      <f name="tense" value="SimPas"/>
      <f name="voice" value="active"/>
    </fs>
  </a>
  <node xml:id="vc-n60"/>
  <a xml:id="vc-N66943" label="vchunk" ref="vc-n60" as="anc">
    <fs>
      <f name="type" value="FVG"/>
      <f name="tense" value="SimPas"/>
      <f name="voice" value="active"/>
    </fs>
  </a>
  <node xml:id="vc-n61"/>
  <a xml:id="vc-N66967" label="vchunk" ref="vc-n61" as="anc">
    <fs>
      <f name="type" value="FVG"/>
      <f name="tense" value="SimPre"/>
      <f name="voice" value="active"/>
    </fs>
  </a>
  <node xml:id="vc-n62"/>
  <a xml:id="vc-N66991" label="vchunk" ref="vc-n62" as="anc">
    <fs>
      <f name="type" value="FVG"/>
      <f name="tense" value="SimPre"/>
      <f name="voice" value="active"/>
    </fs>
  </a>
  <node xml:id="vc-n63"/>
  <a xml:id="vc-N67015" label="vchunk" ref="vc-n63" as="anc">
    <fs>
      <f name="type" value="FVG"/>
      <f name="tense" value="SimPre"/>
      <f name="voice" value="active"/>
    </fs>
  </a>
  <node xml:id="vc-n64"/>
  <a xml:id="vc-N67039" label="vchunk" ref="vc-n64" as="anc">
    <fs>
      <f name="type" value="FVG"/>
      <f name="tense" value="SimPre"/>
      <f name="voice" value="active"/>
    </fs>
  </a>
  <node xml:id="vc-n65"/>
  <a xml:id="vc-N67063" label="vchunk" ref="vc-n65" as="anc">
    <fs>
      <f name="type" value="NFVG"/>
      <f name="tense" value="Inf"/>
      <f name="voice" value="active"/>
    </fs>
  </a>
  <node xml:id="vc-n66"/>
  <a xml:id="vc-N67087" label="vchunk" ref="vc-n66" as="anc">
    <fs>
      <f name="type" value="FVG"/>
      <f name="tense" value="SimPre"/>
      <f name="voice" value="active"/>
    </fs>
  </a>
  <node xml:id="vc-n67"/>
  <a xml:id="vc-N67111" label="vchunk" ref="vc-n67" as="anc">
    <fs>
      <f name="type" value="FVG"/>
      <f name="tense" value="SimPre"/>
      <f name="voice" value="active"/>
    </fs>
  </a>
  <node xml:id="vc-n68"/>
  <a xml:id="vc-N67135" label="vchunk" ref="vc-n68" as="anc">
    <fs>
      <f name="type" value="FVG"/>
      <f name="tense" value="SimPre"/>
      <f name="voice" value="active"/>
    </fs>
  </a>
  <node xml:id="vc-n69"/>
  <a xml:id="vc-N67159" label="vchunk" ref="vc-n69" as="anc">
    <fs>
      <f name="type" value="FVG"/>
      <f name="tense" value="SimPre"/>
      <f name="voice" value="active"/>
    </fs>
  </a>
  <node xml:id="vc-n7"/>
  <a xml:id="vc-N67183" label="vchunk" ref="vc-n7" as="anc">
    <fs>
      <f name="type" value="PART"/>
      <f name="tense" value="Pas"/>
      <f name="voice" value="none"/>
    </fs>
  </a>
  <node xml:id="vc-n70"/>
  <a xml:id="vc-N67207" label="vchunk" ref="vc-n70" as="anc">
    <fs>
      <f name="type" value="FVG"/>
      <f name="tense" value="SimPre"/>
      <f name="voice" value="active"/>
    </fs>
  </a>
  <node xml:id="vc-n71"/>
  <a xml:id="vc-N67231" label="vchunk" ref="vc-n71" as="anc">
    <fs>
      <f name="type" value="FVG"/>
      <f name="tense" value="SimPre"/>
      <f name="voice" value="active"/>
    </fs>
  </a>
  <node xml:id="vc-n72"/>
  <a xml:id="vc-N67255" label="vchunk" ref="vc-n72" as="anc">
    <fs>
      <f name="type" value="FVG"/>
      <f name="tense" value="SimPre"/>
      <f name="voice" value="active"/>
    </fs>
  </a>
  <node xml:id="vc-n73"/>
  <a xml:id="vc-N67279" label="vchunk" ref="vc-n73" as="anc">
    <fs>
      <f name="type" value="FVG"/>
      <f name="tense" value="SimPre"/>
      <f name="voice" value="active"/>
    </fs>
  </a>
  <node xml:id="vc-n74"/>
  <a xml:id="vc-N67303" label="vchunk" ref="vc-n74" as="anc">
    <fs>
      <f name="type" value="FVG"/>
      <f name="tense" value="SimPre"/>
      <f name="voice" value="active"/>
    </fs>
  </a>
  <node xml:id="vc-n75"/>
  <a xml:id="vc-N67327" label="vchunk" ref="vc-n75" as="anc">
    <fs>
      <f name="type" value="NFVG"/>
      <f name="tense" value="Inf"/>
      <f name="voice" value="active"/>
    </fs>
  </a>
  <node xml:id="vc-n76"/>
  <a xml:id="vc-N67351" label="vchunk" ref="vc-n76" as="anc">
    <fs>
      <f name="type" value="NFVG"/>
      <f name="tense" value="Inf"/>
      <f name="voice" value="active"/>
    </fs>
  </a>
  <node xml:id="vc-n77"/>
  <a xml:id="vc-N67375" label="vchunk" ref="vc-n77" as="anc">
    <fs>
      <f name="type" value="FVG"/>
      <f name="tense" value="SimPre"/>
      <f name="voice" value="active"/>
    </fs>
  </a>
  <node xml:id="vc-n78"/>
  <a xml:id="vc-N67399" label="vchunk" ref="vc-n78" as="anc">
    <fs>
      <f name="type" value="FVG"/>
      <f name="tense" value="SimPre"/>
      <f name="voice" value="active"/>
    </fs>
  </a>
  <node xml:id="vc-n79"/>
  <a xml:id="vc-N67423" label="vchunk" ref="vc-n79" as="anc">
    <fs>
      <f name="type" value="FVG"/>
      <f name="tense" value="SimPre"/>
      <f name="voice" value="active"/>
    </fs>
  </a>
  <node xml:id="vc-n8"/>
  <a xml:id="vc-N67447" label="vchunk" ref="vc-n8" as="anc">
    <fs>
      <f name="type" value="FVG"/>
      <f name="tense" value="SimPas"/>
      <f name="voice" value="passive"/>
    </fs>
  </a>
  <node xml:id="vc-n80"/>
  <a xml:id="vc-N67471" label="vchunk" ref="vc-n80" as="anc">
    <fs>
      <f name="type" value="FVG"/>
      <f name="tense" value="SimPre"/>
      <f name="voice" value="active"/>
    </fs>
  </a>
  <node xml:id="vc-n81"/>
  <a xml:id="vc-N67495" label="vchunk" ref="vc-n81" as="anc">
    <fs>
      <f name="type" value="FVG"/>
      <f name="tense" value="SimPre"/>
      <f name="voice" value="active"/>
    </fs>
  </a>
  <node xml:id="vc-n82"/>
  <a xml:id="vc-N67519" label="vchunk" ref="vc-n82" as="anc">
    <fs>
      <f name="type" value="FVG"/>
      <f name="tense" value="SimPre"/>
      <f name="voice" value="active"/>
    </fs>
  </a>
  <node xml:id="vc-n83"/>
  <a xml:id="vc-N67543" label="vchunk" ref="vc-n83" as="anc">
    <fs>
      <f name="type" value="FVG"/>
      <f name="tense" value="SimPre"/>
      <f name="voice" value="active"/>
    </fs>
  </a>
  <node xml:id="vc-n84"/>
  <a xml:id="vc-N67567" label="vchunk" ref="vc-n84" as="anc">
    <fs>
      <f name="type" value="FVG"/>
      <f name="tense" value="SimPre"/>
      <f name="voice" value="active"/>
    </fs>
  </a>
  <node xml:id="vc-n85"/>
  <a xml:id="vc-N67591" label="vchunk" ref="vc-n85" as="anc">
    <fs>
      <f name="type" value="FVG"/>
      <f name="tense" value="SimPre"/>
      <f name="voice" value="active"/>
    </fs>
  </a>
  <node xml:id="vc-n86"/>
  <a xml:id="vc-N67615" label="vchunk" ref="vc-n86" as="anc">
    <fs>
      <f name="type" value="FVG"/>
      <f name="tense" value="SimPre"/>
      <f name="voice" value="active"/>
    </fs>
  </a>
  <node xml:id="vc-n87"/>
  <a xml:id="vc-N67639" label="vchunk" ref="vc-n87" as="anc">
    <fs>
      <f name="type" value="NFVG"/>
      <f name="tense" value="Inf"/>
      <f name="voice" value="active"/>
    </fs>
  </a>
  <node xml:id="vc-n88"/>
  <a xml:id="vc-N67663" label="vchunk" ref="vc-n88" as="anc">
    <fs>
      <f name="type" value="FVG"/>
      <f name="tense" value="SimPas"/>
      <f name="voice" value="active"/>
    </fs>
  </a>
  <node xml:id="vc-n89"/>
  <a xml:id="vc-N67687" label="vchunk" ref="vc-n89" as="anc">
    <fs>
      <f name="type" value="PART"/>
      <f name="tense" value="Pre"/>
      <f name="voice" value="active"/>
    </fs>
  </a>
  <node xml:id="vc-n9"/>
  <a xml:id="vc-N67711" label="vchunk" ref="vc-n9" as="anc">
    <fs>
      <f name="type" value="FVG"/>
      <f name="tense" value="SimPas"/>
      <f name="voice" value="active"/>
    </fs>
  </a>
  <node xml:id="vc-n90"/>
  <a xml:id="vc-N67735" label="vchunk" ref="vc-n90" as="anc">
    <fs>
      <f name="type" value="FVG"/>
      <f name="tense" value="SimPas"/>
      <f name="voice" value="active"/>
    </fs>
  </a>
  <node xml:id="vc-n91"/>
  <a xml:id="vc-N67759" label="vchunk" ref="vc-n91" as="anc">
    <fs>
      <f name="type" value="FVG"/>
      <f name="tense" value="SimPre"/>
      <f name="voice" value="active"/>
    </fs>
  </a>
  <node xml:id="vc-n92"/>
  <a xml:id="vc-N67783" label="vchunk" ref="vc-n92" as="anc">
    <fs>
      <f name="type" value="MODAL"/>
      <f name="tense" value="none"/>
      <f name="voice" value="none"/>
    </fs>
  </a>
  <node xml:id="vc-n93"/>
  <a xml:id="vc-N67807" label="vchunk" ref="vc-n93" as="anc">
    <fs>
      <f name="type" value="NFVG"/>
      <f name="tense" value="Inf"/>
      <f name="voice" value="active"/>
    </fs>
  </a>
  <node xml:id="vc-n94"/>
  <a xml:id="vc-N67831" label="vchunk" ref="vc-n94" as="anc">
    <fs>
      <f name="type" value="FVG"/>
      <f name="tense" value="SimPre"/>
      <f name="voice" value="active"/>
    </fs>
  </a>
  <edge xml:id="vc-lnk39" from="vc-n31" to="penn-n219"/>
  <edge xml:id="vc-lnk38" from="vc-n31" to="penn-n218"/>
  <edge xml:id="vc-lnk37" from="vc-n30" to="penn-n211"/>
  <edge xml:id="vc-lnk36" from="vc-n29" to="penn-n209"/>
  <edge xml:id="vc-lnk35" from="vc-n28" to="penn-n206"/>
  <edge xml:id="vc-lnk99" from="vc-n77" to="penn-n537"/>
  <edge xml:id="vc-lnk34" from="vc-n27" to="penn-n192"/>
  <edge xml:id="vc-lnk98" from="vc-n76" to="penn-n527"/>
  <edge xml:id="vc-lnk33" from="vc-n26" to="penn-n181"/>
  <edge xml:id="vc-lnk97" from="vc-n75" to="penn-n520"/>
  <edge xml:id="vc-lnk32" from="vc-n25" to="penn-n178"/>
  <edge xml:id="vc-lnk96" from="vc-n75" to="penn-n519"/>
  <edge xml:id="vc-lnk31" from="vc-n24" to="penn-n170"/>
  <edge xml:id="vc-lnk95" from="vc-n74" to="penn-n516"/>
  <edge xml:id="vc-lnk30" from="vc-n24" to="penn-n169"/>
  <edge xml:id="vc-lnk94" from="vc-n73" to="penn-n510"/>
  <edge xml:id="vc-lnk93" from="vc-n72" to="penn-n506"/>
  <edge xml:id="vc-lnk92" from="vc-n71" to="penn-n500"/>
  <edge xml:id="vc-lnk91" from="vc-n70" to="penn-n496"/>
  <edge xml:id="vc-lnk90" from="vc-n69" to="penn-n487"/>
  <edge xml:id="vc-lnk29" from="vc-n23" to="penn-n166"/>
  <edge xml:id="vc-lnk28" from="vc-n22" to="penn-n162"/>
  <edge xml:id="vc-lnk27" from="vc-n21" to="penn-n156"/>
  <edge xml:id="vc-lnk26" from="vc-n20" to="penn-n138"/>
  <edge xml:id="vc-lnk25" from="vc-n20" to="penn-n137"/>
  <edge xml:id="vc-lnk89" from="vc-n68" to="penn-n481"/>
  <edge xml:id="vc-lnk24" from="vc-n20" to="penn-n136"/>
  <edge xml:id="vc-lnk88" from="vc-n67" to="penn-n475"/>
  <edge xml:id="vc-lnk23" from="vc-n20" to="penn-n135"/>
  <edge xml:id="vc-lnk87" from="vc-n66" to="penn-n473"/>
  <edge xml:id="vc-lnk22" from="vc-n19" to="penn-n128"/>
  <edge xml:id="vc-lnk86" from="vc-n65" to="penn-n469"/>
  <edge xml:id="vc-lnk21" from="vc-n18" to="penn-n115"/>
  <edge xml:id="vc-lnk85" from="vc-n65" to="penn-n468"/>
  <edge xml:id="vc-lnk20" from="vc-n17" to="penn-n112"/>
  <edge xml:id="vc-lnk84" from="vc-n64" to="penn-n467"/>
  <edge xml:id="vc-lnk83" from="vc-n63" to="penn-n465"/>
  <edge xml:id="vc-lnk82" from="vc-n62" to="penn-n442"/>
  <edge xml:id="vc-lnk81" from="vc-n61" to="penn-n440"/>
  <edge xml:id="vc-lnk80" from="vc-n60" to="penn-n428"/>
  <edge xml:id="vc-lnk19" from="vc-n16" to="penn-n110"/>
  <edge xml:id="vc-lnk18" from="vc-n15" to="penn-n106"/>
  <edge xml:id="vc-lnk17" from="vc-n14" to="penn-n93"/>
  <edge xml:id="vc-lnk16" from="vc-n13" to="penn-n84"/>
  <edge xml:id="vc-lnk15" from="vc-n12" to="penn-n82"/>
  <edge xml:id="vc-lnk79" from="vc-n59" to="penn-n407"/>
  <edge xml:id="vc-lnk14" from="vc-n11" to="penn-n77"/>
  <edge xml:id="vc-lnk78" from="vc-n58" to="penn-n405"/>
  <edge xml:id="vc-lnk13" from="vc-n10" to="penn-n74"/>
  <edge xml:id="vc-lnk77" from="vc-n57" to="penn-n395"/>
  <edge xml:id="vc-lnk12" from="vc-n9" to="penn-n71"/>
  <edge xml:id="vc-lnk76" from="vc-n56" to="penn-n392"/>
  <edge xml:id="vc-lnk11" from="vc-n8" to="penn-n53"/>
  <edge xml:id="vc-lnk75" from="vc-n56" to="penn-n391"/>
  <edge xml:id="vc-lnk10" from="vc-n8" to="penn-n52"/>
  <edge xml:id="vc-lnk74" from="vc-n56" to="penn-n390"/>
  <edge xml:id="vc-lnk73" from="vc-n55" to="penn-n385"/>
  <edge xml:id="vc-lnk72" from="vc-n55" to="penn-n384"/>
  <edge xml:id="vc-lnk71" from="vc-n54" to="penn-n383"/>
  <edge xml:id="vc-lnk70" from="vc-n54" to="penn-n382"/>
  <edge xml:id="vc-lnk69" from="vc-n53" to="penn-n368"/>
  <edge xml:id="vc-lnk68" from="vc-n52" to="penn-n361"/>
  <edge xml:id="vc-lnk67" from="vc-n52" to="penn-n360"/>
  <edge xml:id="vc-lnk66" from="vc-n51" to="penn-n347"/>
  <edge xml:id="vc-lnk65" from="vc-n50" to="penn-n338"/>
  <edge xml:id="vc-lnk119" from="vc-n94" to="penn-n609"/>
  <edge xml:id="vc-lnk64" from="vc-n49" to="penn-n334"/>
  <edge xml:id="vc-lnk118" from="vc-n93" to="penn-n604"/>
  <edge xml:id="vc-lnk63" from="vc-n48" to="penn-n330"/>
  <edge xml:id="vc-lnk117" from="vc-n93" to="penn-n603"/>
  <edge xml:id="vc-lnk62" from="vc-n47" to="penn-n325"/>
  <edge xml:id="vc-lnk9" from="vc-n7" to="penn-n45"/>
  <edge xml:id="vc-lnk116" from="vc-n92" to="penn-n602"/>
  <edge xml:id="vc-lnk61" from="vc-n46" to="penn-n322"/>
  <edge xml:id="vc-lnk8" from="vc-n6" to="penn-n43"/>
  <edge xml:id="vc-lnk115" from="vc-n92" to="penn-n601"/>
  <edge xml:id="vc-lnk60" from="vc-n45" to="penn-n313"/>
  <edge xml:id="vc-lnk7" from="vc-n5" to="penn-n40"/>
  <edge xml:id="vc-lnk114" from="vc-n91" to="penn-n596"/>
  <edge xml:id="vc-lnk6" from="vc-n4" to="penn-n38"/>
  <edge xml:id="vc-lnk113" from="vc-n90" to="penn-n593"/>
  <edge xml:id="vc-lnk5" from="vc-n3" to="penn-n25"/>
  <edge xml:id="vc-lnk112" from="vc-n89" to="penn-n588"/>
  <edge xml:id="vc-lnk4" from="vc-n2" to="penn-n16"/>
  <edge xml:id="vc-lnk111" from="vc-n88" to="penn-n587"/>
  <edge xml:id="vc-lnk3" from="vc-n2" to="penn-n15"/>
  <edge xml:id="vc-lnk110" from="vc-n87" to="penn-n582"/>
  <edge xml:id="vc-lnk2" from="vc-n2" to="penn-n14"/>
  <edge xml:id="vc-lnk1" from="vc-n1" to="penn-n9"/>
  <edge xml:id="vc-lnk0" from="vc-n0" to="penn-n0"/>
  <edge xml:id="vc-lnk59" from="vc-n44" to="penn-n306"/>
  <edge xml:id="vc-lnk58" from="vc-n44" to="penn-n305"/>
  <edge xml:id="vc-lnk57" from="vc-n44" to="penn-n304"/>
  <edge xml:id="vc-lnk56" from="vc-n43" to="penn-n296"/>
  <edge xml:id="vc-lnk55" from="vc-n42" to="penn-n293"/>
  <edge xml:id="vc-lnk109" from="vc-n87" to="penn-n581"/>
  <edge xml:id="vc-lnk54" from="vc-n41" to="penn-n291"/>
  <edge xml:id="vc-lnk108" from="vc-n86" to="penn-n580"/>
  <edge xml:id="vc-lnk53" from="vc-n40" to="penn-n284"/>
  <edge xml:id="vc-lnk107" from="vc-n85" to="penn-n575"/>
  <edge xml:id="vc-lnk52" from="vc-n40" to="penn-n283"/>
  <edge xml:id="vc-lnk106" from="vc-n84" to="penn-n568"/>
  <edge xml:id="vc-lnk51" from="vc-n39" to="penn-n282"/>
  <edge xml:id="vc-lnk105" from="vc-n83" to="penn-n563"/>
  <edge xml:id="vc-lnk50" from="vc-n38" to="penn-n278"/>
  <edge xml:id="vc-lnk104" from="vc-n82" to="penn-n560"/>
  <edge xml:id="vc-lnk103" from="vc-n81" to="penn-n558"/>
  <edge xml:id="vc-lnk102" from="vc-n80" to="penn-n554"/>
  <edge xml:id="vc-lnk101" from="vc-n79" to="penn-n549"/>
  <edge xml:id="vc-lnk100" from="vc-n78" to="penn-n544"/>
  <edge xml:id="vc-lnk49" from="vc-n37" to="penn-n266"/>
  <edge xml:id="vc-lnk48" from="vc-n37" to="penn-n265"/>
  <edge xml:id="vc-lnk47" from="vc-n36" to="penn-n264"/>
  <edge xml:id="vc-lnk46" from="vc-n35" to="penn-n255"/>
  <edge xml:id="vc-lnk45" from="vc-n35" to="penn-n254"/>
  <edge xml:id="vc-lnk44" from="vc-n34" to="penn-n240"/>
  <edge xml:id="vc-lnk43" from="vc-n33" to="penn-n234"/>
  <edge xml:id="vc-lnk42" from="vc-n33" to="penn-n233"/>
  <edge xml:id="vc-lnk41" from="vc-n33" to="penn-n232"/>
  <edge xml:id="vc-lnk40" from="vc-n32" to="penn-n230"/>
</graph>
