<graph xmlns="http://www.xces.org/ns/GrAF/1.0/" xmlns:graf="http://www.xces.org/ns/GrAF/1.0/">
  <graphHeader>
    <labelsDecl>
      <labelUsage label="s" occurs="68"/>
    </labelsDecl>
    <annotationSpaces>
      <annotationSpace as.id="anc"/>
    </annotationSpaces>
  </graphHeader>
  <region xml:id="s-r0" anchors="25 50"/>
  <region xml:id="s-r1" anchors="60 63"/>
  <region xml:id="s-r2" anchors="73 120"/>
  <region xml:id="s-r3" anchors="144 149"/>
  <region xml:id="s-r4" anchors="173 188"/>
  <region xml:id="s-r5" anchors="198 223"/>
  <region xml:id="s-r6" anchors="233 236"/>
  <region xml:id="s-r7" anchors="246 272"/>
  <region xml:id="s-r8" anchors="282 314"/>
  <region xml:id="s-r9" anchors="338 364"/>
  <region xml:id="s-r10" anchors="374 417"/>
  <region xml:id="s-r11" anchors="441 448"/>
  <region xml:id="s-r12" anchors="458 554"/>
  <region xml:id="s-r13" anchors="578 611"/>
  <region xml:id="s-r14" anchors="635 642"/>
  <region xml:id="s-r15" anchors="652 691"/>
  <region xml:id="s-r16" anchors="701 762"/>
  <region xml:id="s-r17" anchors="786 815"/>
  <region xml:id="s-r18" anchors="825 861"/>
  <region xml:id="s-r19" anchors="885 888"/>
  <region xml:id="s-r20" anchors="898 957"/>
  <region xml:id="s-r21" anchors="967 1057"/>
  <region xml:id="s-r22" anchors="1081 1159"/>
  <region xml:id="s-r23" anchors="1183 1208"/>
  <region xml:id="s-r24" anchors="1218 1315"/>
  <region xml:id="s-r25" anchors="1339 1375"/>
  <region xml:id="s-r26" anchors="1399 1453"/>
  <region xml:id="s-r27" anchors="1477 1498"/>
  <region xml:id="s-r28" anchors="1522 1527"/>
  <region xml:id="s-r29" anchors="1537 1567"/>
  <region xml:id="s-r30" anchors="1591 1598"/>
  <region xml:id="s-r31" anchors="1608 1661"/>
  <region xml:id="s-r32" anchors="1685 1696"/>
  <region xml:id="s-r33" anchors="1720 1740"/>
  <region xml:id="s-r34" anchors="1764 1795"/>
  <region xml:id="s-r35" anchors="1805 1866"/>
  <region xml:id="s-r36" anchors="1890 2035"/>
  <region xml:id="s-r37" anchors="2045 2177"/>
  <region xml:id="s-r38" anchors="2201 2220"/>
  <region xml:id="s-r39" anchors="2244 2249"/>
  <region xml:id="s-r40" anchors="2259 2388"/>
  <region xml:id="s-r41" anchors="2412 2480"/>
  <region xml:id="s-r42" anchors="2504 2579"/>
  <region xml:id="s-r43" anchors="2603 2610"/>
  <region xml:id="s-r44" anchors="2620 2656"/>
  <region xml:id="s-r45" anchors="2680 2683"/>
  <region xml:id="s-r46" anchors="2693 2750"/>
  <region xml:id="s-r47" anchors="2774 2781"/>
  <region xml:id="s-r48" anchors="2791 2819"/>
  <region xml:id="s-r49" anchors="2829 2860"/>
  <region xml:id="s-r50" anchors="2884 2903"/>
  <region xml:id="s-r51" anchors="2913 2941"/>
  <region xml:id="s-r52" anchors="2965 2972"/>
  <region xml:id="s-r53" anchors="2982 2997"/>
  <region xml:id="s-r54" anchors="3021 3044"/>
  <region xml:id="s-r55" anchors="3054 3097"/>
  <region xml:id="s-r56" anchors="3107 3144"/>
  <region xml:id="s-r57" anchors="3168 3196"/>
  <region xml:id="s-r58" anchors="3220 3246"/>
  <region xml:id="s-r59" anchors="3256 3295"/>
  <region xml:id="s-r60" anchors="3319 3348"/>
  <region xml:id="s-r61" anchors="3358 3370"/>
  <region xml:id="s-r62" anchors="3394 3416"/>
  <region xml:id="s-r63" anchors="3440 3462"/>
  <region xml:id="s-r64" anchors="3472 3475"/>
  <region xml:id="s-r65" anchors="3485 3584"/>
  <region xml:id="s-r66" anchors="3594 3671"/>
  <region xml:id="s-r67" anchors="3695 3711"/>
  <node xml:id="s-n0">
    <link targets="s-r0"/>
  </node>
  <a xml:id="s-N65837" label="s" ref="s-n0" as="anc">
    <fs>
      <f name="id" value="t1u1"/>
      <f name="graf:id" value="n0"/>
      <f name="graf:set" value="xces"/>
    </fs>
  </a>
  <node xml:id="s-n1">
    <link targets="s-r1"/>
  </node>
  <a xml:id="s-N65865" label="s" ref="s-n1" as="anc">
    <fs>
      <f name="id" value="t1u2"/>
      <f name="graf:id" value="n1"/>
      <f name="graf:set" value="xces"/>
    </fs>
  </a>
  <node xml:id="s-n10">
    <link targets="s-r10"/>
  </node>
  <a xml:id="s-N65893" label="s" ref="s-n10" as="anc">
    <fs>
      <f name="id" value="t4u2"/>
      <f name="graf:id" value="n10"/>
      <f name="graf:set" value="xces"/>
    </fs>
  </a>
  <node xml:id="s-n11">
    <link targets="s-r11"/>
  </node>
  <a xml:id="s-N65921" label="s" ref="s-n11" as="anc">
    <fs>
      <f name="id" value="t5u1"/>
      <f name="graf:id" value="n11"/>
      <f name="graf:set" value="xces"/>
    </fs>
  </a>
  <node xml:id="s-n12">
    <link targets="s-r12"/>
  </node>
  <a xml:id="s-N65949" label="s" ref="s-n12" as="anc">
    <fs>
      <f name="id" value="t5u2"/>
      <f name="graf:id" value="n12"/>
      <f name="graf:set" value="xces"/>
    </fs>
  </a>
  <node xml:id="s-n13">
    <link targets="s-r13"/>
  </node>
  <a xml:id="s-N65977" label="s" ref="s-n13" as="anc">
    <fs>
      <f name="id" value="t6u1"/>
      <f name="graf:id" value="n13"/>
      <f name="graf:set" value="xces"/>
    </fs>
  </a>
  <node xml:id="s-n14">
    <link targets="s-r14"/>
  </node>
  <a xml:id="s-N66005" label="s" ref="s-n14" as="anc">
    <fs>
      <f name="id" value="t7u1"/>
      <f name="graf:id" value="n14"/>
      <f name="graf:set" value="xces"/>
    </fs>
  </a>
  <node xml:id="s-n15">
    <link targets="s-r15"/>
  </node>
  <a xml:id="s-N66033" label="s" ref="s-n15" as="anc">
    <fs>
      <f name="id" value="t7u2"/>
      <f name="graf:id" value="n15"/>
      <f name="graf:set" value="xces"/>
    </fs>
  </a>
  <node xml:id="s-n16">
    <link targets="s-r16"/>
  </node>
  <a xml:id="s-N66061" label="s" ref="s-n16" as="anc">
    <fs>
      <f name="id" value="t7u3"/>
      <f name="graf:id" value="n16"/>
      <f name="graf:set" value="xces"/>
    </fs>
  </a>
  <node xml:id="s-n17">
    <link targets="s-r17"/>
  </node>
  <a xml:id="s-N66089" label="s" ref="s-n17" as="anc">
    <fs>
      <f name="id" value="t8u1"/>
      <f name="graf:id" value="n17"/>
      <f name="graf:set" value="xces"/>
    </fs>
  </a>
  <node xml:id="s-n18">
    <link targets="s-r18"/>
  </node>
  <a xml:id="s-N66117" label="s" ref="s-n18" as="anc">
    <fs>
      <f name="id" value="t8u2"/>
      <f name="graf:id" value="n18"/>
      <f name="graf:set" value="xces"/>
    </fs>
  </a>
  <node xml:id="s-n19">
    <link targets="s-r19"/>
  </node>
  <a xml:id="s-N66145" label="s" ref="s-n19" as="anc">
    <fs>
      <f name="id" value="t9u1"/>
      <f name="graf:id" value="n19"/>
      <f name="graf:set" value="xces"/>
    </fs>
  </a>
  <node xml:id="s-n2">
    <link targets="s-r2"/>
  </node>
  <a xml:id="s-N66173" label="s" ref="s-n2" as="anc">
    <fs>
      <f name="id" value="t1u3"/>
      <f name="graf:id" value="n2"/>
      <f name="graf:set" value="xces"/>
    </fs>
  </a>
  <node xml:id="s-n20">
    <link targets="s-r20"/>
  </node>
  <a xml:id="s-N66201" label="s" ref="s-n20" as="anc">
    <fs>
      <f name="graf:set" value="xces"/>
      <f name="graf:id" value="n20"/>
      <f name="id" value="t9u1.1"/>
    </fs>
  </a>
  <node xml:id="s-n21">
    <link targets="s-r21"/>
  </node>
  <a xml:id="s-N66229" label="s" ref="s-n21" as="anc">
    <fs>
      <f name="graf:set" value="xces"/>
      <f name="graf:id" value="n21"/>
      <f name="id" value="t9u1.2"/>
    </fs>
  </a>
  <node xml:id="s-n22">
    <link targets="s-r22"/>
  </node>
  <a xml:id="s-N66257" label="s" ref="s-n22" as="anc">
    <fs>
      <f name="graf:set" value="xces"/>
      <f name="graf:id" value="n22"/>
      <f name="id" value="t9u1.3"/>
    </fs>
  </a>
  <node xml:id="s-n23">
    <link targets="s-r23"/>
  </node>
  <a xml:id="s-N66285" label="s" ref="s-n23" as="anc">
    <fs>
      <f name="id" value="t11u1"/>
      <f name="graf:id" value="n23"/>
      <f name="graf:set" value="xces"/>
    </fs>
  </a>
  <node xml:id="s-n24">
    <link targets="s-r24"/>
  </node>
  <a xml:id="s-N66313" label="s" ref="s-n24" as="anc">
    <fs>
      <f name="id" value="t11u2"/>
      <f name="graf:id" value="n24"/>
      <f name="graf:set" value="xces"/>
    </fs>
  </a>
  <node xml:id="s-n25">
    <link targets="s-r25"/>
  </node>
  <a xml:id="s-N66341" label="s" ref="s-n25" as="anc">
    <fs>
      <f name="id" value="t12u1"/>
      <f name="graf:id" value="n25"/>
      <f name="graf:set" value="xces"/>
    </fs>
  </a>
  <node xml:id="s-n26">
    <link targets="s-r26"/>
  </node>
  <a xml:id="s-N66369" label="s" ref="s-n26" as="anc">
    <fs>
      <f name="id" value="t13u1"/>
      <f name="graf:id" value="n26"/>
      <f name="graf:set" value="xces"/>
    </fs>
  </a>
  <node xml:id="s-n27">
    <link targets="s-r27"/>
  </node>
  <a xml:id="s-N66397" label="s" ref="s-n27" as="anc">
    <fs>
      <f name="id" value="t14u1"/>
      <f name="graf:id" value="n27"/>
      <f name="graf:set" value="xces"/>
    </fs>
  </a>
  <node xml:id="s-n28">
    <link targets="s-r28"/>
  </node>
  <a xml:id="s-N66425" label="s" ref="s-n28" as="anc">
    <fs>
      <f name="id" value="t15u1"/>
      <f name="graf:id" value="n28"/>
      <f name="graf:set" value="xces"/>
    </fs>
  </a>
  <node xml:id="s-n29">
    <link targets="s-r29"/>
  </node>
  <a xml:id="s-N66453" label="s" ref="s-n29" as="anc">
    <fs>
      <f name="id" value="t15u2"/>
      <f name="graf:id" value="n29"/>
      <f name="graf:set" value="xces"/>
    </fs>
  </a>
  <node xml:id="s-n3">
    <link targets="s-r3"/>
  </node>
  <a xml:id="s-N66481" label="s" ref="s-n3" as="anc">
    <fs>
      <f name="id" value="t2u1"/>
      <f name="graf:id" value="n3"/>
      <f name="graf:set" value="xces"/>
    </fs>
  </a>
  <node xml:id="s-n30">
    <link targets="s-r30"/>
  </node>
  <a xml:id="s-N66509" label="s" ref="s-n30" as="anc">
    <fs>
      <f name="id" value="t16u1"/>
      <f name="graf:id" value="n30"/>
      <f name="graf:set" value="xces"/>
    </fs>
  </a>
  <node xml:id="s-n31">
    <link targets="s-r31"/>
  </node>
  <a xml:id="s-N66537" label="s" ref="s-n31" as="anc">
    <fs>
      <f name="id" value="t16u2"/>
      <f name="graf:id" value="n31"/>
      <f name="graf:set" value="xces"/>
    </fs>
  </a>
  <node xml:id="s-n32">
    <link targets="s-r32"/>
  </node>
  <a xml:id="s-N66565" label="s" ref="s-n32" as="anc">
    <fs>
      <f name="id" value="t17u1"/>
      <f name="graf:id" value="n32"/>
      <f name="graf:set" value="xces"/>
    </fs>
  </a>
  <node xml:id="s-n33">
    <link targets="s-r33"/>
  </node>
  <a xml:id="s-N66593" label="s" ref="s-n33" as="anc">
    <fs>
      <f name="id" value="t18u1"/>
      <f name="graf:id" value="n33"/>
      <f name="graf:set" value="xces"/>
    </fs>
  </a>
  <node xml:id="s-n34">
    <link targets="s-r34"/>
  </node>
  <a xml:id="s-N66621" label="s" ref="s-n34" as="anc">
    <fs>
      <f name="id" value="t19u1"/>
      <f name="graf:id" value="n34"/>
      <f name="graf:set" value="xces"/>
    </fs>
  </a>
  <node xml:id="s-n35">
    <link targets="s-r35"/>
  </node>
  <a xml:id="s-N66649" label="s" ref="s-n35" as="anc">
    <fs>
      <f name="id" value="t19u2"/>
      <f name="graf:id" value="n35"/>
      <f name="graf:set" value="xces"/>
    </fs>
  </a>
  <node xml:id="s-n36">
    <link targets="s-r36"/>
  </node>
  <a xml:id="s-N66677" label="s" ref="s-n36" as="anc">
    <fs>
      <f name="id" value="t20u1"/>
      <f name="graf:id" value="n36"/>
      <f name="graf:set" value="xces"/>
    </fs>
  </a>
  <node xml:id="s-n37">
    <link targets="s-r37"/>
  </node>
  <a xml:id="s-N66705" label="s" ref="s-n37" as="anc">
    <fs>
      <f name="id" value="t20u2"/>
      <f name="graf:id" value="n37"/>
      <f name="graf:set" value="xces"/>
    </fs>
  </a>
  <node xml:id="s-n38">
    <link targets="s-r38"/>
  </node>
  <a xml:id="s-N66733" label="s" ref="s-n38" as="anc">
    <fs>
      <f name="id" value="t21u1"/>
      <f name="graf:id" value="n38"/>
      <f name="graf:set" value="xces"/>
    </fs>
  </a>
  <node xml:id="s-n39">
    <link targets="s-r39"/>
  </node>
  <a xml:id="s-N66761" label="s" ref="s-n39" as="anc">
    <fs>
      <f name="id" value="t22u1"/>
      <f name="graf:id" value="n39"/>
      <f name="graf:set" value="xces"/>
    </fs>
  </a>
  <node xml:id="s-n4">
    <link targets="s-r4"/>
  </node>
  <a xml:id="s-N66789" label="s" ref="s-n4" as="anc">
    <fs>
      <f name="id" value="t3u1"/>
      <f name="graf:id" value="n4"/>
      <f name="graf:set" value="xces"/>
    </fs>
  </a>
  <node xml:id="s-n40">
    <link targets="s-r40"/>
  </node>
  <a xml:id="s-N66817" label="s" ref="s-n40" as="anc">
    <fs>
      <f name="id" value="t22u2"/>
      <f name="graf:id" value="n40"/>
      <f name="graf:set" value="xces"/>
    </fs>
  </a>
  <node xml:id="s-n41">
    <link targets="s-r41"/>
  </node>
  <a xml:id="s-N66845" label="s" ref="s-n41" as="anc">
    <fs>
      <f name="id" value="t23u1"/>
      <f name="graf:id" value="n41"/>
      <f name="graf:set" value="xces"/>
    </fs>
  </a>
  <node xml:id="s-n42">
    <link targets="s-r42"/>
  </node>
  <a xml:id="s-N66873" label="s" ref="s-n42" as="anc">
    <fs>
      <f name="id" value="t24u1"/>
      <f name="graf:id" value="n42"/>
      <f name="graf:set" value="xces"/>
    </fs>
  </a>
  <node xml:id="s-n43">
    <link targets="s-r43"/>
  </node>
  <a xml:id="s-N66901" label="s" ref="s-n43" as="anc">
    <fs>
      <f name="id" value="t25u1"/>
      <f name="graf:id" value="n43"/>
      <f name="graf:set" value="xces"/>
    </fs>
  </a>
  <node xml:id="s-n44">
    <link targets="s-r44"/>
  </node>
  <a xml:id="s-N66929" label="s" ref="s-n44" as="anc">
    <fs>
      <f name="id" value="t25u2"/>
      <f name="graf:id" value="n44"/>
      <f name="graf:set" value="xces"/>
    </fs>
  </a>
  <node xml:id="s-n45">
    <link targets="s-r45"/>
  </node>
  <a xml:id="s-N66957" label="s" ref="s-n45" as="anc">
    <fs>
      <f name="id" value="t26u1"/>
      <f name="graf:id" value="n45"/>
      <f name="graf:set" value="xces"/>
    </fs>
  </a>
  <node xml:id="s-n46">
    <link targets="s-r46"/>
  </node>
  <a xml:id="s-N66985" label="s" ref="s-n46" as="anc">
    <fs>
      <f name="id" value="t26u2"/>
      <f name="graf:id" value="n46"/>
      <f name="graf:set" value="xces"/>
    </fs>
  </a>
  <node xml:id="s-n47">
    <link targets="s-r47"/>
  </node>
  <a xml:id="s-N67013" label="s" ref="s-n47" as="anc">
    <fs>
      <f name="id" value="t27u1"/>
      <f name="graf:id" value="n47"/>
      <f name="graf:set" value="xces"/>
    </fs>
  </a>
  <node xml:id="s-n48">
    <link targets="s-r48"/>
  </node>
  <a xml:id="s-N67041" label="s" ref="s-n48" as="anc">
    <fs>
      <f name="id" value="t27u2"/>
      <f name="graf:id" value="n48"/>
      <f name="graf:set" value="xces"/>
    </fs>
  </a>
  <node xml:id="s-n49">
    <link targets="s-r49"/>
  </node>
  <a xml:id="s-N67069" label="s" ref="s-n49" as="anc">
    <fs>
      <f name="id" value="t27u3"/>
      <f name="graf:id" value="n49"/>
      <f name="graf:set" value="xces"/>
    </fs>
  </a>
  <node xml:id="s-n5">
    <link targets="s-r5"/>
  </node>
  <a xml:id="s-N67097" label="s" ref="s-n5" as="anc">
    <fs>
      <f name="id" value="t3u2"/>
      <f name="graf:id" value="n5"/>
      <f name="graf:set" value="xces"/>
    </fs>
  </a>
  <node xml:id="s-n50">
    <link targets="s-r50"/>
  </node>
  <a xml:id="s-N67125" label="s" ref="s-n50" as="anc">
    <fs>
      <f name="id" value="t28u1"/>
      <f name="graf:id" value="n50"/>
      <f name="graf:set" value="xces"/>
    </fs>
  </a>
  <node xml:id="s-n51">
    <link targets="s-r51"/>
  </node>
  <a xml:id="s-N67153" label="s" ref="s-n51" as="anc">
    <fs>
      <f name="id" value="t28u2"/>
      <f name="graf:id" value="n51"/>
      <f name="graf:set" value="xces"/>
    </fs>
  </a>
  <node xml:id="s-n52">
    <link targets="s-r52"/>
  </node>
  <a xml:id="s-N67181" label="s" ref="s-n52" as="anc">
    <fs>
      <f name="id" value="t29u1"/>
      <f name="graf:id" value="n52"/>
      <f name="graf:set" value="xces"/>
    </fs>
  </a>
  <node xml:id="s-n53">
    <link targets="s-r53"/>
  </node>
  <a xml:id="s-N67209" label="s" ref="s-n53" as="anc">
    <fs>
      <f name="id" value="t29u2"/>
      <f name="graf:id" value="n53"/>
      <f name="graf:set" value="xces"/>
    </fs>
  </a>
  <node xml:id="s-n54">
    <link targets="s-r54"/>
  </node>
  <a xml:id="s-N67237" label="s" ref="s-n54" as="anc">
    <fs>
      <f name="id" value="t30u1"/>
      <f name="graf:id" value="n54"/>
      <f name="graf:set" value="xces"/>
    </fs>
  </a>
  <node xml:id="s-n55">
    <link targets="s-r55"/>
  </node>
  <a xml:id="s-N67265" label="s" ref="s-n55" as="anc">
    <fs>
      <f name="id" value="t30u2"/>
      <f name="graf:id" value="n55"/>
      <f name="graf:set" value="xces"/>
    </fs>
  </a>
  <node xml:id="s-n56">
    <link targets="s-r56"/>
  </node>
  <a xml:id="s-N67293" label="s" ref="s-n56" as="anc">
    <fs>
      <f name="id" value="t30u3"/>
      <f name="graf:id" value="n56"/>
      <f name="graf:set" value="xces"/>
    </fs>
  </a>
  <node xml:id="s-n57">
    <link targets="s-r57"/>
  </node>
  <a xml:id="s-N67321" label="s" ref="s-n57" as="anc">
    <fs>
      <f name="id" value="t31u1"/>
      <f name="graf:id" value="n57"/>
      <f name="graf:set" value="xces"/>
    </fs>
  </a>
  <node xml:id="s-n58">
    <link targets="s-r58"/>
  </node>
  <a xml:id="s-N67349" label="s" ref="s-n58" as="anc">
    <fs>
      <f name="id" value="t32u1"/>
      <f name="graf:id" value="n58"/>
      <f name="graf:set" value="xces"/>
    </fs>
  </a>
  <node xml:id="s-n59">
    <link targets="s-r59"/>
  </node>
  <a xml:id="s-N67377" label="s" ref="s-n59" as="anc">
    <fs>
      <f name="id" value="t32u2"/>
      <f name="graf:id" value="n59"/>
      <f name="graf:set" value="xces"/>
    </fs>
  </a>
  <node xml:id="s-n6">
    <link targets="s-r6"/>
  </node>
  <a xml:id="s-N67405" label="s" ref="s-n6" as="anc">
    <fs>
      <f name="id" value="t3u3"/>
      <f name="graf:id" value="n6"/>
      <f name="graf:set" value="xces"/>
    </fs>
  </a>
  <node xml:id="s-n60">
    <link targets="s-r60"/>
  </node>
  <a xml:id="s-N67433" label="s" ref="s-n60" as="anc">
    <fs>
      <f name="id" value="t33u1"/>
      <f name="graf:id" value="n60"/>
      <f name="graf:set" value="xces"/>
    </fs>
  </a>
  <node xml:id="s-n61">
    <link targets="s-r61"/>
  </node>
  <a xml:id="s-N67461" label="s" ref="s-n61" as="anc">
    <fs>
      <f name="id" value="t33u2"/>
      <f name="graf:id" value="n61"/>
      <f name="graf:set" value="xces"/>
    </fs>
  </a>
  <node xml:id="s-n62">
    <link targets="s-r62"/>
  </node>
  <a xml:id="s-N67489" label="s" ref="s-n62" as="anc">
    <fs>
      <f name="id" value="t34u1"/>
      <f name="graf:id" value="n62"/>
      <f name="graf:set" value="xces"/>
    </fs>
  </a>
  <node xml:id="s-n63">
    <link targets="s-r63"/>
  </node>
  <a xml:id="s-N67517" label="s" ref="s-n63" as="anc">
    <fs>
      <f name="id" value="t35u1"/>
      <f name="graf:id" value="n63"/>
      <f name="graf:set" value="xces"/>
    </fs>
  </a>
  <node xml:id="s-n64">
    <link targets="s-r64"/>
  </node>
  <a xml:id="s-N67545" label="s" ref="s-n64" as="anc">
    <fs>
      <f name="id" value="t35u2"/>
      <f name="graf:id" value="n64"/>
      <f name="graf:set" value="xces"/>
    </fs>
  </a>
  <node xml:id="s-n65">
    <link targets="s-r65"/>
  </node>
  <a xml:id="s-N67573" label="s" ref="s-n65" as="anc">
    <fs>
      <f name="id" value="t35u3"/>
      <f name="graf:id" value="n65"/>
      <f name="graf:set" value="xces"/>
    </fs>
  </a>
  <node xml:id="s-n66">
    <link targets="s-r66"/>
  </node>
  <a xml:id="s-N67601" label="s" ref="s-n66" as="anc">
    <fs>
      <f name="id" value="t35u4"/>
      <f name="graf:id" value="n66"/>
      <f name="graf:set" value="xces"/>
    </fs>
  </a>
  <node xml:id="s-n67">
    <link targets="s-r67"/>
  </node>
  <a xml:id="s-N67629" label="s" ref="s-n67" as="anc">
    <fs>
      <f name="id" value="t36u1"/>
      <f name="graf:id" value="n67"/>
      <f name="graf:set" value="xces"/>
    </fs>
  </a>
  <node xml:id="s-n7">
    <link targets="s-r7"/>
  </node>
  <a xml:id="s-N67657" label="s" ref="s-n7" as="anc">
    <fs>
      <f name="id" value="t3u4"/>
      <f name="graf:id" value="n7"/>
      <f name="graf:set" value="xces"/>
    </fs>
  </a>
  <node xml:id="s-n8">
    <link targets="s-r8"/>
  </node>
  <a xml:id="s-N67685" label="s" ref="s-n8" as="anc">
    <fs>
      <f name="id" value="t3u5"/>
      <f name="graf:id" value="n8"/>
      <f name="graf:set" value="xces"/>
    </fs>
  </a>
  <node xml:id="s-n9">
    <link targets="s-r9"/>
  </node>
  <a xml:id="s-N67713" label="s" ref="s-n9" as="anc">
    <fs>
      <f name="id" value="t4u1"/>
      <f name="graf:id" value="n9"/>
      <f name="graf:set" value="xces"/>
    </fs>
  </a>
</graph>
