<graph xmlns="http://www.xces.org/ns/GrAF/1.0/" xmlns:graf="http://www.xces.org/ns/GrAF/1.0/">
  <graphHeader>
    <labelsDecl>
      <labelUsage label="person" occurs="3"/>
      <labelUsage label="location" occurs="1"/>
      <labelUsage label="org" occurs="13"/>
    </labelsDecl>
    <dependencies>
      <dependsOn f.id="f.penn"/>
    </dependencies>
    <annotationSpaces>
      <annotationSpace as.id="anc"/>
    </annotationSpaces>
  </graphHeader>
  <node xml:id="ne-n0"/>
  <a xml:id="ne-N65575" label="person" ref="ne-n0" as="anc">
    <fs>
      <f name="sex" value="female"/>
      <f name="graf:id" value="ne-n0"/>
      <f name="graf:set" value="xces"/>
    </fs>
  </a>
  <node xml:id="ne-n1"/>
  <a xml:id="ne-N65599" label="person" ref="ne-n1" as="anc">
    <fs>
      <f name="sex" value="female"/>
      <f name="graf:id" value="ne-n1"/>
      <f name="graf:set" value="xces"/>
    </fs>
  </a>
  <node xml:id="ne-n10"/>
  <a xml:id="ne-N65623" label="org" ref="ne-n10" as="anc">
    <fs>
      <f name="type" value="educational"/>
      <f name="graf:id" value="n10"/>
      <f name="graf:set" value="xces"/>
    </fs>
  </a>
  <node xml:id="ne-n11"/>
  <a xml:id="ne-N65647" label="org" ref="ne-n11" as="anc">
    <fs>
      <f name="type" value="educational"/>
      <f name="graf:id" value="n11"/>
      <f name="graf:set" value="xces"/>
    </fs>
  </a>
  <node xml:id="ne-n12"/>
  <a xml:id="ne-N65671" label="org" ref="ne-n12" as="anc">
    <fs>
      <f name="type" value="educational"/>
      <f name="graf:id" value="n12"/>
      <f name="graf:set" value="xces"/>
    </fs>
  </a>
  <node xml:id="ne-n13"/>
  <a xml:id="ne-N65695" label="org" ref="ne-n13" as="anc">
    <fs>
      <f name="type" value="educational"/>
      <f name="graf:id" value="n13"/>
      <f name="graf:set" value="xces"/>
    </fs>
  </a>
  <node xml:id="ne-n14"/>
  <a xml:id="ne-N65719" label="org" ref="ne-n14" as="anc">
    <fs>
      <f name="type" value="educational"/>
      <f name="graf:id" value="n14"/>
      <f name="graf:set" value="xces"/>
    </fs>
  </a>
  <node xml:id="ne-n15"/>
  <a xml:id="ne-N65743" label="org" ref="ne-n15" as="anc">
    <fs>
      <f name="type" value="educational"/>
      <f name="graf:id" value="n15"/>
      <f name="graf:set" value="xces"/>
    </fs>
  </a>
  <node xml:id="ne-n16"/>
  <a xml:id="ne-N65767" label="org" ref="ne-n16" as="anc">
    <fs>
      <f name="type" value="educational"/>
      <f name="graf:id" value="n16"/>
      <f name="graf:set" value="xces"/>
    </fs>
  </a>
  <node xml:id="ne-n2"/>
  <a xml:id="ne-N65791" label="org" ref="ne-n2" as="anc">
    <fs>
      <f name="type" value="educational"/>
      <f name="graf:id" value="n2"/>
      <f name="graf:set" value="xces"/>
    </fs>
  </a>
  <node xml:id="ne-n3"/>
  <a xml:id="ne-N65815" label="org" ref="ne-n3" as="anc">
    <fs>
      <f name="type" value="educational"/>
      <f name="graf:id" value="n3"/>
      <f name="graf:set" value="xces"/>
    </fs>
  </a>
  <node xml:id="ne-n4"/>
  <a xml:id="ne-N65839" label="org" ref="ne-n4" as="anc">
    <fs>
      <f name="type" value="educational"/>
      <f name="graf:id" value="n4"/>
      <f name="graf:set" value="xces"/>
    </fs>
  </a>
  <node xml:id="ne-n5"/>
  <a xml:id="ne-N65863" label="location" ref="ne-n5" as="anc">
    <fs>
      <f name="type" value="city"/>
      <f name="graf:id" value="ne-n2"/>
      <f name="graf:set" value="xces"/>
    </fs>
  </a>
  <node xml:id="ne-n6"/>
  <a xml:id="ne-N65887" label="org" ref="ne-n6" as="anc">
    <fs>
      <f name="type" value="educational"/>
      <f name="graf:id" value="n6"/>
      <f name="graf:set" value="xces"/>
    </fs>
  </a>
  <node xml:id="ne-n7"/>
  <a xml:id="ne-N65911" label="org" ref="ne-n7" as="anc">
    <fs>
      <f name="type" value="educational"/>
      <f name="graf:id" value="n7"/>
      <f name="graf:set" value="xces"/>
    </fs>
  </a>
  <node xml:id="ne-n8"/>
  <a xml:id="ne-N65935" label="person" ref="ne-n8" as="anc">
    <fs>
      <f name="sex" value="female"/>
      <f name="graf:id" value="ne-n3"/>
      <f name="graf:set" value="xces"/>
    </fs>
  </a>
  <node xml:id="ne-n9"/>
  <a xml:id="ne-N65959" label="org" ref="ne-n9" as="anc">
    <fs>
      <f name="type" value="educational"/>
      <f name="graf:id" value="n9"/>
      <f name="graf:set" value="xces"/>
    </fs>
  </a>
  <edge xml:id="ne-lnk19" from="ne-n10" to="penn-n1927"/>
  <edge xml:id="ne-lnk18" from="ne-n10" to="penn-n1926"/>
  <edge xml:id="ne-lnk17" from="ne-n9" to="penn-n1885"/>
  <edge xml:id="ne-lnk16" from="ne-n9" to="penn-n1884"/>
  <edge xml:id="ne-lnk15" from="ne-n8" to="penn-n1407"/>
  <edge xml:id="ne-lnk14" from="ne-n7" to="penn-n1223"/>
  <edge xml:id="ne-lnk13" from="ne-n7" to="penn-n1222"/>
  <edge xml:id="ne-lnk12" from="ne-n6" to="penn-n1054"/>
  <edge xml:id="ne-lnk11" from="ne-n6" to="penn-n1053"/>
  <edge xml:id="ne-lnk10" from="ne-n5" to="penn-n1044"/>
  <edge xml:id="ne-lnk9" from="ne-n4" to="penn-n1040"/>
  <edge xml:id="ne-lnk8" from="ne-n4" to="penn-n1039"/>
  <edge xml:id="ne-lnk7" from="ne-n4" to="penn-n1038"/>
  <edge xml:id="ne-lnk26" from="ne-n16" to="penn-n2005"/>
  <edge xml:id="ne-lnk6" from="ne-n3" to="penn-n1001"/>
  <edge xml:id="ne-lnk25" from="ne-n15" to="penn-n1989"/>
  <edge xml:id="ne-lnk5" from="ne-n3" to="penn-n1000"/>
  <edge xml:id="ne-lnk24" from="ne-n14" to="penn-n1976"/>
  <edge xml:id="ne-lnk4" from="ne-n3" to="penn-n999"/>
  <edge xml:id="ne-lnk23" from="ne-n13" to="penn-n1963"/>
  <edge xml:id="ne-lnk3" from="ne-n2" to="penn-n993"/>
  <edge xml:id="ne-lnk22" from="ne-n13" to="penn-n1962"/>
  <edge xml:id="ne-lnk2" from="ne-n1" to="penn-n780"/>
  <edge xml:id="ne-lnk21" from="ne-n12" to="penn-n1933"/>
  <edge xml:id="ne-lnk1" from="ne-n0" to="penn-n5"/>
  <edge xml:id="ne-lnk20" from="ne-n11" to="penn-n1929"/>
  <edge xml:id="ne-lnk0" from="ne-n0" to="penn-n4"/>
</graph>
