<graph xmlns="http://www.xces.org/ns/GrAF/1.0/" xmlns:graf="http://www.xces.org/ns/GrAF/1.0/">
  <graphHeader>
    <labelsDecl>
      <labelUsage label="body" occurs="1"/>
      <labelUsage label="turn" occurs="11"/>
      <labelUsage label="u" occurs="102"/>
      <labelUsage label="cesDoc" occurs="1"/>
      <labelUsage label="shift" occurs="6"/>
    </labelsDecl>
    <annotationSpaces>
      <annotationSpace as.id="xces"/>
    </annotationSpaces>
  </graphHeader>
  <region xml:id="logical-r0" anchors="0 10234"/>
  <node xml:id="logical-n0">
    <link targets="logical-r0"/>
  </node>
  <a xml:id="logical-N65585" label="cesDoc" ref="logical-n0" as="xces">
    <fs>
      <f name="version" value="1.0.4"/>
      <f name="xmlns" value="http://www.xces.org/schema/2003"/>
      <f name="xmlns:xlink" value="http://www.w3.org/1999/xlink"/>
    </fs>
  </a>
  <region xml:id="logical-r1" anchors="8 10233"/>
  <node xml:id="logical-n1">
    <link targets="logical-r1"/>
  </node>
  <a xml:id="logical-N65617" label="body" ref="logical-n1" as="xces"/>
  <region xml:id="logical-r2" anchors="15 4595"/>
  <node xml:id="logical-n2">
    <link targets="logical-r2"/>
  </node>
  <a xml:id="logical-N65633" label="turn" ref="logical-n2" as="xces">
    <fs>
      <f name="who" value="SR"/>
      <f name="id" value="t1"/>
    </fs>
  </a>
  <region xml:id="logical-r3" anchors="25 136"/>
  <node xml:id="logical-n3">
    <link targets="logical-r3"/>
  </node>
  <a xml:id="logical-N65661" label="u" ref="logical-n3" as="xces">
    <fs>
      <f name="id" value="t1u1"/>
    </fs>
  </a>
  <region xml:id="logical-r4" anchors="146 187"/>
  <node xml:id="logical-n4">
    <link targets="logical-r4"/>
  </node>
  <a xml:id="logical-N65685" label="u" ref="logical-n4" as="xces">
    <fs>
      <f name="id" value="t1u2"/>
    </fs>
  </a>
  <region xml:id="logical-r5" anchors="197 197"/>
  <node xml:id="logical-n5">
    <link targets="logical-r5"/>
  </node>
  <a xml:id="logical-N65709" label="shift" ref="logical-n5" as="xces">
    <fs>
      <f name="type" value="voice"/>
      <f name="feature" value="laughter"/>
    </fs>
  </a>
  <region xml:id="logical-r6" anchors="207 409"/>
  <node xml:id="logical-n6">
    <link targets="logical-r6"/>
  </node>
  <a xml:id="logical-N65737" label="u" ref="logical-n6" as="xces">
    <fs>
      <f name="id" value="t1u3"/>
    </fs>
  </a>
  <region xml:id="logical-r7" anchors="419 585"/>
  <node xml:id="logical-n7">
    <link targets="logical-r7"/>
  </node>
  <a xml:id="logical-N65761" label="u" ref="logical-n7" as="xces">
    <fs>
      <f name="id" value="t1u4"/>
    </fs>
  </a>
  <region xml:id="logical-r8" anchors="595 758"/>
  <node xml:id="logical-n8">
    <link targets="logical-r8"/>
  </node>
  <a xml:id="logical-N65785" label="u" ref="logical-n8" as="xces">
    <fs>
      <f name="id" value="t1u5"/>
    </fs>
  </a>
  <region xml:id="logical-r9" anchors="768 871"/>
  <node xml:id="logical-n9">
    <link targets="logical-r9"/>
  </node>
  <a xml:id="logical-N65809" label="u" ref="logical-n9" as="xces">
    <fs>
      <f name="id" value="t1u6"/>
    </fs>
  </a>
  <region xml:id="logical-r10" anchors="881 935"/>
  <node xml:id="logical-n10">
    <link targets="logical-r10"/>
  </node>
  <a xml:id="logical-N65833" label="u" ref="logical-n10" as="xces">
    <fs>
      <f name="id" value="t1u7"/>
    </fs>
  </a>
  <region xml:id="logical-r11" anchors="945 1058"/>
  <node xml:id="logical-n11">
    <link targets="logical-r11"/>
  </node>
  <a xml:id="logical-N65857" label="u" ref="logical-n11" as="xces">
    <fs>
      <f name="id" value="t1u8"/>
    </fs>
  </a>
  <region xml:id="logical-r12" anchors="984 984"/>
  <node xml:id="logical-n12">
    <link targets="logical-r12"/>
  </node>
  <a xml:id="logical-N65881" label="shift" ref="logical-n12" as="xces">
    <fs>
      <f name="type" value="voice"/>
      <f name="feature" value="laughter"/>
    </fs>
  </a>
  <region xml:id="logical-r13" anchors="1068 1133"/>
  <node xml:id="logical-n13">
    <link targets="logical-r13"/>
  </node>
  <a xml:id="logical-N65909" label="u" ref="logical-n13" as="xces">
    <fs>
      <f name="id" value="t1u9"/>
    </fs>
  </a>
  <region xml:id="logical-r14" anchors="1143 1334"/>
  <node xml:id="logical-n14">
    <link targets="logical-r14"/>
  </node>
  <a xml:id="logical-N65933" label="u" ref="logical-n14" as="xces">
    <fs>
      <f name="id" value="t1u10"/>
    </fs>
  </a>
  <region xml:id="logical-r15" anchors="1344 1385"/>
  <node xml:id="logical-n15">
    <link targets="logical-r15"/>
  </node>
  <a xml:id="logical-N65957" label="u" ref="logical-n15" as="xces">
    <fs>
      <f name="id" value="t1u11"/>
    </fs>
  </a>
  <region xml:id="logical-r16" anchors="1395 1593"/>
  <node xml:id="logical-n16">
    <link targets="logical-r16"/>
  </node>
  <a xml:id="logical-N65981" label="u" ref="logical-n16" as="xces">
    <fs>
      <f name="id" value="t1u12"/>
    </fs>
  </a>
  <region xml:id="logical-r17" anchors="1603 1635"/>
  <node xml:id="logical-n17">
    <link targets="logical-r17"/>
  </node>
  <a xml:id="logical-N66005" label="u" ref="logical-n17" as="xces">
    <fs>
      <f name="id" value="t1u13"/>
    </fs>
  </a>
  <region xml:id="logical-r18" anchors="1645 1704"/>
  <node xml:id="logical-n18">
    <link targets="logical-r18"/>
  </node>
  <a xml:id="logical-N66029" label="u" ref="logical-n18" as="xces">
    <fs>
      <f name="id" value="t1u14"/>
    </fs>
  </a>
  <region xml:id="logical-r19" anchors="1714 1899"/>
  <node xml:id="logical-n19">
    <link targets="logical-r19"/>
  </node>
  <a xml:id="logical-N66053" label="u" ref="logical-n19" as="xces">
    <fs>
      <f name="id" value="t1u15"/>
    </fs>
  </a>
  <region xml:id="logical-r20" anchors="1909 1979"/>
  <node xml:id="logical-n20">
    <link targets="logical-r20"/>
  </node>
  <a xml:id="logical-N66077" label="u" ref="logical-n20" as="xces">
    <fs>
      <f name="id" value="t1u16"/>
    </fs>
  </a>
  <region xml:id="logical-r21" anchors="1989 2005"/>
  <node xml:id="logical-n21">
    <link targets="logical-r21"/>
  </node>
  <a xml:id="logical-N66101" label="u" ref="logical-n21" as="xces">
    <fs>
      <f name="id" value="t1u17"/>
    </fs>
  </a>
  <region xml:id="logical-r22" anchors="2015 2043"/>
  <node xml:id="logical-n22">
    <link targets="logical-r22"/>
  </node>
  <a xml:id="logical-N66125" label="u" ref="logical-n22" as="xces">
    <fs>
      <f name="id" value="t1u18"/>
    </fs>
  </a>
  <region xml:id="logical-r23" anchors="2053 2072"/>
  <node xml:id="logical-n23">
    <link targets="logical-r23"/>
  </node>
  <a xml:id="logical-N66149" label="u" ref="logical-n23" as="xces">
    <fs>
      <f name="id" value="t1u19"/>
    </fs>
  </a>
  <region xml:id="logical-r24" anchors="2082 2220"/>
  <node xml:id="logical-n24">
    <link targets="logical-r24"/>
  </node>
  <a xml:id="logical-N66173" label="u" ref="logical-n24" as="xces">
    <fs>
      <f name="id" value="t1u20"/>
    </fs>
  </a>
  <region xml:id="logical-r25" anchors="2230 2391"/>
  <node xml:id="logical-n25">
    <link targets="logical-r25"/>
  </node>
  <a xml:id="logical-N66197" label="u" ref="logical-n25" as="xces">
    <fs>
      <f name="id" value="t1u21"/>
    </fs>
  </a>
  <region xml:id="logical-r26" anchors="2401 2473"/>
  <node xml:id="logical-n26">
    <link targets="logical-r26"/>
  </node>
  <a xml:id="logical-N66221" label="u" ref="logical-n26" as="xces">
    <fs>
      <f name="id" value="t1u22"/>
    </fs>
  </a>
  <region xml:id="logical-r27" anchors="2483 2561"/>
  <node xml:id="logical-n27">
    <link targets="logical-r27"/>
  </node>
  <a xml:id="logical-N66245" label="u" ref="logical-n27" as="xces">
    <fs>
      <f name="id" value="t1u23"/>
    </fs>
  </a>
  <region xml:id="logical-r28" anchors="2571 2667"/>
  <node xml:id="logical-n28">
    <link targets="logical-r28"/>
  </node>
  <a xml:id="logical-N66269" label="u" ref="logical-n28" as="xces">
    <fs>
      <f name="id" value="t1u24"/>
    </fs>
  </a>
  <region xml:id="logical-r29" anchors="2677 2766"/>
  <node xml:id="logical-n29">
    <link targets="logical-r29"/>
  </node>
  <a xml:id="logical-N66293" label="u" ref="logical-n29" as="xces">
    <fs>
      <f name="id" value="t1u25"/>
    </fs>
  </a>
  <region xml:id="logical-r30" anchors="2776 2872"/>
  <node xml:id="logical-n30">
    <link targets="logical-r30"/>
  </node>
  <a xml:id="logical-N66317" label="u" ref="logical-n30" as="xces">
    <fs>
      <f name="id" value="t1u26"/>
    </fs>
  </a>
  <region xml:id="logical-r31" anchors="2882 2927"/>
  <node xml:id="logical-n31">
    <link targets="logical-r31"/>
  </node>
  <a xml:id="logical-N66341" label="u" ref="logical-n31" as="xces">
    <fs>
      <f name="id" value="t1u27"/>
    </fs>
  </a>
  <region xml:id="logical-r32" anchors="2937 2994"/>
  <node xml:id="logical-n32">
    <link targets="logical-r32"/>
  </node>
  <a xml:id="logical-N66365" label="u" ref="logical-n32" as="xces">
    <fs>
      <f name="id" value="t1u28"/>
    </fs>
  </a>
  <region xml:id="logical-r33" anchors="3004 3099"/>
  <node xml:id="logical-n33">
    <link targets="logical-r33"/>
  </node>
  <a xml:id="logical-N66389" label="u" ref="logical-n33" as="xces">
    <fs>
      <f name="id" value="t1u29"/>
    </fs>
  </a>
  <region xml:id="logical-r34" anchors="3109 3216"/>
  <node xml:id="logical-n34">
    <link targets="logical-r34"/>
  </node>
  <a xml:id="logical-N66413" label="u" ref="logical-n34" as="xces">
    <fs>
      <f name="id" value="t1u30"/>
    </fs>
  </a>
  <region xml:id="logical-r35" anchors="3226 3299"/>
  <node xml:id="logical-n35">
    <link targets="logical-r35"/>
  </node>
  <a xml:id="logical-N66437" label="u" ref="logical-n35" as="xces">
    <fs>
      <f name="id" value="t1u31"/>
    </fs>
  </a>
  <region xml:id="logical-r36" anchors="3309 3392"/>
  <node xml:id="logical-n36">
    <link targets="logical-r36"/>
  </node>
  <a xml:id="logical-N66461" label="u" ref="logical-n36" as="xces">
    <fs>
      <f name="id" value="t1u32"/>
    </fs>
  </a>
  <region xml:id="logical-r37" anchors="3402 3437"/>
  <node xml:id="logical-n37">
    <link targets="logical-r37"/>
  </node>
  <a xml:id="logical-N66485" label="u" ref="logical-n37" as="xces">
    <fs>
      <f name="id" value="t1u33"/>
    </fs>
  </a>
  <region xml:id="logical-r38" anchors="3447 3561"/>
  <node xml:id="logical-n38">
    <link targets="logical-r38"/>
  </node>
  <a xml:id="logical-N66509" label="u" ref="logical-n38" as="xces">
    <fs>
      <f name="id" value="t1u34"/>
    </fs>
  </a>
  <region xml:id="logical-r39" anchors="3571 3758"/>
  <node xml:id="logical-n39">
    <link targets="logical-r39"/>
  </node>
  <a xml:id="logical-N66533" label="u" ref="logical-n39" as="xces">
    <fs>
      <f name="id" value="t1u35"/>
    </fs>
  </a>
  <region xml:id="logical-r40" anchors="3768 3921"/>
  <node xml:id="logical-n40">
    <link targets="logical-r40"/>
  </node>
  <a xml:id="logical-N66557" label="u" ref="logical-n40" as="xces">
    <fs>
      <f name="id" value="t1u36"/>
    </fs>
  </a>
  <region xml:id="logical-r41" anchors="3931 4044"/>
  <node xml:id="logical-n41">
    <link targets="logical-r41"/>
  </node>
  <a xml:id="logical-N66581" label="u" ref="logical-n41" as="xces">
    <fs>
      <f name="id" value="t1u37"/>
    </fs>
  </a>
  <region xml:id="logical-r42" anchors="4054 4114"/>
  <node xml:id="logical-n42">
    <link targets="logical-r42"/>
  </node>
  <a xml:id="logical-N66605" label="u" ref="logical-n42" as="xces">
    <fs>
      <f name="id" value="t1u38"/>
    </fs>
  </a>
  <region xml:id="logical-r43" anchors="4124 4278"/>
  <node xml:id="logical-n43">
    <link targets="logical-r43"/>
  </node>
  <a xml:id="logical-N66629" label="u" ref="logical-n43" as="xces">
    <fs>
      <f name="id" value="t1u39"/>
    </fs>
  </a>
  <region xml:id="logical-r44" anchors="4288 4372"/>
  <node xml:id="logical-n44">
    <link targets="logical-r44"/>
  </node>
  <a xml:id="logical-N66653" label="u" ref="logical-n44" as="xces">
    <fs>
      <f name="id" value="t1u40"/>
    </fs>
  </a>
  <region xml:id="logical-r45" anchors="4382 4538"/>
  <node xml:id="logical-n45">
    <link targets="logical-r45"/>
  </node>
  <a xml:id="logical-N66677" label="u" ref="logical-n45" as="xces">
    <fs>
      <f name="id" value="t1u41"/>
    </fs>
  </a>
  <region xml:id="logical-r46" anchors="4548 4588"/>
  <node xml:id="logical-n46">
    <link targets="logical-r46"/>
  </node>
  <a xml:id="logical-N66701" label="u" ref="logical-n46" as="xces">
    <fs>
      <f name="id" value="t1u42"/>
    </fs>
  </a>
  <region xml:id="logical-r47" anchors="4602 4631"/>
  <node xml:id="logical-n47">
    <link targets="logical-r47"/>
  </node>
  <a xml:id="logical-N66725" label="turn" ref="logical-n47" as="xces">
    <fs>
      <f name="who" value="KC"/>
      <f name="id" value="t2"/>
    </fs>
  </a>
  <region xml:id="logical-r48" anchors="4612 4624"/>
  <node xml:id="logical-n48">
    <link targets="logical-r48"/>
  </node>
  <a xml:id="logical-N66753" label="u" ref="logical-n48" as="xces">
    <fs>
      <f name="id" value="t2u1"/>
    </fs>
  </a>
  <region xml:id="logical-r49" anchors="4638 7772"/>
  <node xml:id="logical-n49">
    <link targets="logical-r49"/>
  </node>
  <a xml:id="logical-N66777" label="turn" ref="logical-n49" as="xces">
    <fs>
      <f name="who" value="SR"/>
      <f name="id" value="t3"/>
    </fs>
  </a>
  <region xml:id="logical-r50" anchors="4648 4679"/>
  <node xml:id="logical-n50">
    <link targets="logical-r50"/>
  </node>
  <a xml:id="logical-N66805" label="u" ref="logical-n50" as="xces">
    <fs>
      <f name="id" value="t3u1"/>
    </fs>
  </a>
  <region xml:id="logical-r51" anchors="4689 4858"/>
  <node xml:id="logical-n51">
    <link targets="logical-r51"/>
  </node>
  <a xml:id="logical-N66829" label="u" ref="logical-n51" as="xces">
    <fs>
      <f name="id" value="t3u2"/>
    </fs>
  </a>
  <region xml:id="logical-r52" anchors="4868 4930"/>
  <node xml:id="logical-n52">
    <link targets="logical-r52"/>
  </node>
  <a xml:id="logical-N66853" label="u" ref="logical-n52" as="xces">
    <fs>
      <f name="id" value="t3u3"/>
    </fs>
  </a>
  <region xml:id="logical-r53" anchors="4940 5026"/>
  <node xml:id="logical-n53">
    <link targets="logical-r53"/>
  </node>
  <a xml:id="logical-N66877" label="u" ref="logical-n53" as="xces">
    <fs>
      <f name="id" value="t3u4"/>
    </fs>
  </a>
  <region xml:id="logical-r54" anchors="5036 5129"/>
  <node xml:id="logical-n54">
    <link targets="logical-r54"/>
  </node>
  <a xml:id="logical-N66901" label="u" ref="logical-n54" as="xces">
    <fs>
      <f name="id" value="t3u5"/>
    </fs>
  </a>
  <region xml:id="logical-r55" anchors="5139 5334"/>
  <node xml:id="logical-n55">
    <link targets="logical-r55"/>
  </node>
  <a xml:id="logical-N66925" label="u" ref="logical-n55" as="xces">
    <fs>
      <f name="id" value="t3u6"/>
    </fs>
  </a>
  <region xml:id="logical-r56" anchors="5344 5412"/>
  <node xml:id="logical-n56">
    <link targets="logical-r56"/>
  </node>
  <a xml:id="logical-N66949" label="u" ref="logical-n56" as="xces">
    <fs>
      <f name="id" value="t3u7"/>
    </fs>
  </a>
  <region xml:id="logical-r57" anchors="5422 5621"/>
  <node xml:id="logical-n57">
    <link targets="logical-r57"/>
  </node>
  <a xml:id="logical-N66973" label="u" ref="logical-n57" as="xces">
    <fs>
      <f name="id" value="t3u8"/>
    </fs>
  </a>
  <region xml:id="logical-r58" anchors="5631 5657"/>
  <node xml:id="logical-n58">
    <link targets="logical-r58"/>
  </node>
  <a xml:id="logical-N66997" label="u" ref="logical-n58" as="xces">
    <fs>
      <f name="id" value="t3u9"/>
    </fs>
  </a>
  <region xml:id="logical-r59" anchors="5667 5740"/>
  <node xml:id="logical-n59">
    <link targets="logical-r59"/>
  </node>
  <a xml:id="logical-N67021" label="u" ref="logical-n59" as="xces">
    <fs>
      <f name="id" value="t3u10"/>
    </fs>
  </a>
  <region xml:id="logical-r60" anchors="5750 5783"/>
  <node xml:id="logical-n60">
    <link targets="logical-r60"/>
  </node>
  <a xml:id="logical-N67045" label="u" ref="logical-n60" as="xces">
    <fs>
      <f name="id" value="t3u11"/>
    </fs>
  </a>
  <region xml:id="logical-r61" anchors="5793 5813"/>
  <node xml:id="logical-n61">
    <link targets="logical-r61"/>
  </node>
  <a xml:id="logical-N67069" label="u" ref="logical-n61" as="xces">
    <fs>
      <f name="id" value="t3u12"/>
    </fs>
  </a>
  <region xml:id="logical-r62" anchors="5823 5962"/>
  <node xml:id="logical-n62">
    <link targets="logical-r62"/>
  </node>
  <a xml:id="logical-N67093" label="u" ref="logical-n62" as="xces">
    <fs>
      <f name="id" value="t3u13"/>
    </fs>
  </a>
  <region xml:id="logical-r63" anchors="5972 6102"/>
  <node xml:id="logical-n63">
    <link targets="logical-r63"/>
  </node>
  <a xml:id="logical-N67117" label="u" ref="logical-n63" as="xces">
    <fs>
      <f name="id" value="t3u14"/>
    </fs>
  </a>
  <region xml:id="logical-r64" anchors="6112 6134"/>
  <node xml:id="logical-n64">
    <link targets="logical-r64"/>
  </node>
  <a xml:id="logical-N67141" label="u" ref="logical-n64" as="xces">
    <fs>
      <f name="id" value="t3u15"/>
    </fs>
  </a>
  <region xml:id="logical-r65" anchors="6144 6160"/>
  <node xml:id="logical-n65">
    <link targets="logical-r65"/>
  </node>
  <a xml:id="logical-N67165" label="u" ref="logical-n65" as="xces">
    <fs>
      <f name="id" value="t3u16"/>
    </fs>
  </a>
  <region xml:id="logical-r66" anchors="6170 6236"/>
  <node xml:id="logical-n66">
    <link targets="logical-r66"/>
  </node>
  <a xml:id="logical-N67189" label="u" ref="logical-n66" as="xces">
    <fs>
      <f name="id" value="t3u17"/>
    </fs>
  </a>
  <region xml:id="logical-r67" anchors="6246 6285"/>
  <node xml:id="logical-n67">
    <link targets="logical-r67"/>
  </node>
  <a xml:id="logical-N67213" label="u" ref="logical-n67" as="xces">
    <fs>
      <f name="id" value="t3u18"/>
    </fs>
  </a>
  <region xml:id="logical-r68" anchors="6295 6320"/>
  <node xml:id="logical-n68">
    <link targets="logical-r68"/>
  </node>
  <a xml:id="logical-N67237" label="u" ref="logical-n68" as="xces">
    <fs>
      <f name="id" value="t3u19"/>
    </fs>
  </a>
  <region xml:id="logical-r69" anchors="6330 6386"/>
  <node xml:id="logical-n69">
    <link targets="logical-r69"/>
  </node>
  <a xml:id="logical-N67261" label="u" ref="logical-n69" as="xces">
    <fs>
      <f name="id" value="t3u20"/>
    </fs>
  </a>
  <region xml:id="logical-r70" anchors="6396 6492"/>
  <node xml:id="logical-n70">
    <link targets="logical-r70"/>
  </node>
  <a xml:id="logical-N67285" label="u" ref="logical-n70" as="xces">
    <fs>
      <f name="id" value="t3u21"/>
    </fs>
  </a>
  <region xml:id="logical-r71" anchors="6502 6657"/>
  <node xml:id="logical-n71">
    <link targets="logical-r71"/>
  </node>
  <a xml:id="logical-N67309" label="u" ref="logical-n71" as="xces">
    <fs>
      <f name="id" value="t3u22"/>
    </fs>
  </a>
  <region xml:id="logical-r72" anchors="6667 6715"/>
  <node xml:id="logical-n72">
    <link targets="logical-r72"/>
  </node>
  <a xml:id="logical-N67333" label="u" ref="logical-n72" as="xces">
    <fs>
      <f name="id" value="t3u23"/>
    </fs>
  </a>
  <region xml:id="logical-r73" anchors="6725 6829"/>
  <node xml:id="logical-n73">
    <link targets="logical-r73"/>
  </node>
  <a xml:id="logical-N67357" label="u" ref="logical-n73" as="xces">
    <fs>
      <f name="id" value="t3u24"/>
    </fs>
  </a>
  <region xml:id="logical-r74" anchors="6773 6773"/>
  <node xml:id="logical-n74">
    <link targets="logical-r74"/>
  </node>
  <a xml:id="logical-N67381" label="shift" ref="logical-n74" as="xces">
    <fs>
      <f name="type" value="voice"/>
      <f name="feature" value="laughter"/>
    </fs>
  </a>
  <region xml:id="logical-r75" anchors="6839 6967"/>
  <node xml:id="logical-n75">
    <link targets="logical-r75"/>
  </node>
  <a xml:id="logical-N67409" label="u" ref="logical-n75" as="xces">
    <fs>
      <f name="id" value="t3u25"/>
    </fs>
  </a>
  <region xml:id="logical-r76" anchors="6977 7051"/>
  <node xml:id="logical-n76">
    <link targets="logical-r76"/>
  </node>
  <a xml:id="logical-N67433" label="u" ref="logical-n76" as="xces">
    <fs>
      <f name="id" value="t3u26"/>
    </fs>
  </a>
  <region xml:id="logical-r77" anchors="7061 7071"/>
  <node xml:id="logical-n77">
    <link targets="logical-r77"/>
  </node>
  <a xml:id="logical-N67457" label="u" ref="logical-n77" as="xces">
    <fs>
      <f name="id" value="t3u27"/>
    </fs>
  </a>
  <region xml:id="logical-r78" anchors="7081 7137"/>
  <node xml:id="logical-n78">
    <link targets="logical-r78"/>
  </node>
  <a xml:id="logical-N67481" label="u" ref="logical-n78" as="xces">
    <fs>
      <f name="id" value="t3u28"/>
    </fs>
  </a>
  <region xml:id="logical-r79" anchors="7147 7212"/>
  <node xml:id="logical-n79">
    <link targets="logical-r79"/>
  </node>
  <a xml:id="logical-N67505" label="u" ref="logical-n79" as="xces">
    <fs>
      <f name="id" value="t3u29"/>
    </fs>
  </a>
  <region xml:id="logical-r80" anchors="7222 7222"/>
  <node xml:id="logical-n80">
    <link targets="logical-r80"/>
  </node>
  <a xml:id="logical-N67529" label="shift" ref="logical-n80" as="xces">
    <fs>
      <f name="type" value="voice"/>
      <f name="feature" value="laughter"/>
    </fs>
  </a>
  <region xml:id="logical-r81" anchors="7232 7254"/>
  <node xml:id="logical-n81">
    <link targets="logical-r81"/>
  </node>
  <a xml:id="logical-N67557" label="u" ref="logical-n81" as="xces">
    <fs>
      <f name="id" value="t3u30"/>
    </fs>
  </a>
  <region xml:id="logical-r82" anchors="7264 7377"/>
  <node xml:id="logical-n82">
    <link targets="logical-r82"/>
  </node>
  <a xml:id="logical-N67581" label="u" ref="logical-n82" as="xces">
    <fs>
      <f name="id" value="t3u31"/>
    </fs>
  </a>
  <region xml:id="logical-r83" anchors="7387 7470"/>
  <node xml:id="logical-n83">
    <link targets="logical-r83"/>
  </node>
  <a xml:id="logical-N67605" label="u" ref="logical-n83" as="xces">
    <fs>
      <f name="id" value="t3u32"/>
    </fs>
  </a>
  <region xml:id="logical-r84" anchors="7480 7519"/>
  <node xml:id="logical-n84">
    <link targets="logical-r84"/>
  </node>
  <a xml:id="logical-N67629" label="u" ref="logical-n84" as="xces">
    <fs>
      <f name="id" value="t3u33"/>
    </fs>
  </a>
  <region xml:id="logical-r85" anchors="7529 7765"/>
  <node xml:id="logical-n85">
    <link targets="logical-r85"/>
  </node>
  <a xml:id="logical-N67653" label="u" ref="logical-n85" as="xces">
    <fs>
      <f name="id" value="t3u34"/>
    </fs>
  </a>
  <region xml:id="logical-r86" anchors="7779 7865"/>
  <node xml:id="logical-n86">
    <link targets="logical-r86"/>
  </node>
  <a xml:id="logical-N67677" label="turn" ref="logical-n86" as="xces">
    <fs>
      <f name="who" value="KC"/>
      <f name="id" value="t4"/>
    </fs>
  </a>
  <region xml:id="logical-r87" anchors="7789 7858"/>
  <node xml:id="logical-n87">
    <link targets="logical-r87"/>
  </node>
  <a xml:id="logical-N67705" label="u" ref="logical-n87" as="xces">
    <fs>
      <f name="id" value="t4u1"/>
    </fs>
  </a>
  <region xml:id="logical-r88" anchors="7872 8747"/>
  <node xml:id="logical-n88">
    <link targets="logical-r88"/>
  </node>
  <a xml:id="logical-N67729" label="turn" ref="logical-n88" as="xces">
    <fs>
      <f name="who" value="SR"/>
      <f name="id" value="t5"/>
    </fs>
  </a>
  <region xml:id="logical-r89" anchors="7882 7941"/>
  <node xml:id="logical-n89">
    <link targets="logical-r89"/>
  </node>
  <a xml:id="logical-N67757" label="u" ref="logical-n89" as="xces">
    <fs>
      <f name="id" value="t5u1"/>
    </fs>
  </a>
  <region xml:id="logical-r90" anchors="7951 8087"/>
  <node xml:id="logical-n90">
    <link targets="logical-r90"/>
  </node>
  <a xml:id="logical-N67781" label="u" ref="logical-n90" as="xces">
    <fs>
      <f name="id" value="t5u2"/>
    </fs>
  </a>
  <region xml:id="logical-r91" anchors="8097 8150"/>
  <node xml:id="logical-n91">
    <link targets="logical-r91"/>
  </node>
  <a xml:id="logical-N67805" label="u" ref="logical-n91" as="xces">
    <fs>
      <f name="id" value="t5u3"/>
    </fs>
  </a>
  <region xml:id="logical-r92" anchors="8160 8193"/>
  <node xml:id="logical-n92">
    <link targets="logical-r92"/>
  </node>
  <a xml:id="logical-N67829" label="u" ref="logical-n92" as="xces">
    <fs>
      <f name="id" value="t5u4"/>
    </fs>
  </a>
  <region xml:id="logical-r93" anchors="8203 8417"/>
  <node xml:id="logical-n93">
    <link targets="logical-r93"/>
  </node>
  <a xml:id="logical-N67853" label="u" ref="logical-n93" as="xces">
    <fs>
      <f name="id" value="t5u5"/>
    </fs>
  </a>
  <region xml:id="logical-r94" anchors="8307 8307"/>
  <node xml:id="logical-n94">
    <link targets="logical-r94"/>
  </node>
  <a xml:id="logical-N67877" label="shift" ref="logical-n94" as="xces">
    <fs>
      <f name="type" value="voice"/>
      <f name="feature" value="laughter"/>
    </fs>
  </a>
  <region xml:id="logical-r95" anchors="8427 8537"/>
  <node xml:id="logical-n95">
    <link targets="logical-r95"/>
  </node>
  <a xml:id="logical-N67905" label="u" ref="logical-n95" as="xces">
    <fs>
      <f name="id" value="t5u6"/>
    </fs>
  </a>
  <region xml:id="logical-r96" anchors="8547 8638"/>
  <node xml:id="logical-n96">
    <link targets="logical-r96"/>
  </node>
  <a xml:id="logical-N67929" label="u" ref="logical-n96" as="xces">
    <fs>
      <f name="id" value="t5u7"/>
    </fs>
  </a>
  <region xml:id="logical-r97" anchors="8648 8740"/>
  <node xml:id="logical-n97">
    <link targets="logical-r97"/>
  </node>
  <a xml:id="logical-N67953" label="u" ref="logical-n97" as="xces">
    <fs>
      <f name="id" value="t5u8"/>
    </fs>
  </a>
  <region xml:id="logical-r98" anchors="8754 8815"/>
  <node xml:id="logical-n98">
    <link targets="logical-r98"/>
  </node>
  <a xml:id="logical-N67977" label="turn" ref="logical-n98" as="xces">
    <fs>
      <f name="who" value="KC"/>
      <f name="id" value="t6"/>
    </fs>
  </a>
  <region xml:id="logical-r99" anchors="8764 8808"/>
  <node xml:id="logical-n99">
    <link targets="logical-r99"/>
  </node>
  <a xml:id="logical-N68005" label="u" ref="logical-n99" as="xces">
    <fs>
      <f name="id" value="t6u1"/>
    </fs>
  </a>
  <region xml:id="logical-r100" anchors="8822 9567"/>
  <node xml:id="logical-n100">
    <link targets="logical-r100"/>
  </node>
  <a xml:id="logical-N68029" label="turn" ref="logical-n100" as="xces">
    <fs>
      <f name="who" value="SR"/>
      <f name="id" value="t7"/>
    </fs>
  </a>
  <region xml:id="logical-r101" anchors="8832 8869"/>
  <node xml:id="logical-n101">
    <link targets="logical-r101"/>
  </node>
  <a xml:id="logical-N68057" label="u" ref="logical-n101" as="xces">
    <fs>
      <f name="id" value="t7u1"/>
    </fs>
  </a>
  <region xml:id="logical-r102" anchors="8879 8953"/>
  <node xml:id="logical-n102">
    <link targets="logical-r102"/>
  </node>
  <a xml:id="logical-N68081" label="u" ref="logical-n102" as="xces">
    <fs>
      <f name="id" value="t7u2"/>
    </fs>
  </a>
  <region xml:id="logical-r103" anchors="8963 9061"/>
  <node xml:id="logical-n103">
    <link targets="logical-r103"/>
  </node>
  <a xml:id="logical-N68105" label="u" ref="logical-n103" as="xces">
    <fs>
      <f name="id" value="t7u3"/>
    </fs>
  </a>
  <region xml:id="logical-r104" anchors="9071 9154"/>
  <node xml:id="logical-n104">
    <link targets="logical-r104"/>
  </node>
  <a xml:id="logical-N68129" label="u" ref="logical-n104" as="xces">
    <fs>
      <f name="id" value="t7u4"/>
    </fs>
  </a>
  <region xml:id="logical-r105" anchors="9164 9311"/>
  <node xml:id="logical-n105">
    <link targets="logical-r105"/>
  </node>
  <a xml:id="logical-N68153" label="u" ref="logical-n105" as="xces">
    <fs>
      <f name="id" value="t7u5"/>
    </fs>
  </a>
  <region xml:id="logical-r106" anchors="9321 9375"/>
  <node xml:id="logical-n106">
    <link targets="logical-r106"/>
  </node>
  <a xml:id="logical-N68177" label="u" ref="logical-n106" as="xces">
    <fs>
      <f name="id" value="t7u6"/>
    </fs>
  </a>
  <region xml:id="logical-r107" anchors="9385 9550"/>
  <node xml:id="logical-n107">
    <link targets="logical-r107"/>
  </node>
  <a xml:id="logical-N68201" label="u" ref="logical-n107" as="xces">
    <fs>
      <f name="id" value="t7u7"/>
    </fs>
  </a>
  <region xml:id="logical-r108" anchors="9560 9560"/>
  <node xml:id="logical-n108">
    <link targets="logical-r108"/>
  </node>
  <a xml:id="logical-N68225" label="shift" ref="logical-n108" as="xces">
    <fs>
      <f name="type" value="voice"/>
      <f name="feature" value="laughter"/>
    </fs>
  </a>
  <region xml:id="logical-r109" anchors="9574 9631"/>
  <node xml:id="logical-n109">
    <link targets="logical-r109"/>
  </node>
  <a xml:id="logical-N68253" label="turn" ref="logical-n109" as="xces">
    <fs>
      <f name="who" value="KC"/>
      <f name="id" value="t8"/>
    </fs>
  </a>
  <region xml:id="logical-r110" anchors="9584 9624"/>
  <node xml:id="logical-n110">
    <link targets="logical-r110"/>
  </node>
  <a xml:id="logical-N68281" label="u" ref="logical-n110" as="xces">
    <fs>
      <f name="id" value="t8u1"/>
    </fs>
  </a>
  <region xml:id="logical-r111" anchors="9638 10151"/>
  <node xml:id="logical-n111">
    <link targets="logical-r111"/>
  </node>
  <a xml:id="logical-N68305" label="turn" ref="logical-n111" as="xces">
    <fs>
      <f name="who" value="SR"/>
      <f name="id" value="t9"/>
    </fs>
  </a>
  <region xml:id="logical-r112" anchors="9648 9687"/>
  <node xml:id="logical-n112">
    <link targets="logical-r112"/>
  </node>
  <a xml:id="logical-N68333" label="u" ref="logical-n112" as="xces">
    <fs>
      <f name="id" value="t9u1"/>
    </fs>
  </a>
  <region xml:id="logical-r113" anchors="9697 10006"/>
  <node xml:id="logical-n113">
    <link targets="logical-r113"/>
  </node>
  <a xml:id="logical-N68357" label="u" ref="logical-n113" as="xces">
    <fs>
      <f name="id" value="t9u2"/>
    </fs>
  </a>
  <region xml:id="logical-r114" anchors="10016 10092"/>
  <node xml:id="logical-n114">
    <link targets="logical-r114"/>
  </node>
  <a xml:id="logical-N68381" label="u" ref="logical-n114" as="xces">
    <fs>
      <f name="id" value="t9u3"/>
    </fs>
  </a>
  <region xml:id="logical-r115" anchors="10102 10124"/>
  <node xml:id="logical-n115">
    <link targets="logical-r115"/>
  </node>
  <a xml:id="logical-N68405" label="u" ref="logical-n115" as="xces">
    <fs>
      <f name="id" value="t9u4"/>
    </fs>
  </a>
  <region xml:id="logical-r116" anchors="10134 10144"/>
  <node xml:id="logical-n116">
    <link targets="logical-r116"/>
  </node>
  <a xml:id="logical-N68429" label="u" ref="logical-n116" as="xces">
    <fs>
      <f name="id" value="t9u5"/>
    </fs>
  </a>
  <region xml:id="logical-r117" anchors="10158 10195"/>
  <node xml:id="logical-n117">
    <link targets="logical-r117"/>
  </node>
  <a xml:id="logical-N68453" label="turn" ref="logical-n117" as="xces">
    <fs>
      <f name="who" value="KC"/>
      <f name="id" value="t10"/>
    </fs>
  </a>
  <region xml:id="logical-r118" anchors="10168 10188"/>
  <node xml:id="logical-n118">
    <link targets="logical-r118"/>
  </node>
  <a xml:id="logical-N68481" label="u" ref="logical-n118" as="xces">
    <fs>
      <f name="id" value="t10u1"/>
    </fs>
  </a>
  <region xml:id="logical-r119" anchors="10202 10229"/>
  <node xml:id="logical-n119">
    <link targets="logical-r119"/>
  </node>
  <a xml:id="logical-N68505" label="turn" ref="logical-n119" as="xces">
    <fs>
      <f name="who" value="SR"/>
      <f name="id" value="t11"/>
    </fs>
  </a>
  <region xml:id="logical-r120" anchors="10212 10222"/>
  <node xml:id="logical-n120">
    <link targets="logical-r120"/>
  </node>
  <a xml:id="logical-N68533" label="u" ref="logical-n120" as="xces">
    <fs>
      <f name="id" value="t11u1"/>
    </fs>
  </a>
</graph>
