<graph xmlns="http://www.xces.org/ns/GrAF/1.0/" xmlns:graf="http://www.xces.org/ns/GrAF/1.0/">
  <graphHeader>
    <labelsDecl>
      <labelUsage label="s" occurs="102"/>
    </labelsDecl>
    <annotationSpaces>
      <annotationSpace as.id="anc"/>
    </annotationSpaces>
  </graphHeader>
  <region xml:id="s-r0" anchors="25 136"/>
  <node xml:id="s-n0">
    <link targets="s-r0"/>
  </node>
  <a xml:id="s-N65569" label="s" ref="s-n0" as="anc">
    <fs>
      <f name="id" value="t1u1"/>
    </fs>
  </a>
  <region xml:id="s-r1" anchors="146 187"/>
  <node xml:id="s-n1">
    <link targets="s-r1"/>
  </node>
  <a xml:id="s-N65593" label="s" ref="s-n1" as="anc">
    <fs>
      <f name="id" value="t1u2"/>
    </fs>
  </a>
  <region xml:id="s-r2" anchors="207 409"/>
  <node xml:id="s-n2">
    <link targets="s-r2"/>
  </node>
  <a xml:id="s-N65617" label="s" ref="s-n2" as="anc">
    <fs>
      <f name="id" value="t1u3"/>
    </fs>
  </a>
  <region xml:id="s-r3" anchors="419 585"/>
  <node xml:id="s-n3">
    <link targets="s-r3"/>
  </node>
  <a xml:id="s-N65641" label="s" ref="s-n3" as="anc">
    <fs>
      <f name="id" value="t1u4"/>
    </fs>
  </a>
  <region xml:id="s-r4" anchors="595 758"/>
  <node xml:id="s-n4">
    <link targets="s-r4"/>
  </node>
  <a xml:id="s-N65665" label="s" ref="s-n4" as="anc">
    <fs>
      <f name="id" value="t1u5"/>
    </fs>
  </a>
  <region xml:id="s-r5" anchors="768 871"/>
  <node xml:id="s-n5">
    <link targets="s-r5"/>
  </node>
  <a xml:id="s-N65689" label="s" ref="s-n5" as="anc">
    <fs>
      <f name="id" value="t1u6"/>
    </fs>
  </a>
  <region xml:id="s-r6" anchors="881 935"/>
  <node xml:id="s-n6">
    <link targets="s-r6"/>
  </node>
  <a xml:id="s-N65713" label="s" ref="s-n6" as="anc">
    <fs>
      <f name="id" value="t1u7"/>
    </fs>
  </a>
  <region xml:id="s-r7" anchors="945 1058"/>
  <node xml:id="s-n7">
    <link targets="s-r7"/>
  </node>
  <a xml:id="s-N65737" label="s" ref="s-n7" as="anc">
    <fs>
      <f name="id" value="t1u8"/>
    </fs>
  </a>
  <region xml:id="s-r8" anchors="1068 1133"/>
  <node xml:id="s-n8">
    <link targets="s-r8"/>
  </node>
  <a xml:id="s-N65761" label="s" ref="s-n8" as="anc">
    <fs>
      <f name="id" value="t1u9"/>
    </fs>
  </a>
  <region xml:id="s-r9" anchors="1143 1334"/>
  <node xml:id="s-n9">
    <link targets="s-r9"/>
  </node>
  <a xml:id="s-N65785" label="s" ref="s-n9" as="anc">
    <fs>
      <f name="id" value="t1u10"/>
    </fs>
  </a>
  <region xml:id="s-r10" anchors="1344 1385"/>
  <node xml:id="s-n10">
    <link targets="s-r10"/>
  </node>
  <a xml:id="s-N65809" label="s" ref="s-n10" as="anc">
    <fs>
      <f name="id" value="t1u11"/>
    </fs>
  </a>
  <region xml:id="s-r11" anchors="1395 1593"/>
  <node xml:id="s-n11">
    <link targets="s-r11"/>
  </node>
  <a xml:id="s-N65833" label="s" ref="s-n11" as="anc">
    <fs>
      <f name="id" value="t1u12"/>
    </fs>
  </a>
  <region xml:id="s-r12" anchors="1603 1635"/>
  <node xml:id="s-n12">
    <link targets="s-r12"/>
  </node>
  <a xml:id="s-N65857" label="s" ref="s-n12" as="anc">
    <fs>
      <f name="id" value="t1u13"/>
    </fs>
  </a>
  <region xml:id="s-r13" anchors="1645 1704"/>
  <node xml:id="s-n13">
    <link targets="s-r13"/>
  </node>
  <a xml:id="s-N65881" label="s" ref="s-n13" as="anc">
    <fs>
      <f name="id" value="t1u14"/>
    </fs>
  </a>
  <region xml:id="s-r14" anchors="1714 1899"/>
  <node xml:id="s-n14">
    <link targets="s-r14"/>
  </node>
  <a xml:id="s-N65905" label="s" ref="s-n14" as="anc">
    <fs>
      <f name="id" value="t1u15"/>
    </fs>
  </a>
  <region xml:id="s-r15" anchors="1909 1979"/>
  <node xml:id="s-n15">
    <link targets="s-r15"/>
  </node>
  <a xml:id="s-N65929" label="s" ref="s-n15" as="anc">
    <fs>
      <f name="id" value="t1u16"/>
    </fs>
  </a>
  <region xml:id="s-r16" anchors="1989 2005"/>
  <node xml:id="s-n16">
    <link targets="s-r16"/>
  </node>
  <a xml:id="s-N65953" label="s" ref="s-n16" as="anc">
    <fs>
      <f name="id" value="t1u17"/>
    </fs>
  </a>
  <region xml:id="s-r17" anchors="2015 2043"/>
  <node xml:id="s-n17">
    <link targets="s-r17"/>
  </node>
  <a xml:id="s-N65977" label="s" ref="s-n17" as="anc">
    <fs>
      <f name="id" value="t1u18"/>
    </fs>
  </a>
  <region xml:id="s-r18" anchors="2053 2072"/>
  <node xml:id="s-n18">
    <link targets="s-r18"/>
  </node>
  <a xml:id="s-N66001" label="s" ref="s-n18" as="anc">
    <fs>
      <f name="id" value="t1u19"/>
    </fs>
  </a>
  <region xml:id="s-r19" anchors="2082 2220"/>
  <node xml:id="s-n19">
    <link targets="s-r19"/>
  </node>
  <a xml:id="s-N66025" label="s" ref="s-n19" as="anc">
    <fs>
      <f name="id" value="t1u20"/>
    </fs>
  </a>
  <region xml:id="s-r20" anchors="2230 2391"/>
  <node xml:id="s-n20">
    <link targets="s-r20"/>
  </node>
  <a xml:id="s-N66049" label="s" ref="s-n20" as="anc">
    <fs>
      <f name="id" value="t1u21"/>
    </fs>
  </a>
  <region xml:id="s-r21" anchors="2401 2473"/>
  <node xml:id="s-n21">
    <link targets="s-r21"/>
  </node>
  <a xml:id="s-N66073" label="s" ref="s-n21" as="anc">
    <fs>
      <f name="id" value="t1u22"/>
    </fs>
  </a>
  <region xml:id="s-r22" anchors="2483 2561"/>
  <node xml:id="s-n22">
    <link targets="s-r22"/>
  </node>
  <a xml:id="s-N66097" label="s" ref="s-n22" as="anc">
    <fs>
      <f name="id" value="t1u23"/>
    </fs>
  </a>
  <region xml:id="s-r23" anchors="2571 2667"/>
  <node xml:id="s-n23">
    <link targets="s-r23"/>
  </node>
  <a xml:id="s-N66121" label="s" ref="s-n23" as="anc">
    <fs>
      <f name="id" value="t1u24"/>
    </fs>
  </a>
  <region xml:id="s-r24" anchors="2677 2766"/>
  <node xml:id="s-n24">
    <link targets="s-r24"/>
  </node>
  <a xml:id="s-N66145" label="s" ref="s-n24" as="anc">
    <fs>
      <f name="id" value="t1u25"/>
    </fs>
  </a>
  <region xml:id="s-r25" anchors="2776 2872"/>
  <node xml:id="s-n25">
    <link targets="s-r25"/>
  </node>
  <a xml:id="s-N66169" label="s" ref="s-n25" as="anc">
    <fs>
      <f name="id" value="t1u26"/>
    </fs>
  </a>
  <region xml:id="s-r26" anchors="2882 2927"/>
  <node xml:id="s-n26">
    <link targets="s-r26"/>
  </node>
  <a xml:id="s-N66193" label="s" ref="s-n26" as="anc">
    <fs>
      <f name="id" value="t1u27"/>
    </fs>
  </a>
  <region xml:id="s-r27" anchors="2937 2994"/>
  <node xml:id="s-n27">
    <link targets="s-r27"/>
  </node>
  <a xml:id="s-N66217" label="s" ref="s-n27" as="anc">
    <fs>
      <f name="id" value="t1u28"/>
    </fs>
  </a>
  <region xml:id="s-r28" anchors="3004 3099"/>
  <node xml:id="s-n28">
    <link targets="s-r28"/>
  </node>
  <a xml:id="s-N66241" label="s" ref="s-n28" as="anc">
    <fs>
      <f name="id" value="t1u29"/>
    </fs>
  </a>
  <region xml:id="s-r29" anchors="3109 3216"/>
  <node xml:id="s-n29">
    <link targets="s-r29"/>
  </node>
  <a xml:id="s-N66265" label="s" ref="s-n29" as="anc">
    <fs>
      <f name="id" value="t1u30"/>
    </fs>
  </a>
  <region xml:id="s-r30" anchors="3226 3299"/>
  <node xml:id="s-n30">
    <link targets="s-r30"/>
  </node>
  <a xml:id="s-N66289" label="s" ref="s-n30" as="anc">
    <fs>
      <f name="id" value="t1u31"/>
    </fs>
  </a>
  <region xml:id="s-r31" anchors="3309 3392"/>
  <node xml:id="s-n31">
    <link targets="s-r31"/>
  </node>
  <a xml:id="s-N66313" label="s" ref="s-n31" as="anc">
    <fs>
      <f name="id" value="t1u32"/>
    </fs>
  </a>
  <region xml:id="s-r32" anchors="3402 3437"/>
  <node xml:id="s-n32">
    <link targets="s-r32"/>
  </node>
  <a xml:id="s-N66337" label="s" ref="s-n32" as="anc">
    <fs>
      <f name="id" value="t1u33"/>
    </fs>
  </a>
  <region xml:id="s-r33" anchors="3447 3561"/>
  <node xml:id="s-n33">
    <link targets="s-r33"/>
  </node>
  <a xml:id="s-N66361" label="s" ref="s-n33" as="anc">
    <fs>
      <f name="id" value="t1u34"/>
    </fs>
  </a>
  <region xml:id="s-r34" anchors="3571 3758"/>
  <node xml:id="s-n34">
    <link targets="s-r34"/>
  </node>
  <a xml:id="s-N66385" label="s" ref="s-n34" as="anc">
    <fs>
      <f name="id" value="t1u35"/>
    </fs>
  </a>
  <region xml:id="s-r35" anchors="3768 3921"/>
  <node xml:id="s-n35">
    <link targets="s-r35"/>
  </node>
  <a xml:id="s-N66409" label="s" ref="s-n35" as="anc">
    <fs>
      <f name="id" value="t1u36"/>
    </fs>
  </a>
  <region xml:id="s-r36" anchors="3931 4044"/>
  <node xml:id="s-n36">
    <link targets="s-r36"/>
  </node>
  <a xml:id="s-N66433" label="s" ref="s-n36" as="anc">
    <fs>
      <f name="id" value="t1u37"/>
    </fs>
  </a>
  <region xml:id="s-r37" anchors="4054 4114"/>
  <node xml:id="s-n37">
    <link targets="s-r37"/>
  </node>
  <a xml:id="s-N66457" label="s" ref="s-n37" as="anc">
    <fs>
      <f name="id" value="t1u38"/>
    </fs>
  </a>
  <region xml:id="s-r38" anchors="4124 4278"/>
  <node xml:id="s-n38">
    <link targets="s-r38"/>
  </node>
  <a xml:id="s-N66481" label="s" ref="s-n38" as="anc">
    <fs>
      <f name="id" value="t1u39"/>
    </fs>
  </a>
  <region xml:id="s-r39" anchors="4288 4372"/>
  <node xml:id="s-n39">
    <link targets="s-r39"/>
  </node>
  <a xml:id="s-N66505" label="s" ref="s-n39" as="anc">
    <fs>
      <f name="id" value="t1u40"/>
    </fs>
  </a>
  <region xml:id="s-r40" anchors="4382 4538"/>
  <node xml:id="s-n40">
    <link targets="s-r40"/>
  </node>
  <a xml:id="s-N66529" label="s" ref="s-n40" as="anc">
    <fs>
      <f name="id" value="t1u41"/>
    </fs>
  </a>
  <region xml:id="s-r41" anchors="4548 4588"/>
  <node xml:id="s-n41">
    <link targets="s-r41"/>
  </node>
  <a xml:id="s-N66553" label="s" ref="s-n41" as="anc">
    <fs>
      <f name="id" value="t1u42"/>
    </fs>
  </a>
  <region xml:id="s-r42" anchors="4612 4624"/>
  <node xml:id="s-n42">
    <link targets="s-r42"/>
  </node>
  <a xml:id="s-N66577" label="s" ref="s-n42" as="anc">
    <fs>
      <f name="id" value="t2u1"/>
    </fs>
  </a>
  <region xml:id="s-r43" anchors="4648 4679"/>
  <node xml:id="s-n43">
    <link targets="s-r43"/>
  </node>
  <a xml:id="s-N66601" label="s" ref="s-n43" as="anc">
    <fs>
      <f name="id" value="t3u1"/>
    </fs>
  </a>
  <region xml:id="s-r44" anchors="4689 4858"/>
  <node xml:id="s-n44">
    <link targets="s-r44"/>
  </node>
  <a xml:id="s-N66625" label="s" ref="s-n44" as="anc">
    <fs>
      <f name="id" value="t3u2"/>
    </fs>
  </a>
  <region xml:id="s-r45" anchors="4868 4930"/>
  <node xml:id="s-n45">
    <link targets="s-r45"/>
  </node>
  <a xml:id="s-N66649" label="s" ref="s-n45" as="anc">
    <fs>
      <f name="id" value="t3u3"/>
    </fs>
  </a>
  <region xml:id="s-r46" anchors="4940 5026"/>
  <node xml:id="s-n46">
    <link targets="s-r46"/>
  </node>
  <a xml:id="s-N66673" label="s" ref="s-n46" as="anc">
    <fs>
      <f name="id" value="t3u4"/>
    </fs>
  </a>
  <region xml:id="s-r47" anchors="5036 5129"/>
  <node xml:id="s-n47">
    <link targets="s-r47"/>
  </node>
  <a xml:id="s-N66697" label="s" ref="s-n47" as="anc">
    <fs>
      <f name="id" value="t3u5"/>
    </fs>
  </a>
  <region xml:id="s-r48" anchors="5139 5334"/>
  <node xml:id="s-n48">
    <link targets="s-r48"/>
  </node>
  <a xml:id="s-N66721" label="s" ref="s-n48" as="anc">
    <fs>
      <f name="id" value="t3u6"/>
    </fs>
  </a>
  <region xml:id="s-r49" anchors="5344 5412"/>
  <node xml:id="s-n49">
    <link targets="s-r49"/>
  </node>
  <a xml:id="s-N66745" label="s" ref="s-n49" as="anc">
    <fs>
      <f name="id" value="t3u7"/>
    </fs>
  </a>
  <region xml:id="s-r50" anchors="5422 5621"/>
  <node xml:id="s-n50">
    <link targets="s-r50"/>
  </node>
  <a xml:id="s-N66769" label="s" ref="s-n50" as="anc">
    <fs>
      <f name="id" value="t3u8"/>
    </fs>
  </a>
  <region xml:id="s-r51" anchors="5631 5657"/>
  <node xml:id="s-n51">
    <link targets="s-r51"/>
  </node>
  <a xml:id="s-N66793" label="s" ref="s-n51" as="anc">
    <fs>
      <f name="id" value="t3u9"/>
    </fs>
  </a>
  <region xml:id="s-r52" anchors="5667 5740"/>
  <node xml:id="s-n52">
    <link targets="s-r52"/>
  </node>
  <a xml:id="s-N66817" label="s" ref="s-n52" as="anc">
    <fs>
      <f name="id" value="t3u10"/>
    </fs>
  </a>
  <region xml:id="s-r53" anchors="5750 5783"/>
  <node xml:id="s-n53">
    <link targets="s-r53"/>
  </node>
  <a xml:id="s-N66841" label="s" ref="s-n53" as="anc">
    <fs>
      <f name="id" value="t3u11"/>
    </fs>
  </a>
  <region xml:id="s-r54" anchors="5793 5813"/>
  <node xml:id="s-n54">
    <link targets="s-r54"/>
  </node>
  <a xml:id="s-N66865" label="s" ref="s-n54" as="anc">
    <fs>
      <f name="id" value="t3u12"/>
    </fs>
  </a>
  <region xml:id="s-r55" anchors="5823 5962"/>
  <node xml:id="s-n55">
    <link targets="s-r55"/>
  </node>
  <a xml:id="s-N66889" label="s" ref="s-n55" as="anc">
    <fs>
      <f name="id" value="t3u13"/>
    </fs>
  </a>
  <region xml:id="s-r56" anchors="5972 6102"/>
  <node xml:id="s-n56">
    <link targets="s-r56"/>
  </node>
  <a xml:id="s-N66913" label="s" ref="s-n56" as="anc">
    <fs>
      <f name="id" value="t3u14"/>
    </fs>
  </a>
  <region xml:id="s-r57" anchors="6112 6134"/>
  <node xml:id="s-n57">
    <link targets="s-r57"/>
  </node>
  <a xml:id="s-N66937" label="s" ref="s-n57" as="anc">
    <fs>
      <f name="id" value="t3u15"/>
    </fs>
  </a>
  <region xml:id="s-r58" anchors="6144 6160"/>
  <node xml:id="s-n58">
    <link targets="s-r58"/>
  </node>
  <a xml:id="s-N66961" label="s" ref="s-n58" as="anc">
    <fs>
      <f name="id" value="t3u16"/>
    </fs>
  </a>
  <region xml:id="s-r59" anchors="6170 6236"/>
  <node xml:id="s-n59">
    <link targets="s-r59"/>
  </node>
  <a xml:id="s-N66985" label="s" ref="s-n59" as="anc">
    <fs>
      <f name="id" value="t3u17"/>
    </fs>
  </a>
  <region xml:id="s-r60" anchors="6246 6285"/>
  <node xml:id="s-n60">
    <link targets="s-r60"/>
  </node>
  <a xml:id="s-N67009" label="s" ref="s-n60" as="anc">
    <fs>
      <f name="id" value="t3u18"/>
    </fs>
  </a>
  <region xml:id="s-r61" anchors="6295 6320"/>
  <node xml:id="s-n61">
    <link targets="s-r61"/>
  </node>
  <a xml:id="s-N67033" label="s" ref="s-n61" as="anc">
    <fs>
      <f name="id" value="t3u19"/>
    </fs>
  </a>
  <region xml:id="s-r62" anchors="6330 6386"/>
  <node xml:id="s-n62">
    <link targets="s-r62"/>
  </node>
  <a xml:id="s-N67057" label="s" ref="s-n62" as="anc">
    <fs>
      <f name="id" value="t3u20"/>
    </fs>
  </a>
  <region xml:id="s-r63" anchors="6396 6492"/>
  <node xml:id="s-n63">
    <link targets="s-r63"/>
  </node>
  <a xml:id="s-N67081" label="s" ref="s-n63" as="anc">
    <fs>
      <f name="id" value="t3u21"/>
    </fs>
  </a>
  <region xml:id="s-r64" anchors="6502 6657"/>
  <node xml:id="s-n64">
    <link targets="s-r64"/>
  </node>
  <a xml:id="s-N67105" label="s" ref="s-n64" as="anc">
    <fs>
      <f name="id" value="t3u22"/>
    </fs>
  </a>
  <region xml:id="s-r65" anchors="6667 6715"/>
  <node xml:id="s-n65">
    <link targets="s-r65"/>
  </node>
  <a xml:id="s-N67129" label="s" ref="s-n65" as="anc">
    <fs>
      <f name="id" value="t3u23"/>
    </fs>
  </a>
  <region xml:id="s-r66" anchors="6725 6829"/>
  <node xml:id="s-n66">
    <link targets="s-r66"/>
  </node>
  <a xml:id="s-N67153" label="s" ref="s-n66" as="anc">
    <fs>
      <f name="id" value="t3u24"/>
    </fs>
  </a>
  <region xml:id="s-r67" anchors="6839 6967"/>
  <node xml:id="s-n67">
    <link targets="s-r67"/>
  </node>
  <a xml:id="s-N67177" label="s" ref="s-n67" as="anc">
    <fs>
      <f name="id" value="t3u25"/>
    </fs>
  </a>
  <region xml:id="s-r68" anchors="6977 7051"/>
  <node xml:id="s-n68">
    <link targets="s-r68"/>
  </node>
  <a xml:id="s-N67201" label="s" ref="s-n68" as="anc">
    <fs>
      <f name="id" value="t3u26"/>
    </fs>
  </a>
  <region xml:id="s-r69" anchors="7061 7071"/>
  <node xml:id="s-n69">
    <link targets="s-r69"/>
  </node>
  <a xml:id="s-N67225" label="s" ref="s-n69" as="anc">
    <fs>
      <f name="id" value="t3u27"/>
    </fs>
  </a>
  <region xml:id="s-r70" anchors="7081 7137"/>
  <node xml:id="s-n70">
    <link targets="s-r70"/>
  </node>
  <a xml:id="s-N67249" label="s" ref="s-n70" as="anc">
    <fs>
      <f name="id" value="t3u28"/>
    </fs>
  </a>
  <region xml:id="s-r71" anchors="7147 7212"/>
  <node xml:id="s-n71">
    <link targets="s-r71"/>
  </node>
  <a xml:id="s-N67273" label="s" ref="s-n71" as="anc">
    <fs>
      <f name="id" value="t3u29"/>
    </fs>
  </a>
  <region xml:id="s-r72" anchors="7232 7254"/>
  <node xml:id="s-n72">
    <link targets="s-r72"/>
  </node>
  <a xml:id="s-N67297" label="s" ref="s-n72" as="anc">
    <fs>
      <f name="id" value="t3u30"/>
    </fs>
  </a>
  <region xml:id="s-r73" anchors="7264 7377"/>
  <node xml:id="s-n73">
    <link targets="s-r73"/>
  </node>
  <a xml:id="s-N67321" label="s" ref="s-n73" as="anc">
    <fs>
      <f name="id" value="t3u31"/>
    </fs>
  </a>
  <region xml:id="s-r74" anchors="7387 7470"/>
  <node xml:id="s-n74">
    <link targets="s-r74"/>
  </node>
  <a xml:id="s-N67345" label="s" ref="s-n74" as="anc">
    <fs>
      <f name="id" value="t3u32"/>
    </fs>
  </a>
  <region xml:id="s-r75" anchors="7480 7519"/>
  <node xml:id="s-n75">
    <link targets="s-r75"/>
  </node>
  <a xml:id="s-N67369" label="s" ref="s-n75" as="anc">
    <fs>
      <f name="id" value="t3u33"/>
    </fs>
  </a>
  <region xml:id="s-r76" anchors="7529 7765"/>
  <node xml:id="s-n76">
    <link targets="s-r76"/>
  </node>
  <a xml:id="s-N67393" label="s" ref="s-n76" as="anc">
    <fs>
      <f name="id" value="t3u34"/>
    </fs>
  </a>
  <region xml:id="s-r77" anchors="7789 7858"/>
  <node xml:id="s-n77">
    <link targets="s-r77"/>
  </node>
  <a xml:id="s-N67417" label="s" ref="s-n77" as="anc">
    <fs>
      <f name="id" value="t4u1"/>
    </fs>
  </a>
  <region xml:id="s-r78" anchors="7882 7941"/>
  <node xml:id="s-n78">
    <link targets="s-r78"/>
  </node>
  <a xml:id="s-N67441" label="s" ref="s-n78" as="anc">
    <fs>
      <f name="id" value="t5u1"/>
    </fs>
  </a>
  <region xml:id="s-r79" anchors="7951 8087"/>
  <node xml:id="s-n79">
    <link targets="s-r79"/>
  </node>
  <a xml:id="s-N67465" label="s" ref="s-n79" as="anc">
    <fs>
      <f name="id" value="t5u2"/>
    </fs>
  </a>
  <region xml:id="s-r80" anchors="8097 8150"/>
  <node xml:id="s-n80">
    <link targets="s-r80"/>
  </node>
  <a xml:id="s-N67489" label="s" ref="s-n80" as="anc">
    <fs>
      <f name="id" value="t5u3"/>
    </fs>
  </a>
  <region xml:id="s-r81" anchors="8160 8193"/>
  <node xml:id="s-n81">
    <link targets="s-r81"/>
  </node>
  <a xml:id="s-N67513" label="s" ref="s-n81" as="anc">
    <fs>
      <f name="id" value="t5u4"/>
    </fs>
  </a>
  <region xml:id="s-r82" anchors="8203 8417"/>
  <node xml:id="s-n82">
    <link targets="s-r82"/>
  </node>
  <a xml:id="s-N67537" label="s" ref="s-n82" as="anc">
    <fs>
      <f name="id" value="t5u5"/>
    </fs>
  </a>
  <region xml:id="s-r83" anchors="8427 8537"/>
  <node xml:id="s-n83">
    <link targets="s-r83"/>
  </node>
  <a xml:id="s-N67561" label="s" ref="s-n83" as="anc">
    <fs>
      <f name="id" value="t5u6"/>
    </fs>
  </a>
  <region xml:id="s-r84" anchors="8547 8638"/>
  <node xml:id="s-n84">
    <link targets="s-r84"/>
  </node>
  <a xml:id="s-N67585" label="s" ref="s-n84" as="anc">
    <fs>
      <f name="id" value="t5u7"/>
    </fs>
  </a>
  <region xml:id="s-r85" anchors="8648 8740"/>
  <node xml:id="s-n85">
    <link targets="s-r85"/>
  </node>
  <a xml:id="s-N67609" label="s" ref="s-n85" as="anc">
    <fs>
      <f name="id" value="t5u8"/>
    </fs>
  </a>
  <region xml:id="s-r86" anchors="8764 8808"/>
  <node xml:id="s-n86">
    <link targets="s-r86"/>
  </node>
  <a xml:id="s-N67633" label="s" ref="s-n86" as="anc">
    <fs>
      <f name="id" value="t6u1"/>
    </fs>
  </a>
  <region xml:id="s-r87" anchors="8832 8869"/>
  <node xml:id="s-n87">
    <link targets="s-r87"/>
  </node>
  <a xml:id="s-N67657" label="s" ref="s-n87" as="anc">
    <fs>
      <f name="id" value="t7u1"/>
    </fs>
  </a>
  <region xml:id="s-r88" anchors="8879 8953"/>
  <node xml:id="s-n88">
    <link targets="s-r88"/>
  </node>
  <a xml:id="s-N67681" label="s" ref="s-n88" as="anc">
    <fs>
      <f name="id" value="t7u2"/>
    </fs>
  </a>
  <region xml:id="s-r89" anchors="8963 9061"/>
  <node xml:id="s-n89">
    <link targets="s-r89"/>
  </node>
  <a xml:id="s-N67705" label="s" ref="s-n89" as="anc">
    <fs>
      <f name="id" value="t7u3"/>
    </fs>
  </a>
  <region xml:id="s-r90" anchors="9071 9154"/>
  <node xml:id="s-n90">
    <link targets="s-r90"/>
  </node>
  <a xml:id="s-N67729" label="s" ref="s-n90" as="anc">
    <fs>
      <f name="id" value="t7u4"/>
    </fs>
  </a>
  <region xml:id="s-r91" anchors="9164 9311"/>
  <node xml:id="s-n91">
    <link targets="s-r91"/>
  </node>
  <a xml:id="s-N67753" label="s" ref="s-n91" as="anc">
    <fs>
      <f name="id" value="t7u5"/>
    </fs>
  </a>
  <region xml:id="s-r92" anchors="9321 9375"/>
  <node xml:id="s-n92">
    <link targets="s-r92"/>
  </node>
  <a xml:id="s-N67777" label="s" ref="s-n92" as="anc">
    <fs>
      <f name="id" value="t7u6"/>
    </fs>
  </a>
  <region xml:id="s-r93" anchors="9385 9550"/>
  <node xml:id="s-n93">
    <link targets="s-r93"/>
  </node>
  <a xml:id="s-N67801" label="s" ref="s-n93" as="anc">
    <fs>
      <f name="id" value="t7u7"/>
    </fs>
  </a>
  <region xml:id="s-r94" anchors="9584 9624"/>
  <node xml:id="s-n94">
    <link targets="s-r94"/>
  </node>
  <a xml:id="s-N67825" label="s" ref="s-n94" as="anc">
    <fs>
      <f name="id" value="t8u1"/>
    </fs>
  </a>
  <region xml:id="s-r95" anchors="9648 9687"/>
  <node xml:id="s-n95">
    <link targets="s-r95"/>
  </node>
  <a xml:id="s-N67849" label="s" ref="s-n95" as="anc">
    <fs>
      <f name="id" value="t9u1"/>
    </fs>
  </a>
  <region xml:id="s-r96" anchors="9697 10006"/>
  <node xml:id="s-n96">
    <link targets="s-r96"/>
  </node>
  <a xml:id="s-N67873" label="s" ref="s-n96" as="anc">
    <fs>
      <f name="id" value="t9u2"/>
    </fs>
  </a>
  <region xml:id="s-r97" anchors="10016 10092"/>
  <node xml:id="s-n97">
    <link targets="s-r97"/>
  </node>
  <a xml:id="s-N67897" label="s" ref="s-n97" as="anc">
    <fs>
      <f name="id" value="t9u3"/>
    </fs>
  </a>
  <region xml:id="s-r98" anchors="10102 10124"/>
  <node xml:id="s-n98">
    <link targets="s-r98"/>
  </node>
  <a xml:id="s-N67921" label="s" ref="s-n98" as="anc">
    <fs>
      <f name="id" value="t9u4"/>
    </fs>
  </a>
  <region xml:id="s-r99" anchors="10134 10144"/>
  <node xml:id="s-n99">
    <link targets="s-r99"/>
  </node>
  <a xml:id="s-N67945" label="s" ref="s-n99" as="anc">
    <fs>
      <f name="id" value="t9u5"/>
    </fs>
  </a>
  <region xml:id="s-r100" anchors="10168 10188"/>
  <node xml:id="s-n100">
    <link targets="s-r100"/>
  </node>
  <a xml:id="s-N67969" label="s" ref="s-n100" as="anc">
    <fs>
      <f name="id" value="t10u1"/>
    </fs>
  </a>
  <region xml:id="s-r101" anchors="10212 10222"/>
  <node xml:id="s-n101">
    <link targets="s-r101"/>
  </node>
  <a xml:id="s-N67993" label="s" ref="s-n101" as="anc">
    <fs>
      <f name="id" value="t11u1"/>
    </fs>
  </a>
</graph>
