<graph xmlns="http://www.xces.org/ns/GrAF/1.0/" xmlns:graf="http://www.xces.org/ns/GrAF/1.0/">
  <graphHeader>
    <labelsDecl>
      <labelUsage label="s" occurs="70"/>
    </labelsDecl>
    <annotationSpaces>
      <annotationSpace as.id="anc"/>
    </annotationSpaces>
  </graphHeader>
  <region xml:id="s-r0" anchors="41 77"/>
  <region xml:id="s-r1" anchors="87 151"/>
  <region xml:id="s-r2" anchors="155 328"/>
  <region xml:id="s-r3" anchors="330 341"/>
  <region xml:id="s-r4" anchors="342 465"/>
  <region xml:id="s-r5" anchors="466 620"/>
  <region xml:id="s-r6" anchors="621 691"/>
  <region xml:id="s-r7" anchors="692 703"/>
  <region xml:id="s-r8" anchors="704 742"/>
  <region xml:id="s-r9" anchors="752 757"/>
  <region xml:id="s-r10" anchors="761 915"/>
  <region xml:id="s-r11" anchors="925 929"/>
  <region xml:id="s-r12" anchors="933 1028"/>
  <region xml:id="s-r13" anchors="1038 1192"/>
  <region xml:id="s-r14" anchors="1202 1208"/>
  <region xml:id="s-r15" anchors="1218 1305"/>
  <region xml:id="s-r16" anchors="1315 1434"/>
  <region xml:id="s-r17" anchors="1444 1456"/>
  <region xml:id="s-r18" anchors="1466 1625"/>
  <region xml:id="s-r19" anchors="1641 1681"/>
  <region xml:id="s-r20" anchors="1691 1703"/>
  <region xml:id="s-r21" anchors="1704 1900"/>
  <region xml:id="s-r22" anchors="1910 1933"/>
  <region xml:id="s-r23" anchors="1935 1949"/>
  <region xml:id="s-r24" anchors="1959 2120"/>
  <region xml:id="s-r25" anchors="2130 2150"/>
  <region xml:id="s-r26" anchors="2160 2248"/>
  <region xml:id="s-r27" anchors="2264 2488"/>
  <region xml:id="s-r28" anchors="2498 2643"/>
  <region xml:id="s-r29" anchors="2653 2706"/>
  <region xml:id="s-r30" anchors="2716 2794"/>
  <region xml:id="s-r31" anchors="2795 2828"/>
  <region xml:id="s-r32" anchors="2838 2902"/>
  <region xml:id="s-r33" anchors="2912 2917"/>
  <region xml:id="s-r34" anchors="2918 2944"/>
  <region xml:id="s-r35" anchors="2954 2969"/>
  <region xml:id="s-r36" anchors="2971 3048"/>
  <region xml:id="s-r37" anchors="3058 3061"/>
  <region xml:id="s-r38" anchors="3065 3121"/>
  <region xml:id="s-r39" anchors="3122 3221"/>
  <region xml:id="s-r40" anchors="3225 3414"/>
  <region xml:id="s-r41" anchors="3424 3450"/>
  <region xml:id="s-r42" anchors="3452 3517"/>
  <region xml:id="s-r43" anchors="3527 3548"/>
  <region xml:id="s-r44" anchors="3550 3571"/>
  <region xml:id="s-r45" anchors="3573 3618"/>
  <region xml:id="s-r46" anchors="3620 3624"/>
  <region xml:id="s-r47" anchors="3625 3665"/>
  <region xml:id="s-r48" anchors="3666 3676"/>
  <region xml:id="s-r49" anchors="3686 3690"/>
  <region xml:id="s-r50" anchors="3691 3739"/>
  <region xml:id="s-r51" anchors="3740 3763"/>
  <region xml:id="s-r52" anchors="3773 3792"/>
  <region xml:id="s-r53" anchors="3793 3805"/>
  <region xml:id="s-r54" anchors="3815 3841"/>
  <region xml:id="s-r55" anchors="3851 3859"/>
  <region xml:id="s-r56" anchors="3869 3890"/>
  <region xml:id="s-r57" anchors="3894 3917"/>
  <region xml:id="s-r58" anchors="3919 3930"/>
  <region xml:id="s-r59" anchors="3946 3958"/>
  <region xml:id="s-r60" anchors="3968 4000"/>
  <region xml:id="s-r61" anchors="4001 4010"/>
  <region xml:id="s-r62" anchors="4012 4018"/>
  <region xml:id="s-r63" anchors="4019 4022"/>
  <region xml:id="s-r64" anchors="4032 4043"/>
  <region xml:id="s-r65" anchors="4047 4089"/>
  <region xml:id="s-r66" anchors="4090 4094"/>
  <region xml:id="s-r67" anchors="4095 4104"/>
  <region xml:id="s-r68" anchors="4105 4111"/>
  <region xml:id="s-r69" anchors="4112 4119"/>
  <node xml:id="s-n0">
    <link targets="s-r0"/>
  </node>
  <a xml:id="s-N65845" label="s" ref="s-n0" as="anc">
    <fs>
      <f name="id" value="t3u1"/>
    </fs>
  </a>
  <node xml:id="s-n1">
    <link targets="s-r1"/>
  </node>
  <a xml:id="s-N65865" label="s" ref="s-n1" as="anc">
    <fs>
      <f name="id" value="t3u1.1"/>
    </fs>
  </a>
  <node xml:id="s-n10">
    <link targets="s-r10"/>
  </node>
  <a xml:id="s-N65885" label="s" ref="s-n10" as="anc">
    <fs>
      <f name="id" value="t3u1.10"/>
    </fs>
  </a>
  <node xml:id="s-n11">
    <link targets="s-r11"/>
  </node>
  <a xml:id="s-N65905" label="s" ref="s-n11" as="anc">
    <fs>
      <f name="id" value="t3u1.11"/>
    </fs>
  </a>
  <node xml:id="s-n12">
    <link targets="s-r12"/>
  </node>
  <a xml:id="s-N65925" label="s" ref="s-n12" as="anc">
    <fs>
      <f name="id" value="t3u1.12"/>
    </fs>
  </a>
  <node xml:id="s-n13">
    <link targets="s-r13"/>
  </node>
  <a xml:id="s-N65945" label="s" ref="s-n13" as="anc">
    <fs>
      <f name="id" value="t9u1"/>
    </fs>
  </a>
  <node xml:id="s-n14">
    <link targets="s-r14"/>
  </node>
  <a xml:id="s-N65965" label="s" ref="s-n14" as="anc">
    <fs>
      <f name="id" value="t10u1"/>
    </fs>
  </a>
  <node xml:id="s-n15">
    <link targets="s-r15"/>
  </node>
  <a xml:id="s-N65985" label="s" ref="s-n15" as="anc">
    <fs>
      <f name="id" value="t11u1"/>
    </fs>
  </a>
  <node xml:id="s-n16">
    <link targets="s-r16"/>
  </node>
  <a xml:id="s-N66005" label="s" ref="s-n16" as="anc">
    <fs>
      <f name="id" value="t12u1"/>
    </fs>
  </a>
  <node xml:id="s-n17">
    <link targets="s-r17"/>
  </node>
  <a xml:id="s-N66025" label="s" ref="s-n17" as="anc">
    <fs>
      <f name="id" value="t13u1"/>
    </fs>
  </a>
  <node xml:id="s-n18">
    <link targets="s-r18"/>
  </node>
  <a xml:id="s-N66045" label="s" ref="s-n18" as="anc">
    <fs>
      <f name="id" value="t14u1"/>
    </fs>
  </a>
  <node xml:id="s-n19">
    <link targets="s-r19"/>
  </node>
  <a xml:id="s-N66065" label="s" ref="s-n19" as="anc">
    <fs>
      <f name="id" value="t15u1"/>
    </fs>
  </a>
  <node xml:id="s-n2">
    <link targets="s-r2"/>
  </node>
  <a xml:id="s-N66085" label="s" ref="s-n2" as="anc">
    <fs>
      <f name="id" value="t3u1.2"/>
    </fs>
  </a>
  <node xml:id="s-n20">
    <link targets="s-r20"/>
  </node>
  <a xml:id="s-N66105" label="s" ref="s-n20" as="anc">
    <fs>
      <f name="id" value="t15u1.1"/>
    </fs>
  </a>
  <node xml:id="s-n21">
    <link targets="s-r21"/>
  </node>
  <a xml:id="s-N66125" label="s" ref="s-n21" as="anc">
    <fs>
      <f name="id" value="t15u1.2"/>
    </fs>
  </a>
  <node xml:id="s-n22">
    <link targets="s-r22"/>
  </node>
  <a xml:id="s-N66145" label="s" ref="s-n22" as="anc">
    <fs>
      <f name="id" value="t15u1.3"/>
    </fs>
  </a>
  <node xml:id="s-n23">
    <link targets="s-r23"/>
  </node>
  <a xml:id="s-N66165" label="s" ref="s-n23" as="anc">
    <fs>
      <f name="id" value="t15u1.4"/>
    </fs>
  </a>
  <node xml:id="s-n24">
    <link targets="s-r24"/>
  </node>
  <a xml:id="s-N66185" label="s" ref="s-n24" as="anc">
    <fs>
      <f name="id" value="t18u1"/>
    </fs>
  </a>
  <node xml:id="s-n25">
    <link targets="s-r25"/>
  </node>
  <a xml:id="s-N66205" label="s" ref="s-n25" as="anc">
    <fs>
      <f name="id" value="t19u1"/>
    </fs>
  </a>
  <node xml:id="s-n26">
    <link targets="s-r26"/>
  </node>
  <a xml:id="s-N66225" label="s" ref="s-n26" as="anc">
    <fs>
      <f name="id" value="t20u1"/>
    </fs>
  </a>
  <node xml:id="s-n27">
    <link targets="s-r27"/>
  </node>
  <a xml:id="s-N66245" label="s" ref="s-n27" as="anc">
    <fs>
      <f name="id" value="t21u1"/>
    </fs>
  </a>
  <node xml:id="s-n28">
    <link targets="s-r28"/>
  </node>
  <a xml:id="s-N66265" label="s" ref="s-n28" as="anc">
    <fs>
      <f name="id" value="t22u1"/>
    </fs>
  </a>
  <node xml:id="s-n29">
    <link targets="s-r29"/>
  </node>
  <a xml:id="s-N66285" label="s" ref="s-n29" as="anc">
    <fs>
      <f name="id" value="t23u1"/>
    </fs>
  </a>
  <node xml:id="s-n3">
    <link targets="s-r3"/>
  </node>
  <a xml:id="s-N66305" label="s" ref="s-n3" as="anc">
    <fs>
      <f name="id" value="t3u1.3"/>
    </fs>
  </a>
  <node xml:id="s-n30">
    <link targets="s-r30"/>
  </node>
  <a xml:id="s-N66325" label="s" ref="s-n30" as="anc">
    <fs>
      <f name="id" value="t23u1.1"/>
    </fs>
  </a>
  <node xml:id="s-n31">
    <link targets="s-r31"/>
  </node>
  <a xml:id="s-N66345" label="s" ref="s-n31" as="anc">
    <fs>
      <f name="id" value="t23u1.2"/>
    </fs>
  </a>
  <node xml:id="s-n32">
    <link targets="s-r32"/>
  </node>
  <a xml:id="s-N66365" label="s" ref="s-n32" as="anc">
    <fs>
      <f name="id" value="t25u1"/>
    </fs>
  </a>
  <node xml:id="s-n33">
    <link targets="s-r33"/>
  </node>
  <a xml:id="s-N66385" label="s" ref="s-n33" as="anc">
    <fs>
      <f name="id" value="t25u1.1"/>
    </fs>
  </a>
  <node xml:id="s-n34">
    <link targets="s-r34"/>
  </node>
  <a xml:id="s-N66405" label="s" ref="s-n34" as="anc">
    <fs>
      <f name="id" value="t25u1.2"/>
    </fs>
  </a>
  <node xml:id="s-n35">
    <link targets="s-r35"/>
  </node>
  <a xml:id="s-N66425" label="s" ref="s-n35" as="anc">
    <fs>
      <f name="id" value="t25u1.3"/>
    </fs>
  </a>
  <node xml:id="s-n36">
    <link targets="s-r36"/>
  </node>
  <a xml:id="s-N66445" label="s" ref="s-n36" as="anc">
    <fs>
      <f name="id" value="t25u1.4"/>
    </fs>
  </a>
  <node xml:id="s-n37">
    <link targets="s-r37"/>
  </node>
  <a xml:id="s-N66465" label="s" ref="s-n37" as="anc">
    <fs>
      <f name="id" value="t25u1.5"/>
    </fs>
  </a>
  <node xml:id="s-n38">
    <link targets="s-r38"/>
  </node>
  <a xml:id="s-N66485" label="s" ref="s-n38" as="anc">
    <fs>
      <f name="id" value="t25u1.6"/>
    </fs>
  </a>
  <node xml:id="s-n39">
    <link targets="s-r39"/>
  </node>
  <a xml:id="s-N66505" label="s" ref="s-n39" as="anc">
    <fs>
      <f name="id" value="t25u1.7"/>
    </fs>
  </a>
  <node xml:id="s-n4">
    <link targets="s-r4"/>
  </node>
  <a xml:id="s-N66525" label="s" ref="s-n4" as="anc">
    <fs>
      <f name="id" value="t3u1.4"/>
    </fs>
  </a>
  <node xml:id="s-n40">
    <link targets="s-r40"/>
  </node>
  <a xml:id="s-N66545" label="s" ref="s-n40" as="anc">
    <fs>
      <f name="id" value="t25u1.8"/>
    </fs>
  </a>
  <node xml:id="s-n41">
    <link targets="s-r41"/>
  </node>
  <a xml:id="s-N66565" label="s" ref="s-n41" as="anc">
    <fs>
      <f name="id" value="t25u1.9"/>
    </fs>
  </a>
  <node xml:id="s-n42">
    <link targets="s-r42"/>
  </node>
  <a xml:id="s-N66585" label="s" ref="s-n42" as="anc">
    <fs>
      <f name="id" value="t25u1.10"/>
    </fs>
  </a>
  <node xml:id="s-n43">
    <link targets="s-r43"/>
  </node>
  <a xml:id="s-N66605" label="s" ref="s-n43" as="anc">
    <fs>
      <f name="id" value="t25u1.11"/>
    </fs>
  </a>
  <node xml:id="s-n44">
    <link targets="s-r44"/>
  </node>
  <a xml:id="s-N66625" label="s" ref="s-n44" as="anc">
    <fs>
      <f name="id" value="t25u1.12"/>
    </fs>
  </a>
  <node xml:id="s-n45">
    <link targets="s-r45"/>
  </node>
  <a xml:id="s-N66645" label="s" ref="s-n45" as="anc">
    <fs>
      <f name="id" value="t25u1.13"/>
    </fs>
  </a>
  <node xml:id="s-n46">
    <link targets="s-r46"/>
  </node>
  <a xml:id="s-N66665" label="s" ref="s-n46" as="anc">
    <fs>
      <f name="id" value="t25u1.14"/>
    </fs>
  </a>
  <node xml:id="s-n47">
    <link targets="s-r47"/>
  </node>
  <a xml:id="s-N66685" label="s" ref="s-n47" as="anc">
    <fs>
      <f name="id" value="t25u1.15"/>
    </fs>
  </a>
  <node xml:id="s-n48">
    <link targets="s-r48"/>
  </node>
  <a xml:id="s-N66705" label="s" ref="s-n48" as="anc">
    <fs>
      <f name="id" value="t25u1.16"/>
    </fs>
  </a>
  <node xml:id="s-n49">
    <link targets="s-r49"/>
  </node>
  <a xml:id="s-N66725" label="s" ref="s-n49" as="anc">
    <fs>
      <f name="id" value="t25u1.17"/>
    </fs>
  </a>
  <node xml:id="s-n5">
    <link targets="s-r5"/>
  </node>
  <a xml:id="s-N66745" label="s" ref="s-n5" as="anc">
    <fs>
      <f name="id" value="t3u1.5"/>
    </fs>
  </a>
  <node xml:id="s-n50">
    <link targets="s-r50"/>
  </node>
  <a xml:id="s-N66765" label="s" ref="s-n50" as="anc">
    <fs>
      <f name="id" value="t25u1.18"/>
    </fs>
  </a>
  <node xml:id="s-n51">
    <link targets="s-r51"/>
  </node>
  <a xml:id="s-N66785" label="s" ref="s-n51" as="anc">
    <fs>
      <f name="id" value="t25u1.19"/>
    </fs>
  </a>
  <node xml:id="s-n52">
    <link targets="s-r52"/>
  </node>
  <a xml:id="s-N66805" label="s" ref="s-n52" as="anc">
    <fs>
      <f name="id" value="t25u1.20"/>
    </fs>
  </a>
  <node xml:id="s-n53">
    <link targets="s-r53"/>
  </node>
  <a xml:id="s-N66825" label="s" ref="s-n53" as="anc">
    <fs>
      <f name="id" value="t25u1.21"/>
    </fs>
  </a>
  <node xml:id="s-n54">
    <link targets="s-r54"/>
  </node>
  <a xml:id="s-N66845" label="s" ref="s-n54" as="anc">
    <fs>
      <f name="id" value="t32u2"/>
    </fs>
  </a>
  <node xml:id="s-n55">
    <link targets="s-r55"/>
  </node>
  <a xml:id="s-N66865" label="s" ref="s-n55" as="anc">
    <fs>
      <f name="id" value="t33u1"/>
    </fs>
  </a>
  <node xml:id="s-n56">
    <link targets="s-r56"/>
  </node>
  <a xml:id="s-N66885" label="s" ref="s-n56" as="anc">
    <fs>
      <f name="id" value="t33u1.1"/>
    </fs>
  </a>
  <node xml:id="s-n57">
    <link targets="s-r57"/>
  </node>
  <a xml:id="s-N66905" label="s" ref="s-n57" as="anc">
    <fs>
      <f name="id" value="t33u1.2"/>
    </fs>
  </a>
  <node xml:id="s-n58">
    <link targets="s-r58"/>
  </node>
  <a xml:id="s-N66925" label="s" ref="s-n58" as="anc">
    <fs>
      <f name="id" value="t33u1.3"/>
    </fs>
  </a>
  <node xml:id="s-n59">
    <link targets="s-r59"/>
  </node>
  <a xml:id="s-N66945" label="s" ref="s-n59" as="anc">
    <fs>
      <f name="id" value="t35u1"/>
    </fs>
  </a>
  <node xml:id="s-n6">
    <link targets="s-r6"/>
  </node>
  <a xml:id="s-N66965" label="s" ref="s-n6" as="anc">
    <fs>
      <f name="id" value="t3u1.6"/>
    </fs>
  </a>
  <node xml:id="s-n60">
    <link targets="s-r60"/>
  </node>
  <a xml:id="s-N66985" label="s" ref="s-n60" as="anc">
    <fs>
      <f name="id" value="t35u1.1"/>
    </fs>
  </a>
  <node xml:id="s-n61">
    <link targets="s-r61"/>
  </node>
  <a xml:id="s-N67005" label="s" ref="s-n61" as="anc">
    <fs>
      <f name="id" value="t35u1.2"/>
    </fs>
  </a>
  <node xml:id="s-n62">
    <link targets="s-r62"/>
  </node>
  <a xml:id="s-N67025" label="s" ref="s-n62" as="anc">
    <fs>
      <f name="id" value="t35u1.3"/>
    </fs>
  </a>
  <node xml:id="s-n63">
    <link targets="s-r63"/>
  </node>
  <a xml:id="s-N67045" label="s" ref="s-n63" as="anc">
    <fs>
      <f name="id" value="t35u1.4"/>
    </fs>
  </a>
  <node xml:id="s-n64">
    <link targets="s-r64"/>
  </node>
  <a xml:id="s-N67065" label="s" ref="s-n64" as="anc">
    <fs>
      <f name="id" value="t35u1.5"/>
    </fs>
  </a>
  <node xml:id="s-n65">
    <link targets="s-r65"/>
  </node>
  <a xml:id="s-N67085" label="s" ref="s-n65" as="anc">
    <fs>
      <f name="id" value="t35u1.6"/>
    </fs>
  </a>
  <node xml:id="s-n66">
    <link targets="s-r66"/>
  </node>
  <a xml:id="s-N67105" label="s" ref="s-n66" as="anc">
    <fs>
      <f name="id" value="t35u1.7"/>
    </fs>
  </a>
  <node xml:id="s-n67">
    <link targets="s-r67"/>
  </node>
  <a xml:id="s-N67125" label="s" ref="s-n67" as="anc">
    <fs>
      <f name="id" value="t35u1.8"/>
    </fs>
  </a>
  <node xml:id="s-n68">
    <link targets="s-r68"/>
  </node>
  <a xml:id="s-N67145" label="s" ref="s-n68" as="anc">
    <fs>
      <f name="id" value="t35u1.9"/>
    </fs>
  </a>
  <node xml:id="s-n69">
    <link targets="s-r69"/>
  </node>
  <a xml:id="s-N67165" label="s" ref="s-n69" as="anc">
    <fs>
      <f name="id" value="t35u1.10"/>
    </fs>
  </a>
  <node xml:id="s-n7">
    <link targets="s-r7"/>
  </node>
  <a xml:id="s-N67185" label="s" ref="s-n7" as="anc">
    <fs>
      <f name="id" value="t3u1.7"/>
    </fs>
  </a>
  <node xml:id="s-n8">
    <link targets="s-r8"/>
  </node>
  <a xml:id="s-N67205" label="s" ref="s-n8" as="anc">
    <fs>
      <f name="id" value="t3u1.8"/>
    </fs>
  </a>
  <node xml:id="s-n9">
    <link targets="s-r9"/>
  </node>
  <a xml:id="s-N67225" label="s" ref="s-n9" as="anc">
    <fs>
      <f name="id" value="t3u1.9"/>
    </fs>
  </a>
</graph>
