<graph xmlns="http://www.xces.org/ns/GrAF/1.0/" xmlns:graf="http://www.xces.org/ns/GrAF/1.0/">
  <graphHeader>
    <labelsDecl>
      <labelUsage label="person" occurs="9"/>
      <labelUsage label="location" occurs="12"/>
      <labelUsage label="org" occurs="7"/>
    </labelsDecl>
    <dependencies>
      <dependsOn f.id="f.penn"/>
    </dependencies>
    <annotationSpaces>
      <annotationSpace as.id="anc"/>
    </annotationSpaces>
  </graphHeader>
  <node xml:id="ne-n0"/>
  <a xml:id="ne-N65575" label="person" ref="ne-n0" as="anc">
    <fs>
      <f name="sex" value="female"/>
      <f name="graf:id" value="n0"/>
      <f name="graf:set" value="xces"/>
    </fs>
  </a>
  <node xml:id="ne-n1"/>
  <a xml:id="ne-N65599" label="person" ref="ne-n1" as="anc">
    <fs>
      <f name="sex" value="male"/>
      <f name="graf:id" value="n1"/>
      <f name="graf:set" value="xces"/>
    </fs>
  </a>
  <node xml:id="ne-n10"/>
  <a xml:id="ne-N65623" label="org" ref="ne-n10" as="anc">
    <fs>
      <f name="type" value="other"/>
      <f name="graf:id" value="n10"/>
      <f name="graf:set" value="xces"/>
    </fs>
  </a>
  <node xml:id="ne-n11"/>
  <a xml:id="ne-N65647" label="location" ref="ne-n11" as="anc">
    <fs>
      <f name="type" value="province"/>
      <f name="graf:id" value="n11"/>
      <f name="graf:set" value="xces"/>
    </fs>
  </a>
  <node xml:id="ne-n12"/>
  <a xml:id="ne-N65671" label="person" ref="ne-n12" as="anc">
    <fs>
      <f name="sex" value="female"/>
      <f name="graf:id" value="n12"/>
      <f name="graf:set" value="xces"/>
    </fs>
  </a>
  <node xml:id="ne-n13"/>
  <a xml:id="ne-N65695" label="location" ref="ne-n13" as="anc">
    <fs>
      <f name="type" value="city"/>
      <f name="graf:id" value="n13"/>
      <f name="graf:set" value="xces"/>
    </fs>
  </a>
  <node xml:id="ne-n14"/>
  <a xml:id="ne-N65719" label="location" ref="ne-n14" as="anc">
    <fs>
      <f name="type" value="city"/>
      <f name="graf:id" value="n14"/>
      <f name="graf:set" value="xces"/>
    </fs>
  </a>
  <node xml:id="ne-n15"/>
  <a xml:id="ne-N65743" label="location" ref="ne-n15" as="anc">
    <fs>
      <f name="type" value="city"/>
      <f name="graf:id" value="n15"/>
      <f name="graf:set" value="xces"/>
    </fs>
  </a>
  <node xml:id="ne-n16"/>
  <a xml:id="ne-N65767" label="location" ref="ne-n16" as="anc">
    <fs>
      <f name="type" value="city"/>
      <f name="graf:id" value="n16"/>
      <f name="graf:set" value="xces"/>
    </fs>
  </a>
  <node xml:id="ne-n17"/>
  <a xml:id="ne-N65791" label="location" ref="ne-n17" as="anc">
    <fs>
      <f name="type" value="city"/>
      <f name="graf:id" value="n17"/>
      <f name="graf:set" value="xces"/>
    </fs>
  </a>
  <node xml:id="ne-n18"/>
  <a xml:id="ne-N65815" label="person" ref="ne-n18" as="anc">
    <fs>
      <f name="sex" value="female"/>
      <f name="graf:id" value="n18"/>
      <f name="graf:set" value="xces"/>
    </fs>
  </a>
  <node xml:id="ne-n19"/>
  <a xml:id="ne-N65839" label="location" ref="ne-n19" as="anc">
    <fs>
      <f name="type" value="city"/>
      <f name="graf:id" value="n19"/>
      <f name="graf:set" value="xces"/>
    </fs>
  </a>
  <node xml:id="ne-n2"/>
  <a xml:id="ne-N65863" label="location" ref="ne-n2" as="anc">
    <fs>
      <f name="type" value="province"/>
      <f name="graf:id" value="n2"/>
      <f name="graf:set" value="xces"/>
    </fs>
  </a>
  <node xml:id="ne-n20"/>
  <a xml:id="ne-N65887" label="person" ref="ne-n20" as="anc">
    <fs>
      <f name="sex" value="null"/>
      <f name="graf:id" value="n20"/>
      <f name="graf:set" value="xces"/>
    </fs>
  </a>
  <node xml:id="ne-n21"/>
  <a xml:id="ne-N65911" label="location" ref="ne-n21" as="anc">
    <fs>
      <f name="type" value="city"/>
      <f name="graf:id" value="n21"/>
      <f name="graf:set" value="xces"/>
    </fs>
  </a>
  <node xml:id="ne-n22"/>
  <a xml:id="ne-N65935" label="location" ref="ne-n22" as="anc">
    <fs>
      <f name="type" value="state"/>
      <f name="graf:id" value="n22"/>
      <f name="graf:set" value="xces"/>
    </fs>
  </a>
  <node xml:id="ne-n23"/>
  <a xml:id="ne-N65959" label="location" ref="ne-n23" as="anc">
    <fs>
      <f name="type" value="city"/>
      <f name="graf:id" value="n23"/>
      <f name="graf:set" value="xces"/>
    </fs>
  </a>
  <node xml:id="ne-n24"/>
  <a xml:id="ne-N65983" label="person" ref="ne-n24" as="anc">
    <fs>
      <f name="sex" value="male"/>
      <f name="graf:id" value="n24"/>
      <f name="graf:set" value="xces"/>
    </fs>
  </a>
  <node xml:id="ne-n25"/>
  <a xml:id="ne-N66007" label="person" ref="ne-n25" as="anc">
    <fs>
      <f name="sex" value="male"/>
      <f name="graf:id" value="n25"/>
      <f name="graf:set" value="xces"/>
    </fs>
  </a>
  <node xml:id="ne-n26"/>
  <a xml:id="ne-N66031" label="person" ref="ne-n26" as="anc">
    <fs>
      <f name="sex" value="male"/>
      <f name="graf:id" value="n26"/>
      <f name="graf:set" value="xces"/>
    </fs>
  </a>
  <node xml:id="ne-n27"/>
  <a xml:id="ne-N66055" label="person" ref="ne-n27" as="anc">
    <fs>
      <f name="sex" value="male"/>
      <f name="graf:id" value="n27"/>
      <f name="graf:set" value="xces"/>
    </fs>
  </a>
  <node xml:id="ne-n3"/>
  <a xml:id="ne-N66079" label="org" ref="ne-n3" as="anc">
    <fs>
      <f name="type" value="other"/>
      <f name="graf:id" value="n3"/>
      <f name="graf:set" value="xces"/>
    </fs>
  </a>
  <node xml:id="ne-n4"/>
  <a xml:id="ne-N66103" label="org" ref="ne-n4" as="anc">
    <fs>
      <f name="type" value="other"/>
      <f name="graf:id" value="n4"/>
      <f name="graf:set" value="xces"/>
    </fs>
  </a>
  <node xml:id="ne-n5"/>
  <a xml:id="ne-N66127" label="org" ref="ne-n5" as="anc">
    <fs>
      <f name="type" value="other"/>
      <f name="graf:id" value="n5"/>
      <f name="graf:set" value="xces"/>
    </fs>
  </a>
  <node xml:id="ne-n6"/>
  <a xml:id="ne-N66151" label="location" ref="ne-n6" as="anc">
    <fs>
      <f name="type" value="province"/>
      <f name="graf:id" value="n6"/>
      <f name="graf:set" value="xces"/>
    </fs>
  </a>
  <node xml:id="ne-n7"/>
  <a xml:id="ne-N66175" label="org" ref="ne-n7" as="anc">
    <fs>
      <f name="type" value="other"/>
      <f name="graf:id" value="n7"/>
      <f name="graf:set" value="xces"/>
    </fs>
  </a>
  <node xml:id="ne-n8"/>
  <a xml:id="ne-N66199" label="org" ref="ne-n8" as="anc">
    <fs>
      <f name="type" value="other"/>
      <f name="graf:id" value="n8"/>
      <f name="graf:set" value="xces"/>
    </fs>
  </a>
  <node xml:id="ne-n9"/>
  <a xml:id="ne-N66223" label="org" ref="ne-n9" as="anc">
    <fs>
      <f name="type" value="other"/>
      <f name="graf:id" value="n9"/>
      <f name="graf:set" value="xces"/>
    </fs>
  </a>
  <edge xml:id="ne-lnk33" from="ne-n27" to="penn-n2152"/>
  <edge xml:id="ne-lnk32" from="ne-n26" to="penn-n2143"/>
  <edge xml:id="ne-lnk31" from="ne-n25" to="penn-n2091"/>
  <edge xml:id="ne-lnk30" from="ne-n24" to="penn-n1946"/>
  <edge xml:id="ne-lnk19" from="ne-n15" to="penn-n758"/>
  <edge xml:id="ne-lnk18" from="ne-n14" to="penn-n747"/>
  <edge xml:id="ne-lnk17" from="ne-n13" to="penn-n742"/>
  <edge xml:id="ne-lnk16" from="ne-n12" to="penn-n708"/>
  <edge xml:id="ne-lnk15" from="ne-n11" to="penn-n533"/>
  <edge xml:id="ne-lnk14" from="ne-n10" to="penn-n343"/>
  <edge xml:id="ne-lnk13" from="ne-n9" to="penn-n322"/>
  <edge xml:id="ne-lnk12" from="ne-n8" to="penn-n314"/>
  <edge xml:id="ne-lnk11" from="ne-n7" to="penn-n306"/>
  <edge xml:id="ne-lnk10" from="ne-n6" to="penn-n259"/>
  <edge xml:id="ne-lnk29" from="ne-n24" to="penn-n1945"/>
  <edge xml:id="ne-lnk9" from="ne-n5" to="penn-n245"/>
  <edge xml:id="ne-lnk28" from="ne-n23" to="penn-n1437"/>
  <edge xml:id="ne-lnk8" from="ne-n5" to="penn-n244"/>
  <edge xml:id="ne-lnk27" from="ne-n22" to="penn-n1423"/>
  <edge xml:id="ne-lnk7" from="ne-n5" to="penn-n243"/>
  <edge xml:id="ne-lnk26" from="ne-n21" to="penn-n1422"/>
  <edge xml:id="ne-lnk6" from="ne-n4" to="penn-n236"/>
  <edge xml:id="ne-lnk25" from="ne-n20" to="penn-n1270"/>
  <edge xml:id="ne-lnk5" from="ne-n4" to="penn-n235"/>
  <edge xml:id="ne-lnk24" from="ne-n19" to="penn-n1119"/>
  <edge xml:id="ne-lnk4" from="ne-n3" to="penn-n153"/>
  <edge xml:id="ne-lnk23" from="ne-n18" to="penn-n1038"/>
  <edge xml:id="ne-lnk3" from="ne-n2" to="penn-n135"/>
  <edge xml:id="ne-lnk22" from="ne-n18" to="penn-n1037"/>
  <edge xml:id="ne-lnk2" from="ne-n1" to="penn-n11"/>
  <edge xml:id="ne-lnk21" from="ne-n17" to="penn-n932"/>
  <edge xml:id="ne-lnk1" from="ne-n1" to="penn-n10"/>
  <edge xml:id="ne-lnk20" from="ne-n16" to="penn-n780"/>
  <edge xml:id="ne-lnk0" from="ne-n0" to="penn-n2"/>
</graph>
