<graph xmlns="http://www.xces.org/ns/GrAF/1.0/" xmlns:graf="http://www.xces.org/ns/GrAF/1.0/">
  <graphHeader>
    <labelsDecl>
      <labelUsage label="Sentencing" occurs="1"/>
      <labelUsage label="Enjoying" occurs="1"/>
      <labelUsage label="Thinking" occurs="1"/>
      <labelUsage label="Working" occurs="1"/>
      <labelUsage label="Talking" occurs="1"/>
      <labelUsage label="Spending" occurs="1"/>
      <labelUsage label="Getting" occurs="2"/>
      <labelUsage label="Seeing3" occurs="2"/>
      <labelUsage label="Seeing2" occurs="1"/>
      <labelUsage label="Locking Up" occurs="1"/>
      <labelUsage label="Seeing1" occurs="1"/>
      <labelUsage label="Thinking2" occurs="1"/>
      <labelUsage label="Thinking3" occurs="1"/>
      <labelUsage label="Hollering" occurs="1"/>
      <labelUsage label="Looking At" occurs="1"/>
      <labelUsage label="Screwing Up" occurs="1"/>
      <labelUsage label="Hearing3" occurs="1"/>
      <labelUsage label="Hearing2" occurs="1"/>
      <labelUsage label="Conversing" occurs="1"/>
      <labelUsage label="Having" occurs="1"/>
      <labelUsage label="Saying2" occurs="1"/>
      <labelUsage label="Saying3" occurs="1"/>
      <labelUsage label="Not Being Answer" occurs="1"/>
      <labelUsage label="Saying4" occurs="1"/>
      <labelUsage label="Waiting" occurs="1"/>
      <labelUsage label="Telling" occurs="1"/>
      <labelUsage label="Not Having" occurs="1"/>
      <labelUsage label="Not Believing" occurs="1"/>
      <labelUsage label="Mopping" occurs="1"/>
      <labelUsage label="Not Being" occurs="1"/>
      <labelUsage label="Feeling" occurs="1"/>
      <labelUsage label="Saying" occurs="1"/>
      <labelUsage label="Stop Building" occurs="1"/>
      <labelUsage label="Starting Off" occurs="1"/>
      <labelUsage label="Breaking Up" occurs="1"/>
      <labelUsage label="Hearing" occurs="1"/>
      <labelUsage label="Being6" occurs="1"/>
      <labelUsage label="Being5" occurs="1"/>
      <labelUsage label="Being4" occurs="1"/>
      <labelUsage label="Changing" occurs="1"/>
    </labelsDecl>
    <annotationSpaces>
      <annotationSpace as.id="event"/>
    </annotationSpaces>
  </graphHeader>
  <region xml:id="event-r0" anchors="167 176"/>
  <region xml:id="event-r1" anchors="248 253"/>
  <region xml:id="event-r2" anchors="303 310"/>
  <region xml:id="event-r3" anchors="590 593"/>
  <region xml:id="event-r4" anchors="776 792"/>
  <region xml:id="event-r5" anchors="993 1004"/>
  <region xml:id="event-r6" anchors="1079 1082"/>
  <region xml:id="event-r7" anchors="1116 1120"/>
  <region xml:id="event-r8" anchors="2128 2133"/>
  <region xml:id="event-r9" anchors="2736 2740"/>
  <region xml:id="event-r10" anchors="2868 2878"/>
  <region xml:id="event-r11" anchors="3362 3372"/>
  <region xml:id="event-r12" anchors="3457 3460"/>
  <region xml:id="event-r13" anchors="3512 3517"/>
  <region xml:id="event-r14" anchors="3672 3676"/>
  <region xml:id="event-r15" anchors="4703 4706"/>
  <region xml:id="event-r16" anchors="4823 4826"/>
  <region xml:id="event-r17" anchors="5550 5555"/>
  <region xml:id="event-r18" anchors="5668 5673"/>
  <region xml:id="event-r19" anchors="6130 6134"/>
  <region xml:id="event-r20" anchors="6146 6154"/>
  <region xml:id="event-r21" anchors="6272 6279"/>
  <region xml:id="event-r22" anchors="6314 6321"/>
  <region xml:id="event-r23" anchors="6332 6335"/>
  <region xml:id="event-r24" anchors="6442 6453"/>
  <region xml:id="event-r25" anchors="6662 6664"/>
  <region xml:id="event-r26" anchors="6763 6780"/>
  <region xml:id="event-r27" anchors="6942 6954"/>
  <region xml:id="event-r28" anchors="6997 7006"/>
  <region xml:id="event-r29" anchors="7025 7033"/>
  <region xml:id="event-r30" anchors="7046 7053"/>
  <region xml:id="event-r31" anchors="7088 7089"/>
  <region xml:id="event-r32" anchors="7144 7149"/>
  <region xml:id="event-r33" anchors="7176 7178"/>
  <region xml:id="event-r34" anchors="7196 7202"/>
  <region xml:id="event-r35" anchors="7262 7269"/>
  <region xml:id="event-r36" anchors="7272 7277"/>
  <region xml:id="event-r37" anchors="7280 7286"/>
  <region xml:id="event-r38" anchors="7387 7394"/>
  <region xml:id="event-r39" anchors="7405 7414"/>
  <region xml:id="event-r40" anchors="7501 7504"/>
  <region xml:id="event-r41" anchors="7507 7514"/>
  <node xml:id="event-n0">
    <link targets="event-r0"/>
  </node>
  <a xml:id="event-N65889" label="Starting Off" ref="event-n0" as="event">
    <fs>
      <f name="agent" value="I"/>
    </fs>
  </a>
  <node xml:id="event-n1">
    <link targets="event-r1"/>
  </node>
  <a xml:id="event-N65909" label="Thinking" ref="event-n1" as="event">
    <fs>
      <f name="theme" value="Setting"/>
      <f name="agent" value="I"/>
    </fs>
  </a>
  <node xml:id="event-n10">
    <link targets="event-r10"/>
  </node>
  <a xml:id="event-N65933" label="Sentencing" ref="event-n10" as="event">
    <fs>
      <f name="agent" value="judge"/>
    </fs>
  </a>
  <node xml:id="event-n11">
    <link targets="event-r11"/>
  </node>
  <a xml:id="event-N65953" label="Looking At" ref="event-n11" as="event">
    <fs>
      <f name="theme" value="anonimous verdict"/>
      <f name="agent" value="we"/>
    </fs>
  </a>
  <node xml:id="event-n12">
    <link targets="event-r12"/>
  </node>
  <a xml:id="event-N65977" label="Saying2" ref="event-n12" as="event">
    <fs>
      <f name="theme" value="Voting"/>
      <f name="agent" value="I"/>
    </fs>
  </a>
  <node xml:id="event-n13">
    <link targets="event-r13"/>
  </node>
  <a xml:id="event-N66001" label="Telling" ref="event-n13" as="event">
    <fs>
      <f name="recipient" value="me"/>
      <f name="cause" value="Voting"/>
      <f name="theme" value="Saying3"/>
    </fs>
  </a>
  <node xml:id="event-n14">
    <link targets="event-r14"/>
  </node>
  <a xml:id="event-N66029" label="Saying3" ref="event-n14" as="event">
    <fs>
      <f name="theme" value="Being Guilty"/>
      <f name="agent" value="certain percentage of people"/>
    </fs>
  </a>
  <node xml:id="event-n15">
    <link targets="event-r15"/>
  </node>
  <a xml:id="event-N66053" label="Seeing3" ref="event-n15" as="event">
    <fs>
      <f name="agent" value="I"/>
      <f name="source" value="talk show"/>
      <f name="theme" value="Penalizing"/>
    </fs>
  </a>
  <node xml:id="event-n16">
    <link targets="event-r16"/>
  </node>
  <a xml:id="event-N66081" label="Seeing3" ref="event-n16" as="event">
    <fs>
      <f name="theme" value="Sentencing &amp; Making Impact"/>
      <f name="agent" value="I"/>
    </fs>
  </a>
  <node xml:id="event-n17">
    <link targets="event-r17"/>
  </node>
  <a xml:id="event-N66105" label="Hearing2" ref="event-n17" as="event">
    <fs>
      <f name="theme" value="Trying"/>
      <f name="agent" value="I"/>
    </fs>
  </a>
  <node xml:id="event-n18">
    <link targets="event-r18"/>
  </node>
  <a xml:id="event-N66129" label="Thinking2" ref="event-n18" as="event">
    <fs>
      <f name="theme" value="Being lenient"/>
      <f name="agent" value="they"/>
    </fs>
  </a>
  <node xml:id="event-n19">
    <link targets="event-r19"/>
  </node>
  <a xml:id="event-N66153" label="Saying4" ref="event-n19" as="event">
    <fs>
      <f name="theme" value="Not Having"/>
      <f name="agent" value="he (Price)"/>
    </fs>
  </a>
  <node xml:id="event-n2">
    <link targets="event-r2"/>
  </node>
  <a xml:id="event-N66177" label="Talking" ref="event-n2" as="event">
    <fs>
      <f name="theme" value="criminals"/>
      <f name="agent" value="we"/>
    </fs>
  </a>
  <node xml:id="event-n20">
    <link targets="event-r20"/>
  </node>
  <a xml:id="event-N66201" label="Not Having" ref="event-n20" as="event">
    <fs>
      <f name="agent" value="Price"/>
      <f name="location" value="from his neck of the woods"/>
      <f name="theme" value="blacks"/>
    </fs>
  </a>
  <node xml:id="event-n21">
    <link targets="event-r21"/>
  </node>
  <a xml:id="event-N66229" label="Having" ref="event-n21" as="event">
    <fs>
      <f name="agent" value="he (Price)"/>
      <f name="theme" value="whole family"/>
      <f name="aim" value="Feeling"/>
    </fs>
  </a>
  <node xml:id="event-n22">
    <link targets="event-r22"/>
  </node>
  <a xml:id="event-N66257" label="Feeling" ref="event-n22" as="event">
    <fs>
      <f name="theme" value="Getting"/>
      <f name="agent" value="him (Price)"/>
    </fs>
  </a>
  <node xml:id="event-n23">
    <link targets="event-r23"/>
  </node>
  <a xml:id="event-N66281" label="Getting" ref="event-n23" as="event">
    <fs>
      <f name="beneficiary" value="he (Price)"/>
      <f name="theme" value="his peers"/>
    </fs>
  </a>
  <node xml:id="event-n24">
    <link targets="event-r24"/>
  </node>
  <a xml:id="event-N66305" label="Not Believing" ref="event-n24" as="event">
    <fs>
      <f name="theme" value="Looking For"/>
      <f name="agent" value="I"/>
    </fs>
  </a>
  <node xml:id="event-n25">
    <link targets="event-r25"/>
  </node>
  <a xml:id="event-N66329" label="Being4" ref="event-n25" as="event">
    <fs>
      <f name="location" value="cave"/>
      <f name="theme" value="you"/>
    </fs>
  </a>
  <node xml:id="event-n26">
    <link targets="event-r26"/>
  </node>
  <a xml:id="event-N66353" label="Not Being Answer" ref="event-n26" as="event">
    <fs>
      <f name="theme" value="Moving"/>
    </fs>
  </a>
  <node xml:id="event-n27">
    <link targets="event-r27"/>
  </node>
  <a xml:id="event-N66373" label="Conversing" ref="event-n27" as="event"/>
  <node xml:id="event-n28">
    <link targets="event-r28"/>
  </node>
  <a xml:id="event-N66385" label="Breaking Up" ref="event-n28" as="event">
    <fs>
      <f name="theme1" value="Conversing"/>
      <f name="time" value="afternoon"/>
    </fs>
  </a>
  <node xml:id="event-n29">
    <link targets="event-r29"/>
  </node>
  <a xml:id="event-N66409" label="Changing" ref="event-n29" as="event">
    <fs>
      <f name="agent" value="I"/>
      <f name="time" value="afternoon"/>
      <f name="theme" value="diapers"/>
    </fs>
  </a>
  <node xml:id="event-n3">
    <link targets="event-r3"/>
  </node>
  <a xml:id="event-N66437" label="Seeing1" ref="event-n3" as="event">
    <fs>
      <f name="theme" value="report"/>
      <f name="agent" value="I"/>
    </fs>
  </a>
  <node xml:id="event-n30">
    <link targets="event-r30"/>
  </node>
  <a xml:id="event-N66461" label="Mopping" ref="event-n30" as="event">
    <fs>
      <f name="agent" value="I"/>
      <f name="time" value="afternoon"/>
      <f name="theme" value="floors"/>
    </fs>
  </a>
  <node xml:id="event-n31">
    <link targets="event-r31"/>
  </node>
  <a xml:id="event-N66489" label="Being5" ref="event-n31" as="event">
    <fs>
      <f name="location" value="home"/>
      <f name="theme" value="I"/>
    </fs>
  </a>
  <node xml:id="event-n32">
    <link targets="event-r32"/>
  </node>
  <a xml:id="event-N66513" label="Working" ref="event-n32" as="event">
    <fs>
      <f name="theme" value="TI"/>
      <f name="agent" value="husband"/>
    </fs>
  </a>
  <node xml:id="event-n33">
    <link targets="event-r33"/>
  </node>
  <a xml:id="event-N66537" label="Being6" ref="event-n33" as="event">
    <fs>
      <f name="location" value="house"/>
      <f name="theme" value="you"/>
    </fs>
  </a>
  <node xml:id="event-n34">
    <link targets="event-r34"/>
  </node>
  <a xml:id="event-N66561" label="Not Being" ref="event-n34" as="event">
    <fs>
      <f name="location" value="plant"/>
      <f name="theme" value="you"/>
    </fs>
  </a>
  <node xml:id="event-n35">
    <link targets="event-r35"/>
  </node>
  <a xml:id="event-N66585" label="Thinking3" ref="event-n35" as="event">
    <fs>
      <f name="theme" value="Hearing"/>
      <f name="agent" value="I"/>
    </fs>
  </a>
  <node xml:id="event-n36">
    <link targets="event-r36"/>
  </node>
  <a xml:id="event-N66609" label="Hearing3" ref="event-n36" as="event">
    <fs>
      <f name="agent" value="I"/>
      <f name="location" value="background"/>
      <f name="theme" value="holler"/>
    </fs>
  </a>
  <node xml:id="event-n37">
    <link targets="event-r37"/>
  </node>
  <a xml:id="event-N66637" label="Hollering" ref="event-n37" as="event"/>
  <node xml:id="event-n38">
    <link targets="event-r38"/>
  </node>
  <a xml:id="event-N66649" label="Waiting" ref="event-n38" as="event">
    <fs>
      <f name="theme" value="dog &amp; 2 kids"/>
    </fs>
  </a>
  <node xml:id="event-n39">
    <link targets="event-r39"/>
  </node>
  <a xml:id="event-N66669" label="Locking Up" ref="event-n39" as="event">
    <fs>
      <f name="location" value="laundry room"/>
      <f name="theme" value="I"/>
    </fs>
  </a>
  <node xml:id="event-n4">
    <link targets="event-r4"/>
  </node>
  <a xml:id="event-N66693" label="Stop Building" ref="event-n4" as="event">
    <fs>
      <f name="theme" value="Taj Mahals (prisons)"/>
      <f name="agent" value="we"/>
    </fs>
  </a>
  <node xml:id="event-n40">
    <link targets="event-r40"/>
  </node>
  <a xml:id="event-N66717" label="Getting" ref="event-n40" as="event">
    <fs>
      <f name="theme" value="you"/>
    </fs>
  </a>
  <node xml:id="event-n41">
    <link targets="event-r41"/>
  </node>
  <a xml:id="event-N66737" label="Enjoying" ref="event-n41" as="event">
    <fs>
      <f name="theme" value="it (conversation)"/>
      <f name="agent" value="I"/>
    </fs>
  </a>
  <node xml:id="event-n5">
    <link targets="event-r5"/>
  </node>
  <a xml:id="event-N66761" label="Screwing Up" ref="event-n5" as="event">
    <fs>
      <f name="theme" value="system"/>
      <f name="agent" value="we"/>
    </fs>
  </a>
  <node xml:id="event-n6">
    <link targets="event-r6"/>
  </node>
  <a xml:id="event-N66785" label="Seeing2" ref="event-n6" as="event">
    <fs>
      <f name="agent" value="I"/>
      <f name="time" value="last night"/>
      <f name="source" value="news"/>
    </fs>
  </a>
  <node xml:id="event-n7">
    <link targets="event-r7"/>
  </node>
  <a xml:id="event-N66813" label="Saying" ref="event-n7" as="event">
    <fs>
      <f name="theme" value="Being1 &amp; Paroling &amp; Being2 &amp; Being3"/>
      <f name="agent" value="they"/>
    </fs>
  </a>
  <node xml:id="event-n8">
    <link targets="event-r8"/>
  </node>
  <a xml:id="event-N66837" label="Spending" ref="event-n8" as="event">
    <fs>
      <f name="agent" value="we"/>
      <f name="cause" value="starving children or 12 million other things"/>
      <f name="theme" value="money"/>
    </fs>
  </a>
  <node xml:id="event-n9">
    <link targets="event-r9"/>
  </node>
  <a xml:id="event-N66865" label="Hearing" ref="event-n9" as="event">
    <fs>
      <f name="time" value="every day"/>
      <f name="source" value="news"/>
      <f name="theme" value="Murdering"/>
    </fs>
  </a>
</graph>
