<graph xmlns="http://www.xces.org/ns/GrAF/1.0/" xmlns:graf="http://www.xces.org/ns/GrAF/1.0/">
  <graphHeader>
    <labelsDecl>
      <labelUsage label="person" occurs="1"/>
      <labelUsage label="date" occurs="2"/>
      <labelUsage label="org" occurs="1"/>
    </labelsDecl>
    <dependencies>
      <dependsOn f.id="f.penn"/>
    </dependencies>
    <annotationSpaces>
      <annotationSpace as.id="anc"/>
    </annotationSpaces>
  </graphHeader>
  <node xml:id="ne-n0"/>
  <a xml:id="ne-N65575" label="date" ref="ne-n0" as="anc">
    <fs>
      <f name="kind" value="date"/>
    </fs>
  </a>
  <node xml:id="ne-n1"/>
  <a xml:id="ne-N65591" label="date" ref="ne-n1" as="anc">
    <fs>
      <f name="kind" value="time"/>
    </fs>
  </a>
  <node xml:id="ne-n2"/>
  <a xml:id="ne-N65607" label="org" ref="ne-n2" as="anc">
    <fs>
      <f name="type" value="religious"/>
    </fs>
  </a>
  <node xml:id="ne-n3"/>
  <a xml:id="ne-N65623" label="person" ref="ne-n3" as="anc">
    <fs>
      <f name="sex" value="male"/>
    </fs>
  </a>
  <edge xml:id="ne-lnk1" from="ne-n0" to="penn-n616"/>
  <edge xml:id="ne-lnk0" from="ne-n0" to="penn-n615"/>
  <edge xml:id="ne-lnk13" from="ne-n3" to="penn-n1315"/>
  <edge xml:id="ne-lnk12" from="ne-n2" to="penn-n671"/>
  <edge xml:id="ne-lnk9" from="ne-n2" to="penn-n668"/>
  <edge xml:id="ne-lnk11" from="ne-n2" to="penn-n670"/>
  <edge xml:id="ne-lnk8" from="ne-n2" to="penn-n667"/>
  <edge xml:id="ne-lnk10" from="ne-n2" to="penn-n669"/>
  <edge xml:id="ne-lnk7" from="ne-n2" to="penn-n666"/>
  <edge xml:id="ne-lnk6" from="ne-n1" to="penn-n627"/>
  <edge xml:id="ne-lnk5" from="ne-n1" to="penn-n626"/>
  <edge xml:id="ne-lnk4" from="ne-n1" to="penn-n625"/>
  <edge xml:id="ne-lnk3" from="ne-n1" to="penn-n624"/>
  <edge xml:id="ne-lnk2" from="ne-n0" to="penn-n617"/>
</graph>
