<?xml version="1.0" encoding="UTF-8"?><graph xmlns="http://www.xces.org/ns/GrAF/1.0/" xmlns:graf="http://www.xces.org/ns/GrAF/1.0/">
    <graphHeader>
        <labelsDecl>
        </labelsDecl>
    </graphHeader>
    <region xml:id="seg-r0" anchors="29 33"/>
    <region xml:id="seg-r2" anchors="34 39"/>
    <region xml:id="seg-r4" anchors="40 44"/>
    <region xml:id="seg-r6" anchors="45 49"/>
    <region xml:id="seg-r8" anchors="50 52"/>
    <region xml:id="seg-r10" anchors="53 54"/>
    <region xml:id="seg-r12" anchors="55 58"/>
    <region xml:id="seg-r14" anchors="59 61"/>
    <region xml:id="seg-r16" anchors="62 65"/>
    <region xml:id="seg-r18" anchors="66 71"/>
    <region xml:id="seg-r20" anchors="72 75"/>
    <region xml:id="seg-r21" anchors="75 78"/>
    <region xml:id="seg-r23" anchors="79 84"/>
    <region xml:id="seg-r25" anchors="85 87"/>
    <region xml:id="seg-r27" anchors="88 91"/>
    <region xml:id="seg-r29" anchors="101 105"/>
    <region xml:id="seg-r31" anchors="106 108"/>
    <region xml:id="seg-r33" anchors="109 110"/>
    <region xml:id="seg-r35" anchors="111 117"/>
    <region xml:id="seg-r37" anchors="118 120"/>
    <region xml:id="seg-r39" anchors="121 125"/>
    <region xml:id="seg-r41" anchors="126 127"/>
    <region xml:id="seg-r43" anchors="128 131"/>
    <region xml:id="seg-r45" anchors="132 140"/>
    <region xml:id="seg-r47" anchors="141 146"/>
    <region xml:id="seg-r49" anchors="147 151"/>
    <region xml:id="seg-r51" anchors="152 155"/>
    <region xml:id="seg-r53" anchors="156 161"/>
    <region xml:id="seg-r55" anchors="162 165"/>
    <region xml:id="seg-r57" anchors="166 169"/>
    <region xml:id="seg-r59" anchors="170 172"/>
    <region xml:id="seg-r61" anchors="176 177"/>
    <region xml:id="seg-r63" anchors="178 184"/>
    <region xml:id="seg-r65" anchors="185 187"/>
    <region xml:id="seg-r66" anchors="187 190"/>
    <region xml:id="seg-r68" anchors="191 195"/>
    <region xml:id="seg-r70" anchors="196 199"/>
    <region xml:id="seg-r72" anchors="200 206"/>
    <region xml:id="seg-r74" anchors="207 209"/>
    <region xml:id="seg-r76" anchors="231 232"/>
    <region xml:id="seg-r78" anchors="233 238"/>
    <region xml:id="seg-r80" anchors="239 243"/>
    <region xml:id="seg-r82" anchors="244 246"/>
    <region xml:id="seg-r84" anchors="247 251"/>
    <region xml:id="seg-r86" anchors="252 254"/>
    <region xml:id="seg-r88" anchors="255 257"/>
    <region xml:id="seg-r90" anchors="258 263"/>
    <region xml:id="seg-r92" anchors="264 269"/>
    <region xml:id="seg-r94" anchors="270 279"/>
    <region xml:id="seg-r96" anchors="280 282"/>
    <region xml:id="seg-r98" anchors="283 286"/>
    <region xml:id="seg-r100" anchors="287 290"/>
    <region xml:id="seg-r102" anchors="291 293"/>
    <region xml:id="seg-r104" anchors="294 296"/>
    <region xml:id="seg-r106" anchors="297 299"/>
    <region xml:id="seg-r108" anchors="300 304"/>
    <region xml:id="seg-r110" anchors="305 307"/>
    <region xml:id="seg-r112" anchors="308 309"/>
    <region xml:id="seg-r114" anchors="310 316"/>
    <region xml:id="seg-r116" anchors="317 320"/>
    <region xml:id="seg-r118" anchors="321 324"/>
    <region xml:id="seg-r120" anchors="325 328"/>
    <region xml:id="seg-r122" anchors="329 332"/>
    <region xml:id="seg-r124" anchors="333 336"/>
    <region xml:id="seg-r126" anchors="337 340"/>
    <region xml:id="seg-r128" anchors="341 345"/>
    <region xml:id="seg-r130" anchors="346 347"/>
    <region xml:id="seg-r132" anchors="348 354"/>
    <region xml:id="seg-r134" anchors="355 359"/>
    <region xml:id="seg-r136" anchors="363 369"/>
    <region xml:id="seg-r138" anchors="370 373"/>
    <region xml:id="seg-r140" anchors="374 377"/>
    <region xml:id="seg-r142" anchors="378 380"/>
    <region xml:id="seg-r144" anchors="390 391"/>
    <region xml:id="seg-r145" anchors="391 394"/>
    <region xml:id="seg-r147" anchors="404 405"/>
    <region xml:id="seg-r148" anchors="405 413"/>
    <region xml:id="seg-r150" anchors="414 418"/>
    <region xml:id="seg-r152" anchors="419 424"/>
    <region xml:id="seg-r154" anchors="425 428"/>
    <region xml:id="seg-r156" anchors="429 430"/>
    <region xml:id="seg-r158" anchors="431 435"/>
    <region xml:id="seg-r160" anchors="436 438"/>
    <region xml:id="seg-r162" anchors="439 448"/>
    <region xml:id="seg-r164" anchors="449 452"/>
    <region xml:id="seg-r166" anchors="453 456"/>
    <region xml:id="seg-r168" anchors="457 461"/>
    <region xml:id="seg-r170" anchors="462 469"/>
    <region xml:id="seg-r172" anchors="470 473"/>
    <region xml:id="seg-r174" anchors="474 480"/>
    <region xml:id="seg-r176" anchors="490 492"/>
    <region xml:id="seg-r178" anchors="493 496"/>
    <region xml:id="seg-r180" anchors="497 499"/>
    <region xml:id="seg-r182" anchors="500 504"/>
    <region xml:id="seg-r184" anchors="505 506"/>
    <region xml:id="seg-r186" anchors="507 510"/>
    <region xml:id="seg-r188" anchors="511 513"/>
    <region xml:id="seg-r190" anchors="514 518"/>
    <region xml:id="seg-r192" anchors="519 524"/>
    <region xml:id="seg-r194" anchors="540 544"/>
    <region xml:id="seg-r196" anchors="545 549"/>
    <region xml:id="seg-r198" anchors="550 554"/>
    <region xml:id="seg-r200" anchors="555 556"/>
    <region xml:id="seg-r202" anchors="557 561"/>
    <region xml:id="seg-r204" anchors="562 563"/>
    <region xml:id="seg-r206" anchors="564 568"/>
    <region xml:id="seg-r208" anchors="569 573"/>
    <region xml:id="seg-r210" anchors="574 576"/>
    <region xml:id="seg-r212" anchors="577 582"/>
    <region xml:id="seg-r214" anchors="583 589"/>
    <region xml:id="seg-r216" anchors="590 594"/>
    <region xml:id="seg-r218" anchors="595 599"/>
    <region xml:id="seg-r220" anchors="600 602"/>
    <region xml:id="seg-r222" anchors="603 609"/>
    <region xml:id="seg-r224" anchors="610 615"/>
    <region xml:id="seg-r226" anchors="625 629"/>
    <region xml:id="seg-r228" anchors="630 634"/>
    <region xml:id="seg-r230" anchors="635 637"/>
    <region xml:id="seg-r232" anchors="638 640"/>
    <region xml:id="seg-r234" anchors="644 650"/>
    <region xml:id="seg-r236" anchors="651 654"/>
    <region xml:id="seg-r238" anchors="655 658"/>
    <region xml:id="seg-r240" anchors="659 664"/>
    <region xml:id="seg-r242" anchors="665 667"/>
    <region xml:id="seg-r244" anchors="668 676"/>
    <region xml:id="seg-r246" anchors="677 680"/>
    <region xml:id="seg-r248" anchors="681 685"/>
    <region xml:id="seg-r250" anchors="686 690"/>
    <region xml:id="seg-r252" anchors="691 693"/>
    <region xml:id="seg-r254" anchors="694 697"/>
    <region xml:id="seg-r256" anchors="698 702"/>
    <region xml:id="seg-r258" anchors="703 712"/>
    <region xml:id="seg-r260" anchors="713 718"/>
    <region xml:id="seg-r262" anchors="719 722"/>
    <region xml:id="seg-r264" anchors="723 728"/>
    <region xml:id="seg-r266" anchors="729 732"/>
    <region xml:id="seg-r268" anchors="736 740"/>
    <region xml:id="seg-r270" anchors="741 745"/>
    <region xml:id="seg-r272" anchors="746 748"/>
    <region xml:id="seg-r274" anchors="749 752"/>
    <region xml:id="seg-r276" anchors="753 757"/>
    <region xml:id="seg-r278" anchors="758 762"/>
    <region xml:id="seg-r280" anchors="763 766"/>
    <region xml:id="seg-r282" anchors="767 771"/>
    <region xml:id="seg-r284" anchors="772 781"/>
    <region xml:id="seg-r286" anchors="791 792"/>
    <region xml:id="seg-r287" anchors="792 800"/>
    <region xml:id="seg-r289" anchors="810 811"/>
    <region xml:id="seg-r290" anchors="811 814"/>
    <region xml:id="seg-r292" anchors="815 819"/>
    <region xml:id="seg-r294" anchors="820 824"/>
    <region xml:id="seg-r296" anchors="825 828"/>
    <region xml:id="seg-r298" anchors="829 833"/>
    <region xml:id="seg-r300" anchors="834 839"/>
    <region xml:id="seg-r302" anchors="840 842"/>
    <region xml:id="seg-r304" anchors="843 848"/>
    <region xml:id="seg-r306" anchors="849 859"/>
    <region xml:id="seg-r308" anchors="860 862"/>
    <region xml:id="seg-r310" anchors="863 866"/>
    <region xml:id="seg-r312" anchors="867 874"/>
    <region xml:id="seg-r314" anchors="875 877"/>
    <region xml:id="seg-r316" anchors="878 881"/>
    <region xml:id="seg-r318" anchors="882 887"/>
    <region xml:id="seg-r320" anchors="897 899"/>
    <region xml:id="seg-r322" anchors="900 904"/>
    <region xml:id="seg-r324" anchors="905 907"/>
    <region xml:id="seg-r326" anchors="908 914"/>
    <region xml:id="seg-r328" anchors="915 916"/>
    <region xml:id="seg-r330" anchors="917 922"/>
    <region xml:id="seg-r332" anchors="923 925"/>
    <region xml:id="seg-r334" anchors="926 931"/>
    <region xml:id="seg-r336" anchors="932 934"/>
    <region xml:id="seg-r338" anchors="935 941"/>
    <region xml:id="seg-r340" anchors="942 945"/>
    <region xml:id="seg-r342" anchors="946 949"/>
    <region xml:id="seg-r344" anchors="950 963"/>
    <region xml:id="seg-r346" anchors="967 970"/>
    <region xml:id="seg-r348" anchors="980 982"/>
    <region xml:id="seg-r350" anchors="983 985"/>
    <region xml:id="seg-r352" anchors="986 989"/>
    <region xml:id="seg-r354" anchors="990 992"/>
    <region xml:id="seg-r356" anchors="993 998"/>
    <region xml:id="seg-r358" anchors="999 1005"/>
    <region xml:id="seg-r360" anchors="1006 1008"/>
    <region xml:id="seg-r361" anchors="1008 1011"/>
    <region xml:id="seg-r363" anchors="1012 1016"/>
    <region xml:id="seg-r365" anchors="1017 1019"/>
    <region xml:id="seg-r367" anchors="1020 1024"/>
    <region xml:id="seg-r369" anchors="1025 1028"/>
    <region xml:id="seg-r371" anchors="1029 1033"/>
    <region xml:id="seg-r373" anchors="1034 1041"/>
    <region xml:id="seg-r375" anchors="1051 1055"/>
    <region xml:id="seg-r377" anchors="1065 1069"/>
    <region xml:id="seg-r379" anchors="1070 1074"/>
    <region xml:id="seg-r380" anchors="1074 1076"/>
    <region xml:id="seg-r382" anchors="1077 1081"/>
    <region xml:id="seg-r383" anchors="1081 1083"/>
    <region xml:id="seg-r385" anchors="1084 1085"/>
    <region xml:id="seg-r387" anchors="1086 1089"/>
    <region xml:id="seg-r389" anchors="1090 1093"/>
    <region xml:id="seg-r391" anchors="1094 1096"/>
    <region xml:id="seg-r393" anchors="1097 1099"/>
    <region xml:id="seg-r395" anchors="1100 1104"/>
    <region xml:id="seg-r397" anchors="1105 1108"/>
    <region xml:id="seg-r399" anchors="1109 1111"/>
    <region xml:id="seg-r401" anchors="1112 1114"/>
    <region xml:id="seg-r403" anchors="1124 1125"/>
    <region xml:id="seg-r404" anchors="1125 1128"/>
    <region xml:id="seg-r406" anchors="1138 1139"/>
    <region xml:id="seg-r408" anchors="1140 1144"/>
    <region xml:id="seg-r410" anchors="1145 1156"/>
    <region xml:id="seg-r412" anchors="1157 1160"/>
    <region xml:id="seg-r414" anchors="1161 1163"/>
    <region xml:id="seg-r416" anchors="1164 1167"/>
    <region xml:id="seg-r418" anchors="1168 1172"/>
    <region xml:id="seg-r420" anchors="1173 1175"/>
    <region xml:id="seg-r422" anchors="1176 1182"/>
    <region xml:id="seg-r424" anchors="1183 1187"/>
    <region xml:id="seg-r426" anchors="1188 1194"/>
    <region xml:id="seg-r428" anchors="1198 1200"/>
    <region xml:id="seg-r430" anchors="1201 1204"/>
    <region xml:id="seg-r432" anchors="1205 1206"/>
    <region xml:id="seg-r434" anchors="1207 1212"/>
    <region xml:id="seg-r436" anchors="1213 1217"/>
    <region xml:id="seg-r438" anchors="1218 1220"/>
    <region xml:id="seg-r440" anchors="1221 1225"/>
    <region xml:id="seg-r442" anchors="1226 1228"/>
    <region xml:id="seg-r444" anchors="1229 1232"/>
    <region xml:id="seg-r446" anchors="1233 1241"/>
    <region xml:id="seg-r448" anchors="1251 1255"/>
    <region xml:id="seg-r450" anchors="1265 1268"/>
    <region xml:id="seg-r452" anchors="1269 1272"/>
    <region xml:id="seg-r454" anchors="1273 1277"/>
    <region xml:id="seg-r456" anchors="1278 1279"/>
    <region xml:id="seg-r457" anchors="1279 1281"/>
    <region xml:id="seg-r459" anchors="1282 1285"/>
    <region xml:id="seg-r461" anchors="1286 1288"/>
    <region xml:id="seg-r463" anchors="1289 1296"/>
    <region xml:id="seg-r465" anchors="1297 1301"/>
    <region xml:id="seg-r467" anchors="1302 1304"/>
    <region xml:id="seg-r469" anchors="1305 1307"/>
    <region xml:id="seg-r471" anchors="1308 1312"/>
    <region xml:id="seg-r473" anchors="1313 1317"/>
    <region xml:id="seg-r475" anchors="1318 1319"/>
    <region xml:id="seg-r477" anchors="1320 1325"/>
    <region xml:id="seg-r478" anchors="1325 1328"/>
    <region xml:id="seg-r480" anchors="1329 1332"/>
    <region xml:id="seg-r482" anchors="1333 1342"/>
    <region xml:id="seg-r484" anchors="1343 1347"/>
    <region xml:id="seg-r486" anchors="1348 1351"/>
    <region xml:id="seg-r488" anchors="1352 1357"/>
    <region xml:id="seg-r490" anchors="1358 1361"/>
    <region xml:id="seg-r492" anchors="1371 1375"/>
    <region xml:id="seg-r494" anchors="1376 1378"/>
    <region xml:id="seg-r496" anchors="1379 1382"/>
    <region xml:id="seg-r498" anchors="1383 1387"/>
    <region xml:id="seg-r500" anchors="1388 1391"/>
    <region xml:id="seg-r502" anchors="1392 1394"/>
    <region xml:id="seg-r504" anchors="1395 1401"/>
    <region xml:id="seg-r506" anchors="1402 1405"/>
    <region xml:id="seg-r508" anchors="1406 1414"/>
    <region xml:id="seg-r510" anchors="1415 1422"/>
    <region xml:id="seg-r512" anchors="1423 1425"/>
    <region xml:id="seg-r514" anchors="1426 1433"/>
    <region xml:id="seg-r516" anchors="1434 1436"/>
    <region xml:id="seg-r518" anchors="1437 1441"/>
    <region xml:id="seg-r520" anchors="1442 1448"/>
    <region xml:id="seg-r522" anchors="1449 1452"/>
    <region xml:id="seg-r524" anchors="1453 1457"/>
    <region xml:id="seg-r526" anchors="1458 1461"/>
    <region xml:id="seg-r528" anchors="1462 1466"/>
    <region xml:id="seg-r530" anchors="1467 1475"/>
    <region xml:id="seg-r532" anchors="1476 1481"/>
    <region xml:id="seg-r534" anchors="1482 1486"/>
    <region xml:id="seg-r536" anchors="1487 1489"/>
    <region xml:id="seg-r538" anchors="1493 1500"/>
    <region xml:id="seg-r540" anchors="1501 1507"/>
    <region xml:id="seg-r542" anchors="1508 1513"/>
    <region xml:id="seg-r544" anchors="1514 1517"/>
    <region xml:id="seg-r546" anchors="1518 1521"/>
    <region xml:id="seg-r548" anchors="1522 1524"/>
    <region xml:id="seg-r550" anchors="1525 1529"/>
    <region xml:id="seg-r551" anchors="1529 1532"/>
    <region xml:id="seg-r553" anchors="1533 1537"/>
    <region xml:id="seg-r555" anchors="1538 1542"/>
    <region xml:id="seg-r557" anchors="1543 1546"/>
    <region xml:id="seg-r559" anchors="1547 1554"/>
    <region xml:id="seg-r561" anchors="1555 1557"/>
    <region xml:id="seg-r563" anchors="1558 1563"/>
    <region xml:id="seg-r565" anchors="1564 1566"/>
    <region xml:id="seg-r567" anchors="1567 1571"/>
    <region xml:id="seg-r569" anchors="1572 1574"/>
    <region xml:id="seg-r571" anchors="1575 1576"/>
    <region xml:id="seg-r573" anchors="1577 1585"/>
    <region xml:id="seg-r575" anchors="1586 1588"/>
    <region xml:id="seg-r577" anchors="1589 1591"/>
    <region xml:id="seg-r579" anchors="1592 1594"/>
    <region xml:id="seg-r581" anchors="1604 1605"/>
    <region xml:id="seg-r582" anchors="1605 1606"/>
    <region xml:id="seg-r584" anchors="1607 1613"/>
    <region xml:id="seg-r586" anchors="1623 1624"/>
    <region xml:id="seg-r587" anchors="1624 1630"/>
    <region xml:id="seg-r589" anchors="1631 1638"/>
    <region xml:id="seg-r591" anchors="1639 1645"/>
    <region xml:id="seg-r593" anchors="1646 1651"/>
    <region xml:id="seg-r595" anchors="1652 1658"/>
    <region xml:id="seg-r597" anchors="1659 1663"/>
    <region xml:id="seg-r599" anchors="1664 1666"/>
    <region xml:id="seg-r601" anchors="1667 1670"/>
    <region xml:id="seg-r603" anchors="1671 1676"/>
    <region xml:id="seg-r605" anchors="1677 1681"/>
    <region xml:id="seg-r607" anchors="1682 1686"/>
    <region xml:id="seg-r609" anchors="1687 1689"/>
    <region xml:id="seg-r611" anchors="1690 1695"/>
    <region xml:id="seg-r613" anchors="1696 1698"/>
    <region xml:id="seg-r615" anchors="1699 1703"/>
    <region xml:id="seg-r617" anchors="1704 1706"/>
    <region xml:id="seg-r619" anchors="1707 1710"/>
    <region xml:id="seg-r620" anchors="1710 1713"/>
    <region xml:id="seg-r622" anchors="1714 1718"/>
    <region xml:id="seg-r624" anchors="1719 1723"/>
    <region xml:id="seg-r626" anchors="1724 1726"/>
    <region xml:id="seg-r628" anchors="1727 1733"/>
    <region xml:id="seg-r630" anchors="1734 1738"/>
    <region xml:id="seg-r632" anchors="1739 1742"/>
    <region xml:id="seg-r634" anchors="1743 1745"/>
    <region xml:id="seg-r636" anchors="1746 1749"/>
    <region xml:id="seg-r638" anchors="1750 1752"/>
    <region xml:id="seg-r640" anchors="1753 1754"/>
    <region xml:id="seg-r642" anchors="1755 1758"/>
    <region xml:id="seg-r644" anchors="1759 1763"/>
    <region xml:id="seg-r646" anchors="1764 1768"/>
    <region xml:id="seg-r648" anchors="1769 1772"/>
    <region xml:id="seg-r650" anchors="1773 1777"/>
    <region xml:id="seg-r652" anchors="1778 1781"/>
    <region xml:id="seg-r654" anchors="1791 1797"/>
    <region xml:id="seg-r656" anchors="1807 1810"/>
    <region xml:id="seg-r658" anchors="1811 1815"/>
    <region xml:id="seg-r660" anchors="1816 1818"/>
    <region xml:id="seg-r662" anchors="1819 1825"/>
    <region xml:id="seg-r664" anchors="1826 1829"/>
    <region xml:id="seg-r666" anchors="1830 1833"/>
    <region xml:id="seg-r668" anchors="1834 1837"/>
    <region xml:id="seg-r670" anchors="1838 1841"/>
    <region xml:id="seg-r672" anchors="1842 1847"/>
    <region xml:id="seg-r674" anchors="1849 1851"/>
    <region xml:id="seg-r676" anchors="1852 1856"/>
    <region xml:id="seg-r678" anchors="1857 1861"/>
    <region xml:id="seg-r680" anchors="1862 1866"/>
    <region xml:id="seg-r682" anchors="1867 1872"/>
    <region xml:id="seg-r684" anchors="1873 1876"/>
    <region xml:id="seg-r686" anchors="1877 1882"/>
    <region xml:id="seg-r688" anchors="1883 1885"/>
    <region xml:id="seg-r690" anchors="1886 1889"/>
    <region xml:id="seg-r692" anchors="1890 1892"/>
    <region xml:id="seg-r694" anchors="1893 1900"/>
    <region xml:id="seg-r696" anchors="1901 1904"/>
    <region xml:id="seg-r698" anchors="1905 1911"/>
    <region xml:id="seg-r700" anchors="1921 1923"/>
    <region xml:id="seg-r702" anchors="1933 1936"/>
    <region xml:id="seg-r704" anchors="1937 1941"/>
    <region xml:id="seg-r706" anchors="1942 1946"/>
    <region xml:id="seg-r708" anchors="1947 1951"/>
    <region xml:id="seg-r710" anchors="1952 1956"/>
    <region xml:id="seg-r712" anchors="1957 1960"/>
    <region xml:id="seg-r714" anchors="1961 1965"/>
    <region xml:id="seg-r716" anchors="1966 1974"/>
    <region xml:id="seg-r718" anchors="1975 1978"/>
    <region xml:id="seg-r720" anchors="1979 1989"/>
    <region xml:id="seg-r722" anchors="1990 1993"/>
    <region xml:id="seg-r724" anchors="1994 1995"/>
    <region xml:id="seg-r726" anchors="1996 2000"/>
    <region xml:id="seg-r728" anchors="2001 2006"/>
    <region xml:id="seg-r730" anchors="2007 2011"/>
    <region xml:id="seg-r732" anchors="2015 2020"/>
    <region xml:id="seg-r734" anchors="2021 2025"/>
    <region xml:id="seg-r736" anchors="2026 2029"/>
    <region xml:id="seg-r738" anchors="2030 2040"/>
    <region xml:id="seg-r740" anchors="2041 2044"/>
    <region xml:id="seg-r742" anchors="2045 2049"/>
    <region xml:id="seg-r744" anchors="2050 2052"/>
    <region xml:id="seg-r746" anchors="2053 2057"/>
    <region xml:id="seg-r748" anchors="2058 2062"/>
    <region xml:id="seg-r750" anchors="2063 2066"/>
    <region xml:id="seg-r752" anchors="2067 2068"/>
    <region xml:id="seg-r754" anchors="2069 2074"/>
    <region xml:id="seg-r756" anchors="2075 2082"/>
    <region xml:id="seg-r758" anchors="2083 2084"/>
    <region xml:id="seg-r760" anchors="2085 2091"/>
    <region xml:id="seg-r762" anchors="2092 2095"/>
    <region xml:id="seg-r764" anchors="2096 2106"/>
    <region xml:id="seg-r766" anchors="2116 2120"/>
    <region xml:id="seg-r768" anchors="2124 2128"/>
    <region xml:id="seg-r770" anchors="2132 2136"/>
    <region xml:id="seg-r772" anchors="2137 2138"/>
    <region xml:id="seg-r774" anchors="2139 2144"/>
    <region xml:id="seg-r775" anchors="2144 2147"/>
    <region xml:id="seg-r777" anchors="2148 2152"/>
    <region xml:id="seg-r779" anchors="2153 2160"/>
    <region xml:id="seg-r781" anchors="2161 2163"/>
    <region xml:id="seg-r783" anchors="2164 2170"/>
    <region xml:id="seg-r785" anchors="2180 2184"/>
    <region xml:id="seg-r787" anchors="2185 2187"/>
    <region xml:id="seg-r789" anchors="2188 2192"/>
    <region xml:id="seg-r791" anchors="2193 2196"/>
    <region xml:id="seg-r793" anchors="2197 2201"/>
    <region xml:id="seg-r795" anchors="2202 2205"/>
    <region xml:id="seg-r797" anchors="2206 2210"/>
    <region xml:id="seg-r799" anchors="2211 2213"/>
    <region xml:id="seg-r801" anchors="2214 2215"/>
    <region xml:id="seg-r803" anchors="2216 2221"/>
    <region xml:id="seg-r805" anchors="2231 2233"/>
    <region xml:id="seg-r807" anchors="2255 2257"/>
    <region xml:id="seg-r809" anchors="2258 2262"/>
    <region xml:id="seg-r811" anchors="2263 2264"/>
    <region xml:id="seg-r813" anchors="2265 2266"/>
    <region xml:id="seg-r815" anchors="2267 2272"/>
    <region xml:id="seg-r817" anchors="2273 2278"/>
    <region xml:id="seg-r818" anchors="2278 2280"/>
    <region xml:id="seg-r820" anchors="2281 2282"/>
    <region xml:id="seg-r822" anchors="2283 2286"/>
    <region xml:id="seg-r824" anchors="2287 2289"/>
    <region xml:id="seg-r826" anchors="2290 2292"/>
    <region xml:id="seg-r828" anchors="2293 2298"/>
    <region xml:id="seg-r830" anchors="2299 2304"/>
    <region xml:id="seg-r832" anchors="2305 2309"/>
    <region xml:id="seg-r834" anchors="2310 2313"/>
    <region xml:id="seg-r835" anchors="2313 2314"/>
    <region xml:id="seg-r836" anchors="2314 2316"/>
    <region xml:id="seg-r838" anchors="2317 2323"/>
    <region xml:id="seg-r840" anchors="2324 2326"/>
    <region xml:id="seg-r842" anchors="2327 2331"/>
    <region xml:id="seg-r844" anchors="2332 2336"/>
    <region xml:id="seg-r846" anchors="2337 2345"/>
    <region xml:id="seg-r848" anchors="2355 2359"/>
    <region xml:id="seg-r850" anchors="2360 2363"/>
    <region xml:id="seg-r852" anchors="2364 2368"/>
    <region xml:id="seg-r854" anchors="2369 2372"/>
    <region xml:id="seg-r856" anchors="2373 2377"/>
    <region xml:id="seg-r858" anchors="2378 2386"/>
    <region xml:id="seg-r860" anchors="2387 2390"/>
    <region xml:id="seg-r862" anchors="2391 2395"/>
    <region xml:id="seg-r864" anchors="2396 2399"/>
    <region xml:id="seg-r866" anchors="2400 2405"/>
    <region xml:id="seg-r868" anchors="2406 2408"/>
    <region xml:id="seg-r870" anchors="2409 2410"/>
    <region xml:id="seg-r872" anchors="2411 2414"/>
    <region xml:id="seg-r874" anchors="2415 2417"/>
    <region xml:id="seg-r876" anchors="2418 2423"/>
    <region xml:id="seg-r878" anchors="2424 2428"/>
    <region xml:id="seg-r880" anchors="2429 2435"/>
    <region xml:id="seg-r882" anchors="2436 2440"/>
    <region xml:id="seg-r884" anchors="2441 2445"/>
    <region xml:id="seg-r885" anchors="2445 2448"/>
    <region xml:id="seg-r887" anchors="2449 2455"/>
    <region xml:id="seg-r889" anchors="2456 2462"/>
    <region xml:id="seg-r891" anchors="2463 2467"/>
    <region xml:id="seg-r893" anchors="2468 2472"/>
    <region xml:id="seg-r895" anchors="2473 2479"/>
    <region xml:id="seg-r897" anchors="2480 2484"/>
    <region xml:id="seg-r898" anchors="2484 2487"/>
    <region xml:id="seg-r900" anchors="2488 2492"/>
    <region xml:id="seg-r902" anchors="2493 2497"/>
    <region xml:id="seg-r904" anchors="2498 2507"/>
    <region xml:id="seg-r906" anchors="2508 2512"/>
    <region xml:id="seg-r908" anchors="2513 2517"/>
    <region xml:id="seg-r910" anchors="2518 2520"/>
    <region xml:id="seg-r912" anchors="2524 2526"/>
    <region xml:id="seg-r914" anchors="2527 2528"/>
    <region xml:id="seg-r916" anchors="2529 2537"/>
    <region xml:id="seg-r918" anchors="2538 2542"/>
    <region xml:id="seg-r920" anchors="2543 2547"/>
    <region xml:id="seg-r922" anchors="2548 2550"/>
    <region xml:id="seg-r923" anchors="2550 2553"/>
    <region xml:id="seg-r925" anchors="2554 2558"/>
    <region xml:id="seg-r927" anchors="2559 2562"/>
    <region xml:id="seg-r929" anchors="2563 2570"/>
    <region xml:id="seg-r931" anchors="2571 2573"/>
    <region xml:id="seg-r933" anchors="2574 2582"/>
    <region xml:id="seg-r935" anchors="2583 2587"/>
    <region xml:id="seg-r937" anchors="2588 2590"/>
    <region xml:id="seg-r939" anchors="2591 2597"/>
    <region xml:id="seg-r941" anchors="2598 2602"/>
    <region xml:id="seg-r943" anchors="2603 2607"/>
    <region xml:id="seg-r945" anchors="2608 2612"/>
    <region xml:id="seg-r947" anchors="2613 2618"/>
    <region xml:id="seg-r949" anchors="2619 2621"/>
    <region xml:id="seg-r951" anchors="2622 2627"/>
    <region xml:id="seg-r953" anchors="2628 2633"/>
    <region xml:id="seg-r955" anchors="2634 2644"/>
    <region xml:id="seg-r957" anchors="2645 2648"/>
    <region xml:id="seg-r959" anchors="2649 2651"/>
    <region xml:id="seg-r961" anchors="2652 2662"/>
    <region xml:id="seg-r963" anchors="2663 2673"/>
    <region xml:id="seg-r965" anchors="2683 2688"/>
    <region xml:id="seg-r967" anchors="2698 2701"/>
    <region xml:id="seg-r969" anchors="2702 2707"/>
    <region xml:id="seg-r971" anchors="2708 2713"/>
    <region xml:id="seg-r973" anchors="2714 2719"/>
    <region xml:id="seg-r975" anchors="2720 2722"/>
    <region xml:id="seg-r977" anchors="2723 2729"/>
    <region xml:id="seg-r979" anchors="2730 2732"/>
    <region xml:id="seg-r981" anchors="2733 2740"/>
    <region xml:id="seg-r983" anchors="2741 2744"/>
    <region xml:id="seg-r985" anchors="2745 2751"/>
    <region xml:id="seg-r987" anchors="2752 2754"/>
    <region xml:id="seg-r989" anchors="2755 2756"/>
    <region xml:id="seg-r991" anchors="2757 2765"/>
    <region xml:id="seg-r993" anchors="2775 2777"/>
    <region xml:id="seg-r995" anchors="2778 2781"/>
    <region xml:id="seg-r997" anchors="2782 2786"/>
    <region xml:id="seg-r999" anchors="2787 2789"/>
    <region xml:id="seg-r1001" anchors="2799 2809"/>
    <region xml:id="seg-r1003" anchors="2810 2813"/>
    <region xml:id="seg-r1005" anchors="2814 2819"/>
    <region xml:id="seg-r1007" anchors="2820 2823"/>
    <region xml:id="seg-r1009" anchors="2824 2829"/>
    <region xml:id="seg-r1011" anchors="2839 2841"/>
    <region xml:id="seg-r1013" anchors="2842 2845"/>
    <region xml:id="seg-r1015" anchors="2846 2848"/>
    <region xml:id="seg-r1017" anchors="2849 2852"/>
    <region xml:id="seg-r1019" anchors="2853 2858"/>
    <region xml:id="seg-r1021" anchors="2859 2863"/>
    <region xml:id="seg-r1023" anchors="2864 2865"/>
    <region xml:id="seg-r1025" anchors="2866 2871"/>
    <region xml:id="seg-r1027" anchors="2872 2875"/>
    <region xml:id="seg-r1029" anchors="2876 2878"/>
    <region xml:id="seg-r1031" anchors="2879 2887"/>
    <region xml:id="seg-r1033" anchors="2888 2891"/>
    <region xml:id="seg-r1035" anchors="2892 2894"/>
    <region xml:id="seg-r1037" anchors="2895 2899"/>
    <region xml:id="seg-r1039" anchors="2900 2902"/>
    <region xml:id="seg-r1041" anchors="2903 2907"/>
    <region xml:id="seg-r1043" anchors="2908 2912"/>
    <region xml:id="seg-r1045" anchors="2913 2918"/>
    <region xml:id="seg-r1047" anchors="2919 2923"/>
    <region xml:id="seg-r1049" anchors="2924 2928"/>
    <region xml:id="seg-r1051" anchors="2929 2931"/>
    <region xml:id="seg-r1053" anchors="2932 2935"/>
    <region xml:id="seg-r1055" anchors="2936 2938"/>
    <region xml:id="seg-r1057" anchors="2939 2944"/>
    <region xml:id="seg-r1059" anchors="2945 2947"/>
    <region xml:id="seg-r1061" anchors="2948 2953"/>
    <region xml:id="seg-r1063" anchors="2954 2955"/>
    <region xml:id="seg-r1065" anchors="2956 2963"/>
    <region xml:id="seg-r1067" anchors="2973 2979"/>
    <region xml:id="seg-r1069" anchors="2980 2982"/>
    <region xml:id="seg-r1071" anchors="2983 2984"/>
    <region xml:id="seg-r1073" anchors="2985 2987"/>
    <region xml:id="seg-r1074" anchors="2987 2990"/>
    <region xml:id="seg-r1076" anchors="2991 2995"/>
    <region xml:id="seg-r1078" anchors="3011 3015"/>
    <region xml:id="seg-r1080" anchors="3016 3017"/>
    <region xml:id="seg-r1081" anchors="3017 3020"/>
    <region xml:id="seg-r1083" anchors="3021 3023"/>
    <region xml:id="seg-r1085" anchors="3024 3030"/>
    <region xml:id="seg-r1087" anchors="3031 3035"/>
    <region xml:id="seg-r1089" anchors="3036 3037"/>
    <region xml:id="seg-r1091" anchors="3038 3044"/>
    <region xml:id="seg-r1093" anchors="3045 3047"/>
    <region xml:id="seg-r1095" anchors="3048 3054"/>
    <region xml:id="seg-r1097" anchors="3055 3058"/>
    <region xml:id="seg-r1099" anchors="3059 3063"/>
    <region xml:id="seg-r1101" anchors="3064 3069"/>
    <region xml:id="seg-r1103" anchors="3070 3072"/>
    <region xml:id="seg-r1105" anchors="3073 3080"/>
    <region xml:id="seg-r1107" anchors="3081 3086"/>
    <region xml:id="seg-r1109" anchors="3087 3089"/>
    <region xml:id="seg-r1111" anchors="3090 3098"/>
    <region xml:id="seg-r1113" anchors="3099 3102"/>
    <region xml:id="seg-r1115" anchors="3112 3118"/>
    <region xml:id="seg-r1117" anchors="3128 3132"/>
    <region xml:id="seg-r1119" anchors="3133 3139"/>
    <region xml:id="seg-r1121" anchors="3140 3144"/>
    <region xml:id="seg-r1123" anchors="3145 3147"/>
    <region xml:id="seg-r1125" anchors="3148 3149"/>
    <region xml:id="seg-r1127" anchors="3150 3153"/>
    <region xml:id="seg-r1129" anchors="3154 3156"/>
    <region xml:id="seg-r1131" anchors="3157 3160"/>
    <region xml:id="seg-r1133" anchors="3161 3165"/>
    <region xml:id="seg-r1135" anchors="3166 3176"/>
    <region xml:id="seg-r1137" anchors="3177 3181"/>
    <region xml:id="seg-r1139" anchors="3182 3186"/>
    <region xml:id="seg-r1141" anchors="3187 3193"/>
    <region xml:id="seg-r1143" anchors="3194 3197"/>
    <region xml:id="seg-r1145" anchors="3198 3203"/>
    <region xml:id="seg-r1147" anchors="3204 3207"/>
    <region xml:id="seg-r1149" anchors="3208 3218"/>
    <region xml:id="seg-r1151" anchors="3219 3221"/>
    <region xml:id="seg-r1153" anchors="3222 3224"/>
    <region xml:id="seg-r1155" anchors="3225 3231"/>
    <region xml:id="seg-r1157" anchors="3232 3241"/>
    <region xml:id="seg-r1159" anchors="3242 3245"/>
    <region xml:id="seg-r1161" anchors="3246 3249"/>
    <region xml:id="seg-r1163" anchors="3250 3254"/>
    <region xml:id="seg-r1165" anchors="3255 3257"/>
    <region xml:id="seg-r1166" anchors="3257 3259"/>
    <region xml:id="seg-r1168" anchors="3260 3262"/>
    <region xml:id="seg-r1169" anchors="3262 3264"/>
    <region xml:id="seg-r1171" anchors="3265 3269"/>
    <region xml:id="seg-r1173" anchors="3270 3272"/>
    <region xml:id="seg-r1175" anchors="3273 3274"/>
    <region xml:id="seg-r1177" anchors="3275 3280"/>
    <region xml:id="seg-r1179" anchors="3281 3284"/>
    <region xml:id="seg-r1181" anchors="3285 3287"/>
    <region xml:id="seg-r1183" anchors="3288 3291"/>
    <region xml:id="seg-r1185" anchors="3292 3296"/>
    <region xml:id="seg-r1187" anchors="3306 3310"/>
    <region xml:id="seg-r1189" anchors="3314 3318"/>
    <region xml:id="seg-r1191" anchors="3319 3323"/>
    <region xml:id="seg-r1193" anchors="3324 3326"/>
    <region xml:id="seg-r1195" anchors="3327 3331"/>
    <region xml:id="seg-r1197" anchors="3332 3337"/>
    <region xml:id="seg-r1199" anchors="3338 3340"/>
    <region xml:id="seg-r1201" anchors="3341 3344"/>
    <region xml:id="seg-r1203" anchors="3345 3348"/>
    <region xml:id="seg-r1205" anchors="3349 3352"/>
    <region xml:id="seg-r1207" anchors="3353 3361"/>
    <region xml:id="seg-r1209" anchors="3362 3367"/>
    <region xml:id="seg-r1211" anchors="3368 3374"/>
    <region xml:id="seg-r1213" anchors="3375 3377"/>
    <region xml:id="seg-r1215" anchors="3378 3382"/>
    <region xml:id="seg-r1217" anchors="3383 3387"/>
    <region xml:id="seg-r1219" anchors="3388 3394"/>
    <region xml:id="seg-r1221" anchors="3395 3398"/>
    <region xml:id="seg-r1223" anchors="3399 3402"/>
    <region xml:id="seg-r1225" anchors="3403 3410"/>
    <region xml:id="seg-r1227" anchors="3411 3413"/>
    <region xml:id="seg-r1229" anchors="3423 3427"/>
    <region xml:id="seg-r1231" anchors="3428 3429"/>
    <region xml:id="seg-r1233" anchors="3430 3434"/>
    <region xml:id="seg-r1234" anchors="3434 3437"/>
    <region xml:id="seg-r1236" anchors="3438 3444"/>
    <region xml:id="seg-r1238" anchors="3445 3451"/>
    <region xml:id="seg-r1240" anchors="3452 3458"/>
    <region xml:id="seg-r1242" anchors="3459 3463"/>
    <region xml:id="seg-r1244" anchors="3464 3467"/>
    <region xml:id="seg-r1246" anchors="3468 3472"/>
    <region xml:id="seg-r1248" anchors="3473 3475"/>
    <region xml:id="seg-r1250" anchors="3476 3478"/>
    <region xml:id="seg-r1252" anchors="3479 3480"/>
    <region xml:id="seg-r1253" anchors="3480 3483"/>
    <region xml:id="seg-r1255" anchors="3484 3490"/>
    <region xml:id="seg-r1257" anchors="3491 3495"/>
    <region xml:id="seg-r1259" anchors="3496 3498"/>
    <region xml:id="seg-r1261" anchors="3499 3504"/>
    <region xml:id="seg-r1263" anchors="3505 3512"/>
    <region xml:id="seg-r1265" anchors="3513 3519"/>
    <region xml:id="seg-r1267" anchors="3520 3521"/>
    <region xml:id="seg-r1269" anchors="3522 3528"/>
    <region xml:id="seg-r1271" anchors="3529 3532"/>
    <region xml:id="seg-r1273" anchors="3533 3539"/>
    <region xml:id="seg-r1275" anchors="3540 3544"/>
    <region xml:id="seg-r1277" anchors="3545 3549"/>
    <region xml:id="seg-r1279" anchors="3550 3552"/>
    <region xml:id="seg-r1281" anchors="3553 3556"/>
    <region xml:id="seg-r1283" anchors="3557 3563"/>
    <region xml:id="seg-r1285" anchors="3564 3567"/>
    <region xml:id="seg-r1287" anchors="3568 3570"/>
    <region xml:id="seg-r1289" anchors="3580 3586"/>
    <region xml:id="seg-r1291" anchors="3596 3598"/>
    <region xml:id="seg-r1293" anchors="3599 3600"/>
    <region xml:id="seg-r1295" anchors="3601 3606"/>
    <region xml:id="seg-r1297" anchors="3607 3608"/>
    <region xml:id="seg-r1299" anchors="3609 3615"/>
    <region xml:id="seg-r1301" anchors="3616 3618"/>
    <region xml:id="seg-r1302" anchors="3618 3621"/>
    <region xml:id="seg-r1304" anchors="3622 3626"/>
    <region xml:id="seg-r1306" anchors="3636 3639"/>
    <region xml:id="seg-r1308" anchors="3640 3644"/>
    <region xml:id="seg-r1310" anchors="3646 3647"/>
    <region xml:id="seg-r1311" anchors="3647 3648"/>
    <region xml:id="seg-r1312" anchors="3648 3650"/>
    <region xml:id="seg-r1314" anchors="3651 3655"/>
    <region xml:id="seg-r1316" anchors="3656 3660"/>
    <region xml:id="seg-r1318" anchors="3661 3663"/>
    <region xml:id="seg-r1320" anchors="3664 3666"/>
    <region xml:id="seg-r1322" anchors="3670 3671"/>
    <region xml:id="seg-r1324" anchors="3672 3677"/>
    <region xml:id="seg-r1326" anchors="3678 3681"/>
    <region xml:id="seg-r1328" anchors="3682 3693"/>
    <region xml:id="seg-r1330" anchors="3694 3697"/>
    <region xml:id="seg-r1332" anchors="3698 3705"/>
    <region xml:id="seg-r1334" anchors="3706 3708"/>
    <region xml:id="seg-r1336" anchors="3709 3711"/>
    <region xml:id="seg-r1338" anchors="3712 3715"/>
    <region xml:id="seg-r1340" anchors="3716 3722"/>
    <region xml:id="seg-r1342" anchors="3723 3734"/>
    <region xml:id="seg-r1344" anchors="3735 3738"/>
    <region xml:id="seg-r1346" anchors="3739 3740"/>
    <region xml:id="seg-r1348" anchors="3741 3745"/>
    <region xml:id="seg-r1350" anchors="3746 3750"/>
    <region xml:id="seg-r1352" anchors="3751 3752"/>
    <region xml:id="seg-r1354" anchors="3753 3756"/>
    <region xml:id="seg-r1356" anchors="3757 3759"/>
    <region xml:id="seg-r1358" anchors="3760 3766"/>
    <region xml:id="seg-r1360" anchors="3767 3768"/>
    <region xml:id="seg-r1361" anchors="3768 3771"/>
    <region xml:id="seg-r1363" anchors="3772 3773"/>
    <region xml:id="seg-r1364" anchors="3773 3776"/>
    <region xml:id="seg-r1366" anchors="3777 3782"/>
    <region xml:id="seg-r1368" anchors="3783 3787"/>
    <region xml:id="seg-r1370" anchors="3788 3792"/>
    <region xml:id="seg-r1372" anchors="3793 3796"/>
    <region xml:id="seg-r1374" anchors="3797 3804"/>
    <region xml:id="seg-r1376" anchors="3805 3809"/>
    <region xml:id="seg-r1378" anchors="3810 3814"/>
    <region xml:id="seg-r1380" anchors="3815 3819"/>
    <region xml:id="seg-r1382" anchors="3820 3829"/>
    <region xml:id="seg-r1384" anchors="3830 3835"/>
    <region xml:id="seg-r1386" anchors="3836 3840"/>
    <region xml:id="seg-r1388" anchors="3841 3845"/>
    <region xml:id="seg-r1390" anchors="3846 3850"/>
    <region xml:id="seg-r1392" anchors="3851 3857"/>
    <region xml:id="seg-r1394" anchors="3858 3861"/>
    <region xml:id="seg-r1396" anchors="3862 3865"/>
    <region xml:id="seg-r1398" anchors="3866 3874"/>
    <region xml:id="seg-r1400" anchors="3875 3877"/>
    <region xml:id="seg-r1402" anchors="3878 3881"/>
    <region xml:id="seg-r1404" anchors="3891 3895"/>
    <region xml:id="seg-r1406" anchors="3899 3903"/>
    <region xml:id="seg-r1408" anchors="3904 3908"/>
    <region xml:id="seg-r1410" anchors="3909 3910"/>
    <region xml:id="seg-r1412" anchors="3911 3916"/>
    <region xml:id="seg-r1414" anchors="3917 3921"/>
    <region xml:id="seg-r1415" anchors="3921 3923"/>
    <region xml:id="seg-r1417" anchors="3933 3934"/>
    <region xml:id="seg-r1419" anchors="3935 3940"/>
    <region xml:id="seg-r1421" anchors="3941 3945"/>
    <region xml:id="seg-r1423" anchors="3946 3950"/>
    <region xml:id="seg-r1425" anchors="3951 3952"/>
    <region xml:id="seg-r1427" anchors="3953 3959"/>
    <region xml:id="seg-r1429" anchors="3960 3964"/>
    <region xml:id="seg-r1431" anchors="3965 3967"/>
    <region xml:id="seg-r1433" anchors="3968 3975"/>
    <region xml:id="seg-r1435" anchors="3985 3991"/>
    <region xml:id="seg-r1437" anchors="3992 3994"/>
    <region xml:id="seg-r1439" anchors="3995 3997"/>
    <region xml:id="seg-r1441" anchors="3998 4006"/>
    <region xml:id="seg-r1443" anchors="4007 4010"/>
    <region xml:id="seg-r1445" anchors="4011 4016"/>
    <region xml:id="seg-r1447" anchors="4017 4020"/>
    <region xml:id="seg-r1449" anchors="4021 4030"/>
    <region xml:id="seg-r1451" anchors="4031 4035"/>
    <region xml:id="seg-r1453" anchors="4036 4039"/>
    <region xml:id="seg-r1455" anchors="4040 4042"/>
    <region xml:id="seg-r1457" anchors="4046 4049"/>
    <region xml:id="seg-r1459" anchors="4050 4054"/>
    <region xml:id="seg-r1461" anchors="4055 4057"/>
    <region xml:id="seg-r1462" anchors="4057 4060"/>
    <region xml:id="seg-r1464" anchors="4061 4064"/>
    <region xml:id="seg-r1466" anchors="4065 4069"/>
    <region xml:id="seg-r1468" anchors="4070 4074"/>
    <region xml:id="seg-r1470" anchors="4075 4079"/>
    <region xml:id="seg-r1472" anchors="4080 4082"/>
    <region xml:id="seg-r1474" anchors="4083 4087"/>
    <region xml:id="seg-r1476" anchors="4088 4091"/>
    <region xml:id="seg-r1478" anchors="4092 4094"/>
    <region xml:id="seg-r1479" anchors="4094 4096"/>
    <region xml:id="seg-r1481" anchors="4097 4100"/>
    <region xml:id="seg-r1483" anchors="4101 4104"/>
    <region xml:id="seg-r1485" anchors="4105 4108"/>
    <region xml:id="seg-r1487" anchors="4109 4112"/>
    <region xml:id="seg-r1489" anchors="4113 4116"/>
    <region xml:id="seg-r1491" anchors="4117 4123"/>
    <region xml:id="seg-r1493" anchors="4124 4127"/>
    <region xml:id="seg-r1495" anchors="4128 4130"/>
    <region xml:id="seg-r1497" anchors="4131 4134"/>
    <region xml:id="seg-r1499" anchors="4135 4142"/>
    <region xml:id="seg-r1501" anchors="4143 4145"/>
    <region xml:id="seg-r1503" anchors="4146 4148"/>
    <region xml:id="seg-r1505" anchors="4152 4158"/>
    <region xml:id="seg-r1507" anchors="4159 4162"/>
    <region xml:id="seg-r1509" anchors="4163 4168"/>
    <region xml:id="seg-r1511" anchors="4169 4172"/>
    <region xml:id="seg-r1513" anchors="4173 4176"/>
    <region xml:id="seg-r1515" anchors="4177 4184"/>
    <region xml:id="seg-r1517" anchors="4185 4186"/>
    <region xml:id="seg-r1519" anchors="4187 4193"/>
    <region xml:id="seg-r1521" anchors="4194 4196"/>
    <region xml:id="seg-r1523" anchors="4197 4201"/>
    <region xml:id="seg-r1525" anchors="4202 4205"/>
    <region xml:id="seg-r1527" anchors="4206 4207"/>
    <region xml:id="seg-r1529" anchors="4208 4214"/>
    <region xml:id="seg-r1531" anchors="4215 4219"/>
    <region xml:id="seg-r1533" anchors="4220 4222"/>
    <region xml:id="seg-r1535" anchors="4223 4227"/>
    <region xml:id="seg-r1537" anchors="4228 4234"/>
    <region xml:id="seg-r1539" anchors="4235 4240"/>
    <region xml:id="seg-r1541" anchors="4241 4244"/>
    <region xml:id="seg-r1543" anchors="4245 4250"/>
    <region xml:id="seg-r1545" anchors="4251 4254"/>
    <region xml:id="seg-r1547" anchors="4255 4260"/>
    <region xml:id="seg-r1549" anchors="4261 4264"/>
    <region xml:id="seg-r1551" anchors="4265 4270"/>
    <region xml:id="seg-r1553" anchors="4271 4274"/>
    <region xml:id="seg-r1555" anchors="4275 4277"/>
    <region xml:id="seg-r1557" anchors="4278 4283"/>
    <region xml:id="seg-r1559" anchors="4284 4287"/>
    <region xml:id="seg-r1561" anchors="4288 4291"/>
    <region xml:id="seg-r1563" anchors="4292 4294"/>
    <region xml:id="seg-r1565" anchors="4295 4298"/>
    <region xml:id="seg-r1567" anchors="4299 4306"/>
    <region xml:id="seg-r1569" anchors="4307 4309"/>
    <region xml:id="seg-r1571" anchors="4310 4312"/>
    <region xml:id="seg-r1573" anchors="4313 4316"/>
    <region xml:id="seg-r1575" anchors="4317 4318"/>
    <region xml:id="seg-r1577" anchors="4319 4322"/>
    <region xml:id="seg-r1579" anchors="4323 4325"/>
    <region xml:id="seg-r1581" anchors="4326 4331"/>
    <region xml:id="seg-r1583" anchors="4332 4334"/>
    <region xml:id="seg-r1585" anchors="4335 4337"/>
    <region xml:id="seg-r1587" anchors="4347 4353"/>
    <region xml:id="seg-r1589" anchors="4363 4366"/>
    <region xml:id="seg-r1591" anchors="4367 4370"/>
    <region xml:id="seg-r1593" anchors="4371 4375"/>
    <region xml:id="seg-r1595" anchors="4376 4378"/>
    <region xml:id="seg-r1597" anchors="4379 4382"/>
    <region xml:id="seg-r1599" anchors="4383 4386"/>
    <region xml:id="seg-r1601" anchors="4387 4391"/>
    <region xml:id="seg-r1603" anchors="4392 4399"/>
    <region xml:id="seg-r1605" anchors="4400 4401"/>
    <region xml:id="seg-r1607" anchors="4402 4407"/>
    <region xml:id="seg-r1609" anchors="4408 4411"/>
    <region xml:id="seg-r1611" anchors="4421 4427"/>
    <region xml:id="seg-r1613" anchors="4437 4440"/>
    <region xml:id="seg-r1615" anchors="4441 4444"/>
    <region xml:id="seg-r1617" anchors="4445 4448"/>
    <region xml:id="seg-r1619" anchors="4449 4453"/>
    <region xml:id="seg-r1621" anchors="4454 4456"/>
    <region xml:id="seg-r1623" anchors="4457 4459"/>
    <region xml:id="seg-r1625" anchors="4460 4464"/>
    <region xml:id="seg-r1627" anchors="4465 4467"/>
    <region xml:id="seg-r1629" anchors="4468 4474"/>
    <region xml:id="seg-r1631" anchors="4475 4482"/>
    <region xml:id="seg-r1633" anchors="4483 4487"/>
    <region xml:id="seg-r1635" anchors="4488 4490"/>
    <region xml:id="seg-r1637" anchors="4500 4504"/>
    <region xml:id="seg-r1639" anchors="4514 4515"/>
    <region xml:id="seg-r1641" anchors="4516 4523"/>
    <region xml:id="seg-r1643" anchors="4524 4528"/>
    <region xml:id="seg-r1645" anchors="4529 4534"/>
    <region xml:id="seg-r1647" anchors="4544 4548"/>
    <region xml:id="seg-r1649" anchors="4549 4553"/>
    <region xml:id="seg-r1651" anchors="4554 4556"/>
    <region xml:id="seg-r1653" anchors="4557 4559"/>
    <region xml:id="seg-r1655" anchors="4560 4566"/>
    <region xml:id="seg-r1657" anchors="4567 4574"/>
    <region xml:id="seg-r1659" anchors="4584 4588"/>
    <region xml:id="seg-r1661" anchors="4598 4600"/>
    <region xml:id="seg-r1663" anchors="4601 4602"/>
    <region xml:id="seg-r1665" anchors="4603 4605"/>
    <region xml:id="seg-r1666" anchors="4605 4608"/>
    <region xml:id="seg-r1668" anchors="4609 4613"/>
    <region xml:id="seg-r1670" anchors="4614 4615"/>
    <region xml:id="seg-r1671" anchors="4615 4617"/>
    <region xml:id="seg-r1673" anchors="4618 4619"/>
    <region xml:id="seg-r1674" anchors="4619 4621"/>
    <region xml:id="seg-r1676" anchors="4622 4625"/>
    <region xml:id="seg-r1678" anchors="4626 4631"/>
    <region xml:id="seg-r1680" anchors="4632 4634"/>
    <region xml:id="seg-r1682" anchors="4635 4638"/>
    <region xml:id="seg-r1684" anchors="4639 4640"/>
    <region xml:id="seg-r1686" anchors="4641 4644"/>
    <region xml:id="seg-r1688" anchors="4645 4648"/>
    <region xml:id="seg-r1690" anchors="4649 4652"/>
    <region xml:id="seg-r1692" anchors="4653 4656"/>
    <region xml:id="seg-r1694" anchors="4657 4658"/>
    <region xml:id="seg-r1696" anchors="4659 4661"/>
    <region xml:id="seg-r1697" anchors="4661 4664"/>
    <region xml:id="seg-r1699" anchors="4665 4669"/>
    <region xml:id="seg-r1701" anchors="4670 4672"/>
    <region xml:id="seg-r1703" anchors="4673 4675"/>
    <region xml:id="seg-r1705" anchors="4676 4679"/>
    <region xml:id="seg-r1707" anchors="4680 4684"/>
    <region xml:id="seg-r1709" anchors="4685 4689"/>
    <region xml:id="seg-r1711" anchors="4690 4691"/>
    <region xml:id="seg-r1712" anchors="4691 4693"/>
    <region xml:id="seg-r1714" anchors="4694 4699"/>
    <region xml:id="seg-r1716" anchors="4700 4702"/>
    <region xml:id="seg-r1718" anchors="4703 4706"/>
    <region xml:id="seg-r1720" anchors="4707 4709"/>
    <region xml:id="seg-r1722" anchors="4713 4715"/>
    <region xml:id="seg-r1724" anchors="4716 4720"/>
    <region xml:id="seg-r1726" anchors="4721 4725"/>
    <region xml:id="seg-r1728" anchors="4726 4732"/>
    <region xml:id="seg-r1730" anchors="4733 4742"/>
    <region xml:id="seg-r1732" anchors="4743 4751"/>
    <region xml:id="seg-r1734" anchors="4752 4754"/>
    <region xml:id="seg-r1736" anchors="4755 4757"/>
    <region xml:id="seg-r1738" anchors="4758 4759"/>
    <region xml:id="seg-r1739" anchors="4759 4761"/>
    <region xml:id="seg-r1741" anchors="4762 4767"/>
    <region xml:id="seg-r1743" anchors="4768 4770"/>
    <region xml:id="seg-r1745" anchors="4771 4773"/>
    <region xml:id="seg-r1747" anchors="4774 4777"/>
    <region xml:id="seg-r1749" anchors="4778 4779"/>
    <region xml:id="seg-r1751" anchors="4780 4786"/>
    <region xml:id="seg-r1753" anchors="4787 4791"/>
    <region xml:id="seg-r1755" anchors="4795 4799"/>
    <region xml:id="seg-r1757" anchors="4800 4801"/>
    <region xml:id="seg-r1759" anchors="4802 4807"/>
    <region xml:id="seg-r1761" anchors="4808 4816"/>
    <region xml:id="seg-r1763" anchors="4817 4819"/>
    <region xml:id="seg-r1765" anchors="4820 4822"/>
    <region xml:id="seg-r1767" anchors="4823 4824"/>
    <region xml:id="seg-r1769" anchors="4825 4834"/>
    <region xml:id="seg-r1771" anchors="4835 4845"/>
    <region xml:id="seg-r1773" anchors="4855 4859"/>
    <region xml:id="seg-r1775" anchors="4881 4885"/>
    <region xml:id="seg-r1777" anchors="4886 4889"/>
    <region xml:id="seg-r1779" anchors="4890 4891"/>
    <region xml:id="seg-r1781" anchors="4892 4897"/>
    <region xml:id="seg-r1783" anchors="4898 4901"/>
    <region xml:id="seg-r1785" anchors="4902 4906"/>
    <region xml:id="seg-r1787" anchors="4907 4910"/>
    <region xml:id="seg-r1789" anchors="4911 4917"/>
    <region xml:id="seg-r1791" anchors="4918 4922"/>
    <region xml:id="seg-r1793" anchors="4923 4925"/>
    <region xml:id="seg-r1795" anchors="4926 4931"/>
    <region xml:id="seg-r1797" anchors="4932 4937"/>
    <region xml:id="seg-r1799" anchors="4938 4944"/>
    <region xml:id="seg-r1801" anchors="4945 4949"/>
    <region xml:id="seg-r1803" anchors="4950 4954"/>
    <region xml:id="seg-r1805" anchors="4955 4958"/>
    <region xml:id="seg-r1807" anchors="4959 4966"/>
    <region xml:id="seg-r1809" anchors="4967 4970"/>
    <region xml:id="seg-r1811" anchors="4971 4976"/>
    <region xml:id="seg-r1813" anchors="4977 4981"/>
    <region xml:id="seg-r1815" anchors="4982 4986"/>
    <region xml:id="seg-r1817" anchors="4987 4990"/>
    <region xml:id="seg-r1819" anchors="4991 4995"/>
    <region xml:id="seg-r1821" anchors="4996 4999"/>
    <region xml:id="seg-r1823" anchors="5009 5011"/>
    <region xml:id="seg-r1825" anchors="5012 5014"/>
    <region xml:id="seg-r1826" anchors="5014 5016"/>
    <region xml:id="seg-r1828" anchors="5017 5021"/>
    <region xml:id="seg-r1830" anchors="5022 5024"/>
    <region xml:id="seg-r1832" anchors="5025 5028"/>
    <region xml:id="seg-r1834" anchors="5029 5032"/>
    <region xml:id="seg-r1836" anchors="5033 5040"/>
    <region xml:id="seg-r1838" anchors="5041 5043"/>
    <region xml:id="seg-r1840" anchors="5044 5048"/>
    <region xml:id="seg-r1842" anchors="5049 5052"/>
    <region xml:id="seg-r1844" anchors="5053 5055"/>
    <region xml:id="seg-r1846" anchors="5056 5060"/>
    <region xml:id="seg-r1848" anchors="5061 5070"/>
    <region xml:id="seg-r1850" anchors="5071 5074"/>
    <region xml:id="seg-r1852" anchors="5075 5082"/>
    <region xml:id="seg-r1854" anchors="5092 5096"/>
    <region xml:id="seg-r1856" anchors="5100 5104"/>
    <region xml:id="seg-r1858" anchors="5105 5109"/>
    <region xml:id="seg-r1859" anchors="5109 5111"/>
    <region xml:id="seg-r1861" anchors="5112 5115"/>
    <region xml:id="seg-r1863" anchors="5116 5118"/>
    <region xml:id="seg-r1865" anchors="5119 5120"/>
    <region xml:id="seg-r1866" anchors="5120 5122"/>
    <region xml:id="seg-r1868" anchors="5123 5126"/>
    <region xml:id="seg-r1870" anchors="5127 5135"/>
    <region xml:id="seg-r1872" anchors="5136 5141"/>
    <region xml:id="seg-r1874" anchors="5142 5145"/>
    <region xml:id="seg-r1876" anchors="5149 5153"/>
    <region xml:id="seg-r1878" anchors="5154 5156"/>
    <region xml:id="seg-r1880" anchors="5157 5160"/>
    <region xml:id="seg-r1882" anchors="5161 5168"/>
    <region xml:id="seg-r1884" anchors="5169 5173"/>
    <region xml:id="seg-r1886" anchors="5183 5189"/>
    <region xml:id="seg-r1888" anchors="5199 5203"/>
    <region xml:id="seg-r1890" anchors="5207 5209"/>
    <region xml:id="seg-r1892" anchors="5210 5216"/>
    <region xml:id="seg-r1894" anchors="5217 5221"/>
    <region xml:id="seg-r1896" anchors="5222 5228"/>
    <region xml:id="seg-r1898" anchors="5238 5239"/>
    <region xml:id="seg-r1900" anchors="5240 5245"/>
    <region xml:id="seg-r1902" anchors="5246 5248"/>
    <region xml:id="seg-r1904" anchors="5258 5262"/>
    <region xml:id="seg-r1906" anchors="5263 5267"/>
    <region xml:id="seg-r1908" anchors="5268 5275"/>
    <region xml:id="seg-r1910" anchors="5276 5278"/>
    <region xml:id="seg-r1912" anchors="5279 5286"/>
    <region xml:id="seg-r1914" anchors="5302 5305"/>
    <region xml:id="seg-r1916" anchors="5306 5312"/>
    <region xml:id="seg-r1918" anchors="5313 5319"/>
    <region xml:id="seg-r1920" anchors="5320 5327"/>
</graph>