<graph xmlns="http://www.xces.org/ns/GrAF/1.0/" xmlns:graf="http://www.xces.org/ns/GrAF/1.0/">
  <graphHeader>
    <labelsDecl>
      <labelUsage label="s" occurs="71"/>
    </labelsDecl>
    <annotationSpaces>
      <annotationSpace as.id="anc"/>
    </annotationSpaces>
  </graphHeader>
  <region xml:id="s-r0" anchors="41 393"/>
  <region xml:id="s-r1" anchors="403 410"/>
  <region xml:id="s-r2" anchors="414 458"/>
  <region xml:id="s-r3" anchors="468 506"/>
  <region xml:id="s-r4" anchors="507 611"/>
  <region xml:id="s-r5" anchors="621 634"/>
  <region xml:id="s-r6" anchors="644 820"/>
  <region xml:id="s-r7" anchors="836 842"/>
  <region xml:id="s-r8" anchors="852 986"/>
  <region xml:id="s-r9" anchors="996 1007"/>
  <region xml:id="s-r10" anchors="1008 1056"/>
  <region xml:id="s-r11" anchors="1057 1106"/>
  <region xml:id="s-r12" anchors="1107 1125"/>
  <region xml:id="s-r13" anchors="1126 1155"/>
  <region xml:id="s-r14" anchors="1165 1278"/>
  <region xml:id="s-r15" anchors="1288 1489"/>
  <region xml:id="s-r16" anchors="1499 1548"/>
  <region xml:id="s-r17" anchors="1558 1564"/>
  <region xml:id="s-r18" anchors="1574 1647"/>
  <region xml:id="s-r19" anchors="1657 1663"/>
  <region xml:id="s-r20" anchors="1673 1732"/>
  <region xml:id="s-r21" anchors="1733 2096"/>
  <region xml:id="s-r22" anchors="2106 2117"/>
  <region xml:id="s-r23" anchors="2118 2278"/>
  <region xml:id="s-r24" anchors="2282 2349"/>
  <region xml:id="s-r25" anchors="2353 2402"/>
  <region xml:id="s-r26" anchors="2406 2416"/>
  <region xml:id="s-r27" anchors="2426 2484"/>
  <region xml:id="s-r28" anchors="2488 2577"/>
  <region xml:id="s-r29" anchors="2587 2593"/>
  <region xml:id="s-r30" anchors="2603 2620"/>
  <region xml:id="s-r31" anchors="2621 2757"/>
  <region xml:id="s-r32" anchors="2767 2780"/>
  <region xml:id="s-r33" anchors="2784 3056"/>
  <region xml:id="s-r34" anchors="3057 3248"/>
  <region xml:id="s-r35" anchors="3252 3293"/>
  <region xml:id="s-r36" anchors="3294 3765"/>
  <region xml:id="s-r37" anchors="3775 3996"/>
  <region xml:id="s-r38" anchors="4006 4012"/>
  <region xml:id="s-r39" anchors="4022 4118"/>
  <region xml:id="s-r40" anchors="4128 4133"/>
  <region xml:id="s-r41" anchors="4137 4262"/>
  <region xml:id="s-r42" anchors="4263 4716"/>
  <region xml:id="s-r43" anchors="4717 4978"/>
  <region xml:id="s-r44" anchors="4988 5182"/>
  <region xml:id="s-r45" anchors="5186 5391"/>
  <region xml:id="s-r46" anchors="5401 5422"/>
  <region xml:id="s-r47" anchors="5423 5534"/>
  <region xml:id="s-r48" anchors="5535 5656"/>
  <region xml:id="s-r49" anchors="5657 5734"/>
  <region xml:id="s-r50" anchors="5738 5749"/>
  <region xml:id="s-r51" anchors="5759 5968"/>
  <region xml:id="s-r52" anchors="5984 5991"/>
  <region xml:id="s-r53" anchors="6001 6038"/>
  <region xml:id="s-r54" anchors="6048 6057"/>
  <region xml:id="s-r55" anchors="6067 6089"/>
  <region xml:id="s-r56" anchors="6099 6137"/>
  <region xml:id="s-r57" anchors="6141 6158"/>
  <region xml:id="s-r58" anchors="6168 6216"/>
  <region xml:id="s-r59" anchors="6226 6636"/>
  <region xml:id="s-r60" anchors="6646 6667"/>
  <region xml:id="s-r61" anchors="6683 6694"/>
  <region xml:id="s-r62" anchors="6695 6722"/>
  <region xml:id="s-r63" anchors="6732 6753"/>
  <region xml:id="s-r64" anchors="6754 6788"/>
  <region xml:id="s-r65" anchors="6798 6810"/>
  <region xml:id="s-r66" anchors="6814 6853"/>
  <region xml:id="s-r67" anchors="6863 6883"/>
  <region xml:id="s-r68" anchors="6884 6894"/>
  <region xml:id="s-r69" anchors="6904 6915"/>
  <region xml:id="s-r70" anchors="6916 6919"/>
  <node xml:id="s-n0">
    <link targets="s-r0"/>
  </node>
  <a xml:id="s-N65849" label="s" ref="s-n0" as="anc">
    <fs>
      <f name="id" value="t3u1"/>
    </fs>
  </a>
  <node xml:id="s-n1">
    <link targets="s-r1"/>
  </node>
  <a xml:id="s-N65869" label="s" ref="s-n1" as="anc">
    <fs>
      <f name="id" value="t3u1.1"/>
    </fs>
  </a>
  <node xml:id="s-n10">
    <link targets="s-r10"/>
  </node>
  <a xml:id="s-N65889" label="s" ref="s-n10" as="anc">
    <fs>
      <f name="id" value="t9u1.2"/>
    </fs>
  </a>
  <node xml:id="s-n11">
    <link targets="s-r11"/>
  </node>
  <a xml:id="s-N65909" label="s" ref="s-n11" as="anc">
    <fs>
      <f name="id" value="t9u1.3"/>
    </fs>
  </a>
  <node xml:id="s-n12">
    <link targets="s-r12"/>
  </node>
  <a xml:id="s-N65929" label="s" ref="s-n12" as="anc">
    <fs>
      <f name="id" value="t9u1.4"/>
    </fs>
  </a>
  <node xml:id="s-n13">
    <link targets="s-r13"/>
  </node>
  <a xml:id="s-N65949" label="s" ref="s-n13" as="anc">
    <fs>
      <f name="id" value="t9u1.5"/>
    </fs>
  </a>
  <node xml:id="s-n14">
    <link targets="s-r14"/>
  </node>
  <a xml:id="s-N65969" label="s" ref="s-n14" as="anc">
    <fs>
      <f name="id" value="t11u1"/>
    </fs>
  </a>
  <node xml:id="s-n15">
    <link targets="s-r15"/>
  </node>
  <a xml:id="s-N65989" label="s" ref="s-n15" as="anc">
    <fs>
      <f name="id" value="t12u1"/>
    </fs>
  </a>
  <node xml:id="s-n16">
    <link targets="s-r16"/>
  </node>
  <a xml:id="s-N66009" label="s" ref="s-n16" as="anc">
    <fs>
      <f name="id" value="t13u1"/>
    </fs>
  </a>
  <node xml:id="s-n17">
    <link targets="s-r17"/>
  </node>
  <a xml:id="s-N66029" label="s" ref="s-n17" as="anc">
    <fs>
      <f name="id" value="t14u1"/>
    </fs>
  </a>
  <node xml:id="s-n18">
    <link targets="s-r18"/>
  </node>
  <a xml:id="s-N66049" label="s" ref="s-n18" as="anc">
    <fs>
      <f name="id" value="t15u1"/>
    </fs>
  </a>
  <node xml:id="s-n19">
    <link targets="s-r19"/>
  </node>
  <a xml:id="s-N66069" label="s" ref="s-n19" as="anc">
    <fs>
      <f name="id" value="t16u1"/>
    </fs>
  </a>
  <node xml:id="s-n2">
    <link targets="s-r2"/>
  </node>
  <a xml:id="s-N66089" label="s" ref="s-n2" as="anc">
    <fs>
      <f name="id" value="t3u1.2"/>
    </fs>
  </a>
  <node xml:id="s-n20">
    <link targets="s-r20"/>
  </node>
  <a xml:id="s-N66109" label="s" ref="s-n20" as="anc">
    <fs>
      <f name="id" value="t16u1.1"/>
    </fs>
  </a>
  <node xml:id="s-n21">
    <link targets="s-r21"/>
  </node>
  <a xml:id="s-N66129" label="s" ref="s-n21" as="anc">
    <fs>
      <f name="id" value="t16u1.2"/>
    </fs>
  </a>
  <node xml:id="s-n22">
    <link targets="s-r22"/>
  </node>
  <a xml:id="s-N66149" label="s" ref="s-n22" as="anc">
    <fs>
      <f name="id" value="t16u1.3"/>
    </fs>
  </a>
  <node xml:id="s-n23">
    <link targets="s-r23"/>
  </node>
  <a xml:id="s-N66169" label="s" ref="s-n23" as="anc">
    <fs>
      <f name="id" value="t16u1.4"/>
    </fs>
  </a>
  <node xml:id="s-n24">
    <link targets="s-r24"/>
  </node>
  <a xml:id="s-N66189" label="s" ref="s-n24" as="anc">
    <fs>
      <f name="id" value="t16u1.5"/>
    </fs>
  </a>
  <node xml:id="s-n25">
    <link targets="s-r25"/>
  </node>
  <a xml:id="s-N66209" label="s" ref="s-n25" as="anc">
    <fs>
      <f name="id" value="t16u1.6"/>
    </fs>
  </a>
  <node xml:id="s-n26">
    <link targets="s-r26"/>
  </node>
  <a xml:id="s-N66229" label="s" ref="s-n26" as="anc">
    <fs>
      <f name="id" value="t16u1.7"/>
    </fs>
  </a>
  <node xml:id="s-n27">
    <link targets="s-r27"/>
  </node>
  <a xml:id="s-N66249" label="s" ref="s-n27" as="anc">
    <fs>
      <f name="id" value="t16u1.8"/>
    </fs>
  </a>
  <node xml:id="s-n28">
    <link targets="s-r28"/>
  </node>
  <a xml:id="s-N66269" label="s" ref="s-n28" as="anc">
    <fs>
      <f name="id" value="t16u1.9"/>
    </fs>
  </a>
  <node xml:id="s-n29">
    <link targets="s-r29"/>
  </node>
  <a xml:id="s-N66289" label="s" ref="s-n29" as="anc">
    <fs>
      <f name="id" value="t20u1"/>
    </fs>
  </a>
  <node xml:id="s-n3">
    <link targets="s-r3"/>
  </node>
  <a xml:id="s-N66309" label="s" ref="s-n3" as="anc">
    <fs>
      <f name="id" value="t3u1.3"/>
    </fs>
  </a>
  <node xml:id="s-n30">
    <link targets="s-r30"/>
  </node>
  <a xml:id="s-N66329" label="s" ref="s-n30" as="anc">
    <fs>
      <f name="id" value="t20u1.1"/>
    </fs>
  </a>
  <node xml:id="s-n31">
    <link targets="s-r31"/>
  </node>
  <a xml:id="s-N66349" label="s" ref="s-n31" as="anc">
    <fs>
      <f name="id" value="t20u1.2"/>
    </fs>
  </a>
  <node xml:id="s-n32">
    <link targets="s-r32"/>
  </node>
  <a xml:id="s-N66369" label="s" ref="s-n32" as="anc">
    <fs>
      <f name="id" value="t20u1.3"/>
    </fs>
  </a>
  <node xml:id="s-n33">
    <link targets="s-r33"/>
  </node>
  <a xml:id="s-N66389" label="s" ref="s-n33" as="anc">
    <fs>
      <f name="id" value="t20u1.4"/>
    </fs>
  </a>
  <node xml:id="s-n34">
    <link targets="s-r34"/>
  </node>
  <a xml:id="s-N66409" label="s" ref="s-n34" as="anc">
    <fs>
      <f name="id" value="t20u1.5"/>
    </fs>
  </a>
  <node xml:id="s-n35">
    <link targets="s-r35"/>
  </node>
  <a xml:id="s-N66429" label="s" ref="s-n35" as="anc">
    <fs>
      <f name="id" value="t20u1.6"/>
    </fs>
  </a>
  <node xml:id="s-n36">
    <link targets="s-r36"/>
  </node>
  <a xml:id="s-N66449" label="s" ref="s-n36" as="anc">
    <fs>
      <f name="id" value="t20u1.7"/>
    </fs>
  </a>
  <node xml:id="s-n37">
    <link targets="s-r37"/>
  </node>
  <a xml:id="s-N66469" label="s" ref="s-n37" as="anc">
    <fs>
      <f name="id" value="t23u1"/>
    </fs>
  </a>
  <node xml:id="s-n38">
    <link targets="s-r38"/>
  </node>
  <a xml:id="s-N66489" label="s" ref="s-n38" as="anc">
    <fs>
      <f name="id" value="t24u1"/>
    </fs>
  </a>
  <node xml:id="s-n39">
    <link targets="s-r39"/>
  </node>
  <a xml:id="s-N66509" label="s" ref="s-n39" as="anc">
    <fs>
      <f name="id" value="t25u1"/>
    </fs>
  </a>
  <node xml:id="s-n4">
    <link targets="s-r4"/>
  </node>
  <a xml:id="s-N66529" label="s" ref="s-n4" as="anc">
    <fs>
      <f name="id" value="t3u1.4"/>
    </fs>
  </a>
  <node xml:id="s-n40">
    <link targets="s-r40"/>
  </node>
  <a xml:id="s-N66549" label="s" ref="s-n40" as="anc">
    <fs>
      <f name="id" value="t25u1.1"/>
    </fs>
  </a>
  <node xml:id="s-n41">
    <link targets="s-r41"/>
  </node>
  <a xml:id="s-N66569" label="s" ref="s-n41" as="anc">
    <fs>
      <f name="id" value="t25u1.2"/>
    </fs>
  </a>
  <node xml:id="s-n42">
    <link targets="s-r42"/>
  </node>
  <a xml:id="s-N66589" label="s" ref="s-n42" as="anc">
    <fs>
      <f name="id" value="t25u1.3"/>
    </fs>
  </a>
  <node xml:id="s-n43">
    <link targets="s-r43"/>
  </node>
  <a xml:id="s-N66609" label="s" ref="s-n43" as="anc">
    <fs>
      <f name="id" value="t25u1.4"/>
    </fs>
  </a>
  <node xml:id="s-n44">
    <link targets="s-r44"/>
  </node>
  <a xml:id="s-N66629" label="s" ref="s-n44" as="anc">
    <fs>
      <f name="id" value="t25u1.5"/>
    </fs>
  </a>
  <node xml:id="s-n45">
    <link targets="s-r45"/>
  </node>
  <a xml:id="s-N66649" label="s" ref="s-n45" as="anc">
    <fs>
      <f name="id" value="t25u1.6"/>
    </fs>
  </a>
  <node xml:id="s-n46">
    <link targets="s-r46"/>
  </node>
  <a xml:id="s-N66669" label="s" ref="s-n46" as="anc">
    <fs>
      <f name="id" value="t25u1.7"/>
    </fs>
  </a>
  <node xml:id="s-n47">
    <link targets="s-r47"/>
  </node>
  <a xml:id="s-N66689" label="s" ref="s-n47" as="anc">
    <fs>
      <f name="id" value="t25u1.8"/>
    </fs>
  </a>
  <node xml:id="s-n48">
    <link targets="s-r48"/>
  </node>
  <a xml:id="s-N66709" label="s" ref="s-n48" as="anc">
    <fs>
      <f name="id" value="t25u1.9"/>
    </fs>
  </a>
  <node xml:id="s-n49">
    <link targets="s-r49"/>
  </node>
  <a xml:id="s-N66729" label="s" ref="s-n49" as="anc">
    <fs>
      <f name="id" value="t25u1.10"/>
    </fs>
  </a>
  <node xml:id="s-n5">
    <link targets="s-r5"/>
  </node>
  <a xml:id="s-N66749" label="s" ref="s-n5" as="anc">
    <fs>
      <f name="id" value="t6u1"/>
    </fs>
  </a>
  <node xml:id="s-n50">
    <link targets="s-r50"/>
  </node>
  <a xml:id="s-N66769" label="s" ref="s-n50" as="anc">
    <fs>
      <f name="id" value="t25u1.11"/>
    </fs>
  </a>
  <node xml:id="s-n51">
    <link targets="s-r51"/>
  </node>
  <a xml:id="s-N66789" label="s" ref="s-n51" as="anc">
    <fs>
      <f name="id" value="t29u1"/>
    </fs>
  </a>
  <node xml:id="s-n52">
    <link targets="s-r52"/>
  </node>
  <a xml:id="s-N66809" label="s" ref="s-n52" as="anc">
    <fs>
      <f name="id" value="t30u1"/>
    </fs>
  </a>
  <node xml:id="s-n53">
    <link targets="s-r53"/>
  </node>
  <a xml:id="s-N66829" label="s" ref="s-n53" as="anc">
    <fs>
      <f name="id" value="t31u1"/>
    </fs>
  </a>
  <node xml:id="s-n54">
    <link targets="s-r54"/>
  </node>
  <a xml:id="s-N66849" label="s" ref="s-n54" as="anc">
    <fs>
      <f name="id" value="t32u1"/>
    </fs>
  </a>
  <node xml:id="s-n55">
    <link targets="s-r55"/>
  </node>
  <a xml:id="s-N66869" label="s" ref="s-n55" as="anc">
    <fs>
      <f name="id" value="t33u1"/>
    </fs>
  </a>
  <node xml:id="s-n56">
    <link targets="s-r56"/>
  </node>
  <a xml:id="s-N66889" label="s" ref="s-n56" as="anc">
    <fs>
      <f name="id" value="t33u1.1"/>
    </fs>
  </a>
  <node xml:id="s-n57">
    <link targets="s-r57"/>
  </node>
  <a xml:id="s-N66909" label="s" ref="s-n57" as="anc">
    <fs>
      <f name="id" value="t33u1.2"/>
    </fs>
  </a>
  <node xml:id="s-n58">
    <link targets="s-r58"/>
  </node>
  <a xml:id="s-N66929" label="s" ref="s-n58" as="anc">
    <fs>
      <f name="id" value="t35u1"/>
    </fs>
  </a>
  <node xml:id="s-n59">
    <link targets="s-r59"/>
  </node>
  <a xml:id="s-N66949" label="s" ref="s-n59" as="anc">
    <fs>
      <f name="id" value="t36u1"/>
    </fs>
  </a>
  <node xml:id="s-n6">
    <link targets="s-r6"/>
  </node>
  <a xml:id="s-N66969" label="s" ref="s-n6" as="anc">
    <fs>
      <f name="id" value="t7u1"/>
    </fs>
  </a>
  <node xml:id="s-n60">
    <link targets="s-r60"/>
  </node>
  <a xml:id="s-N66989" label="s" ref="s-n60" as="anc">
    <fs>
      <f name="id" value="t37u1"/>
    </fs>
  </a>
  <node xml:id="s-n61">
    <link targets="s-r61"/>
  </node>
  <a xml:id="s-N67009" label="s" ref="s-n61" as="anc">
    <fs>
      <f name="id" value="t37u1.1"/>
    </fs>
  </a>
  <node xml:id="s-n62">
    <link targets="s-r62"/>
  </node>
  <a xml:id="s-N67029" label="s" ref="s-n62" as="anc">
    <fs>
      <f name="id" value="t37u1.2"/>
    </fs>
  </a>
  <node xml:id="s-n63">
    <link targets="s-r63"/>
  </node>
  <a xml:id="s-N67049" label="s" ref="s-n63" as="anc">
    <fs>
      <f name="id" value="t37u1.3"/>
    </fs>
  </a>
  <node xml:id="s-n64">
    <link targets="s-r64"/>
  </node>
  <a xml:id="s-N67069" label="s" ref="s-n64" as="anc">
    <fs>
      <f name="id" value="t37u1.4"/>
    </fs>
  </a>
  <node xml:id="s-n65">
    <link targets="s-r65"/>
  </node>
  <a xml:id="s-N67089" label="s" ref="s-n65" as="anc">
    <fs>
      <f name="id" value="t37u1.5"/>
    </fs>
  </a>
  <node xml:id="s-n66">
    <link targets="s-r66"/>
  </node>
  <a xml:id="s-N67109" label="s" ref="s-n66" as="anc">
    <fs>
      <f name="id" value="t37u1.6"/>
    </fs>
  </a>
  <node xml:id="s-n67">
    <link targets="s-r67"/>
  </node>
  <a xml:id="s-N67129" label="s" ref="s-n67" as="anc">
    <fs>
      <f name="id" value="t37u1.7"/>
    </fs>
  </a>
  <node xml:id="s-n68">
    <link targets="s-r68"/>
  </node>
  <a xml:id="s-N67149" label="s" ref="s-n68" as="anc">
    <fs>
      <f name="id" value="t37u1.8"/>
    </fs>
  </a>
  <node xml:id="s-n69">
    <link targets="s-r69"/>
  </node>
  <a xml:id="s-N67169" label="s" ref="s-n69" as="anc">
    <fs>
      <f name="id" value="t37u1.9"/>
    </fs>
  </a>
  <node xml:id="s-n7">
    <link targets="s-r7"/>
  </node>
  <a xml:id="s-N67189" label="s" ref="s-n7" as="anc">
    <fs>
      <f name="id" value="t8u1"/>
    </fs>
  </a>
  <node xml:id="s-n70">
    <link targets="s-r70"/>
  </node>
  <a xml:id="s-N67209" label="s" ref="s-n70" as="anc">
    <fs>
      <f name="id" value="t37u1.10"/>
    </fs>
  </a>
  <node xml:id="s-n8">
    <link targets="s-r8"/>
  </node>
  <a xml:id="s-N67229" label="s" ref="s-n8" as="anc">
    <fs>
      <f name="id" value="t9u1"/>
    </fs>
  </a>
  <node xml:id="s-n9">
    <link targets="s-r9"/>
  </node>
  <a xml:id="s-N67249" label="s" ref="s-n9" as="anc">
    <fs>
      <f name="id" value="t9u1.1"/>
    </fs>
  </a>
</graph>
