<?xml version="1.0" encoding="UTF-8"?>
<graph xmlns="http://www.xces.org/ns/GrAF/1.0/">
    <graphHeader>
        <labelsDecl>
            <labelUsage label="u" occurs="70"/>
            <labelUsage label="cesDoc" occurs="1"/>
        </labelsDecl>
        <annotationSpaces>
            <annotationSpace as.id="xces"/>
        </annotationSpaces>
    </graphHeader>
    <region xml:id="logical-doc-r" anchors="41 6920"/>
    <region xml:id="logical-r0" anchors="41 393"/>
    <region xml:id="logical-r1" anchors="403 410"/>
    <region xml:id="logical-r2" anchors="414 458"/>
    <region xml:id="logical-r3" anchors="468 506"/>
    <region xml:id="logical-r4" anchors="507 611"/>
    <region xml:id="logical-r5" anchors="621 634"/>
    <region xml:id="logical-r6" anchors="644 820"/>
    <region xml:id="logical-r7" anchors="836 842"/>
    <region xml:id="logical-r8" anchors="852 986"/>
    <region xml:id="logical-r9" anchors="996 1007"/>
    <region xml:id="logical-r10" anchors="1008 1057"/>
    <region xml:id="logical-r11" anchors="1057 1106"/>
    <region xml:id="logical-r12" anchors="1107 1155"/>
    <region xml:id="logical-r13" anchors="1165 1278"/>
    <region xml:id="logical-r14" anchors="1288 1489"/>
    <region xml:id="logical-r15" anchors="1499 1548"/>
    <region xml:id="logical-r16" anchors="1558 1564"/>
    <region xml:id="logical-r17" anchors="1574 1647"/>
    <region xml:id="logical-r18" anchors="1657 1663"/>
    <region xml:id="logical-r19" anchors="1673 1732"/>
    <region xml:id="logical-r20" anchors="1733 2096"/>
    <region xml:id="logical-r21" anchors="2106 2117"/>
    <region xml:id="logical-r22" anchors="2118 2278"/>
    <region xml:id="logical-r23" anchors="2282 2349"/>
    <region xml:id="logical-r24" anchors="2353 2402"/>
    <region xml:id="logical-r25" anchors="2406 2416"/>
    <region xml:id="logical-r26" anchors="2426 2484"/>
    <region xml:id="logical-r27" anchors="2488 2577"/>
    <region xml:id="logical-r28" anchors="2587 2593"/>
    <region xml:id="logical-r29" anchors="2603 2620"/>
    <region xml:id="logical-r30" anchors="2621 2757"/>
    <region xml:id="logical-r31" anchors="2767 2780"/>
    <region xml:id="logical-r32" anchors="2784 3056"/>
    <region xml:id="logical-r33" anchors="3057 3248"/>
    <region xml:id="logical-r34" anchors="3252 3293"/>
    <region xml:id="logical-r35" anchors="3294 3765"/>
    <region xml:id="logical-r36" anchors="3775 3996"/>
    <region xml:id="logical-r37" anchors="4006 4012"/>
    <region xml:id="logical-r38" anchors="4022 4118"/>
    <region xml:id="logical-r39" anchors="4128 4133"/>
    <region xml:id="logical-r40" anchors="4137 4263"/>
    <region xml:id="logical-r41" anchors="4263 4716"/>
    <region xml:id="logical-r42" anchors="4717 4978"/>
    <region xml:id="logical-r43" anchors="4988 5182"/>
    <region xml:id="logical-r44" anchors="5186 5391"/>
    <region xml:id="logical-r45" anchors="5401 5422"/>
    <region xml:id="logical-r46" anchors="5423 5534"/>
    <region xml:id="logical-r47" anchors="5535 5656"/>
    <region xml:id="logical-r48" anchors="5657 5734"/>
    <region xml:id="logical-r49" anchors="5738 5749"/>
    <region xml:id="logical-r50" anchors="5759 5968"/>
    <region xml:id="logical-r51" anchors="5984 5991"/>
    <region xml:id="logical-r52" anchors="6001 6038"/>
    <region xml:id="logical-r53" anchors="6048 6057"/>
    <region xml:id="logical-r54" anchors="6067 6089"/>
    <region xml:id="logical-r55" anchors="6099 6137"/>
    <region xml:id="logical-r56" anchors="6141 6158"/>
    <region xml:id="logical-r57" anchors="6168 6216"/>
    <region xml:id="logical-r58" anchors="6226 6636"/>
    <region xml:id="logical-r59" anchors="6646 6667"/>
    <region xml:id="logical-r60" anchors="6683 6694"/>
    <region xml:id="logical-r61" anchors="6695 6722"/>
    <region xml:id="logical-r62" anchors="6732 6753"/>
    <region xml:id="logical-r63" anchors="6754 6791"/>
    <region xml:id="logical-r64" anchors="6798 6810"/>
    <region xml:id="logical-r65" anchors="6814 6853"/>
    <region xml:id="logical-r66" anchors="6863 6883"/>
    <region xml:id="logical-r67" anchors="6884 6894"/>
    <region xml:id="logical-r68" anchors="6904 6915"/>
    <region xml:id="logical-r69" anchors="6916 6919"/>
    <node xml:id="logical-doc-n">
        <link targets="logical-doc-r"/>
    </node>
    <a xml:id="logical-doc-a" label="cesDoc" ref="logical-doc-n" as="xces"/>
    <node xml:id="logical-n0">
        <link targets="logical-r0"/>
    </node>
    <a xml:id="logical-N65569" label="u" ref="logical-n0" as="xces">
        <fs>
            <f name="id" value="t3u1"/>
        </fs>
    </a>
    <node xml:id="logical-n1">
        <link targets="logical-r1"/>
    </node>
    <a xml:id="logical-N65593" label="u" ref="logical-n1" as="xces">
        <fs>
            <f name="id" value="t3u1.1"/>
        </fs>
    </a>
    <node xml:id="logical-n10">
        <link targets="logical-r10"/>
    </node>
    <a xml:id="logical-N65809" label="u" ref="logical-n10" as="xces">
        <fs>
            <f name="id" value="t9u1.2"/>
        </fs>
    </a>
    <node xml:id="logical-n11">
        <link targets="logical-r11"/>
    </node>
    <a xml:id="logical-N65833" label="u" ref="logical-n11" as="xces">
        <fs>
            <f name="id" value="t9u1.3"/>
        </fs>
    </a>
    <node xml:id="logical-n12">
        <link targets="logical-r12"/>
    </node>
    <a xml:id="logical-N65857" label="u" ref="logical-n12" as="xces"/>
    <node xml:id="logical-n13">
        <link targets="logical-r13"/>
    </node>
    <a xml:id="logical-N65873" label="u" ref="logical-n13" as="xces">
        <fs>
            <f name="id" value="t11u1"/>
        </fs>
    </a>
    <node xml:id="logical-n14">
        <link targets="logical-r14"/>
    </node>
    <a xml:id="logical-N65897" label="u" ref="logical-n14" as="xces">
        <fs>
            <f name="id" value="t12u1"/>
        </fs>
    </a>
    <node xml:id="logical-n15">
        <link targets="logical-r15"/>
    </node>
    <a xml:id="logical-N65921" label="u" ref="logical-n15" as="xces">
        <fs>
            <f name="id" value="t13u1"/>
        </fs>
    </a>
    <node xml:id="logical-n16">
        <link targets="logical-r16"/>
    </node>
    <a xml:id="logical-N65945" label="u" ref="logical-n16" as="xces">
        <fs>
            <f name="id" value="t14u1"/>
        </fs>
    </a>
    <node xml:id="logical-n17">
        <link targets="logical-r17"/>
    </node>
    <a xml:id="logical-N65969" label="u" ref="logical-n17" as="xces">
        <fs>
            <f name="id" value="t15u1"/>
        </fs>
    </a>
    <node xml:id="logical-n18">
        <link targets="logical-r18"/>
    </node>
    <a xml:id="logical-N65993" label="u" ref="logical-n18" as="xces">
        <fs>
            <f name="id" value="t16u1"/>
        </fs>
    </a>
    <node xml:id="logical-n19">
        <link targets="logical-r19"/>
    </node>
    <a xml:id="logical-N66017" label="u" ref="logical-n19" as="xces">
        <fs>
            <f name="id" value="t16u1.1"/>
        </fs>
    </a>
    <node xml:id="logical-n2">
        <link targets="logical-r2"/>
    </node>
    <a xml:id="logical-N65617" label="u" ref="logical-n2" as="xces">
        <fs>
            <f name="id" value="t3u1.2"/>
        </fs>
    </a>
    <node xml:id="logical-n20">
        <link targets="logical-r20"/>
    </node>
    <a xml:id="logical-N66041" label="u" ref="logical-n20" as="xces">
        <fs>
            <f name="id" value="t16u1.2"/>
        </fs>
    </a>
    <node xml:id="logical-n21">
        <link targets="logical-r21"/>
    </node>
    <a xml:id="logical-N66065" label="u" ref="logical-n21" as="xces">
        <fs>
            <f name="id" value="t16u1.3"/>
        </fs>
    </a>
    <node xml:id="logical-n22">
        <link targets="logical-r22"/>
    </node>
    <a xml:id="logical-N66089" label="u" ref="logical-n22" as="xces">
        <fs>
            <f name="id" value="t16u1.4"/>
        </fs>
    </a>
    <node xml:id="logical-n23">
        <link targets="logical-r23"/>
    </node>
    <a xml:id="logical-N66113" label="u" ref="logical-n23" as="xces">
        <fs>
            <f name="id" value="t16u1.5"/>
        </fs>
    </a>
    <node xml:id="logical-n24">
        <link targets="logical-r24"/>
    </node>
    <a xml:id="logical-N66137" label="u" ref="logical-n24" as="xces">
        <fs>
            <f name="id" value="t16u1.6"/>
        </fs>
    </a>
    <node xml:id="logical-n25">
        <link targets="logical-r25"/>
    </node>
    <a xml:id="logical-N66161" label="u" ref="logical-n25" as="xces">
        <fs>
            <f name="id" value="t16u1.7"/>
        </fs>
    </a>
    <node xml:id="logical-n26">
        <link targets="logical-r26"/>
    </node>
    <a xml:id="logical-N66185" label="u" ref="logical-n26" as="xces">
        <fs>
            <f name="id" value="t16u1.8"/>
        </fs>
    </a>
    <node xml:id="logical-n27">
        <link targets="logical-r27"/>
    </node>
    <a xml:id="logical-N66209" label="u" ref="logical-n27" as="xces">
        <fs>
            <f name="id" value="t16u1.9"/>
        </fs>
    </a>
    <node xml:id="logical-n28">
        <link targets="logical-r28"/>
    </node>
    <a xml:id="logical-N66233" label="u" ref="logical-n28" as="xces">
        <fs>
            <f name="id" value="t20u1"/>
        </fs>
    </a>
    <node xml:id="logical-n29">
        <link targets="logical-r29"/>
    </node>
    <a xml:id="logical-N66257" label="u" ref="logical-n29" as="xces">
        <fs>
            <f name="id" value="t20u1.1"/>
        </fs>
    </a>
    <node xml:id="logical-n3">
        <link targets="logical-r3"/>
    </node>
    <a xml:id="logical-N65641" label="u" ref="logical-n3" as="xces">
        <fs>
            <f name="id" value="t3u1.3"/>
        </fs>
    </a>
    <node xml:id="logical-n30">
        <link targets="logical-r30"/>
    </node>
    <a xml:id="logical-N66281" label="u" ref="logical-n30" as="xces">
        <fs>
            <f name="id" value="t20u1.2"/>
        </fs>
    </a>
    <node xml:id="logical-n31">
        <link targets="logical-r31"/>
    </node>
    <a xml:id="logical-N66305" label="u" ref="logical-n31" as="xces">
        <fs>
            <f name="id" value="t20u1.3"/>
        </fs>
    </a>
    <node xml:id="logical-n32">
        <link targets="logical-r32"/>
    </node>
    <a xml:id="logical-N66329" label="u" ref="logical-n32" as="xces">
        <fs>
            <f name="id" value="t20u1.4"/>
        </fs>
    </a>
    <node xml:id="logical-n33">
        <link targets="logical-r33"/>
    </node>
    <a xml:id="logical-N66353" label="u" ref="logical-n33" as="xces">
        <fs>
            <f name="id" value="t20u1.5"/>
        </fs>
    </a>
    <node xml:id="logical-n34">
        <link targets="logical-r34"/>
    </node>
    <a xml:id="logical-N66377" label="u" ref="logical-n34" as="xces">
        <fs>
            <f name="id" value="t20u1.6"/>
        </fs>
    </a>
    <node xml:id="logical-n35">
        <link targets="logical-r35"/>
    </node>
    <a xml:id="logical-N66401" label="u" ref="logical-n35" as="xces">
        <fs>
            <f name="id" value="t20u1.7"/>
        </fs>
    </a>
    <node xml:id="logical-n36">
        <link targets="logical-r36"/>
    </node>
    <a xml:id="logical-N66425" label="u" ref="logical-n36" as="xces">
        <fs>
            <f name="id" value="t23u1"/>
        </fs>
    </a>
    <node xml:id="logical-n37">
        <link targets="logical-r37"/>
    </node>
    <a xml:id="logical-N66449" label="u" ref="logical-n37" as="xces">
        <fs>
            <f name="id" value="t24u1"/>
        </fs>
    </a>
    <node xml:id="logical-n38">
        <link targets="logical-r38"/>
    </node>
    <a xml:id="logical-N66473" label="u" ref="logical-n38" as="xces">
        <fs>
            <f name="id" value="t25u1"/>
        </fs>
    </a>
    <node xml:id="logical-n39">
        <link targets="logical-r39"/>
    </node>
    <a xml:id="logical-N66497" label="u" ref="logical-n39" as="xces">
        <fs>
            <f name="id" value="t25u1.1"/>
        </fs>
    </a>
    <node xml:id="logical-n4">
        <link targets="logical-r4"/>
    </node>
    <a xml:id="logical-N65665" label="u" ref="logical-n4" as="xces">
        <fs>
            <f name="id" value="t3u1.4"/>
        </fs>
    </a>
    <node xml:id="logical-n40">
        <link targets="logical-r40"/>
    </node>
    <a xml:id="logical-N66521" label="u" ref="logical-n40" as="xces">
        <fs>
            <f name="id" value="t25u1.2"/>
        </fs>
    </a>
    <node xml:id="logical-n41">
        <link targets="logical-r41"/>
    </node>
    <a xml:id="logical-N66545" label="u" ref="logical-n41" as="xces">
        <fs>
            <f name="id" value="t25u1.3"/>
        </fs>
    </a>
    <node xml:id="logical-n42">
        <link targets="logical-r42"/>
    </node>
    <a xml:id="logical-N66569" label="u" ref="logical-n42" as="xces">
        <fs>
            <f name="id" value="t25u1.4"/>
        </fs>
    </a>
    <node xml:id="logical-n43">
        <link targets="logical-r43"/>
    </node>
    <a xml:id="logical-N66593" label="u" ref="logical-n43" as="xces">
        <fs>
            <f name="id" value="t25u1.5"/>
        </fs>
    </a>
    <node xml:id="logical-n44">
        <link targets="logical-r44"/>
    </node>
    <a xml:id="logical-N66617" label="u" ref="logical-n44" as="xces">
        <fs>
            <f name="id" value="t25u1.6"/>
        </fs>
    </a>
    <node xml:id="logical-n45">
        <link targets="logical-r45"/>
    </node>
    <a xml:id="logical-N66641" label="u" ref="logical-n45" as="xces">
        <fs>
            <f name="id" value="t25u1.7"/>
        </fs>
    </a>
    <node xml:id="logical-n46">
        <link targets="logical-r46"/>
    </node>
    <a xml:id="logical-N66665" label="u" ref="logical-n46" as="xces">
        <fs>
            <f name="id" value="t25u1.8"/>
        </fs>
    </a>
    <node xml:id="logical-n47">
        <link targets="logical-r47"/>
    </node>
    <a xml:id="logical-N66689" label="u" ref="logical-n47" as="xces">
        <fs>
            <f name="id" value="t25u1.9"/>
        </fs>
    </a>
    <node xml:id="logical-n48">
        <link targets="logical-r48"/>
    </node>
    <a xml:id="logical-N66713" label="u" ref="logical-n48" as="xces">
        <fs>
            <f name="id" value="t25u1.10"/>
        </fs>
    </a>
    <node xml:id="logical-n49">
        <link targets="logical-r49"/>
    </node>
    <a xml:id="logical-N66737" label="u" ref="logical-n49" as="xces">
        <fs>
            <f name="id" value="t25u1.11"/>
        </fs>
    </a>
    <node xml:id="logical-n5">
        <link targets="logical-r5"/>
    </node>
    <a xml:id="logical-N65689" label="u" ref="logical-n5" as="xces">
        <fs>
            <f name="id" value="t6u1"/>
        </fs>
    </a>
    <node xml:id="logical-n50">
        <link targets="logical-r50"/>
    </node>
    <a xml:id="logical-N66761" label="u" ref="logical-n50" as="xces">
        <fs>
            <f name="id" value="t29u1"/>
        </fs>
    </a>
    <node xml:id="logical-n51">
        <link targets="logical-r51"/>
    </node>
    <a xml:id="logical-N66785" label="u" ref="logical-n51" as="xces">
        <fs>
            <f name="id" value="t30u1"/>
        </fs>
    </a>
    <node xml:id="logical-n52">
        <link targets="logical-r52"/>
    </node>
    <a xml:id="logical-N66809" label="u" ref="logical-n52" as="xces">
        <fs>
            <f name="id" value="t31u1"/>
        </fs>
    </a>
    <node xml:id="logical-n53">
        <link targets="logical-r53"/>
    </node>
    <a xml:id="logical-N66833" label="u" ref="logical-n53" as="xces">
        <fs>
            <f name="id" value="t32u1"/>
        </fs>
    </a>
    <node xml:id="logical-n54">
        <link targets="logical-r54"/>
    </node>
    <a xml:id="logical-N66857" label="u" ref="logical-n54" as="xces">
        <fs>
            <f name="id" value="t33u1"/>
        </fs>
    </a>
    <node xml:id="logical-n55">
        <link targets="logical-r55"/>
    </node>
    <a xml:id="logical-N66881" label="u" ref="logical-n55" as="xces">
        <fs>
            <f name="id" value="t33u1.1"/>
        </fs>
    </a>
    <node xml:id="logical-n56">
        <link targets="logical-r56"/>
    </node>
    <a xml:id="logical-N66905" label="u" ref="logical-n56" as="xces">
        <fs>
            <f name="id" value="t33u1.2"/>
        </fs>
    </a>
    <node xml:id="logical-n57">
        <link targets="logical-r57"/>
    </node>
    <a xml:id="logical-N66929" label="u" ref="logical-n57" as="xces">
        <fs>
            <f name="id" value="t35u1"/>
        </fs>
    </a>
    <node xml:id="logical-n58">
        <link targets="logical-r58"/>
    </node>
    <a xml:id="logical-N66953" label="u" ref="logical-n58" as="xces">
        <fs>
            <f name="id" value="t36u1"/>
        </fs>
    </a>
    <node xml:id="logical-n59">
        <link targets="logical-r59"/>
    </node>
    <a xml:id="logical-N66977" label="u" ref="logical-n59" as="xces">
        <fs>
            <f name="id" value="t37u1"/>
        </fs>
    </a>
    <node xml:id="logical-n6">
        <link targets="logical-r6"/>
    </node>
    <a xml:id="logical-N65713" label="u" ref="logical-n6" as="xces">
        <fs>
            <f name="id" value="t7u1"/>
        </fs>
    </a>
    <node xml:id="logical-n60">
        <link targets="logical-r60"/>
    </node>
    <a xml:id="logical-N67001" label="u" ref="logical-n60" as="xces">
        <fs>
            <f name="id" value="t37u1.1"/>
        </fs>
    </a>
    <node xml:id="logical-n61">
        <link targets="logical-r61"/>
    </node>
    <a xml:id="logical-N67025" label="u" ref="logical-n61" as="xces">
        <fs>
            <f name="id" value="t37u1.2"/>
        </fs>
    </a>
    <node xml:id="logical-n62">
        <link targets="logical-r62"/>
    </node>
    <a xml:id="logical-N67049" label="u" ref="logical-n62" as="xces">
        <fs>
            <f name="id" value="t37u1.3"/>
        </fs>
    </a>
    <node xml:id="logical-n63">
        <link targets="logical-r63"/>
    </node>
    <a xml:id="logical-N67073" label="u" ref="logical-n63" as="xces">
        <fs>
            <f name="id" value="t37u1.4"/>
        </fs>
    </a>
    <node xml:id="logical-n64">
        <link targets="logical-r64"/>
    </node>
    <a xml:id="logical-N67097" label="u" ref="logical-n64" as="xces">
        <fs>
            <f name="id" value="t37u1.5"/>
        </fs>
    </a>
    <node xml:id="logical-n65">
        <link targets="logical-r65"/>
    </node>
    <a xml:id="logical-N67121" label="u" ref="logical-n65" as="xces">
        <fs>
            <f name="id" value="t37u1.6"/>
        </fs>
    </a>
    <node xml:id="logical-n66">
        <link targets="logical-r66"/>
    </node>
    <a xml:id="logical-N67145" label="u" ref="logical-n66" as="xces">
        <fs>
            <f name="id" value="t37u1.7"/>
        </fs>
    </a>
    <node xml:id="logical-n67">
        <link targets="logical-r67"/>
    </node>
    <a xml:id="logical-N67169" label="u" ref="logical-n67" as="xces">
        <fs>
            <f name="id" value="t37u1.8"/>
        </fs>
    </a>
    <node xml:id="logical-n68">
        <link targets="logical-r68"/>
    </node>
    <a xml:id="logical-N67193" label="u" ref="logical-n68" as="xces">
        <fs>
            <f name="id" value="t37u1.9"/>
        </fs>
    </a>
    <node xml:id="logical-n69">
        <link targets="logical-r69"/>
    </node>
    <a xml:id="logical-N67217" label="u" ref="logical-n69" as="xces">
        <fs>
            <f name="id" value="t37u1.10"/>
        </fs>
    </a>
    <node xml:id="logical-n7">
        <link targets="logical-r7"/>
    </node>
    <a xml:id="logical-N65737" label="u" ref="logical-n7" as="xces">
        <fs>
            <f name="id" value="t8u1"/>
        </fs>
    </a>
    <node xml:id="logical-n8">
        <link targets="logical-r8"/>
    </node>
    <a xml:id="logical-N65761" label="u" ref="logical-n8" as="xces">
        <fs>
            <f name="id" value="t9u1"/>
        </fs>
    </a>
    <node xml:id="logical-n9">
        <link targets="logical-r9"/>
    </node>
    <a xml:id="logical-N65785" label="u" ref="logical-n9" as="xces">
        <fs>
            <f name="id" value="t9u1.1"/>
        </fs>
    </a>
</graph>
