<graph xmlns="http://www.xces.org/ns/GrAF/1.0/" xmlns:graf="http://www.xces.org/ns/GrAF/1.0/">
  <graphHeader>
    <labelsDecl>
      <labelUsage label="objective-speech-event" occurs="74"/>
      <labelUsage label="attitude" occurs="30"/>
      <labelUsage label="inside" occurs="66"/>
      <labelUsage label="target" occurs="27"/>
      <labelUsage label="split" occurs="50"/>
      <labelUsage label="direct-subjective" occurs="25"/>
      <labelUsage label="expressive-subjectivity" occurs="30"/>
      <labelUsage label="agent" occurs="13"/>
    </labelsDecl>
    <annotationSpaces>
      <annotationSpace as.id="mpqa"/>
    </annotationSpaces>
  </graphHeader>
  <region xml:id="mpqa-r5" anchors="17 54"/>
  <region xml:id="mpqa-r6" anchors="17 17"/>
  <region xml:id="mpqa-r4" anchors="17 17"/>
  <region xml:id="mpqa-r3" anchors="17 17"/>
  <region xml:id="mpqa-r2" anchors="17 17"/>
  <region xml:id="mpqa-r1" anchors="17 17"/>
  <region xml:id="mpqa-r0" anchors="17 17"/>
  <region xml:id="mpqa-r8" anchors="64 73"/>
  <region xml:id="mpqa-r7" anchors="64 64"/>
  <region xml:id="mpqa-r10" anchors="83 187"/>
  <region xml:id="mpqa-r9" anchors="83 83"/>
  <region xml:id="mpqa-r12" anchors="197 201"/>
  <region xml:id="mpqa-r11" anchors="197 197"/>
  <region xml:id="mpqa-r13" anchors="205 222"/>
  <region xml:id="mpqa-r15" anchors="232 369"/>
  <region xml:id="mpqa-r17" anchors="232 232"/>
  <region xml:id="mpqa-r16" anchors="232 232"/>
  <region xml:id="mpqa-r14" anchors="232 232"/>
  <region xml:id="mpqa-r18" anchors="235 236"/>
  <region xml:id="mpqa-r19" anchors="248 253"/>
  <region xml:id="mpqa-r20" anchors="347 369"/>
  <region xml:id="mpqa-r21" anchors="352 358"/>
  <region xml:id="mpqa-r23" anchors="379 385"/>
  <region xml:id="mpqa-r25" anchors="379 379"/>
  <region xml:id="mpqa-r24" anchors="379 379"/>
  <region xml:id="mpqa-r22" anchors="379 379"/>
  <region xml:id="mpqa-r29" anchors="401 421"/>
  <region xml:id="mpqa-r28" anchors="401 421"/>
  <region xml:id="mpqa-r27" anchors="401 421"/>
  <region xml:id="mpqa-r31" anchors="401 401"/>
  <region xml:id="mpqa-r30" anchors="401 401"/>
  <region xml:id="mpqa-r26" anchors="401 401"/>
  <region xml:id="mpqa-r33" anchors="431 447"/>
  <region xml:id="mpqa-r35" anchors="431 431"/>
  <region xml:id="mpqa-r34" anchors="431 431"/>
  <region xml:id="mpqa-r32" anchors="431 431"/>
  <region xml:id="mpqa-r37" anchors="457 518"/>
  <region xml:id="mpqa-r39" anchors="457 457"/>
  <region xml:id="mpqa-r38" anchors="457 457"/>
  <region xml:id="mpqa-r36" anchors="457 457"/>
  <region xml:id="mpqa-r42" anchors="528 532"/>
  <region xml:id="mpqa-r44" anchors="528 528"/>
  <region xml:id="mpqa-r43" anchors="528 528"/>
  <region xml:id="mpqa-r41" anchors="528 528"/>
  <region xml:id="mpqa-r40" anchors="528 528"/>
  <region xml:id="mpqa-r46" anchors="536 555"/>
  <region xml:id="mpqa-r48" anchors="536 536"/>
  <region xml:id="mpqa-r47" anchors="536 536"/>
  <region xml:id="mpqa-r45" anchors="536 536"/>
  <region xml:id="mpqa-r50" anchors="565 635"/>
  <region xml:id="mpqa-r51" anchors="565 566"/>
  <region xml:id="mpqa-r53" anchors="565 565"/>
  <region xml:id="mpqa-r52" anchors="565 565"/>
  <region xml:id="mpqa-r49" anchors="565 565"/>
  <region xml:id="mpqa-r55" anchors="567 578"/>
  <region xml:id="mpqa-r54" anchors="567 578"/>
  <region xml:id="mpqa-r56" anchors="579 587"/>
  <region xml:id="mpqa-r58" anchors="645 647"/>
  <region xml:id="mpqa-r60" anchors="645 645"/>
  <region xml:id="mpqa-r59" anchors="645 645"/>
  <region xml:id="mpqa-r57" anchors="645 645"/>
  <region xml:id="mpqa-r62" anchors="657 723"/>
  <region xml:id="mpqa-r64" anchors="657 657"/>
  <region xml:id="mpqa-r63" anchors="657 657"/>
  <region xml:id="mpqa-r61" anchors="657 657"/>
  <region xml:id="mpqa-r67" anchors="733 737"/>
  <region xml:id="mpqa-r69" anchors="733 733"/>
  <region xml:id="mpqa-r68" anchors="733 733"/>
  <region xml:id="mpqa-r66" anchors="733 733"/>
  <region xml:id="mpqa-r65" anchors="733 733"/>
  <region xml:id="mpqa-r71" anchors="741 745"/>
  <region xml:id="mpqa-r73" anchors="741 741"/>
  <region xml:id="mpqa-r72" anchors="741 741"/>
  <region xml:id="mpqa-r70" anchors="741 741"/>
  <region xml:id="mpqa-r75" anchors="755 828"/>
  <region xml:id="mpqa-r77" anchors="755 755"/>
  <region xml:id="mpqa-r76" anchors="755 755"/>
  <region xml:id="mpqa-r74" anchors="755 755"/>
  <region xml:id="mpqa-r78" anchors="762 763"/>
  <region xml:id="mpqa-r79" anchors="764 769"/>
  <region xml:id="mpqa-r80" anchors="770 828"/>
  <region xml:id="mpqa-r81" anchors="784 828"/>
  <region xml:id="mpqa-r82" anchors="793 809"/>
  <region xml:id="mpqa-r84" anchors="832 1018"/>
  <region xml:id="mpqa-r86" anchors="832 832"/>
  <region xml:id="mpqa-r85" anchors="832 832"/>
  <region xml:id="mpqa-r83" anchors="832 832"/>
  <region xml:id="mpqa-r87" anchors="928 977"/>
  <region xml:id="mpqa-r88" anchors="931 937"/>
  <region xml:id="mpqa-r89" anchors="944 956"/>
  <region xml:id="mpqa-r90" anchors="993 1015"/>
  <region xml:id="mpqa-r92" anchors="1028 1277"/>
  <region xml:id="mpqa-r94" anchors="1028 1028"/>
  <region xml:id="mpqa-r93" anchors="1028 1028"/>
  <region xml:id="mpqa-r91" anchors="1028 1028"/>
  <region xml:id="mpqa-r95" anchors="1038 1051"/>
  <region xml:id="mpqa-r96" anchors="1052 1071"/>
  <region xml:id="mpqa-r97" anchors="1056 1071"/>
  <region xml:id="mpqa-r98" anchors="1111 1115"/>
  <region xml:id="mpqa-r99" anchors="1116 1120"/>
  <region xml:id="mpqa-r101" anchors="1287 1302"/>
  <region xml:id="mpqa-r102" anchors="1287 1293"/>
  <region xml:id="mpqa-r104" anchors="1287 1287"/>
  <region xml:id="mpqa-r103" anchors="1287 1287"/>
  <region xml:id="mpqa-r100" anchors="1287 1287"/>
  <region xml:id="mpqa-r106" anchors="1294 1302"/>
  <region xml:id="mpqa-r105" anchors="1294 1302"/>
  <region xml:id="mpqa-r108" anchors="1306 1326"/>
  <region xml:id="mpqa-r109" anchors="1306 1312"/>
  <region xml:id="mpqa-r111" anchors="1306 1306"/>
  <region xml:id="mpqa-r110" anchors="1306 1306"/>
  <region xml:id="mpqa-r107" anchors="1306 1306"/>
  <region xml:id="mpqa-r113" anchors="1313 1321"/>
  <region xml:id="mpqa-r112" anchors="1313 1321"/>
  <region xml:id="mpqa-r115" anchors="1336 1428"/>
  <region xml:id="mpqa-r117" anchors="1336 1336"/>
  <region xml:id="mpqa-r116" anchors="1336 1336"/>
  <region xml:id="mpqa-r114" anchors="1336 1336"/>
  <region xml:id="mpqa-r118" anchors="1344 1348"/>
  <region xml:id="mpqa-r119" anchors="1354 1357"/>
  <region xml:id="mpqa-r121" anchors="1432 1680"/>
  <region xml:id="mpqa-r123" anchors="1432 1432"/>
  <region xml:id="mpqa-r122" anchors="1432 1432"/>
  <region xml:id="mpqa-r120" anchors="1432 1432"/>
  <region xml:id="mpqa-r124" anchors="1497 1680"/>
  <region xml:id="mpqa-r125" anchors="1638 1641"/>
  <region xml:id="mpqa-r126" anchors="1642 1646"/>
  <region xml:id="mpqa-r128" anchors="1690 1771"/>
  <region xml:id="mpqa-r130" anchors="1690 1690"/>
  <region xml:id="mpqa-r129" anchors="1690 1690"/>
  <region xml:id="mpqa-r127" anchors="1690 1690"/>
  <region xml:id="mpqa-r132" anchors="1781 1800"/>
  <region xml:id="mpqa-r134" anchors="1781 1781"/>
  <region xml:id="mpqa-r133" anchors="1781 1781"/>
  <region xml:id="mpqa-r131" anchors="1781 1781"/>
  <region xml:id="mpqa-r135" anchors="1790 1792"/>
  <region xml:id="mpqa-r137" anchors="1795 1800"/>
  <region xml:id="mpqa-r136" anchors="1795 1800"/>
  <region xml:id="mpqa-r139" anchors="1810 1970"/>
  <region xml:id="mpqa-r141" anchors="1810 1810"/>
  <region xml:id="mpqa-r140" anchors="1810 1810"/>
  <region xml:id="mpqa-r138" anchors="1810 1810"/>
  <region xml:id="mpqa-r142" anchors="1938 1970"/>
  <region xml:id="mpqa-r143" anchors="1938 1948"/>
  <region xml:id="mpqa-r144" anchors="1949 1970"/>
  <region xml:id="mpqa-r145" anchors="1949 1954"/>
  <region xml:id="mpqa-r147" anchors="1980 1984"/>
  <region xml:id="mpqa-r149" anchors="1980 1980"/>
  <region xml:id="mpqa-r148" anchors="1980 1980"/>
  <region xml:id="mpqa-r146" anchors="1980 1980"/>
  <region xml:id="mpqa-r151" anchors="1988 2254"/>
  <region xml:id="mpqa-r153" anchors="1988 1988"/>
  <region xml:id="mpqa-r152" anchors="1988 1988"/>
  <region xml:id="mpqa-r150" anchors="1988 1988"/>
  <region xml:id="mpqa-r154" anchors="2016 2019"/>
  <region xml:id="mpqa-r155" anchors="2020 2023"/>
  <region xml:id="mpqa-r158" anchors="2081 2100"/>
  <region xml:id="mpqa-r157" anchors="2081 2100"/>
  <region xml:id="mpqa-r156" anchors="2081 2100"/>
  <region xml:id="mpqa-r160" anchors="2197 2250"/>
  <region xml:id="mpqa-r159" anchors="2197 2250"/>
  <region xml:id="mpqa-r161" anchors="2251 2255"/>
  <region xml:id="mpqa-r165" anchors="2265 2272"/>
  <region xml:id="mpqa-r164" anchors="2265 2272"/>
  <region xml:id="mpqa-r163" anchors="2265 2272"/>
  <region xml:id="mpqa-r167" anchors="2265 2265"/>
  <region xml:id="mpqa-r166" anchors="2265 2265"/>
  <region xml:id="mpqa-r162" anchors="2265 2265"/>
  <region xml:id="mpqa-r169" anchors="2282 2423"/>
  <region xml:id="mpqa-r171" anchors="2282 2282"/>
  <region xml:id="mpqa-r170" anchors="2282 2282"/>
  <region xml:id="mpqa-r168" anchors="2282 2282"/>
  <region xml:id="mpqa-r172" anchors="2285 2290"/>
  <region xml:id="mpqa-r173" anchors="2288 2290"/>
  <region xml:id="mpqa-r174" anchors="2291 2423"/>
  <region xml:id="mpqa-r176" anchors="2359 2376"/>
  <region xml:id="mpqa-r175" anchors="2359 2376"/>
  <region xml:id="mpqa-r177" anchors="2386 2398"/>
  <region xml:id="mpqa-r181" anchors="2433 2450"/>
  <region xml:id="mpqa-r180" anchors="2433 2450"/>
  <region xml:id="mpqa-r179" anchors="2433 2450"/>
  <region xml:id="mpqa-r183" anchors="2433 2433"/>
  <region xml:id="mpqa-r182" anchors="2433 2433"/>
  <region xml:id="mpqa-r178" anchors="2433 2433"/>
  <region xml:id="mpqa-r185" anchors="2460 2620"/>
  <region xml:id="mpqa-r187" anchors="2460 2460"/>
  <region xml:id="mpqa-r186" anchors="2460 2460"/>
  <region xml:id="mpqa-r184" anchors="2460 2460"/>
  <region xml:id="mpqa-r188" anchors="2467 2516"/>
  <region xml:id="mpqa-r189" anchors="2477 2516"/>
  <region xml:id="mpqa-r190" anchors="2490 2516"/>
  <region xml:id="mpqa-r191" anchors="2521 2565"/>
  <region xml:id="mpqa-r192" anchors="2526 2565"/>
  <region xml:id="mpqa-r193" anchors="2540 2565"/>
  <region xml:id="mpqa-r195" anchors="2571 2589"/>
  <region xml:id="mpqa-r194" anchors="2571 2589"/>
  <region xml:id="mpqa-r196" anchors="2590 2620"/>
  <region xml:id="mpqa-r198" anchors="2630 2682"/>
  <region xml:id="mpqa-r199" anchors="2630 2630"/>
  <region xml:id="mpqa-r197" anchors="2630 2630"/>
  <region xml:id="mpqa-r200" anchors="2630 2630"/>
  <region xml:id="mpqa-r201" anchors="2638 2652"/>
  <region xml:id="mpqa-r203" anchors="2692 2780"/>
  <region xml:id="mpqa-r205" anchors="2692 2692"/>
  <region xml:id="mpqa-r204" anchors="2692 2692"/>
  <region xml:id="mpqa-r202" anchors="2692 2692"/>
  <region xml:id="mpqa-r206" anchors="2718 2777"/>
  <region xml:id="mpqa-r207" anchors="2718 2731"/>
  <region xml:id="mpqa-r209" anchors="2796 2891"/>
  <region xml:id="mpqa-r210" anchors="2796 2810"/>
  <region xml:id="mpqa-r211" anchors="2796 2796"/>
  <region xml:id="mpqa-r208" anchors="2796 2796"/>
  <region xml:id="mpqa-r212" anchors="2797 2842"/>
  <region xml:id="mpqa-r213" anchors="2828 2837"/>
  <region xml:id="mpqa-r215" anchors="2901 2905"/>
  <region xml:id="mpqa-r217" anchors="2901 2901"/>
  <region xml:id="mpqa-r216" anchors="2901 2901"/>
  <region xml:id="mpqa-r214" anchors="2901 2901"/>
  <region xml:id="mpqa-r219" anchors="2909 2915"/>
  <region xml:id="mpqa-r221" anchors="2909 2909"/>
  <region xml:id="mpqa-r220" anchors="2909 2909"/>
  <region xml:id="mpqa-r218" anchors="2909 2909"/>
  <region xml:id="mpqa-r223" anchors="2925 2980"/>
  <region xml:id="mpqa-r225" anchors="2925 2925"/>
  <region xml:id="mpqa-r224" anchors="2925 2925"/>
  <region xml:id="mpqa-r222" anchors="2925 2925"/>
  <region xml:id="mpqa-r226" anchors="2929 2980"/>
  <region xml:id="mpqa-r228" anchors="2984 3156"/>
  <region xml:id="mpqa-r230" anchors="2984 2984"/>
  <region xml:id="mpqa-r229" anchors="2984 2984"/>
  <region xml:id="mpqa-r227" anchors="2984 2984"/>
  <region xml:id="mpqa-r232" anchors="3003 3019"/>
  <region xml:id="mpqa-r231" anchors="3003 3019"/>
  <region xml:id="mpqa-r233" anchors="3003 3005"/>
  <region xml:id="mpqa-r234" anchors="3020 3045"/>
  <region xml:id="mpqa-r235" anchors="3129 3156"/>
  <region xml:id="mpqa-r236" anchors="3133 3140"/>
  <region xml:id="mpqa-r237" anchors="3141 3148"/>
  <region xml:id="mpqa-r238" anchors="3149 3156"/>
  <region xml:id="mpqa-r240" anchors="3160 3236"/>
  <region xml:id="mpqa-r242" anchors="3160 3160"/>
  <region xml:id="mpqa-r241" anchors="3160 3160"/>
  <region xml:id="mpqa-r239" anchors="3160 3160"/>
  <region xml:id="mpqa-r244" anchors="3246 3292"/>
  <region xml:id="mpqa-r246" anchors="3246 3246"/>
  <region xml:id="mpqa-r245" anchors="3246 3246"/>
  <region xml:id="mpqa-r243" anchors="3246 3246"/>
  <region xml:id="mpqa-r248" anchors="3302 3542"/>
  <region xml:id="mpqa-r250" anchors="3302 3302"/>
  <region xml:id="mpqa-r249" anchors="3302 3302"/>
  <region xml:id="mpqa-r247" anchors="3302 3302"/>
  <region xml:id="mpqa-r251" anchors="3337 3344"/>
  <region xml:id="mpqa-r253" anchors="3356 3361"/>
  <region xml:id="mpqa-r252" anchors="3356 3361"/>
  <region xml:id="mpqa-r254" anchors="3362 3372"/>
  <region xml:id="mpqa-r255" anchors="3453 3497"/>
  <region xml:id="mpqa-r256" anchors="3453 3460"/>
  <region xml:id="mpqa-r257" anchors="3453 3456"/>
  <region xml:id="mpqa-r258" anchors="3464 3474"/>
  <region xml:id="mpqa-r259" anchors="3475 3497"/>
  <region xml:id="mpqa-r260" anchors="3498 3520"/>
  <region xml:id="mpqa-r261" anchors="3512 3520"/>
  <region xml:id="mpqa-r262" anchors="3518 3520"/>
  <region xml:id="mpqa-r263" anchors="3521 3542"/>
  <region xml:id="mpqa-r265" anchors="3546 3680"/>
  <region xml:id="mpqa-r267" anchors="3546 3546"/>
  <region xml:id="mpqa-r266" anchors="3546 3546"/>
  <region xml:id="mpqa-r264" anchors="3546 3546"/>
  <region xml:id="mpqa-r268" anchors="3642 3671"/>
  <region xml:id="mpqa-r269" anchors="3672 3676"/>
  <region xml:id="mpqa-r270" anchors="3677 3680"/>
  <region xml:id="mpqa-r272" anchors="3690 3927"/>
  <region xml:id="mpqa-r274" anchors="3690 3690"/>
  <region xml:id="mpqa-r273" anchors="3690 3690"/>
  <region xml:id="mpqa-r271" anchors="3690 3690"/>
  <region xml:id="mpqa-r275" anchors="3696 3829"/>
  <region xml:id="mpqa-r276" anchors="3696 3707"/>
  <region xml:id="mpqa-r277" anchors="3716 3745"/>
  <region xml:id="mpqa-r278" anchors="3844 3927"/>
  <region xml:id="mpqa-r279" anchors="3858 3889"/>
  <region xml:id="mpqa-r280" anchors="3912 3927"/>
  <region xml:id="mpqa-r283" anchors="3937 3953"/>
  <region xml:id="mpqa-r282" anchors="3937 3953"/>
  <region xml:id="mpqa-r285" anchors="3937 3937"/>
  <region xml:id="mpqa-r284" anchors="3937 3937"/>
  <region xml:id="mpqa-r281" anchors="3937 3937"/>
  <region xml:id="mpqa-r286" anchors="3947 3953"/>
  <region xml:id="mpqa-r290" anchors="3957 3964"/>
  <region xml:id="mpqa-r289" anchors="3957 3964"/>
  <region xml:id="mpqa-r288" anchors="3957 3964"/>
  <region xml:id="mpqa-r292" anchors="3957 3957"/>
  <region xml:id="mpqa-r291" anchors="3957 3957"/>
  <region xml:id="mpqa-r287" anchors="3957 3957"/>
  <region xml:id="mpqa-r293" anchors="3974 4142"/>
  <region xml:id="mpqa-r294" anchors="4152 4290"/>
  <region xml:id="mpqa-r295" anchors="4300 4305"/>
  <region xml:id="mpqa-r296" anchors="4309 4318"/>
  <region xml:id="mpqa-r297" anchors="4328 4451"/>
  <region xml:id="mpqa-r298" anchors="4461 4470"/>
  <region xml:id="mpqa-r299" anchors="4480 4668"/>
  <region xml:id="mpqa-r300" anchors="4678 4687"/>
  <region xml:id="mpqa-r301" anchors="4691 4899"/>
  <region xml:id="mpqa-r302" anchors="4903 5080"/>
  <region xml:id="mpqa-r303" anchors="5084 5314"/>
  <region xml:id="mpqa-r304" anchors="5318 5525"/>
  <region xml:id="mpqa-r305" anchors="5529 5745"/>
  <region xml:id="mpqa-r306" anchors="5749 5897"/>
  <region xml:id="mpqa-r307" anchors="5907 5909"/>
  <region xml:id="mpqa-r308" anchors="5919 6049"/>
  <region xml:id="mpqa-r309" anchors="6059 6234"/>
  <region xml:id="mpqa-r310" anchors="6244 6252"/>
  <region xml:id="mpqa-r312" anchors="6262 7521"/>
  <region xml:id="mpqa-r313" anchors="6262 6262"/>
  <region xml:id="mpqa-r311" anchors="6262 6262"/>
  <region xml:id="mpqa-r314" anchors="7521 7521"/>
  <node xml:id="mpqa-n0">
    <link targets="mpqa-r0"/>
  </node>
  <a xml:id="mpqa-N66853" label="agent" ref="mpqa-n0" as="mpqa">
    <fs>
      <f name="id" value="implicit"/>
    </fs>
  </a>
  <node xml:id="mpqa-n1">
    <link targets="mpqa-r1"/>
  </node>
  <a xml:id="mpqa-N66873" label="agent" ref="mpqa-n1" as="mpqa">
    <fs>
      <f name="id" value="w"/>
    </fs>
  </a>
  <node xml:id="mpqa-n10">
    <link targets="mpqa-r10"/>
  </node>
  <a xml:id="mpqa-N66893" label="inside" ref="mpqa-n10" as="mpqa">
    <fs>
      <f name="nested-source" value="w"/>
    </fs>
  </a>
  <node xml:id="mpqa-n100">
    <link targets="mpqa-r100"/>
  </node>
  <a xml:id="mpqa-N66913" label="split" ref="mpqa-n100" as="mpqa"/>
  <node xml:id="mpqa-n101">
    <link targets="mpqa-r101"/>
  </node>
  <a xml:id="mpqa-N66925" label="inside" ref="mpqa-n101" as="mpqa">
    <fs>
      <f name="nested-source" value="w"/>
    </fs>
  </a>
  <node xml:id="mpqa-n102">
    <link targets="mpqa-r102"/>
  </node>
  <a xml:id="mpqa-N66945" label="target" ref="mpqa-n102" as="mpqa">
    <fs>
      <f name="id" value="das"/>
    </fs>
  </a>
  <node xml:id="mpqa-n103">
    <link targets="mpqa-r103"/>
  </node>
  <a xml:id="mpqa-N66965" label="objective-speech-event" ref="mpqa-n103" as="mpqa">
    <fs>
      <f name="implicit" value="true"/>
      <f name="nested-source" value="w"/>
    </fs>
  </a>
  <node xml:id="mpqa-n104">
    <link targets="mpqa-r104"/>
  </node>
  <a xml:id="mpqa-N66989" label="direct-subjective" ref="mpqa-n104" as="mpqa">
    <fs>
      <f name="nested-source" value="w,a"/>
      <f name="attitude-link" value="bathos1"/>
      <f name="implicit" value="true"/>
      <f name="intensity" value="high"/>
      <f name="expression-intensity" value="neutral"/>
    </fs>
  </a>
  <node xml:id="mpqa-n105">
    <link targets="mpqa-r105"/>
  </node>
  <a xml:id="mpqa-N67025" label="attitude" ref="mpqa-n105" as="mpqa">
    <fs>
      <f name="id" value="bathos1"/>
      <f name="intensity" value="high"/>
      <f name="target-link" value="das"/>
      <f name="attitude-type" value="sentiment-neg"/>
    </fs>
  </a>
  <node xml:id="mpqa-n106">
    <link targets="mpqa-r106"/>
  </node>
  <a xml:id="mpqa-N67057" label="expressive-subjectivity" ref="mpqa-n106" as="mpqa">
    <fs>
      <f name="nested-source" value="w,a"/>
      <f name="polarity" value="negative"/>
      <f name="intensity" value="high"/>
    </fs>
  </a>
  <node xml:id="mpqa-n107">
    <link targets="mpqa-r107"/>
  </node>
  <a xml:id="mpqa-N67085" label="split" ref="mpqa-n107" as="mpqa"/>
  <node xml:id="mpqa-n108">
    <link targets="mpqa-r108"/>
  </node>
  <a xml:id="mpqa-N67097" label="inside" ref="mpqa-n108" as="mpqa">
    <fs>
      <f name="nested-source" value="w"/>
    </fs>
  </a>
  <node xml:id="mpqa-n109">
    <link targets="mpqa-r109"/>
  </node>
  <a xml:id="mpqa-N67117" label="target" ref="mpqa-n109" as="mpqa">
    <fs>
      <f name="id" value="dies"/>
    </fs>
  </a>
  <node xml:id="mpqa-n11">
    <link targets="mpqa-r11"/>
  </node>
  <a xml:id="mpqa-N67137" label="split" ref="mpqa-n11" as="mpqa"/>
  <node xml:id="mpqa-n110">
    <link targets="mpqa-r110"/>
  </node>
  <a xml:id="mpqa-N67149" label="objective-speech-event" ref="mpqa-n110" as="mpqa">
    <fs>
      <f name="implicit" value="true"/>
      <f name="nested-source" value="w"/>
    </fs>
  </a>
  <node xml:id="mpqa-n111">
    <link targets="mpqa-r111"/>
  </node>
  <a xml:id="mpqa-N67173" label="direct-subjective" ref="mpqa-n111" as="mpqa">
    <fs>
      <f name="nested-source" value="w,a"/>
      <f name="attitude-link" value="bathos2"/>
      <f name="intensity" value="high"/>
      <f name="expression-intensity" value="neutral"/>
      <f name="implicit" value="true"/>
    </fs>
  </a>
  <node xml:id="mpqa-n112">
    <link targets="mpqa-r112"/>
  </node>
  <a xml:id="mpqa-N67209" label="attitude" ref="mpqa-n112" as="mpqa">
    <fs>
      <f name="id" value="bathos2"/>
      <f name="target-link" value="dies"/>
      <f name="intensity" value="high"/>
      <f name="attitude-type" value="sentiment-neg"/>
    </fs>
  </a>
  <node xml:id="mpqa-n113">
    <link targets="mpqa-r113"/>
  </node>
  <a xml:id="mpqa-N67241" label="expressive-subjectivity" ref="mpqa-n113" as="mpqa">
    <fs>
      <f name="nested-source" value="w,a,a"/>
      <f name="polarity" value="negative"/>
      <f name="intensity" value="high"/>
    </fs>
  </a>
  <node xml:id="mpqa-n114">
    <link targets="mpqa-r114"/>
  </node>
  <a xml:id="mpqa-N67269" label="split" ref="mpqa-n114" as="mpqa"/>
  <node xml:id="mpqa-n115">
    <link targets="mpqa-r115"/>
  </node>
  <a xml:id="mpqa-N67281" label="inside" ref="mpqa-n115" as="mpqa">
    <fs>
      <f name="nested-source" value="w"/>
    </fs>
  </a>
  <node xml:id="mpqa-n116">
    <link targets="mpqa-r116"/>
  </node>
  <a xml:id="mpqa-N67301" label="objective-speech-event" ref="mpqa-n116" as="mpqa">
    <fs>
      <f name="implicit" value="true"/>
      <f name="nested-source" value="w,b"/>
    </fs>
  </a>
  <node xml:id="mpqa-n117">
    <link targets="mpqa-r117"/>
  </node>
  <a xml:id="mpqa-N67325" label="objective-speech-event" ref="mpqa-n117" as="mpqa">
    <fs>
      <f name="implicit" value="true"/>
      <f name="nested-source" value="w"/>
    </fs>
  </a>
  <node xml:id="mpqa-n118">
    <link targets="mpqa-r118"/>
  </node>
  <a xml:id="mpqa-N67349" label="agent" ref="mpqa-n118" as="mpqa">
    <fs>
      <f name="nested-source" value="w,b,tv"/>
    </fs>
  </a>
  <node xml:id="mpqa-n119">
    <link targets="mpqa-r119"/>
  </node>
  <a xml:id="mpqa-N67369" label="objective-speech-event" ref="mpqa-n119" as="mpqa">
    <fs>
      <f name="nested-source" value="w,b,tv"/>
    </fs>
  </a>
  <node xml:id="mpqa-n12">
    <link targets="mpqa-r12"/>
  </node>
  <a xml:id="mpqa-N67389" label="inside" ref="mpqa-n12" as="mpqa">
    <fs>
      <f name="nested-source" value="w"/>
    </fs>
  </a>
  <node xml:id="mpqa-n120">
    <link targets="mpqa-r120"/>
  </node>
  <a xml:id="mpqa-N67409" label="split" ref="mpqa-n120" as="mpqa"/>
  <node xml:id="mpqa-n121">
    <link targets="mpqa-r121"/>
  </node>
  <a xml:id="mpqa-N67421" label="inside" ref="mpqa-n121" as="mpqa">
    <fs>
      <f name="nested-source" value="w"/>
    </fs>
  </a>
  <node xml:id="mpqa-n122">
    <link targets="mpqa-r122"/>
  </node>
  <a xml:id="mpqa-N67441" label="direct-subjective" ref="mpqa-n122" as="mpqa">
    <fs>
      <f name="nested-source" value="w,b"/>
      <f name="attitude-link" value="whim"/>
      <f name="intensity" value="medium"/>
      <f name="expression-intensity" value="neutral"/>
      <f name="implicit" value="true"/>
    </fs>
  </a>
  <node xml:id="mpqa-n123">
    <link targets="mpqa-r123"/>
  </node>
  <a xml:id="mpqa-N67477" label="objective-speech-event" ref="mpqa-n123" as="mpqa">
    <fs>
      <f name="implicit" value="true"/>
      <f name="nested-source" value="w"/>
    </fs>
  </a>
  <node xml:id="mpqa-n124">
    <link targets="mpqa-r124"/>
  </node>
  <a xml:id="mpqa-N67501" label="attitude" ref="mpqa-n124" as="mpqa">
    <fs>
      <f name="id" value="whim"/>
      <f name="target-link" value="judge"/>
      <f name="intensity" value="medium"/>
      <f name="attitude-type" value="sentiment-neg"/>
    </fs>
  </a>
  <node xml:id="mpqa-n125">
    <link targets="mpqa-r125"/>
  </node>
  <a xml:id="mpqa-N67533" label="target" ref="mpqa-n125" as="mpqa">
    <fs>
      <f name="id" value="judge"/>
    </fs>
  </a>
  <node xml:id="mpqa-n126">
    <link targets="mpqa-r126"/>
  </node>
  <a xml:id="mpqa-N67553" label="expressive-subjectivity" ref="mpqa-n126" as="mpqa">
    <fs>
      <f name="nested-source" value="w,b"/>
      <f name="polarity" value="negative"/>
      <f name="intensity" value="medium"/>
    </fs>
  </a>
  <node xml:id="mpqa-n127">
    <link targets="mpqa-r127"/>
  </node>
  <a xml:id="mpqa-N67581" label="split" ref="mpqa-n127" as="mpqa"/>
  <node xml:id="mpqa-n128">
    <link targets="mpqa-r128"/>
  </node>
  <a xml:id="mpqa-N67593" label="inside" ref="mpqa-n128" as="mpqa">
    <fs>
      <f name="nested-source" value="w"/>
    </fs>
  </a>
  <node xml:id="mpqa-n129">
    <link targets="mpqa-r129"/>
  </node>
  <a xml:id="mpqa-N67613" label="objective-speech-event" ref="mpqa-n129" as="mpqa">
    <fs>
      <f name="implicit" value="true"/>
      <f name="nested-source" value="w"/>
    </fs>
  </a>
  <node xml:id="mpqa-n13">
    <link targets="mpqa-r13"/>
  </node>
  <a xml:id="mpqa-N67637" label="inside" ref="mpqa-n13" as="mpqa">
    <fs>
      <f name="nested-source" value="w"/>
    </fs>
  </a>
  <node xml:id="mpqa-n130">
    <link targets="mpqa-r130"/>
  </node>
  <a xml:id="mpqa-N67657" label="objective-speech-event" ref="mpqa-n130" as="mpqa">
    <fs>
      <f name="implicit" value="true"/>
      <f name="nested-source" value="w,a"/>
    </fs>
  </a>
  <node xml:id="mpqa-n131">
    <link targets="mpqa-r131"/>
  </node>
  <a xml:id="mpqa-N67681" label="split" ref="mpqa-n131" as="mpqa"/>
  <node xml:id="mpqa-n132">
    <link targets="mpqa-r132"/>
  </node>
  <a xml:id="mpqa-N67693" label="inside" ref="mpqa-n132" as="mpqa">
    <fs>
      <f name="nested-source" value="w"/>
    </fs>
  </a>
  <node xml:id="mpqa-n133">
    <link targets="mpqa-r133"/>
  </node>
  <a xml:id="mpqa-N67713" label="direct-subjective" ref="mpqa-n133" as="mpqa">
    <fs>
      <f name="nested-source" value="w,b"/>
      <f name="attitude-link" value="craziness"/>
      <f name="intensity" value="medium"/>
      <f name="implicit" value="true"/>
      <f name="expression-intensity" value="neutral"/>
    </fs>
  </a>
  <node xml:id="mpqa-n134">
    <link targets="mpqa-r134"/>
  </node>
  <a xml:id="mpqa-N67749" label="objective-speech-event" ref="mpqa-n134" as="mpqa">
    <fs>
      <f name="implicit" value="true"/>
      <f name="nested-source" value="w"/>
    </fs>
  </a>
  <node xml:id="mpqa-n135">
    <link targets="mpqa-r135"/>
  </node>
  <a xml:id="mpqa-N67773" label="target" ref="mpqa-n135" as="mpqa">
    <fs>
      <f name="id" value="iti"/>
    </fs>
  </a>
  <node xml:id="mpqa-n136">
    <link targets="mpqa-r136"/>
  </node>
  <a xml:id="mpqa-N67793" label="expressive-subjectivity" ref="mpqa-n136" as="mpqa">
    <fs>
      <f name="nested-source" value="w,b"/>
      <f name="polarity" value="negative"/>
      <f name="intensity" value="medium"/>
    </fs>
  </a>
  <node xml:id="mpqa-n137">
    <link targets="mpqa-r137"/>
  </node>
  <a xml:id="mpqa-N67821" label="attitude" ref="mpqa-n137" as="mpqa">
    <fs>
      <f name="id" value="craziness"/>
      <f name="target-link" value="iti"/>
      <f name="intensity" value="medium"/>
      <f name="attitude-type" value="sentiment-neg"/>
    </fs>
  </a>
  <node xml:id="mpqa-n138">
    <link targets="mpqa-r138"/>
  </node>
  <a xml:id="mpqa-N67853" label="split" ref="mpqa-n138" as="mpqa"/>
  <node xml:id="mpqa-n139">
    <link targets="mpqa-r139"/>
  </node>
  <a xml:id="mpqa-N67865" label="inside" ref="mpqa-n139" as="mpqa">
    <fs>
      <f name="nested-source" value="w"/>
    </fs>
  </a>
  <node xml:id="mpqa-n14">
    <link targets="mpqa-r14"/>
  </node>
  <a xml:id="mpqa-N67885" label="split" ref="mpqa-n14" as="mpqa"/>
  <node xml:id="mpqa-n140">
    <link targets="mpqa-r140"/>
  </node>
  <a xml:id="mpqa-N67897" label="direct-subjective" ref="mpqa-n140" as="mpqa">
    <fs>
      <f name="nested-source" value="w,b"/>
      <f name="attitude-link" value="nobs"/>
      <f name="intensity" value="medium"/>
      <f name="implicit" value="true"/>
      <f name="expression-intensity" value="neutral"/>
    </fs>
  </a>
  <node xml:id="mpqa-n141">
    <link targets="mpqa-r141"/>
  </node>
  <a xml:id="mpqa-N67933" label="objective-speech-event" ref="mpqa-n141" as="mpqa">
    <fs>
      <f name="implicit" value="true"/>
      <f name="nested-source" value="w"/>
    </fs>
  </a>
  <node xml:id="mpqa-n142">
    <link targets="mpqa-r142"/>
  </node>
  <a xml:id="mpqa-N67957" label="attitude" ref="mpqa-n142" as="mpqa">
    <fs>
      <f name="id" value="nobs"/>
      <f name="target-link" value="bs"/>
      <f name="intensity" value="medium"/>
      <f name="attitude-type" value="arguing-neg"/>
    </fs>
  </a>
  <node xml:id="mpqa-n143">
    <link targets="mpqa-r143"/>
  </node>
  <a xml:id="mpqa-N67989" label="expressive-subjectivity" ref="mpqa-n143" as="mpqa">
    <fs>
      <f name="nested-source" value="w,a"/>
      <f name="polarity" value="negative"/>
      <f name="intensity" value="medium"/>
    </fs>
  </a>
  <node xml:id="mpqa-n144">
    <link targets="mpqa-r144"/>
  </node>
  <a xml:id="mpqa-N68017" label="target" ref="mpqa-n144" as="mpqa">
    <fs>
      <f name="id" value="bs"/>
    </fs>
  </a>
  <node xml:id="mpqa-n145">
    <link targets="mpqa-r145"/>
  </node>
  <a xml:id="mpqa-N68037" label="expressive-subjectivity" ref="mpqa-n145" as="mpqa">
    <fs>
      <f name="nested-source" value="w,a"/>
      <f name="polarity" value="negative"/>
      <f name="intensity" value="high"/>
    </fs>
  </a>
  <node xml:id="mpqa-n146">
    <link targets="mpqa-r146"/>
  </node>
  <a xml:id="mpqa-N68065" label="split" ref="mpqa-n146" as="mpqa"/>
  <node xml:id="mpqa-n147">
    <link targets="mpqa-r147"/>
  </node>
  <a xml:id="mpqa-N68077" label="inside" ref="mpqa-n147" as="mpqa">
    <fs>
      <f name="nested-source" value="w"/>
    </fs>
  </a>
  <node xml:id="mpqa-n148">
    <link targets="mpqa-r148"/>
  </node>
  <a xml:id="mpqa-N68097" label="objective-speech-event" ref="mpqa-n148" as="mpqa">
    <fs>
      <f name="implicit" value="true"/>
      <f name="nested-source" value="w,b"/>
    </fs>
  </a>
  <node xml:id="mpqa-n149">
    <link targets="mpqa-r149"/>
  </node>
  <a xml:id="mpqa-N68121" label="objective-speech-event" ref="mpqa-n149" as="mpqa">
    <fs>
      <f name="implicit" value="true"/>
      <f name="nested-source" value="w"/>
    </fs>
  </a>
  <node xml:id="mpqa-n15">
    <link targets="mpqa-r15"/>
  </node>
  <a xml:id="mpqa-N68145" label="inside" ref="mpqa-n15" as="mpqa">
    <fs>
      <f name="nested-source" value="w"/>
    </fs>
  </a>
  <node xml:id="mpqa-n150">
    <link targets="mpqa-r150"/>
  </node>
  <a xml:id="mpqa-N68165" label="split" ref="mpqa-n150" as="mpqa"/>
  <node xml:id="mpqa-n151">
    <link targets="mpqa-r151"/>
  </node>
  <a xml:id="mpqa-N68177" label="inside" ref="mpqa-n151" as="mpqa">
    <fs>
      <f name="nested-source" value="w"/>
    </fs>
  </a>
  <node xml:id="mpqa-n152">
    <link targets="mpqa-r152"/>
  </node>
  <a xml:id="mpqa-N68197" label="objective-speech-event" ref="mpqa-n152" as="mpqa">
    <fs>
      <f name="implicit" value="true"/>
      <f name="nested-source" value="w"/>
    </fs>
  </a>
  <node xml:id="mpqa-n153">
    <link targets="mpqa-r153"/>
  </node>
  <a xml:id="mpqa-N68221" label="objective-speech-event" ref="mpqa-n153" as="mpqa">
    <fs>
      <f name="implicit" value="true"/>
      <f name="nested-source" value="w,b"/>
    </fs>
  </a>
  <node xml:id="mpqa-n154">
    <link targets="mpqa-r154"/>
  </node>
  <a xml:id="mpqa-N68245" label="agent" ref="mpqa-n154" as="mpqa">
    <fs>
      <f name="nested-source" value="w,b,a"/>
    </fs>
  </a>
  <node xml:id="mpqa-n155">
    <link targets="mpqa-r155"/>
  </node>
  <a xml:id="mpqa-N68265" label="objective-speech-event" ref="mpqa-n155" as="mpqa">
    <fs>
      <f name="insubstantial" value="c2"/>
      <f name="nested-source" value="w,b,a"/>
    </fs>
  </a>
  <node xml:id="mpqa-n156">
    <link targets="mpqa-r156"/>
  </node>
  <a xml:id="mpqa-N68289" label="attitude" ref="mpqa-n156" as="mpqa">
    <fs>
      <f name="id" value="joker"/>
      <f name="target-link" value="sj"/>
      <f name="intensity" value="medium"/>
      <f name="attitude-type" value="sentiment-neg"/>
    </fs>
  </a>
  <node xml:id="mpqa-n157">
    <link targets="mpqa-r157"/>
  </node>
  <a xml:id="mpqa-N68321" label="target" ref="mpqa-n157" as="mpqa">
    <fs>
      <f name="id" value="sj"/>
    </fs>
  </a>
  <node xml:id="mpqa-n158">
    <link targets="mpqa-r158"/>
  </node>
  <a xml:id="mpqa-N68341" label="expressive-subjectivity" ref="mpqa-n158" as="mpqa">
    <fs>
      <f name="nested-source" value="w,b"/>
      <f name="polarity" value="negative"/>
      <f name="intensity" value="medium"/>
    </fs>
  </a>
  <node xml:id="mpqa-n159">
    <link targets="mpqa-r159"/>
  </node>
  <a xml:id="mpqa-N68369" label="attitude" ref="mpqa-n159" as="mpqa">
    <fs>
      <f name="id" value="morethan"/>
      <f name="target-link" value="incarc"/>
      <f name="intensity" value="medium"/>
      <f name="attitude-type" value="sentiment-neg"/>
    </fs>
  </a>
  <node xml:id="mpqa-n16">
    <link targets="mpqa-r16"/>
  </node>
  <a xml:id="mpqa-N68401" label="objective-speech-event" ref="mpqa-n16" as="mpqa">
    <fs>
      <f name="implicit" value="true"/>
      <f name="nested-source" value="w,a"/>
    </fs>
  </a>
  <node xml:id="mpqa-n160">
    <link targets="mpqa-r160"/>
  </node>
  <a xml:id="mpqa-N68425" label="expressive-subjectivity" ref="mpqa-n160" as="mpqa">
    <fs>
      <f name="nested-source" value="w,b"/>
      <f name="polarity" value="positive"/>
      <f name="intensity" value="medium"/>
    </fs>
  </a>
  <node xml:id="mpqa-n161">
    <link targets="mpqa-r161"/>
  </node>
  <a xml:id="mpqa-N68453" label="target" ref="mpqa-n161" as="mpqa">
    <fs>
      <f name="id" value="incarc"/>
    </fs>
  </a>
  <node xml:id="mpqa-n162">
    <link targets="mpqa-r162"/>
  </node>
  <a xml:id="mpqa-N68473" label="split" ref="mpqa-n162" as="mpqa"/>
  <node xml:id="mpqa-n163">
    <link targets="mpqa-r163"/>
  </node>
  <a xml:id="mpqa-N68485" label="attitude" ref="mpqa-n163" as="mpqa">
    <fs>
      <f name="attitude-type" value="agree-pos"/>
      <f name="intensity" value="medium"/>
      <f name="id" value="xa"/>
    </fs>
  </a>
  <node xml:id="mpqa-n164">
    <link targets="mpqa-r164"/>
  </node>
  <a xml:id="mpqa-N68513" label="expressive-subjectivity" ref="mpqa-n164" as="mpqa">
    <fs>
      <f name="nested-source" value="w"/>
      <f name="polarity" value="positive"/>
      <f name="intensity" value="medium"/>
    </fs>
  </a>
  <node xml:id="mpqa-n165">
    <link targets="mpqa-r165"/>
  </node>
  <a xml:id="mpqa-N68541" label="inside" ref="mpqa-n165" as="mpqa">
    <fs>
      <f name="nested-source" value="w"/>
    </fs>
  </a>
  <node xml:id="mpqa-n166">
    <link targets="mpqa-r166"/>
  </node>
  <a xml:id="mpqa-N68561" label="direct-subjective" ref="mpqa-n166" as="mpqa">
    <fs>
      <f name="nested-source" value="w,a"/>
      <f name="attitude-link" value="xa"/>
      <f name="expression-intensity" value="neutral"/>
      <f name="intensity" value="medium"/>
      <f name="implicit" value="true"/>
    </fs>
  </a>
  <node xml:id="mpqa-n167">
    <link targets="mpqa-r167"/>
  </node>
  <a xml:id="mpqa-N68597" label="objective-speech-event" ref="mpqa-n167" as="mpqa">
    <fs>
      <f name="implicit" value="true"/>
      <f name="nested-source" value="w"/>
    </fs>
  </a>
  <node xml:id="mpqa-n168">
    <link targets="mpqa-r168"/>
  </node>
  <a xml:id="mpqa-N68621" label="split" ref="mpqa-n168" as="mpqa"/>
  <node xml:id="mpqa-n169">
    <link targets="mpqa-r169"/>
  </node>
  <a xml:id="mpqa-N68633" label="inside" ref="mpqa-n169" as="mpqa">
    <fs>
      <f name="nested-source" value="w"/>
    </fs>
  </a>
  <node xml:id="mpqa-n17">
    <link targets="mpqa-r17"/>
  </node>
  <a xml:id="mpqa-N68653" label="objective-speech-event" ref="mpqa-n17" as="mpqa">
    <fs>
      <f name="implicit" value="true"/>
      <f name="nested-source" value="w"/>
    </fs>
  </a>
  <node xml:id="mpqa-n170">
    <link targets="mpqa-r170"/>
  </node>
  <a xml:id="mpqa-N68677" label="objective-speech-event" ref="mpqa-n170" as="mpqa">
    <fs>
      <f name="implicit" value="true"/>
      <f name="nested-source" value="w"/>
    </fs>
  </a>
  <node xml:id="mpqa-n171">
    <link targets="mpqa-r171"/>
  </node>
  <a xml:id="mpqa-N68701" label="objective-speech-event" ref="mpqa-n171" as="mpqa">
    <fs>
      <f name="implicit" value="true"/>
      <f name="nested-source" value="w,b"/>
    </fs>
  </a>
  <node xml:id="mpqa-n172">
    <link targets="mpqa-r172"/>
  </node>
  <a xml:id="mpqa-N68725" label="direct-subjective" ref="mpqa-n172" as="mpqa">
    <fs>
      <f name="expression-intensity" value="neutral"/>
      <f name="intensity" value="medium"/>
      <f name="attitude-link" value="zatit"/>
      <f name="nested-source" value="w,b,b"/>
    </fs>
  </a>
  <node xml:id="mpqa-n173">
    <link targets="mpqa-r173"/>
  </node>
  <a xml:id="mpqa-N68757" label="agent" ref="mpqa-n173" as="mpqa">
    <fs>
      <f name="nested-source" value="w,b,b"/>
    </fs>
  </a>
  <node xml:id="mpqa-n174">
    <link targets="mpqa-r174"/>
  </node>
  <a xml:id="mpqa-N68777" label="attitude" ref="mpqa-n174" as="mpqa">
    <fs>
      <f name="id" value="zatit"/>
      <f name="target-link" value="beit"/>
      <f name="intensity" value="medium-high"/>
      <f name="attitude-type" value="arguing-pos"/>
    </fs>
  </a>
  <node xml:id="mpqa-n175">
    <link targets="mpqa-r175"/>
  </node>
  <a xml:id="mpqa-N68809" label="expressive-subjectivity" ref="mpqa-n175" as="mpqa">
    <fs>
      <f name="nested-source" value="w,b,b"/>
      <f name="polarity" value="neutral"/>
      <f name="intensity" value="high"/>
    </fs>
  </a>
  <node xml:id="mpqa-n176">
    <link targets="mpqa-r176"/>
  </node>
  <a xml:id="mpqa-N68837" label="target" ref="mpqa-n176" as="mpqa">
    <fs>
      <f name="id" value="beit"/>
    </fs>
  </a>
  <node xml:id="mpqa-n177">
    <link targets="mpqa-r177"/>
  </node>
  <a xml:id="mpqa-N68857" label="expressive-subjectivity" ref="mpqa-n177" as="mpqa">
    <fs>
      <f name="nested-source" value="w,b,b"/>
      <f name="polarity" value="neutral"/>
      <f name="intensity" value="medium"/>
    </fs>
  </a>
  <node xml:id="mpqa-n178">
    <link targets="mpqa-r178"/>
  </node>
  <a xml:id="mpqa-N68885" label="split" ref="mpqa-n178" as="mpqa"/>
  <node xml:id="mpqa-n179">
    <link targets="mpqa-r179"/>
  </node>
  <a xml:id="mpqa-N68897" label="inside" ref="mpqa-n179" as="mpqa">
    <fs>
      <f name="nested-source" value="w"/>
    </fs>
  </a>
  <node xml:id="mpqa-n18">
    <link targets="mpqa-r18"/>
  </node>
  <a xml:id="mpqa-N68917" label="agent" ref="mpqa-n18" as="mpqa">
    <fs>
      <f name="id" value="a"/>
      <f name="nested-source" value="w,a,a"/>
    </fs>
  </a>
  <node xml:id="mpqa-n180">
    <link targets="mpqa-r180"/>
  </node>
  <a xml:id="mpqa-N68941" label="attitude" ref="mpqa-n180" as="mpqa">
    <fs>
      <f name="id" value="alfal"/>
      <f name="target-link" value="lfl"/>
      <f name="intensity" value="low-medium"/>
      <f name="attitude-type" value="agree-pos"/>
    </fs>
  </a>
  <node xml:id="mpqa-n181">
    <link targets="mpqa-r181"/>
  </node>
  <a xml:id="mpqa-N68973" label="target" ref="mpqa-n181" as="mpqa">
    <fs>
      <f name="id" value="lfl"/>
    </fs>
  </a>
  <node xml:id="mpqa-n182">
    <link targets="mpqa-r182"/>
  </node>
  <a xml:id="mpqa-N68993" label="objective-speech-event" ref="mpqa-n182" as="mpqa">
    <fs>
      <f name="implicit" value="true"/>
      <f name="nested-source" value="w"/>
    </fs>
  </a>
  <node xml:id="mpqa-n183">
    <link targets="mpqa-r183"/>
  </node>
  <a xml:id="mpqa-N69017" label="direct-subjective" ref="mpqa-n183" as="mpqa">
    <fs>
      <f name="expression-intensity" value="neutral"/>
      <f name="intensity" value="medium"/>
      <f name="attitude-link" value="alfal"/>
      <f name="nested-source" value="w,a"/>
    </fs>
  </a>
  <node xml:id="mpqa-n184">
    <link targets="mpqa-r184"/>
  </node>
  <a xml:id="mpqa-N69049" label="split" ref="mpqa-n184" as="mpqa"/>
  <node xml:id="mpqa-n185">
    <link targets="mpqa-r185"/>
  </node>
  <a xml:id="mpqa-N69061" label="inside" ref="mpqa-n185" as="mpqa">
    <fs>
      <f name="nested-source" value="w"/>
    </fs>
  </a>
  <node xml:id="mpqa-n186">
    <link targets="mpqa-r186"/>
  </node>
  <a xml:id="mpqa-N69081" label="objective-speech-event" ref="mpqa-n186" as="mpqa">
    <fs>
      <f name="implicit" value="true"/>
      <f name="nested-source" value="w"/>
    </fs>
  </a>
  <node xml:id="mpqa-n187">
    <link targets="mpqa-r187"/>
  </node>
  <a xml:id="mpqa-N69105" label="direct-subjective" ref="mpqa-n187" as="mpqa">
    <fs>
      <f name="nested-source" value="w,b"/>
      <f name="attitude-link" value="somany,notminor,horror"/>
      <f name="intensity" value="extreme"/>
      <f name="expression-intensity" value="neutral"/>
      <f name="implicit" value="true"/>
    </fs>
  </a>
  <node xml:id="mpqa-n188">
    <link targets="mpqa-r188"/>
  </node>
  <a xml:id="mpqa-N69141" label="attitude" ref="mpqa-n188" as="mpqa">
    <fs>
      <f name="id" value="somany"/>
      <f name="target-link" value="msm"/>
      <f name="intensity" value="high"/>
      <f name="attitude-type" value="sentiment-neg"/>
    </fs>
  </a>
  <node xml:id="mpqa-n189">
    <link targets="mpqa-r189"/>
  </node>
  <a xml:id="mpqa-N69173" label="expressive-subjectivity" ref="mpqa-n189" as="mpqa">
    <fs>
      <f name="nested-source" value="w,b"/>
      <f name="polarity" value="negative"/>
      <f name="intensity" value="extreme"/>
    </fs>
  </a>
  <node xml:id="mpqa-n19">
    <link targets="mpqa-r19"/>
  </node>
  <a xml:id="mpqa-N69201" label="direct-subjective" ref="mpqa-n19" as="mpqa">
    <fs>
      <f name="expression-intensity" value="neutral"/>
      <f name="intensity" value="medium"/>
      <f name="attitude-link" value="should1,should2"/>
      <f name="nested-source" value="w,a,a"/>
    </fs>
  </a>
  <node xml:id="mpqa-n190">
    <link targets="mpqa-r190"/>
  </node>
  <a xml:id="mpqa-N69233" label="target" ref="mpqa-n190" as="mpqa">
    <fs>
      <f name="id" value="msm"/>
    </fs>
  </a>
  <node xml:id="mpqa-n191">
    <link targets="mpqa-r191"/>
  </node>
  <a xml:id="mpqa-N69253" label="attitude" ref="mpqa-n191" as="mpqa">
    <fs>
      <f name="id" value="notminor"/>
      <f name="target-link" value="minor"/>
      <f name="intensity" value="low-medium"/>
      <f name="attitude-type" value="arguing-neg"/>
    </fs>
  </a>
  <node xml:id="mpqa-n192">
    <link targets="mpqa-r192"/>
  </node>
  <a xml:id="mpqa-N69285" label="expressive-subjectivity" ref="mpqa-n192" as="mpqa">
    <fs>
      <f name="nested-source" value="w,b"/>
      <f name="polarity" value="negative"/>
      <f name="intensity" value="medium"/>
    </fs>
  </a>
  <node xml:id="mpqa-n193">
    <link targets="mpqa-r193"/>
  </node>
  <a xml:id="mpqa-N69313" label="target" ref="mpqa-n193" as="mpqa">
    <fs>
      <f name="id" value="minor"/>
    </fs>
  </a>
  <node xml:id="mpqa-n194">
    <link targets="mpqa-r194"/>
  </node>
  <a xml:id="mpqa-N69333" label="attitude" ref="mpqa-n194" as="mpqa">
    <fs>
      <f name="id" value="horror"/>
      <f name="target-link" value="smurders"/>
      <f name="intensity" value="high-extreme"/>
      <f name="attitude-type" value="sentiment-neg"/>
    </fs>
  </a>
  <node xml:id="mpqa-n195">
    <link targets="mpqa-r195"/>
  </node>
  <a xml:id="mpqa-N69365" label="expressive-subjectivity" ref="mpqa-n195" as="mpqa">
    <fs>
      <f name="nested-source" value="w,b"/>
      <f name="polarity" value="negative"/>
      <f name="intensity" value="extreme"/>
    </fs>
  </a>
  <node xml:id="mpqa-n196">
    <link targets="mpqa-r196"/>
  </node>
  <a xml:id="mpqa-N69393" label="target" ref="mpqa-n196" as="mpqa">
    <fs>
      <f name="id" value="smurders"/>
    </fs>
  </a>
  <node xml:id="mpqa-n197">
    <link targets="mpqa-r197"/>
  </node>
  <a xml:id="mpqa-N69413" label="split" ref="mpqa-n197" as="mpqa"/>
  <node xml:id="mpqa-n198">
    <link targets="mpqa-r198"/>
  </node>
  <a xml:id="mpqa-N69425" label="inside" ref="mpqa-n198" as="mpqa">
    <fs>
      <f name="nested-source" value="w"/>
    </fs>
  </a>
  <node xml:id="mpqa-n199">
    <link targets="mpqa-r199"/>
  </node>
  <a xml:id="mpqa-N69445" label="objective-speech-event" ref="mpqa-n199" as="mpqa">
    <fs>
      <f name="implicit" value="true"/>
      <f name="nested-source" value="w"/>
    </fs>
  </a>
  <node xml:id="mpqa-n2">
    <link targets="mpqa-r2"/>
  </node>
  <a xml:id="mpqa-N69469" label="direct-subjective" ref="mpqa-n2" as="mpqa"/>
  <node xml:id="mpqa-n20">
    <link targets="mpqa-r20"/>
  </node>
  <a xml:id="mpqa-N69481" label="attitude" ref="mpqa-n20" as="mpqa">
    <fs>
      <f name="id" value="should1"/>
      <f name="target-link" value="dp"/>
      <f name="intensity" value="medium"/>
      <f name="attitude-type" value="arguing-pos"/>
    </fs>
  </a>
  <node xml:id="mpqa-n200">
    <link targets="mpqa-r200"/>
  </node>
  <a xml:id="mpqa-N69513" label="objective-speech-event" ref="mpqa-n200" as="mpqa">
    <fs>
      <f name="implicit" value="true"/>
      <f name="nested-source" value="w,a"/>
    </fs>
  </a>
  <node xml:id="mpqa-n201">
    <link targets="mpqa-r201"/>
  </node>
  <a xml:id="mpqa-N69537" label="target" ref="mpqa-n201" as="mpqa">
    <fs>
      <f name="id" value="manson"/>
    </fs>
  </a>
  <node xml:id="mpqa-n202">
    <link targets="mpqa-r202"/>
  </node>
  <a xml:id="mpqa-N69557" label="split" ref="mpqa-n202" as="mpqa"/>
  <node xml:id="mpqa-n203">
    <link targets="mpqa-r203"/>
  </node>
  <a xml:id="mpqa-N69569" label="inside" ref="mpqa-n203" as="mpqa">
    <fs>
      <f name="nested-source" value="w"/>
    </fs>
  </a>
  <node xml:id="mpqa-n204">
    <link targets="mpqa-r204"/>
  </node>
  <a xml:id="mpqa-N69589" label="objective-speech-event" ref="mpqa-n204" as="mpqa">
    <fs>
      <f name="implicit" value="true"/>
      <f name="nested-source" value="w"/>
    </fs>
  </a>
  <node xml:id="mpqa-n205">
    <link targets="mpqa-r205"/>
  </node>
  <a xml:id="mpqa-N69613" label="direct-subjective" ref="mpqa-n205" as="mpqa">
    <fs>
      <f name="nested-source" value="w,b"/>
      <f name="attitude-link" value="more"/>
      <f name="implicit" value="true"/>
      <f name="intensity" value="medium"/>
      <f name="expression-intensity" value="neutral"/>
    </fs>
  </a>
  <node xml:id="mpqa-n206">
    <link targets="mpqa-r206"/>
  </node>
  <a xml:id="mpqa-N69649" label="attitude" ref="mpqa-n206" as="mpqa">
    <fs>
      <f name="id" value="more"/>
      <f name="target-link" value="msm"/>
      <f name="intensity" value="medium"/>
      <f name="attitude-type" value="arguing-pos"/>
    </fs>
  </a>
  <node xml:id="mpqa-n207">
    <link targets="mpqa-r207"/>
  </node>
  <a xml:id="mpqa-N69681" label="expressive-subjectivity" ref="mpqa-n207" as="mpqa">
    <fs>
      <f name="nested-source" value="w,b"/>
      <f name="polarity" value="neutral"/>
      <f name="intensity" value="medium"/>
    </fs>
  </a>
  <node xml:id="mpqa-n208">
    <link targets="mpqa-r208"/>
  </node>
  <a xml:id="mpqa-N69709" label="split" ref="mpqa-n208" as="mpqa"/>
  <node xml:id="mpqa-n209">
    <link targets="mpqa-r209"/>
  </node>
  <a xml:id="mpqa-N69721" label="inside" ref="mpqa-n209" as="mpqa">
    <fs>
      <f name="nested-source" value="w"/>
    </fs>
  </a>
  <node xml:id="mpqa-n21">
    <link targets="mpqa-r21"/>
  </node>
  <a xml:id="mpqa-N69741" label="expressive-subjectivity" ref="mpqa-n21" as="mpqa">
    <fs>
      <f name="nested-source" value="w,a,a"/>
      <f name="polarity" value="neutral"/>
      <f name="intensity" value="medium"/>
    </fs>
  </a>
  <node xml:id="mpqa-n210">
    <link targets="mpqa-r210"/>
  </node>
  <a xml:id="mpqa-N69769" label="expressive-subjectivity" ref="mpqa-n210" as="mpqa">
    <fs>
      <f name="nested-source" value="w,a"/>
      <f name="polarity" value="neutral"/>
      <f name="intensity" value="high"/>
    </fs>
  </a>
  <node xml:id="mpqa-n211">
    <link targets="mpqa-r211"/>
  </node>
  <a xml:id="mpqa-N69797" label="objective-speech-event" ref="mpqa-n211" as="mpqa">
    <fs>
      <f name="implicit" value="true"/>
      <f name="nested-source" value="w"/>
    </fs>
  </a>
  <node xml:id="mpqa-n212">
    <link targets="mpqa-r212"/>
  </node>
  <a xml:id="mpqa-N69821" label="attitude" ref="mpqa-n212" as="mpqa">
    <fs>
      <f name="id" value="notallowed"/>
      <f name="target-link" value="manson"/>
      <f name="intensity" value="high"/>
      <f name="attitude-type" value="arguing-neg"/>
    </fs>
  </a>
  <node xml:id="mpqa-n213">
    <link targets="mpqa-r213"/>
  </node>
  <a xml:id="mpqa-N69853" label="expressive-subjectivity" ref="mpqa-n213" as="mpqa">
    <fs>
      <f name="nested-source" value="w,a"/>
      <f name="polarity" value="neutral"/>
      <f name="intensity" value="medium"/>
    </fs>
  </a>
  <node xml:id="mpqa-n214">
    <link targets="mpqa-r214"/>
  </node>
  <a xml:id="mpqa-N69881" label="split" ref="mpqa-n214" as="mpqa"/>
  <node xml:id="mpqa-n215">
    <link targets="mpqa-r215"/>
  </node>
  <a xml:id="mpqa-N69893" label="inside" ref="mpqa-n215" as="mpqa">
    <fs>
      <f name="nested-source" value="w"/>
    </fs>
  </a>
  <node xml:id="mpqa-n216">
    <link targets="mpqa-r216"/>
  </node>
  <a xml:id="mpqa-N69913" label="objective-speech-event" ref="mpqa-n216" as="mpqa">
    <fs>
      <f name="implicit" value="true"/>
      <f name="nested-source" value="w,b"/>
    </fs>
  </a>
  <node xml:id="mpqa-n217">
    <link targets="mpqa-r217"/>
  </node>
  <a xml:id="mpqa-N69937" label="objective-speech-event" ref="mpqa-n217" as="mpqa">
    <fs>
      <f name="implicit" value="true"/>
      <f name="nested-source" value="w"/>
    </fs>
  </a>
  <node xml:id="mpqa-n218">
    <link targets="mpqa-r218"/>
  </node>
  <a xml:id="mpqa-N69961" label="split" ref="mpqa-n218" as="mpqa"/>
  <node xml:id="mpqa-n219">
    <link targets="mpqa-r219"/>
  </node>
  <a xml:id="mpqa-N69973" label="inside" ref="mpqa-n219" as="mpqa">
    <fs>
      <f name="nested-source" value="w"/>
    </fs>
  </a>
  <node xml:id="mpqa-n22">
    <link targets="mpqa-r22"/>
  </node>
  <a xml:id="mpqa-N69993" label="split" ref="mpqa-n22" as="mpqa"/>
  <node xml:id="mpqa-n220">
    <link targets="mpqa-r220"/>
  </node>
  <a xml:id="mpqa-N70005" label="objective-speech-event" ref="mpqa-n220" as="mpqa">
    <fs>
      <f name="implicit" value="true"/>
      <f name="nested-source" value="w"/>
    </fs>
  </a>
  <node xml:id="mpqa-n221">
    <link targets="mpqa-r221"/>
  </node>
  <a xml:id="mpqa-N70029" label="objective-speech-event" ref="mpqa-n221" as="mpqa">
    <fs>
      <f name="implicit" value="true"/>
      <f name="nested-source" value="w,b"/>
    </fs>
  </a>
  <node xml:id="mpqa-n222">
    <link targets="mpqa-r222"/>
  </node>
  <a xml:id="mpqa-N70053" label="split" ref="mpqa-n222" as="mpqa"/>
  <node xml:id="mpqa-n223">
    <link targets="mpqa-r223"/>
  </node>
  <a xml:id="mpqa-N70065" label="inside" ref="mpqa-n223" as="mpqa">
    <fs>
      <f name="nested-source" value="w"/>
    </fs>
  </a>
  <node xml:id="mpqa-n224">
    <link targets="mpqa-r224"/>
  </node>
  <a xml:id="mpqa-N70085" label="objective-speech-event" ref="mpqa-n224" as="mpqa">
    <fs>
      <f name="implicit" value="true"/>
      <f name="nested-source" value="w,a"/>
    </fs>
  </a>
  <node xml:id="mpqa-n225">
    <link targets="mpqa-r225"/>
  </node>
  <a xml:id="mpqa-N70109" label="objective-speech-event" ref="mpqa-n225" as="mpqa">
    <fs>
      <f name="implicit" value="true"/>
      <f name="nested-source" value="w"/>
    </fs>
  </a>
  <node xml:id="mpqa-n226">
    <link targets="mpqa-r226"/>
  </node>
  <a xml:id="mpqa-N70133" label="target" ref="mpqa-n226" as="mpqa">
    <fs>
      <f name="id" value="wv1"/>
    </fs>
  </a>
  <node xml:id="mpqa-n227">
    <link targets="mpqa-r227"/>
  </node>
  <a xml:id="mpqa-N70153" label="split" ref="mpqa-n227" as="mpqa"/>
  <node xml:id="mpqa-n228">
    <link targets="mpqa-r228"/>
  </node>
  <a xml:id="mpqa-N70165" label="inside" ref="mpqa-n228" as="mpqa">
    <fs>
      <f name="nested-source" value="w"/>
    </fs>
  </a>
  <node xml:id="mpqa-n229">
    <link targets="mpqa-r229"/>
  </node>
  <a xml:id="mpqa-N70185" label="direct-subjective" ref="mpqa-n229" as="mpqa">
    <fs>
      <f name="nested-source" value="w,a"/>
      <f name="attitude-link" value="bammer"/>
      <f name="intensity" value="medium"/>
      <f name="expression-intensity" value="neutral"/>
      <f name="implicit" value="true"/>
    </fs>
  </a>
  <node xml:id="mpqa-n23">
    <link targets="mpqa-r23"/>
  </node>
  <a xml:id="mpqa-N70221" label="inside" ref="mpqa-n23" as="mpqa">
    <fs>
      <f name="nested-source" value="w"/>
    </fs>
  </a>
  <node xml:id="mpqa-n230">
    <link targets="mpqa-r230"/>
  </node>
  <a xml:id="mpqa-N70241" label="objective-speech-event" ref="mpqa-n230" as="mpqa">
    <fs>
      <f name="implicit" value="true"/>
      <f name="nested-source" value="w"/>
    </fs>
  </a>
  <node xml:id="mpqa-n231">
    <link targets="mpqa-r231"/>
  </node>
  <a xml:id="mpqa-N70265" label="attitude" ref="mpqa-n231" as="mpqa">
    <fs>
      <f name="id" value="unner"/>
      <f name="target-link" value="wv1,wv2"/>
      <f name="intensity" value="low"/>
      <f name="attitude-type" value="other-attitude"/>
    </fs>
  </a>
  <node xml:id="mpqa-n232">
    <link targets="mpqa-r232"/>
  </node>
  <a xml:id="mpqa-N70297" label="direct-subjective" ref="mpqa-n232" as="mpqa">
    <fs>
      <f name="expression-intensity" value="low"/>
      <f name="intensity" value="low"/>
      <f name="attitude-link" value="unner"/>
      <f name="nested-source" value="w,a,a"/>
    </fs>
  </a>
  <node xml:id="mpqa-n233">
    <link targets="mpqa-r233"/>
  </node>
  <a xml:id="mpqa-N70329" label="agent" ref="mpqa-n233" as="mpqa">
    <fs>
      <f name="nested-source" value="w,a,a"/>
    </fs>
  </a>
  <node xml:id="mpqa-n234">
    <link targets="mpqa-r234"/>
  </node>
  <a xml:id="mpqa-N70349" label="target" ref="mpqa-n234" as="mpqa">
    <fs>
      <f name="id" value="wv2"/>
    </fs>
  </a>
  <node xml:id="mpqa-n235">
    <link targets="mpqa-r235"/>
  </node>
  <a xml:id="mpqa-N70369" label="attitude" ref="mpqa-n235" as="mpqa">
    <fs>
      <f name="id" value="bammer"/>
      <f name="target-link" value="daguy"/>
      <f name="intensity" value="medium-high"/>
      <f name="attitude-type" value="sentiment-neg"/>
    </fs>
  </a>
  <node xml:id="mpqa-n236">
    <link targets="mpqa-r236"/>
  </node>
  <a xml:id="mpqa-N70401" label="expressive-subjectivity" ref="mpqa-n236" as="mpqa">
    <fs>
      <f name="nested-source" value="w,a"/>
      <f name="polarity" value="neutral"/>
      <f name="intensity" value="high"/>
    </fs>
  </a>
  <node xml:id="mpqa-n237">
    <link targets="mpqa-r237"/>
  </node>
  <a xml:id="mpqa-N70429" label="target" ref="mpqa-n237" as="mpqa">
    <fs>
      <f name="id" value="daguy"/>
      <f name="target-uncertain" value="somewhat-uncertain"/>
    </fs>
  </a>
  <node xml:id="mpqa-n238">
    <link targets="mpqa-r238"/>
  </node>
  <a xml:id="mpqa-N70453" label="expressive-subjectivity" ref="mpqa-n238" as="mpqa">
    <fs>
      <f name="nested-source" value="w,a"/>
      <f name="polarity" value="negative"/>
      <f name="intensity" value="medium"/>
    </fs>
  </a>
  <node xml:id="mpqa-n239">
    <link targets="mpqa-r239"/>
  </node>
  <a xml:id="mpqa-N70481" label="split" ref="mpqa-n239" as="mpqa"/>
  <node xml:id="mpqa-n24">
    <link targets="mpqa-r24"/>
  </node>
  <a xml:id="mpqa-N70493" label="objective-speech-event" ref="mpqa-n24" as="mpqa">
    <fs>
      <f name="implicit" value="true"/>
      <f name="nested-source" value="w,b"/>
    </fs>
  </a>
  <node xml:id="mpqa-n240">
    <link targets="mpqa-r240"/>
  </node>
  <a xml:id="mpqa-N70517" label="inside" ref="mpqa-n240" as="mpqa">
    <fs>
      <f name="nested-source" value="w"/>
    </fs>
  </a>
  <node xml:id="mpqa-n241">
    <link targets="mpqa-r241"/>
  </node>
  <a xml:id="mpqa-N70537" label="objective-speech-event" ref="mpqa-n241" as="mpqa">
    <fs>
      <f name="implicit" value="true"/>
      <f name="nested-source" value="w,a"/>
    </fs>
  </a>
  <node xml:id="mpqa-n242">
    <link targets="mpqa-r242"/>
  </node>
  <a xml:id="mpqa-N70561" label="objective-speech-event" ref="mpqa-n242" as="mpqa">
    <fs>
      <f name="implicit" value="true"/>
      <f name="nested-source" value="w"/>
    </fs>
  </a>
  <node xml:id="mpqa-n243">
    <link targets="mpqa-r243"/>
  </node>
  <a xml:id="mpqa-N70585" label="split" ref="mpqa-n243" as="mpqa"/>
  <node xml:id="mpqa-n244">
    <link targets="mpqa-r244"/>
  </node>
  <a xml:id="mpqa-N70597" label="inside" ref="mpqa-n244" as="mpqa">
    <fs>
      <f name="nested-source" value="w"/>
    </fs>
  </a>
  <node xml:id="mpqa-n245">
    <link targets="mpqa-r245"/>
  </node>
  <a xml:id="mpqa-N70617" label="objective-speech-event" ref="mpqa-n245" as="mpqa">
    <fs>
      <f name="implicit" value="true"/>
      <f name="nested-source" value="w,b"/>
    </fs>
  </a>
  <node xml:id="mpqa-n246">
    <link targets="mpqa-r246"/>
  </node>
  <a xml:id="mpqa-N70641" label="objective-speech-event" ref="mpqa-n246" as="mpqa">
    <fs>
      <f name="implicit" value="true"/>
      <f name="nested-source" value="w"/>
    </fs>
  </a>
  <node xml:id="mpqa-n247">
    <link targets="mpqa-r247"/>
  </node>
  <a xml:id="mpqa-N70665" label="split" ref="mpqa-n247" as="mpqa"/>
  <node xml:id="mpqa-n248">
    <link targets="mpqa-r248"/>
  </node>
  <a xml:id="mpqa-N70677" label="inside" ref="mpqa-n248" as="mpqa">
    <fs>
      <f name="nested-source" value="w"/>
    </fs>
  </a>
  <node xml:id="mpqa-n249">
    <link targets="mpqa-r249"/>
  </node>
  <a xml:id="mpqa-N70697" label="objective-speech-event" ref="mpqa-n249" as="mpqa">
    <fs>
      <f name="implicit" value="true"/>
      <f name="nested-source" value="w"/>
    </fs>
  </a>
  <node xml:id="mpqa-n25">
    <link targets="mpqa-r25"/>
  </node>
  <a xml:id="mpqa-N70721" label="objective-speech-event" ref="mpqa-n25" as="mpqa">
    <fs>
      <f name="implicit" value="true"/>
      <f name="nested-source" value="w"/>
    </fs>
  </a>
  <node xml:id="mpqa-n250">
    <link targets="mpqa-r250"/>
  </node>
  <a xml:id="mpqa-N70745" label="objective-speech-event" ref="mpqa-n250" as="mpqa">
    <fs>
      <f name="implicit" value="true"/>
      <f name="nested-source" value="w,a"/>
    </fs>
  </a>
  <node xml:id="mpqa-n251">
    <link targets="mpqa-r251"/>
  </node>
  <a xml:id="mpqa-N70769" label="direct-subjective" ref="mpqa-n251" as="mpqa">
    <fs>
      <f name="intensity" value="low"/>
      <f name="expression-intensity" value="low"/>
      <f name="insubstantial" value="c2"/>
      <f name="nested-source" value="w,a,implicit"/>
    </fs>
  </a>
  <node xml:id="mpqa-n252">
    <link targets="mpqa-r252"/>
  </node>
  <a xml:id="mpqa-N70801" label="attitude" ref="mpqa-n252" as="mpqa">
    <fs>
      <f name="id" value="ask1"/>
      <f name="target-link" value="asked"/>
      <f name="intensity" value="low-medium"/>
      <f name="attitude-type" value="sentiment-pos"/>
    </fs>
  </a>
  <node xml:id="mpqa-n253">
    <link targets="mpqa-r253"/>
  </node>
  <a xml:id="mpqa-N70833" label="direct-subjective" ref="mpqa-n253" as="mpqa">
    <fs>
      <f name="nested-source" value="w,a,implicit"/>
      <f name="polarity" value="positive"/>
      <f name="attitude-link" value="ask1"/>
      <f name="intensity" value="low"/>
      <f name="expression-intensity" value="low"/>
    </fs>
  </a>
  <node xml:id="mpqa-n254">
    <link targets="mpqa-r254"/>
  </node>
  <a xml:id="mpqa-N70869" label="target" ref="mpqa-n254" as="mpqa">
    <fs>
      <f name="id" value="asked"/>
    </fs>
  </a>
  <node xml:id="mpqa-n255">
    <link targets="mpqa-r255"/>
  </node>
  <a xml:id="mpqa-N70889" label="attitude" ref="mpqa-n255" as="mpqa">
    <fs>
      <f name="id" value="mysay"/>
      <f name="target-link" value="regvo"/>
      <f name="intensity" value="medium-high"/>
      <f name="attitude-type" value="arguing-pos"/>
    </fs>
  </a>
  <node xml:id="mpqa-n256">
    <link targets="mpqa-r256"/>
  </node>
  <a xml:id="mpqa-N70921" label="direct-subjective" ref="mpqa-n256" as="mpqa">
    <fs>
      <f name="expression-intensity" value="low"/>
      <f name="intensity" value="medium"/>
      <f name="attitude-link" value="mysay"/>
      <f name="nested-source" value="w,a,a"/>
    </fs>
  </a>
  <node xml:id="mpqa-n257">
    <link targets="mpqa-r257"/>
  </node>
  <a xml:id="mpqa-N70953" label="agent" ref="mpqa-n257" as="mpqa">
    <fs>
      <f name="nested-source" value="w,a,a"/>
    </fs>
  </a>
  <node xml:id="mpqa-n258">
    <link targets="mpqa-r258"/>
  </node>
  <a xml:id="mpqa-N70973" label="expressive-subjectivity" ref="mpqa-n258" as="mpqa">
    <fs>
      <f name="nested-source" value="w,a,a"/>
      <f name="polarity" value="neutral"/>
      <f name="intensity" value="medium"/>
    </fs>
  </a>
  <node xml:id="mpqa-n259">
    <link targets="mpqa-r259"/>
  </node>
  <a xml:id="mpqa-N71001" label="target" ref="mpqa-n259" as="mpqa">
    <fs>
      <f name="id" value="regvo"/>
    </fs>
  </a>
  <node xml:id="mpqa-n26">
    <link targets="mpqa-r26"/>
  </node>
  <a xml:id="mpqa-N71021" label="split" ref="mpqa-n26" as="mpqa"/>
  <node xml:id="mpqa-n260">
    <link targets="mpqa-r260"/>
  </node>
  <a xml:id="mpqa-N71033" label="attitude" ref="mpqa-n260" as="mpqa">
    <fs>
      <f name="id" value="8"/>
      <f name="target-link" value="be8"/>
      <f name="intensity" value="low-medium"/>
      <f name="attitude-type" value="arguing-pos"/>
    </fs>
  </a>
  <node xml:id="mpqa-n261">
    <link targets="mpqa-r261"/>
  </node>
  <a xml:id="mpqa-N71065" label="direct-subjective" ref="mpqa-n261" as="mpqa">
    <fs>
      <f name="nested-source" value="w,a,a"/>
      <f name="polarity" value="neutral"/>
      <f name="attitude-link" value="8"/>
      <f name="intensity" value="low"/>
      <f name="expression-intensity" value="low"/>
    </fs>
  </a>
  <node xml:id="mpqa-n262">
    <link targets="mpqa-r262"/>
  </node>
  <a xml:id="mpqa-N71101" label="agent" ref="mpqa-n262" as="mpqa">
    <fs>
      <f name="nested-source" value="w,a,a"/>
    </fs>
  </a>
  <node xml:id="mpqa-n263">
    <link targets="mpqa-r263"/>
  </node>
  <a xml:id="mpqa-N71121" label="target" ref="mpqa-n263" as="mpqa">
    <fs>
      <f name="id" value="be8"/>
    </fs>
  </a>
  <node xml:id="mpqa-n264">
    <link targets="mpqa-r264"/>
  </node>
  <a xml:id="mpqa-N71141" label="split" ref="mpqa-n264" as="mpqa"/>
  <node xml:id="mpqa-n265">
    <link targets="mpqa-r265"/>
  </node>
  <a xml:id="mpqa-N71153" label="inside" ref="mpqa-n265" as="mpqa">
    <fs>
      <f name="nested-source" value="w"/>
    </fs>
  </a>
  <node xml:id="mpqa-n266">
    <link targets="mpqa-r266"/>
  </node>
  <a xml:id="mpqa-N71173" label="objective-speech-event" ref="mpqa-n266" as="mpqa">
    <fs>
      <f name="implicit" value="true"/>
      <f name="nested-source" value="w"/>
    </fs>
  </a>
  <node xml:id="mpqa-n267">
    <link targets="mpqa-r267"/>
  </node>
  <a xml:id="mpqa-N71197" label="objective-speech-event" ref="mpqa-n267" as="mpqa">
    <fs>
      <f name="implicit" value="true"/>
      <f name="nested-source" value="w,a"/>
    </fs>
  </a>
  <node xml:id="mpqa-n268">
    <link targets="mpqa-r268"/>
  </node>
  <a xml:id="mpqa-N71221" label="agent" ref="mpqa-n268" as="mpqa">
    <fs>
      <f name="id" value="70"/>
      <f name="nested-source" value="w,a,70"/>
    </fs>
  </a>
  <node xml:id="mpqa-n269">
    <link targets="mpqa-r269"/>
  </node>
  <a xml:id="mpqa-N71245" label="direct-subjective" ref="mpqa-n269" as="mpqa">
    <fs>
      <f name="expression-intensity" value="neutral"/>
      <f name="intensity" value="medium"/>
      <f name="attitude-link" value="gilt"/>
      <f name="nested-source" value="w,a,70"/>
    </fs>
  </a>
  <node xml:id="mpqa-n27">
    <link targets="mpqa-r27"/>
  </node>
  <a xml:id="mpqa-N71277" label="inside" ref="mpqa-n27" as="mpqa">
    <fs>
      <f name="nested-source" value="w"/>
    </fs>
  </a>
  <node xml:id="mpqa-n270">
    <link targets="mpqa-r270"/>
  </node>
  <a xml:id="mpqa-N71297" label="expressive-subjectivity" ref="mpqa-n270" as="mpqa">
    <fs>
      <f name="nested-source" value="w,a,70"/>
      <f name="polarity" value="neutral"/>
      <f name="intensity" value="medium"/>
    </fs>
  </a>
  <node xml:id="mpqa-n271">
    <link targets="mpqa-r271"/>
  </node>
  <a xml:id="mpqa-N71325" label="split" ref="mpqa-n271" as="mpqa"/>
  <node xml:id="mpqa-n272">
    <link targets="mpqa-r272"/>
  </node>
  <a xml:id="mpqa-N71337" label="inside" ref="mpqa-n272" as="mpqa">
    <fs>
      <f name="nested-source" value="w"/>
    </fs>
  </a>
  <node xml:id="mpqa-n273">
    <link targets="mpqa-r273"/>
  </node>
  <a xml:id="mpqa-N71357" label="direct-subjective" ref="mpqa-n273" as="mpqa">
    <fs>
      <f name="nested-source" value="w,b"/>
      <f name="attitude-link" value="wound,disp"/>
      <f name="implicit" value="true"/>
      <f name="intensity" value="medium"/>
      <f name="expression-intensity" value="neutral"/>
    </fs>
  </a>
  <node xml:id="mpqa-n274">
    <link targets="mpqa-r274"/>
  </node>
  <a xml:id="mpqa-N71393" label="objective-speech-event" ref="mpqa-n274" as="mpqa">
    <fs>
      <f name="implicit" value="true"/>
      <f name="nested-source" value="w"/>
    </fs>
  </a>
  <node xml:id="mpqa-n275">
    <link targets="mpqa-r275"/>
  </node>
  <a xml:id="mpqa-N71417" label="attitude" ref="mpqa-n275" as="mpqa">
    <fs>
      <f name="id" value="disp"/>
      <f name="target-link" value="retrial"/>
      <f name="intensity" value="medium"/>
      <f name="attitude-type" value="sentiment-neg"/>
    </fs>
  </a>
  <node xml:id="mpqa-n276">
    <link targets="mpqa-r276"/>
  </node>
  <a xml:id="mpqa-N71449" label="expressive-subjectivity" ref="mpqa-n276" as="mpqa">
    <fs>
      <f name="nested-source" value="w,b"/>
      <f name="polarity" value="negative"/>
      <f name="intensity" value="medium"/>
    </fs>
  </a>
  <node xml:id="mpqa-n277">
    <link targets="mpqa-r277"/>
  </node>
  <a xml:id="mpqa-N71477" label="target" ref="mpqa-n277" as="mpqa">
    <fs>
      <f name="id" value="retrial"/>
    </fs>
  </a>
  <node xml:id="mpqa-n278">
    <link targets="mpqa-r278"/>
  </node>
  <a xml:id="mpqa-N71497" label="attitude" ref="mpqa-n278" as="mpqa">
    <fs>
      <f name="id" value="wound"/>
      <f name="target-link" value="kdt"/>
      <f name="intensity" value="medium"/>
      <f name="attitude-type" value="sentiment-neg"/>
    </fs>
  </a>
  <node xml:id="mpqa-n279">
    <link targets="mpqa-r279"/>
  </node>
  <a xml:id="mpqa-N71529" label="expressive-subjectivity" ref="mpqa-n279" as="mpqa">
    <fs>
      <f name="nested-source" value="w,b"/>
      <f name="polarity" value="negative"/>
      <f name="intensity" value="high"/>
    </fs>
  </a>
  <node xml:id="mpqa-n28">
    <link targets="mpqa-r28"/>
  </node>
  <a xml:id="mpqa-N71557" label="attitude" ref="mpqa-n28" as="mpqa">
    <fs>
      <f name="id" value="should2"/>
      <f name="target-link" value="dp"/>
      <f name="intensity" value="medium"/>
      <f name="attitude-type" value="arguing-pos"/>
    </fs>
  </a>
  <node xml:id="mpqa-n280">
    <link targets="mpqa-r280"/>
  </node>
  <a xml:id="mpqa-N71589" label="target" ref="mpqa-n280" as="mpqa">
    <fs>
      <f name="id" value="kdt"/>
    </fs>
  </a>
  <node xml:id="mpqa-n281">
    <link targets="mpqa-r281"/>
  </node>
  <a xml:id="mpqa-N71609" label="split" ref="mpqa-n281" as="mpqa"/>
  <node xml:id="mpqa-n282">
    <link targets="mpqa-r282"/>
  </node>
  <a xml:id="mpqa-N71621" label="inside" ref="mpqa-n282" as="mpqa">
    <fs>
      <f name="nested-source" value="w"/>
    </fs>
  </a>
  <node xml:id="mpqa-n283">
    <link targets="mpqa-r283"/>
  </node>
  <a xml:id="mpqa-N71641" label="attitude" ref="mpqa-n283" as="mpqa">
    <fs>
      <f name="id" value="gilt"/>
      <f name="target-link" value="gg"/>
      <f name="intensity" value="medium"/>
      <f name="attitude-type" value="arguing-pos"/>
    </fs>
  </a>
  <node xml:id="mpqa-n284">
    <link targets="mpqa-r284"/>
  </node>
  <a xml:id="mpqa-N71673" label="objective-speech-event" ref="mpqa-n284" as="mpqa">
    <fs>
      <f name="implicit" value="true"/>
      <f name="nested-source" value="w"/>
    </fs>
  </a>
  <node xml:id="mpqa-n285">
    <link targets="mpqa-r285"/>
  </node>
  <a xml:id="mpqa-N71697" label="objective-speech-event" ref="mpqa-n285" as="mpqa">
    <fs>
      <f name="implicit" value="true"/>
      <f name="nested-source" value="w,a"/>
    </fs>
  </a>
  <node xml:id="mpqa-n286">
    <link targets="mpqa-r286"/>
  </node>
  <a xml:id="mpqa-N71721" label="target" ref="mpqa-n286" as="mpqa">
    <fs>
      <f name="id" value="gg"/>
    </fs>
  </a>
  <node xml:id="mpqa-n287">
    <link targets="mpqa-r287"/>
  </node>
  <a xml:id="mpqa-N71741" label="split" ref="mpqa-n287" as="mpqa"/>
  <node xml:id="mpqa-n288">
    <link targets="mpqa-r288"/>
  </node>
  <a xml:id="mpqa-N71753" label="expressive-subjectivity" ref="mpqa-n288" as="mpqa">
    <fs>
      <f name="nested-source" value="w,a"/>
      <f name="polarity" value="positive"/>
      <f name="intensity" value="medium"/>
    </fs>
  </a>
  <node xml:id="mpqa-n289">
    <link targets="mpqa-r289"/>
  </node>
  <a xml:id="mpqa-N71781" label="attitude" ref="mpqa-n289" as="mpqa">
    <fs>
      <f name="id" value="xact"/>
      <f name="intensity" value="medium"/>
      <f name="attitude-type" value="agree-pos"/>
    </fs>
  </a>
  <node xml:id="mpqa-n29">
    <link targets="mpqa-r29"/>
  </node>
  <a xml:id="mpqa-N71809" label="target" ref="mpqa-n29" as="mpqa">
    <fs>
      <f name="id" value="dp"/>
    </fs>
  </a>
  <node xml:id="mpqa-n290">
    <link targets="mpqa-r290"/>
  </node>
  <a xml:id="mpqa-N71829" label="inside" ref="mpqa-n290" as="mpqa">
    <fs>
      <f name="nested-source" value="w"/>
    </fs>
  </a>
  <node xml:id="mpqa-n291">
    <link targets="mpqa-r291"/>
  </node>
  <a xml:id="mpqa-N71849" label="direct-subjective" ref="mpqa-n291" as="mpqa">
    <fs>
      <f name="nested-source" value="w,a"/>
      <f name="attitude-link" value="xact"/>
      <f name="intensity" value="medium"/>
      <f name="expression-intensity" value="neutral"/>
      <f name="implicit" value="true"/>
    </fs>
  </a>
  <node xml:id="mpqa-n292">
    <link targets="mpqa-r292"/>
  </node>
  <a xml:id="mpqa-N71885" label="objective-speech-event" ref="mpqa-n292" as="mpqa">
    <fs>
      <f name="implicit" value="true"/>
      <f name="nested-source" value="w"/>
    </fs>
  </a>
  <node xml:id="mpqa-n293">
    <link targets="mpqa-r293"/>
  </node>
  <a xml:id="mpqa-N71909" label="inside" ref="mpqa-n293" as="mpqa">
    <fs>
      <f name="nested-source" value="w"/>
    </fs>
  </a>
  <node xml:id="mpqa-n294">
    <link targets="mpqa-r294"/>
  </node>
  <a xml:id="mpqa-N71929" label="inside" ref="mpqa-n294" as="mpqa">
    <fs>
      <f name="nested-source" value="w"/>
    </fs>
  </a>
  <node xml:id="mpqa-n295">
    <link targets="mpqa-r295"/>
  </node>
  <a xml:id="mpqa-N71949" label="inside" ref="mpqa-n295" as="mpqa">
    <fs>
      <f name="nested-source" value="w"/>
    </fs>
  </a>
  <node xml:id="mpqa-n296">
    <link targets="mpqa-r296"/>
  </node>
  <a xml:id="mpqa-N71969" label="inside" ref="mpqa-n296" as="mpqa">
    <fs>
      <f name="nested-source" value="w"/>
    </fs>
  </a>
  <node xml:id="mpqa-n297">
    <link targets="mpqa-r297"/>
  </node>
  <a xml:id="mpqa-N71989" label="inside" ref="mpqa-n297" as="mpqa">
    <fs>
      <f name="nested-source" value="w"/>
    </fs>
  </a>
  <node xml:id="mpqa-n298">
    <link targets="mpqa-r298"/>
  </node>
  <a xml:id="mpqa-N72009" label="inside" ref="mpqa-n298" as="mpqa">
    <fs>
      <f name="nested-source" value="w"/>
    </fs>
  </a>
  <node xml:id="mpqa-n299">
    <link targets="mpqa-r299"/>
  </node>
  <a xml:id="mpqa-N72029" label="inside" ref="mpqa-n299" as="mpqa">
    <fs>
      <f name="nested-source" value="w"/>
    </fs>
  </a>
  <node xml:id="mpqa-n3">
    <link targets="mpqa-r3"/>
  </node>
  <a xml:id="mpqa-N72049" label="expressive-subjectivity" ref="mpqa-n3" as="mpqa"/>
  <node xml:id="mpqa-n30">
    <link targets="mpqa-r30"/>
  </node>
  <a xml:id="mpqa-N72061" label="objective-speech-event" ref="mpqa-n30" as="mpqa">
    <fs>
      <f name="nested-source" value="w,a"/>
      <f name="implicit" value="true"/>
    </fs>
  </a>
  <node xml:id="mpqa-n300">
    <link targets="mpqa-r300"/>
  </node>
  <a xml:id="mpqa-N72085" label="inside" ref="mpqa-n300" as="mpqa">
    <fs>
      <f name="nested-source" value="w"/>
    </fs>
  </a>
  <node xml:id="mpqa-n301">
    <link targets="mpqa-r301"/>
  </node>
  <a xml:id="mpqa-N72105" label="inside" ref="mpqa-n301" as="mpqa">
    <fs>
      <f name="nested-source" value="w"/>
    </fs>
  </a>
  <node xml:id="mpqa-n302">
    <link targets="mpqa-r302"/>
  </node>
  <a xml:id="mpqa-N72125" label="inside" ref="mpqa-n302" as="mpqa">
    <fs>
      <f name="nested-source" value="w"/>
    </fs>
  </a>
  <node xml:id="mpqa-n303">
    <link targets="mpqa-r303"/>
  </node>
  <a xml:id="mpqa-N72145" label="inside" ref="mpqa-n303" as="mpqa">
    <fs>
      <f name="nested-source" value="w"/>
    </fs>
  </a>
  <node xml:id="mpqa-n304">
    <link targets="mpqa-r304"/>
  </node>
  <a xml:id="mpqa-N72165" label="inside" ref="mpqa-n304" as="mpqa">
    <fs>
      <f name="nested-source" value="w"/>
    </fs>
  </a>
  <node xml:id="mpqa-n305">
    <link targets="mpqa-r305"/>
  </node>
  <a xml:id="mpqa-N72185" label="inside" ref="mpqa-n305" as="mpqa">
    <fs>
      <f name="nested-source" value="w"/>
    </fs>
  </a>
  <node xml:id="mpqa-n306">
    <link targets="mpqa-r306"/>
  </node>
  <a xml:id="mpqa-N72205" label="inside" ref="mpqa-n306" as="mpqa">
    <fs>
      <f name="nested-source" value="w"/>
    </fs>
  </a>
  <node xml:id="mpqa-n307">
    <link targets="mpqa-r307"/>
  </node>
  <a xml:id="mpqa-N72225" label="inside" ref="mpqa-n307" as="mpqa">
    <fs>
      <f name="nested-source" value="w"/>
    </fs>
  </a>
  <node xml:id="mpqa-n308">
    <link targets="mpqa-r308"/>
  </node>
  <a xml:id="mpqa-N72245" label="inside" ref="mpqa-n308" as="mpqa">
    <fs>
      <f name="nested-source" value="w"/>
    </fs>
  </a>
  <node xml:id="mpqa-n309">
    <link targets="mpqa-r309"/>
  </node>
  <a xml:id="mpqa-N72265" label="inside" ref="mpqa-n309" as="mpqa">
    <fs>
      <f name="nested-source" value="w"/>
    </fs>
  </a>
  <node xml:id="mpqa-n31">
    <link targets="mpqa-r31"/>
  </node>
  <a xml:id="mpqa-N72285" label="objective-speech-event" ref="mpqa-n31" as="mpqa">
    <fs>
      <f name="implicit" value="true"/>
      <f name="nested-source" value="w"/>
    </fs>
  </a>
  <node xml:id="mpqa-n310">
    <link targets="mpqa-r310"/>
  </node>
  <a xml:id="mpqa-N72309" label="inside" ref="mpqa-n310" as="mpqa">
    <fs>
      <f name="nested-source" value="w"/>
    </fs>
  </a>
  <node xml:id="mpqa-n311">
    <link targets="mpqa-r311"/>
  </node>
  <a xml:id="mpqa-N72329" label="split" ref="mpqa-n311" as="mpqa"/>
  <node xml:id="mpqa-n312">
    <link targets="mpqa-r312"/>
  </node>
  <a xml:id="mpqa-N72341" label="inside" ref="mpqa-n312" as="mpqa">
    <fs>
      <f name="nested-source" value="w"/>
    </fs>
  </a>
  <node xml:id="mpqa-n313">
    <link targets="mpqa-r313"/>
  </node>
  <a xml:id="mpqa-N72361" label="objective-speech-event" ref="mpqa-n313" as="mpqa">
    <fs>
      <f name="implicit" value="true"/>
      <f name="nested-source" value="w"/>
    </fs>
  </a>
  <node xml:id="mpqa-n314">
    <link targets="mpqa-r314"/>
  </node>
  <a xml:id="mpqa-N72385" label="split" ref="mpqa-n314" as="mpqa"/>
  <node xml:id="mpqa-n32">
    <link targets="mpqa-r32"/>
  </node>
  <a xml:id="mpqa-N72397" label="split" ref="mpqa-n32" as="mpqa"/>
  <node xml:id="mpqa-n33">
    <link targets="mpqa-r33"/>
  </node>
  <a xml:id="mpqa-N72409" label="inside" ref="mpqa-n33" as="mpqa">
    <fs>
      <f name="nested-source" value="w"/>
    </fs>
  </a>
  <node xml:id="mpqa-n34">
    <link targets="mpqa-r34"/>
  </node>
  <a xml:id="mpqa-N72429" label="objective-speech-event" ref="mpqa-n34" as="mpqa">
    <fs>
      <f name="implicit" value="true"/>
      <f name="nested-source" value="w,b"/>
    </fs>
  </a>
  <node xml:id="mpqa-n35">
    <link targets="mpqa-r35"/>
  </node>
  <a xml:id="mpqa-N72453" label="objective-speech-event" ref="mpqa-n35" as="mpqa">
    <fs>
      <f name="implicit" value="true"/>
      <f name="nested-source" value="w"/>
    </fs>
  </a>
  <node xml:id="mpqa-n36">
    <link targets="mpqa-r36"/>
  </node>
  <a xml:id="mpqa-N72477" label="split" ref="mpqa-n36" as="mpqa"/>
  <node xml:id="mpqa-n37">
    <link targets="mpqa-r37"/>
  </node>
  <a xml:id="mpqa-N72489" label="inside" ref="mpqa-n37" as="mpqa">
    <fs>
      <f name="nested-source" value="w"/>
    </fs>
  </a>
  <node xml:id="mpqa-n38">
    <link targets="mpqa-r38"/>
  </node>
  <a xml:id="mpqa-N72509" label="objective-speech-event" ref="mpqa-n38" as="mpqa">
    <fs>
      <f name="implicit" value="true"/>
      <f name="nested-source" value="w"/>
    </fs>
  </a>
  <node xml:id="mpqa-n39">
    <link targets="mpqa-r39"/>
  </node>
  <a xml:id="mpqa-N72533" label="objective-speech-event" ref="mpqa-n39" as="mpqa">
    <fs>
      <f name="implicit" value="true"/>
      <f name="nested-source" value="w,a"/>
    </fs>
  </a>
  <node xml:id="mpqa-n4">
    <link targets="mpqa-r4"/>
  </node>
  <a xml:id="mpqa-N72557" label="split" ref="mpqa-n4" as="mpqa"/>
  <node xml:id="mpqa-n40">
    <link targets="mpqa-r40"/>
  </node>
  <a xml:id="mpqa-N72569" label="split" ref="mpqa-n40" as="mpqa"/>
  <node xml:id="mpqa-n41">
    <link targets="mpqa-r41"/>
  </node>
  <a xml:id="mpqa-N72581" label="split" ref="mpqa-n41" as="mpqa"/>
  <node xml:id="mpqa-n42">
    <link targets="mpqa-r42"/>
  </node>
  <a xml:id="mpqa-N72593" label="inside" ref="mpqa-n42" as="mpqa">
    <fs>
      <f name="nested-source" value="w"/>
    </fs>
  </a>
  <node xml:id="mpqa-n43">
    <link targets="mpqa-r43"/>
  </node>
  <a xml:id="mpqa-N72613" label="objective-speech-event" ref="mpqa-n43" as="mpqa">
    <fs>
      <f name="implicit" value="true"/>
      <f name="nested-source" value="w"/>
    </fs>
  </a>
  <node xml:id="mpqa-n44">
    <link targets="mpqa-r44"/>
  </node>
  <a xml:id="mpqa-N72637" label="objective-speech-event" ref="mpqa-n44" as="mpqa">
    <fs>
      <f name="implicit" value="true"/>
      <f name="nested-source" value="w,b"/>
    </fs>
  </a>
  <node xml:id="mpqa-n45">
    <link targets="mpqa-r45"/>
  </node>
  <a xml:id="mpqa-N72661" label="split" ref="mpqa-n45" as="mpqa"/>
  <node xml:id="mpqa-n46">
    <link targets="mpqa-r46"/>
  </node>
  <a xml:id="mpqa-N72673" label="inside" ref="mpqa-n46" as="mpqa">
    <fs>
      <f name="nested-source" value="w"/>
    </fs>
  </a>
  <node xml:id="mpqa-n47">
    <link targets="mpqa-r47"/>
  </node>
  <a xml:id="mpqa-N72693" label="objective-speech-event" ref="mpqa-n47" as="mpqa">
    <fs>
      <f name="implicit" value="true"/>
      <f name="nested-source" value="w"/>
    </fs>
  </a>
  <node xml:id="mpqa-n48">
    <link targets="mpqa-r48"/>
  </node>
  <a xml:id="mpqa-N72717" label="objective-speech-event" ref="mpqa-n48" as="mpqa">
    <fs>
      <f name="implicit" value="true"/>
      <f name="nested-source" value="w,b"/>
    </fs>
  </a>
  <node xml:id="mpqa-n49">
    <link targets="mpqa-r49"/>
  </node>
  <a xml:id="mpqa-N72741" label="split" ref="mpqa-n49" as="mpqa"/>
  <node xml:id="mpqa-n5">
    <link targets="mpqa-r5"/>
  </node>
  <a xml:id="mpqa-N72753" label="inside" ref="mpqa-n5" as="mpqa">
    <fs>
      <f name="nested-source" value="w"/>
    </fs>
  </a>
  <node xml:id="mpqa-n50">
    <link targets="mpqa-r50"/>
  </node>
  <a xml:id="mpqa-N72773" label="inside" ref="mpqa-n50" as="mpqa">
    <fs>
      <f name="nested-source" value="w"/>
    </fs>
  </a>
  <node xml:id="mpqa-n51">
    <link targets="mpqa-r51"/>
  </node>
  <a xml:id="mpqa-N72793" label="agent" ref="mpqa-n51" as="mpqa">
    <fs>
      <f name="nested-source" value="w,a,a"/>
    </fs>
  </a>
  <node xml:id="mpqa-n52">
    <link targets="mpqa-r52"/>
  </node>
  <a xml:id="mpqa-N72813" label="objective-speech-event" ref="mpqa-n52" as="mpqa">
    <fs>
      <f name="implicit" value="true"/>
      <f name="nested-source" value="w"/>
    </fs>
  </a>
  <node xml:id="mpqa-n53">
    <link targets="mpqa-r53"/>
  </node>
  <a xml:id="mpqa-N72837" label="objective-speech-event" ref="mpqa-n53" as="mpqa">
    <fs>
      <f name="implicit" value="true"/>
      <f name="nested-source" value="w,a"/>
    </fs>
  </a>
  <node xml:id="mpqa-n54">
    <link targets="mpqa-r54"/>
  </node>
  <a xml:id="mpqa-N72861" label="direct-subjective" ref="mpqa-n54" as="mpqa">
    <fs>
      <f name="expression-intensity" value="low"/>
      <f name="intensity" value="low"/>
      <f name="attitude-link" value="unsure1"/>
      <f name="nested-source" value="w,a,a"/>
    </fs>
  </a>
  <node xml:id="mpqa-n55">
    <link targets="mpqa-r55"/>
  </node>
  <a xml:id="mpqa-N72893" label="attitude" ref="mpqa-n55" as="mpqa">
    <fs>
      <f name="id" value="unsure1"/>
      <f name="target-link" value="ok"/>
      <f name="intensity" value="low"/>
      <f name="attitude-type" value="other-attitude"/>
    </fs>
  </a>
  <node xml:id="mpqa-n56">
    <link targets="mpqa-r56"/>
  </node>
  <a xml:id="mpqa-N72925" label="target" ref="mpqa-n56" as="mpqa">
    <fs>
      <f name="id" value="ok"/>
    </fs>
  </a>
  <node xml:id="mpqa-n57">
    <link targets="mpqa-r57"/>
  </node>
  <a xml:id="mpqa-N72945" label="split" ref="mpqa-n57" as="mpqa"/>
  <node xml:id="mpqa-n58">
    <link targets="mpqa-r58"/>
  </node>
  <a xml:id="mpqa-N72957" label="inside" ref="mpqa-n58" as="mpqa">
    <fs>
      <f name="nested-source" value="w"/>
    </fs>
  </a>
  <node xml:id="mpqa-n59">
    <link targets="mpqa-r59"/>
  </node>
  <a xml:id="mpqa-N72977" label="objective-speech-event" ref="mpqa-n59" as="mpqa">
    <fs>
      <f name="implicit" value="true"/>
      <f name="nested-source" value="w"/>
    </fs>
  </a>
  <node xml:id="mpqa-n6">
    <link targets="mpqa-r6"/>
  </node>
  <a xml:id="mpqa-N73001" label="objective-speech-event" ref="mpqa-n6" as="mpqa">
    <fs>
      <f name="implicit" value="true"/>
      <f name="nested-source" value="w"/>
    </fs>
  </a>
  <node xml:id="mpqa-n60">
    <link targets="mpqa-r60"/>
  </node>
  <a xml:id="mpqa-N73025" label="objective-speech-event" ref="mpqa-n60" as="mpqa">
    <fs>
      <f name="nested-source" value="w,b"/>
      <f name="implicit" value="true"/>
    </fs>
  </a>
  <node xml:id="mpqa-n61">
    <link targets="mpqa-r61"/>
  </node>
  <a xml:id="mpqa-N73049" label="split" ref="mpqa-n61" as="mpqa"/>
  <node xml:id="mpqa-n62">
    <link targets="mpqa-r62"/>
  </node>
  <a xml:id="mpqa-N73061" label="inside" ref="mpqa-n62" as="mpqa">
    <fs>
      <f name="nested-source" value="w"/>
    </fs>
  </a>
  <node xml:id="mpqa-n63">
    <link targets="mpqa-r63"/>
  </node>
  <a xml:id="mpqa-N73081" label="objective-speech-event" ref="mpqa-n63" as="mpqa">
    <fs>
      <f name="implicit" value="true"/>
      <f name="nested-source" value="w"/>
    </fs>
  </a>
  <node xml:id="mpqa-n64">
    <link targets="mpqa-r64"/>
  </node>
  <a xml:id="mpqa-N73105" label="objective-speech-event" ref="mpqa-n64" as="mpqa">
    <fs>
      <f name="implicit" value="true"/>
      <f name="nested-source" value="w,a"/>
    </fs>
  </a>
  <node xml:id="mpqa-n65">
    <link targets="mpqa-r65"/>
  </node>
  <a xml:id="mpqa-N73129" label="split" ref="mpqa-n65" as="mpqa"/>
  <node xml:id="mpqa-n66">
    <link targets="mpqa-r66"/>
  </node>
  <a xml:id="mpqa-N73141" label="split" ref="mpqa-n66" as="mpqa"/>
  <node xml:id="mpqa-n67">
    <link targets="mpqa-r67"/>
  </node>
  <a xml:id="mpqa-N73153" label="inside" ref="mpqa-n67" as="mpqa">
    <fs>
      <f name="nested-source" value="w"/>
    </fs>
  </a>
  <node xml:id="mpqa-n68">
    <link targets="mpqa-r68"/>
  </node>
  <a xml:id="mpqa-N73173" label="objective-speech-event" ref="mpqa-n68" as="mpqa">
    <fs>
      <f name="implicit" value="true"/>
      <f name="nested-source" value="w"/>
    </fs>
  </a>
  <node xml:id="mpqa-n69">
    <link targets="mpqa-r69"/>
  </node>
  <a xml:id="mpqa-N73197" label="objective-speech-event" ref="mpqa-n69" as="mpqa">
    <fs>
      <f name="implicit" value="true"/>
      <f name="nested-source" value="w,b"/>
    </fs>
  </a>
  <node xml:id="mpqa-n7">
    <link targets="mpqa-r7"/>
  </node>
  <a xml:id="mpqa-N73221" label="split" ref="mpqa-n7" as="mpqa"/>
  <node xml:id="mpqa-n70">
    <link targets="mpqa-r70"/>
  </node>
  <a xml:id="mpqa-N73233" label="split" ref="mpqa-n70" as="mpqa"/>
  <node xml:id="mpqa-n71">
    <link targets="mpqa-r71"/>
  </node>
  <a xml:id="mpqa-N73245" label="inside" ref="mpqa-n71" as="mpqa">
    <fs>
      <f name="nested-source" value="w"/>
    </fs>
  </a>
  <node xml:id="mpqa-n72">
    <link targets="mpqa-r72"/>
  </node>
  <a xml:id="mpqa-N73265" label="objective-speech-event" ref="mpqa-n72" as="mpqa">
    <fs>
      <f name="implicit" value="true"/>
      <f name="nested-source" value="w,b"/>
    </fs>
  </a>
  <node xml:id="mpqa-n73">
    <link targets="mpqa-r73"/>
  </node>
  <a xml:id="mpqa-N73289" label="objective-speech-event" ref="mpqa-n73" as="mpqa">
    <fs>
      <f name="implicit" value="true"/>
      <f name="nested-source" value="w"/>
    </fs>
  </a>
  <node xml:id="mpqa-n74">
    <link targets="mpqa-r74"/>
  </node>
  <a xml:id="mpqa-N73313" label="split" ref="mpqa-n74" as="mpqa"/>
  <node xml:id="mpqa-n75">
    <link targets="mpqa-r75"/>
  </node>
  <a xml:id="mpqa-N73325" label="inside" ref="mpqa-n75" as="mpqa">
    <fs>
      <f name="nested-source" value="w"/>
    </fs>
  </a>
  <node xml:id="mpqa-n76">
    <link targets="mpqa-r76"/>
  </node>
  <a xml:id="mpqa-N73345" label="objective-speech-event" ref="mpqa-n76" as="mpqa">
    <fs>
      <f name="implicit" value="true"/>
      <f name="nested-source" value="w"/>
    </fs>
  </a>
  <node xml:id="mpqa-n77">
    <link targets="mpqa-r77"/>
  </node>
  <a xml:id="mpqa-N73369" label="objective-speech-event" ref="mpqa-n77" as="mpqa">
    <fs>
      <f name="implicit" value="true"/>
      <f name="nested-source" value="w,a"/>
    </fs>
  </a>
  <node xml:id="mpqa-n78">
    <link targets="mpqa-r78"/>
  </node>
  <a xml:id="mpqa-N73393" label="agent" ref="mpqa-n78" as="mpqa">
    <fs>
      <f name="nested-source" value="w,a,a"/>
    </fs>
  </a>
  <node xml:id="mpqa-n79">
    <link targets="mpqa-r79"/>
  </node>
  <a xml:id="mpqa-N73413" label="direct-subjective" ref="mpqa-n79" as="mpqa">
    <fs>
      <f name="expression-intensity" value="neutral"/>
      <f name="intensity" value="medium"/>
      <f name="attitude-link" value="nomoretm"/>
      <f name="nested-source" value="w,a,a"/>
    </fs>
  </a>
  <node xml:id="mpqa-n8">
    <link targets="mpqa-r8"/>
  </node>
  <a xml:id="mpqa-N73445" label="inside" ref="mpqa-n8" as="mpqa">
    <fs>
      <f name="nested-source" value="w"/>
    </fs>
  </a>
  <node xml:id="mpqa-n80">
    <link targets="mpqa-r80"/>
  </node>
  <a xml:id="mpqa-N73465" label="attitude" ref="mpqa-n80" as="mpqa">
    <fs>
      <f name="id" value="nomoretm"/>
      <f name="target-link" value="bldg"/>
      <f name="intensity" value="medium"/>
      <f name="attitude-type" value="arguing-neg"/>
    </fs>
  </a>
  <node xml:id="mpqa-n81">
    <link targets="mpqa-r81"/>
  </node>
  <a xml:id="mpqa-N73497" label="target" ref="mpqa-n81" as="mpqa">
    <fs>
      <f name="id" value="bldg"/>
    </fs>
  </a>
  <node xml:id="mpqa-n82">
    <link targets="mpqa-r82"/>
  </node>
  <a xml:id="mpqa-N73517" label="expressive-subjectivity" ref="mpqa-n82" as="mpqa">
    <fs>
      <f name="nested-source" value="w,a,a"/>
      <f name="polarity" value="negative"/>
      <f name="intensity" value="high"/>
    </fs>
  </a>
  <node xml:id="mpqa-n83">
    <link targets="mpqa-r83"/>
  </node>
  <a xml:id="mpqa-N73545" label="split" ref="mpqa-n83" as="mpqa"/>
  <node xml:id="mpqa-n84">
    <link targets="mpqa-r84"/>
  </node>
  <a xml:id="mpqa-N73557" label="inside" ref="mpqa-n84" as="mpqa">
    <fs>
      <f name="nested-source" value="w"/>
    </fs>
  </a>
  <node xml:id="mpqa-n85">
    <link targets="mpqa-r85"/>
  </node>
  <a xml:id="mpqa-N73577" label="objective-speech-event" ref="mpqa-n85" as="mpqa">
    <fs>
      <f name="implicit" value="true"/>
      <f name="nested-source" value="w"/>
    </fs>
  </a>
  <node xml:id="mpqa-n86">
    <link targets="mpqa-r86"/>
  </node>
  <a xml:id="mpqa-N73601" label="direct-subjective" ref="mpqa-n86" as="mpqa">
    <fs>
      <f name="nested-source" value="w,a"/>
      <f name="attitude-link" value="letshang"/>
      <f name="implicit" value="true"/>
      <f name="intensity" value="medium"/>
      <f name="expression-intensity" value="neutral"/>
    </fs>
  </a>
  <node xml:id="mpqa-n87">
    <link targets="mpqa-r87"/>
  </node>
  <a xml:id="mpqa-N73637" label="attitude" ref="mpqa-n87" as="mpqa">
    <fs>
      <f name="id" value="letshang"/>
      <f name="target-link" value="starthanging"/>
      <f name="intensity" value="medium"/>
      <f name="attitude-type" value="arguing-pos"/>
    </fs>
  </a>
  <node xml:id="mpqa-n88">
    <link targets="mpqa-r88"/>
  </node>
  <a xml:id="mpqa-N73669" label="expressive-subjectivity" ref="mpqa-n88" as="mpqa">
    <fs>
      <f name="nested-source" value="w,a"/>
      <f name="polarity" value="neutral"/>
      <f name="intensity" value="medium"/>
    </fs>
  </a>
  <node xml:id="mpqa-n89">
    <link targets="mpqa-r89"/>
  </node>
  <a xml:id="mpqa-N73697" label="target" ref="mpqa-n89" as="mpqa">
    <fs>
      <f name="id" value="starthanging"/>
    </fs>
  </a>
  <node xml:id="mpqa-n9">
    <link targets="mpqa-r9"/>
  </node>
  <a xml:id="mpqa-N73717" label="split" ref="mpqa-n9" as="mpqa"/>
  <node xml:id="mpqa-n90">
    <link targets="mpqa-r90"/>
  </node>
  <a xml:id="mpqa-N73729" label="expressive-subjectivity" ref="mpqa-n90" as="mpqa">
    <fs>
      <f name="nested-source" value="w,a"/>
      <f name="polarity" value="negative"/>
      <f name="intensity" value="medium"/>
    </fs>
  </a>
  <node xml:id="mpqa-n91">
    <link targets="mpqa-r91"/>
  </node>
  <a xml:id="mpqa-N73757" label="split" ref="mpqa-n91" as="mpqa"/>
  <node xml:id="mpqa-n92">
    <link targets="mpqa-r92"/>
  </node>
  <a xml:id="mpqa-N73769" label="inside" ref="mpqa-n92" as="mpqa">
    <fs>
      <f name="nested-source" value="w"/>
    </fs>
  </a>
  <node xml:id="mpqa-n93">
    <link targets="mpqa-r93"/>
  </node>
  <a xml:id="mpqa-N73789" label="objective-speech-event" ref="mpqa-n93" as="mpqa">
    <fs>
      <f name="implicit" value="true"/>
      <f name="nested-source" value="w"/>
    </fs>
  </a>
  <node xml:id="mpqa-n94">
    <link targets="mpqa-r94"/>
  </node>
  <a xml:id="mpqa-N73813" label="direct-subjective" ref="mpqa-n94" as="mpqa">
    <fs>
      <f name="nested-source" value="w,b"/>
      <f name="attitude-link" value="badtude"/>
      <f name="intensity" value="high"/>
      <f name="expression-intensity" value="neutral"/>
      <f name="implicit" value="true"/>
    </fs>
  </a>
  <node xml:id="mpqa-n95">
    <link targets="mpqa-r95"/>
  </node>
  <a xml:id="mpqa-N73849" label="target" ref="mpqa-n95" as="mpqa">
    <fs>
      <f name="id" value="dasents"/>
    </fs>
  </a>
  <node xml:id="mpqa-n96">
    <link targets="mpqa-r96"/>
  </node>
  <a xml:id="mpqa-N73869" label="attitude" ref="mpqa-n96" as="mpqa">
    <fs>
      <f name="id" value="badtude"/>
      <f name="target-link" value="dasents"/>
      <f name="intensity" value="high"/>
      <f name="attitude-type" value="sentiment-neg"/>
    </fs>
  </a>
  <node xml:id="mpqa-n97">
    <link targets="mpqa-r97"/>
  </node>
  <a xml:id="mpqa-N73901" label="expressive-subjectivity" ref="mpqa-n97" as="mpqa">
    <fs>
      <f name="nested-source" value="w,b"/>
      <f name="polarity" value="negative"/>
      <f name="intensity" value="high"/>
    </fs>
  </a>
  <node xml:id="mpqa-n98">
    <link targets="mpqa-r98"/>
  </node>
  <a xml:id="mpqa-N73929" label="agent" ref="mpqa-n98" as="mpqa">
    <fs>
      <f name="id" value="tv"/>
      <f name="nested-source" value="w,b,tv"/>
    </fs>
  </a>
  <node xml:id="mpqa-n99">
    <link targets="mpqa-r99"/>
  </node>
  <a xml:id="mpqa-N73953" label="objective-speech-event" ref="mpqa-n99" as="mpqa">
    <fs>
      <f name="nested-source" value="w,b,tv"/>
    </fs>
  </a>
</graph>
