<?xml version="1.0" encoding="UTF-8"?><graph xmlns="http://www.xces.org/ns/GrAF/1.0/" xmlns:graf="http://www.xces.org/ns/GrAF/1.0/">
    <graphHeader>
        <labelsDecl>
        </labelsDecl>
    </graphHeader>
    <region xml:id="seg-r0" anchors="17 20"/>
    <region xml:id="seg-r2" anchors="21 26"/>
    <region xml:id="seg-r4" anchors="27 30"/>
    <region xml:id="seg-r6" anchors="31 34"/>
    <region xml:id="seg-r8" anchors="35 38"/>
    <region xml:id="seg-r10" anchors="39 42"/>
    <region xml:id="seg-r12" anchors="43 48"/>
    <region xml:id="seg-r14" anchors="49 54"/>
    <region xml:id="seg-r16" anchors="64 68"/>
    <region xml:id="seg-r18" anchors="69 73"/>
    <region xml:id="seg-r20" anchors="83 85"/>
    <region xml:id="seg-r22" anchors="86 89"/>
    <region xml:id="seg-r24" anchors="90 96"/>
    <region xml:id="seg-r26" anchors="97 98"/>
    <region xml:id="seg-r28" anchors="99 104"/>
    <region xml:id="seg-r30" anchors="105 107"/>
    <region xml:id="seg-r32" anchors="108 112"/>
    <region xml:id="seg-r34" anchors="113 117"/>
    <region xml:id="seg-r36" anchors="118 120"/>
    <region xml:id="seg-r37" anchors="120 123"/>
    <region xml:id="seg-r39" anchors="124 129"/>
    <region xml:id="seg-r41" anchors="130 132"/>
    <region xml:id="seg-r43" anchors="133 138"/>
    <region xml:id="seg-r45" anchors="139 144"/>
    <region xml:id="seg-r47" anchors="145 147"/>
    <region xml:id="seg-r49" anchors="148 152"/>
    <region xml:id="seg-r51" anchors="153 156"/>
    <region xml:id="seg-r53" anchors="157 161"/>
    <region xml:id="seg-r55" anchors="162 163"/>
    <region xml:id="seg-r56" anchors="163 166"/>
    <region xml:id="seg-r58" anchors="167 172"/>
    <region xml:id="seg-r60" anchors="173 176"/>
    <region xml:id="seg-r62" anchors="177 180"/>
    <region xml:id="seg-r63" anchors="180 182"/>
    <region xml:id="seg-r65" anchors="183 187"/>
    <region xml:id="seg-r67" anchors="197 201"/>
    <region xml:id="seg-r69" anchors="205 209"/>
    <region xml:id="seg-r71" anchors="210 213"/>
    <region xml:id="seg-r73" anchors="214 216"/>
    <region xml:id="seg-r75" anchors="217 222"/>
    <region xml:id="seg-r77" anchors="232 234"/>
    <region xml:id="seg-r79" anchors="235 236"/>
    <region xml:id="seg-r81" anchors="237 247"/>
    <region xml:id="seg-r83" anchors="248 253"/>
    <region xml:id="seg-r85" anchors="254 256"/>
    <region xml:id="seg-r87" anchors="257 260"/>
    <region xml:id="seg-r89" anchors="261 262"/>
    <region xml:id="seg-r91" anchors="263 267"/>
    <region xml:id="seg-r93" anchors="268 272"/>
    <region xml:id="seg-r95" anchors="273 276"/>
    <region xml:id="seg-r97" anchors="277 285"/>
    <region xml:id="seg-r99" anchors="286 292"/>
    <region xml:id="seg-r101" anchors="293 296"/>
    <region xml:id="seg-r103" anchors="297 299"/>
    <region xml:id="seg-r104" anchors="299 302"/>
    <region xml:id="seg-r106" anchors="303 310"/>
    <region xml:id="seg-r108" anchors="311 316"/>
    <region xml:id="seg-r110" anchors="317 326"/>
    <region xml:id="seg-r112" anchors="327 335"/>
    <region xml:id="seg-r114" anchors="336 341"/>
    <region xml:id="seg-r116" anchors="342 346"/>
    <region xml:id="seg-r118" anchors="347 351"/>
    <region xml:id="seg-r120" anchors="352 358"/>
    <region xml:id="seg-r122" anchors="359 364"/>
    <region xml:id="seg-r124" anchors="365 369"/>
    <region xml:id="seg-r126" anchors="379 380"/>
    <region xml:id="seg-r127" anchors="380 385"/>
    <region xml:id="seg-r129" anchors="401 402"/>
    <region xml:id="seg-r130" anchors="402 409"/>
    <region xml:id="seg-r132" anchors="410 412"/>
    <region xml:id="seg-r134" anchors="413 421"/>
    <region xml:id="seg-r136" anchors="431 432"/>
    <region xml:id="seg-r137" anchors="432 433"/>
    <region xml:id="seg-r139" anchors="434 440"/>
    <region xml:id="seg-r141" anchors="441 447"/>
    <region xml:id="seg-r143" anchors="457 458"/>
    <region xml:id="seg-r144" anchors="458 459"/>
    <region xml:id="seg-r146" anchors="460 466"/>
    <region xml:id="seg-r148" anchors="467 473"/>
    <region xml:id="seg-r150" anchors="474 479"/>
    <region xml:id="seg-r152" anchors="480 482"/>
    <region xml:id="seg-r154" anchors="483 486"/>
    <region xml:id="seg-r156" anchors="487 492"/>
    <region xml:id="seg-r158" anchors="493 497"/>
    <region xml:id="seg-r160" anchors="498 502"/>
    <region xml:id="seg-r162" anchors="503 507"/>
    <region xml:id="seg-r164" anchors="508 510"/>
    <region xml:id="seg-r166" anchors="511 514"/>
    <region xml:id="seg-r168" anchors="515 518"/>
    <region xml:id="seg-r170" anchors="528 532"/>
    <region xml:id="seg-r172" anchors="536 542"/>
    <region xml:id="seg-r174" anchors="543 547"/>
    <region xml:id="seg-r176" anchors="548 550"/>
    <region xml:id="seg-r178" anchors="551 555"/>
    <region xml:id="seg-r180" anchors="565 566"/>
    <region xml:id="seg-r182" anchors="567 571"/>
    <region xml:id="seg-r184" anchors="572 574"/>
    <region xml:id="seg-r186" anchors="575 578"/>
    <region xml:id="seg-r188" anchors="579 587"/>
    <region xml:id="seg-r190" anchors="588 589"/>
    <region xml:id="seg-r192" anchors="590 593"/>
    <region xml:id="seg-r194" anchors="594 600"/>
    <region xml:id="seg-r196" anchors="601 610"/>
    <region xml:id="seg-r198" anchors="611 614"/>
    <region xml:id="seg-r200" anchors="615 620"/>
    <region xml:id="seg-r202" anchors="621 626"/>
    <region xml:id="seg-r204" anchors="627 632"/>
    <region xml:id="seg-r206" anchors="633 635"/>
    <region xml:id="seg-r208" anchors="645 647"/>
    <region xml:id="seg-r210" anchors="657 661"/>
    <region xml:id="seg-r212" anchors="662 664"/>
    <region xml:id="seg-r213" anchors="664 667"/>
    <region xml:id="seg-r215" anchors="668 670"/>
    <region xml:id="seg-r217" anchors="671 675"/>
    <region xml:id="seg-r219" anchors="676 680"/>
    <region xml:id="seg-r221" anchors="681 686"/>
    <region xml:id="seg-r223" anchors="687 692"/>
    <region xml:id="seg-r225" anchors="693 695"/>
    <region xml:id="seg-r227" anchors="696 705"/>
    <region xml:id="seg-r229" anchors="706 709"/>
    <region xml:id="seg-r231" anchors="710 715"/>
    <region xml:id="seg-r233" anchors="716 723"/>
    <region xml:id="seg-r235" anchors="733 737"/>
    <region xml:id="seg-r237" anchors="741 745"/>
    <region xml:id="seg-r239" anchors="755 757"/>
    <region xml:id="seg-r241" anchors="758 761"/>
    <region xml:id="seg-r243" anchors="762 763"/>
    <region xml:id="seg-r245" anchors="764 769"/>
    <region xml:id="seg-r247" anchors="770 772"/>
    <region xml:id="seg-r249" anchors="773 775"/>
    <region xml:id="seg-r251" anchors="776 780"/>
    <region xml:id="seg-r253" anchors="781 783"/>
    <region xml:id="seg-r255" anchors="784 792"/>
    <region xml:id="seg-r257" anchors="793 798"/>
    <region xml:id="seg-r259" anchors="799 802"/>
    <region xml:id="seg-r261" anchors="803 809"/>
    <region xml:id="seg-r263" anchors="810 814"/>
    <region xml:id="seg-r265" anchors="815 818"/>
    <region xml:id="seg-r267" anchors="819 824"/>
    <region xml:id="seg-r269" anchors="825 828"/>
    <region xml:id="seg-r271" anchors="832 835"/>
    <region xml:id="seg-r273" anchors="836 841"/>
    <region xml:id="seg-r275" anchors="842 849"/>
    <region xml:id="seg-r277" anchors="850 855"/>
    <region xml:id="seg-r279" anchors="856 864"/>
    <region xml:id="seg-r281" anchors="865 866"/>
    <region xml:id="seg-r283" anchors="867 871"/>
    <region xml:id="seg-r285" anchors="872 874"/>
    <region xml:id="seg-r287" anchors="875 879"/>
    <region xml:id="seg-r289" anchors="880 882"/>
    <region xml:id="seg-r291" anchors="883 889"/>
    <region xml:id="seg-r293" anchors="890 892"/>
    <region xml:id="seg-r295" anchors="893 898"/>
    <region xml:id="seg-r297" anchors="899 901"/>
    <region xml:id="seg-r299" anchors="902 903"/>
    <region xml:id="seg-r301" anchors="904 906"/>
    <region xml:id="seg-r303" anchors="907 908"/>
    <region xml:id="seg-r305" anchors="909 911"/>
    <region xml:id="seg-r307" anchors="912 913"/>
    <region xml:id="seg-r309" anchors="914 918"/>
    <region xml:id="seg-r311" anchors="919 927"/>
    <region xml:id="seg-r313" anchors="928 930"/>
    <region xml:id="seg-r315" anchors="931 937"/>
    <region xml:id="seg-r317" anchors="938 943"/>
    <region xml:id="seg-r319" anchors="944 951"/>
    <region xml:id="seg-r321" anchors="952 956"/>
    <region xml:id="seg-r323" anchors="957 960"/>
    <region xml:id="seg-r325" anchors="961 964"/>
    <region xml:id="seg-r327" anchors="965 967"/>
    <region xml:id="seg-r329" anchors="968 972"/>
    <region xml:id="seg-r331" anchors="973 977"/>
    <region xml:id="seg-r333" anchors="978 981"/>
    <region xml:id="seg-r335" anchors="982 985"/>
    <region xml:id="seg-r336" anchors="985 987"/>
    <region xml:id="seg-r338" anchors="988 992"/>
    <region xml:id="seg-r340" anchors="993 1001"/>
    <region xml:id="seg-r342" anchors="1002 1004"/>
    <region xml:id="seg-r344" anchors="1005 1008"/>
    <region xml:id="seg-r346" anchors="1009 1015"/>
    <region xml:id="seg-r348" anchors="1016 1018"/>
    <region xml:id="seg-r350" anchors="1028 1032"/>
    <region xml:id="seg-r352" anchors="1033 1037"/>
    <region xml:id="seg-r354" anchors="1038 1041"/>
    <region xml:id="seg-r356" anchors="1042 1051"/>
    <region xml:id="seg-r358" anchors="1052 1055"/>
    <region xml:id="seg-r360" anchors="1056 1058"/>
    <region xml:id="seg-r362" anchors="1059 1071"/>
    <region xml:id="seg-r364" anchors="1072 1073"/>
    <region xml:id="seg-r366" anchors="1074 1078"/>
    <region xml:id="seg-r368" anchors="1079 1082"/>
    <region xml:id="seg-r370" anchors="1083 1085"/>
    <region xml:id="seg-r372" anchors="1086 1089"/>
    <region xml:id="seg-r374" anchors="1090 1094"/>
    <region xml:id="seg-r376" anchors="1095 1099"/>
    <region xml:id="seg-r378" anchors="1100 1105"/>
    <region xml:id="seg-r380" anchors="1106 1110"/>
    <region xml:id="seg-r382" anchors="1111 1115"/>
    <region xml:id="seg-r384" anchors="1116 1120"/>
    <region xml:id="seg-r386" anchors="1121 1124"/>
    <region xml:id="seg-r388" anchors="1125 1132"/>
    <region xml:id="seg-r390" anchors="1133 1137"/>
    <region xml:id="seg-r392" anchors="1138 1139"/>
    <region xml:id="seg-r394" anchors="1140 1149"/>
    <region xml:id="seg-r396" anchors="1150 1158"/>
    <region xml:id="seg-r398" anchors="1159 1162"/>
    <region xml:id="seg-r400" anchors="1163 1167"/>
    <region xml:id="seg-r402" anchors="1168 1170"/>
    <region xml:id="seg-r404" anchors="1171 1173"/>
    <region xml:id="seg-r406" anchors="1174 1178"/>
    <region xml:id="seg-r408" anchors="1179 1181"/>
    <region xml:id="seg-r410" anchors="1182 1185"/>
    <region xml:id="seg-r412" anchors="1186 1191"/>
    <region xml:id="seg-r414" anchors="1192 1198"/>
    <region xml:id="seg-r416" anchors="1199 1201"/>
    <region xml:id="seg-r417" anchors="1201 1203"/>
    <region xml:id="seg-r419" anchors="1204 1211"/>
    <region xml:id="seg-r421" anchors="1212 1215"/>
    <region xml:id="seg-r423" anchors="1216 1217"/>
    <region xml:id="seg-r425" anchors="1218 1225"/>
    <region xml:id="seg-r427" anchors="1226 1228"/>
    <region xml:id="seg-r429" anchors="1229 1233"/>
    <region xml:id="seg-r431" anchors="1234 1237"/>
    <region xml:id="seg-r433" anchors="1238 1244"/>
    <region xml:id="seg-r435" anchors="1245 1248"/>
    <region xml:id="seg-r437" anchors="1249 1250"/>
    <region xml:id="seg-r439" anchors="1251 1258"/>
    <region xml:id="seg-r441" anchors="1259 1261"/>
    <region xml:id="seg-r443" anchors="1262 1266"/>
    <region xml:id="seg-r445" anchors="1267 1270"/>
    <region xml:id="seg-r447" anchors="1271 1277"/>
    <region xml:id="seg-r449" anchors="1287 1291"/>
    <region xml:id="seg-r450" anchors="1291 1293"/>
    <region xml:id="seg-r452" anchors="1294 1302"/>
    <region xml:id="seg-r454" anchors="1306 1310"/>
    <region xml:id="seg-r455" anchors="1310 1312"/>
    <region xml:id="seg-r457" anchors="1313 1321"/>
    <region xml:id="seg-r459" anchors="1322 1324"/>
    <region xml:id="seg-r460" anchors="1324 1326"/>
    <region xml:id="seg-r462" anchors="1336 1343"/>
    <region xml:id="seg-r464" anchors="1344 1348"/>
    <region xml:id="seg-r466" anchors="1349 1353"/>
    <region xml:id="seg-r468" anchors="1354 1357"/>
    <region xml:id="seg-r470" anchors="1358 1363"/>
    <region xml:id="seg-r471" anchors="1363 1365"/>
    <region xml:id="seg-r473" anchors="1366 1372"/>
    <region xml:id="seg-r475" anchors="1373 1375"/>
    <region xml:id="seg-r477" anchors="1376 1380"/>
    <region xml:id="seg-r479" anchors="1381 1383"/>
    <region xml:id="seg-r481" anchors="1384 1387"/>
    <region xml:id="seg-r483" anchors="1388 1394"/>
    <region xml:id="seg-r485" anchors="1395 1398"/>
    <region xml:id="seg-r487" anchors="1399 1403"/>
    <region xml:id="seg-r489" anchors="1404 1406"/>
    <region xml:id="seg-r491" anchors="1407 1410"/>
    <region xml:id="seg-r493" anchors="1411 1416"/>
    <region xml:id="seg-r495" anchors="1417 1420"/>
    <region xml:id="seg-r497" anchors="1421 1425"/>
    <region xml:id="seg-r499" anchors="1426 1428"/>
    <region xml:id="seg-r501" anchors="1432 1435"/>
    <region xml:id="seg-r503" anchors="1436 1440"/>
    <region xml:id="seg-r505" anchors="1441 1443"/>
    <region xml:id="seg-r506" anchors="1443 1445"/>
    <region xml:id="seg-r508" anchors="1446 1450"/>
    <region xml:id="seg-r510" anchors="1451 1455"/>
    <region xml:id="seg-r512" anchors="1456 1458"/>
    <region xml:id="seg-r514" anchors="1459 1464"/>
    <region xml:id="seg-r516" anchors="1465 1469"/>
    <region xml:id="seg-r518" anchors="1470 1473"/>
    <region xml:id="seg-r520" anchors="1474 1483"/>
    <region xml:id="seg-r522" anchors="1484 1493"/>
    <region xml:id="seg-r524" anchors="1494 1496"/>
    <region xml:id="seg-r526" anchors="1497 1499"/>
    <region xml:id="seg-r528" anchors="1500 1501"/>
    <region xml:id="seg-r530" anchors="1502 1507"/>
    <region xml:id="seg-r532" anchors="1508 1511"/>
    <region xml:id="seg-r534" anchors="1512 1518"/>
    <region xml:id="seg-r536" anchors="1519 1521"/>
    <region xml:id="seg-r538" anchors="1522 1526"/>
    <region xml:id="seg-r540" anchors="1527 1529"/>
    <region xml:id="seg-r541" anchors="1529 1531"/>
    <region xml:id="seg-r543" anchors="1532 1537"/>
    <region xml:id="seg-r545" anchors="1538 1540"/>
    <region xml:id="seg-r547" anchors="1541 1544"/>
    <region xml:id="seg-r549" anchors="1545 1549"/>
    <region xml:id="seg-r551" anchors="1550 1558"/>
    <region xml:id="seg-r553" anchors="1559 1566"/>
    <region xml:id="seg-r555" anchors="1567 1570"/>
    <region xml:id="seg-r557" anchors="1571 1578"/>
    <region xml:id="seg-r559" anchors="1579 1582"/>
    <region xml:id="seg-r561" anchors="1583 1587"/>
    <region xml:id="seg-r563" anchors="1588 1591"/>
    <region xml:id="seg-r565" anchors="1592 1598"/>
    <region xml:id="seg-r567" anchors="1599 1602"/>
    <region xml:id="seg-r569" anchors="1603 1605"/>
    <region xml:id="seg-r571" anchors="1606 1611"/>
    <region xml:id="seg-r573" anchors="1612 1617"/>
    <region xml:id="seg-r575" anchors="1618 1621"/>
    <region xml:id="seg-r577" anchors="1622 1625"/>
    <region xml:id="seg-r579" anchors="1626 1630"/>
    <region xml:id="seg-r581" anchors="1631 1635"/>
    <region xml:id="seg-r582" anchors="1635 1637"/>
    <region xml:id="seg-r584" anchors="1638 1641"/>
    <region xml:id="seg-r586" anchors="1642 1646"/>
    <region xml:id="seg-r588" anchors="1647 1649"/>
    <region xml:id="seg-r590" anchors="1650 1656"/>
    <region xml:id="seg-r592" anchors="1657 1659"/>
    <region xml:id="seg-r594" anchors="1660 1666"/>
    <region xml:id="seg-r596" anchors="1667 1669"/>
    <region xml:id="seg-r598" anchors="1670 1673"/>
    <region xml:id="seg-r600" anchors="1674 1680"/>
    <region xml:id="seg-r602" anchors="1690 1694"/>
    <region xml:id="seg-r604" anchors="1695 1697"/>
    <region xml:id="seg-r606" anchors="1698 1702"/>
    <region xml:id="seg-r608" anchors="1703 1706"/>
    <region xml:id="seg-r610" anchors="1707 1710"/>
    <region xml:id="seg-r612" anchors="1711 1714"/>
    <region xml:id="seg-r614" anchors="1715 1718"/>
    <region xml:id="seg-r616" anchors="1719 1722"/>
    <region xml:id="seg-r618" anchors="1723 1726"/>
    <region xml:id="seg-r620" anchors="1727 1730"/>
    <region xml:id="seg-r622" anchors="1731 1734"/>
    <region xml:id="seg-r624" anchors="1735 1738"/>
    <region xml:id="seg-r626" anchors="1739 1744"/>
    <region xml:id="seg-r628" anchors="1745 1747"/>
    <region xml:id="seg-r630" anchors="1748 1750"/>
    <region xml:id="seg-r632" anchors="1751 1755"/>
    <region xml:id="seg-r634" anchors="1756 1764"/>
    <region xml:id="seg-r636" anchors="1765 1768"/>
    <region xml:id="seg-r638" anchors="1769 1771"/>
    <region xml:id="seg-r640" anchors="1781 1782"/>
    <region xml:id="seg-r641" anchors="1782 1784"/>
    <region xml:id="seg-r643" anchors="1785 1789"/>
    <region xml:id="seg-r645" anchors="1790 1792"/>
    <region xml:id="seg-r646" anchors="1792 1794"/>
    <region xml:id="seg-r648" anchors="1795 1800"/>
    <region xml:id="seg-r650" anchors="1810 1811"/>
    <region xml:id="seg-r651" anchors="1811 1814"/>
    <region xml:id="seg-r653" anchors="1815 1817"/>
    <region xml:id="seg-r655" anchors="1818 1824"/>
    <region xml:id="seg-r657" anchors="1825 1829"/>
    <region xml:id="seg-r659" anchors="1830 1832"/>
    <region xml:id="seg-r660" anchors="1832 1834"/>
    <region xml:id="seg-r662" anchors="1835 1844"/>
    <region xml:id="seg-r664" anchors="1845 1848"/>
    <region xml:id="seg-r666" anchors="1849 1855"/>
    <region xml:id="seg-r668" anchors="1856 1858"/>
    <region xml:id="seg-r670" anchors="1859 1861"/>
    <region xml:id="seg-r671" anchors="1861 1863"/>
    <region xml:id="seg-r673" anchors="1864 1866"/>
    <region xml:id="seg-r675" anchors="1867 1869"/>
    <region xml:id="seg-r676" anchors="1869 1871"/>
    <region xml:id="seg-r678" anchors="1872 1876"/>
    <region xml:id="seg-r680" anchors="1877 1880"/>
    <region xml:id="seg-r682" anchors="1881 1882"/>
    <region xml:id="seg-r684" anchors="1883 1886"/>
    <region xml:id="seg-r686" anchors="1887 1891"/>
    <region xml:id="seg-r688" anchors="1892 1894"/>
    <region xml:id="seg-r689" anchors="1894 1896"/>
    <region xml:id="seg-r691" anchors="1897 1900"/>
    <region xml:id="seg-r693" anchors="1901 1909"/>
    <region xml:id="seg-r695" anchors="1910 1913"/>
    <region xml:id="seg-r697" anchors="1914 1920"/>
    <region xml:id="seg-r699" anchors="1921 1923"/>
    <region xml:id="seg-r701" anchors="1924 1928"/>
    <region xml:id="seg-r703" anchors="1929 1932"/>
    <region xml:id="seg-r705" anchors="1933 1937"/>
    <region xml:id="seg-r707" anchors="1938 1941"/>
    <region xml:id="seg-r708" anchors="1941 1943"/>
    <region xml:id="seg-r710" anchors="1944 1948"/>
    <region xml:id="seg-r712" anchors="1949 1954"/>
    <region xml:id="seg-r714" anchors="1955 1959"/>
    <region xml:id="seg-r716" anchors="1960 1963"/>
    <region xml:id="seg-r718" anchors="1964 1970"/>
    <region xml:id="seg-r720" anchors="1980 1984"/>
    <region xml:id="seg-r722" anchors="1988 1992"/>
    <region xml:id="seg-r724" anchors="1993 1997"/>
    <region xml:id="seg-r726" anchors="1998 2000"/>
    <region xml:id="seg-r728" anchors="2001 2003"/>
    <region xml:id="seg-r729" anchors="2003 2005"/>
    <region xml:id="seg-r731" anchors="2006 2010"/>
    <region xml:id="seg-r733" anchors="2011 2015"/>
    <region xml:id="seg-r735" anchors="2016 2019"/>
    <region xml:id="seg-r737" anchors="2020 2023"/>
    <region xml:id="seg-r739" anchors="2024 2026"/>
    <region xml:id="seg-r741" anchors="2027 2030"/>
    <region xml:id="seg-r743" anchors="2031 2033"/>
    <region xml:id="seg-r745" anchors="2034 2042"/>
    <region xml:id="seg-r747" anchors="2043 2048"/>
    <region xml:id="seg-r749" anchors="2049 2057"/>
    <region xml:id="seg-r751" anchors="2058 2065"/>
    <region xml:id="seg-r753" anchors="2066 2067"/>
    <region xml:id="seg-r755" anchors="2068 2072"/>
    <region xml:id="seg-r757" anchors="2073 2075"/>
    <region xml:id="seg-r759" anchors="2076 2080"/>
    <region xml:id="seg-r761" anchors="2081 2085"/>
    <region xml:id="seg-r763" anchors="2086 2089"/>
    <region xml:id="seg-r765" anchors="2090 2094"/>
    <region xml:id="seg-r767" anchors="2095 2100"/>
    <region xml:id="seg-r769" anchors="2101 2103"/>
    <region xml:id="seg-r771" anchors="2104 2109"/>
    <region xml:id="seg-r773" anchors="2110 2113"/>
    <region xml:id="seg-r775" anchors="2114 2118"/>
    <region xml:id="seg-r777" anchors="2119 2121"/>
    <region xml:id="seg-r779" anchors="2122 2127"/>
    <region xml:id="seg-r781" anchors="2128 2133"/>
    <region xml:id="seg-r783" anchors="2134 2138"/>
    <region xml:id="seg-r785" anchors="2139 2144"/>
    <region xml:id="seg-r787" anchors="2145 2148"/>
    <region xml:id="seg-r789" anchors="2149 2153"/>
    <region xml:id="seg-r791" anchors="2154 2157"/>
    <region xml:id="seg-r793" anchors="2158 2166"/>
    <region xml:id="seg-r795" anchors="2167 2175"/>
    <region xml:id="seg-r797" anchors="2176 2180"/>
    <region xml:id="seg-r799" anchors="2181 2184"/>
    <region xml:id="seg-r801" anchors="2185 2193"/>
    <region xml:id="seg-r803" anchors="2194 2196"/>
    <region xml:id="seg-r805" anchors="2197 2203"/>
    <region xml:id="seg-r807" anchors="2204 2211"/>
    <region xml:id="seg-r809" anchors="2212 2217"/>
    <region xml:id="seg-r811" anchors="2218 2224"/>
    <region xml:id="seg-r813" anchors="2225 2230"/>
    <region xml:id="seg-r815" anchors="2231 2233"/>
    <region xml:id="seg-r817" anchors="2234 2238"/>
    <region xml:id="seg-r819" anchors="2239 2245"/>
    <region xml:id="seg-r821" anchors="2246 2250"/>
    <region xml:id="seg-r823" anchors="2251 2255"/>
    <region xml:id="seg-r825" anchors="2265 2272"/>
    <region xml:id="seg-r827" anchors="2282 2284"/>
    <region xml:id="seg-r829" anchors="2285 2287"/>
    <region xml:id="seg-r831" anchors="2288 2290"/>
    <region xml:id="seg-r833" anchors="2291 2293"/>
    <region xml:id="seg-r835" anchors="2294 2302"/>
    <region xml:id="seg-r837" anchors="2303 2306"/>
    <region xml:id="seg-r839" anchors="2307 2311"/>
    <region xml:id="seg-r841" anchors="2312 2315"/>
    <region xml:id="seg-r843" anchors="2316 2320"/>
    <region xml:id="seg-r845" anchors="2321 2327"/>
    <region xml:id="seg-r847" anchors="2328 2329"/>
    <region xml:id="seg-r849" anchors="2330 2340"/>
    <region xml:id="seg-r851" anchors="2341 2346"/>
    <region xml:id="seg-r853" anchors="2347 2351"/>
    <region xml:id="seg-r855" anchors="2352 2358"/>
    <region xml:id="seg-r857" anchors="2359 2363"/>
    <region xml:id="seg-r859" anchors="2364 2370"/>
    <region xml:id="seg-r861" anchors="2371 2373"/>
    <region xml:id="seg-r863" anchors="2374 2376"/>
    <region xml:id="seg-r865" anchors="2377 2380"/>
    <region xml:id="seg-r867" anchors="2381 2385"/>
    <region xml:id="seg-r869" anchors="2386 2398"/>
    <region xml:id="seg-r871" anchors="2399 2402"/>
    <region xml:id="seg-r873" anchors="2403 2407"/>
    <region xml:id="seg-r875" anchors="2408 2410"/>
    <region xml:id="seg-r877" anchors="2411 2416"/>
    <region xml:id="seg-r879" anchors="2417 2423"/>
    <region xml:id="seg-r881" anchors="2433 2434"/>
    <region xml:id="seg-r883" anchors="2435 2439"/>
    <region xml:id="seg-r885" anchors="2440 2443"/>
    <region xml:id="seg-r887" anchors="2444 2445"/>
    <region xml:id="seg-r889" anchors="2446 2450"/>
    <region xml:id="seg-r891" anchors="2460 2461"/>
    <region xml:id="seg-r893" anchors="2462 2466"/>
    <region xml:id="seg-r895" anchors="2467 2472"/>
    <region xml:id="seg-r897" anchors="2473 2476"/>
    <region xml:id="seg-r899" anchors="2477 2479"/>
    <region xml:id="seg-r901" anchors="2480 2484"/>
    <region xml:id="seg-r903" anchors="2485 2489"/>
    <region xml:id="seg-r905" anchors="2490 2495"/>
    <region xml:id="seg-r907" anchors="2496 2501"/>
    <region xml:id="seg-r909" anchors="2502 2508"/>
    <region xml:id="seg-r911" anchors="2509 2516"/>
    <region xml:id="seg-r913" anchors="2517 2520"/>
    <region xml:id="seg-r915" anchors="2521 2523"/>
    <region xml:id="seg-r916" anchors="2523 2525"/>
    <region xml:id="seg-r918" anchors="2526 2529"/>
    <region xml:id="seg-r920" anchors="2530 2534"/>
    <region xml:id="seg-r922" anchors="2535 2539"/>
    <region xml:id="seg-r924" anchors="2540 2543"/>
    <region xml:id="seg-r926" anchors="2544 2552"/>
    <region xml:id="seg-r928" anchors="2553 2555"/>
    <region xml:id="seg-r930" anchors="2556 2565"/>
    <region xml:id="seg-r932" anchors="2566 2568"/>
    <region xml:id="seg-r933" anchors="2568 2570"/>
    <region xml:id="seg-r935" anchors="2571 2575"/>
    <region xml:id="seg-r937" anchors="2576 2578"/>
    <region xml:id="seg-r939" anchors="2579 2589"/>
    <region xml:id="seg-r941" anchors="2590 2594"/>
    <region xml:id="seg-r943" anchors="2595 2597"/>
    <region xml:id="seg-r945" anchors="2598 2601"/>
    <region xml:id="seg-r947" anchors="2602 2609"/>
    <region xml:id="seg-r949" anchors="2610 2614"/>
    <region xml:id="seg-r951" anchors="2615 2617"/>
    <region xml:id="seg-r953" anchors="2618 2620"/>
    <region xml:id="seg-r955" anchors="2630 2633"/>
    <region xml:id="seg-r957" anchors="2634 2637"/>
    <region xml:id="seg-r959" anchors="2638 2645"/>
    <region xml:id="seg-r961" anchors="2646 2652"/>
    <region xml:id="seg-r963" anchors="2653 2657"/>
    <region xml:id="seg-r965" anchors="2658 2659"/>
    <region xml:id="seg-r967" anchors="2660 2664"/>
    <region xml:id="seg-r969" anchors="2665 2668"/>
    <region xml:id="seg-r971" anchors="2669 2672"/>
    <region xml:id="seg-r973" anchors="2673 2675"/>
    <region xml:id="seg-r975" anchors="2676 2682"/>
    <region xml:id="seg-r977" anchors="2692 2693"/>
    <region xml:id="seg-r978" anchors="2693 2696"/>
    <region xml:id="seg-r980" anchors="2697 2700"/>
    <region xml:id="seg-r982" anchors="2701 2704"/>
    <region xml:id="seg-r984" anchors="2705 2709"/>
    <region xml:id="seg-r986" anchors="2710 2715"/>
    <region xml:id="seg-r987" anchors="2715 2717"/>
    <region xml:id="seg-r989" anchors="2718 2722"/>
    <region xml:id="seg-r991" anchors="2723 2731"/>
    <region xml:id="seg-r993" anchors="2732 2735"/>
    <region xml:id="seg-r995" anchors="2736 2740"/>
    <region xml:id="seg-r997" anchors="2741 2743"/>
    <region xml:id="seg-r999" anchors="2744 2747"/>
    <region xml:id="seg-r1001" anchors="2748 2752"/>
    <region xml:id="seg-r1003" anchors="2753 2755"/>
    <region xml:id="seg-r1005" anchors="2756 2763"/>
    <region xml:id="seg-r1007" anchors="2764 2767"/>
    <region xml:id="seg-r1009" anchors="2768 2772"/>
    <region xml:id="seg-r1011" anchors="2773 2777"/>
    <region xml:id="seg-r1013" anchors="2778 2780"/>
    <region xml:id="seg-r1015" anchors="2796 2797"/>
    <region xml:id="seg-r1016" anchors="2797 2800"/>
    <region xml:id="seg-r1018" anchors="2801 2807"/>
    <region xml:id="seg-r1019" anchors="2807 2810"/>
    <region xml:id="seg-r1021" anchors="2811 2813"/>
    <region xml:id="seg-r1023" anchors="2814 2821"/>
    <region xml:id="seg-r1025" anchors="2822 2824"/>
    <region xml:id="seg-r1027" anchors="2825 2827"/>
    <region xml:id="seg-r1029" anchors="2828 2832"/>
    <region xml:id="seg-r1031" anchors="2833 2837"/>
    <region xml:id="seg-r1033" anchors="2838 2842"/>
    <region xml:id="seg-r1035" anchors="2843 2845"/>
    <region xml:id="seg-r1037" anchors="2846 2851"/>
    <region xml:id="seg-r1039" anchors="2852 2855"/>
    <region xml:id="seg-r1041" anchors="2856 2861"/>
    <region xml:id="seg-r1043" anchors="2862 2867"/>
    <region xml:id="seg-r1045" anchors="2868 2878"/>
    <region xml:id="seg-r1047" anchors="2879 2881"/>
    <region xml:id="seg-r1049" anchors="2882 2885"/>
    <region xml:id="seg-r1051" anchors="2886 2891"/>
    <region xml:id="seg-r1053" anchors="2901 2902"/>
    <region xml:id="seg-r1054" anchors="2902 2905"/>
    <region xml:id="seg-r1056" anchors="2909 2915"/>
    <region xml:id="seg-r1058" anchors="2925 2926"/>
    <region xml:id="seg-r1059" anchors="2926 2928"/>
    <region xml:id="seg-r1061" anchors="2929 2932"/>
    <region xml:id="seg-r1063" anchors="2933 2938"/>
    <region xml:id="seg-r1065" anchors="2939 2948"/>
    <region xml:id="seg-r1067" anchors="2949 2952"/>
    <region xml:id="seg-r1069" anchors="2953 2955"/>
    <region xml:id="seg-r1071" anchors="2956 2967"/>
    <region xml:id="seg-r1073" anchors="2968 2970"/>
    <region xml:id="seg-r1075" anchors="2971 2980"/>
    <region xml:id="seg-r1077" anchors="2984 2986"/>
    <region xml:id="seg-r1079" anchors="2987 2991"/>
    <region xml:id="seg-r1081" anchors="2992 2997"/>
    <region xml:id="seg-r1082" anchors="2997 2999"/>
    <region xml:id="seg-r1084" anchors="3000 3002"/>
    <region xml:id="seg-r1086" anchors="3003 3005"/>
    <region xml:id="seg-r1088" anchors="3006 3019"/>
    <region xml:id="seg-r1090" anchors="3020 3024"/>
    <region xml:id="seg-r1092" anchors="3025 3030"/>
    <region xml:id="seg-r1093" anchors="3030 3032"/>
    <region xml:id="seg-r1095" anchors="3033 3035"/>
    <region xml:id="seg-r1097" anchors="3036 3037"/>
    <region xml:id="seg-r1099" anchors="3038 3045"/>
    <region xml:id="seg-r1101" anchors="3046 3049"/>
    <region xml:id="seg-r1103" anchors="3050 3052"/>
    <region xml:id="seg-r1105" anchors="3053 3056"/>
    <region xml:id="seg-r1107" anchors="3057 3064"/>
    <region xml:id="seg-r1109" anchors="3065 3070"/>
    <region xml:id="seg-r1110" anchors="3070 3072"/>
    <region xml:id="seg-r1112" anchors="3073 3074"/>
    <region xml:id="seg-r1114" anchors="3075 3079"/>
    <region xml:id="seg-r1116" anchors="3080 3084"/>
    <region xml:id="seg-r1118" anchors="3085 3089"/>
    <region xml:id="seg-r1120" anchors="3090 3092"/>
    <region xml:id="seg-r1122" anchors="3093 3097"/>
    <region xml:id="seg-r1124" anchors="3098 3103"/>
    <region xml:id="seg-r1126" anchors="3104 3107"/>
    <region xml:id="seg-r1128" anchors="3108 3111"/>
    <region xml:id="seg-r1130" anchors="3112 3114"/>
    <region xml:id="seg-r1132" anchors="3115 3120"/>
    <region xml:id="seg-r1134" anchors="3121 3123"/>
    <region xml:id="seg-r1136" anchors="3124 3128"/>
    <region xml:id="seg-r1138" anchors="3129 3132"/>
    <region xml:id="seg-r1140" anchors="3133 3136"/>
    <region xml:id="seg-r1142" anchors="3137 3140"/>
    <region xml:id="seg-r1144" anchors="3141 3144"/>
    <region xml:id="seg-r1146" anchors="3145 3148"/>
    <region xml:id="seg-r1148" anchors="3149 3152"/>
    <region xml:id="seg-r1150" anchors="3153 3156"/>
    <region xml:id="seg-r1152" anchors="3160 3162"/>
    <region xml:id="seg-r1154" anchors="3163 3165"/>
    <region xml:id="seg-r1156" anchors="3166 3169"/>
    <region xml:id="seg-r1158" anchors="3170 3172"/>
    <region xml:id="seg-r1160" anchors="3173 3175"/>
    <region xml:id="seg-r1162" anchors="3176 3178"/>
    <region xml:id="seg-r1164" anchors="3179 3182"/>
    <region xml:id="seg-r1166" anchors="3183 3184"/>
    <region xml:id="seg-r1168" anchors="3185 3197"/>
    <region xml:id="seg-r1170" anchors="3198 3201"/>
    <region xml:id="seg-r1172" anchors="3202 3208"/>
    <region xml:id="seg-r1174" anchors="3209 3212"/>
    <region xml:id="seg-r1176" anchors="3213 3214"/>
    <region xml:id="seg-r1178" anchors="3215 3221"/>
    <region xml:id="seg-r1180" anchors="3222 3225"/>
    <region xml:id="seg-r1182" anchors="3226 3227"/>
    <region xml:id="seg-r1184" anchors="3228 3231"/>
    <region xml:id="seg-r1186" anchors="3232 3236"/>
    <region xml:id="seg-r1188" anchors="3246 3251"/>
    <region xml:id="seg-r1190" anchors="3252 3256"/>
    <region xml:id="seg-r1192" anchors="3257 3258"/>
    <region xml:id="seg-r1194" anchors="3259 3264"/>
    <region xml:id="seg-r1196" anchors="3265 3270"/>
    <region xml:id="seg-r1198" anchors="3271 3275"/>
    <region xml:id="seg-r1200" anchors="3276 3278"/>
    <region xml:id="seg-r1202" anchors="3279 3282"/>
    <region xml:id="seg-r1204" anchors="3283 3287"/>
    <region xml:id="seg-r1206" anchors="3288 3292"/>
    <region xml:id="seg-r1208" anchors="3302 3304"/>
    <region xml:id="seg-r1210" anchors="3305 3309"/>
    <region xml:id="seg-r1212" anchors="3310 3312"/>
    <region xml:id="seg-r1214" anchors="3313 3317"/>
    <region xml:id="seg-r1216" anchors="3318 3322"/>
    <region xml:id="seg-r1218" anchors="3323 3325"/>
    <region xml:id="seg-r1220" anchors="3326 3329"/>
    <region xml:id="seg-r1222" anchors="3330 3336"/>
    <region xml:id="seg-r1224" anchors="3337 3344"/>
    <region xml:id="seg-r1226" anchors="3345 3347"/>
    <region xml:id="seg-r1227" anchors="3347 3350"/>
    <region xml:id="seg-r1229" anchors="3351 3355"/>
    <region xml:id="seg-r1231" anchors="3356 3361"/>
    <region xml:id="seg-r1233" anchors="3362 3364"/>
    <region xml:id="seg-r1235" anchors="3365 3369"/>
    <region xml:id="seg-r1237" anchors="3370 3372"/>
    <region xml:id="seg-r1239" anchors="3373 3375"/>
    <region xml:id="seg-r1241" anchors="3376 3380"/>
    <region xml:id="seg-r1243" anchors="3381 3389"/>
    <region xml:id="seg-r1245" anchors="3390 3395"/>
    <region xml:id="seg-r1247" anchors="3396 3405"/>
    <region xml:id="seg-r1249" anchors="3406 3408"/>
    <region xml:id="seg-r1251" anchors="3409 3418"/>
    <region xml:id="seg-r1253" anchors="3419 3426"/>
    <region xml:id="seg-r1255" anchors="3427 3430"/>
    <region xml:id="seg-r1257" anchors="3431 3432"/>
    <region xml:id="seg-r1259" anchors="3433 3442"/>
    <region xml:id="seg-r1261" anchors="3443 3447"/>
    <region xml:id="seg-r1263" anchors="3448 3452"/>
    <region xml:id="seg-r1265" anchors="3453 3454"/>
    <region xml:id="seg-r1266" anchors="3454 3456"/>
    <region xml:id="seg-r1268" anchors="3457 3460"/>
    <region xml:id="seg-r1270" anchors="3461 3463"/>
    <region xml:id="seg-r1272" anchors="3464 3467"/>
    <region xml:id="seg-r1273" anchors="3467 3469"/>
    <region xml:id="seg-r1275" anchors="3470 3474"/>
    <region xml:id="seg-r1277" anchors="3475 3477"/>
    <region xml:id="seg-r1279" anchors="3478 3482"/>
    <region xml:id="seg-r1281" anchors="3483 3484"/>
    <region xml:id="seg-r1283" anchors="3485 3492"/>
    <region xml:id="seg-r1285" anchors="3493 3497"/>
    <region xml:id="seg-r1287" anchors="3498 3503"/>
    <region xml:id="seg-r1289" anchors="3504 3506"/>
    <region xml:id="seg-r1291" anchors="3507 3511"/>
    <region xml:id="seg-r1293" anchors="3512 3517"/>
    <region xml:id="seg-r1295" anchors="3518 3520"/>
    <region xml:id="seg-r1297" anchors="3521 3525"/>
    <region xml:id="seg-r1299" anchors="3526 3531"/>
    <region xml:id="seg-r1301" anchors="3532 3536"/>
    <region xml:id="seg-r1303" anchors="3537 3542"/>
    <region xml:id="seg-r1305" anchors="3546 3551"/>
    <region xml:id="seg-r1306" anchors="3551 3553"/>
    <region xml:id="seg-r1308" anchors="3554 3555"/>
    <region xml:id="seg-r1310" anchors="3556 3566"/>
    <region xml:id="seg-r1312" anchors="3567 3574"/>
    <region xml:id="seg-r1314" anchors="3575 3585"/>
    <region xml:id="seg-r1316" anchors="3586 3588"/>
    <region xml:id="seg-r1318" anchors="3589 3592"/>
    <region xml:id="seg-r1320" anchors="3593 3599"/>
    <region xml:id="seg-r1322" anchors="3600 3605"/>
    <region xml:id="seg-r1324" anchors="3606 3610"/>
    <region xml:id="seg-r1326" anchors="3611 3616"/>
    <region xml:id="seg-r1328" anchors="3617 3624"/>
    <region xml:id="seg-r1330" anchors="3625 3627"/>
    <region xml:id="seg-r1332" anchors="3628 3631"/>
    <region xml:id="seg-r1334" anchors="3632 3638"/>
    <region xml:id="seg-r1336" anchors="3639 3641"/>
    <region xml:id="seg-r1338" anchors="3642 3649"/>
    <region xml:id="seg-r1340" anchors="3650 3657"/>
    <region xml:id="seg-r1342" anchors="3658 3660"/>
    <region xml:id="seg-r1344" anchors="3661 3664"/>
    <region xml:id="seg-r1346" anchors="3665 3671"/>
    <region xml:id="seg-r1348" anchors="3672 3676"/>
    <region xml:id="seg-r1350" anchors="3677 3680"/>
    <region xml:id="seg-r1352" anchors="3690 3695"/>
    <region xml:id="seg-r1354" anchors="3696 3702"/>
    <region xml:id="seg-r1356" anchors="3703 3707"/>
    <region xml:id="seg-r1358" anchors="3708 3712"/>
    <region xml:id="seg-r1360" anchors="3713 3715"/>
    <region xml:id="seg-r1362" anchors="3716 3723"/>
    <region xml:id="seg-r1364" anchors="3724 3727"/>
    <region xml:id="seg-r1366" anchors="3728 3733"/>
    <region xml:id="seg-r1368" anchors="3734 3739"/>
    <region xml:id="seg-r1370" anchors="3740 3745"/>
    <region xml:id="seg-r1372" anchors="3746 3749"/>
    <region xml:id="seg-r1374" anchors="3750 3755"/>
    <region xml:id="seg-r1376" anchors="3756 3759"/>
    <region xml:id="seg-r1378" anchors="3760 3763"/>
    <region xml:id="seg-r1380" anchors="3764 3769"/>
    <region xml:id="seg-r1382" anchors="3770 3773"/>
    <region xml:id="seg-r1384" anchors="3774 3780"/>
    <region xml:id="seg-r1386" anchors="3781 3783"/>
    <region xml:id="seg-r1388" anchors="3784 3787"/>
    <region xml:id="seg-r1390" anchors="3788 3792"/>
    <region xml:id="seg-r1392" anchors="3793 3795"/>
    <region xml:id="seg-r1394" anchors="3796 3800"/>
    <region xml:id="seg-r1396" anchors="3801 3803"/>
    <region xml:id="seg-r1398" anchors="3804 3809"/>
    <region xml:id="seg-r1400" anchors="3810 3813"/>
    <region xml:id="seg-r1402" anchors="3814 3817"/>
    <region xml:id="seg-r1404" anchors="3818 3821"/>
    <region xml:id="seg-r1406" anchors="3822 3829"/>
    <region xml:id="seg-r1408" anchors="3830 3833"/>
    <region xml:id="seg-r1410" anchors="3834 3835"/>
    <region xml:id="seg-r1412" anchors="3836 3840"/>
    <region xml:id="seg-r1414" anchors="3841 3843"/>
    <region xml:id="seg-r1416" anchors="3844 3848"/>
    <region xml:id="seg-r1418" anchors="3849 3854"/>
    <region xml:id="seg-r1420" anchors="3855 3857"/>
    <region xml:id="seg-r1422" anchors="3858 3865"/>
    <region xml:id="seg-r1424" anchors="3866 3869"/>
    <region xml:id="seg-r1426" anchors="3870 3879"/>
    <region xml:id="seg-r1428" anchors="3880 3881"/>
    <region xml:id="seg-r1430" anchors="3882 3889"/>
    <region xml:id="seg-r1432" anchors="3890 3893"/>
    <region xml:id="seg-r1434" anchors="3894 3898"/>
    <region xml:id="seg-r1436" anchors="3899 3900"/>
    <region xml:id="seg-r1438" anchors="3901 3908"/>
    <region xml:id="seg-r1440" anchors="3909 3911"/>
    <region xml:id="seg-r1442" anchors="3912 3916"/>
    <region xml:id="seg-r1444" anchors="3917 3922"/>
    <region xml:id="seg-r1446" anchors="3923 3927"/>
    <region xml:id="seg-r1448" anchors="3937 3940"/>
    <region xml:id="seg-r1450" anchors="3941 3944"/>
    <region xml:id="seg-r1451" anchors="3944 3946"/>
    <region xml:id="seg-r1453" anchors="3947 3953"/>
    <region xml:id="seg-r1455" anchors="3957 3964"/>
    <region xml:id="seg-r1457" anchors="3974 3977"/>
    <region xml:id="seg-r1459" anchors="3978 3981"/>
    <region xml:id="seg-r1461" anchors="3982 3989"/>
    <region xml:id="seg-r1463" anchors="3990 3993"/>
    <region xml:id="seg-r1465" anchors="3994 3998"/>
    <region xml:id="seg-r1467" anchors="3999 4002"/>
    <region xml:id="seg-r1469" anchors="4003 4009"/>
    <region xml:id="seg-r1471" anchors="4010 4012"/>
    <region xml:id="seg-r1473" anchors="4013 4018"/>
    <region xml:id="seg-r1475" anchors="4019 4025"/>
    <region xml:id="seg-r1477" anchors="4026 4030"/>
    <region xml:id="seg-r1479" anchors="4031 4035"/>
    <region xml:id="seg-r1481" anchors="4036 4040"/>
    <region xml:id="seg-r1483" anchors="4041 4049"/>
    <region xml:id="seg-r1485" anchors="4050 4054"/>
    <region xml:id="seg-r1487" anchors="4055 4059"/>
    <region xml:id="seg-r1489" anchors="4060 4064"/>
    <region xml:id="seg-r1491" anchors="4065 4067"/>
    <region xml:id="seg-r1493" anchors="4068 4072"/>
    <region xml:id="seg-r1495" anchors="4073 4075"/>
    <region xml:id="seg-r1497" anchors="4076 4083"/>
    <region xml:id="seg-r1499" anchors="4084 4086"/>
    <region xml:id="seg-r1501" anchors="4087 4090"/>
    <region xml:id="seg-r1503" anchors="4091 4096"/>
    <region xml:id="seg-r1505" anchors="4097 4100"/>
    <region xml:id="seg-r1507" anchors="4101 4106"/>
    <region xml:id="seg-r1509" anchors="4107 4113"/>
    <region xml:id="seg-r1511" anchors="4114 4118"/>
    <region xml:id="seg-r1513" anchors="4119 4123"/>
    <region xml:id="seg-r1515" anchors="4124 4127"/>
    <region xml:id="seg-r1517" anchors="4128 4131"/>
    <region xml:id="seg-r1519" anchors="4132 4142"/>
    <region xml:id="seg-r1521" anchors="4152 4159"/>
    <region xml:id="seg-r1523" anchors="4160 4167"/>
    <region xml:id="seg-r1525" anchors="4168 4170"/>
    <region xml:id="seg-r1526" anchors="4170 4172"/>
    <region xml:id="seg-r1528" anchors="4173 4176"/>
    <region xml:id="seg-r1530" anchors="4177 4181"/>
    <region xml:id="seg-r1532" anchors="4182 4185"/>
    <region xml:id="seg-r1534" anchors="4186 4190"/>
    <region xml:id="seg-r1536" anchors="4191 4195"/>
    <region xml:id="seg-r1538" anchors="4196 4199"/>
    <region xml:id="seg-r1540" anchors="4200 4205"/>
    <region xml:id="seg-r1542" anchors="4206 4209"/>
    <region xml:id="seg-r1544" anchors="4210 4215"/>
    <region xml:id="seg-r1546" anchors="4216 4221"/>
    <region xml:id="seg-r1548" anchors="4222 4224"/>
    <region xml:id="seg-r1550" anchors="4225 4226"/>
    <region xml:id="seg-r1552" anchors="4227 4233"/>
    <region xml:id="seg-r1554" anchors="4234 4236"/>
    <region xml:id="seg-r1556" anchors="4237 4243"/>
    <region xml:id="seg-r1558" anchors="4244 4247"/>
    <region xml:id="seg-r1560" anchors="4248 4252"/>
    <region xml:id="seg-r1562" anchors="4253 4261"/>
    <region xml:id="seg-r1564" anchors="4262 4265"/>
    <region xml:id="seg-r1566" anchors="4266 4275"/>
    <region xml:id="seg-r1568" anchors="4276 4280"/>
    <region xml:id="seg-r1570" anchors="4281 4285"/>
    <region xml:id="seg-r1572" anchors="4286 4290"/>
    <region xml:id="seg-r1574" anchors="4300 4305"/>
    <region xml:id="seg-r1576" anchors="4309 4313"/>
    <region xml:id="seg-r1578" anchors="4314 4318"/>
    <region xml:id="seg-r1580" anchors="4328 4329"/>
    <region xml:id="seg-r1582" anchors="4330 4335"/>
    <region xml:id="seg-r1584" anchors="4336 4340"/>
    <region xml:id="seg-r1586" anchors="4341 4345"/>
    <region xml:id="seg-r1588" anchors="4346 4348"/>
    <region xml:id="seg-r1590" anchors="4349 4351"/>
    <region xml:id="seg-r1591" anchors="4351 4353"/>
    <region xml:id="seg-r1593" anchors="4354 4356"/>
    <region xml:id="seg-r1595" anchors="4357 4359"/>
    <region xml:id="seg-r1596" anchors="4359 4361"/>
    <region xml:id="seg-r1598" anchors="4362 4365"/>
    <region xml:id="seg-r1600" anchors="4366 4367"/>
    <region xml:id="seg-r1602" anchors="4368 4373"/>
    <region xml:id="seg-r1604" anchors="4374 4382"/>
    <region xml:id="seg-r1606" anchors="4383 4385"/>
    <region xml:id="seg-r1608" anchors="4386 4388"/>
    <region xml:id="seg-r1610" anchors="4389 4393"/>
    <region xml:id="seg-r1612" anchors="4394 4397"/>
    <region xml:id="seg-r1614" anchors="4398 4405"/>
    <region xml:id="seg-r1616" anchors="4406 4412"/>
    <region xml:id="seg-r1618" anchors="4413 4416"/>
    <region xml:id="seg-r1620" anchors="4417 4420"/>
    <region xml:id="seg-r1621" anchors="4420 4422"/>
    <region xml:id="seg-r1623" anchors="4423 4427"/>
    <region xml:id="seg-r1625" anchors="4428 4431"/>
    <region xml:id="seg-r1627" anchors="4432 4434"/>
    <region xml:id="seg-r1629" anchors="4435 4439"/>
    <region xml:id="seg-r1631" anchors="4440 4443"/>
    <region xml:id="seg-r1633" anchors="4444 4451"/>
    <region xml:id="seg-r1635" anchors="4461 4465"/>
    <region xml:id="seg-r1637" anchors="4466 4470"/>
    <region xml:id="seg-r1639" anchors="4480 4482"/>
    <region xml:id="seg-r1641" anchors="4483 4486"/>
    <region xml:id="seg-r1643" anchors="4487 4489"/>
    <region xml:id="seg-r1645" anchors="4490 4493"/>
    <region xml:id="seg-r1647" anchors="4494 4496"/>
    <region xml:id="seg-r1649" anchors="4497 4500"/>
    <region xml:id="seg-r1651" anchors="4501 4511"/>
    <region xml:id="seg-r1653" anchors="4512 4514"/>
    <region xml:id="seg-r1655" anchors="4515 4518"/>
    <region xml:id="seg-r1657" anchors="4519 4524"/>
    <region xml:id="seg-r1659" anchors="4525 4526"/>
    <region xml:id="seg-r1661" anchors="4527 4532"/>
    <region xml:id="seg-r1663" anchors="4533 4537"/>
    <region xml:id="seg-r1665" anchors="4538 4540"/>
    <region xml:id="seg-r1667" anchors="4541 4545"/>
    <region xml:id="seg-r1669" anchors="4546 4553"/>
    <region xml:id="seg-r1671" anchors="4554 4558"/>
    <region xml:id="seg-r1673" anchors="4559 4564"/>
    <region xml:id="seg-r1675" anchors="4565 4570"/>
    <region xml:id="seg-r1676" anchors="4570 4572"/>
    <region xml:id="seg-r1678" anchors="4573 4574"/>
    <region xml:id="seg-r1680" anchors="4575 4579"/>
    <region xml:id="seg-r1682" anchors="4580 4587"/>
    <region xml:id="seg-r1684" anchors="4588 4592"/>
    <region xml:id="seg-r1685" anchors="4592 4594"/>
    <region xml:id="seg-r1687" anchors="4595 4599"/>
    <region xml:id="seg-r1689" anchors="4600 4603"/>
    <region xml:id="seg-r1691" anchors="4604 4610"/>
    <region xml:id="seg-r1693" anchors="4611 4614"/>
    <region xml:id="seg-r1695" anchors="4615 4618"/>
    <region xml:id="seg-r1697" anchors="4619 4621"/>
    <region xml:id="seg-r1699" anchors="4622 4624"/>
    <region xml:id="seg-r1701" anchors="4625 4629"/>
    <region xml:id="seg-r1703" anchors="4630 4633"/>
    <region xml:id="seg-r1705" anchors="4634 4642"/>
    <region xml:id="seg-r1707" anchors="4643 4645"/>
    <region xml:id="seg-r1709" anchors="4646 4650"/>
    <region xml:id="seg-r1711" anchors="4651 4654"/>
    <region xml:id="seg-r1713" anchors="4655 4659"/>
    <region xml:id="seg-r1715" anchors="4660 4668"/>
    <region xml:id="seg-r1717" anchors="4678 4682"/>
    <region xml:id="seg-r1719" anchors="4683 4687"/>
    <region xml:id="seg-r1721" anchors="4691 4695"/>
    <region xml:id="seg-r1723" anchors="4696 4698"/>
    <region xml:id="seg-r1725" anchors="4699 4700"/>
    <region xml:id="seg-r1727" anchors="4701 4702"/>
    <region xml:id="seg-r1729" anchors="4703 4706"/>
    <region xml:id="seg-r1731" anchors="4707 4709"/>
    <region xml:id="seg-r1733" anchors="4710 4713"/>
    <region xml:id="seg-r1735" anchors="4714 4716"/>
    <region xml:id="seg-r1737" anchors="4717 4720"/>
    <region xml:id="seg-r1739" anchors="4721 4725"/>
    <region xml:id="seg-r1741" anchors="4726 4731"/>
    <region xml:id="seg-r1743" anchors="4732 4736"/>
    <region xml:id="seg-r1745" anchors="4737 4742"/>
    <region xml:id="seg-r1747" anchors="4743 4748"/>
    <region xml:id="seg-r1749" anchors="4749 4750"/>
    <region xml:id="seg-r1751" anchors="4751 4758"/>
    <region xml:id="seg-r1753" anchors="4759 4763"/>
    <region xml:id="seg-r1755" anchors="4764 4771"/>
    <region xml:id="seg-r1757" anchors="4772 4775"/>
    <region xml:id="seg-r1759" anchors="4776 4779"/>
    <region xml:id="seg-r1761" anchors="4780 4784"/>
    <region xml:id="seg-r1763" anchors="4785 4788"/>
    <region xml:id="seg-r1765" anchors="4789 4793"/>
    <region xml:id="seg-r1767" anchors="4794 4800"/>
    <region xml:id="seg-r1769" anchors="4801 4806"/>
    <region xml:id="seg-r1771" anchors="4807 4816"/>
    <region xml:id="seg-r1773" anchors="4817 4820"/>
    <region xml:id="seg-r1775" anchors="4821 4822"/>
    <region xml:id="seg-r1777" anchors="4823 4826"/>
    <region xml:id="seg-r1779" anchors="4827 4831"/>
    <region xml:id="seg-r1781" anchors="4832 4834"/>
    <region xml:id="seg-r1783" anchors="4835 4837"/>
    <region xml:id="seg-r1785" anchors="4838 4841"/>
    <region xml:id="seg-r1787" anchors="4842 4847"/>
    <region xml:id="seg-r1789" anchors="4848 4850"/>
    <region xml:id="seg-r1791" anchors="4851 4852"/>
    <region xml:id="seg-r1793" anchors="4853 4858"/>
    <region xml:id="seg-r1795" anchors="4859 4863"/>
    <region xml:id="seg-r1797" anchors="4864 4870"/>
    <region xml:id="seg-r1799" anchors="4871 4874"/>
    <region xml:id="seg-r1801" anchors="4875 4888"/>
    <region xml:id="seg-r1803" anchors="4889 4892"/>
    <region xml:id="seg-r1805" anchors="4893 4899"/>
    <region xml:id="seg-r1807" anchors="4903 4906"/>
    <region xml:id="seg-r1809" anchors="4907 4911"/>
    <region xml:id="seg-r1811" anchors="4912 4916"/>
    <region xml:id="seg-r1813" anchors="4917 4920"/>
    <region xml:id="seg-r1815" anchors="4921 4926"/>
    <region xml:id="seg-r1817" anchors="4927 4929"/>
    <region xml:id="seg-r1819" anchors="4930 4934"/>
    <region xml:id="seg-r1821" anchors="4935 4936"/>
    <region xml:id="seg-r1823" anchors="4937 4945"/>
    <region xml:id="seg-r1825" anchors="4946 4949"/>
    <region xml:id="seg-r1827" anchors="4950 4954"/>
    <region xml:id="seg-r1829" anchors="4955 4958"/>
    <region xml:id="seg-r1831" anchors="4959 4967"/>
    <region xml:id="seg-r1833" anchors="4968 4970"/>
    <region xml:id="seg-r1835" anchors="4971 4976"/>
    <region xml:id="seg-r1837" anchors="4977 4980"/>
    <region xml:id="seg-r1839" anchors="4981 4986"/>
    <region xml:id="seg-r1841" anchors="4987 4991"/>
    <region xml:id="seg-r1843" anchors="4992 4993"/>
    <region xml:id="seg-r1845" anchors="4994 4995"/>
    <region xml:id="seg-r1847" anchors="4996 5001"/>
    <region xml:id="seg-r1849" anchors="5002 5006"/>
    <region xml:id="seg-r1851" anchors="5007 5012"/>
    <region xml:id="seg-r1853" anchors="5013 5019"/>
    <region xml:id="seg-r1855" anchors="5020 5024"/>
    <region xml:id="seg-r1857" anchors="5025 5026"/>
    <region xml:id="seg-r1859" anchors="5027 5031"/>
    <region xml:id="seg-r1861" anchors="5032 5038"/>
    <region xml:id="seg-r1863" anchors="5039 5042"/>
    <region xml:id="seg-r1865" anchors="5043 5051"/>
    <region xml:id="seg-r1867" anchors="5052 5055"/>
    <region xml:id="seg-r1869" anchors="5056 5061"/>
    <region xml:id="seg-r1871" anchors="5062 5066"/>
    <region xml:id="seg-r1873" anchors="5067 5070"/>
    <region xml:id="seg-r1875" anchors="5071 5075"/>
    <region xml:id="seg-r1877" anchors="5076 5080"/>
    <region xml:id="seg-r1879" anchors="5084 5087"/>
    <region xml:id="seg-r1881" anchors="5088 5092"/>
    <region xml:id="seg-r1883" anchors="5093 5097"/>
    <region xml:id="seg-r1885" anchors="5098 5103"/>
    <region xml:id="seg-r1887" anchors="5104 5108"/>
    <region xml:id="seg-r1889" anchors="5109 5112"/>
    <region xml:id="seg-r1891" anchors="5113 5117"/>
    <region xml:id="seg-r1893" anchors="5118 5121"/>
    <region xml:id="seg-r1895" anchors="5122 5124"/>
    <region xml:id="seg-r1897" anchors="5125 5128"/>
    <region xml:id="seg-r1899" anchors="5129 5133"/>
    <region xml:id="seg-r1901" anchors="5134 5137"/>
    <region xml:id="seg-r1903" anchors="5138 5142"/>
    <region xml:id="seg-r1905" anchors="5143 5144"/>
    <region xml:id="seg-r1907" anchors="5145 5149"/>
    <region xml:id="seg-r1909" anchors="5150 5153"/>
    <region xml:id="seg-r1911" anchors="5154 5157"/>
    <region xml:id="seg-r1913" anchors="5158 5165"/>
    <region xml:id="seg-r1915" anchors="5166 5168"/>
    <region xml:id="seg-r1917" anchors="5169 5172"/>
    <region xml:id="seg-r1919" anchors="5173 5181"/>
    <region xml:id="seg-r1921" anchors="5182 5189"/>
    <region xml:id="seg-r1923" anchors="5190 5193"/>
    <region xml:id="seg-r1925" anchors="5194 5198"/>
    <region xml:id="seg-r1927" anchors="5199 5207"/>
    <region xml:id="seg-r1929" anchors="5208 5212"/>
    <region xml:id="seg-r1931" anchors="5213 5216"/>
    <region xml:id="seg-r1933" anchors="5217 5220"/>
    <region xml:id="seg-r1935" anchors="5221 5226"/>
    <region xml:id="seg-r1937" anchors="5227 5229"/>
    <region xml:id="seg-r1939" anchors="5230 5236"/>
    <region xml:id="seg-r1941" anchors="5237 5244"/>
    <region xml:id="seg-r1943" anchors="5245 5247"/>
    <region xml:id="seg-r1945" anchors="5248 5250"/>
    <region xml:id="seg-r1947" anchors="5251 5253"/>
    <region xml:id="seg-r1949" anchors="5254 5259"/>
    <region xml:id="seg-r1951" anchors="5260 5264"/>
    <region xml:id="seg-r1953" anchors="5265 5266"/>
    <region xml:id="seg-r1955" anchors="5267 5271"/>
    <region xml:id="seg-r1957" anchors="5272 5274"/>
    <region xml:id="seg-r1959" anchors="5275 5278"/>
    <region xml:id="seg-r1961" anchors="5279 5284"/>
    <region xml:id="seg-r1963" anchors="5285 5289"/>
    <region xml:id="seg-r1965" anchors="5290 5291"/>
    <region xml:id="seg-r1967" anchors="5292 5296"/>
    <region xml:id="seg-r1969" anchors="5297 5299"/>
    <region xml:id="seg-r1971" anchors="5300 5301"/>
    <region xml:id="seg-r1973" anchors="5302 5305"/>
    <region xml:id="seg-r1975" anchors="5306 5308"/>
    <region xml:id="seg-r1977" anchors="5309 5314"/>
    <region xml:id="seg-r1979" anchors="5318 5321"/>
    <region xml:id="seg-r1981" anchors="5322 5326"/>
    <region xml:id="seg-r1983" anchors="5327 5329"/>
    <region xml:id="seg-r1985" anchors="5330 5334"/>
    <region xml:id="seg-r1987" anchors="5335 5342"/>
    <region xml:id="seg-r1989" anchors="5343 5345"/>
    <region xml:id="seg-r1991" anchors="5346 5348"/>
    <region xml:id="seg-r1993" anchors="5349 5354"/>
    <region xml:id="seg-r1995" anchors="5355 5358"/>
    <region xml:id="seg-r1997" anchors="5359 5363"/>
    <region xml:id="seg-r1999" anchors="5364 5370"/>
    <region xml:id="seg-r2001" anchors="5371 5375"/>
    <region xml:id="seg-r2003" anchors="5376 5385"/>
    <region xml:id="seg-r2005" anchors="5386 5388"/>
    <region xml:id="seg-r2007" anchors="5389 5396"/>
    <region xml:id="seg-r2009" anchors="5397 5401"/>
    <region xml:id="seg-r2011" anchors="5402 5405"/>
    <region xml:id="seg-r2013" anchors="5406 5410"/>
    <region xml:id="seg-r2015" anchors="5411 5413"/>
    <region xml:id="seg-r2017" anchors="5414 5418"/>
    <region xml:id="seg-r2019" anchors="5419 5421"/>
    <region xml:id="seg-r2021" anchors="5422 5426"/>
    <region xml:id="seg-r2023" anchors="5427 5429"/>
    <region xml:id="seg-r2025" anchors="5430 5436"/>
    <region xml:id="seg-r2027" anchors="5437 5438"/>
    <region xml:id="seg-r2029" anchors="5439 5441"/>
    <region xml:id="seg-r2030" anchors="5441 5444"/>
    <region xml:id="seg-r2032" anchors="5445 5449"/>
    <region xml:id="seg-r2034" anchors="5450 5452"/>
    <region xml:id="seg-r2036" anchors="5453 5455"/>
    <region xml:id="seg-r2038" anchors="5456 5464"/>
    <region xml:id="seg-r2040" anchors="5465 5467"/>
    <region xml:id="seg-r2042" anchors="5468 5471"/>
    <region xml:id="seg-r2044" anchors="5473 5478"/>
    <region xml:id="seg-r2046" anchors="5479 5483"/>
    <region xml:id="seg-r2048" anchors="5484 5487"/>
    <region xml:id="seg-r2050" anchors="5488 5492"/>
    <region xml:id="seg-r2052" anchors="5493 5499"/>
    <region xml:id="seg-r2054" anchors="5500 5504"/>
    <region xml:id="seg-r2056" anchors="5505 5509"/>
    <region xml:id="seg-r2058" anchors="5510 5512"/>
    <region xml:id="seg-r2059" anchors="5512 5514"/>
    <region xml:id="seg-r2061" anchors="5515 5525"/>
    <region xml:id="seg-r2063" anchors="5529 5532"/>
    <region xml:id="seg-r2065" anchors="5533 5534"/>
    <region xml:id="seg-r2067" anchors="5535 5539"/>
    <region xml:id="seg-r2069" anchors="5540 5541"/>
    <region xml:id="seg-r2070" anchors="5541 5544"/>
    <region xml:id="seg-r2072" anchors="5545 5549"/>
    <region xml:id="seg-r2074" anchors="5550 5555"/>
    <region xml:id="seg-r2076" anchors="5556 5558"/>
    <region xml:id="seg-r2078" anchors="5559 5565"/>
    <region xml:id="seg-r2080" anchors="5566 5570"/>
    <region xml:id="seg-r2082" anchors="5571 5580"/>
    <region xml:id="seg-r2084" anchors="5581 5585"/>
    <region xml:id="seg-r2086" anchors="5586 5588"/>
    <region xml:id="seg-r2088" anchors="5589 5596"/>
    <region xml:id="seg-r2090" anchors="5597 5601"/>
    <region xml:id="seg-r2092" anchors="5602 5607"/>
    <region xml:id="seg-r2094" anchors="5608 5615"/>
    <region xml:id="seg-r2096" anchors="5616 5622"/>
    <region xml:id="seg-r2098" anchors="5623 5629"/>
    <region xml:id="seg-r2100" anchors="5630 5634"/>
    <region xml:id="seg-r2102" anchors="5635 5639"/>
    <region xml:id="seg-r2104" anchors="5640 5644"/>
    <region xml:id="seg-r2106" anchors="5645 5650"/>
    <region xml:id="seg-r2108" anchors="5651 5657"/>
    <region xml:id="seg-r2110" anchors="5658 5662"/>
    <region xml:id="seg-r2112" anchors="5663 5667"/>
    <region xml:id="seg-r2114" anchors="5668 5673"/>
    <region xml:id="seg-r2116" anchors="5674 5677"/>
    <region xml:id="seg-r2118" anchors="5678 5683"/>
    <region xml:id="seg-r2120" anchors="5684 5686"/>
    <region xml:id="seg-r2122" anchors="5687 5689"/>
    <region xml:id="seg-r2124" anchors="5690 5693"/>
    <region xml:id="seg-r2126" anchors="5694 5698"/>
    <region xml:id="seg-r2128" anchors="5699 5703"/>
    <region xml:id="seg-r2130" anchors="5704 5707"/>
    <region xml:id="seg-r2132" anchors="5708 5713"/>
    <region xml:id="seg-r2134" anchors="5714 5716"/>
    <region xml:id="seg-r2136" anchors="5717 5719"/>
    <region xml:id="seg-r2138" anchors="5720 5723"/>
    <region xml:id="seg-r2140" anchors="5724 5728"/>
    <region xml:id="seg-r2142" anchors="5729 5736"/>
    <region xml:id="seg-r2144" anchors="5737 5740"/>
    <region xml:id="seg-r2146" anchors="5741 5745"/>
    <region xml:id="seg-r2148" anchors="5749 5752"/>
    <region xml:id="seg-r2150" anchors="5753 5754"/>
    <region xml:id="seg-r2152" anchors="5755 5757"/>
    <region xml:id="seg-r2153" anchors="5757 5760"/>
    <region xml:id="seg-r2155" anchors="5761 5765"/>
    <region xml:id="seg-r2157" anchors="5766 5769"/>
    <region xml:id="seg-r2159" anchors="5770 5774"/>
    <region xml:id="seg-r2161" anchors="5775 5779"/>
    <region xml:id="seg-r2162" anchors="5779 5782"/>
    <region xml:id="seg-r2164" anchors="5783 5790"/>
    <region xml:id="seg-r2166" anchors="5791 5795"/>
    <region xml:id="seg-r2168" anchors="5796 5797"/>
    <region xml:id="seg-r2170" anchors="5798 5802"/>
    <region xml:id="seg-r2172" anchors="5803 5805"/>
    <region xml:id="seg-r2174" anchors="5806 5811"/>
    <region xml:id="seg-r2176" anchors="5812 5817"/>
    <region xml:id="seg-r2178" anchors="5818 5820"/>
    <region xml:id="seg-r2180" anchors="5821 5825"/>
    <region xml:id="seg-r2182" anchors="5826 5831"/>
    <region xml:id="seg-r2184" anchors="5832 5836"/>
    <region xml:id="seg-r2185" anchors="5836 5839"/>
    <region xml:id="seg-r2187" anchors="5840 5846"/>
    <region xml:id="seg-r2189" anchors="5847 5854"/>
    <region xml:id="seg-r2191" anchors="5855 5856"/>
    <region xml:id="seg-r2193" anchors="5857 5863"/>
    <region xml:id="seg-r2195" anchors="5864 5869"/>
    <region xml:id="seg-r2197" anchors="5870 5872"/>
    <region xml:id="seg-r2198" anchors="5872 5874"/>
    <region xml:id="seg-r2200" anchors="5875 5878"/>
    <region xml:id="seg-r2202" anchors="5879 5883"/>
    <region xml:id="seg-r2204" anchors="5884 5890"/>
    <region xml:id="seg-r2206" anchors="5891 5897"/>
    <region xml:id="seg-r2208" anchors="5907 5909"/>
    <region xml:id="seg-r2210" anchors="5919 5921"/>
    <region xml:id="seg-r2212" anchors="5922 5928"/>
    <region xml:id="seg-r2214" anchors="5929 5935"/>
    <region xml:id="seg-r2216" anchors="5936 5938"/>
    <region xml:id="seg-r2218" anchors="5939 5942"/>
    <region xml:id="seg-r2220" anchors="5943 5948"/>
    <region xml:id="seg-r2222" anchors="5949 5955"/>
    <region xml:id="seg-r2224" anchors="5956 5962"/>
    <region xml:id="seg-r2226" anchors="5963 5967"/>
    <region xml:id="seg-r2228" anchors="5968 5972"/>
    <region xml:id="seg-r2230" anchors="5973 5976"/>
    <region xml:id="seg-r2232" anchors="5977 5981"/>
    <region xml:id="seg-r2234" anchors="5982 5986"/>
    <region xml:id="seg-r2236" anchors="5987 5991"/>
    <region xml:id="seg-r2238" anchors="5992 5994"/>
    <region xml:id="seg-r2240" anchors="5995 5996"/>
    <region xml:id="seg-r2242" anchors="5997 6001"/>
    <region xml:id="seg-r2244" anchors="6002 6005"/>
    <region xml:id="seg-r2246" anchors="6006 6009"/>
    <region xml:id="seg-r2248" anchors="6010 6014"/>
    <region xml:id="seg-r2250" anchors="6015 6019"/>
    <region xml:id="seg-r2252" anchors="6020 6023"/>
    <region xml:id="seg-r2254" anchors="6024 6026"/>
    <region xml:id="seg-r2256" anchors="6027 6030"/>
    <region xml:id="seg-r2258" anchors="6031 6035"/>
    <region xml:id="seg-r2260" anchors="6036 6039"/>
    <region xml:id="seg-r2262" anchors="6040 6044"/>
    <region xml:id="seg-r2263" anchors="6044 6046"/>
    <region xml:id="seg-r2265" anchors="6047 6049"/>
    <region xml:id="seg-r2267" anchors="6059 6063"/>
    <region xml:id="seg-r2269" anchors="6064 6068"/>
    <region xml:id="seg-r2271" anchors="6069 6070"/>
    <region xml:id="seg-r2273" anchors="6071 6074"/>
    <region xml:id="seg-r2275" anchors="6075 6079"/>
    <region xml:id="seg-r2277" anchors="6080 6082"/>
    <region xml:id="seg-r2279" anchors="6083 6088"/>
    <region xml:id="seg-r2280" anchors="6088 6090"/>
    <region xml:id="seg-r2282" anchors="6091 6098"/>
    <region xml:id="seg-r2284" anchors="6099 6103"/>
    <region xml:id="seg-r2286" anchors="6104 6106"/>
    <region xml:id="seg-r2288" anchors="6107 6109"/>
    <region xml:id="seg-r2290" anchors="6110 6113"/>
    <region xml:id="seg-r2292" anchors="6114 6119"/>
    <region xml:id="seg-r2294" anchors="6120 6126"/>
    <region xml:id="seg-r2296" anchors="6127 6129"/>
    <region xml:id="seg-r2298" anchors="6130 6134"/>
    <region xml:id="seg-r2300" anchors="6135 6139"/>
    <region xml:id="seg-r2302" anchors="6140 6142"/>
    <region xml:id="seg-r2304" anchors="6143 6146"/>
    <region xml:id="seg-r2305" anchors="6146 6149"/>
    <region xml:id="seg-r2307" anchors="6150 6154"/>
    <region xml:id="seg-r2309" anchors="6155 6158"/>
    <region xml:id="seg-r2311" anchors="6159 6165"/>
    <region xml:id="seg-r2313" anchors="6166 6168"/>
    <region xml:id="seg-r2315" anchors="6169 6172"/>
    <region xml:id="seg-r2317" anchors="6173 6177"/>
    <region xml:id="seg-r2319" anchors="6178 6182"/>
    <region xml:id="seg-r2321" anchors="6183 6186"/>
    <region xml:id="seg-r2323" anchors="6187 6191"/>
    <region xml:id="seg-r2325" anchors="6192 6194"/>
    <region xml:id="seg-r2327" anchors="6195 6198"/>
    <region xml:id="seg-r2329" anchors="6199 6204"/>
    <region xml:id="seg-r2331" anchors="6205 6209"/>
    <region xml:id="seg-r2333" anchors="6210 6214"/>
    <region xml:id="seg-r2335" anchors="6215 6217"/>
    <region xml:id="seg-r2337" anchors="6218 6219"/>
    <region xml:id="seg-r2339" anchors="6220 6225"/>
    <region xml:id="seg-r2341" anchors="6226 6229"/>
    <region xml:id="seg-r2343" anchors="6230 6234"/>
    <region xml:id="seg-r2345" anchors="6244 6247"/>
    <region xml:id="seg-r2347" anchors="6248 6252"/>
    <region xml:id="seg-r2349" anchors="6262 6264"/>
    <region xml:id="seg-r2350" anchors="6264 6266"/>
    <region xml:id="seg-r2352" anchors="6267 6271"/>
    <region xml:id="seg-r2354" anchors="6272 6274"/>
    <region xml:id="seg-r2356" anchors="6275 6279"/>
    <region xml:id="seg-r2358" anchors="6280 6283"/>
    <region xml:id="seg-r2360" anchors="6284 6289"/>
    <region xml:id="seg-r2362" anchors="6290 6296"/>
    <region xml:id="seg-r2364" anchors="6297 6299"/>
    <region xml:id="seg-r2366" anchors="6300 6305"/>
    <region xml:id="seg-r2368" anchors="6306 6309"/>
    <region xml:id="seg-r2370" anchors="6310 6313"/>
    <region xml:id="seg-r2372" anchors="6314 6316"/>
    <region xml:id="seg-r2374" anchors="6317 6321"/>
    <region xml:id="seg-r2376" anchors="6322 6326"/>
    <region xml:id="seg-r2378" anchors="6327 6329"/>
    <region xml:id="seg-r2379" anchors="6329 6331"/>
    <region xml:id="seg-r2381" anchors="6332 6335"/>
    <region xml:id="seg-r2383" anchors="6336 6339"/>
    <region xml:id="seg-r2385" anchors="6340 6345"/>
    <region xml:id="seg-r2387" anchors="6346 6348"/>
    <region xml:id="seg-r2389" anchors="6349 6358"/>
    <region xml:id="seg-r2391" anchors="6359 6363"/>
    <region xml:id="seg-r2393" anchors="6373 6380"/>
    <region xml:id="seg-r2395" anchors="6384 6388"/>
    <region xml:id="seg-r2397" anchors="6389 6393"/>
    <region xml:id="seg-r2399" anchors="6394 6395"/>
    <region xml:id="seg-r2401" anchors="6396 6400"/>
    <region xml:id="seg-r2403" anchors="6401 6404"/>
    <region xml:id="seg-r2404" anchors="6404 6407"/>
    <region xml:id="seg-r2406" anchors="6408 6411"/>
    <region xml:id="seg-r2407" anchors="6411 6414"/>
    <region xml:id="seg-r2409" anchors="6415 6417"/>
    <region xml:id="seg-r2411" anchors="6418 6424"/>
    <region xml:id="seg-r2413" anchors="6425 6427"/>
    <region xml:id="seg-r2415" anchors="6428 6437"/>
    <region xml:id="seg-r2417" anchors="6438 6439"/>
    <region xml:id="seg-r2419" anchors="6440 6442"/>
    <region xml:id="seg-r2420" anchors="6442 6445"/>
    <region xml:id="seg-r2422" anchors="6446 6453"/>
    <region xml:id="seg-r2424" anchors="6454 6458"/>
    <region xml:id="seg-r2426" anchors="6459 6462"/>
    <region xml:id="seg-r2428" anchors="6463 6465"/>
    <region xml:id="seg-r2430" anchors="6466 6470"/>
    <region xml:id="seg-r2432" anchors="6471 6473"/>
    <region xml:id="seg-r2434" anchors="6474 6475"/>
    <region xml:id="seg-r2436" anchors="6476 6482"/>
    <region xml:id="seg-r2438" anchors="6483 6493"/>
    <region xml:id="seg-r2440" anchors="6494 6498"/>
    <region xml:id="seg-r2442" anchors="6499 6503"/>
    <region xml:id="seg-r2444" anchors="6504 6507"/>
    <region xml:id="seg-r2446" anchors="6508 6514"/>
    <region xml:id="seg-r2448" anchors="6515 6518"/>
    <region xml:id="seg-r2450" anchors="6519 6521"/>
    <region xml:id="seg-r2451" anchors="6521 6524"/>
    <region xml:id="seg-r2453" anchors="6525 6529"/>
    <region xml:id="seg-r2455" anchors="6530 6538"/>
    <region xml:id="seg-r2457" anchors="6539 6544"/>
    <region xml:id="seg-r2459" anchors="6545 6548"/>
    <region xml:id="seg-r2461" anchors="6549 6555"/>
    <region xml:id="seg-r2463" anchors="6556 6560"/>
    <region xml:id="seg-r2465" anchors="6561 6563"/>
    <region xml:id="seg-r2467" anchors="6564 6568"/>
    <region xml:id="seg-r2469" anchors="6569 6577"/>
    <region xml:id="seg-r2471" anchors="6578 6583"/>
    <region xml:id="seg-r2473" anchors="6584 6587"/>
    <region xml:id="seg-r2475" anchors="6588 6591"/>
    <region xml:id="seg-r2477" anchors="6592 6602"/>
    <region xml:id="seg-r2479" anchors="6603 6606"/>
    <region xml:id="seg-r2480" anchors="6606 6607"/>
    <region xml:id="seg-r2481" anchors="6607 6608"/>
    <region xml:id="seg-r2483" anchors="6609 6613"/>
    <region xml:id="seg-r2485" anchors="6614 6616"/>
    <region xml:id="seg-r2487" anchors="6617 6619"/>
    <region xml:id="seg-r2489" anchors="6620 6626"/>
    <region xml:id="seg-r2491" anchors="6627 6632"/>
    <region xml:id="seg-r2493" anchors="6642 6646"/>
    <region xml:id="seg-r2495" anchors="6656 6659"/>
    <region xml:id="seg-r2496" anchors="6659 6661"/>
    <region xml:id="seg-r2498" anchors="6662 6664"/>
    <region xml:id="seg-r2500" anchors="6665 6667"/>
    <region xml:id="seg-r2502" anchors="6668 6672"/>
    <region xml:id="seg-r2504" anchors="6673 6675"/>
    <region xml:id="seg-r2506" anchors="6676 6678"/>
    <region xml:id="seg-r2508" anchors="6679 6681"/>
    <region xml:id="seg-r2510" anchors="6682 6683"/>
    <region xml:id="seg-r2512" anchors="6684 6688"/>
    <region xml:id="seg-r2514" anchors="6689 6692"/>
    <region xml:id="seg-r2516" anchors="6693 6695"/>
    <region xml:id="seg-r2518" anchors="6696 6700"/>
    <region xml:id="seg-r2520" anchors="6701 6705"/>
    <region xml:id="seg-r2521" anchors="6705 6707"/>
    <region xml:id="seg-r2523" anchors="6708 6713"/>
    <region xml:id="seg-r2525" anchors="6714 6716"/>
    <region xml:id="seg-r2527" anchors="6717 6719"/>
    <region xml:id="seg-r2529" anchors="6720 6726"/>
    <region xml:id="seg-r2531" anchors="6727 6729"/>
    <region xml:id="seg-r2533" anchors="6730 6732"/>
    <region xml:id="seg-r2535" anchors="6733 6740"/>
    <region xml:id="seg-r2537" anchors="6741 6743"/>
    <region xml:id="seg-r2539" anchors="6744 6753"/>
    <region xml:id="seg-r2541" anchors="6754 6762"/>
    <region xml:id="seg-r2543" anchors="6763 6765"/>
    <region xml:id="seg-r2545" anchors="6766 6769"/>
    <region xml:id="seg-r2547" anchors="6770 6773"/>
    <region xml:id="seg-r2549" anchors="6774 6780"/>
    <region xml:id="seg-r2551" anchors="6790 6794"/>
    <region xml:id="seg-r2553" anchors="6798 6800"/>
    <region xml:id="seg-r2555" anchors="6801 6805"/>
    <region xml:id="seg-r2556" anchors="6805 6807"/>
    <region xml:id="seg-r2558" anchors="6808 6812"/>
    <region xml:id="seg-r2560" anchors="6813 6815"/>
    <region xml:id="seg-r2562" anchors="6816 6820"/>
    <region xml:id="seg-r2564" anchors="6821 6823"/>
    <region xml:id="seg-r2566" anchors="6824 6826"/>
    <region xml:id="seg-r2568" anchors="6827 6833"/>
    <region xml:id="seg-r2570" anchors="6834 6837"/>
    <region xml:id="seg-r2572" anchors="6838 6844"/>
    <region xml:id="seg-r2574" anchors="6845 6848"/>
    <region xml:id="seg-r2576" anchors="6849 6851"/>
    <region xml:id="seg-r2578" anchors="6852 6856"/>
    <region xml:id="seg-r2580" anchors="6857 6862"/>
    <region xml:id="seg-r2582" anchors="6863 6865"/>
    <region xml:id="seg-r2584" anchors="6866 6877"/>
    <region xml:id="seg-r2586" anchors="6887 6891"/>
    <region xml:id="seg-r2588" anchors="6892 6894"/>
    <region xml:id="seg-r2590" anchors="6895 6899"/>
    <region xml:id="seg-r2592" anchors="6900 6902"/>
    <region xml:id="seg-r2594" anchors="6903 6907"/>
    <region xml:id="seg-r2596" anchors="6908 6912"/>
    <region xml:id="seg-r2598" anchors="6913 6917"/>
    <region xml:id="seg-r2600" anchors="6918 6921"/>
    <region xml:id="seg-r2602" anchors="6922 6926"/>
    <region xml:id="seg-r2604" anchors="6927 6929"/>
    <region xml:id="seg-r2606" anchors="6930 6941"/>
    <region xml:id="seg-r2608" anchors="6942 6954"/>
    <region xml:id="seg-r2610" anchors="6964 6968"/>
    <region xml:id="seg-r2612" anchors="6969 6973"/>
    <region xml:id="seg-r2614" anchors="6977 6981"/>
    <region xml:id="seg-r2616" anchors="6982 6988"/>
    <region xml:id="seg-r2618" anchors="6989 6993"/>
    <region xml:id="seg-r2620" anchors="6994 6996"/>
    <region xml:id="seg-r2622" anchors="6997 7003"/>
    <region xml:id="seg-r2624" anchors="7004 7006"/>
    <region xml:id="seg-r2626" anchors="7007 7009"/>
    <region xml:id="seg-r2628" anchors="7010 7019"/>
    <region xml:id="seg-r2630" anchors="7020 7024"/>
    <region xml:id="seg-r2632" anchors="7025 7033"/>
    <region xml:id="seg-r2634" anchors="7034 7041"/>
    <region xml:id="seg-r2636" anchors="7042 7045"/>
    <region xml:id="seg-r2638" anchors="7046 7053"/>
    <region xml:id="seg-r2640" anchors="7054 7060"/>
    <region xml:id="seg-r2642" anchors="7061 7062"/>
    <region xml:id="seg-r2644" anchors="7063 7067"/>
    <region xml:id="seg-r2646" anchors="7068 7072"/>
    <region xml:id="seg-r2648" anchors="7073 7076"/>
    <region xml:id="seg-r2650" anchors="7077 7078"/>
    <region xml:id="seg-r2652" anchors="7079 7082"/>
    <region xml:id="seg-r2654" anchors="7083 7085"/>
    <region xml:id="seg-r2656" anchors="7086 7087"/>
    <region xml:id="seg-r2657" anchors="7087 7089"/>
    <region xml:id="seg-r2659" anchors="7090 7092"/>
    <region xml:id="seg-r2661" anchors="7093 7097"/>
    <region xml:id="seg-r2663" anchors="7098 7102"/>
    <region xml:id="seg-r2665" anchors="7103 7106"/>
    <region xml:id="seg-r2667" anchors="7107 7113"/>
    <region xml:id="seg-r2669" anchors="7114 7118"/>
    <region xml:id="seg-r2671" anchors="7119 7131"/>
    <region xml:id="seg-r2673" anchors="7133 7135"/>
    <region xml:id="seg-r2675" anchors="7136 7143"/>
    <region xml:id="seg-r2677" anchors="7144 7149"/>
    <region xml:id="seg-r2679" anchors="7150 7153"/>
    <region xml:id="seg-r2681" anchors="7154 7156"/>
    <region xml:id="seg-r2683" anchors="7166 7168"/>
    <region xml:id="seg-r2685" anchors="7169 7171"/>
    <region xml:id="seg-r2687" anchors="7172 7175"/>
    <region xml:id="seg-r2688" anchors="7175 7178"/>
    <region xml:id="seg-r2690" anchors="7179 7181"/>
    <region xml:id="seg-r2692" anchors="7182 7185"/>
    <region xml:id="seg-r2694" anchors="7186 7191"/>
    <region xml:id="seg-r2696" anchors="7192 7195"/>
    <region xml:id="seg-r2697" anchors="7195 7198"/>
    <region xml:id="seg-r2699" anchors="7199 7202"/>
    <region xml:id="seg-r2701" anchors="7203 7205"/>
    <region xml:id="seg-r2703" anchors="7206 7209"/>
    <region xml:id="seg-r2705" anchors="7210 7215"/>
    <region xml:id="seg-r2707" anchors="7219 7221"/>
    <region xml:id="seg-r2709" anchors="7222 7226"/>
    <region xml:id="seg-r2711" anchors="7227 7229"/>
    <region xml:id="seg-r2713" anchors="7233 7235"/>
    <region xml:id="seg-r2715" anchors="7236 7240"/>
    <region xml:id="seg-r2716" anchors="7240 7242"/>
    <region xml:id="seg-r2718" anchors="7243 7247"/>
    <region xml:id="seg-r2720" anchors="7248 7252"/>
    <region xml:id="seg-r2721" anchors="7252 7254"/>
    <region xml:id="seg-r2723" anchors="7255 7259"/>
    <region xml:id="seg-r2725" anchors="7260 7261"/>
    <region xml:id="seg-r2727" anchors="7262 7269"/>
    <region xml:id="seg-r2729" anchors="7270 7271"/>
    <region xml:id="seg-r2731" anchors="7272 7277"/>
    <region xml:id="seg-r2733" anchors="7278 7279"/>
    <region xml:id="seg-r2735" anchors="7280 7286"/>
    <region xml:id="seg-r2737" anchors="7287 7292"/>
    <region xml:id="seg-r2739" anchors="7293 7295"/>
    <region xml:id="seg-r2741" anchors="7296 7299"/>
    <region xml:id="seg-r2743" anchors="7300 7310"/>
    <region xml:id="seg-r2745" anchors="7311 7314"/>
    <region xml:id="seg-r2747" anchors="7315 7316"/>
    <region xml:id="seg-r2749" anchors="7317 7320"/>
    <region xml:id="seg-r2750" anchors="7320 7323"/>
    <region xml:id="seg-r2752" anchors="7324 7328"/>
    <region xml:id="seg-r2754" anchors="7338 7340"/>
    <region xml:id="seg-r2756" anchors="7341 7345"/>
    <region xml:id="seg-r2758" anchors="7349 7351"/>
    <region xml:id="seg-r2760" anchors="7352 7356"/>
    <region xml:id="seg-r2762" anchors="7357 7358"/>
    <region xml:id="seg-r2763" anchors="7358 7361"/>
    <region xml:id="seg-r2765" anchors="7362 7365"/>
    <region xml:id="seg-r2767" anchors="7366 7369"/>
    <region xml:id="seg-r2769" anchors="7370 7373"/>
    <region xml:id="seg-r2771" anchors="7374 7377"/>
    <region xml:id="seg-r2773" anchors="7378 7381"/>
    <region xml:id="seg-r2775" anchors="7382 7386"/>
    <region xml:id="seg-r2777" anchors="7387 7394"/>
    <region xml:id="seg-r2779" anchors="7395 7399"/>
    <region xml:id="seg-r2781" anchors="7400 7401"/>
    <region xml:id="seg-r2783" anchors="7402 7404"/>
    <region xml:id="seg-r2785" anchors="7405 7411"/>
    <region xml:id="seg-r2787" anchors="7412 7414"/>
    <region xml:id="seg-r2789" anchors="7415 7417"/>
    <region xml:id="seg-r2791" anchors="7418 7421"/>
    <region xml:id="seg-r2793" anchors="7422 7429"/>
    <region xml:id="seg-r2795" anchors="7430 7434"/>
    <region xml:id="seg-r2797" anchors="7436 7440"/>
    <region xml:id="seg-r2799" anchors="7441 7447"/>
    <region xml:id="seg-r2801" anchors="7448 7449"/>
    <region xml:id="seg-r2803" anchors="7450 7453"/>
    <region xml:id="seg-r2805" anchors="7454 7461"/>
    <region xml:id="seg-r2807" anchors="7471 7473"/>
    <region xml:id="seg-r2809" anchors="7474 7482"/>
    <region xml:id="seg-r2811" anchors="7483 7487"/>
    <region xml:id="seg-r2813" anchors="7488 7489"/>
    <region xml:id="seg-r2814" anchors="7489 7492"/>
    <region xml:id="seg-r2816" anchors="7493 7496"/>
    <region xml:id="seg-r2818" anchors="7497 7500"/>
    <region xml:id="seg-r2820" anchors="7501 7504"/>
    <region xml:id="seg-r2822" anchors="7505 7506"/>
    <region xml:id="seg-r2824" anchors="7507 7514"/>
    <region xml:id="seg-r2826" anchors="7515 7517"/>
    <region xml:id="seg-r2828" anchors="7518 7521"/>
</graph>