<graph xmlns="http://www.xces.org/ns/GrAF/1.0/" xmlns:graf="http://www.xces.org/ns/GrAF/1.0/">
  <graphHeader>
    <labelsDecl>
      <labelUsage label="s" occurs="84"/>
    </labelsDecl>
    <annotationSpaces>
      <annotationSpace as.id="anc"/>
    </annotationSpaces>
  </graphHeader>
  <region xml:id="s-r0" anchors="29 91"/>
  <region xml:id="s-r1" anchors="101 209"/>
  <region xml:id="s-r2" anchors="231 380"/>
  <region xml:id="s-r3" anchors="390 394"/>
  <region xml:id="s-r4" anchors="404 480"/>
  <region xml:id="s-r5" anchors="490 524"/>
  <region xml:id="s-r6" anchors="540 615"/>
  <region xml:id="s-r7" anchors="625 676"/>
  <region xml:id="s-r8" anchors="677 762"/>
  <region xml:id="s-r9" anchors="763 781"/>
  <region xml:id="s-r10" anchors="791 800"/>
  <region xml:id="s-r11" anchors="810 887"/>
  <region xml:id="s-r12" anchors="897 970"/>
  <region xml:id="s-r13" anchors="980 992"/>
  <region xml:id="s-r14" anchors="993 1041"/>
  <region xml:id="s-r15" anchors="1051 1055"/>
  <region xml:id="s-r16" anchors="1065 1114"/>
  <region xml:id="s-r17" anchors="1124 1128"/>
  <region xml:id="s-r18" anchors="1138 1241"/>
  <region xml:id="s-r19" anchors="1251 1255"/>
  <region xml:id="s-r20" anchors="1265 1347"/>
  <region xml:id="s-r21" anchors="1348 1361"/>
  <region xml:id="s-r22" anchors="1371 1521"/>
  <region xml:id="s-r23" anchors="1522 1594"/>
  <region xml:id="s-r24" anchors="1604 1613"/>
  <region xml:id="s-r25" anchors="1623 1781"/>
  <region xml:id="s-r26" anchors="1791 1797"/>
  <region xml:id="s-r27" anchors="1807 1911"/>
  <region xml:id="s-r28" anchors="1921 1923"/>
  <region xml:id="s-r29" anchors="1933 1951"/>
  <region xml:id="s-r30" anchors="1952 1989"/>
  <region xml:id="s-r31" anchors="1990 2000"/>
  <region xml:id="s-r32" anchors="2001 2040"/>
  <region xml:id="s-r33" anchors="2041 2106"/>
  <region xml:id="s-r34" anchors="2116 2170"/>
  <region xml:id="s-r35" anchors="2180 2221"/>
  <region xml:id="s-r36" anchors="2231 2233"/>
  <region xml:id="s-r37" anchors="2255 2345"/>
  <region xml:id="s-r38" anchors="2355 2440"/>
  <region xml:id="s-r39" anchors="2441 2542"/>
  <region xml:id="s-r40" anchors="2543 2673"/>
  <region xml:id="s-r41" anchors="2683 2688"/>
  <region xml:id="s-r42" anchors="2698 2765"/>
  <region xml:id="s-r43" anchors="2775 2789"/>
  <region xml:id="s-r44" anchors="2799 2829"/>
  <region xml:id="s-r45" anchors="2839 2963"/>
  <region xml:id="s-r46" anchors="2973 2979"/>
  <region xml:id="s-r47" anchors="2980 2995"/>
  <region xml:id="s-r48" anchors="3011 3102"/>
  <region xml:id="s-r49" anchors="3112 3118"/>
  <region xml:id="s-r50" anchors="3128 3296"/>
  <region xml:id="s-r51" anchors="3306 3413"/>
  <region xml:id="s-r52" anchors="3423 3475"/>
  <region xml:id="s-r53" anchors="3476 3570"/>
  <region xml:id="s-r54" anchors="3580 3586"/>
  <region xml:id="s-r55" anchors="3596 3626"/>
  <region xml:id="s-r56" anchors="3636 3644"/>
  <region xml:id="s-r57" anchors="3646 3881"/>
  <region xml:id="s-r58" anchors="3891 3923"/>
  <region xml:id="s-r59" anchors="3933 3975"/>
  <region xml:id="s-r60" anchors="3985 4337"/>
  <region xml:id="s-r61" anchors="4347 4353"/>
  <region xml:id="s-r62" anchors="4363 4411"/>
  <region xml:id="s-r63" anchors="4421 4427"/>
  <region xml:id="s-r64" anchors="4437 4490"/>
  <region xml:id="s-r65" anchors="4500 4504"/>
  <region xml:id="s-r66" anchors="4514 4534"/>
  <region xml:id="s-r67" anchors="4544 4574"/>
  <region xml:id="s-r68" anchors="4584 4588"/>
  <region xml:id="s-r69" anchors="4598 4613"/>
  <region xml:id="s-r70" anchors="4614 4845"/>
  <region xml:id="s-r71" anchors="4855 4859"/>
  <region xml:id="s-r72" anchors="4881 4999"/>
  <region xml:id="s-r73" anchors="5009 5052"/>
  <region xml:id="s-r74" anchors="5053 5082"/>
  <region xml:id="s-r75" anchors="5092 5173"/>
  <region xml:id="s-r76" anchors="5183 5189"/>
  <region xml:id="s-r77" anchors="5199 5228"/>
  <region xml:id="s-r78" anchors="5238 5248"/>
  <region xml:id="s-r79" anchors="5258 5262"/>
  <region xml:id="s-r80" anchors="5263 5278"/>
  <region xml:id="s-r81" anchors="5279 5286"/>
  <region xml:id="s-r82" anchors="5302 5319"/>
  <region xml:id="s-r83" anchors="5320 5327"/>
  <node xml:id="s-n0">
    <link targets="s-r0"/>
  </node>
  <a xml:id="s-N65901" label="s" ref="s-n0" as="anc">
    <fs>
      <f name="id" value="t2u1"/>
    </fs>
  </a>
  <node xml:id="s-n1">
    <link targets="s-r1"/>
  </node>
  <a xml:id="s-N65921" label="s" ref="s-n1" as="anc">
    <fs>
      <f name="id" value="t3u1"/>
    </fs>
  </a>
  <node xml:id="s-n10">
    <link targets="s-r10"/>
  </node>
  <a xml:id="s-N65941" label="s" ref="s-n10" as="anc">
    <fs>
      <f name="id" value="t11u1"/>
    </fs>
  </a>
  <node xml:id="s-n11">
    <link targets="s-r11"/>
  </node>
  <a xml:id="s-N65961" label="s" ref="s-n11" as="anc">
    <fs>
      <f name="id" value="t12u1"/>
    </fs>
  </a>
  <node xml:id="s-n12">
    <link targets="s-r12"/>
  </node>
  <a xml:id="s-N65981" label="s" ref="s-n12" as="anc">
    <fs>
      <f name="id" value="t13u1"/>
    </fs>
  </a>
  <node xml:id="s-n13">
    <link targets="s-r13"/>
  </node>
  <a xml:id="s-N66001" label="s" ref="s-n13" as="anc">
    <fs>
      <f name="id" value="t13u1.1"/>
    </fs>
  </a>
  <node xml:id="s-n14">
    <link targets="s-r14"/>
  </node>
  <a xml:id="s-N66021" label="s" ref="s-n14" as="anc">
    <fs>
      <f name="id" value="t13u1.2"/>
    </fs>
  </a>
  <node xml:id="s-n15">
    <link targets="s-r15"/>
  </node>
  <a xml:id="s-N66041" label="s" ref="s-n15" as="anc">
    <fs>
      <f name="id" value="t15u1"/>
    </fs>
  </a>
  <node xml:id="s-n16">
    <link targets="s-r16"/>
  </node>
  <a xml:id="s-N66061" label="s" ref="s-n16" as="anc">
    <fs>
      <f name="id" value="t15u2"/>
    </fs>
  </a>
  <node xml:id="s-n17">
    <link targets="s-r17"/>
  </node>
  <a xml:id="s-N66081" label="s" ref="s-n17" as="anc">
    <fs>
      <f name="id" value="t16u1"/>
    </fs>
  </a>
  <node xml:id="s-n18">
    <link targets="s-r18"/>
  </node>
  <a xml:id="s-N66101" label="s" ref="s-n18" as="anc">
    <fs>
      <f name="id" value="t17u1"/>
    </fs>
  </a>
  <node xml:id="s-n19">
    <link targets="s-r19"/>
  </node>
  <a xml:id="s-N66121" label="s" ref="s-n19" as="anc">
    <fs>
      <f name="id" value="t18u1"/>
    </fs>
  </a>
  <node xml:id="s-n2">
    <link targets="s-r2"/>
  </node>
  <a xml:id="s-N66141" label="s" ref="s-n2" as="anc">
    <fs>
      <f name="id" value="t5u1"/>
    </fs>
  </a>
  <node xml:id="s-n20">
    <link targets="s-r20"/>
  </node>
  <a xml:id="s-N66161" label="s" ref="s-n20" as="anc">
    <fs>
      <f name="id" value="t18u1.1"/>
    </fs>
  </a>
  <node xml:id="s-n21">
    <link targets="s-r21"/>
  </node>
  <a xml:id="s-N66181" label="s" ref="s-n21" as="anc">
    <fs>
      <f name="id" value="t18u1.2"/>
    </fs>
  </a>
  <node xml:id="s-n22">
    <link targets="s-r22"/>
  </node>
  <a xml:id="s-N66201" label="s" ref="s-n22" as="anc">
    <fs>
      <f name="id" value="t18u1.3"/>
    </fs>
  </a>
  <node xml:id="s-n23">
    <link targets="s-r23"/>
  </node>
  <a xml:id="s-N66221" label="s" ref="s-n23" as="anc">
    <fs>
      <f name="id" value="t18u1.4"/>
    </fs>
  </a>
  <node xml:id="s-n24">
    <link targets="s-r24"/>
  </node>
  <a xml:id="s-N66241" label="s" ref="s-n24" as="anc">
    <fs>
      <f name="id" value="t21u1"/>
    </fs>
  </a>
  <node xml:id="s-n25">
    <link targets="s-r25"/>
  </node>
  <a xml:id="s-N66261" label="s" ref="s-n25" as="anc">
    <fs>
      <f name="id" value="t22u1"/>
    </fs>
  </a>
  <node xml:id="s-n26">
    <link targets="s-r26"/>
  </node>
  <a xml:id="s-N66281" label="s" ref="s-n26" as="anc">
    <fs>
      <f name="id" value="t23u1"/>
    </fs>
  </a>
  <node xml:id="s-n27">
    <link targets="s-r27"/>
  </node>
  <a xml:id="s-N66301" label="s" ref="s-n27" as="anc">
    <fs>
      <f name="id" value="t24u1"/>
    </fs>
  </a>
  <node xml:id="s-n28">
    <link targets="s-r28"/>
  </node>
  <a xml:id="s-N66321" label="s" ref="s-n28" as="anc">
    <fs>
      <f name="id" value="t25u1"/>
    </fs>
  </a>
  <node xml:id="s-n29">
    <link targets="s-r29"/>
  </node>
  <a xml:id="s-N66341" label="s" ref="s-n29" as="anc">
    <fs>
      <f name="id" value="t25u1.1"/>
    </fs>
  </a>
  <node xml:id="s-n3">
    <link targets="s-r3"/>
  </node>
  <a xml:id="s-N66361" label="s" ref="s-n3" as="anc">
    <fs>
      <f name="id" value="t6u1"/>
    </fs>
  </a>
  <node xml:id="s-n30">
    <link targets="s-r30"/>
  </node>
  <a xml:id="s-N66381" label="s" ref="s-n30" as="anc">
    <fs>
      <f name="id" value="t25u1.2"/>
    </fs>
  </a>
  <node xml:id="s-n31">
    <link targets="s-r31"/>
  </node>
  <a xml:id="s-N66401" label="s" ref="s-n31" as="anc">
    <fs>
      <f name="id" value="t25u1.3"/>
    </fs>
  </a>
  <node xml:id="s-n32">
    <link targets="s-r32"/>
  </node>
  <a xml:id="s-N66421" label="s" ref="s-n32" as="anc">
    <fs>
      <f name="id" value="t25u1.4"/>
    </fs>
  </a>
  <node xml:id="s-n33">
    <link targets="s-r33"/>
  </node>
  <a xml:id="s-N66441" label="s" ref="s-n33" as="anc">
    <fs>
      <f name="id" value="t25u1.5"/>
    </fs>
  </a>
  <node xml:id="s-n34">
    <link targets="s-r34"/>
  </node>
  <a xml:id="s-N66461" label="s" ref="s-n34" as="anc">
    <fs>
      <f name="id" value="t27u1"/>
    </fs>
  </a>
  <node xml:id="s-n35">
    <link targets="s-r35"/>
  </node>
  <a xml:id="s-N66481" label="s" ref="s-n35" as="anc">
    <fs>
      <f name="id" value="t28u1"/>
    </fs>
  </a>
  <node xml:id="s-n36">
    <link targets="s-r36"/>
  </node>
  <a xml:id="s-N66501" label="s" ref="s-n36" as="anc">
    <fs>
      <f name="id" value="t29u1"/>
    </fs>
  </a>
  <node xml:id="s-n37">
    <link targets="s-r37"/>
  </node>
  <a xml:id="s-N66521" label="s" ref="s-n37" as="anc">
    <fs>
      <f name="id" value="t31u1"/>
    </fs>
  </a>
  <node xml:id="s-n38">
    <link targets="s-r38"/>
  </node>
  <a xml:id="s-N66541" label="s" ref="s-n38" as="anc">
    <fs>
      <f name="id" value="t31u1.1"/>
    </fs>
  </a>
  <node xml:id="s-n39">
    <link targets="s-r39"/>
  </node>
  <a xml:id="s-N66561" label="s" ref="s-n39" as="anc">
    <fs>
      <f name="id" value="t31u1.2"/>
    </fs>
  </a>
  <node xml:id="s-n4">
    <link targets="s-r4"/>
  </node>
  <a xml:id="s-N66581" label="s" ref="s-n4" as="anc">
    <fs>
      <f name="id" value="t7u1"/>
    </fs>
  </a>
  <node xml:id="s-n40">
    <link targets="s-r40"/>
  </node>
  <a xml:id="s-N66601" label="s" ref="s-n40" as="anc">
    <fs>
      <f name="id" value="t31u1.3"/>
    </fs>
  </a>
  <node xml:id="s-n41">
    <link targets="s-r41"/>
  </node>
  <a xml:id="s-N66621" label="s" ref="s-n41" as="anc">
    <fs>
      <f name="id" value="t33u1"/>
    </fs>
  </a>
  <node xml:id="s-n42">
    <link targets="s-r42"/>
  </node>
  <a xml:id="s-N66641" label="s" ref="s-n42" as="anc">
    <fs>
      <f name="id" value="t34u1"/>
    </fs>
  </a>
  <node xml:id="s-n43">
    <link targets="s-r43"/>
  </node>
  <a xml:id="s-N66661" label="s" ref="s-n43" as="anc">
    <fs>
      <f name="id" value="t35u1"/>
    </fs>
  </a>
  <node xml:id="s-n44">
    <link targets="s-r44"/>
  </node>
  <a xml:id="s-N66681" label="s" ref="s-n44" as="anc">
    <fs>
      <f name="id" value="t36u1"/>
    </fs>
  </a>
  <node xml:id="s-n45">
    <link targets="s-r45"/>
  </node>
  <a xml:id="s-N66701" label="s" ref="s-n45" as="anc">
    <fs>
      <f name="id" value="t37u1"/>
    </fs>
  </a>
  <node xml:id="s-n46">
    <link targets="s-r46"/>
  </node>
  <a xml:id="s-N66721" label="s" ref="s-n46" as="anc">
    <fs>
      <f name="id" value="t37u1.1"/>
    </fs>
  </a>
  <node xml:id="s-n47">
    <link targets="s-r47"/>
  </node>
  <a xml:id="s-N66741" label="s" ref="s-n47" as="anc">
    <fs>
      <f name="id" value="t37u1.2"/>
    </fs>
  </a>
  <node xml:id="s-n48">
    <link targets="s-r48"/>
  </node>
  <a xml:id="s-N66761" label="s" ref="s-n48" as="anc">
    <fs>
      <f name="id" value="t39u1"/>
    </fs>
  </a>
  <node xml:id="s-n49">
    <link targets="s-r49"/>
  </node>
  <a xml:id="s-N66781" label="s" ref="s-n49" as="anc">
    <fs>
      <f name="id" value="t40u1"/>
    </fs>
  </a>
  <node xml:id="s-n5">
    <link targets="s-r5"/>
  </node>
  <a xml:id="s-N66801" label="s" ref="s-n5" as="anc">
    <fs>
      <f name="id" value="t8u1"/>
    </fs>
  </a>
  <node xml:id="s-n50">
    <link targets="s-r50"/>
  </node>
  <a xml:id="s-N66821" label="s" ref="s-n50" as="anc">
    <fs>
      <f name="id" value="t41u1"/>
    </fs>
  </a>
  <node xml:id="s-n51">
    <link targets="s-r51"/>
  </node>
  <a xml:id="s-N66841" label="s" ref="s-n51" as="anc">
    <fs>
      <f name="id" value="t42u1"/>
    </fs>
  </a>
  <node xml:id="s-n52">
    <link targets="s-r52"/>
  </node>
  <a xml:id="s-N66861" label="s" ref="s-n52" as="anc">
    <fs>
      <f name="id" value="t42u1.1"/>
    </fs>
  </a>
  <node xml:id="s-n53">
    <link targets="s-r53"/>
  </node>
  <a xml:id="s-N66881" label="s" ref="s-n53" as="anc">
    <fs>
      <f name="id" value="t42u1.2"/>
    </fs>
  </a>
  <node xml:id="s-n54">
    <link targets="s-r54"/>
  </node>
  <a xml:id="s-N66901" label="s" ref="s-n54" as="anc">
    <fs>
      <f name="id" value="t44u1"/>
    </fs>
  </a>
  <node xml:id="s-n55">
    <link targets="s-r55"/>
  </node>
  <a xml:id="s-N66921" label="s" ref="s-n55" as="anc">
    <fs>
      <f name="id" value="t45u1"/>
    </fs>
  </a>
  <node xml:id="s-n56">
    <link targets="s-r56"/>
  </node>
  <a xml:id="s-N66941" label="s" ref="s-n56" as="anc">
    <fs>
      <f name="id" value="t45u1.1"/>
    </fs>
  </a>
  <node xml:id="s-n57">
    <link targets="s-r57"/>
  </node>
  <a xml:id="s-N66961" label="s" ref="s-n57" as="anc">
    <fs>
      <f name="id" value="t45u1.2"/>
    </fs>
  </a>
  <node xml:id="s-n58">
    <link targets="s-r58"/>
  </node>
  <a xml:id="s-N66981" label="s" ref="s-n58" as="anc">
    <fs>
      <f name="id" value="t47u1"/>
    </fs>
  </a>
  <node xml:id="s-n59">
    <link targets="s-r59"/>
  </node>
  <a xml:id="s-N67001" label="s" ref="s-n59" as="anc">
    <fs>
      <f name="id" value="t48u1"/>
    </fs>
  </a>
  <node xml:id="s-n6">
    <link targets="s-r6"/>
  </node>
  <a xml:id="s-N67021" label="s" ref="s-n6" as="anc">
    <fs>
      <f name="id" value="t9u1"/>
    </fs>
  </a>
  <node xml:id="s-n60">
    <link targets="s-r60"/>
  </node>
  <a xml:id="s-N67041" label="s" ref="s-n60" as="anc">
    <fs>
      <f name="id" value="t49u1"/>
    </fs>
  </a>
  <node xml:id="s-n61">
    <link targets="s-r61"/>
  </node>
  <a xml:id="s-N67061" label="s" ref="s-n61" as="anc">
    <fs>
      <f name="id" value="t50u1"/>
    </fs>
  </a>
  <node xml:id="s-n62">
    <link targets="s-r62"/>
  </node>
  <a xml:id="s-N67081" label="s" ref="s-n62" as="anc">
    <fs>
      <f name="id" value="t51u1"/>
    </fs>
  </a>
  <node xml:id="s-n63">
    <link targets="s-r63"/>
  </node>
  <a xml:id="s-N67101" label="s" ref="s-n63" as="anc">
    <fs>
      <f name="id" value="t52u1"/>
    </fs>
  </a>
  <node xml:id="s-n64">
    <link targets="s-r64"/>
  </node>
  <a xml:id="s-N67121" label="s" ref="s-n64" as="anc">
    <fs>
      <f name="id" value="t53u1"/>
    </fs>
  </a>
  <node xml:id="s-n65">
    <link targets="s-r65"/>
  </node>
  <a xml:id="s-N67141" label="s" ref="s-n65" as="anc">
    <fs>
      <f name="id" value="t54u1"/>
    </fs>
  </a>
  <node xml:id="s-n66">
    <link targets="s-r66"/>
  </node>
  <a xml:id="s-N67161" label="s" ref="s-n66" as="anc">
    <fs>
      <f name="id" value="t55u1"/>
    </fs>
  </a>
  <node xml:id="s-n67">
    <link targets="s-r67"/>
  </node>
  <a xml:id="s-N67181" label="s" ref="s-n67" as="anc">
    <fs>
      <f name="id" value="t56u1"/>
    </fs>
  </a>
  <node xml:id="s-n68">
    <link targets="s-r68"/>
  </node>
  <a xml:id="s-N67201" label="s" ref="s-n68" as="anc">
    <fs>
      <f name="id" value="t57u1"/>
    </fs>
  </a>
  <node xml:id="s-n69">
    <link targets="s-r69"/>
  </node>
  <a xml:id="s-N67221" label="s" ref="s-n69" as="anc">
    <fs>
      <f name="id" value="t57u1.1"/>
    </fs>
  </a>
  <node xml:id="s-n7">
    <link targets="s-r7"/>
  </node>
  <a xml:id="s-N67241" label="s" ref="s-n7" as="anc">
    <fs>
      <f name="id" value="t9u1.1"/>
    </fs>
  </a>
  <node xml:id="s-n70">
    <link targets="s-r70"/>
  </node>
  <a xml:id="s-N67261" label="s" ref="s-n70" as="anc">
    <fs>
      <f name="id" value="t57u1.2"/>
    </fs>
  </a>
  <node xml:id="s-n71">
    <link targets="s-r71"/>
  </node>
  <a xml:id="s-N67281" label="s" ref="s-n71" as="anc">
    <fs>
      <f name="id" value="t59u1"/>
    </fs>
  </a>
  <node xml:id="s-n72">
    <link targets="s-r72"/>
  </node>
  <a xml:id="s-N67301" label="s" ref="s-n72" as="anc">
    <fs>
      <f name="id" value="t61u1"/>
    </fs>
  </a>
  <node xml:id="s-n73">
    <link targets="s-r73"/>
  </node>
  <a xml:id="s-N67321" label="s" ref="s-n73" as="anc">
    <fs>
      <f name="id" value="t61u1.1"/>
    </fs>
  </a>
  <node xml:id="s-n74">
    <link targets="s-r74"/>
  </node>
  <a xml:id="s-N67341" label="s" ref="s-n74" as="anc">
    <fs>
      <f name="id" value="t61u1.2"/>
    </fs>
  </a>
  <node xml:id="s-n75">
    <link targets="s-r75"/>
  </node>
  <a xml:id="s-N67361" label="s" ref="s-n75" as="anc">
    <fs>
      <f name="id" value="t61u1.3"/>
    </fs>
  </a>
  <node xml:id="s-n76">
    <link targets="s-r76"/>
  </node>
  <a xml:id="s-N67381" label="s" ref="s-n76" as="anc">
    <fs>
      <f name="id" value="t64u1"/>
    </fs>
  </a>
  <node xml:id="s-n77">
    <link targets="s-r77"/>
  </node>
  <a xml:id="s-N67401" label="s" ref="s-n77" as="anc">
    <fs>
      <f name="id" value="t65u1"/>
    </fs>
  </a>
  <node xml:id="s-n78">
    <link targets="s-r78"/>
  </node>
  <a xml:id="s-N67421" label="s" ref="s-n78" as="anc">
    <fs>
      <f name="id" value="t66u1"/>
    </fs>
  </a>
  <node xml:id="s-n79">
    <link targets="s-r79"/>
  </node>
  <a xml:id="s-N67441" label="s" ref="s-n79" as="anc">
    <fs>
      <f name="id" value="t66u1.1"/>
    </fs>
  </a>
  <node xml:id="s-n8">
    <link targets="s-r8"/>
  </node>
  <a xml:id="s-N67461" label="s" ref="s-n8" as="anc">
    <fs>
      <f name="id" value="t9u1.2"/>
    </fs>
  </a>
  <node xml:id="s-n80">
    <link targets="s-r80"/>
  </node>
  <a xml:id="s-N67481" label="s" ref="s-n80" as="anc">
    <fs>
      <f name="id" value="t66u1.2"/>
    </fs>
  </a>
  <node xml:id="s-n81">
    <link targets="s-r81"/>
  </node>
  <a xml:id="s-N67501" label="s" ref="s-n81" as="anc">
    <fs>
      <f name="id" value="t66u1.3"/>
    </fs>
  </a>
  <node xml:id="s-n82">
    <link targets="s-r82"/>
  </node>
  <a xml:id="s-N67521" label="s" ref="s-n82" as="anc">
    <fs>
      <f name="id" value="t66u1.4"/>
    </fs>
  </a>
  <node xml:id="s-n83">
    <link targets="s-r83"/>
  </node>
  <a xml:id="s-N67541" label="s" ref="s-n83" as="anc">
    <fs>
      <f name="id" value="t66u1.5"/>
    </fs>
  </a>
  <node xml:id="s-n9">
    <link targets="s-r9"/>
  </node>
  <a xml:id="s-N67561" label="s" ref="s-n9" as="anc">
    <fs>
      <f name="id" value="t9u1.3"/>
    </fs>
  </a>
</graph>
