<graph xmlns="http://www.xces.org/ns/GrAF/1.0/" xmlns:graf="http://www.xces.org/ns/GrAF/1.0/">
  <graphHeader>
    <labelsDecl>
      <labelUsage label="person" occurs="2"/>
      <labelUsage label="location" occurs="3"/>
    </labelsDecl>
    <dependencies>
      <dependsOn f.id="f.penn"/>
    </dependencies>
    <annotationSpaces>
      <annotationSpace as.id="anc"/>
    </annotationSpaces>
  </graphHeader>
  <node xml:id="ne-n0"/>
  <a xml:id="ne-N65571" label="location" ref="ne-n0" as="anc">
    <fs>
      <f name="type" value="province"/>
    </fs>
  </a>
  <node xml:id="ne-n1"/>
  <a xml:id="ne-N65587" label="location" ref="ne-n1" as="anc">
    <fs>
      <f name="type" value="province"/>
    </fs>
  </a>
  <node xml:id="ne-n2"/>
  <a xml:id="ne-N65603" label="location" ref="ne-n2" as="anc">
    <fs>
      <f name="type" value="province"/>
    </fs>
  </a>
  <node xml:id="ne-n3"/>
  <a xml:id="ne-N65619" label="person" ref="ne-n3" as="anc">
    <fs>
      <f name="sex" value="male"/>
    </fs>
  </a>
  <node xml:id="ne-n4"/>
  <a xml:id="ne-N65635" label="person" ref="ne-n4" as="anc">
    <fs>
      <f name="sex" value="female"/>
    </fs>
  </a>
  <edge xml:id="ne-lnk3" from="ne-n3" to="penn-n710"/>
  <edge xml:id="ne-lnk2" from="ne-n2" to="penn-n268"/>
  <edge xml:id="ne-lnk1" from="ne-n1" to="penn-n248"/>
  <edge xml:id="ne-lnk0" from="ne-n0" to="penn-n206"/>
  <edge xml:id="ne-lnk4" from="ne-n4" to="penn-n715"/>
</graph>
