<?xml version="1.0" encoding="UTF-8"?><graph xmlns="http://www.xces.org/ns/GrAF/1.0/" xmlns:graf="http://www.xces.org/ns/GrAF/1.0/">
    <graphHeader>
        <labelsDecl>
        </labelsDecl>
    </graphHeader>
    <region xml:id="seg-r0" anchors="41 45"/>
    <region xml:id="seg-r2" anchors="46 49"/>
    <region xml:id="seg-r4" anchors="50 54"/>
    <region xml:id="seg-r6" anchors="55 58"/>
    <region xml:id="seg-r8" anchors="59 62"/>
    <region xml:id="seg-r10" anchors="63 65"/>
    <region xml:id="seg-r12" anchors="66 71"/>
    <region xml:id="seg-r14" anchors="72 77"/>
    <region xml:id="seg-r16" anchors="78 82"/>
    <region xml:id="seg-r17" anchors="82 84"/>
    <region xml:id="seg-r19" anchors="85 91"/>
    <region xml:id="seg-r21" anchors="92 101"/>
    <region xml:id="seg-r23" anchors="102 104"/>
    <region xml:id="seg-r25" anchors="105 106"/>
    <region xml:id="seg-r27" anchors="107 115"/>
    <region xml:id="seg-r29" anchors="116 118"/>
    <region xml:id="seg-r31" anchors="119 127"/>
    <region xml:id="seg-r33" anchors="128 133"/>
    <region xml:id="seg-r35" anchors="134 138"/>
    <region xml:id="seg-r37" anchors="139 140"/>
    <region xml:id="seg-r39" anchors="141 145"/>
    <region xml:id="seg-r41" anchors="146 149"/>
    <region xml:id="seg-r43" anchors="150 154"/>
    <region xml:id="seg-r44" anchors="154 157"/>
    <region xml:id="seg-r46" anchors="158 164"/>
    <region xml:id="seg-r48" anchors="168 176"/>
    <region xml:id="seg-r50" anchors="177 178"/>
    <region xml:id="seg-r52" anchors="179 186"/>
    <region xml:id="seg-r54" anchors="187 189"/>
    <region xml:id="seg-r56" anchors="193 197"/>
    <region xml:id="seg-r57" anchors="197 200"/>
    <region xml:id="seg-r59" anchors="201 212"/>
    <region xml:id="seg-r61" anchors="213 217"/>
    <region xml:id="seg-r63" anchors="218 221"/>
    <region xml:id="seg-r65" anchors="222 229"/>
    <region xml:id="seg-r67" anchors="230 232"/>
    <region xml:id="seg-r69" anchors="233 236"/>
    <region xml:id="seg-r71" anchors="237 241"/>
    <region xml:id="seg-r73" anchors="242 245"/>
    <region xml:id="seg-r75" anchors="249 257"/>
    <region xml:id="seg-r77" anchors="258 262"/>
    <region xml:id="seg-r79" anchors="263 267"/>
    <region xml:id="seg-r81" anchors="268 272"/>
    <region xml:id="seg-r83" anchors="273 276"/>
    <region xml:id="seg-r84" anchors="276 279"/>
    <region xml:id="seg-r86" anchors="280 286"/>
    <region xml:id="seg-r88" anchors="287 289"/>
    <region xml:id="seg-r90" anchors="290 293"/>
    <region xml:id="seg-r92" anchors="294 300"/>
    <region xml:id="seg-r94" anchors="301 303"/>
    <region xml:id="seg-r96" anchors="304 307"/>
    <region xml:id="seg-r98" anchors="308 310"/>
    <region xml:id="seg-r100" anchors="311 314"/>
    <region xml:id="seg-r102" anchors="315 321"/>
    <region xml:id="seg-r104" anchors="322 324"/>
    <region xml:id="seg-r106" anchors="325 332"/>
    <region xml:id="seg-r108" anchors="333 342"/>
    <region xml:id="seg-r110" anchors="343 346"/>
    <region xml:id="seg-r112" anchors="347 350"/>
    <region xml:id="seg-r114" anchors="351 354"/>
    <region xml:id="seg-r116" anchors="355 357"/>
    <region xml:id="seg-r118" anchors="358 362"/>
    <region xml:id="seg-r120" anchors="363 373"/>
    <region xml:id="seg-r122" anchors="374 376"/>
    <region xml:id="seg-r124" anchors="377 380"/>
    <region xml:id="seg-r126" anchors="381 383"/>
    <region xml:id="seg-r128" anchors="384 387"/>
    <region xml:id="seg-r130" anchors="388 393"/>
    <region xml:id="seg-r132" anchors="403 406"/>
    <region xml:id="seg-r134" anchors="407 410"/>
    <region xml:id="seg-r136" anchors="414 418"/>
    <region xml:id="seg-r138" anchors="419 421"/>
    <region xml:id="seg-r140" anchors="422 426"/>
    <region xml:id="seg-r142" anchors="427 430"/>
    <region xml:id="seg-r144" anchors="431 435"/>
    <region xml:id="seg-r146" anchors="436 439"/>
    <region xml:id="seg-r148" anchors="440 444"/>
    <region xml:id="seg-r150" anchors="445 452"/>
    <region xml:id="seg-r152" anchors="453 458"/>
    <region xml:id="seg-r154" anchors="468 472"/>
    <region xml:id="seg-r156" anchors="473 476"/>
    <region xml:id="seg-r158" anchors="477 480"/>
    <region xml:id="seg-r160" anchors="481 484"/>
    <region xml:id="seg-r162" anchors="485 488"/>
    <region xml:id="seg-r164" anchors="489 490"/>
    <region xml:id="seg-r165" anchors="490 492"/>
    <region xml:id="seg-r167" anchors="493 500"/>
    <region xml:id="seg-r169" anchors="501 506"/>
    <region xml:id="seg-r171" anchors="507 508"/>
    <region xml:id="seg-r173" anchors="509 513"/>
    <region xml:id="seg-r175" anchors="514 519"/>
    <region xml:id="seg-r177" anchors="520 525"/>
    <region xml:id="seg-r179" anchors="529 532"/>
    <region xml:id="seg-r181" anchors="533 543"/>
    <region xml:id="seg-r183" anchors="544 548"/>
    <region xml:id="seg-r185" anchors="549 554"/>
    <region xml:id="seg-r187" anchors="555 558"/>
    <region xml:id="seg-r189" anchors="559 563"/>
    <region xml:id="seg-r191" anchors="564 565"/>
    <region xml:id="seg-r192" anchors="565 567"/>
    <region xml:id="seg-r194" anchors="568 573"/>
    <region xml:id="seg-r196" anchors="574 576"/>
    <region xml:id="seg-r198" anchors="577 582"/>
    <region xml:id="seg-r200" anchors="583 586"/>
    <region xml:id="seg-r202" anchors="587 592"/>
    <region xml:id="seg-r204" anchors="593 598"/>
    <region xml:id="seg-r206" anchors="599 602"/>
    <region xml:id="seg-r208" anchors="603 606"/>
    <region xml:id="seg-r210" anchors="607 611"/>
    <region xml:id="seg-r212" anchors="621 627"/>
    <region xml:id="seg-r214" anchors="628 634"/>
    <region xml:id="seg-r216" anchors="644 647"/>
    <region xml:id="seg-r218" anchors="648 651"/>
    <region xml:id="seg-r219" anchors="651 654"/>
    <region xml:id="seg-r221" anchors="655 661"/>
    <region xml:id="seg-r223" anchors="662 664"/>
    <region xml:id="seg-r225" anchors="665 670"/>
    <region xml:id="seg-r227" anchors="671 674"/>
    <region xml:id="seg-r229" anchors="675 677"/>
    <region xml:id="seg-r231" anchors="678 679"/>
    <region xml:id="seg-r233" anchors="680 684"/>
    <region xml:id="seg-r235" anchors="685 696"/>
    <region xml:id="seg-r237" anchors="697 702"/>
    <region xml:id="seg-r239" anchors="703 706"/>
    <region xml:id="seg-r241" anchors="707 713"/>
    <region xml:id="seg-r243" anchors="714 717"/>
    <region xml:id="seg-r245" anchors="718 723"/>
    <region xml:id="seg-r247" anchors="724 727"/>
    <region xml:id="seg-r249" anchors="728 734"/>
    <region xml:id="seg-r251" anchors="735 739"/>
    <region xml:id="seg-r253" anchors="740 743"/>
    <region xml:id="seg-r255" anchors="744 749"/>
    <region xml:id="seg-r257" anchors="750 752"/>
    <region xml:id="seg-r259" anchors="753 757"/>
    <region xml:id="seg-r261" anchors="758 760"/>
    <region xml:id="seg-r263" anchors="761 764"/>
    <region xml:id="seg-r265" anchors="765 768"/>
    <region xml:id="seg-r267" anchors="769 774"/>
    <region xml:id="seg-r269" anchors="775 778"/>
    <region xml:id="seg-r271" anchors="779 783"/>
    <region xml:id="seg-r273" anchors="784 787"/>
    <region xml:id="seg-r275" anchors="788 793"/>
    <region xml:id="seg-r277" anchors="794 796"/>
    <region xml:id="seg-r279" anchors="797 800"/>
    <region xml:id="seg-r281" anchors="801 810"/>
    <region xml:id="seg-r283" anchors="811 817"/>
    <region xml:id="seg-r285" anchors="818 820"/>
    <region xml:id="seg-r287" anchors="836 842"/>
    <region xml:id="seg-r289" anchors="852 854"/>
    <region xml:id="seg-r291" anchors="855 858"/>
    <region xml:id="seg-r293" anchors="859 863"/>
    <region xml:id="seg-r295" anchors="864 872"/>
    <region xml:id="seg-r297" anchors="873 880"/>
    <region xml:id="seg-r299" anchors="881 889"/>
    <region xml:id="seg-r301" anchors="890 897"/>
    <region xml:id="seg-r303" anchors="898 905"/>
    <region xml:id="seg-r305" anchors="906 909"/>
    <region xml:id="seg-r307" anchors="910 911"/>
    <region xml:id="seg-r309" anchors="912 916"/>
    <region xml:id="seg-r311" anchors="917 919"/>
    <region xml:id="seg-r313" anchors="920 925"/>
    <region xml:id="seg-r315" anchors="926 930"/>
    <region xml:id="seg-r317" anchors="931 935"/>
    <region xml:id="seg-r318" anchors="935 938"/>
    <region xml:id="seg-r320" anchors="939 943"/>
    <region xml:id="seg-r322" anchors="944 952"/>
    <region xml:id="seg-r324" anchors="953 954"/>
    <region xml:id="seg-r326" anchors="955 963"/>
    <region xml:id="seg-r328" anchors="964 969"/>
    <region xml:id="seg-r330" anchors="970 974"/>
    <region xml:id="seg-r332" anchors="975 978"/>
    <region xml:id="seg-r334" anchors="979 986"/>
    <region xml:id="seg-r336" anchors="996 1000"/>
    <region xml:id="seg-r337" anchors="1000 1002"/>
    <region xml:id="seg-r339" anchors="1003 1007"/>
    <region xml:id="seg-r341" anchors="1008 1010"/>
    <region xml:id="seg-r343" anchors="1011 1014"/>
    <region xml:id="seg-r345" anchors="1015 1019"/>
    <region xml:id="seg-r347" anchors="1020 1024"/>
    <region xml:id="seg-r349" anchors="1025 1028"/>
    <region xml:id="seg-r351" anchors="1029 1032"/>
    <region xml:id="seg-r353" anchors="1033 1042"/>
    <region xml:id="seg-r355" anchors="1043 1045"/>
    <region xml:id="seg-r357" anchors="1046 1047"/>
    <region xml:id="seg-r359" anchors="1048 1056"/>
    <region xml:id="seg-r361" anchors="1057 1059"/>
    <region xml:id="seg-r362" anchors="1059 1061"/>
    <region xml:id="seg-r364" anchors="1062 1066"/>
    <region xml:id="seg-r366" anchors="1067 1068"/>
    <region xml:id="seg-r368" anchors="1069 1077"/>
    <region xml:id="seg-r370" anchors="1078 1083"/>
    <region xml:id="seg-r372" anchors="1084 1088"/>
    <region xml:id="seg-r374" anchors="1089 1094"/>
    <region xml:id="seg-r376" anchors="1095 1097"/>
    <region xml:id="seg-r378" anchors="1098 1101"/>
    <region xml:id="seg-r380" anchors="1102 1106"/>
    <region xml:id="seg-r382" anchors="1107 1112"/>
    <region xml:id="seg-r384" anchors="1113 1116"/>
    <region xml:id="seg-r386" anchors="1117 1120"/>
    <region xml:id="seg-r388" anchors="1121 1125"/>
    <region xml:id="seg-r390" anchors="1126 1130"/>
    <region xml:id="seg-r392" anchors="1131 1132"/>
    <region xml:id="seg-r394" anchors="1133 1139"/>
    <region xml:id="seg-r396" anchors="1140 1146"/>
    <region xml:id="seg-r398" anchors="1147 1151"/>
    <region xml:id="seg-r400" anchors="1152 1155"/>
    <region xml:id="seg-r402" anchors="1165 1169"/>
    <region xml:id="seg-r404" anchors="1170 1173"/>
    <region xml:id="seg-r406" anchors="1174 1178"/>
    <region xml:id="seg-r408" anchors="1179 1181"/>
    <region xml:id="seg-r410" anchors="1182 1186"/>
    <region xml:id="seg-r412" anchors="1187 1190"/>
    <region xml:id="seg-r414" anchors="1194 1198"/>
    <region xml:id="seg-r415" anchors="1198 1201"/>
    <region xml:id="seg-r417" anchors="1202 1207"/>
    <region xml:id="seg-r419" anchors="1208 1217"/>
    <region xml:id="seg-r421" anchors="1218 1221"/>
    <region xml:id="seg-r423" anchors="1222 1225"/>
    <region xml:id="seg-r424" anchors="1225 1228"/>
    <region xml:id="seg-r426" anchors="1229 1232"/>
    <region xml:id="seg-r428" anchors="1233 1235"/>
    <region xml:id="seg-r430" anchors="1236 1239"/>
    <region xml:id="seg-r432" anchors="1240 1245"/>
    <region xml:id="seg-r434" anchors="1246 1251"/>
    <region xml:id="seg-r436" anchors="1252 1258"/>
    <region xml:id="seg-r438" anchors="1259 1263"/>
    <region xml:id="seg-r439" anchors="1263 1266"/>
    <region xml:id="seg-r441" anchors="1267 1269"/>
    <region xml:id="seg-r443" anchors="1270 1278"/>
    <region xml:id="seg-r445" anchors="1288 1294"/>
    <region xml:id="seg-r447" anchors="1295 1301"/>
    <region xml:id="seg-r449" anchors="1302 1306"/>
    <region xml:id="seg-r451" anchors="1307 1316"/>
    <region xml:id="seg-r453" anchors="1317 1318"/>
    <region xml:id="seg-r455" anchors="1319 1320"/>
    <region xml:id="seg-r457" anchors="1321 1324"/>
    <region xml:id="seg-r459" anchors="1325 1329"/>
    <region xml:id="seg-r461" anchors="1330 1332"/>
    <region xml:id="seg-r463" anchors="1333 1335"/>
    <region xml:id="seg-r465" anchors="1336 1338"/>
    <region xml:id="seg-r467" anchors="1339 1348"/>
    <region xml:id="seg-r469" anchors="1349 1356"/>
    <region xml:id="seg-r471" anchors="1357 1359"/>
    <region xml:id="seg-r473" anchors="1360 1364"/>
    <region xml:id="seg-r475" anchors="1365 1367"/>
    <region xml:id="seg-r477" anchors="1368 1371"/>
    <region xml:id="seg-r479" anchors="1372 1373"/>
    <region xml:id="seg-r481" anchors="1374 1378"/>
    <region xml:id="seg-r483" anchors="1379 1383"/>
    <region xml:id="seg-r485" anchors="1384 1388"/>
    <region xml:id="seg-r487" anchors="1389 1390"/>
    <region xml:id="seg-r488" anchors="1390 1393"/>
    <region xml:id="seg-r490" anchors="1394 1397"/>
    <region xml:id="seg-r492" anchors="1398 1399"/>
    <region xml:id="seg-r494" anchors="1400 1405"/>
    <region xml:id="seg-r496" anchors="1406 1411"/>
    <region xml:id="seg-r498" anchors="1412 1414"/>
    <region xml:id="seg-r500" anchors="1415 1423"/>
    <region xml:id="seg-r502" anchors="1424 1427"/>
    <region xml:id="seg-r504" anchors="1428 1429"/>
    <region xml:id="seg-r506" anchors="1430 1432"/>
    <region xml:id="seg-r508" anchors="1433 1440"/>
    <region xml:id="seg-r510" anchors="1441 1445"/>
    <region xml:id="seg-r512" anchors="1446 1449"/>
    <region xml:id="seg-r514" anchors="1450 1454"/>
    <region xml:id="seg-r516" anchors="1455 1457"/>
    <region xml:id="seg-r518" anchors="1458 1462"/>
    <region xml:id="seg-r520" anchors="1463 1466"/>
    <region xml:id="seg-r521" anchors="1466 1469"/>
    <region xml:id="seg-r523" anchors="1470 1474"/>
    <region xml:id="seg-r525" anchors="1475 1482"/>
    <region xml:id="seg-r527" anchors="1483 1485"/>
    <region xml:id="seg-r529" anchors="1486 1489"/>
    <region xml:id="seg-r531" anchors="1499 1503"/>
    <region xml:id="seg-r533" anchors="1504 1505"/>
    <region xml:id="seg-r535" anchors="1506 1511"/>
    <region xml:id="seg-r537" anchors="1512 1516"/>
    <region xml:id="seg-r539" anchors="1517 1519"/>
    <region xml:id="seg-r541" anchors="1520 1523"/>
    <region xml:id="seg-r543" anchors="1524 1528"/>
    <region xml:id="seg-r545" anchors="1529 1531"/>
    <region xml:id="seg-r547" anchors="1532 1536"/>
    <region xml:id="seg-r549" anchors="1537 1540"/>
    <region xml:id="seg-r551" anchors="1541 1543"/>
    <region xml:id="seg-r553" anchors="1544 1548"/>
    <region xml:id="seg-r555" anchors="1558 1564"/>
    <region xml:id="seg-r557" anchors="1574 1576"/>
    <region xml:id="seg-r558" anchors="1576 1579"/>
    <region xml:id="seg-r560" anchors="1580 1583"/>
    <region xml:id="seg-r562" anchors="1584 1585"/>
    <region xml:id="seg-r564" anchors="1586 1591"/>
    <region xml:id="seg-r566" anchors="1592 1594"/>
    <region xml:id="seg-r568" anchors="1595 1599"/>
    <region xml:id="seg-r570" anchors="1600 1607"/>
    <region xml:id="seg-r572" anchors="1608 1611"/>
    <region xml:id="seg-r574" anchors="1612 1615"/>
    <region xml:id="seg-r576" anchors="1616 1620"/>
    <region xml:id="seg-r578" anchors="1621 1625"/>
    <region xml:id="seg-r580" anchors="1626 1631"/>
    <region xml:id="seg-r582" anchors="1632 1638"/>
    <region xml:id="seg-r584" anchors="1639 1647"/>
    <region xml:id="seg-r586" anchors="1657 1663"/>
    <region xml:id="seg-r588" anchors="1673 1674"/>
    <region xml:id="seg-r590" anchors="1675 1680"/>
    <region xml:id="seg-r592" anchors="1681 1682"/>
    <region xml:id="seg-r594" anchors="1683 1686"/>
    <region xml:id="seg-r596" anchors="1687 1693"/>
    <region xml:id="seg-r598" anchors="1694 1696"/>
    <region xml:id="seg-r600" anchors="1697 1703"/>
    <region xml:id="seg-r602" anchors="1704 1706"/>
    <region xml:id="seg-r604" anchors="1707 1712"/>
    <region xml:id="seg-r606" anchors="1713 1716"/>
    <region xml:id="seg-r608" anchors="1717 1719"/>
    <region xml:id="seg-r610" anchors="1720 1725"/>
    <region xml:id="seg-r612" anchors="1726 1732"/>
    <region xml:id="seg-r614" anchors="1733 1734"/>
    <region xml:id="seg-r616" anchors="1735 1740"/>
    <region xml:id="seg-r618" anchors="1741 1743"/>
    <region xml:id="seg-r619" anchors="1743 1745"/>
    <region xml:id="seg-r621" anchors="1746 1751"/>
    <region xml:id="seg-r623" anchors="1752 1756"/>
    <region xml:id="seg-r625" anchors="1757 1760"/>
    <region xml:id="seg-r627" anchors="1761 1765"/>
    <region xml:id="seg-r629" anchors="1766 1773"/>
    <region xml:id="seg-r631" anchors="1774 1776"/>
    <region xml:id="seg-r633" anchors="1777 1783"/>
    <region xml:id="seg-r635" anchors="1784 1786"/>
    <region xml:id="seg-r637" anchors="1787 1791"/>
    <region xml:id="seg-r639" anchors="1792 1799"/>
    <region xml:id="seg-r641" anchors="1800 1803"/>
    <region xml:id="seg-r643" anchors="1804 1814"/>
    <region xml:id="seg-r645" anchors="1818 1821"/>
    <region xml:id="seg-r647" anchors="1822 1824"/>
    <region xml:id="seg-r649" anchors="1825 1829"/>
    <region xml:id="seg-r650" anchors="1829 1832"/>
    <region xml:id="seg-r652" anchors="1833 1838"/>
    <region xml:id="seg-r654" anchors="1839 1841"/>
    <region xml:id="seg-r656" anchors="1842 1847"/>
    <region xml:id="seg-r658" anchors="1848 1853"/>
    <region xml:id="seg-r660" anchors="1854 1862"/>
    <region xml:id="seg-r662" anchors="1863 1865"/>
    <region xml:id="seg-r664" anchors="1866 1871"/>
    <region xml:id="seg-r666" anchors="1872 1880"/>
    <region xml:id="seg-r668" anchors="1881 1888"/>
    <region xml:id="seg-r670" anchors="1889 1899"/>
    <region xml:id="seg-r672" anchors="1900 1904"/>
    <region xml:id="seg-r674" anchors="1905 1910"/>
    <region xml:id="seg-r676" anchors="1911 1913"/>
    <region xml:id="seg-r678" anchors="1914 1916"/>
    <region xml:id="seg-r680" anchors="1917 1922"/>
    <region xml:id="seg-r682" anchors="1923 1930"/>
    <region xml:id="seg-r684" anchors="1931 1935"/>
    <region xml:id="seg-r686" anchors="1936 1939"/>
    <region xml:id="seg-r688" anchors="1940 1945"/>
    <region xml:id="seg-r690" anchors="1946 1950"/>
    <region xml:id="seg-r692" anchors="1951 1955"/>
    <region xml:id="seg-r694" anchors="1956 1965"/>
    <region xml:id="seg-r696" anchors="1966 1970"/>
    <region xml:id="seg-r698" anchors="1971 1978"/>
    <region xml:id="seg-r700" anchors="1979 1981"/>
    <region xml:id="seg-r702" anchors="1982 1987"/>
    <region xml:id="seg-r704" anchors="1988 1989"/>
    <region xml:id="seg-r706" anchors="1990 1998"/>
    <region xml:id="seg-r708" anchors="1999 2001"/>
    <region xml:id="seg-r710" anchors="2002 2004"/>
    <region xml:id="seg-r712" anchors="2005 2012"/>
    <region xml:id="seg-r714" anchors="2013 2016"/>
    <region xml:id="seg-r716" anchors="2017 2021"/>
    <region xml:id="seg-r718" anchors="2022 2024"/>
    <region xml:id="seg-r720" anchors="2025 2029"/>
    <region xml:id="seg-r722" anchors="2030 2035"/>
    <region xml:id="seg-r724" anchors="2036 2044"/>
    <region xml:id="seg-r726" anchors="2045 2047"/>
    <region xml:id="seg-r728" anchors="2048 2055"/>
    <region xml:id="seg-r730" anchors="2056 2059"/>
    <region xml:id="seg-r732" anchors="2060 2064"/>
    <region xml:id="seg-r734" anchors="2065 2072"/>
    <region xml:id="seg-r736" anchors="2073 2077"/>
    <region xml:id="seg-r738" anchors="2078 2082"/>
    <region xml:id="seg-r740" anchors="2083 2086"/>
    <region xml:id="seg-r742" anchors="2087 2091"/>
    <region xml:id="seg-r744" anchors="2092 2096"/>
    <region xml:id="seg-r746" anchors="2106 2112"/>
    <region xml:id="seg-r748" anchors="2113 2117"/>
    <region xml:id="seg-r750" anchors="2118 2121"/>
    <region xml:id="seg-r752" anchors="2122 2123"/>
    <region xml:id="seg-r754" anchors="2124 2128"/>
    <region xml:id="seg-r756" anchors="2129 2131"/>
    <region xml:id="seg-r758" anchors="2132 2140"/>
    <region xml:id="seg-r760" anchors="2141 2150"/>
    <region xml:id="seg-r762" anchors="2151 2157"/>
    <region xml:id="seg-r764" anchors="2158 2161"/>
    <region xml:id="seg-r766" anchors="2162 2163"/>
    <region xml:id="seg-r768" anchors="2164 2169"/>
    <region xml:id="seg-r770" anchors="2170 2173"/>
    <region xml:id="seg-r772" anchors="2174 2177"/>
    <region xml:id="seg-r774" anchors="2178 2180"/>
    <region xml:id="seg-r776" anchors="2181 2186"/>
    <region xml:id="seg-r778" anchors="2187 2192"/>
    <region xml:id="seg-r780" anchors="2193 2196"/>
    <region xml:id="seg-r782" anchors="2197 2201"/>
    <region xml:id="seg-r784" anchors="2202 2206"/>
    <region xml:id="seg-r786" anchors="2207 2209"/>
    <region xml:id="seg-r788" anchors="2210 2214"/>
    <region xml:id="seg-r790" anchors="2215 2218"/>
    <region xml:id="seg-r792" anchors="2219 2227"/>
    <region xml:id="seg-r794" anchors="2228 2230"/>
    <region xml:id="seg-r796" anchors="2231 2232"/>
    <region xml:id="seg-r798" anchors="2233 2240"/>
    <region xml:id="seg-r800" anchors="2241 2249"/>
    <region xml:id="seg-r802" anchors="2250 2254"/>
    <region xml:id="seg-r804" anchors="2255 2256"/>
    <region xml:id="seg-r806" anchors="2257 2259"/>
    <region xml:id="seg-r807" anchors="2259 2262"/>
    <region xml:id="seg-r809" anchors="2263 2267"/>
    <region xml:id="seg-r811" anchors="2268 2278"/>
    <region xml:id="seg-r813" anchors="2282 2284"/>
    <region xml:id="seg-r815" anchors="2285 2289"/>
    <region xml:id="seg-r817" anchors="2290 2291"/>
    <region xml:id="seg-r819" anchors="2292 2294"/>
    <region xml:id="seg-r821" anchors="2295 2296"/>
    <region xml:id="seg-r823" anchors="2297 2303"/>
    <region xml:id="seg-r825" anchors="2304 2308"/>
    <region xml:id="seg-r827" anchors="2309 2313"/>
    <region xml:id="seg-r829" anchors="2314 2318"/>
    <region xml:id="seg-r830" anchors="2318 2320"/>
    <region xml:id="seg-r832" anchors="2321 2323"/>
    <region xml:id="seg-r834" anchors="2324 2326"/>
    <region xml:id="seg-r836" anchors="2327 2335"/>
    <region xml:id="seg-r838" anchors="2336 2338"/>
    <region xml:id="seg-r840" anchors="2339 2341"/>
    <region xml:id="seg-r842" anchors="2342 2349"/>
    <region xml:id="seg-r844" anchors="2353 2354"/>
    <region xml:id="seg-r846" anchors="2355 2360"/>
    <region xml:id="seg-r848" anchors="2361 2365"/>
    <region xml:id="seg-r850" anchors="2366 2369"/>
    <region xml:id="seg-r852" anchors="2370 2372"/>
    <region xml:id="seg-r854" anchors="2373 2377"/>
    <region xml:id="seg-r856" anchors="2378 2388"/>
    <region xml:id="seg-r858" anchors="2389 2396"/>
    <region xml:id="seg-r860" anchors="2397 2402"/>
    <region xml:id="seg-r862" anchors="2406 2409"/>
    <region xml:id="seg-r864" anchors="2410 2412"/>
    <region xml:id="seg-r866" anchors="2413 2416"/>
    <region xml:id="seg-r868" anchors="2426 2430"/>
    <region xml:id="seg-r869" anchors="2430 2432"/>
    <region xml:id="seg-r871" anchors="2433 2438"/>
    <region xml:id="seg-r873" anchors="2439 2443"/>
    <region xml:id="seg-r875" anchors="2444 2446"/>
    <region xml:id="seg-r877" anchors="2447 2450"/>
    <region xml:id="seg-r879" anchors="2451 2453"/>
    <region xml:id="seg-r881" anchors="2454 2457"/>
    <region xml:id="seg-r883" anchors="2458 2463"/>
    <region xml:id="seg-r885" anchors="2464 2472"/>
    <region xml:id="seg-r887" anchors="2473 2484"/>
    <region xml:id="seg-r889" anchors="2488 2489"/>
    <region xml:id="seg-r891" anchors="2490 2493"/>
    <region xml:id="seg-r893" anchors="2494 2495"/>
    <region xml:id="seg-r895" anchors="2496 2500"/>
    <region xml:id="seg-r897" anchors="2501 2503"/>
    <region xml:id="seg-r899" anchors="2504 2508"/>
    <region xml:id="seg-r901" anchors="2509 2511"/>
    <region xml:id="seg-r903" anchors="2512 2516"/>
    <region xml:id="seg-r905" anchors="2517 2519"/>
    <region xml:id="seg-r907" anchors="2520 2523"/>
    <region xml:id="seg-r909" anchors="2524 2526"/>
    <region xml:id="seg-r911" anchors="2527 2530"/>
    <region xml:id="seg-r913" anchors="2531 2543"/>
    <region xml:id="seg-r915" anchors="2544 2550"/>
    <region xml:id="seg-r917" anchors="2551 2560"/>
    <region xml:id="seg-r919" anchors="2561 2567"/>
    <region xml:id="seg-r921" anchors="2568 2570"/>
    <region xml:id="seg-r923" anchors="2571 2577"/>
    <region xml:id="seg-r925" anchors="2587 2588"/>
    <region xml:id="seg-r926" anchors="2588 2593"/>
    <region xml:id="seg-r928" anchors="2603 2604"/>
    <region xml:id="seg-r929" anchors="2604 2611"/>
    <region xml:id="seg-r931" anchors="2612 2620"/>
    <region xml:id="seg-r933" anchors="2621 2623"/>
    <region xml:id="seg-r935" anchors="2624 2625"/>
    <region xml:id="seg-r937" anchors="2626 2632"/>
    <region xml:id="seg-r939" anchors="2633 2638"/>
    <region xml:id="seg-r941" anchors="2639 2647"/>
    <region xml:id="seg-r943" anchors="2648 2649"/>
    <region xml:id="seg-r945" anchors="2650 2655"/>
    <region xml:id="seg-r946" anchors="2655 2658"/>
    <region xml:id="seg-r948" anchors="2659 2665"/>
    <region xml:id="seg-r950" anchors="2666 2670"/>
    <region xml:id="seg-r952" anchors="2671 2673"/>
    <region xml:id="seg-r954" anchors="2674 2677"/>
    <region xml:id="seg-r956" anchors="2678 2683"/>
    <region xml:id="seg-r958" anchors="2684 2686"/>
    <region xml:id="seg-r960" anchors="2687 2693"/>
    <region xml:id="seg-r962" anchors="2694 2696"/>
    <region xml:id="seg-r964" anchors="2697 2699"/>
    <region xml:id="seg-r966" anchors="2700 2701"/>
    <region xml:id="seg-r968" anchors="2702 2707"/>
    <region xml:id="seg-r969" anchors="2707 2710"/>
    <region xml:id="seg-r971" anchors="2711 2717"/>
    <region xml:id="seg-r973" anchors="2718 2721"/>
    <region xml:id="seg-r975" anchors="2722 2727"/>
    <region xml:id="seg-r977" anchors="2728 2736"/>
    <region xml:id="seg-r979" anchors="2737 2745"/>
    <region xml:id="seg-r981" anchors="2746 2748"/>
    <region xml:id="seg-r983" anchors="2749 2753"/>
    <region xml:id="seg-r985" anchors="2754 2757"/>
    <region xml:id="seg-r987" anchors="2767 2773"/>
    <region xml:id="seg-r989" anchors="2774 2780"/>
    <region xml:id="seg-r991" anchors="2784 2788"/>
    <region xml:id="seg-r993" anchors="2789 2793"/>
    <region xml:id="seg-r994" anchors="2793 2795"/>
    <region xml:id="seg-r996" anchors="2796 2800"/>
    <region xml:id="seg-r998" anchors="2801 2807"/>
    <region xml:id="seg-r1000" anchors="2808 2810"/>
    <region xml:id="seg-r1002" anchors="2811 2813"/>
    <region xml:id="seg-r1004" anchors="2814 2823"/>
    <region xml:id="seg-r1006" anchors="2824 2831"/>
    <region xml:id="seg-r1008" anchors="2832 2838"/>
    <region xml:id="seg-r1010" anchors="2839 2842"/>
    <region xml:id="seg-r1012" anchors="2843 2847"/>
    <region xml:id="seg-r1014" anchors="2848 2851"/>
    <region xml:id="seg-r1016" anchors="2852 2854"/>
    <region xml:id="seg-r1017" anchors="2854 2857"/>
    <region xml:id="seg-r1019" anchors="2858 2860"/>
    <region xml:id="seg-r1021" anchors="2861 2864"/>
    <region xml:id="seg-r1023" anchors="2865 2867"/>
    <region xml:id="seg-r1024" anchors="2867 2870"/>
    <region xml:id="seg-r1026" anchors="2871 2877"/>
    <region xml:id="seg-r1028" anchors="2878 2882"/>
    <region xml:id="seg-r1030" anchors="2883 2888"/>
    <region xml:id="seg-r1032" anchors="2889 2895"/>
    <region xml:id="seg-r1034" anchors="2896 2900"/>
    <region xml:id="seg-r1036" anchors="2901 2907"/>
    <region xml:id="seg-r1038" anchors="2908 2914"/>
    <region xml:id="seg-r1040" anchors="2915 2919"/>
    <region xml:id="seg-r1042" anchors="2920 2926"/>
    <region xml:id="seg-r1044" anchors="2927 2931"/>
    <region xml:id="seg-r1046" anchors="2932 2935"/>
    <region xml:id="seg-r1048" anchors="2936 2938"/>
    <region xml:id="seg-r1050" anchors="2939 2944"/>
    <region xml:id="seg-r1052" anchors="2945 2948"/>
    <region xml:id="seg-r1054" anchors="2949 2954"/>
    <region xml:id="seg-r1056" anchors="2955 2959"/>
    <region xml:id="seg-r1058" anchors="2960 2964"/>
    <region xml:id="seg-r1060" anchors="2965 2967"/>
    <region xml:id="seg-r1062" anchors="2968 2981"/>
    <region xml:id="seg-r1064" anchors="2985 2987"/>
    <region xml:id="seg-r1066" anchors="2988 2991"/>
    <region xml:id="seg-r1068" anchors="2992 2996"/>
    <region xml:id="seg-r1070" anchors="2997 3002"/>
    <region xml:id="seg-r1072" anchors="3003 3007"/>
    <region xml:id="seg-r1074" anchors="3008 3010"/>
    <region xml:id="seg-r1076" anchors="3011 3013"/>
    <region xml:id="seg-r1078" anchors="3014 3017"/>
    <region xml:id="seg-r1080" anchors="3018 3023"/>
    <region xml:id="seg-r1082" anchors="3024 3028"/>
    <region xml:id="seg-r1084" anchors="3029 3032"/>
    <region xml:id="seg-r1086" anchors="3033 3035"/>
    <region xml:id="seg-r1088" anchors="3036 3039"/>
    <region xml:id="seg-r1090" anchors="3040 3044"/>
    <region xml:id="seg-r1092" anchors="3045 3049"/>
    <region xml:id="seg-r1094" anchors="3050 3056"/>
    <region xml:id="seg-r1096" anchors="3057 3059"/>
    <region xml:id="seg-r1098" anchors="3060 3067"/>
    <region xml:id="seg-r1100" anchors="3068 3072"/>
    <region xml:id="seg-r1102" anchors="3073 3074"/>
    <region xml:id="seg-r1104" anchors="3075 3077"/>
    <region xml:id="seg-r1106" anchors="3078 3080"/>
    <region xml:id="seg-r1108" anchors="3081 3082"/>
    <region xml:id="seg-r1109" anchors="3082 3085"/>
    <region xml:id="seg-r1111" anchors="3086 3090"/>
    <region xml:id="seg-r1113" anchors="3091 3094"/>
    <region xml:id="seg-r1115" anchors="3095 3104"/>
    <region xml:id="seg-r1117" anchors="3105 3112"/>
    <region xml:id="seg-r1119" anchors="3113 3116"/>
    <region xml:id="seg-r1121" anchors="3117 3121"/>
    <region xml:id="seg-r1123" anchors="3122 3125"/>
    <region xml:id="seg-r1125" anchors="3126 3129"/>
    <region xml:id="seg-r1127" anchors="3130 3135"/>
    <region xml:id="seg-r1128" anchors="3135 3137"/>
    <region xml:id="seg-r1130" anchors="3138 3144"/>
    <region xml:id="seg-r1132" anchors="3145 3151"/>
    <region xml:id="seg-r1134" anchors="3152 3158"/>
    <region xml:id="seg-r1136" anchors="3159 3162"/>
    <region xml:id="seg-r1138" anchors="3163 3167"/>
    <region xml:id="seg-r1140" anchors="3168 3171"/>
    <region xml:id="seg-r1142" anchors="3172 3176"/>
    <region xml:id="seg-r1143" anchors="3176 3179"/>
    <region xml:id="seg-r1145" anchors="3180 3186"/>
    <region xml:id="seg-r1147" anchors="3187 3189"/>
    <region xml:id="seg-r1149" anchors="3190 3194"/>
    <region xml:id="seg-r1151" anchors="3195 3204"/>
    <region xml:id="seg-r1153" anchors="3205 3207"/>
    <region xml:id="seg-r1155" anchors="3208 3210"/>
    <region xml:id="seg-r1157" anchors="3211 3215"/>
    <region xml:id="seg-r1158" anchors="3215 3218"/>
    <region xml:id="seg-r1160" anchors="3219 3223"/>
    <region xml:id="seg-r1162" anchors="3224 3225"/>
    <region xml:id="seg-r1164" anchors="3226 3235"/>
    <region xml:id="seg-r1166" anchors="3236 3248"/>
    <region xml:id="seg-r1168" anchors="3252 3255"/>
    <region xml:id="seg-r1170" anchors="3256 3257"/>
    <region xml:id="seg-r1172" anchors="3258 3264"/>
    <region xml:id="seg-r1174" anchors="3265 3269"/>
    <region xml:id="seg-r1176" anchors="3270 3274"/>
    <region xml:id="seg-r1178" anchors="3275 3276"/>
    <region xml:id="seg-r1180" anchors="3277 3283"/>
    <region xml:id="seg-r1182" anchors="3284 3290"/>
    <region xml:id="seg-r1184" anchors="3291 3293"/>
    <region xml:id="seg-r1186" anchors="3294 3295"/>
    <region xml:id="seg-r1188" anchors="3296 3299"/>
    <region xml:id="seg-r1190" anchors="3300 3308"/>
    <region xml:id="seg-r1192" anchors="3309 3313"/>
    <region xml:id="seg-r1194" anchors="3314 3316"/>
    <region xml:id="seg-r1196" anchors="3317 3320"/>
    <region xml:id="seg-r1198" anchors="3321 3325"/>
    <region xml:id="seg-r1200" anchors="3326 3331"/>
    <region xml:id="seg-r1202" anchors="3332 3335"/>
    <region xml:id="seg-r1204" anchors="3336 3341"/>
    <region xml:id="seg-r1206" anchors="3342 3345"/>
    <region xml:id="seg-r1208" anchors="3349 3352"/>
    <region xml:id="seg-r1210" anchors="3353 3355"/>
    <region xml:id="seg-r1212" anchors="3356 3360"/>
    <region xml:id="seg-r1214" anchors="3361 3363"/>
    <region xml:id="seg-r1216" anchors="3364 3367"/>
    <region xml:id="seg-r1218" anchors="3368 3373"/>
    <region xml:id="seg-r1220" anchors="3374 3378"/>
    <region xml:id="seg-r1222" anchors="3379 3380"/>
    <region xml:id="seg-r1223" anchors="3380 3386"/>
    <region xml:id="seg-r1225" anchors="3387 3389"/>
    <region xml:id="seg-r1227" anchors="3390 3395"/>
    <region xml:id="seg-r1229" anchors="3396 3399"/>
    <region xml:id="seg-r1231" anchors="3400 3402"/>
    <region xml:id="seg-r1233" anchors="3403 3406"/>
    <region xml:id="seg-r1234" anchors="3406 3409"/>
    <region xml:id="seg-r1236" anchors="3410 3414"/>
    <region xml:id="seg-r1238" anchors="3415 3419"/>
    <region xml:id="seg-r1240" anchors="3420 3421"/>
    <region xml:id="seg-r1242" anchors="3422 3427"/>
    <region xml:id="seg-r1244" anchors="3428 3436"/>
    <region xml:id="seg-r1246" anchors="3437 3440"/>
    <region xml:id="seg-r1248" anchors="3441 3445"/>
    <region xml:id="seg-r1250" anchors="3446 3447"/>
    <region xml:id="seg-r1252" anchors="3448 3454"/>
    <region xml:id="seg-r1254" anchors="3455 3459"/>
    <region xml:id="seg-r1256" anchors="3460 3462"/>
    <region xml:id="seg-r1257" anchors="3462 3464"/>
    <region xml:id="seg-r1259" anchors="3465 3469"/>
    <region xml:id="seg-r1261" anchors="3470 3472"/>
    <region xml:id="seg-r1263" anchors="3473 3476"/>
    <region xml:id="seg-r1265" anchors="3477 3481"/>
    <region xml:id="seg-r1267" anchors="3482 3487"/>
    <region xml:id="seg-r1269" anchors="3488 3493"/>
    <region xml:id="seg-r1271" anchors="3494 3496"/>
    <region xml:id="seg-r1273" anchors="3497 3500"/>
    <region xml:id="seg-r1275" anchors="3501 3504"/>
    <region xml:id="seg-r1277" anchors="3505 3507"/>
    <region xml:id="seg-r1279" anchors="3508 3511"/>
    <region xml:id="seg-r1281" anchors="3512 3514"/>
    <region xml:id="seg-r1283" anchors="3515 3518"/>
    <region xml:id="seg-r1285" anchors="3519 3527"/>
    <region xml:id="seg-r1287" anchors="3528 3532"/>
    <region xml:id="seg-r1289" anchors="3533 3535"/>
    <region xml:id="seg-r1291" anchors="3536 3538"/>
    <region xml:id="seg-r1293" anchors="3539 3543"/>
    <region xml:id="seg-r1295" anchors="3544 3547"/>
    <region xml:id="seg-r1297" anchors="3548 3550"/>
    <region xml:id="seg-r1299" anchors="3551 3554"/>
    <region xml:id="seg-r1301" anchors="3555 3557"/>
    <region xml:id="seg-r1303" anchors="3558 3563"/>
    <region xml:id="seg-r1305" anchors="3564 3570"/>
    <region xml:id="seg-r1307" anchors="3571 3573"/>
    <region xml:id="seg-r1309" anchors="3574 3580"/>
    <region xml:id="seg-r1311" anchors="3581 3584"/>
    <region xml:id="seg-r1313" anchors="3585 3591"/>
    <region xml:id="seg-r1315" anchors="3595 3598"/>
    <region xml:id="seg-r1317" anchors="3599 3601"/>
    <region xml:id="seg-r1319" anchors="3602 3603"/>
    <region xml:id="seg-r1320" anchors="3603 3606"/>
    <region xml:id="seg-r1322" anchors="3607 3611"/>
    <region xml:id="seg-r1324" anchors="3612 3613"/>
    <region xml:id="seg-r1326" anchors="3614 3617"/>
    <region xml:id="seg-r1328" anchors="3618 3623"/>
    <region xml:id="seg-r1330" anchors="3624 3626"/>
    <region xml:id="seg-r1332" anchors="3627 3631"/>
    <region xml:id="seg-r1334" anchors="3632 3642"/>
    <region xml:id="seg-r1336" anchors="3643 3647"/>
    <region xml:id="seg-r1338" anchors="3648 3651"/>
    <region xml:id="seg-r1340" anchors="3652 3653"/>
    <region xml:id="seg-r1342" anchors="3654 3656"/>
    <region xml:id="seg-r1343" anchors="3656 3659"/>
    <region xml:id="seg-r1345" anchors="3660 3672"/>
    <region xml:id="seg-r1347" anchors="3673 3677"/>
    <region xml:id="seg-r1349" anchors="3678 3681"/>
    <region xml:id="seg-r1351" anchors="3682 3684"/>
    <region xml:id="seg-r1353" anchors="3685 3687"/>
    <region xml:id="seg-r1355" anchors="3688 3689"/>
    <region xml:id="seg-r1357" anchors="3690 3700"/>
    <region xml:id="seg-r1359" anchors="3701 3703"/>
    <region xml:id="seg-r1360" anchors="3703 3706"/>
    <region xml:id="seg-r1362" anchors="3707 3711"/>
    <region xml:id="seg-r1364" anchors="3712 3715"/>
    <region xml:id="seg-r1366" anchors="3716 3720"/>
    <region xml:id="seg-r1368" anchors="3721 3723"/>
    <region xml:id="seg-r1370" anchors="3724 3728"/>
    <region xml:id="seg-r1372" anchors="3729 3731"/>
    <region xml:id="seg-r1374" anchors="3732 3734"/>
    <region xml:id="seg-r1376" anchors="3735 3737"/>
    <region xml:id="seg-r1378" anchors="3738 3742"/>
    <region xml:id="seg-r1380" anchors="3743 3746"/>
    <region xml:id="seg-r1382" anchors="3747 3750"/>
    <region xml:id="seg-r1384" anchors="3751 3754"/>
    <region xml:id="seg-r1386" anchors="3755 3759"/>
    <region xml:id="seg-r1388" anchors="3760 3762"/>
    <region xml:id="seg-r1390" anchors="3763 3765"/>
    <region xml:id="seg-r1392" anchors="3775 3778"/>
    <region xml:id="seg-r1394" anchors="3779 3780"/>
    <region xml:id="seg-r1396" anchors="3781 3786"/>
    <region xml:id="seg-r1398" anchors="3787 3791"/>
    <region xml:id="seg-r1400" anchors="3792 3797"/>
    <region xml:id="seg-r1402" anchors="3798 3803"/>
    <region xml:id="seg-r1404" anchors="3804 3806"/>
    <region xml:id="seg-r1406" anchors="3807 3809"/>
    <region xml:id="seg-r1408" anchors="3813 3819"/>
    <region xml:id="seg-r1410" anchors="3820 3825"/>
    <region xml:id="seg-r1412" anchors="3826 3834"/>
    <region xml:id="seg-r1414" anchors="3835 3837"/>
    <region xml:id="seg-r1416" anchors="3838 3844"/>
    <region xml:id="seg-r1418" anchors="3845 3847"/>
    <region xml:id="seg-r1420" anchors="3848 3852"/>
    <region xml:id="seg-r1422" anchors="3853 3861"/>
    <region xml:id="seg-r1424" anchors="3862 3868"/>
    <region xml:id="seg-r1426" anchors="3869 3873"/>
    <region xml:id="seg-r1428" anchors="3874 3878"/>
    <region xml:id="seg-r1430" anchors="3879 3881"/>
    <region xml:id="seg-r1432" anchors="3882 3885"/>
    <region xml:id="seg-r1434" anchors="3886 3887"/>
    <region xml:id="seg-r1436" anchors="3888 3893"/>
    <region xml:id="seg-r1438" anchors="3894 3898"/>
    <region xml:id="seg-r1440" anchors="3899 3903"/>
    <region xml:id="seg-r1442" anchors="3904 3910"/>
    <region xml:id="seg-r1444" anchors="3911 3918"/>
    <region xml:id="seg-r1446" anchors="3919 3922"/>
    <region xml:id="seg-r1448" anchors="3923 3931"/>
    <region xml:id="seg-r1450" anchors="3932 3934"/>
    <region xml:id="seg-r1452" anchors="3935 3938"/>
    <region xml:id="seg-r1454" anchors="3939 3947"/>
    <region xml:id="seg-r1456" anchors="3948 3952"/>
    <region xml:id="seg-r1458" anchors="3953 3960"/>
    <region xml:id="seg-r1460" anchors="3961 3963"/>
    <region xml:id="seg-r1462" anchors="3964 3966"/>
    <region xml:id="seg-r1464" anchors="3967 3969"/>
    <region xml:id="seg-r1466" anchors="3970 3971"/>
    <region xml:id="seg-r1468" anchors="3972 3977"/>
    <region xml:id="seg-r1470" anchors="3978 3980"/>
    <region xml:id="seg-r1472" anchors="3981 3983"/>
    <region xml:id="seg-r1474" anchors="3984 3986"/>
    <region xml:id="seg-r1476" anchors="3987 3996"/>
    <region xml:id="seg-r1478" anchors="4006 4012"/>
    <region xml:id="seg-r1480" anchors="4022 4023"/>
    <region xml:id="seg-r1481" anchors="4023 4025"/>
    <region xml:id="seg-r1483" anchors="4026 4028"/>
    <region xml:id="seg-r1485" anchors="4029 4031"/>
    <region xml:id="seg-r1487" anchors="4032 4036"/>
    <region xml:id="seg-r1489" anchors="4037 4039"/>
    <region xml:id="seg-r1491" anchors="4040 4041"/>
    <region xml:id="seg-r1493" anchors="4042 4046"/>
    <region xml:id="seg-r1495" anchors="4047 4051"/>
    <region xml:id="seg-r1497" anchors="4052 4057"/>
    <region xml:id="seg-r1499" anchors="4058 4059"/>
    <region xml:id="seg-r1500" anchors="4059 4062"/>
    <region xml:id="seg-r1502" anchors="4063 4067"/>
    <region xml:id="seg-r1504" anchors="4068 4071"/>
    <region xml:id="seg-r1506" anchors="4072 4076"/>
    <region xml:id="seg-r1508" anchors="4077 4086"/>
    <region xml:id="seg-r1510" anchors="4087 4088"/>
    <region xml:id="seg-r1512" anchors="4089 4091"/>
    <region xml:id="seg-r1513" anchors="4091 4094"/>
    <region xml:id="seg-r1515" anchors="4095 4099"/>
    <region xml:id="seg-r1517" anchors="4100 4102"/>
    <region xml:id="seg-r1519" anchors="4103 4107"/>
    <region xml:id="seg-r1521" anchors="4108 4112"/>
    <region xml:id="seg-r1523" anchors="4113 4118"/>
    <region xml:id="seg-r1525" anchors="4128 4133"/>
    <region xml:id="seg-r1527" anchors="4137 4141"/>
    <region xml:id="seg-r1529" anchors="4142 4146"/>
    <region xml:id="seg-r1531" anchors="4147 4149"/>
    <region xml:id="seg-r1533" anchors="4150 4151"/>
    <region xml:id="seg-r1535" anchors="4152 4153"/>
    <region xml:id="seg-r1537" anchors="4154 4159"/>
    <region xml:id="seg-r1539" anchors="4160 4164"/>
    <region xml:id="seg-r1541" anchors="4165 4168"/>
    <region xml:id="seg-r1543" anchors="4169 4174"/>
    <region xml:id="seg-r1545" anchors="4175 4181"/>
    <region xml:id="seg-r1547" anchors="4182 4183"/>
    <region xml:id="seg-r1549" anchors="4184 4188"/>
    <region xml:id="seg-r1551" anchors="4189 4193"/>
    <region xml:id="seg-r1553" anchors="4194 4198"/>
    <region xml:id="seg-r1555" anchors="4199 4201"/>
    <region xml:id="seg-r1557" anchors="4202 4208"/>
    <region xml:id="seg-r1559" anchors="4209 4213"/>
    <region xml:id="seg-r1561" anchors="4214 4224"/>
    <region xml:id="seg-r1563" anchors="4225 4233"/>
    <region xml:id="seg-r1565" anchors="4234 4238"/>
    <region xml:id="seg-r1567" anchors="4239 4243"/>
    <region xml:id="seg-r1568" anchors="4243 4245"/>
    <region xml:id="seg-r1570" anchors="4246 4250"/>
    <region xml:id="seg-r1572" anchors="4251 4255"/>
    <region xml:id="seg-r1574" anchors="4256 4258"/>
    <region xml:id="seg-r1576" anchors="4259 4262"/>
    <region xml:id="seg-r1578" anchors="4263 4266"/>
    <region xml:id="seg-r1580" anchors="4267 4271"/>
    <region xml:id="seg-r1582" anchors="4272 4274"/>
    <region xml:id="seg-r1584" anchors="4275 4279"/>
    <region xml:id="seg-r1586" anchors="4280 4282"/>
    <region xml:id="seg-r1588" anchors="4283 4287"/>
    <region xml:id="seg-r1590" anchors="4288 4290"/>
    <region xml:id="seg-r1591" anchors="4290 4293"/>
    <region xml:id="seg-r1593" anchors="4294 4297"/>
    <region xml:id="seg-r1595" anchors="4298 4301"/>
    <region xml:id="seg-r1597" anchors="4302 4306"/>
    <region xml:id="seg-r1599" anchors="4307 4309"/>
    <region xml:id="seg-r1601" anchors="4310 4312"/>
    <region xml:id="seg-r1603" anchors="4313 4316"/>
    <region xml:id="seg-r1605" anchors="4317 4321"/>
    <region xml:id="seg-r1607" anchors="4322 4324"/>
    <region xml:id="seg-r1609" anchors="4325 4327"/>
    <region xml:id="seg-r1611" anchors="4328 4331"/>
    <region xml:id="seg-r1613" anchors="4332 4335"/>
    <region xml:id="seg-r1615" anchors="4336 4337"/>
    <region xml:id="seg-r1617" anchors="4338 4340"/>
    <region xml:id="seg-r1618" anchors="4340 4343"/>
    <region xml:id="seg-r1620" anchors="4344 4348"/>
    <region xml:id="seg-r1622" anchors="4349 4352"/>
    <region xml:id="seg-r1624" anchors="4353 4356"/>
    <region xml:id="seg-r1626" anchors="4357 4361"/>
    <region xml:id="seg-r1628" anchors="4362 4366"/>
    <region xml:id="seg-r1630" anchors="4367 4369"/>
    <region xml:id="seg-r1632" anchors="4370 4372"/>
    <region xml:id="seg-r1634" anchors="4373 4379"/>
    <region xml:id="seg-r1636" anchors="4383 4386"/>
    <region xml:id="seg-r1638" anchors="4387 4390"/>
    <region xml:id="seg-r1640" anchors="4391 4393"/>
    <region xml:id="seg-r1641" anchors="4393 4395"/>
    <region xml:id="seg-r1643" anchors="4396 4401"/>
    <region xml:id="seg-r1645" anchors="4402 4409"/>
    <region xml:id="seg-r1647" anchors="4410 4412"/>
    <region xml:id="seg-r1649" anchors="4413 4417"/>
    <region xml:id="seg-r1651" anchors="4418 4420"/>
    <region xml:id="seg-r1653" anchors="4421 4423"/>
    <region xml:id="seg-r1655" anchors="4424 4428"/>
    <region xml:id="seg-r1657" anchors="4429 4431"/>
    <region xml:id="seg-r1659" anchors="4432 4444"/>
    <region xml:id="seg-r1661" anchors="4445 4448"/>
    <region xml:id="seg-r1663" anchors="4449 4453"/>
    <region xml:id="seg-r1665" anchors="4454 4456"/>
    <region xml:id="seg-r1667" anchors="4457 4460"/>
    <region xml:id="seg-r1669" anchors="4461 4465"/>
    <region xml:id="seg-r1671" anchors="4466 4469"/>
    <region xml:id="seg-r1673" anchors="4470 4476"/>
    <region xml:id="seg-r1675" anchors="4477 4480"/>
    <region xml:id="seg-r1677" anchors="4481 4485"/>
    <region xml:id="seg-r1679" anchors="4486 4494"/>
    <region xml:id="seg-r1681" anchors="4495 4499"/>
    <region xml:id="seg-r1683" anchors="4500 4503"/>
    <region xml:id="seg-r1685" anchors="4504 4506"/>
    <region xml:id="seg-r1687" anchors="4507 4516"/>
    <region xml:id="seg-r1689" anchors="4517 4524"/>
    <region xml:id="seg-r1691" anchors="4525 4528"/>
    <region xml:id="seg-r1693" anchors="4529 4534"/>
    <region xml:id="seg-r1695" anchors="4535 4539"/>
    <region xml:id="seg-r1697" anchors="4540 4543"/>
    <region xml:id="seg-r1699" anchors="4544 4549"/>
    <region xml:id="seg-r1701" anchors="4550 4553"/>
    <region xml:id="seg-r1703" anchors="4554 4558"/>
    <region xml:id="seg-r1705" anchors="4559 4561"/>
    <region xml:id="seg-r1707" anchors="4562 4564"/>
    <region xml:id="seg-r1709" anchors="4565 4569"/>
    <region xml:id="seg-r1711" anchors="4570 4573"/>
    <region xml:id="seg-r1713" anchors="4574 4577"/>
    <region xml:id="seg-r1715" anchors="4578 4583"/>
    <region xml:id="seg-r1717" anchors="4584 4586"/>
    <region xml:id="seg-r1719" anchors="4587 4592"/>
    <region xml:id="seg-r1721" anchors="4593 4599"/>
    <region xml:id="seg-r1723" anchors="4600 4603"/>
    <region xml:id="seg-r1725" anchors="4604 4609"/>
    <region xml:id="seg-r1727" anchors="4610 4620"/>
    <region xml:id="seg-r1729" anchors="4621 4625"/>
    <region xml:id="seg-r1731" anchors="4626 4630"/>
    <region xml:id="seg-r1733" anchors="4634 4637"/>
    <region xml:id="seg-r1735" anchors="4638 4639"/>
    <region xml:id="seg-r1737" anchors="4640 4642"/>
    <region xml:id="seg-r1738" anchors="4642 4645"/>
    <region xml:id="seg-r1740" anchors="4646 4650"/>
    <region xml:id="seg-r1742" anchors="4651 4652"/>
    <region xml:id="seg-r1744" anchors="4653 4657"/>
    <region xml:id="seg-r1746" anchors="4658 4660"/>
    <region xml:id="seg-r1748" anchors="4661 4662"/>
    <region xml:id="seg-r1750" anchors="4663 4667"/>
    <region xml:id="seg-r1752" anchors="4668 4670"/>
    <region xml:id="seg-r1753" anchors="4670 4673"/>
    <region xml:id="seg-r1755" anchors="4674 4686"/>
    <region xml:id="seg-r1757" anchors="4687 4691"/>
    <region xml:id="seg-r1759" anchors="4692 4695"/>
    <region xml:id="seg-r1761" anchors="4696 4700"/>
    <region xml:id="seg-r1763" anchors="4701 4703"/>
    <region xml:id="seg-r1765" anchors="4704 4707"/>
    <region xml:id="seg-r1767" anchors="4708 4711"/>
    <region xml:id="seg-r1769" anchors="4712 4716"/>
    <region xml:id="seg-r1771" anchors="4717 4721"/>
    <region xml:id="seg-r1772" anchors="4721 4723"/>
    <region xml:id="seg-r1774" anchors="4724 4727"/>
    <region xml:id="seg-r1776" anchors="4728 4733"/>
    <region xml:id="seg-r1778" anchors="4734 4738"/>
    <region xml:id="seg-r1780" anchors="4739 4740"/>
    <region xml:id="seg-r1782" anchors="4741 4745"/>
    <region xml:id="seg-r1784" anchors="4746 4752"/>
    <region xml:id="seg-r1786" anchors="4753 4761"/>
    <region xml:id="seg-r1788" anchors="4762 4767"/>
    <region xml:id="seg-r1790" anchors="4768 4774"/>
    <region xml:id="seg-r1792" anchors="4775 4777"/>
    <region xml:id="seg-r1794" anchors="4778 4780"/>
    <region xml:id="seg-r1796" anchors="4781 4784"/>
    <region xml:id="seg-r1798" anchors="4785 4789"/>
    <region xml:id="seg-r1800" anchors="4790 4796"/>
    <region xml:id="seg-r1802" anchors="4797 4803"/>
    <region xml:id="seg-r1804" anchors="4804 4806"/>
    <region xml:id="seg-r1806" anchors="4807 4809"/>
    <region xml:id="seg-r1808" anchors="4810 4812"/>
    <region xml:id="seg-r1810" anchors="4813 4817"/>
    <region xml:id="seg-r1812" anchors="4818 4828"/>
    <region xml:id="seg-r1814" anchors="4829 4838"/>
    <region xml:id="seg-r1816" anchors="4839 4852"/>
    <region xml:id="seg-r1818" anchors="4856 4859"/>
    <region xml:id="seg-r1820" anchors="4860 4867"/>
    <region xml:id="seg-r1822" anchors="4868 4870"/>
    <region xml:id="seg-r1824" anchors="4871 4873"/>
    <region xml:id="seg-r1826" anchors="4874 4877"/>
    <region xml:id="seg-r1828" anchors="4878 4882"/>
    <region xml:id="seg-r1830" anchors="4883 4885"/>
    <region xml:id="seg-r1832" anchors="4886 4889"/>
    <region xml:id="seg-r1834" anchors="4890 4893"/>
    <region xml:id="seg-r1836" anchors="4894 4897"/>
    <region xml:id="seg-r1838" anchors="4898 4900"/>
    <region xml:id="seg-r1840" anchors="4901 4903"/>
    <region xml:id="seg-r1842" anchors="4904 4908"/>
    <region xml:id="seg-r1844" anchors="4909 4911"/>
    <region xml:id="seg-r1846" anchors="4912 4915"/>
    <region xml:id="seg-r1848" anchors="4916 4920"/>
    <region xml:id="seg-r1850" anchors="4921 4927"/>
    <region xml:id="seg-r1852" anchors="4928 4938"/>
    <region xml:id="seg-r1854" anchors="4939 4941"/>
    <region xml:id="seg-r1856" anchors="4942 4947"/>
    <region xml:id="seg-r1858" anchors="4948 4956"/>
    <region xml:id="seg-r1860" anchors="4957 4964"/>
    <region xml:id="seg-r1862" anchors="4965 4966"/>
    <region xml:id="seg-r1864" anchors="4967 4971"/>
    <region xml:id="seg-r1866" anchors="4972 4974"/>
    <region xml:id="seg-r1868" anchors="4975 4978"/>
    <region xml:id="seg-r1870" anchors="4988 4991"/>
    <region xml:id="seg-r1872" anchors="4992 4995"/>
    <region xml:id="seg-r1874" anchors="4996 5000"/>
    <region xml:id="seg-r1876" anchors="5001 5006"/>
    <region xml:id="seg-r1878" anchors="5007 5012"/>
    <region xml:id="seg-r1880" anchors="5013 5016"/>
    <region xml:id="seg-r1882" anchors="5017 5021"/>
    <region xml:id="seg-r1884" anchors="5022 5025"/>
    <region xml:id="seg-r1886" anchors="5026 5035"/>
    <region xml:id="seg-r1888" anchors="5036 5043"/>
    <region xml:id="seg-r1890" anchors="5044 5048"/>
    <region xml:id="seg-r1892" anchors="5049 5051"/>
    <region xml:id="seg-r1894" anchors="5052 5057"/>
    <region xml:id="seg-r1896" anchors="5058 5062"/>
    <region xml:id="seg-r1898" anchors="5063 5067"/>
    <region xml:id="seg-r1900" anchors="5068 5070"/>
    <region xml:id="seg-r1902" anchors="5071 5081"/>
    <region xml:id="seg-r1904" anchors="5082 5083"/>
    <region xml:id="seg-r1905" anchors="5083 5086"/>
    <region xml:id="seg-r1907" anchors="5087 5091"/>
    <region xml:id="seg-r1909" anchors="5092 5096"/>
    <region xml:id="seg-r1911" anchors="5097 5099"/>
    <region xml:id="seg-r1913" anchors="5100 5103"/>
    <region xml:id="seg-r1915" anchors="5104 5106"/>
    <region xml:id="seg-r1917" anchors="5107 5109"/>
    <region xml:id="seg-r1919" anchors="5110 5113"/>
    <region xml:id="seg-r1921" anchors="5114 5118"/>
    <region xml:id="seg-r1923" anchors="5119 5120"/>
    <region xml:id="seg-r1924" anchors="5120 5123"/>
    <region xml:id="seg-r1926" anchors="5124 5127"/>
    <region xml:id="seg-r1928" anchors="5128 5129"/>
    <region xml:id="seg-r1930" anchors="5130 5135"/>
    <region xml:id="seg-r1932" anchors="5136 5140"/>
    <region xml:id="seg-r1934" anchors="5141 5143"/>
    <region xml:id="seg-r1936" anchors="5144 5147"/>
    <region xml:id="seg-r1938" anchors="5148 5153"/>
    <region xml:id="seg-r1940" anchors="5154 5156"/>
    <region xml:id="seg-r1942" anchors="5157 5160"/>
    <region xml:id="seg-r1944" anchors="5161 5166"/>
    <region xml:id="seg-r1946" anchors="5167 5170"/>
    <region xml:id="seg-r1948" anchors="5171 5172"/>
    <region xml:id="seg-r1949" anchors="5172 5175"/>
    <region xml:id="seg-r1951" anchors="5176 5179"/>
    <region xml:id="seg-r1953" anchors="5180 5182"/>
    <region xml:id="seg-r1955" anchors="5186 5187"/>
    <region xml:id="seg-r1957" anchors="5188 5190"/>
    <region xml:id="seg-r1958" anchors="5190 5193"/>
    <region xml:id="seg-r1960" anchors="5194 5198"/>
    <region xml:id="seg-r1962" anchors="5199 5202"/>
    <region xml:id="seg-r1964" anchors="5203 5207"/>
    <region xml:id="seg-r1966" anchors="5208 5215"/>
    <region xml:id="seg-r1968" anchors="5216 5218"/>
    <region xml:id="seg-r1970" anchors="5219 5222"/>
    <region xml:id="seg-r1972" anchors="5223 5225"/>
    <region xml:id="seg-r1974" anchors="5226 5228"/>
    <region xml:id="seg-r1975" anchors="5228 5230"/>
    <region xml:id="seg-r1977" anchors="5231 5232"/>
    <region xml:id="seg-r1979" anchors="5233 5236"/>
    <region xml:id="seg-r1981" anchors="5237 5241"/>
    <region xml:id="seg-r1983" anchors="5242 5246"/>
    <region xml:id="seg-r1985" anchors="5247 5253"/>
    <region xml:id="seg-r1987" anchors="5254 5261"/>
    <region xml:id="seg-r1989" anchors="5262 5268"/>
    <region xml:id="seg-r1991" anchors="5269 5271"/>
    <region xml:id="seg-r1993" anchors="5272 5282"/>
    <region xml:id="seg-r1995" anchors="5283 5284"/>
    <region xml:id="seg-r1997" anchors="5285 5291"/>
    <region xml:id="seg-r1999" anchors="5292 5296"/>
    <region xml:id="seg-r2001" anchors="5297 5304"/>
    <region xml:id="seg-r2003" anchors="5305 5306"/>
    <region xml:id="seg-r2005" anchors="5307 5312"/>
    <region xml:id="seg-r2007" anchors="5313 5314"/>
    <region xml:id="seg-r2009" anchors="5315 5321"/>
    <region xml:id="seg-r2011" anchors="5322 5326"/>
    <region xml:id="seg-r2013" anchors="5327 5334"/>
    <region xml:id="seg-r2015" anchors="5335 5338"/>
    <region xml:id="seg-r2017" anchors="5339 5343"/>
    <region xml:id="seg-r2019" anchors="5344 5348"/>
    <region xml:id="seg-r2021" anchors="5349 5358"/>
    <region xml:id="seg-r2023" anchors="5359 5361"/>
    <region xml:id="seg-r2025" anchors="5362 5371"/>
    <region xml:id="seg-r2027" anchors="5372 5379"/>
    <region xml:id="seg-r2029" anchors="5380 5381"/>
    <region xml:id="seg-r2031" anchors="5382 5387"/>
    <region xml:id="seg-r2033" anchors="5388 5391"/>
    <region xml:id="seg-r2035" anchors="5401 5405"/>
    <region xml:id="seg-r2037" anchors="5406 5410"/>
    <region xml:id="seg-r2039" anchors="5411 5415"/>
    <region xml:id="seg-r2040" anchors="5415 5417"/>
    <region xml:id="seg-r2042" anchors="5418 5422"/>
    <region xml:id="seg-r2044" anchors="5423 5427"/>
    <region xml:id="seg-r2046" anchors="5428 5430"/>
    <region xml:id="seg-r2048" anchors="5431 5432"/>
    <region xml:id="seg-r2050" anchors="5433 5435"/>
    <region xml:id="seg-r2051" anchors="5435 5438"/>
    <region xml:id="seg-r2053" anchors="5439 5441"/>
    <region xml:id="seg-r2055" anchors="5442 5443"/>
    <region xml:id="seg-r2057" anchors="5444 5446"/>
    <region xml:id="seg-r2058" anchors="5446 5449"/>
    <region xml:id="seg-r2060" anchors="5450 5454"/>
    <region xml:id="seg-r2062" anchors="5455 5456"/>
    <region xml:id="seg-r2064" anchors="5457 5460"/>
    <region xml:id="seg-r2065" anchors="5460 5463"/>
    <region xml:id="seg-r2067" anchors="5464 5466"/>
    <region xml:id="seg-r2069" anchors="5467 5471"/>
    <region xml:id="seg-r2071" anchors="5472 5475"/>
    <region xml:id="seg-r2073" anchors="5476 5479"/>
    <region xml:id="seg-r2075" anchors="5480 5482"/>
    <region xml:id="seg-r2077" anchors="5483 5487"/>
    <region xml:id="seg-r2079" anchors="5488 5489"/>
    <region xml:id="seg-r2081" anchors="5490 5498"/>
    <region xml:id="seg-r2083" anchors="5499 5504"/>
    <region xml:id="seg-r2085" anchors="5505 5507"/>
    <region xml:id="seg-r2087" anchors="5508 5511"/>
    <region xml:id="seg-r2089" anchors="5512 5516"/>
    <region xml:id="seg-r2091" anchors="5517 5522"/>
    <region xml:id="seg-r2093" anchors="5523 5525"/>
    <region xml:id="seg-r2095" anchors="5526 5529"/>
    <region xml:id="seg-r2097" anchors="5530 5534"/>
    <region xml:id="seg-r2099" anchors="5535 5536"/>
    <region xml:id="seg-r2101" anchors="5537 5539"/>
    <region xml:id="seg-r2102" anchors="5539 5542"/>
    <region xml:id="seg-r2104" anchors="5543 5547"/>
    <region xml:id="seg-r2106" anchors="5548 5549"/>
    <region xml:id="seg-r2108" anchors="5550 5555"/>
    <region xml:id="seg-r2110" anchors="5556 5560"/>
    <region xml:id="seg-r2112" anchors="5561 5564"/>
    <region xml:id="seg-r2114" anchors="5565 5566"/>
    <region xml:id="seg-r2115" anchors="5566 5568"/>
    <region xml:id="seg-r2117" anchors="5569 5573"/>
    <region xml:id="seg-r2119" anchors="5574 5575"/>
    <region xml:id="seg-r2121" anchors="5576 5581"/>
    <region xml:id="seg-r2123" anchors="5582 5585"/>
    <region xml:id="seg-r2125" anchors="5586 5588"/>
    <region xml:id="seg-r2127" anchors="5589 5598"/>
    <region xml:id="seg-r2129" anchors="5602 5605"/>
    <region xml:id="seg-r2131" anchors="5606 5609"/>
    <region xml:id="seg-r2133" anchors="5610 5614"/>
    <region xml:id="seg-r2135" anchors="5615 5616"/>
    <region xml:id="seg-r2137" anchors="5617 5619"/>
    <region xml:id="seg-r2138" anchors="5619 5622"/>
    <region xml:id="seg-r2140" anchors="5623 5628"/>
    <region xml:id="seg-r2142" anchors="5629 5633"/>
    <region xml:id="seg-r2144" anchors="5634 5638"/>
    <region xml:id="seg-r2146" anchors="5639 5644"/>
    <region xml:id="seg-r2148" anchors="5645 5649"/>
    <region xml:id="seg-r2150" anchors="5650 5656"/>
    <region xml:id="seg-r2152" anchors="5657 5658"/>
    <region xml:id="seg-r2154" anchors="5659 5663"/>
    <region xml:id="seg-r2156" anchors="5664 5666"/>
    <region xml:id="seg-r2157" anchors="5666 5668"/>
    <region xml:id="seg-r2159" anchors="5669 5673"/>
    <region xml:id="seg-r2161" anchors="5674 5678"/>
    <region xml:id="seg-r2163" anchors="5679 5683"/>
    <region xml:id="seg-r2165" anchors="5684 5687"/>
    <region xml:id="seg-r2167" anchors="5688 5692"/>
    <region xml:id="seg-r2169" anchors="5693 5697"/>
    <region xml:id="seg-r2171" anchors="5698 5701"/>
    <region xml:id="seg-r2173" anchors="5702 5704"/>
    <region xml:id="seg-r2175" anchors="5705 5709"/>
    <region xml:id="seg-r2177" anchors="5710 5712"/>
    <region xml:id="seg-r2179" anchors="5713 5715"/>
    <region xml:id="seg-r2181" anchors="5719 5726"/>
    <region xml:id="seg-r2183" anchors="5727 5729"/>
    <region xml:id="seg-r2185" anchors="5730 5734"/>
    <region xml:id="seg-r2187" anchors="5738 5740"/>
    <region xml:id="seg-r2189" anchors="5741 5749"/>
    <region xml:id="seg-r2191" anchors="5759 5765"/>
    <region xml:id="seg-r2193" anchors="5766 5768"/>
    <region xml:id="seg-r2195" anchors="5769 5774"/>
    <region xml:id="seg-r2196" anchors="5774 5776"/>
    <region xml:id="seg-r2198" anchors="5777 5779"/>
    <region xml:id="seg-r2200" anchors="5780 5784"/>
    <region xml:id="seg-r2202" anchors="5785 5788"/>
    <region xml:id="seg-r2204" anchors="5789 5791"/>
    <region xml:id="seg-r2206" anchors="5792 5797"/>
    <region xml:id="seg-r2208" anchors="5798 5801"/>
    <region xml:id="seg-r2210" anchors="5802 5807"/>
    <region xml:id="seg-r2212" anchors="5808 5814"/>
    <region xml:id="seg-r2214" anchors="5815 5819"/>
    <region xml:id="seg-r2216" anchors="5820 5822"/>
    <region xml:id="seg-r2218" anchors="5823 5827"/>
    <region xml:id="seg-r2220" anchors="5828 5831"/>
    <region xml:id="seg-r2222" anchors="5832 5837"/>
    <region xml:id="seg-r2224" anchors="5838 5843"/>
    <region xml:id="seg-r2226" anchors="5844 5849"/>
    <region xml:id="seg-r2228" anchors="5850 5859"/>
    <region xml:id="seg-r2230" anchors="5860 5863"/>
    <region xml:id="seg-r2232" anchors="5864 5869"/>
    <region xml:id="seg-r2234" anchors="5870 5875"/>
    <region xml:id="seg-r2236" anchors="5876 5883"/>
    <region xml:id="seg-r2238" anchors="5884 5887"/>
    <region xml:id="seg-r2240" anchors="5888 5892"/>
    <region xml:id="seg-r2242" anchors="5893 5900"/>
    <region xml:id="seg-r2244" anchors="5901 5903"/>
    <region xml:id="seg-r2246" anchors="5904 5907"/>
    <region xml:id="seg-r2248" anchors="5908 5910"/>
    <region xml:id="seg-r2250" anchors="5911 5915"/>
    <region xml:id="seg-r2252" anchors="5916 5920"/>
    <region xml:id="seg-r2254" anchors="5921 5926"/>
    <region xml:id="seg-r2256" anchors="5927 5929"/>
    <region xml:id="seg-r2258" anchors="5930 5941"/>
    <region xml:id="seg-r2260" anchors="5942 5949"/>
    <region xml:id="seg-r2262" anchors="5950 5952"/>
    <region xml:id="seg-r2263" anchors="5952 5954"/>
    <region xml:id="seg-r2265" anchors="5955 5957"/>
    <region xml:id="seg-r2267" anchors="5958 5968"/>
    <region xml:id="seg-r2269" anchors="5984 5986"/>
    <region xml:id="seg-r2271" anchors="5987 5991"/>
    <region xml:id="seg-r2273" anchors="6001 6004"/>
    <region xml:id="seg-r2275" anchors="6005 6006"/>
    <region xml:id="seg-r2277" anchors="6007 6015"/>
    <region xml:id="seg-r2279" anchors="6016 6024"/>
    <region xml:id="seg-r2281" anchors="6025 6027"/>
    <region xml:id="seg-r2283" anchors="6028 6030"/>
    <region xml:id="seg-r2285" anchors="6031 6038"/>
    <region xml:id="seg-r2287" anchors="6048 6049"/>
    <region xml:id="seg-r2288" anchors="6049 6052"/>
    <region xml:id="seg-r2290" anchors="6053 6057"/>
    <region xml:id="seg-r2292" anchors="6067 6068"/>
    <region xml:id="seg-r2294" anchors="6069 6079"/>
    <region xml:id="seg-r2296" anchors="6080 6082"/>
    <region xml:id="seg-r2298" anchors="6083 6089"/>
    <region xml:id="seg-r2300" anchors="6099 6103"/>
    <region xml:id="seg-r2302" anchors="6104 6108"/>
    <region xml:id="seg-r2304" anchors="6109 6113"/>
    <region xml:id="seg-r2306" anchors="6114 6118"/>
    <region xml:id="seg-r2307" anchors="6118 6120"/>
    <region xml:id="seg-r2309" anchors="6121 6125"/>
    <region xml:id="seg-r2311" anchors="6126 6130"/>
    <region xml:id="seg-r2312" anchors="6130 6132"/>
    <region xml:id="seg-r2314" anchors="6133 6137"/>
    <region xml:id="seg-r2316" anchors="6141 6143"/>
    <region xml:id="seg-r2318" anchors="6144 6148"/>
    <region xml:id="seg-r2320" anchors="6149 6153"/>
    <region xml:id="seg-r2322" anchors="6154 6158"/>
    <region xml:id="seg-r2324" anchors="6168 6169"/>
    <region xml:id="seg-r2326" anchors="6170 6177"/>
    <region xml:id="seg-r2328" anchors="6178 6180"/>
    <region xml:id="seg-r2329" anchors="6180 6183"/>
    <region xml:id="seg-r2331" anchors="6184 6190"/>
    <region xml:id="seg-r2333" anchors="6191 6195"/>
    <region xml:id="seg-r2335" anchors="6196 6202"/>
    <region xml:id="seg-r2337" anchors="6203 6213"/>
    <region xml:id="seg-r2339" anchors="6214 6216"/>
    <region xml:id="seg-r2341" anchors="6226 6227"/>
    <region xml:id="seg-r2343" anchors="6228 6232"/>
    <region xml:id="seg-r2345" anchors="6233 6236"/>
    <region xml:id="seg-r2347" anchors="6237 6238"/>
    <region xml:id="seg-r2349" anchors="6239 6247"/>
    <region xml:id="seg-r2351" anchors="6248 6251"/>
    <region xml:id="seg-r2353" anchors="6252 6255"/>
    <region xml:id="seg-r2355" anchors="6256 6262"/>
    <region xml:id="seg-r2357" anchors="6263 6268"/>
    <region xml:id="seg-r2359" anchors="6269 6278"/>
    <region xml:id="seg-r2361" anchors="6279 6282"/>
    <region xml:id="seg-r2363" anchors="6283 6290"/>
    <region xml:id="seg-r2365" anchors="6291 6294"/>
    <region xml:id="seg-r2367" anchors="6295 6298"/>
    <region xml:id="seg-r2369" anchors="6299 6302"/>
    <region xml:id="seg-r2371" anchors="6303 6307"/>
    <region xml:id="seg-r2373" anchors="6308 6312"/>
    <region xml:id="seg-r2375" anchors="6313 6316"/>
    <region xml:id="seg-r2377" anchors="6317 6319"/>
    <region xml:id="seg-r2379" anchors="6320 6325"/>
    <region xml:id="seg-r2381" anchors="6329 6332"/>
    <region xml:id="seg-r2383" anchors="6333 6339"/>
    <region xml:id="seg-r2385" anchors="6340 6345"/>
    <region xml:id="seg-r2387" anchors="6346 6349"/>
    <region xml:id="seg-r2389" anchors="6350 6359"/>
    <region xml:id="seg-r2391" anchors="6360 6365"/>
    <region xml:id="seg-r2393" anchors="6366 6372"/>
    <region xml:id="seg-r2395" anchors="6373 6379"/>
    <region xml:id="seg-r2397" anchors="6380 6383"/>
    <region xml:id="seg-r2399" anchors="6384 6394"/>
    <region xml:id="seg-r2401" anchors="6395 6402"/>
    <region xml:id="seg-r2403" anchors="6403 6409"/>
    <region xml:id="seg-r2405" anchors="6410 6412"/>
    <region xml:id="seg-r2407" anchors="6413 6416"/>
    <region xml:id="seg-r2409" anchors="6417 6421"/>
    <region xml:id="seg-r2411" anchors="6422 6425"/>
    <region xml:id="seg-r2413" anchors="6426 6430"/>
    <region xml:id="seg-r2415" anchors="6431 6440"/>
    <region xml:id="seg-r2417" anchors="6441 6445"/>
    <region xml:id="seg-r2419" anchors="6449 6452"/>
    <region xml:id="seg-r2421" anchors="6453 6454"/>
    <region xml:id="seg-r2423" anchors="6455 6457"/>
    <region xml:id="seg-r2424" anchors="6457 6460"/>
    <region xml:id="seg-r2426" anchors="6461 6469"/>
    <region xml:id="seg-r2428" anchors="6470 6474"/>
    <region xml:id="seg-r2430" anchors="6475 6477"/>
    <region xml:id="seg-r2432" anchors="6478 6481"/>
    <region xml:id="seg-r2434" anchors="6485 6488"/>
    <region xml:id="seg-r2436" anchors="6489 6490"/>
    <region xml:id="seg-r2438" anchors="6491 6498"/>
    <region xml:id="seg-r2440" anchors="6499 6503"/>
    <region xml:id="seg-r2442" anchors="6504 6508"/>
    <region xml:id="seg-r2444" anchors="6509 6513"/>
    <region xml:id="seg-r2446" anchors="6514 6518"/>
    <region xml:id="seg-r2448" anchors="6519 6521"/>
    <region xml:id="seg-r2450" anchors="6522 6529"/>
    <region xml:id="seg-r2452" anchors="6530 6531"/>
    <region xml:id="seg-r2454" anchors="6532 6537"/>
    <region xml:id="seg-r2456" anchors="6538 6543"/>
    <region xml:id="seg-r2458" anchors="6544 6549"/>
    <region xml:id="seg-r2460" anchors="6550 6553"/>
    <region xml:id="seg-r2462" anchors="6554 6556"/>
    <region xml:id="seg-r2464" anchors="6557 6560"/>
    <region xml:id="seg-r2466" anchors="6561 6563"/>
    <region xml:id="seg-r2468" anchors="6564 6566"/>
    <region xml:id="seg-r2470" anchors="6567 6570"/>
    <region xml:id="seg-r2472" anchors="6571 6573"/>
    <region xml:id="seg-r2474" anchors="6574 6581"/>
    <region xml:id="seg-r2476" anchors="6582 6587"/>
    <region xml:id="seg-r2478" anchors="6588 6591"/>
    <region xml:id="seg-r2480" anchors="6592 6594"/>
    <region xml:id="seg-r2482" anchors="6595 6597"/>
    <region xml:id="seg-r2484" anchors="6598 6604"/>
    <region xml:id="seg-r2486" anchors="6605 6611"/>
    <region xml:id="seg-r2488" anchors="6612 6614"/>
    <region xml:id="seg-r2490" anchors="6615 6618"/>
    <region xml:id="seg-r2492" anchors="6619 6621"/>
    <region xml:id="seg-r2494" anchors="6622 6625"/>
    <region xml:id="seg-r2496" anchors="6626 6631"/>
    <region xml:id="seg-r2498" anchors="6632 6636"/>
    <region xml:id="seg-r2500" anchors="6646 6647"/>
    <region xml:id="seg-r2501" anchors="6647 6649"/>
    <region xml:id="seg-r2503" anchors="6650 6657"/>
    <region xml:id="seg-r2505" anchors="6658 6661"/>
    <region xml:id="seg-r2507" anchors="6662 6667"/>
    <region xml:id="seg-r2509" anchors="6683 6685"/>
    <region xml:id="seg-r2511" anchors="6686 6694"/>
    <region xml:id="seg-r2513" anchors="6695 6699"/>
    <region xml:id="seg-r2515" anchors="6700 6702"/>
    <region xml:id="seg-r2517" anchors="6703 6706"/>
    <region xml:id="seg-r2519" anchors="6707 6711"/>
    <region xml:id="seg-r2521" anchors="6712 6719"/>
    <region xml:id="seg-r2523" anchors="6720 6722"/>
    <region xml:id="seg-r2525" anchors="6732 6734"/>
    <region xml:id="seg-r2527" anchors="6735 6741"/>
    <region xml:id="seg-r2529" anchors="6742 6747"/>
    <region xml:id="seg-r2531" anchors="6748 6750"/>
    <region xml:id="seg-r2533" anchors="6751 6753"/>
    <region xml:id="seg-r2535" anchors="6754 6758"/>
    <region xml:id="seg-r2537" anchors="6759 6760"/>
    <region xml:id="seg-r2538" anchors="6760 6763"/>
    <region xml:id="seg-r2540" anchors="6764 6771"/>
    <region xml:id="seg-r2542" anchors="6772 6779"/>
    <region xml:id="seg-r2544" anchors="6780 6784"/>
    <region xml:id="seg-r2546" anchors="6785 6788"/>
    <region xml:id="seg-r2548" anchors="6798 6804"/>
    <region xml:id="seg-r2550" anchors="6805 6810"/>
    <region xml:id="seg-r2552" anchors="6814 6818"/>
    <region xml:id="seg-r2554" anchors="6819 6821"/>
    <region xml:id="seg-r2556" anchors="6822 6825"/>
    <region xml:id="seg-r2558" anchors="6826 6830"/>
    <region xml:id="seg-r2560" anchors="6831 6838"/>
    <region xml:id="seg-r2562" anchors="6839 6841"/>
    <region xml:id="seg-r2564" anchors="6842 6845"/>
    <region xml:id="seg-r2566" anchors="6846 6849"/>
    <region xml:id="seg-r2568" anchors="6850 6853"/>
    <region xml:id="seg-r2570" anchors="6863 6866"/>
    <region xml:id="seg-r2572" anchors="6867 6871"/>
    <region xml:id="seg-r2574" anchors="6872 6874"/>
    <region xml:id="seg-r2576" anchors="6875 6879"/>
    <region xml:id="seg-r2578" anchors="6880 6883"/>
    <region xml:id="seg-r2580" anchors="6884 6888"/>
    <region xml:id="seg-r2582" anchors="6889 6894"/>
    <region xml:id="seg-r2584" anchors="6904 6908"/>
    <region xml:id="seg-r2586" anchors="6909 6915"/>
    <region xml:id="seg-r2588" anchors="6916 6919"/>
</graph>