<graph xmlns="http://www.xces.org/ns/GrAF/1.0/" xmlns:graf="http://www.xces.org/ns/GrAF/1.0/">
  <graphHeader>
    <labelsDecl>
      <labelUsage label="tok" occurs="286"/>
    </labelsDecl>
    <dependencies>
      <dependsOn f.id="f.seg"/>
    </dependencies>
    <annotationSpaces>
      <annotationSpace as.id="anc"/>
    </annotationSpaces>
  </graphHeader>
  <node xml:id="penn-n0">
    <link targets="seg-r0"/>
  </node>
  <a xml:id="penn-N65571" label="tok" ref="penn-n0" as="anc">
    <fs>
      <f name="string" value="Message-ID"/>
      <f name="msd" value="NNP"/>
      <f name="base" value="message-id"/>
    </fs>
  </a>
  <node xml:id="penn-n1">
    <link targets="seg-r1"/>
  </node>
  <a xml:id="penn-N65599" label="tok" ref="penn-n1" as="anc">
    <fs>
      <f name="string" value=":"/>
      <f name="msd" value=":"/>
      <f name="base" value=":"/>
    </fs>
  </a>
  <node xml:id="penn-n10">
    <link targets="seg-r15"/>
  </node>
  <a xml:id="penn-N65627" label="tok" ref="penn-n10" as="anc">
    <fs>
      <f name="string" value="Sep"/>
      <f name="msd" value="NNP"/>
      <f name="base" value="sep"/>
    </fs>
  </a>
  <node xml:id="penn-n100">
    <link targets="seg-r172"/>
  </node>
  <a xml:id="penn-N65655" label="tok" ref="penn-n100" as="anc">
    <fs>
      <f name="string" value="I"/>
      <f name="msd" value="PRP"/>
      <f name="base" value="i"/>
    </fs>
  </a>
  <node xml:id="penn-n101">
    <link targets="seg-r173"/>
  </node>
  <a xml:id="penn-N65683" label="tok" ref="penn-n101" as="anc">
    <fs>
      <f name="string" value="'ve"/>
      <f name="msd" value="VBP"/>
      <f name="base" value="have"/>
    </fs>
  </a>
  <node xml:id="penn-n102">
    <link targets="seg-r175"/>
  </node>
  <a xml:id="penn-N65711" label="tok" ref="penn-n102" as="anc">
    <fs>
      <f name="string" value="been"/>
      <f name="msd" value="VBN"/>
      <f name="base" value="be"/>
    </fs>
  </a>
  <node xml:id="penn-n103">
    <link targets="seg-r177"/>
  </node>
  <a xml:id="penn-N65739" label="tok" ref="penn-n103" as="anc">
    <fs>
      <f name="string" value="with"/>
      <f name="msd" value="IN"/>
      <f name="base" value="with"/>
    </fs>
  </a>
  <node xml:id="penn-n104">
    <link targets="seg-r179"/>
  </node>
  <a xml:id="penn-N65767" label="tok" ref="penn-n104" as="anc">
    <fs>
      <f name="string" value="Enron"/>
      <f name="msd" value="NNP"/>
      <f name="base" value="enron"/>
    </fs>
  </a>
  <node xml:id="penn-n105">
    <link targets="seg-r181"/>
  </node>
  <a xml:id="penn-N65795" label="tok" ref="penn-n105" as="anc">
    <fs>
      <f name="string" value="since"/>
      <f name="msd" value="IN"/>
      <f name="base" value="since"/>
    </fs>
  </a>
  <node xml:id="penn-n106">
    <link targets="seg-r183"/>
  </node>
  <a xml:id="penn-N65823" label="tok" ref="penn-n106" as="anc">
    <fs>
      <f name="string" value="'"/>
      <f name="msd" value="POS"/>
      <f name="base" value="'"/>
    </fs>
  </a>
  <node xml:id="penn-n107">
    <link targets="seg-r184"/>
  </node>
  <a xml:id="penn-N65851" label="tok" ref="penn-n107" as="anc">
    <fs>
      <f name="base" value="97"/>
      <f name="string" value="97"/>
      <f name="msd" value="CD"/>
    </fs>
  </a>
  <node xml:id="penn-n108">
    <link targets="seg-r186"/>
  </node>
  <a xml:id="penn-N65879" label="tok" ref="penn-n108" as="anc">
    <fs>
      <f name="string" value="and"/>
      <f name="msd" value="CC"/>
      <f name="base" value="and"/>
    </fs>
  </a>
  <node xml:id="penn-n109">
    <link targets="seg-r188"/>
  </node>
  <a xml:id="penn-N65907" label="tok" ref="penn-n109" as="anc">
    <fs>
      <f name="string" value="I"/>
      <f name="msd" value="PRP"/>
      <f name="base" value="i"/>
    </fs>
  </a>
  <node xml:id="penn-n11">
    <link targets="seg-r17"/>
  </node>
  <a xml:id="penn-N65935" label="tok" ref="penn-n11" as="anc">
    <fs>
      <f name="base" value="2001"/>
      <f name="string" value="2001"/>
      <f name="msd" value="CD"/>
    </fs>
  </a>
  <node xml:id="penn-n110">
    <link targets="seg-r190"/>
  </node>
  <a xml:id="penn-N65963" label="tok" ref="penn-n110" as="anc">
    <fs>
      <f name="string" value="relocated"/>
      <f name="msd" value="VBD"/>
      <f name="base" value="relocate"/>
    </fs>
  </a>
  <node xml:id="penn-n111">
    <link targets="seg-r192"/>
  </node>
  <a xml:id="penn-N65991" label="tok" ref="penn-n111" as="anc">
    <fs>
      <f name="string" value="up"/>
      <f name="msd" value="IN"/>
      <f name="base" value="up"/>
    </fs>
  </a>
  <node xml:id="penn-n112">
    <link targets="seg-r194"/>
  </node>
  <a xml:id="penn-N66019" label="tok" ref="penn-n112" as="anc">
    <fs>
      <f name="string" value="to"/>
      <f name="msd" value="TO"/>
      <f name="base" value="to"/>
    </fs>
  </a>
  <node xml:id="penn-n113">
    <link targets="seg-r196"/>
  </node>
  <a xml:id="penn-N66047" label="tok" ref="penn-n113" as="anc">
    <fs>
      <f name="string" value="Connecticut"/>
      <f name="msd" value="NNP"/>
      <f name="base" value="connecticut"/>
    </fs>
  </a>
  <node xml:id="penn-n114">
    <link targets="seg-r198"/>
  </node>
  <a xml:id="penn-N66075" label="tok" ref="penn-n114" as="anc">
    <fs>
      <f name="string" value="to"/>
      <f name="msd" value="TO"/>
      <f name="base" value="to"/>
    </fs>
  </a>
  <node xml:id="penn-n115">
    <link targets="seg-r200"/>
  </node>
  <a xml:id="penn-N66103" label="tok" ref="penn-n115" as="anc">
    <fs>
      <f name="string" value="work"/>
      <f name="msd" value="VB"/>
      <f name="base" value="work"/>
    </fs>
  </a>
  <node xml:id="penn-n116">
    <link targets="seg-r202"/>
  </node>
  <a xml:id="penn-N66131" label="tok" ref="penn-n116" as="anc">
    <fs>
      <f name="string" value="with"/>
      <f name="msd" value="IN"/>
      <f name="base" value="with"/>
    </fs>
  </a>
  <node xml:id="penn-n117">
    <link targets="seg-r204"/>
  </node>
  <a xml:id="penn-N66159" label="tok" ref="penn-n117" as="anc">
    <fs>
      <f name="string" value="the"/>
      <f name="msd" value="DT"/>
      <f name="base" value="the"/>
    </fs>
  </a>
  <node xml:id="penn-n118">
    <link targets="seg-r206"/>
  </node>
  <a xml:id="penn-N66187" label="tok" ref="penn-n118" as="anc">
    <fs>
      <f name="string" value="New"/>
      <f name="msd" value="NNP"/>
      <f name="base" value="new"/>
    </fs>
  </a>
  <node xml:id="penn-n119">
    <link targets="seg-r208"/>
  </node>
  <a xml:id="penn-N66215" label="tok" ref="penn-n119" as="anc">
    <fs>
      <f name="string" value="Power"/>
      <f name="msd" value="NNP"/>
      <f name="base" value="power"/>
    </fs>
  </a>
  <node xml:id="penn-n12">
    <link targets="seg-r19"/>
  </node>
  <a xml:id="penn-N66243" label="tok" ref="penn-n12" as="anc">
    <fs>
      <f name="msd" value="NN"/>
      <f name="string" value="10:35:20"/>
      <f name="base" value="10:35:20"/>
    </fs>
  </a>
  <node xml:id="penn-n120">
    <link targets="seg-r210"/>
  </node>
  <a xml:id="penn-N66271" label="tok" ref="penn-n120" as="anc">
    <fs>
      <f name="string" value="Company"/>
      <f name="msd" value="NNP"/>
      <f name="base" value="company"/>
    </fs>
  </a>
  <node xml:id="penn-n121">
    <link targets="seg-r212"/>
  </node>
  <a xml:id="penn-N66299" label="tok" ref="penn-n121" as="anc">
    <fs>
      <f name="string" value="when"/>
      <f name="msd" value="WRB"/>
      <f name="base" value="when"/>
    </fs>
  </a>
  <node xml:id="penn-n122">
    <link targets="seg-r214"/>
  </node>
  <a xml:id="penn-N66327" label="tok" ref="penn-n122" as="anc">
    <fs>
      <f name="string" value="I"/>
      <f name="msd" value="PRP"/>
      <f name="base" value="i"/>
    </fs>
  </a>
  <node xml:id="penn-n123">
    <link targets="seg-r216"/>
  </node>
  <a xml:id="penn-N66355" label="tok" ref="penn-n123" as="anc">
    <fs>
      <f name="string" value="thought"/>
      <f name="msd" value="VBD"/>
      <f name="base" value="think"/>
    </fs>
  </a>
  <node xml:id="penn-n124">
    <link targets="seg-r218"/>
  </node>
  <a xml:id="penn-N66383" label="tok" ref="penn-n124" as="anc">
    <fs>
      <f name="string" value="that"/>
      <f name="msd" value="IN"/>
      <f name="base" value="that"/>
    </fs>
  </a>
  <node xml:id="penn-n125">
    <link targets="seg-r220"/>
  </node>
  <a xml:id="penn-N66411" label="tok" ref="penn-n125" as="anc">
    <fs>
      <f name="string" value="the"/>
      <f name="msd" value="DT"/>
      <f name="base" value="the"/>
    </fs>
  </a>
  <node xml:id="penn-n126">
    <link targets="seg-r222"/>
  </node>
  <a xml:id="penn-N66439" label="tok" ref="penn-n126" as="anc">
    <fs>
      <f name="string" value="Enron"/>
      <f name="msd" value="NNP"/>
      <f name="base" value="enron"/>
    </fs>
  </a>
  <node xml:id="penn-n127">
    <link targets="seg-r224"/>
  </node>
  <a xml:id="penn-N66467" label="tok" ref="penn-n127" as="anc">
    <fs>
      <f name="string" value="employees"/>
      <f name="msd" value="NNS"/>
      <f name="base" value="employee"/>
    </fs>
  </a>
  <node xml:id="penn-n128">
    <link targets="seg-r226"/>
  </node>
  <a xml:id="penn-N66495" label="tok" ref="penn-n128" as="anc">
    <fs>
      <f name="string" value="would"/>
      <f name="msd" value="MD"/>
      <f name="base" value="would"/>
    </fs>
  </a>
  <node xml:id="penn-n129">
    <link targets="seg-r228"/>
  </node>
  <a xml:id="penn-N66523" label="tok" ref="penn-n129" as="anc">
    <fs>
      <f name="string" value="stay"/>
      <f name="msd" value="VB"/>
      <f name="base" value="stay"/>
    </fs>
  </a>
  <node xml:id="penn-n13">
    <link targets="seg-r21"/>
  </node>
  <a xml:id="penn-N66551" label="tok" ref="penn-n13" as="anc">
    <fs>
      <f name="string" value="-"/>
      <f name="msd" value=":"/>
      <f name="base" value="-"/>
    </fs>
  </a>
  <node xml:id="penn-n130">
    <link targets="seg-r230"/>
  </node>
  <a xml:id="penn-N66583" label="tok" ref="penn-n130" as="anc">
    <fs>
      <f name="string" value="Enron"/>
      <f name="msd" value="NNP"/>
      <f name="base" value="enron"/>
    </fs>
  </a>
  <node xml:id="penn-n131">
    <link targets="seg-r232"/>
  </node>
  <a xml:id="penn-N66611" label="tok" ref="penn-n131" as="anc">
    <fs>
      <f name="string" value="employees"/>
      <f name="msd" value="NNS"/>
      <f name="base" value="employee"/>
    </fs>
  </a>
  <node xml:id="penn-n132">
    <link targets="seg-r233"/>
  </node>
  <a xml:id="penn-N66639" label="tok" ref="penn-n132" as="anc">
    <fs>
      <f name="string" value="."/>
      <f name="msd" value="."/>
      <f name="base" value="."/>
    </fs>
  </a>
  <node xml:id="penn-n133">
    <link targets="seg-r235"/>
  </node>
  <a xml:id="penn-N66667" label="tok" ref="penn-n133" as="anc">
    <fs>
      <f name="string" value="Afterwards"/>
      <f name="msd" value="RB"/>
      <f name="base" value="afterward"/>
    </fs>
  </a>
  <node xml:id="penn-n134">
    <link targets="seg-r237"/>
  </node>
  <a xml:id="penn-N66695" label="tok" ref="penn-n134" as="anc">
    <fs>
      <f name="string" value="of"/>
      <f name="msd" value="IN"/>
      <f name="base" value="of"/>
    </fs>
  </a>
  <node xml:id="penn-n135">
    <link targets="seg-r239"/>
  </node>
  <a xml:id="penn-N66723" label="tok" ref="penn-n135" as="anc">
    <fs>
      <f name="string" value="course"/>
      <f name="msd" value="NN"/>
      <f name="base" value="course"/>
    </fs>
  </a>
  <node xml:id="penn-n136">
    <link targets="seg-r241"/>
  </node>
  <a xml:id="penn-N66751" label="tok" ref="penn-n136" as="anc">
    <fs>
      <f name="string" value="we"/>
      <f name="msd" value="PRP"/>
      <f name="base" value="we"/>
    </fs>
  </a>
  <node xml:id="penn-n137">
    <link targets="seg-r243"/>
  </node>
  <a xml:id="penn-N66779" label="tok" ref="penn-n137" as="anc">
    <fs>
      <f name="string" value="all"/>
      <f name="msd" value="DT"/>
      <f name="base" value="all"/>
    </fs>
  </a>
  <node xml:id="penn-n138">
    <link targets="seg-r245"/>
  </node>
  <a xml:id="penn-N66807" label="tok" ref="penn-n138" as="anc">
    <fs>
      <f name="string" value="were"/>
      <f name="msd" value="VBD"/>
      <f name="base" value="be"/>
    </fs>
  </a>
  <node xml:id="penn-n139">
    <link targets="seg-r247"/>
  </node>
  <a xml:id="penn-N66835" label="tok" ref="penn-n139" as="anc">
    <fs>
      <f name="string" value="changed"/>
      <f name="msd" value="VBN"/>
      <f name="base" value="change"/>
    </fs>
  </a>
  <node xml:id="penn-n14">
    <link targets="seg-r22"/>
  </node>
  <a xml:id="penn-N66863" label="tok" ref="penn-n14" as="anc">
    <fs>
      <f name="base" value="0700"/>
      <f name="string" value="0700"/>
      <f name="msd" value="CD"/>
    </fs>
  </a>
  <node xml:id="penn-n140">
    <link targets="seg-r249"/>
  </node>
  <a xml:id="penn-N66891" label="tok" ref="penn-n140" as="anc">
    <fs>
      <f name="string" value="to"/>
      <f name="msd" value="TO"/>
      <f name="base" value="to"/>
    </fs>
  </a>
  <node xml:id="penn-n141">
    <link targets="seg-r251"/>
  </node>
  <a xml:id="penn-N66919" label="tok" ref="penn-n141" as="anc">
    <fs>
      <f name="string" value="NewPower"/>
      <f name="msd" value="NNP"/>
      <f name="base" value="newpower"/>
    </fs>
  </a>
  <node xml:id="penn-n142">
    <link targets="seg-r253"/>
  </node>
  <a xml:id="penn-N66947" label="tok" ref="penn-n142" as="anc">
    <fs>
      <f name="string" value="employees"/>
      <f name="msd" value="NNS"/>
      <f name="base" value="employee"/>
    </fs>
  </a>
  <node xml:id="penn-n143">
    <link targets="seg-r254"/>
  </node>
  <a xml:id="penn-N66975" label="tok" ref="penn-n143" as="anc">
    <fs>
      <f name="string" value="."/>
      <f name="msd" value="."/>
      <f name="base" value="."/>
    </fs>
  </a>
  <node xml:id="penn-n144">
    <link targets="seg-r256"/>
  </node>
  <a xml:id="penn-N67003" label="tok" ref="penn-n144" as="anc">
    <fs>
      <f name="string" value="After"/>
      <f name="msd" value="IN"/>
      <f name="base" value="after"/>
    </fs>
  </a>
  <node xml:id="penn-n145">
    <link targets="seg-r258"/>
  </node>
  <a xml:id="penn-N67031" label="tok" ref="penn-n145" as="anc">
    <fs>
      <f name="string" value="a"/>
      <f name="msd" value="DT"/>
      <f name="base" value="a"/>
    </fs>
  </a>
  <node xml:id="penn-n146">
    <link targets="seg-r260"/>
  </node>
  <a xml:id="penn-N67059" label="tok" ref="penn-n146" as="anc">
    <fs>
      <f name="string" value="couple"/>
      <f name="msd" value="NN"/>
      <f name="base" value="couple"/>
    </fs>
  </a>
  <node xml:id="penn-n147">
    <link targets="seg-r262"/>
  </node>
  <a xml:id="penn-N67087" label="tok" ref="penn-n147" as="anc">
    <fs>
      <f name="string" value="of"/>
      <f name="msd" value="IN"/>
      <f name="base" value="of"/>
    </fs>
  </a>
  <node xml:id="penn-n148">
    <link targets="seg-r264"/>
  </node>
  <a xml:id="penn-N67115" label="tok" ref="penn-n148" as="anc">
    <fs>
      <f name="string" value="months"/>
      <f name="msd" value="NNS"/>
      <f name="base" value="month"/>
    </fs>
  </a>
  <node xml:id="penn-n149">
    <link targets="seg-r266"/>
  </node>
  <a xml:id="penn-N67143" label="tok" ref="penn-n149" as="anc">
    <fs>
      <f name="string" value="I"/>
      <f name="msd" value="PRP"/>
      <f name="base" value="i"/>
    </fs>
  </a>
  <node xml:id="penn-n15">
    <link targets="seg-r24"/>
  </node>
  <a xml:id="penn-N67171" label="tok" ref="penn-n15" as="anc">
    <fs>
      <f name="string" value="("/>
      <f name="msd" value="("/>
      <f name="base" value="("/>
    </fs>
  </a>
  <node xml:id="penn-n150">
    <link targets="seg-r268"/>
  </node>
  <a xml:id="penn-N67203" label="tok" ref="penn-n150" as="anc">
    <fs>
      <f name="string" value="made"/>
      <f name="msd" value="VBD"/>
      <f name="base" value="make"/>
    </fs>
  </a>
  <node xml:id="penn-n151">
    <link targets="seg-r270"/>
  </node>
  <a xml:id="penn-N67231" label="tok" ref="penn-n151" as="anc">
    <fs>
      <f name="string" value="the"/>
      <f name="msd" value="DT"/>
      <f name="base" value="the"/>
    </fs>
  </a>
  <node xml:id="penn-n152">
    <link targets="seg-r272"/>
  </node>
  <a xml:id="penn-N67259" label="tok" ref="penn-n152" as="anc">
    <fs>
      <f name="string" value="move"/>
      <f name="msd" value="NN"/>
      <f name="base" value="move"/>
    </fs>
  </a>
  <node xml:id="penn-n153">
    <link targets="seg-r274"/>
  </node>
  <a xml:id="penn-N67287" label="tok" ref="penn-n153" as="anc">
    <fs>
      <f name="string" value="back"/>
      <f name="msd" value="RB"/>
      <f name="base" value="back"/>
    </fs>
  </a>
  <node xml:id="penn-n154">
    <link targets="seg-r276"/>
  </node>
  <a xml:id="penn-N67315" label="tok" ref="penn-n154" as="anc">
    <fs>
      <f name="string" value="to"/>
      <f name="msd" value="TO"/>
      <f name="base" value="to"/>
    </fs>
  </a>
  <node xml:id="penn-n155">
    <link targets="seg-r278"/>
  </node>
  <a xml:id="penn-N67343" label="tok" ref="penn-n155" as="anc">
    <fs>
      <f name="string" value="Enron"/>
      <f name="msd" value="NNP"/>
      <f name="base" value="enron"/>
    </fs>
  </a>
  <node xml:id="penn-n156">
    <link targets="seg-r280"/>
  </node>
  <a xml:id="penn-N67371" label="tok" ref="penn-n156" as="anc">
    <fs>
      <f name="string" value="and"/>
      <f name="msd" value="CC"/>
      <f name="base" value="and"/>
    </fs>
  </a>
  <node xml:id="penn-n157">
    <link targets="seg-r282"/>
  </node>
  <a xml:id="penn-N67399" label="tok" ref="penn-n157" as="anc">
    <fs>
      <f name="string" value="went"/>
      <f name="msd" value="VBD"/>
      <f name="base" value="go"/>
    </fs>
  </a>
  <node xml:id="penn-n158">
    <link targets="seg-r284"/>
  </node>
  <a xml:id="penn-N67427" label="tok" ref="penn-n158" as="anc">
    <fs>
      <f name="string" value="to"/>
      <f name="msd" value="TO"/>
      <f name="base" value="to"/>
    </fs>
  </a>
  <node xml:id="penn-n159">
    <link targets="seg-r286"/>
  </node>
  <a xml:id="penn-N67455" label="tok" ref="penn-n159" as="anc">
    <fs>
      <f name="string" value="the"/>
      <f name="msd" value="DT"/>
      <f name="base" value="the"/>
    </fs>
  </a>
  <node xml:id="penn-n16">
    <link targets="seg-r25"/>
  </node>
  <a xml:id="penn-N67483" label="tok" ref="penn-n16" as="anc">
    <fs>
      <f name="string" value="PDT"/>
      <f name="msd" value="NNP"/>
      <f name="base" value="pdt"/>
    </fs>
  </a>
  <node xml:id="penn-n160">
    <link targets="seg-r288"/>
  </node>
  <a xml:id="penn-N67511" label="tok" ref="penn-n160" as="anc">
    <fs>
      <f name="string" value="New"/>
      <f name="msd" value="NNP"/>
      <f name="base" value="new"/>
    </fs>
  </a>
  <node xml:id="penn-n161">
    <link targets="seg-r290"/>
  </node>
  <a xml:id="penn-N67539" label="tok" ref="penn-n161" as="anc">
    <fs>
      <f name="string" value="York"/>
      <f name="msd" value="NNP"/>
      <f name="base" value="york"/>
    </fs>
  </a>
  <node xml:id="penn-n162">
    <link targets="seg-r292"/>
  </node>
  <a xml:id="penn-N67567" label="tok" ref="penn-n162" as="anc">
    <fs>
      <f name="string" value="office"/>
      <f name="msd" value="NN"/>
      <f name="base" value="office"/>
    </fs>
  </a>
  <node xml:id="penn-n163">
    <link targets="seg-r294"/>
  </node>
  <a xml:id="penn-N67595" label="tok" ref="penn-n163" as="anc">
    <fs>
      <f name="string" value="and"/>
      <f name="msd" value="CC"/>
      <f name="base" value="and"/>
    </fs>
  </a>
  <node xml:id="penn-n164">
    <link targets="seg-r296"/>
  </node>
  <a xml:id="penn-N67623" label="tok" ref="penn-n164" as="anc">
    <fs>
      <f name="string" value="work"/>
      <f name="msd" value="NN"/>
      <f name="base" value="work"/>
    </fs>
  </a>
  <node xml:id="penn-n165">
    <link targets="seg-r298"/>
  </node>
  <a xml:id="penn-N67651" label="tok" ref="penn-n165" as="anc">
    <fs>
      <f name="string" value="with"/>
      <f name="msd" value="IN"/>
      <f name="base" value="with"/>
    </fs>
  </a>
  <node xml:id="penn-n166">
    <link targets="seg-r300"/>
  </node>
  <a xml:id="penn-N67679" label="tok" ref="penn-n166" as="anc">
    <fs>
      <f name="string" value="the"/>
      <f name="msd" value="DT"/>
      <f name="base" value="the"/>
    </fs>
  </a>
  <node xml:id="penn-n167">
    <link targets="seg-r302"/>
  </node>
  <a xml:id="penn-N67707" label="tok" ref="penn-n167" as="anc">
    <fs>
      <f name="string" value="Enron"/>
      <f name="msd" value="NNP"/>
      <f name="base" value="enron"/>
    </fs>
  </a>
  <node xml:id="penn-n168">
    <link targets="seg-r304"/>
  </node>
  <a xml:id="penn-N67735" label="tok" ref="penn-n168" as="anc">
    <fs>
      <f name="string" value="Metals"/>
      <f name="msd" value="NNP"/>
      <f name="base" value="metal"/>
    </fs>
  </a>
  <node xml:id="penn-n169">
    <link targets="seg-r306"/>
  </node>
  <a xml:id="penn-N67763" label="tok" ref="penn-n169" as="anc">
    <fs>
      <f name="string" value="group"/>
      <f name="msd" value="NN"/>
      <f name="base" value="group"/>
    </fs>
  </a>
  <node xml:id="penn-n17">
    <link targets="seg-r26"/>
  </node>
  <a xml:id="penn-N67791" label="tok" ref="penn-n17" as="anc">
    <fs>
      <f name="string" value=")"/>
      <f name="msd" value=")"/>
      <f name="base" value=")"/>
    </fs>
  </a>
  <node xml:id="penn-n170">
    <link targets="seg-r308"/>
  </node>
  <a xml:id="penn-N67823" label="tok" ref="penn-n170" as="anc">
    <fs>
      <f name="string" value="here"/>
      <f name="msd" value="RB"/>
      <f name="base" value="here"/>
    </fs>
  </a>
  <node xml:id="penn-n171">
    <link targets="seg-r310"/>
  </node>
  <a xml:id="penn-N67851" label="tok" ref="penn-n171" as="anc">
    <fs>
      <f name="string" value="at"/>
      <f name="msd" value="IN"/>
      <f name="base" value="at"/>
    </fs>
  </a>
  <node xml:id="penn-n172">
    <link targets="seg-r312"/>
  </node>
  <a xml:id="penn-N67879" label="tok" ref="penn-n172" as="anc">
    <fs>
      <f name="string" value="53rd"/>
      <f name="msd" value="CD"/>
      <f name="base" value="53rd"/>
    </fs>
  </a>
  <node xml:id="penn-n173">
    <link targets="seg-r314"/>
  </node>
  <a xml:id="penn-N67907" label="tok" ref="penn-n173" as="anc">
    <fs>
      <f name="string" value="street"/>
      <f name="msd" value="NN"/>
      <f name="base" value="street"/>
    </fs>
  </a>
  <node xml:id="penn-n174">
    <link targets="seg-r315"/>
  </node>
  <a xml:id="penn-N67935" label="tok" ref="penn-n174" as="anc">
    <fs>
      <f name="string" value="."/>
      <f name="msd" value="."/>
      <f name="base" value="."/>
    </fs>
  </a>
  <node xml:id="penn-n175">
    <link targets="seg-r317"/>
  </node>
  <a xml:id="penn-N67963" label="tok" ref="penn-n175" as="anc">
    <fs>
      <f name="string" value="("/>
      <f name="msd" value="("/>
      <f name="base" value="("/>
    </fs>
  </a>
  <node xml:id="penn-n176">
    <link targets="seg-r318"/>
  </node>
  <a xml:id="penn-N67995" label="tok" ref="penn-n176" as="anc">
    <fs>
      <f name="string" value="It"/>
      <f name="msd" value="PRP"/>
      <f name="base" value="it"/>
    </fs>
  </a>
  <node xml:id="penn-n177">
    <link targets="seg-r320"/>
  </node>
  <a xml:id="penn-N68023" label="tok" ref="penn-n177" as="anc">
    <fs>
      <f name="string" value="was"/>
      <f name="msd" value="VBD"/>
      <f name="base" value="be"/>
    </fs>
  </a>
  <node xml:id="penn-n178">
    <link targets="seg-r322"/>
  </node>
  <a xml:id="penn-N68051" label="tok" ref="penn-n178" as="anc">
    <fs>
      <f name="string" value="never"/>
      <f name="msd" value="RB"/>
      <f name="base" value="never"/>
    </fs>
  </a>
  <node xml:id="penn-n179">
    <link targets="seg-r324"/>
  </node>
  <a xml:id="penn-N68079" label="tok" ref="penn-n179" as="anc">
    <fs>
      <f name="string" value="my"/>
      <f name="msd" value="PRP$"/>
      <f name="base" value="my"/>
    </fs>
  </a>
  <node xml:id="penn-n18">
    <link targets="seg-r28"/>
  </node>
  <a xml:id="penn-N68107" label="tok" ref="penn-n18" as="anc">
    <fs>
      <f name="string" value="From"/>
      <f name="msd" value="IN"/>
      <f name="base" value="from"/>
    </fs>
  </a>
  <node xml:id="penn-n180">
    <link targets="seg-r326"/>
  </node>
  <a xml:id="penn-N68135" label="tok" ref="penn-n180" as="anc">
    <fs>
      <f name="string" value="intention"/>
      <f name="msd" value="NN"/>
      <f name="base" value="intention"/>
    </fs>
  </a>
  <node xml:id="penn-n181">
    <link targets="seg-r328"/>
  </node>
  <a xml:id="penn-N68163" label="tok" ref="penn-n181" as="anc">
    <fs>
      <f name="string" value="to"/>
      <f name="msd" value="TO"/>
      <f name="base" value="to"/>
    </fs>
  </a>
  <node xml:id="penn-n182">
    <link targets="seg-r330"/>
  </node>
  <a xml:id="penn-N68191" label="tok" ref="penn-n182" as="anc">
    <fs>
      <f name="string" value="leave"/>
      <f name="msd" value="VB"/>
      <f name="base" value="leave"/>
    </fs>
  </a>
  <node xml:id="penn-n183">
    <link targets="seg-r332"/>
  </node>
  <a xml:id="penn-N68219" label="tok" ref="penn-n183" as="anc">
    <fs>
      <f name="string" value="Enron"/>
      <f name="msd" value="NNP"/>
      <f name="base" value="enron"/>
    </fs>
  </a>
  <node xml:id="penn-n184">
    <link targets="seg-r333"/>
  </node>
  <a xml:id="penn-N68247" label="tok" ref="penn-n184" as="anc">
    <fs>
      <f name="string" value=")"/>
      <f name="msd" value=")"/>
      <f name="base" value=")"/>
    </fs>
  </a>
  <node xml:id="penn-n185">
    <link targets="seg-r335"/>
  </node>
  <a xml:id="penn-N68279" label="tok" ref="penn-n185" as="anc">
    <fs>
      <f name="string" value="Since"/>
      <f name="msd" value="IN"/>
      <f name="base" value="since"/>
    </fs>
  </a>
  <node xml:id="penn-n186">
    <link targets="seg-r337"/>
  </node>
  <a xml:id="penn-N68307" label="tok" ref="penn-n186" as="anc">
    <fs>
      <f name="string" value="the"/>
      <f name="msd" value="DT"/>
      <f name="base" value="the"/>
    </fs>
  </a>
  <node xml:id="penn-n187">
    <link targets="seg-r339"/>
  </node>
  <a xml:id="penn-N68335" label="tok" ref="penn-n187" as="anc">
    <fs>
      <f name="string" value="bombing"/>
      <f name="msd" value="NN"/>
      <f name="base" value="bomb"/>
    </fs>
  </a>
  <node xml:id="penn-n188">
    <link targets="seg-r341"/>
  </node>
  <a xml:id="penn-N68363" label="tok" ref="penn-n188" as="anc">
    <fs>
      <f name="string" value="I"/>
      <f name="msd" value="PRP"/>
      <f name="base" value="i"/>
    </fs>
  </a>
  <node xml:id="penn-n189">
    <link targets="seg-r343"/>
  </node>
  <a xml:id="penn-N68391" label="tok" ref="penn-n189" as="anc">
    <fs>
      <f name="string" value="feel"/>
      <f name="msd" value="VBP"/>
      <f name="base" value="feel"/>
    </fs>
  </a>
  <node xml:id="penn-n19">
    <link targets="seg-r29"/>
  </node>
  <a xml:id="penn-N68419" label="tok" ref="penn-n19" as="anc">
    <fs>
      <f name="string" value=":"/>
      <f name="msd" value=":"/>
      <f name="base" value=":"/>
    </fs>
  </a>
  <node xml:id="penn-n190">
    <link targets="seg-r345"/>
  </node>
  <a xml:id="penn-N68447" label="tok" ref="penn-n190" as="anc">
    <fs>
      <f name="string" value="very"/>
      <f name="msd" value="RB"/>
      <f name="base" value="very"/>
    </fs>
  </a>
  <node xml:id="penn-n191">
    <link targets="seg-r347"/>
  </node>
  <a xml:id="penn-N68475" label="tok" ref="penn-n191" as="anc">
    <fs>
      <f name="string" value="displaced"/>
      <f name="msd" value="VBN"/>
      <f name="base" value="displace"/>
    </fs>
  </a>
  <node xml:id="penn-n192">
    <link targets="seg-r349"/>
  </node>
  <a xml:id="penn-N68503" label="tok" ref="penn-n192" as="anc">
    <fs>
      <f name="string" value="and"/>
      <f name="msd" value="CC"/>
      <f name="base" value="and"/>
    </fs>
  </a>
  <node xml:id="penn-n193">
    <link targets="seg-r351"/>
  </node>
  <a xml:id="penn-N68531" label="tok" ref="penn-n193" as="anc">
    <fs>
      <f name="string" value="my"/>
      <f name="msd" value="PRP$"/>
      <f name="base" value="my"/>
    </fs>
  </a>
  <node xml:id="penn-n194">
    <link targets="seg-r353"/>
  </node>
  <a xml:id="penn-N68559" label="tok" ref="penn-n194" as="anc">
    <fs>
      <f name="string" value="husband"/>
      <f name="msd" value="NN"/>
      <f name="base" value="husband"/>
    </fs>
  </a>
  <node xml:id="penn-n195">
    <link targets="seg-r355"/>
  </node>
  <a xml:id="penn-N68587" label="tok" ref="penn-n195" as="anc">
    <fs>
      <f name="string" value="and"/>
      <f name="msd" value="CC"/>
      <f name="base" value="and"/>
    </fs>
  </a>
  <node xml:id="penn-n196">
    <link targets="seg-r357"/>
  </node>
  <a xml:id="penn-N68615" label="tok" ref="penn-n196" as="anc">
    <fs>
      <f name="string" value="I"/>
      <f name="msd" value="PRP"/>
      <f name="base" value="i"/>
    </fs>
  </a>
  <node xml:id="penn-n197">
    <link targets="seg-r359"/>
  </node>
  <a xml:id="penn-N68643" label="tok" ref="penn-n197" as="anc">
    <fs>
      <f name="string" value="would"/>
      <f name="msd" value="MD"/>
      <f name="base" value="would"/>
    </fs>
  </a>
  <node xml:id="penn-n198">
    <link targets="seg-r361"/>
  </node>
  <a xml:id="penn-N68671" label="tok" ref="penn-n198" as="anc">
    <fs>
      <f name="string" value="really"/>
      <f name="msd" value="RB"/>
      <f name="base" value="really"/>
    </fs>
  </a>
  <node xml:id="penn-n199">
    <link targets="seg-r363"/>
  </node>
  <a xml:id="penn-N68699" label="tok" ref="penn-n199" as="anc">
    <fs>
      <f name="string" value="like"/>
      <f name="msd" value="IN"/>
      <f name="base" value="like"/>
    </fs>
  </a>
  <node xml:id="penn-n2">
    <link targets="seg-r3"/>
  </node>
  <a xml:id="penn-N68727" label="tok" ref="penn-n2" as="anc">
    <fs>
      <f name="string" value="&lt;"/>
      <f name="msd" value="NN"/>
      <f name="base" value="&lt;"/>
    </fs>
  </a>
  <node xml:id="penn-n20">
    <link targets="seg-r31"/>
  </node>
  <a xml:id="penn-N68755" label="tok" ref="penn-n20" as="anc">
    <fs>
      <f name="msd" value="NN"/>
      <f name="string" value="theresa.connor-smith@enron.com"/>
    </fs>
  </a>
  <node xml:id="penn-n200">
    <link targets="seg-r365"/>
  </node>
  <a xml:id="penn-N68779" label="tok" ref="penn-n200" as="anc">
    <fs>
      <f name="string" value="to"/>
      <f name="msd" value="TO"/>
      <f name="base" value="to"/>
    </fs>
  </a>
  <node xml:id="penn-n201">
    <link targets="seg-r367"/>
  </node>
  <a xml:id="penn-N68807" label="tok" ref="penn-n201" as="anc">
    <fs>
      <f name="string" value="come"/>
      <f name="msd" value="VB"/>
      <f name="base" value="come"/>
    </fs>
  </a>
  <node xml:id="penn-n202">
    <link targets="seg-r369"/>
  </node>
  <a xml:id="penn-N68835" label="tok" ref="penn-n202" as="anc">
    <fs>
      <f name="string" value="back"/>
      <f name="msd" value="RB"/>
      <f name="base" value="back"/>
    </fs>
  </a>
  <node xml:id="penn-n203">
    <link targets="seg-r371"/>
  </node>
  <a xml:id="penn-N68863" label="tok" ref="penn-n203" as="anc">
    <fs>
      <f name="string" value="to"/>
      <f name="msd" value="TO"/>
      <f name="base" value="to"/>
    </fs>
  </a>
  <node xml:id="penn-n204">
    <link targets="seg-r373"/>
  </node>
  <a xml:id="penn-N68891" label="tok" ref="penn-n204" as="anc">
    <fs>
      <f name="string" value="Houston"/>
      <f name="msd" value="NNP"/>
      <f name="base" value="houston"/>
    </fs>
  </a>
  <node xml:id="penn-n205">
    <link targets="seg-r375"/>
  </node>
  <a xml:id="penn-N68919" label="tok" ref="penn-n205" as="anc">
    <fs>
      <f name="string" value="and"/>
      <f name="msd" value="CC"/>
      <f name="base" value="and"/>
    </fs>
  </a>
  <node xml:id="penn-n206">
    <link targets="seg-r377"/>
  </node>
  <a xml:id="penn-N68947" label="tok" ref="penn-n206" as="anc">
    <fs>
      <f name="string" value="was"/>
      <f name="msd" value="VBD"/>
      <f name="base" value="be"/>
    </fs>
  </a>
  <node xml:id="penn-n207">
    <link targets="seg-r379"/>
  </node>
  <a xml:id="penn-N68975" label="tok" ref="penn-n207" as="anc">
    <fs>
      <f name="string" value="wondering"/>
      <f name="msd" value="VBG"/>
      <f name="base" value="wonder"/>
    </fs>
  </a>
  <node xml:id="penn-n208">
    <link targets="seg-r381"/>
  </node>
  <a xml:id="penn-N69003" label="tok" ref="penn-n208" as="anc">
    <fs>
      <f name="string" value="if"/>
      <f name="msd" value="IN"/>
      <f name="base" value="if"/>
    </fs>
  </a>
  <node xml:id="penn-n209">
    <link targets="seg-r383"/>
  </node>
  <a xml:id="penn-N69031" label="tok" ref="penn-n209" as="anc">
    <fs>
      <f name="string" value="you"/>
      <f name="msd" value="PRP"/>
      <f name="base" value="you"/>
    </fs>
  </a>
  <node xml:id="penn-n21">
    <link targets="seg-r33"/>
  </node>
  <a xml:id="penn-N69059" label="tok" ref="penn-n21" as="anc">
    <fs>
      <f name="string" value="To"/>
      <f name="msd" value="TO"/>
      <f name="base" value="to"/>
    </fs>
  </a>
  <node xml:id="penn-n210">
    <link targets="seg-r385"/>
  </node>
  <a xml:id="penn-N69087" label="tok" ref="penn-n210" as="anc">
    <fs>
      <f name="string" value="could"/>
      <f name="msd" value="MD"/>
      <f name="base" value="could"/>
    </fs>
  </a>
  <node xml:id="penn-n211">
    <link targets="seg-r387"/>
  </node>
  <a xml:id="penn-N69115" label="tok" ref="penn-n211" as="anc">
    <fs>
      <f name="string" value="help"/>
      <f name="msd" value="VB"/>
      <f name="base" value="help"/>
    </fs>
  </a>
  <node xml:id="penn-n212">
    <link targets="seg-r389"/>
  </node>
  <a xml:id="penn-N69143" label="tok" ref="penn-n212" as="anc">
    <fs>
      <f name="string" value="me"/>
      <f name="msd" value="PRP"/>
      <f name="base" value="me"/>
    </fs>
  </a>
  <node xml:id="penn-n213">
    <link targets="seg-r390"/>
  </node>
  <a xml:id="penn-N69171" label="tok" ref="penn-n213" as="anc">
    <fs>
      <f name="string" value="."/>
      <f name="msd" value="."/>
      <f name="base" value="."/>
    </fs>
  </a>
  <node xml:id="penn-n214">
    <link targets="seg-r392"/>
  </node>
  <a xml:id="penn-N69199" label="tok" ref="penn-n214" as="anc">
    <fs>
      <f name="string" value="I"/>
      <f name="msd" value="PRP"/>
      <f name="base" value="i"/>
    </fs>
  </a>
  <node xml:id="penn-n215">
    <link targets="seg-r394"/>
  </node>
  <a xml:id="penn-N69227" label="tok" ref="penn-n215" as="anc">
    <fs>
      <f name="string" value="was"/>
      <f name="msd" value="VBD"/>
      <f name="base" value="be"/>
    </fs>
  </a>
  <node xml:id="penn-n216">
    <link targets="seg-r396"/>
  </node>
  <a xml:id="penn-N69255" label="tok" ref="penn-n216" as="anc">
    <fs>
      <f name="string" value="on"/>
      <f name="msd" value="IN"/>
      <f name="base" value="on"/>
    </fs>
  </a>
  <node xml:id="penn-n217">
    <link targets="seg-r398"/>
  </node>
  <a xml:id="penn-N69283" label="tok" ref="penn-n217" as="anc">
    <fs>
      <f name="string" value="the"/>
      <f name="msd" value="DT"/>
      <f name="base" value="the"/>
    </fs>
  </a>
  <node xml:id="penn-n218">
    <link targets="seg-r400"/>
  </node>
  <a xml:id="penn-N69311" label="tok" ref="penn-n218" as="anc">
    <fs>
      <f name="string" value="trading"/>
      <f name="msd" value="NN"/>
      <f name="base" value="trade"/>
    </fs>
  </a>
  <node xml:id="penn-n219">
    <link targets="seg-r402"/>
  </node>
  <a xml:id="penn-N69339" label="tok" ref="penn-n219" as="anc">
    <fs>
      <f name="string" value="floor"/>
      <f name="msd" value="NN"/>
      <f name="base" value="floor"/>
    </fs>
  </a>
  <node xml:id="penn-n22">
    <link targets="seg-r34"/>
  </node>
  <a xml:id="penn-N69367" label="tok" ref="penn-n22" as="anc">
    <fs>
      <f name="string" value=":"/>
      <f name="msd" value=":"/>
      <f name="base" value=":"/>
    </fs>
  </a>
  <node xml:id="penn-n220">
    <link targets="seg-r404"/>
  </node>
  <a xml:id="penn-N69395" label="tok" ref="penn-n220" as="anc">
    <fs>
      <f name="string" value="working"/>
      <f name="msd" value="VBG"/>
      <f name="base" value="work"/>
    </fs>
  </a>
  <node xml:id="penn-n221">
    <link targets="seg-r406"/>
  </node>
  <a xml:id="penn-N69423" label="tok" ref="penn-n221" as="anc">
    <fs>
      <f name="string" value="with"/>
      <f name="msd" value="IN"/>
      <f name="base" value="with"/>
    </fs>
  </a>
  <node xml:id="penn-n222">
    <link targets="seg-r408"/>
  </node>
  <a xml:id="penn-N69451" label="tok" ref="penn-n222" as="anc">
    <fs>
      <f name="string" value="Dave"/>
      <f name="msd" value="NNP"/>
      <f name="base" value="dave"/>
    </fs>
  </a>
  <node xml:id="penn-n223">
    <link targets="seg-r410"/>
  </node>
  <a xml:id="penn-N69479" label="tok" ref="penn-n223" as="anc">
    <fs>
      <f name="string" value="Delainey"/>
      <f name="msd" value="NNP"/>
      <f name="base" value="delainey"/>
    </fs>
  </a>
  <node xml:id="penn-n224">
    <link targets="seg-r411"/>
  </node>
  <a xml:id="penn-N69507" label="tok" ref="penn-n224" as="anc">
    <fs>
      <f name="string" value="'s"/>
      <f name="msd" value="POS"/>
      <f name="base" value="be"/>
    </fs>
  </a>
  <node xml:id="penn-n225">
    <link targets="seg-r413"/>
  </node>
  <a xml:id="penn-N69535" label="tok" ref="penn-n225" as="anc">
    <fs>
      <f name="string" value="group"/>
      <f name="msd" value="NN"/>
      <f name="base" value="group"/>
    </fs>
  </a>
  <node xml:id="penn-n226">
    <link targets="seg-r415"/>
  </node>
  <a xml:id="penn-N69563" label="tok" ref="penn-n226" as="anc">
    <fs>
      <f name="string" value="when"/>
      <f name="msd" value="WRB"/>
      <f name="base" value="when"/>
    </fs>
  </a>
  <node xml:id="penn-n227">
    <link targets="seg-r417"/>
  </node>
  <a xml:id="penn-N69591" label="tok" ref="penn-n227" as="anc">
    <fs>
      <f name="string" value="he"/>
      <f name="msd" value="PRP"/>
      <f name="base" value="he"/>
    </fs>
  </a>
  <node xml:id="penn-n228">
    <link targets="seg-r419"/>
  </node>
  <a xml:id="penn-N69619" label="tok" ref="penn-n228" as="anc">
    <fs>
      <f name="string" value="was"/>
      <f name="msd" value="VBD"/>
      <f name="base" value="be"/>
    </fs>
  </a>
  <node xml:id="penn-n229">
    <link targets="seg-r421"/>
  </node>
  <a xml:id="penn-N69647" label="tok" ref="penn-n229" as="anc">
    <fs>
      <f name="string" value="in"/>
      <f name="msd" value="IN"/>
      <f name="base" value="in"/>
    </fs>
  </a>
  <node xml:id="penn-n23">
    <link targets="seg-r36"/>
  </node>
  <a xml:id="penn-N69675" label="tok" ref="penn-n23" as="anc">
    <fs>
      <f name="msd" value="NN"/>
      <f name="string" value="kenneth.lay@enron.com"/>
    </fs>
  </a>
  <node xml:id="penn-n230">
    <link targets="seg-r423"/>
  </node>
  <a xml:id="penn-N69699" label="tok" ref="penn-n230" as="anc">
    <fs>
      <f name="string" value="ENA"/>
      <f name="msd" value="NNP"/>
      <f name="base" value="ena"/>
    </fs>
  </a>
  <node xml:id="penn-n231">
    <link targets="seg-r425"/>
  </node>
  <a xml:id="penn-N69727" label="tok" ref="penn-n231" as="anc">
    <fs>
      <f name="string" value="and"/>
      <f name="msd" value="CC"/>
      <f name="base" value="and"/>
    </fs>
  </a>
  <node xml:id="penn-n232">
    <link targets="seg-r427"/>
  </node>
  <a xml:id="penn-N69755" label="tok" ref="penn-n232" as="anc">
    <fs>
      <f name="string" value="also"/>
      <f name="msd" value="RB"/>
      <f name="base" value="also"/>
    </fs>
  </a>
  <node xml:id="penn-n233">
    <link targets="seg-r429"/>
  </node>
  <a xml:id="penn-N69783" label="tok" ref="penn-n233" as="anc">
    <fs>
      <f name="string" value="was"/>
      <f name="msd" value="VBD"/>
      <f name="base" value="be"/>
    </fs>
  </a>
  <node xml:id="penn-n234">
    <link targets="seg-r431"/>
  </node>
  <a xml:id="penn-N69811" label="tok" ref="penn-n234" as="anc">
    <fs>
      <f name="string" value="the"/>
      <f name="msd" value="DT"/>
      <f name="base" value="the"/>
    </fs>
  </a>
  <node xml:id="penn-n235">
    <link targets="seg-r433"/>
  </node>
  <a xml:id="penn-N69839" label="tok" ref="penn-n235" as="anc">
    <fs>
      <f name="string" value="Exec"/>
      <f name="msd" value="NNP"/>
      <f name="base" value="exec"/>
    </fs>
  </a>
  <node xml:id="penn-n236">
    <link targets="seg-r435"/>
  </node>
  <a xml:id="penn-N69867" label="tok" ref="penn-n236" as="anc">
    <fs>
      <f name="string" value="Secretary"/>
      <f name="msd" value="NNP"/>
      <f name="base" value="secretary"/>
    </fs>
  </a>
  <node xml:id="penn-n237">
    <link targets="seg-r436"/>
  </node>
  <a xml:id="penn-N69895" label="tok" ref="penn-n237" as="anc">
    <fs>
      <f name="string" value="/"/>
      <f name="msd" value="NN"/>
      <f name="base" value="/"/>
    </fs>
  </a>
  <node xml:id="penn-n238">
    <link targets="seg-r437"/>
  </node>
  <a xml:id="penn-N69923" label="tok" ref="penn-n238" as="anc">
    <fs>
      <f name="string" value="Coordinator"/>
      <f name="msd" value="NNP"/>
      <f name="base" value="coordinator"/>
    </fs>
  </a>
  <node xml:id="penn-n239">
    <link targets="seg-r439"/>
  </node>
  <a xml:id="penn-N69951" label="tok" ref="penn-n239" as="anc">
    <fs>
      <f name="string" value="with"/>
      <f name="msd" value="IN"/>
      <f name="base" value="with"/>
    </fs>
  </a>
  <node xml:id="penn-n24">
    <link targets="seg-r38"/>
  </node>
  <a xml:id="penn-N69979" label="tok" ref="penn-n24" as="anc">
    <fs>
      <f name="string" value="Subject"/>
      <f name="msd" value="NNP"/>
      <f name="base" value="subject"/>
    </fs>
  </a>
  <node xml:id="penn-n240">
    <link targets="seg-r441"/>
  </node>
  <a xml:id="penn-N70007" label="tok" ref="penn-n240" as="anc">
    <fs>
      <f name="string" value="the"/>
      <f name="msd" value="DT"/>
      <f name="base" value="the"/>
    </fs>
  </a>
  <node xml:id="penn-n241">
    <link targets="seg-r443"/>
  </node>
  <a xml:id="penn-N70035" label="tok" ref="penn-n241" as="anc">
    <fs>
      <f name="string" value="MWB"/>
      <f name="msd" value="NNP"/>
      <f name="base" value="mwb"/>
    </fs>
  </a>
  <node xml:id="penn-n242">
    <link targets="seg-r445"/>
  </node>
  <a xml:id="penn-N70063" label="tok" ref="penn-n242" as="anc">
    <fs>
      <f name="string" value="group"/>
      <f name="msd" value="NN"/>
      <f name="base" value="group"/>
    </fs>
  </a>
  <node xml:id="penn-n243">
    <link targets="seg-r447"/>
  </node>
  <a xml:id="penn-N70091" label="tok" ref="penn-n243" as="anc">
    <fs>
      <f name="string" value="in"/>
      <f name="msd" value="IN"/>
      <f name="base" value="in"/>
    </fs>
  </a>
  <node xml:id="penn-n244">
    <link targets="seg-r449"/>
  </node>
  <a xml:id="penn-N70119" label="tok" ref="penn-n244" as="anc">
    <fs>
      <f name="string" value="George"/>
      <f name="msd" value="NNP"/>
      <f name="base" value="george"/>
    </fs>
  </a>
  <node xml:id="penn-n245">
    <link targets="seg-r451"/>
  </node>
  <a xml:id="penn-N70147" label="tok" ref="penn-n245" as="anc">
    <fs>
      <f name="string" value="Warsoff"/>
      <f name="msd" value="NNP"/>
      <f name="base" value="warsoff"/>
    </fs>
  </a>
  <node xml:id="penn-n246">
    <link targets="seg-r452"/>
  </node>
  <a xml:id="penn-N70175" label="tok" ref="penn-n246" as="anc">
    <fs>
      <f name="string" value="'s"/>
      <f name="msd" value="POS"/>
      <f name="base" value="be"/>
    </fs>
  </a>
  <node xml:id="penn-n247">
    <link targets="seg-r454"/>
  </node>
  <a xml:id="penn-N70203" label="tok" ref="penn-n247" as="anc">
    <fs>
      <f name="string" value="group"/>
      <f name="msd" value="NN"/>
      <f name="base" value="group"/>
    </fs>
  </a>
  <node xml:id="penn-n248">
    <link targets="seg-r455"/>
  </node>
  <a xml:id="penn-N70231" label="tok" ref="penn-n248" as="anc">
    <fs>
      <f name="string" value="."/>
      <f name="msd" value="."/>
      <f name="base" value="."/>
    </fs>
  </a>
  <node xml:id="penn-n249">
    <link targets="seg-r457"/>
  </node>
  <a xml:id="penn-N70259" label="tok" ref="penn-n249" as="anc">
    <fs>
      <f name="string" value="I"/>
      <f name="msd" value="PRP"/>
      <f name="base" value="i"/>
    </fs>
  </a>
  <node xml:id="penn-n25">
    <link targets="seg-r39"/>
  </node>
  <a xml:id="penn-N70287" label="tok" ref="penn-n25" as="anc">
    <fs>
      <f name="string" value=":"/>
      <f name="msd" value=":"/>
      <f name="base" value=":"/>
    </fs>
  </a>
  <node xml:id="penn-n250">
    <link targets="seg-r459"/>
  </node>
  <a xml:id="penn-N70315" label="tok" ref="penn-n250" as="anc">
    <fs>
      <f name="string" value="would"/>
      <f name="msd" value="MD"/>
      <f name="base" value="would"/>
    </fs>
  </a>
  <node xml:id="penn-n251">
    <link targets="seg-r461"/>
  </node>
  <a xml:id="penn-N70343" label="tok" ref="penn-n251" as="anc">
    <fs>
      <f name="string" value="appreciate"/>
      <f name="msd" value="VB"/>
      <f name="base" value="appreciate"/>
    </fs>
  </a>
  <node xml:id="penn-n252">
    <link targets="seg-r463"/>
  </node>
  <a xml:id="penn-N70371" label="tok" ref="penn-n252" as="anc">
    <fs>
      <f name="string" value="it"/>
      <f name="msd" value="PRP"/>
      <f name="base" value="it"/>
    </fs>
  </a>
  <node xml:id="penn-n253">
    <link targets="seg-r465"/>
  </node>
  <a xml:id="penn-N70399" label="tok" ref="penn-n253" as="anc">
    <fs>
      <f name="string" value="very"/>
      <f name="msd" value="RB"/>
      <f name="base" value="very"/>
    </fs>
  </a>
  <node xml:id="penn-n254">
    <link targets="seg-r467"/>
  </node>
  <a xml:id="penn-N70427" label="tok" ref="penn-n254" as="anc">
    <fs>
      <f name="string" value="much"/>
      <f name="msd" value="RB"/>
      <f name="base" value="much"/>
    </fs>
  </a>
  <node xml:id="penn-n255">
    <link targets="seg-r469"/>
  </node>
  <a xml:id="penn-N70455" label="tok" ref="penn-n255" as="anc">
    <fs>
      <f name="string" value="if"/>
      <f name="msd" value="IN"/>
      <f name="base" value="if"/>
    </fs>
  </a>
  <node xml:id="penn-n256">
    <link targets="seg-r471"/>
  </node>
  <a xml:id="penn-N70483" label="tok" ref="penn-n256" as="anc">
    <fs>
      <f name="string" value="you"/>
      <f name="msd" value="PRP"/>
      <f name="base" value="you"/>
    </fs>
  </a>
  <node xml:id="penn-n257">
    <link targets="seg-r473"/>
  </node>
  <a xml:id="penn-N70511" label="tok" ref="penn-n257" as="anc">
    <fs>
      <f name="string" value="were"/>
      <f name="msd" value="VBD"/>
      <f name="base" value="be"/>
    </fs>
  </a>
  <node xml:id="penn-n258">
    <link targets="seg-r475"/>
  </node>
  <a xml:id="penn-N70539" label="tok" ref="penn-n258" as="anc">
    <fs>
      <f name="string" value="able"/>
      <f name="msd" value="JJ"/>
      <f name="base" value="able"/>
    </fs>
  </a>
  <node xml:id="penn-n259">
    <link targets="seg-r477"/>
  </node>
  <a xml:id="penn-N70567" label="tok" ref="penn-n259" as="anc">
    <fs>
      <f name="string" value="to"/>
      <f name="msd" value="TO"/>
      <f name="base" value="to"/>
    </fs>
  </a>
  <node xml:id="penn-n26">
    <link targets="seg-r41"/>
  </node>
  <a xml:id="penn-N70595" label="tok" ref="penn-n26" as="anc">
    <fs>
      <f name="string" value="Confidential"/>
      <f name="msd" value="NNP"/>
      <f name="base" value="confidential"/>
    </fs>
  </a>
  <node xml:id="penn-n260">
    <link targets="seg-r479"/>
  </node>
  <a xml:id="penn-N70623" label="tok" ref="penn-n260" as="anc">
    <fs>
      <f name="string" value="assist"/>
      <f name="msd" value="VB"/>
      <f name="base" value="assist"/>
    </fs>
  </a>
  <node xml:id="penn-n261">
    <link targets="seg-r480"/>
  </node>
  <a xml:id="penn-N70651" label="tok" ref="penn-n261" as="anc">
    <fs>
      <f name="string" value="/"/>
      <f name="msd" value="NN"/>
      <f name="base" value="/"/>
    </fs>
  </a>
  <node xml:id="penn-n262">
    <link targets="seg-r481"/>
  </node>
  <a xml:id="penn-N70679" label="tok" ref="penn-n262" as="anc">
    <fs>
      <f name="string" value="guide"/>
      <f name="msd" value="NN"/>
      <f name="base" value="guide"/>
    </fs>
  </a>
  <node xml:id="penn-n263">
    <link targets="seg-r483"/>
  </node>
  <a xml:id="penn-N70707" label="tok" ref="penn-n263" as="anc">
    <fs>
      <f name="string" value="me"/>
      <f name="msd" value="PRP"/>
      <f name="base" value="me"/>
    </fs>
  </a>
  <node xml:id="penn-n264">
    <link targets="seg-r484"/>
  </node>
  <a xml:id="penn-N70735" label="tok" ref="penn-n264" as="anc">
    <fs>
      <f name="string" value="."/>
      <f name="msd" value="."/>
      <f name="base" value="."/>
    </fs>
  </a>
  <node xml:id="penn-n265">
    <link targets="seg-r486"/>
  </node>
  <a xml:id="penn-N70763" label="tok" ref="penn-n265" as="anc">
    <fs>
      <f name="string" value="Sincerely"/>
      <f name="msd" value="NNP"/>
      <f name="base" value="sincerely"/>
    </fs>
  </a>
  <node xml:id="penn-n266">
    <link targets="seg-r487"/>
  </node>
  <a xml:id="penn-N70791" label="tok" ref="penn-n266" as="anc">
    <fs>
      <f name="string" value=","/>
      <f name="msd" value=","/>
      <f name="base" value=","/>
    </fs>
  </a>
  <node xml:id="penn-n267">
    <link targets="seg-r489"/>
  </node>
  <a xml:id="penn-N70819" label="tok" ref="penn-n267" as="anc">
    <fs>
      <f name="string" value="Teri"/>
      <f name="msd" value="NNP"/>
      <f name="base" value="terus"/>
    </fs>
  </a>
  <node xml:id="penn-n268">
    <link targets="seg-r491"/>
  </node>
  <a xml:id="penn-N70847" label="tok" ref="penn-n268" as="anc">
    <fs>
      <f name="string" value="Teri"/>
      <f name="msd" value="NNP"/>
      <f name="base" value="terus"/>
    </fs>
  </a>
  <node xml:id="penn-n269">
    <link targets="seg-r493"/>
  </node>
  <a xml:id="penn-N70875" label="tok" ref="penn-n269" as="anc">
    <fs>
      <f name="string" value="Connor-"/>
      <f name="msd" value="NNP"/>
      <f name="base" value="connor-"/>
    </fs>
  </a>
  <node xml:id="penn-n27">
    <link targets="seg-r43"/>
  </node>
  <a xml:id="penn-N70903" label="tok" ref="penn-n27" as="anc">
    <fs>
      <f name="string" value="Question"/>
      <f name="msd" value="NNP"/>
      <f name="base" value="question"/>
    </fs>
  </a>
  <node xml:id="penn-n270">
    <link targets="seg-r494"/>
  </node>
  <a xml:id="penn-N70931" label="tok" ref="penn-n270" as="anc">
    <fs>
      <f name="string" value="Smith"/>
      <f name="msd" value="NNP"/>
      <f name="base" value="smith"/>
    </fs>
  </a>
  <node xml:id="penn-n271">
    <link targets="seg-r496"/>
  </node>
  <a xml:id="penn-N70959" label="tok" ref="penn-n271" as="anc">
    <fs>
      <f name="string" value="Admin"/>
      <f name="msd" value="NNP"/>
      <f name="base" value="admin"/>
    </fs>
  </a>
  <node xml:id="penn-n272">
    <link targets="seg-r498"/>
  </node>
  <a xml:id="penn-N70987" label="tok" ref="penn-n272" as="anc">
    <fs>
      <f name="string" value="Coordinator"/>
      <f name="msd" value="NNP"/>
      <f name="base" value="coordinator"/>
    </fs>
  </a>
  <node xml:id="penn-n273">
    <link targets="seg-r500"/>
  </node>
  <a xml:id="penn-N71015" label="tok" ref="penn-n273" as="anc">
    <fs>
      <f name="string" value="Enron"/>
      <f name="msd" value="NNP"/>
      <f name="base" value="enron"/>
    </fs>
  </a>
  <node xml:id="penn-n274">
    <link targets="seg-r502"/>
  </node>
  <a xml:id="penn-N71043" label="tok" ref="penn-n274" as="anc">
    <fs>
      <f name="string" value="Metals"/>
      <f name="msd" value="NNP"/>
      <f name="base" value="metal"/>
    </fs>
  </a>
  <node xml:id="penn-n275">
    <link targets="seg-r504"/>
  </node>
  <a xml:id="penn-N71071" label="tok" ref="penn-n275" as="anc">
    <fs>
      <f name="string" value="&amp;"/>
      <f name="msd" value="CC"/>
      <f name="base" value="&amp;"/>
    </fs>
  </a>
  <node xml:id="penn-n276">
    <link targets="seg-r506"/>
  </node>
  <a xml:id="penn-N71099" label="tok" ref="penn-n276" as="anc">
    <fs>
      <f name="string" value="Commodities"/>
      <f name="msd" value="NNP"/>
      <f name="base" value="commodity"/>
    </fs>
  </a>
  <node xml:id="penn-n277">
    <link targets="seg-r508"/>
  </node>
  <a xml:id="penn-N71127" label="tok" ref="penn-n277" as="anc">
    <fs>
      <f name="string" value="Corp"/>
      <f name="msd" value="NNP"/>
      <f name="base" value="corp"/>
    </fs>
  </a>
  <node xml:id="penn-n278">
    <link targets="seg-r510"/>
  </node>
  <a xml:id="penn-N71155" label="tok" ref="penn-n278" as="anc">
    <fs>
      <f name="string" value="tsmith"/>
      <f name="msd" value="NN"/>
      <f name="base" value="tsmith"/>
    </fs>
  </a>
  <node xml:id="penn-n279">
    <link targets="seg-r511"/>
  </node>
  <a xml:id="penn-N71183" label="tok" ref="penn-n279" as="anc">
    <fs>
      <f name="msd" value="NN"/>
      <f name="string" value="3@enron.com"/>
    </fs>
  </a>
  <node xml:id="penn-n28">
    <link targets="seg-r45"/>
  </node>
  <a xml:id="penn-N71207" label="tok" ref="penn-n28" as="anc">
    <fs>
      <f name="string" value="Mime-"/>
      <f name="msd" value="NNP"/>
      <f name="base" value="mime-"/>
    </fs>
  </a>
  <node xml:id="penn-n280">
    <link targets="seg-r513"/>
  </node>
  <a xml:id="penn-N71235" label="tok" ref="penn-n280" as="anc">
    <fs>
      <f name="string" value="("/>
      <f name="msd" value="("/>
      <f name="base" value="("/>
    </fs>
  </a>
  <node xml:id="penn-n281">
    <link targets="seg-r514"/>
  </node>
  <a xml:id="penn-N71267" label="tok" ref="penn-n281" as="anc">
    <fs>
      <f name="base" value="212"/>
      <f name="string" value="212"/>
      <f name="msd" value="CD"/>
    </fs>
  </a>
  <node xml:id="penn-n282">
    <link targets="seg-r515"/>
  </node>
  <a xml:id="penn-N71295" label="tok" ref="penn-n282" as="anc">
    <fs>
      <f name="string" value=")"/>
      <f name="msd" value=")"/>
      <f name="base" value=")"/>
    </fs>
  </a>
  <node xml:id="penn-n283">
    <link targets="seg-r516"/>
  </node>
  <a xml:id="penn-N71327" label="tok" ref="penn-n283" as="anc">
    <fs>
      <f name="base" value="715"/>
      <f name="string" value="715"/>
      <f name="msd" value="CD"/>
    </fs>
  </a>
  <node xml:id="penn-n284">
    <link targets="seg-r517"/>
  </node>
  <a xml:id="penn-N71355" label="tok" ref="penn-n284" as="anc">
    <fs>
      <f name="string" value="-"/>
      <f name="msd" value=":"/>
      <f name="base" value="-"/>
    </fs>
  </a>
  <node xml:id="penn-n285">
    <link targets="seg-r518"/>
  </node>
  <a xml:id="penn-N71387" label="tok" ref="penn-n285" as="anc">
    <fs>
      <f name="base" value="5601"/>
      <f name="string" value="5601"/>
      <f name="msd" value="CD"/>
    </fs>
  </a>
  <node xml:id="penn-n29">
    <link targets="seg-r46"/>
  </node>
  <a xml:id="penn-N71415" label="tok" ref="penn-n29" as="anc">
    <fs>
      <f name="string" value="Version"/>
      <f name="msd" value="NNP"/>
      <f name="base" value="version"/>
    </fs>
  </a>
  <node xml:id="penn-n3">
    <link targets="seg-r4"/>
  </node>
  <a xml:id="penn-N71443" label="tok" ref="penn-n3" as="anc">
    <fs>
      <f name="string" value="12434767.1075852813161.JavaMail.evans@thyme"/>
      <f name="msd" value="NN"/>
      <f name="base" value="12434767.1075852813161.javamail.evans@thyme"/>
    </fs>
  </a>
  <node xml:id="penn-n30">
    <link targets="seg-r47"/>
  </node>
  <a xml:id="penn-N71471" label="tok" ref="penn-n30" as="anc">
    <fs>
      <f name="string" value=":"/>
      <f name="msd" value=":"/>
      <f name="base" value=":"/>
    </fs>
  </a>
  <node xml:id="penn-n31">
    <link targets="seg-r49"/>
  </node>
  <a xml:id="penn-N71499" label="tok" ref="penn-n31" as="anc">
    <fs>
      <f name="base" value="1.0"/>
      <f name="string" value="1.0"/>
      <f name="msd" value="CD"/>
    </fs>
  </a>
  <node xml:id="penn-n32">
    <link targets="seg-r51"/>
  </node>
  <a xml:id="penn-N71527" label="tok" ref="penn-n32" as="anc">
    <fs>
      <f name="string" value="Content-"/>
      <f name="msd" value="NNP"/>
      <f name="base" value="content-"/>
    </fs>
  </a>
  <node xml:id="penn-n33">
    <link targets="seg-r52"/>
  </node>
  <a xml:id="penn-N71555" label="tok" ref="penn-n33" as="anc">
    <fs>
      <f name="string" value="Type"/>
      <f name="msd" value="NNP"/>
      <f name="base" value="type"/>
    </fs>
  </a>
  <node xml:id="penn-n34">
    <link targets="seg-r53"/>
  </node>
  <a xml:id="penn-N71583" label="tok" ref="penn-n34" as="anc">
    <fs>
      <f name="string" value=":"/>
      <f name="msd" value=":"/>
      <f name="base" value=":"/>
    </fs>
  </a>
  <node xml:id="penn-n35">
    <link targets="seg-r55"/>
  </node>
  <a xml:id="penn-N71611" label="tok" ref="penn-n35" as="anc">
    <fs>
      <f name="string" value="text"/>
      <f name="msd" value="NN"/>
      <f name="base" value="text"/>
    </fs>
  </a>
  <node xml:id="penn-n36">
    <link targets="seg-r56"/>
  </node>
  <a xml:id="penn-N71639" label="tok" ref="penn-n36" as="anc">
    <fs>
      <f name="string" value="/"/>
      <f name="msd" value="NN"/>
      <f name="base" value="/"/>
    </fs>
  </a>
  <node xml:id="penn-n37">
    <link targets="seg-r57"/>
  </node>
  <a xml:id="penn-N71667" label="tok" ref="penn-n37" as="anc">
    <fs>
      <f name="string" value="plain"/>
      <f name="msd" value="JJ"/>
      <f name="base" value="plain"/>
    </fs>
  </a>
  <node xml:id="penn-n38">
    <link targets="seg-r58"/>
  </node>
  <a xml:id="penn-N71695" label="tok" ref="penn-n38" as="anc">
    <fs>
      <f name="string" value=";"/>
      <f name="msd" value=":"/>
      <f name="base" value=";"/>
    </fs>
  </a>
  <node xml:id="penn-n39">
    <link targets="seg-r60"/>
  </node>
  <a xml:id="penn-N71723" label="tok" ref="penn-n39" as="anc">
    <fs>
      <f name="string" value="charset"/>
      <f name="msd" value="NN"/>
      <f name="base" value="charset"/>
    </fs>
  </a>
  <node xml:id="penn-n4">
    <link targets="seg-r5"/>
  </node>
  <a xml:id="penn-N71751" label="tok" ref="penn-n4" as="anc">
    <fs>
      <f name="string" value="&gt;"/>
      <f name="msd" value="NN"/>
      <f name="base" value="&gt;"/>
    </fs>
  </a>
  <node xml:id="penn-n40">
    <link targets="seg-r61"/>
  </node>
  <a xml:id="penn-N71779" label="tok" ref="penn-n40" as="anc">
    <fs>
      <f name="string" value="="/>
      <f name="msd" value="SYM"/>
      <f name="base" value="="/>
    </fs>
  </a>
  <node xml:id="penn-n41">
    <link targets="seg-r62"/>
  </node>
  <a xml:id="penn-N71807" label="tok" ref="penn-n41" as="anc">
    <fs>
      <f name="string" value="us-ascii"/>
      <f name="msd" value="JJ"/>
      <f name="base" value="us-ascius"/>
    </fs>
  </a>
  <node xml:id="penn-n42">
    <link targets="seg-r64"/>
  </node>
  <a xml:id="penn-N71835" label="tok" ref="penn-n42" as="anc">
    <fs>
      <f name="string" value="Content-"/>
      <f name="msd" value="NNP"/>
      <f name="base" value="content-"/>
    </fs>
  </a>
  <node xml:id="penn-n43">
    <link targets="seg-r65"/>
  </node>
  <a xml:id="penn-N71863" label="tok" ref="penn-n43" as="anc">
    <fs>
      <f name="string" value="Transfer-"/>
      <f name="msd" value="NNP"/>
      <f name="base" value="transfer-"/>
    </fs>
  </a>
  <node xml:id="penn-n44">
    <link targets="seg-r66"/>
  </node>
  <a xml:id="penn-N71891" label="tok" ref="penn-n44" as="anc">
    <fs>
      <f name="string" value="Encoding"/>
      <f name="msd" value="NNP"/>
      <f name="base" value="encode"/>
    </fs>
  </a>
  <node xml:id="penn-n45">
    <link targets="seg-r67"/>
  </node>
  <a xml:id="penn-N71919" label="tok" ref="penn-n45" as="anc">
    <fs>
      <f name="string" value=":"/>
      <f name="msd" value=":"/>
      <f name="base" value=":"/>
    </fs>
  </a>
  <node xml:id="penn-n46">
    <link targets="seg-r69"/>
  </node>
  <a xml:id="penn-N71947" label="tok" ref="penn-n46" as="anc">
    <fs>
      <f name="base" value="7"/>
      <f name="string" value="7"/>
      <f name="msd" value="CD"/>
    </fs>
  </a>
  <node xml:id="penn-n47">
    <link targets="seg-r70"/>
  </node>
  <a xml:id="penn-N71975" label="tok" ref="penn-n47" as="anc">
    <fs>
      <f name="string" value="bit"/>
      <f name="msd" value="NN"/>
      <f name="base" value="bite"/>
    </fs>
  </a>
  <node xml:id="penn-n48">
    <link targets="seg-r72"/>
  </node>
  <a xml:id="penn-N72003" label="tok" ref="penn-n48" as="anc">
    <fs>
      <f name="string" value="Dear"/>
      <f name="msd" value="RB"/>
      <f name="base" value="dear"/>
    </fs>
  </a>
  <node xml:id="penn-n49">
    <link targets="seg-r74"/>
  </node>
  <a xml:id="penn-N72031" label="tok" ref="penn-n49" as="anc">
    <fs>
      <f name="string" value="Ken"/>
      <f name="msd" value="NNP"/>
      <f name="base" value="ken"/>
    </fs>
  </a>
  <node xml:id="penn-n5">
    <link targets="seg-r7"/>
  </node>
  <a xml:id="penn-N72059" label="tok" ref="penn-n5" as="anc">
    <fs>
      <f name="string" value="Date"/>
      <f name="msd" value="NN"/>
      <f name="base" value="date"/>
    </fs>
  </a>
  <node xml:id="penn-n50">
    <link targets="seg-r75"/>
  </node>
  <a xml:id="penn-N72087" label="tok" ref="penn-n50" as="anc">
    <fs>
      <f name="string" value=","/>
      <f name="msd" value=","/>
      <f name="base" value=","/>
    </fs>
  </a>
  <node xml:id="penn-n51">
    <link targets="seg-r77"/>
  </node>
  <a xml:id="penn-N72115" label="tok" ref="penn-n51" as="anc">
    <fs>
      <f name="string" value="I"/>
      <f name="msd" value="PRP"/>
      <f name="base" value="i"/>
    </fs>
  </a>
  <node xml:id="penn-n52">
    <link targets="seg-r78"/>
  </node>
  <a xml:id="penn-N72143" label="tok" ref="penn-n52" as="anc">
    <fs>
      <f name="string" value="'m"/>
      <f name="msd" value="VBP"/>
      <f name="base" value="be"/>
    </fs>
  </a>
  <node xml:id="penn-n53">
    <link targets="seg-r80"/>
  </node>
  <a xml:id="penn-N72171" label="tok" ref="penn-n53" as="anc">
    <fs>
      <f name="string" value="not"/>
      <f name="msd" value="RB"/>
      <f name="base" value="not"/>
    </fs>
  </a>
  <node xml:id="penn-n54">
    <link targets="seg-r82"/>
  </node>
  <a xml:id="penn-N72199" label="tok" ref="penn-n54" as="anc">
    <fs>
      <f name="string" value="sure"/>
      <f name="msd" value="JJ"/>
      <f name="base" value="sure"/>
    </fs>
  </a>
  <node xml:id="penn-n55">
    <link targets="seg-r84"/>
  </node>
  <a xml:id="penn-N72227" label="tok" ref="penn-n55" as="anc">
    <fs>
      <f name="string" value="quite"/>
      <f name="msd" value="RB"/>
      <f name="base" value="quite"/>
    </fs>
  </a>
  <node xml:id="penn-n56">
    <link targets="seg-r86"/>
  </node>
  <a xml:id="penn-N72255" label="tok" ref="penn-n56" as="anc">
    <fs>
      <f name="string" value="were"/>
      <f name="msd" value="VBD"/>
      <f name="base" value="be"/>
    </fs>
  </a>
  <node xml:id="penn-n57">
    <link targets="seg-r88"/>
  </node>
  <a xml:id="penn-N72283" label="tok" ref="penn-n57" as="anc">
    <fs>
      <f name="string" value="to"/>
      <f name="msd" value="TO"/>
      <f name="base" value="to"/>
    </fs>
  </a>
  <node xml:id="penn-n58">
    <link targets="seg-r90"/>
  </node>
  <a xml:id="penn-N72311" label="tok" ref="penn-n58" as="anc">
    <fs>
      <f name="string" value="turn"/>
      <f name="msd" value="VB"/>
      <f name="base" value="turn"/>
    </fs>
  </a>
  <node xml:id="penn-n59">
    <link targets="seg-r92"/>
  </node>
  <a xml:id="penn-N72339" label="tok" ref="penn-n59" as="anc">
    <fs>
      <f name="string" value="but"/>
      <f name="msd" value="CC"/>
      <f name="base" value="but"/>
    </fs>
  </a>
  <node xml:id="penn-n6">
    <link targets="seg-r8"/>
  </node>
  <a xml:id="penn-N72367" label="tok" ref="penn-n6" as="anc">
    <fs>
      <f name="string" value=":"/>
      <f name="msd" value=":"/>
      <f name="base" value=":"/>
    </fs>
  </a>
  <node xml:id="penn-n60">
    <link targets="seg-r94"/>
  </node>
  <a xml:id="penn-N72395" label="tok" ref="penn-n60" as="anc">
    <fs>
      <f name="string" value="was"/>
      <f name="msd" value="VBD"/>
      <f name="base" value="be"/>
    </fs>
  </a>
  <node xml:id="penn-n61">
    <link targets="seg-r96"/>
  </node>
  <a xml:id="penn-N72423" label="tok" ref="penn-n61" as="anc">
    <fs>
      <f name="string" value="hoping"/>
      <f name="msd" value="VBG"/>
      <f name="base" value="hope"/>
    </fs>
  </a>
  <node xml:id="penn-n62">
    <link targets="seg-r98"/>
  </node>
  <a xml:id="penn-N72451" label="tok" ref="penn-n62" as="anc">
    <fs>
      <f name="string" value="you"/>
      <f name="msd" value="PRP"/>
      <f name="base" value="you"/>
    </fs>
  </a>
  <node xml:id="penn-n63">
    <link targets="seg-r100"/>
  </node>
  <a xml:id="penn-N72479" label="tok" ref="penn-n63" as="anc">
    <fs>
      <f name="string" value="could"/>
      <f name="msd" value="MD"/>
      <f name="base" value="could"/>
    </fs>
  </a>
  <node xml:id="penn-n64">
    <link targets="seg-r102"/>
  </node>
  <a xml:id="penn-N72507" label="tok" ref="penn-n64" as="anc">
    <fs>
      <f name="string" value="assist"/>
      <f name="msd" value="VB"/>
      <f name="base" value="assist"/>
    </fs>
  </a>
  <node xml:id="penn-n65">
    <link targets="seg-r104"/>
  </node>
  <a xml:id="penn-N72535" label="tok" ref="penn-n65" as="anc">
    <fs>
      <f name="string" value="me"/>
      <f name="msd" value="PRP"/>
      <f name="base" value="me"/>
    </fs>
  </a>
  <node xml:id="penn-n66">
    <link targets="seg-r105"/>
  </node>
  <a xml:id="penn-N72563" label="tok" ref="penn-n66" as="anc">
    <fs>
      <f name="string" value="."/>
      <f name="msd" value="."/>
      <f name="base" value="."/>
    </fs>
  </a>
  <node xml:id="penn-n67">
    <link targets="seg-r107"/>
  </node>
  <a xml:id="penn-N72591" label="tok" ref="penn-n67" as="anc">
    <fs>
      <f name="string" value="I"/>
      <f name="msd" value="PRP"/>
      <f name="base" value="i"/>
    </fs>
  </a>
  <node xml:id="penn-n68">
    <link targets="seg-r109"/>
  </node>
  <a xml:id="penn-N72619" label="tok" ref="penn-n68" as="anc">
    <fs>
      <f name="string" value="would"/>
      <f name="msd" value="MD"/>
      <f name="base" value="would"/>
    </fs>
  </a>
  <node xml:id="penn-n69">
    <link targets="seg-r111"/>
  </node>
  <a xml:id="penn-N72647" label="tok" ref="penn-n69" as="anc">
    <fs>
      <f name="string" value="like"/>
      <f name="msd" value="VB"/>
      <f name="base" value="like"/>
    </fs>
  </a>
  <node xml:id="penn-n7">
    <link targets="seg-r10"/>
  </node>
  <a xml:id="penn-N72675" label="tok" ref="penn-n7" as="anc">
    <fs>
      <f name="string" value="Tue"/>
      <f name="msd" value="NNP"/>
      <f name="base" value="tue"/>
    </fs>
  </a>
  <node xml:id="penn-n70">
    <link targets="seg-r113"/>
  </node>
  <a xml:id="penn-N72703" label="tok" ref="penn-n70" as="anc">
    <fs>
      <f name="string" value="to"/>
      <f name="msd" value="TO"/>
      <f name="base" value="to"/>
    </fs>
  </a>
  <node xml:id="penn-n71">
    <link targets="seg-r115"/>
  </node>
  <a xml:id="penn-N72731" label="tok" ref="penn-n71" as="anc">
    <fs>
      <f name="string" value="keep"/>
      <f name="msd" value="VB"/>
      <f name="base" value="keep"/>
    </fs>
  </a>
  <node xml:id="penn-n72">
    <link targets="seg-r117"/>
  </node>
  <a xml:id="penn-N72759" label="tok" ref="penn-n72" as="anc">
    <fs>
      <f name="string" value="this"/>
      <f name="msd" value="DT"/>
      <f name="base" value="this"/>
    </fs>
  </a>
  <node xml:id="penn-n73">
    <link targets="seg-r119"/>
  </node>
  <a xml:id="penn-N72787" label="tok" ref="penn-n73" as="anc">
    <fs>
      <f name="string" value="confidential"/>
      <f name="msd" value="JJ"/>
      <f name="base" value="confidential"/>
    </fs>
  </a>
  <node xml:id="penn-n74">
    <link targets="seg-r121"/>
  </node>
  <a xml:id="penn-N72815" label="tok" ref="penn-n74" as="anc">
    <fs>
      <f name="string" value="especially"/>
      <f name="msd" value="RB"/>
      <f name="base" value="especially"/>
    </fs>
  </a>
  <node xml:id="penn-n75">
    <link targets="seg-r123"/>
  </node>
  <a xml:id="penn-N72843" label="tok" ref="penn-n75" as="anc">
    <fs>
      <f name="string" value="regarding"/>
      <f name="msd" value="VBG"/>
      <f name="base" value="regard"/>
    </fs>
  </a>
  <node xml:id="penn-n76">
    <link targets="seg-r125"/>
  </node>
  <a xml:id="penn-N72871" label="tok" ref="penn-n76" as="anc">
    <fs>
      <f name="string" value="the"/>
      <f name="msd" value="DT"/>
      <f name="base" value="the"/>
    </fs>
  </a>
  <node xml:id="penn-n77">
    <link targets="seg-r127"/>
  </node>
  <a xml:id="penn-N72899" label="tok" ref="penn-n77" as="anc">
    <fs>
      <f name="string" value="New"/>
      <f name="msd" value="NNP"/>
      <f name="base" value="new"/>
    </fs>
  </a>
  <node xml:id="penn-n78">
    <link targets="seg-r129"/>
  </node>
  <a xml:id="penn-N72927" label="tok" ref="penn-n78" as="anc">
    <fs>
      <f name="string" value="York"/>
      <f name="msd" value="NNP"/>
      <f name="base" value="york"/>
    </fs>
  </a>
  <node xml:id="penn-n79">
    <link targets="seg-r131"/>
  </node>
  <a xml:id="penn-N72955" label="tok" ref="penn-n79" as="anc">
    <fs>
      <f name="string" value="Office"/>
      <f name="msd" value="NNP"/>
      <f name="base" value="office"/>
    </fs>
  </a>
  <node xml:id="penn-n8">
    <link targets="seg-r11"/>
  </node>
  <a xml:id="penn-N72983" label="tok" ref="penn-n8" as="anc">
    <fs>
      <f name="string" value=","/>
      <f name="msd" value=","/>
      <f name="base" value=","/>
    </fs>
  </a>
  <node xml:id="penn-n80">
    <link targets="seg-r132"/>
  </node>
  <a xml:id="penn-N73011" label="tok" ref="penn-n80" as="anc">
    <fs>
      <f name="string" value="."/>
      <f name="msd" value="."/>
      <f name="base" value="."/>
    </fs>
  </a>
  <node xml:id="penn-n81">
    <link targets="seg-r134"/>
  </node>
  <a xml:id="penn-N73039" label="tok" ref="penn-n81" as="anc">
    <fs>
      <f name="string" value="As"/>
      <f name="msd" value="IN"/>
      <f name="base" value="as"/>
    </fs>
  </a>
  <node xml:id="penn-n82">
    <link targets="seg-r136"/>
  </node>
  <a xml:id="penn-N73067" label="tok" ref="penn-n82" as="anc">
    <fs>
      <f name="string" value="my"/>
      <f name="msd" value="PRP$"/>
      <f name="base" value="my"/>
    </fs>
  </a>
  <node xml:id="penn-n83">
    <link targets="seg-r138"/>
  </node>
  <a xml:id="penn-N73095" label="tok" ref="penn-n83" as="anc">
    <fs>
      <f name="string" value="request"/>
      <f name="msd" value="NN"/>
      <f name="base" value="request"/>
    </fs>
  </a>
  <node xml:id="penn-n84">
    <link targets="seg-r140"/>
  </node>
  <a xml:id="penn-N73123" label="tok" ref="penn-n84" as="anc">
    <fs>
      <f name="string" value="has"/>
      <f name="msd" value="VBZ"/>
      <f name="base" value="have"/>
    </fs>
  </a>
  <node xml:id="penn-n85">
    <link targets="seg-r142"/>
  </node>
  <a xml:id="penn-N73151" label="tok" ref="penn-n85" as="anc">
    <fs>
      <f name="string" value="nothing"/>
      <f name="msd" value="NN"/>
      <f name="base" value="nothing"/>
    </fs>
  </a>
  <node xml:id="penn-n86">
    <link targets="seg-r144"/>
  </node>
  <a xml:id="penn-N73179" label="tok" ref="penn-n86" as="anc">
    <fs>
      <f name="string" value="to"/>
      <f name="msd" value="TO"/>
      <f name="base" value="to"/>
    </fs>
  </a>
  <node xml:id="penn-n87">
    <link targets="seg-r146"/>
  </node>
  <a xml:id="penn-N73207" label="tok" ref="penn-n87" as="anc">
    <fs>
      <f name="string" value="do"/>
      <f name="msd" value="VB"/>
      <f name="base" value="do"/>
    </fs>
  </a>
  <node xml:id="penn-n88">
    <link targets="seg-r148"/>
  </node>
  <a xml:id="penn-N73235" label="tok" ref="penn-n88" as="anc">
    <fs>
      <f name="string" value="with"/>
      <f name="msd" value="IN"/>
      <f name="base" value="with"/>
    </fs>
  </a>
  <node xml:id="penn-n89">
    <link targets="seg-r150"/>
  </node>
  <a xml:id="penn-N73263" label="tok" ref="penn-n89" as="anc">
    <fs>
      <f name="string" value="the"/>
      <f name="msd" value="DT"/>
      <f name="base" value="the"/>
    </fs>
  </a>
  <node xml:id="penn-n9">
    <link targets="seg-r13"/>
  </node>
  <a xml:id="penn-N73291" label="tok" ref="penn-n9" as="anc">
    <fs>
      <f name="base" value="25"/>
      <f name="string" value="25"/>
      <f name="msd" value="CD"/>
    </fs>
  </a>
  <node xml:id="penn-n90">
    <link targets="seg-r152"/>
  </node>
  <a xml:id="penn-N73319" label="tok" ref="penn-n90" as="anc">
    <fs>
      <f name="string" value="people"/>
      <f name="msd" value="NNS"/>
      <f name="base" value="people"/>
    </fs>
  </a>
  <node xml:id="penn-n91">
    <link targets="seg-r154"/>
  </node>
  <a xml:id="penn-N73347" label="tok" ref="penn-n91" as="anc">
    <fs>
      <f name="string" value="in"/>
      <f name="msd" value="IN"/>
      <f name="base" value="in"/>
    </fs>
  </a>
  <node xml:id="penn-n92">
    <link targets="seg-r156"/>
  </node>
  <a xml:id="penn-N73375" label="tok" ref="penn-n92" as="anc">
    <fs>
      <f name="string" value="this"/>
      <f name="msd" value="DT"/>
      <f name="base" value="this"/>
    </fs>
  </a>
  <node xml:id="penn-n93">
    <link targets="seg-r158"/>
  </node>
  <a xml:id="penn-N73403" label="tok" ref="penn-n93" as="anc">
    <fs>
      <f name="string" value="office"/>
      <f name="msd" value="NN"/>
      <f name="base" value="office"/>
    </fs>
  </a>
  <node xml:id="penn-n94">
    <link targets="seg-r160"/>
  </node>
  <a xml:id="penn-N73431" label="tok" ref="penn-n94" as="anc">
    <fs>
      <f name="string" value="or"/>
      <f name="msd" value="CC"/>
      <f name="base" value="or"/>
    </fs>
  </a>
  <node xml:id="penn-n95">
    <link targets="seg-r162"/>
  </node>
  <a xml:id="penn-N73459" label="tok" ref="penn-n95" as="anc">
    <fs>
      <f name="string" value="the"/>
      <f name="msd" value="DT"/>
      <f name="base" value="the"/>
    </fs>
  </a>
  <node xml:id="penn-n96">
    <link targets="seg-r164"/>
  </node>
  <a xml:id="penn-N73487" label="tok" ref="penn-n96" as="anc">
    <fs>
      <f name="string" value="group"/>
      <f name="msd" value="NN"/>
      <f name="base" value="group"/>
    </fs>
  </a>
  <node xml:id="penn-n97">
    <link targets="seg-r166"/>
  </node>
  <a xml:id="penn-N73515" label="tok" ref="penn-n97" as="anc">
    <fs>
      <f name="string" value="they"/>
      <f name="msd" value="PRP"/>
      <f name="base" value="they"/>
    </fs>
  </a>
  <node xml:id="penn-n98">
    <link targets="seg-r168"/>
  </node>
  <a xml:id="penn-N73543" label="tok" ref="penn-n98" as="anc">
    <fs>
      <f name="string" value="are"/>
      <f name="msd" value="VBP"/>
      <f name="base" value="be"/>
    </fs>
  </a>
  <node xml:id="penn-n99">
    <link targets="seg-r170"/>
  </node>
  <a xml:id="penn-N73571" label="tok" ref="penn-n99" as="anc">
    <fs>
      <f name="string" value="wonderful"/>
      <f name="msd" value="JJ"/>
      <f name="base" value="wonderful"/>
    </fs>
  </a>
</graph>
