<graph xmlns="http://www.xces.org/ns/GrAF/1.0/" xmlns:graf="http://www.xces.org/ns/GrAF/1.0/">
  <graphHeader>
    <labelsDecl>
      <labelUsage label="Head" occurs="1"/>
      <labelUsage label="s" occurs="11"/>
    </labelsDecl>
    <annotationSpaces>
      <annotationSpace as.id="anc"/>
    </annotationSpaces>
  </graphHeader>
  <region xml:id="s-r0" anchors="3 291"/>
  <node xml:id="s-n0">
    <link targets="s-r0"/>
  </node>
  <a xml:id="s-N65573" label="Head" ref="s-n0" as="anc">
    <fs>
      <f name="type" value="email"/>
    </fs>
  </a>
  <region xml:id="s-r1" anchors="294 303"/>
  <node xml:id="s-n1">
    <link targets="s-r1"/>
  </node>
  <a xml:id="s-N65597" label="s" ref="s-n1" as="anc"/>
  <region xml:id="s-r2" anchors="306 373"/>
  <node xml:id="s-n2">
    <link targets="s-r2"/>
  </node>
  <a xml:id="s-N65613" label="s" ref="s-n2" as="anc"/>
  <region xml:id="s-r3" anchors="375 455"/>
  <node xml:id="s-n3">
    <link targets="s-r3"/>
  </node>
  <a xml:id="s-N65629" label="s" ref="s-n3" as="anc"/>
  <region xml:id="s-r4" anchors="457 552"/>
  <node xml:id="s-n4">
    <link targets="s-r4"/>
  </node>
  <a xml:id="s-N65645" label="s" ref="s-n4" as="anc"/>
  <region xml:id="s-r5" anchors="554 721"/>
  <node xml:id="s-n5">
    <link targets="s-r5"/>
  </node>
  <a xml:id="s-N65661" label="s" ref="s-n5" as="anc"/>
  <region xml:id="s-r6" anchors="723 786"/>
  <node xml:id="s-n6">
    <link targets="s-r6"/>
  </node>
  <a xml:id="s-N65677" label="s" ref="s-n6" as="anc"/>
  <region xml:id="s-r7" anchors="788 933"/>
  <node xml:id="s-n7">
    <link targets="s-r7"/>
  </node>
  <a xml:id="s-N65693" label="s" ref="s-n7" as="anc"/>
  <region xml:id="s-r8" anchors="935 976"/>
  <node xml:id="s-n8">
    <link targets="s-r8"/>
  </node>
  <a xml:id="s-N65709" label="s" ref="s-n8" as="anc"/>
  <region xml:id="s-r9" anchors="978 1120"/>
  <node xml:id="s-n9">
    <link targets="s-r9"/>
  </node>
  <a xml:id="s-N65725" label="s" ref="s-n9" as="anc"/>
  <region xml:id="s-r10" anchors="1122 1292"/>
  <node xml:id="s-n10">
    <link targets="s-r10"/>
  </node>
  <a xml:id="s-N65741" label="s" ref="s-n10" as="anc"/>
  <region xml:id="s-r11" anchors="1296 1364"/>
  <node xml:id="s-n11">
    <link targets="s-r11"/>
  </node>
  <a xml:id="s-N65757" label="s" ref="s-n11" as="anc"/>
</graph>
