<graph xmlns="http://www.xces.org/ns/GrAF/1.0/" xmlns:graf="http://www.xces.org/ns/GrAF/1.0/">
  <graphHeader>
    <labelsDecl>
      <labelUsage label="phonenumber" occurs="1"/>
      <labelUsage label="body" occurs="1"/>
      <labelUsage label="text" occurs="1"/>
      <labelUsage label="email" occurs="1"/>
      <labelUsage label="p" occurs="8"/>
      <labelUsage label="cesDoc" occurs="1"/>
      <labelUsage label="head" occurs="1"/>
    </labelsDecl>
    <annotationSpaces>
      <annotationSpace as.id="xces"/>
    </annotationSpaces>
  </graphHeader>
  <region xml:id="logical-r0" anchors="0 1486"/>
  <node xml:id="logical-n0">
    <link targets="logical-r0"/>
  </node>
  <a xml:id="logical-N65593" label="cesDoc" ref="logical-n0" as="xces"/>
  <region xml:id="logical-r1" anchors="1 1485"/>
  <node xml:id="logical-n1">
    <link targets="logical-r1"/>
  </node>
  <a xml:id="logical-N65609" label="text" ref="logical-n1" as="xces"/>
  <region xml:id="logical-r2" anchors="2 292"/>
  <node xml:id="logical-n2">
    <link targets="logical-r2"/>
  </node>
  <a xml:id="logical-N65625" label="head" ref="logical-n2" as="xces">
    <fs>
      <f name="type" value="email"/>
    </fs>
  </a>
  <region xml:id="logical-r3" anchors="293 1484"/>
  <node xml:id="logical-n3">
    <link targets="logical-r3"/>
  </node>
  <a xml:id="logical-N65649" label="body" ref="logical-n3" as="xces"/>
  <region xml:id="logical-r4" anchors="294 305"/>
  <node xml:id="logical-n4">
    <link targets="logical-r4"/>
  </node>
  <a xml:id="logical-N65665" label="p" ref="logical-n4" as="xces"/>
  <region xml:id="logical-r5" anchors="306 553"/>
  <node xml:id="logical-n5">
    <link targets="logical-r5"/>
  </node>
  <a xml:id="logical-N65681" label="p" ref="logical-n5" as="xces"/>
  <region xml:id="logical-r6" anchors="554 977"/>
  <node xml:id="logical-n6">
    <link targets="logical-r6"/>
  </node>
  <a xml:id="logical-N65697" label="p" ref="logical-n6" as="xces"/>
  <region xml:id="logical-r7" anchors="978 1295"/>
  <node xml:id="logical-n7">
    <link targets="logical-r7"/>
  </node>
  <a xml:id="logical-N65713" label="p" ref="logical-n7" as="xces"/>
  <region xml:id="logical-r8" anchors="1296 1365"/>
  <node xml:id="logical-n8">
    <link targets="logical-r8"/>
  </node>
  <a xml:id="logical-N65729" label="p" ref="logical-n8" as="xces"/>
  <region xml:id="logical-r9" anchors="1366 1377"/>
  <node xml:id="logical-n9">
    <link targets="logical-r9"/>
  </node>
  <a xml:id="logical-N65745" label="p" ref="logical-n9" as="xces"/>
  <region xml:id="logical-r10" anchors="1378 1383"/>
  <node xml:id="logical-n10">
    <link targets="logical-r10"/>
  </node>
  <a xml:id="logical-N65761" label="p" ref="logical-n10" as="xces"/>
  <region xml:id="logical-r11" anchors="1384 1483"/>
  <node xml:id="logical-n11">
    <link targets="logical-r11"/>
  </node>
  <a xml:id="logical-N65777" label="p" ref="logical-n11" as="xces"/>
  <region xml:id="logical-r12" anchors="1452 1469"/>
  <node xml:id="logical-n12">
    <link targets="logical-r12"/>
  </node>
  <a xml:id="logical-N65793" label="email" ref="logical-n12" as="xces"/>
  <region xml:id="logical-r13" anchors="1470 1483"/>
  <node xml:id="logical-n13">
    <link targets="logical-r13"/>
  </node>
  <a xml:id="logical-N65809" label="phonenumber" ref="logical-n13" as="xces"/>
</graph>
