<graph xmlns="http://www.xces.org/ns/GrAF/1.0/" xmlns:graf="http://www.xces.org/ns/GrAF/1.0/">
  <graphHeader>
    <labelsDecl>
      <labelUsage label="date" occurs="2"/>
      <labelUsage label="org" occurs="2"/>
    </labelsDecl>
    <dependencies>
      <dependsOn f.id="f.penn"/>
    </dependencies>
    <annotationSpaces>
      <annotationSpace as.id="anc"/>
    </annotationSpaces>
  </graphHeader>
  <node xml:id="ne-n0"/>
  <a xml:id="ne-N65571" label="date" ref="ne-n0" as="anc">
    <fs>
      <f name="kind" value="dateTime"/>
      <f name="id" value="2791"/>
    </fs>
  </a>
  <node xml:id="ne-n1"/>
  <a xml:id="ne-N65591" label="org" ref="ne-n1" as="anc">
    <fs>
      <f name="id" value="281"/>
      <f name="person" value="third"/>
      <f name="case" value="objective"/>
      <f name="number" value="singular"/>
      <f name="type" value="company"/>
    </fs>
  </a>
  <node xml:id="ne-n2"/>
  <a xml:id="ne-N65623" label="date" ref="ne-n2" as="anc">
    <fs>
      <f name="kind" value="time"/>
      <f name="id" value="33272"/>
    </fs>
  </a>
  <node xml:id="ne-n3"/>
  <a xml:id="ne-N65643" label="org" ref="ne-n3" as="anc">
    <fs>
      <f name="id" value="2786"/>
      <f name="type" value="company"/>
    </fs>
  </a>
  <edge xml:id="ne-lnk1" from="ne-n0" to="penn-n8"/>
  <edge xml:id="ne-lnk0" from="ne-n0" to="penn-n7"/>
  <edge xml:id="ne-lnk13" from="ne-n3" to="penn-n186"/>
  <edge xml:id="ne-lnk12" from="ne-n2" to="penn-n157"/>
  <edge xml:id="ne-lnk9" from="ne-n0" to="penn-n16"/>
  <edge xml:id="ne-lnk11" from="ne-n1" to="penn-n65"/>
  <edge xml:id="ne-lnk8" from="ne-n0" to="penn-n15"/>
  <edge xml:id="ne-lnk10" from="ne-n0" to="penn-n17"/>
  <edge xml:id="ne-lnk7" from="ne-n0" to="penn-n14"/>
  <edge xml:id="ne-lnk6" from="ne-n0" to="penn-n13"/>
  <edge xml:id="ne-lnk5" from="ne-n0" to="penn-n12"/>
  <edge xml:id="ne-lnk4" from="ne-n0" to="penn-n11"/>
  <edge xml:id="ne-lnk3" from="ne-n0" to="penn-n10"/>
  <edge xml:id="ne-lnk2" from="ne-n0" to="penn-n9"/>
</graph>
