<graph xmlns="http://www.xces.org/ns/GrAF/1.0/" xmlns:graf="http://www.xces.org/ns/GrAF/1.0/">
  <graphHeader>
    <labelsDecl>
      <labelUsage label="tok" occurs="190"/>
    </labelsDecl>
    <dependencies>
      <dependsOn f.id="f.seg"/>
    </dependencies>
    <annotationSpaces>
      <annotationSpace as.id="anc"/>
    </annotationSpaces>
  </graphHeader>
  <node xml:id="penn-n0">
    <link targets="seg-r0"/>
  </node>
  <a xml:id="penn-N65571" label="tok" ref="penn-n0" as="anc">
    <fs>
      <f name="string" value="Message-"/>
      <f name="msd" value="NNP"/>
      <f name="base" value="message-id"/>
    </fs>
  </a>
  <node xml:id="penn-n1">
    <link targets="seg-r2"/>
  </node>
  <a xml:id="penn-N65599" label="tok" ref="penn-n1" as="anc">
    <fs>
      <f name="string" value=":"/>
      <f name="msd" value=":"/>
      <f name="base" value=":"/>
    </fs>
  </a>
  <node xml:id="penn-n10">
    <link targets="seg-r16"/>
  </node>
  <a xml:id="penn-N65627" label="tok" ref="penn-n10" as="anc">
    <fs>
      <f name="string" value="Nov"/>
      <f name="msd" value="NNP"/>
      <f name="base" value="nov"/>
    </fs>
  </a>
  <node xml:id="penn-n100">
    <link targets="seg-r170"/>
  </node>
  <a xml:id="penn-N65655" label="tok" ref="penn-n100" as="anc">
    <fs>
      <f name="string" value="communicated"/>
      <f name="msd" value="VBN"/>
      <f name="base" value="communicate"/>
    </fs>
  </a>
  <node xml:id="penn-n101">
    <link targets="seg-r171"/>
  </node>
  <a xml:id="penn-N65683" label="tok" ref="penn-n101" as="anc">
    <fs>
      <f name="string" value="&quot;"/>
      <f name="msd" value="''"/>
      <f name="base" value="&quot;"/>
    </fs>
  </a>
  <node xml:id="penn-n102">
    <link targets="seg-r173"/>
  </node>
  <a xml:id="penn-N65711" label="tok" ref="penn-n102" as="anc">
    <fs>
      <f name="string" value="brilliantly"/>
      <f name="msd" value="RB"/>
      <f name="base" value="brilliantly"/>
    </fs>
  </a>
  <node xml:id="penn-n103">
    <link targets="seg-r175"/>
  </node>
  <a xml:id="penn-N65739" label="tok" ref="penn-n103" as="anc">
    <fs>
      <f name="string" value="with"/>
      <f name="msd" value="IN"/>
      <f name="base" value="with"/>
    </fs>
  </a>
  <node xml:id="penn-n104">
    <link targets="seg-r177"/>
  </node>
  <a xml:id="penn-N65767" label="tok" ref="penn-n104" as="anc">
    <fs>
      <f name="string" value="us"/>
      <f name="msd" value="PRP"/>
      <f name="base" value="us"/>
    </fs>
  </a>
  <node xml:id="penn-n105">
    <link targets="seg-r178"/>
  </node>
  <a xml:id="penn-N65795" label="tok" ref="penn-n105" as="anc">
    <fs>
      <f name="string" value=","/>
      <f name="msd" value=","/>
      <f name="base" value=","/>
    </fs>
  </a>
  <node xml:id="penn-n106">
    <link targets="seg-r180"/>
  </node>
  <a xml:id="penn-N65823" label="tok" ref="penn-n106" as="anc">
    <fs>
      <f name="string" value="your"/>
      <f name="msd" value="PRP$"/>
      <f name="base" value="your"/>
    </fs>
  </a>
  <node xml:id="penn-n107">
    <link targets="seg-r182"/>
  </node>
  <a xml:id="penn-N65851" label="tok" ref="penn-n107" as="anc">
    <fs>
      <f name="string" value="fucking"/>
      <f name="msd" value="VBG"/>
      <f name="base" value="fuck"/>
    </fs>
  </a>
  <node xml:id="penn-n108">
    <link targets="seg-r184"/>
  </node>
  <a xml:id="penn-N65879" label="tok" ref="penn-n108" as="anc">
    <fs>
      <f name="string" value="us"/>
      <f name="msd" value="PRP"/>
      <f name="base" value="us"/>
    </fs>
  </a>
  <node xml:id="penn-n109">
    <link targets="seg-r186"/>
  </node>
  <a xml:id="penn-N65907" label="tok" ref="penn-n109" as="anc">
    <fs>
      <f name="string" value="over"/>
      <f name="msd" value="IN"/>
      <f name="base" value="over"/>
    </fs>
  </a>
  <node xml:id="penn-n11">
    <link targets="seg-r18"/>
  </node>
  <a xml:id="penn-N65935" label="tok" ref="penn-n11" as="anc">
    <fs>
      <f name="base" value="2001"/>
      <f name="string" value="2001"/>
      <f name="msd" value="CD"/>
    </fs>
  </a>
  <node xml:id="penn-n110">
    <link targets="seg-r188"/>
  </node>
  <a xml:id="penn-N65963" label="tok" ref="penn-n110" as="anc">
    <fs>
      <f name="string" value="was"/>
      <f name="msd" value="VBD"/>
      <f name="base" value="be"/>
    </fs>
  </a>
  <node xml:id="penn-n111">
    <link targets="seg-r190"/>
  </node>
  <a xml:id="penn-N65991" label="tok" ref="penn-n111" as="anc">
    <fs>
      <f name="string" value="&quot;"/>
      <f name="msd" value="''"/>
      <f name="base" value="&quot;"/>
    </fs>
  </a>
  <node xml:id="penn-n112">
    <link targets="seg-r191"/>
  </node>
  <a xml:id="penn-N66019" label="tok" ref="penn-n112" as="anc">
    <fs>
      <f name="string" value="excellent"/>
      <f name="msd" value="JJ"/>
      <f name="base" value="excellent"/>
    </fs>
  </a>
  <node xml:id="penn-n113">
    <link targets="seg-r192"/>
  </node>
  <a xml:id="penn-N66047" label="tok" ref="penn-n113" as="anc">
    <fs>
      <f name="string" value="&quot;"/>
      <f name="msd" value="''"/>
      <f name="base" value="&quot;"/>
    </fs>
  </a>
  <node xml:id="penn-n114">
    <link targets="seg-r193"/>
  </node>
  <a xml:id="penn-N66075" label="tok" ref="penn-n114" as="anc">
    <fs>
      <f name="string" value=","/>
      <f name="msd" value=","/>
      <f name="base" value=","/>
    </fs>
  </a>
  <node xml:id="penn-n115">
    <link targets="seg-r195"/>
  </node>
  <a xml:id="penn-N66103" label="tok" ref="penn-n115" as="anc">
    <fs>
      <f name="string" value="your"/>
      <f name="msd" value="PRP$"/>
      <f name="base" value="your"/>
    </fs>
  </a>
  <node xml:id="penn-n116">
    <link targets="seg-r197"/>
  </node>
  <a xml:id="penn-N66131" label="tok" ref="penn-n116" as="anc">
    <fs>
      <f name="string" value="&quot;"/>
      <f name="msd" value="''"/>
      <f name="base" value="&quot;"/>
    </fs>
  </a>
  <node xml:id="penn-n117">
    <link targets="seg-r198"/>
  </node>
  <a xml:id="penn-N66159" label="tok" ref="penn-n117" as="anc">
    <fs>
      <f name="string" value="integrity"/>
      <f name="msd" value="NN"/>
      <f name="base" value="integrity"/>
    </fs>
  </a>
  <node xml:id="penn-n118">
    <link targets="seg-r199"/>
  </node>
  <a xml:id="penn-N66187" label="tok" ref="penn-n118" as="anc">
    <fs>
      <f name="string" value="&quot;"/>
      <f name="msd" value="''"/>
      <f name="base" value="&quot;"/>
    </fs>
  </a>
  <node xml:id="penn-n119">
    <link targets="seg-r201"/>
  </node>
  <a xml:id="penn-N66215" label="tok" ref="penn-n119" as="anc">
    <fs>
      <f name="string" value="was"/>
      <f name="msd" value="VBD"/>
      <f name="base" value="be"/>
    </fs>
  </a>
  <node xml:id="penn-n12">
    <link targets="seg-r20"/>
  </node>
  <a xml:id="penn-N66243" label="tok" ref="penn-n12" as="anc">
    <fs>
      <f name="msd" value="NN"/>
      <f name="string" value="07:29:18"/>
      <f name="base" value="07:29:18"/>
    </fs>
  </a>
  <node xml:id="penn-n120">
    <link targets="seg-r203"/>
  </node>
  <a xml:id="penn-N66271" label="tok" ref="penn-n120" as="anc">
    <fs>
      <f name="string" value="without"/>
      <f name="msd" value="IN"/>
      <f name="base" value="without"/>
    </fs>
  </a>
  <node xml:id="penn-n121">
    <link targets="seg-r205"/>
  </node>
  <a xml:id="penn-N66299" label="tok" ref="penn-n121" as="anc">
    <fs>
      <f name="string" value="question"/>
      <f name="msd" value="NN"/>
      <f name="base" value="question"/>
    </fs>
  </a>
  <node xml:id="penn-n122">
    <link targets="seg-r207"/>
  </node>
  <a xml:id="penn-N66327" label="tok" ref="penn-n122" as="anc">
    <fs>
      <f name="string" value="You"/>
      <f name="msd" value="PRP"/>
      <f name="base" value="you"/>
    </fs>
  </a>
  <node xml:id="penn-n123">
    <link targets="seg-r209"/>
  </node>
  <a xml:id="penn-N66355" label="tok" ref="penn-n123" as="anc">
    <fs>
      <f name="string" value="load"/>
      <f name="msd" value="NN"/>
      <f name="base" value="load"/>
    </fs>
  </a>
  <node xml:id="penn-n124">
    <link targets="seg-r211"/>
  </node>
  <a xml:id="penn-N66383" label="tok" ref="penn-n124" as="anc">
    <fs>
      <f name="string" value="of"/>
      <f name="msd" value="IN"/>
      <f name="base" value="of"/>
    </fs>
  </a>
  <node xml:id="penn-n125">
    <link targets="seg-r213"/>
  </node>
  <a xml:id="penn-N66411" label="tok" ref="penn-n125" as="anc">
    <fs>
      <f name="string" value="bastards"/>
      <f name="msd" value="NNS"/>
      <f name="base" value="bastard"/>
    </fs>
  </a>
  <node xml:id="penn-n126">
    <link targets="seg-r215"/>
  </node>
  <a xml:id="penn-N66439" label="tok" ref="penn-n126" as="anc">
    <fs>
      <f name="string" value="-"/>
      <f name="msd" value=":"/>
      <f name="base" value="-"/>
    </fs>
  </a>
  <node xml:id="penn-n127">
    <link targets="seg-r217"/>
  </node>
  <a xml:id="penn-N66471" label="tok" ref="penn-n127" as="anc">
    <fs>
      <f name="string" value="you"/>
      <f name="msd" value="PRP"/>
      <f name="base" value="you"/>
    </fs>
  </a>
  <node xml:id="penn-n128">
    <link targets="seg-r219"/>
  </node>
  <a xml:id="penn-N66499" label="tok" ref="penn-n128" as="anc">
    <fs>
      <f name="string" value="screwed"/>
      <f name="msd" value="VBD"/>
      <f name="base" value="screw"/>
    </fs>
  </a>
  <node xml:id="penn-n129">
    <link targets="seg-r221"/>
  </node>
  <a xml:id="penn-N66527" label="tok" ref="penn-n129" as="anc">
    <fs>
      <f name="string" value="us"/>
      <f name="msd" value="PRP"/>
      <f name="base" value="us"/>
    </fs>
  </a>
  <node xml:id="penn-n13">
    <link targets="seg-r22"/>
  </node>
  <a xml:id="penn-N66555" label="tok" ref="penn-n13" as="anc">
    <fs>
      <f name="string" value="-"/>
      <f name="msd" value=":"/>
      <f name="base" value="-"/>
    </fs>
  </a>
  <node xml:id="penn-n130">
    <link targets="seg-r223"/>
  </node>
  <a xml:id="penn-N66587" label="tok" ref="penn-n130" as="anc">
    <fs>
      <f name="string" value="all"/>
      <f name="msd" value="DT"/>
      <f name="base" value="all"/>
    </fs>
  </a>
  <node xml:id="penn-n131">
    <link targets="seg-r225"/>
  </node>
  <a xml:id="penn-N66615" label="tok" ref="penn-n131" as="anc">
    <fs>
      <f name="string" value="and"/>
      <f name="msd" value="CC"/>
      <f name="base" value="and"/>
    </fs>
  </a>
  <node xml:id="penn-n132">
    <link targets="seg-r227"/>
  </node>
  <a xml:id="penn-N66643" label="tok" ref="penn-n132" as="anc">
    <fs>
      <f name="string" value="got"/>
      <f name="msd" value="VBD"/>
      <f name="base" value="get"/>
    </fs>
  </a>
  <node xml:id="penn-n133">
    <link targets="seg-r229"/>
  </node>
  <a xml:id="penn-N66671" label="tok" ref="penn-n133" as="anc">
    <fs>
      <f name="string" value="fat"/>
      <f name="msd" value="JJ"/>
      <f name="base" value="fat"/>
    </fs>
  </a>
  <node xml:id="penn-n134">
    <link targets="seg-r231"/>
  </node>
  <a xml:id="penn-N66699" label="tok" ref="penn-n134" as="anc">
    <fs>
      <f name="string" value="on"/>
      <f name="msd" value="IN"/>
      <f name="base" value="on"/>
    </fs>
  </a>
  <node xml:id="penn-n135">
    <link targets="seg-r233"/>
  </node>
  <a xml:id="penn-N66727" label="tok" ref="penn-n135" as="anc">
    <fs>
      <f name="string" value="the"/>
      <f name="msd" value="DT"/>
      <f name="base" value="the"/>
    </fs>
  </a>
  <node xml:id="penn-n136">
    <link targets="seg-r235"/>
  </node>
  <a xml:id="penn-N66755" label="tok" ref="penn-n136" as="anc">
    <fs>
      <f name="string" value="profits"/>
      <f name="msd" value="NNS"/>
      <f name="base" value="profit"/>
    </fs>
  </a>
  <node xml:id="penn-n137">
    <link targets="seg-r237"/>
  </node>
  <a xml:id="penn-N66783" label="tok" ref="penn-n137" as="anc">
    <fs>
      <f name="string" value="of"/>
      <f name="msd" value="IN"/>
      <f name="base" value="of"/>
    </fs>
  </a>
  <node xml:id="penn-n138">
    <link targets="seg-r239"/>
  </node>
  <a xml:id="penn-N66811" label="tok" ref="penn-n138" as="anc">
    <fs>
      <f name="string" value="our"/>
      <f name="msd" value="PRP$"/>
      <f name="base" value="our"/>
    </fs>
  </a>
  <node xml:id="penn-n139">
    <link targets="seg-r241"/>
  </node>
  <a xml:id="penn-N66839" label="tok" ref="penn-n139" as="anc">
    <fs>
      <f name="string" value="sweat"/>
      <f name="msd" value="NN"/>
      <f name="base" value="sweat"/>
    </fs>
  </a>
  <node xml:id="penn-n14">
    <link targets="seg-r23"/>
  </node>
  <a xml:id="penn-N66867" label="tok" ref="penn-n14" as="anc">
    <fs>
      <f name="base" value="0800"/>
      <f name="string" value="0800"/>
      <f name="msd" value="CD"/>
    </fs>
  </a>
  <node xml:id="penn-n140">
    <link targets="seg-r243"/>
  </node>
  <a xml:id="penn-N66895" label="tok" ref="penn-n140" as="anc">
    <fs>
      <f name="string" value="I"/>
      <f name="msd" value="PRP"/>
      <f name="base" value="i"/>
    </fs>
  </a>
  <node xml:id="penn-n141">
    <link targets="seg-r245"/>
  </node>
  <a xml:id="penn-N66923" label="tok" ref="penn-n141" as="anc">
    <fs>
      <f name="string" value="hope"/>
      <f name="msd" value="VBP"/>
      <f name="base" value="hope"/>
    </fs>
  </a>
  <node xml:id="penn-n142">
    <link targets="seg-r247"/>
  </node>
  <a xml:id="penn-N66951" label="tok" ref="penn-n142" as="anc">
    <fs>
      <f name="string" value="that"/>
      <f name="msd" value="IN"/>
      <f name="base" value="that"/>
    </fs>
  </a>
  <node xml:id="penn-n143">
    <link targets="seg-r249"/>
  </node>
  <a xml:id="penn-N66979" label="tok" ref="penn-n143" as="anc">
    <fs>
      <f name="string" value="the"/>
      <f name="msd" value="DT"/>
      <f name="base" value="the"/>
    </fs>
  </a>
  <node xml:id="penn-n144">
    <link targets="seg-r251"/>
  </node>
  <a xml:id="penn-N67007" label="tok" ref="penn-n144" as="anc">
    <fs>
      <f name="string" value="board"/>
      <f name="msd" value="NN"/>
      <f name="base" value="board"/>
    </fs>
  </a>
  <node xml:id="penn-n145">
    <link targets="seg-r253"/>
  </node>
  <a xml:id="penn-N67035" label="tok" ref="penn-n145" as="anc">
    <fs>
      <f name="string" value="and"/>
      <f name="msd" value="CC"/>
      <f name="base" value="and"/>
    </fs>
  </a>
  <node xml:id="penn-n146">
    <link targets="seg-r255"/>
  </node>
  <a xml:id="penn-N67063" label="tok" ref="penn-n146" as="anc">
    <fs>
      <f name="string" value="upper"/>
      <f name="msd" value="JJ"/>
      <f name="base" value="upper"/>
    </fs>
  </a>
  <node xml:id="penn-n147">
    <link targets="seg-r257"/>
  </node>
  <a xml:id="penn-N67091" label="tok" ref="penn-n147" as="anc">
    <fs>
      <f name="string" value="management"/>
      <f name="msd" value="NN"/>
      <f name="base" value="management"/>
    </fs>
  </a>
  <node xml:id="penn-n148">
    <link targets="seg-r259"/>
  </node>
  <a xml:id="penn-N67119" label="tok" ref="penn-n148" as="anc">
    <fs>
      <f name="string" value="rot"/>
      <f name="msd" value="NN"/>
      <f name="base" value="rot"/>
    </fs>
  </a>
  <node xml:id="penn-n149">
    <link targets="seg-r261"/>
  </node>
  <a xml:id="penn-N67147" label="tok" ref="penn-n149" as="anc">
    <fs>
      <f name="string" value="in"/>
      <f name="msd" value="IN"/>
      <f name="base" value="in"/>
    </fs>
  </a>
  <node xml:id="penn-n15">
    <link targets="seg-r25"/>
  </node>
  <a xml:id="penn-N67175" label="tok" ref="penn-n15" as="anc">
    <fs>
      <f name="string" value="("/>
      <f name="msd" value="("/>
      <f name="base" value="("/>
    </fs>
  </a>
  <node xml:id="penn-n150">
    <link targets="seg-r263"/>
  </node>
  <a xml:id="penn-N67207" label="tok" ref="penn-n150" as="anc">
    <fs>
      <f name="string" value="jail"/>
      <f name="msd" value="NN"/>
      <f name="base" value="jail"/>
    </fs>
  </a>
  <node xml:id="penn-n151">
    <link targets="seg-r265"/>
  </node>
  <a xml:id="penn-N67235" label="tok" ref="penn-n151" as="anc">
    <fs>
      <f name="string" value="and"/>
      <f name="msd" value="CC"/>
      <f name="base" value="and"/>
    </fs>
  </a>
  <node xml:id="penn-n152">
    <link targets="seg-r267"/>
  </node>
  <a xml:id="penn-N67263" label="tok" ref="penn-n152" as="anc">
    <fs>
      <f name="string" value="never"/>
      <f name="msd" value="RB"/>
      <f name="base" value="never"/>
    </fs>
  </a>
  <node xml:id="penn-n153">
    <link targets="seg-r269"/>
  </node>
  <a xml:id="penn-N67291" label="tok" ref="penn-n153" as="anc">
    <fs>
      <f name="string" value="see"/>
      <f name="msd" value="VB"/>
      <f name="base" value="see"/>
    </fs>
  </a>
  <node xml:id="penn-n154">
    <link targets="seg-r271"/>
  </node>
  <a xml:id="penn-N67319" label="tok" ref="penn-n154" as="anc">
    <fs>
      <f name="string" value="the"/>
      <f name="msd" value="DT"/>
      <f name="base" value="the"/>
    </fs>
  </a>
  <node xml:id="penn-n155">
    <link targets="seg-r273"/>
  </node>
  <a xml:id="penn-N67347" label="tok" ref="penn-n155" as="anc">
    <fs>
      <f name="string" value="light"/>
      <f name="msd" value="NN"/>
      <f name="base" value="light"/>
    </fs>
  </a>
  <node xml:id="penn-n156">
    <link targets="seg-r275"/>
  </node>
  <a xml:id="penn-N67375" label="tok" ref="penn-n156" as="anc">
    <fs>
      <f name="string" value="of"/>
      <f name="msd" value="IN"/>
      <f name="base" value="of"/>
    </fs>
  </a>
  <node xml:id="penn-n157">
    <link targets="seg-r277"/>
  </node>
  <a xml:id="penn-N67403" label="tok" ref="penn-n157" as="anc">
    <fs>
      <f name="string" value="day"/>
      <f name="msd" value="NN"/>
      <f name="base" value="day"/>
    </fs>
  </a>
  <node xml:id="penn-n158">
    <link targets="seg-r279"/>
  </node>
  <a xml:id="penn-N67431" label="tok" ref="penn-n158" as="anc">
    <fs>
      <f name="string" value="again"/>
      <f name="msd" value="RB"/>
      <f name="base" value="again"/>
    </fs>
  </a>
  <node xml:id="penn-n159">
    <link targets="seg-r281"/>
  </node>
  <a xml:id="penn-N67459" label="tok" ref="penn-n159" as="anc">
    <fs>
      <f name="string" value="-"/>
      <f name="msd" value=":"/>
      <f name="base" value="-"/>
    </fs>
  </a>
  <node xml:id="penn-n16">
    <link targets="seg-r26"/>
  </node>
  <a xml:id="penn-N67491" label="tok" ref="penn-n16" as="anc">
    <fs>
      <f name="string" value="PST"/>
      <f name="msd" value="NNP"/>
      <f name="base" value="pst"/>
    </fs>
  </a>
  <node xml:id="penn-n160">
    <link targets="seg-r283"/>
  </node>
  <a xml:id="penn-N67519" label="tok" ref="penn-n160" as="anc">
    <fs>
      <f name="string" value="apart"/>
      <f name="msd" value="RB"/>
      <f name="base" value="apart"/>
    </fs>
  </a>
  <node xml:id="penn-n161">
    <link targets="seg-r285"/>
  </node>
  <a xml:id="penn-N67547" label="tok" ref="penn-n161" as="anc">
    <fs>
      <f name="string" value="from"/>
      <f name="msd" value="IN"/>
      <f name="base" value="from"/>
    </fs>
  </a>
  <node xml:id="penn-n162">
    <link targets="seg-r287"/>
  </node>
  <a xml:id="penn-N67575" label="tok" ref="penn-n162" as="anc">
    <fs>
      <f name="string" value="when"/>
      <f name="msd" value="WRB"/>
      <f name="base" value="when"/>
    </fs>
  </a>
  <node xml:id="penn-n163">
    <link targets="seg-r289"/>
  </node>
  <a xml:id="penn-N67603" label="tok" ref="penn-n163" as="anc">
    <fs>
      <f name="string" value="you"/>
      <f name="msd" value="PRP"/>
      <f name="base" value="you"/>
    </fs>
  </a>
  <node xml:id="penn-n164">
    <link targets="seg-r291"/>
  </node>
  <a xml:id="penn-N67631" label="tok" ref="penn-n164" as="anc">
    <fs>
      <f name="string" value="are"/>
      <f name="msd" value="VBP"/>
      <f name="base" value="be"/>
    </fs>
  </a>
  <node xml:id="penn-n165">
    <link targets="seg-r293"/>
  </node>
  <a xml:id="penn-N67659" label="tok" ref="penn-n165" as="anc">
    <fs>
      <f name="string" value="exercising"/>
      <f name="msd" value="VBG"/>
      <f name="base" value="exercise"/>
    </fs>
  </a>
  <node xml:id="penn-n166">
    <link targets="seg-r295"/>
  </node>
  <a xml:id="penn-N67687" label="tok" ref="penn-n166" as="anc">
    <fs>
      <f name="string" value="in"/>
      <f name="msd" value="IN"/>
      <f name="base" value="in"/>
    </fs>
  </a>
  <node xml:id="penn-n167">
    <link targets="seg-r297"/>
  </node>
  <a xml:id="penn-N67715" label="tok" ref="penn-n167" as="anc">
    <fs>
      <f name="string" value="the"/>
      <f name="msd" value="DT"/>
      <f name="base" value="the"/>
    </fs>
  </a>
  <node xml:id="penn-n168">
    <link targets="seg-r299"/>
  </node>
  <a xml:id="penn-N67743" label="tok" ref="penn-n168" as="anc">
    <fs>
      <f name="string" value="open"/>
      <f name="msd" value="JJ"/>
      <f name="base" value="open"/>
    </fs>
  </a>
  <node xml:id="penn-n169">
    <link targets="seg-r301"/>
  </node>
  <a xml:id="penn-N67771" label="tok" ref="penn-n169" as="anc">
    <fs>
      <f name="string" value="prison"/>
      <f name="msd" value="NN"/>
      <f name="base" value="prison"/>
    </fs>
  </a>
  <node xml:id="penn-n17">
    <link targets="seg-r27"/>
  </node>
  <a xml:id="penn-N67799" label="tok" ref="penn-n17" as="anc">
    <fs>
      <f name="string" value=")"/>
      <f name="msd" value=")"/>
      <f name="base" value=")"/>
    </fs>
  </a>
  <node xml:id="penn-n170">
    <link targets="seg-r303"/>
  </node>
  <a xml:id="penn-N67831" label="tok" ref="penn-n170" as="anc">
    <fs>
      <f name="string" value="yard"/>
      <f name="msd" value="NN"/>
      <f name="base" value="yard"/>
    </fs>
  </a>
  <node xml:id="penn-n171">
    <link targets="seg-r305"/>
  </node>
  <a xml:id="penn-N67859" label="tok" ref="penn-n171" as="anc">
    <fs>
      <f name="string" value="in"/>
      <f name="msd" value="IN"/>
      <f name="base" value="in"/>
    </fs>
  </a>
  <node xml:id="penn-n172">
    <link targets="seg-r307"/>
  </node>
  <a xml:id="penn-N67887" label="tok" ref="penn-n172" as="anc">
    <fs>
      <f name="string" value="your"/>
      <f name="msd" value="PRP$"/>
      <f name="base" value="your"/>
    </fs>
  </a>
  <node xml:id="penn-n173">
    <link targets="seg-r309"/>
  </node>
  <a xml:id="penn-N67915" label="tok" ref="penn-n173" as="anc">
    <fs>
      <f name="string" value="shackles"/>
      <f name="msd" value="NNS"/>
      <f name="base" value="shackle"/>
    </fs>
  </a>
  <node xml:id="penn-n174">
    <link targets="seg-r311"/>
  </node>
  <a xml:id="penn-N67943" label="tok" ref="penn-n174" as="anc">
    <fs>
      <f name="string" value="Just"/>
      <f name="msd" value="RB"/>
      <f name="base" value="just"/>
    </fs>
  </a>
  <node xml:id="penn-n175">
    <link targets="seg-r313"/>
  </node>
  <a xml:id="penn-N67971" label="tok" ref="penn-n175" as="anc">
    <fs>
      <f name="string" value="Another"/>
      <f name="msd" value="DT"/>
      <f name="base" value="another"/>
    </fs>
  </a>
  <node xml:id="penn-n176">
    <link targets="seg-r315"/>
  </node>
  <a xml:id="penn-N67999" label="tok" ref="penn-n176" as="anc">
    <fs>
      <f name="string" value="Fucked"/>
      <f name="msd" value="NNP"/>
      <f name="base" value="fuck"/>
    </fs>
  </a>
  <node xml:id="penn-n177">
    <link targets="seg-r317"/>
  </node>
  <a xml:id="penn-N68027" label="tok" ref="penn-n177" as="anc">
    <fs>
      <f name="string" value="Over"/>
      <f name="msd" value="IN"/>
      <f name="base" value="over"/>
    </fs>
  </a>
  <node xml:id="penn-n178">
    <link targets="seg-r319"/>
  </node>
  <a xml:id="penn-N68055" label="tok" ref="penn-n178" as="anc">
    <fs>
      <f name="string" value="Ex-"/>
      <f name="msd" value="NNP"/>
      <f name="base" value="ex-"/>
    </fs>
  </a>
  <node xml:id="penn-n179">
    <link targets="seg-r320"/>
  </node>
  <a xml:id="penn-N68083" label="tok" ref="penn-n179" as="anc">
    <fs>
      <f name="string" value="Employee"/>
      <f name="msd" value="NNP"/>
      <f name="base" value="employee"/>
    </fs>
  </a>
  <node xml:id="penn-n18">
    <link targets="seg-r29"/>
  </node>
  <a xml:id="penn-N68111" label="tok" ref="penn-n18" as="anc">
    <fs>
      <f name="string" value="From"/>
      <f name="msd" value="IN"/>
      <f name="base" value="from"/>
    </fs>
  </a>
  <node xml:id="penn-n180">
    <link targets="seg-r322"/>
  </node>
  <a xml:id="penn-N68139" label="tok" ref="penn-n180" as="anc">
    <fs>
      <f name="string" value="_________________________________________________________________"/>
      <f name="msd" value="NN"/>
      <f name="base" value="_________________________________________________________________"/>
    </fs>
  </a>
  <node xml:id="penn-n181">
    <link targets="seg-r324"/>
  </node>
  <a xml:id="penn-N68167" label="tok" ref="penn-n181" as="anc">
    <fs>
      <f name="string" value="Get"/>
      <f name="msd" value="VB"/>
      <f name="base" value="get"/>
    </fs>
  </a>
  <node xml:id="penn-n182">
    <link targets="seg-r326"/>
  </node>
  <a xml:id="penn-N68195" label="tok" ref="penn-n182" as="anc">
    <fs>
      <f name="string" value="your"/>
      <f name="msd" value="PRP$"/>
      <f name="base" value="your"/>
    </fs>
  </a>
  <node xml:id="penn-n183">
    <link targets="seg-r328"/>
  </node>
  <a xml:id="penn-N68223" label="tok" ref="penn-n183" as="anc">
    <fs>
      <f name="string" value="FREE"/>
      <f name="msd" value="NNP"/>
      <f name="base" value="free"/>
    </fs>
  </a>
  <node xml:id="penn-n184">
    <link targets="seg-r330"/>
  </node>
  <a xml:id="penn-N68251" label="tok" ref="penn-n184" as="anc">
    <fs>
      <f name="string" value="download"/>
      <f name="msd" value="NN"/>
      <f name="base" value="download"/>
    </fs>
  </a>
  <node xml:id="penn-n185">
    <link targets="seg-r332"/>
  </node>
  <a xml:id="penn-N68279" label="tok" ref="penn-n185" as="anc">
    <fs>
      <f name="string" value="of"/>
      <f name="msd" value="IN"/>
      <f name="base" value="of"/>
    </fs>
  </a>
  <node xml:id="penn-n186">
    <link targets="seg-r334"/>
  </node>
  <a xml:id="penn-N68307" label="tok" ref="penn-n186" as="anc">
    <fs>
      <f name="string" value="MSN"/>
      <f name="msd" value="NNP"/>
      <f name="base" value="msn"/>
    </fs>
  </a>
  <node xml:id="penn-n187">
    <link targets="seg-r336"/>
  </node>
  <a xml:id="penn-N68335" label="tok" ref="penn-n187" as="anc">
    <fs>
      <f name="string" value="Explorer"/>
      <f name="msd" value="NNP"/>
      <f name="base" value="explorer"/>
    </fs>
  </a>
  <node xml:id="penn-n188">
    <link targets="seg-r338"/>
  </node>
  <a xml:id="penn-N68363" label="tok" ref="penn-n188" as="anc">
    <fs>
      <f name="string" value="at"/>
      <f name="msd" value="IN"/>
      <f name="base" value="at"/>
    </fs>
  </a>
  <node xml:id="penn-n189">
    <link targets="seg-r340"/>
  </node>
  <a xml:id="penn-N68391" label="tok" ref="penn-n189" as="anc">
    <fs>
      <f name="msd" value="NN"/>
      <f name="string" value="http://explorer.msn.com/intl.asp"/>
    </fs>
  </a>
  <node xml:id="penn-n19">
    <link targets="seg-r30"/>
  </node>
  <a xml:id="penn-N68415" label="tok" ref="penn-n19" as="anc">
    <fs>
      <f name="string" value=":"/>
      <f name="msd" value=":"/>
      <f name="base" value=":"/>
    </fs>
  </a>
  <node xml:id="penn-n2">
    <link targets="seg-r4"/>
  </node>
  <a xml:id="penn-N68443" label="tok" ref="penn-n2" as="anc">
    <fs>
      <f name="string" value="&lt;"/>
      <f name="msd" value="NN"/>
      <f name="base" value="&lt;"/>
    </fs>
  </a>
  <node xml:id="penn-n20">
    <link targets="seg-r32"/>
  </node>
  <a xml:id="penn-N68471" label="tok" ref="penn-n20" as="anc">
    <fs>
      <f name="msd" value="NN"/>
      <f name="string" value="exenron@hotmail.com"/>
    </fs>
  </a>
  <node xml:id="penn-n21">
    <link targets="seg-r34"/>
  </node>
  <a xml:id="penn-N68495" label="tok" ref="penn-n21" as="anc">
    <fs>
      <f name="string" value="To"/>
      <f name="msd" value="TO"/>
      <f name="base" value="to"/>
    </fs>
  </a>
  <node xml:id="penn-n22">
    <link targets="seg-r35"/>
  </node>
  <a xml:id="penn-N68523" label="tok" ref="penn-n22" as="anc">
    <fs>
      <f name="string" value=":"/>
      <f name="msd" value=":"/>
      <f name="base" value=":"/>
    </fs>
  </a>
  <node xml:id="penn-n23">
    <link targets="seg-r37"/>
  </node>
  <a xml:id="penn-N68551" label="tok" ref="penn-n23" as="anc">
    <fs>
      <f name="msd" value="NN"/>
      <f name="string" value="kenneth.lay@enron.com"/>
    </fs>
  </a>
  <node xml:id="penn-n24">
    <link targets="seg-r38"/>
  </node>
  <a xml:id="penn-N68575" label="tok" ref="penn-n24" as="anc">
    <fs>
      <f name="string" value=","/>
      <f name="msd" value=","/>
      <f name="base" value=","/>
    </fs>
  </a>
  <node xml:id="penn-n25">
    <link targets="seg-r40"/>
  </node>
  <a xml:id="penn-N68603" label="tok" ref="penn-n25" as="anc">
    <fs>
      <f name="msd" value="NN"/>
      <f name="string" value="mark.pickering@enron.com"/>
    </fs>
  </a>
  <node xml:id="penn-n26">
    <link targets="seg-r41"/>
  </node>
  <a xml:id="penn-N68627" label="tok" ref="penn-n26" as="anc">
    <fs>
      <f name="string" value=","/>
      <f name="msd" value=","/>
      <f name="base" value=","/>
    </fs>
  </a>
  <node xml:id="penn-n27">
    <link targets="seg-r43"/>
  </node>
  <a xml:id="penn-N68655" label="tok" ref="penn-n27" as="anc">
    <fs>
      <f name="msd" value="NN"/>
      <f name="string" value="beth.perlman@enron.com"/>
    </fs>
  </a>
  <node xml:id="penn-n28">
    <link targets="seg-r45"/>
  </node>
  <a xml:id="penn-N68679" label="tok" ref="penn-n28" as="anc">
    <fs>
      <f name="string" value="Subject"/>
      <f name="msd" value="NNP"/>
      <f name="base" value="subject"/>
    </fs>
  </a>
  <node xml:id="penn-n29">
    <link targets="seg-r46"/>
  </node>
  <a xml:id="penn-N68707" label="tok" ref="penn-n29" as="anc">
    <fs>
      <f name="string" value=":"/>
      <f name="msd" value=":"/>
      <f name="base" value=":"/>
    </fs>
  </a>
  <node xml:id="penn-n3">
    <link targets="seg-r5"/>
  </node>
  <a xml:id="penn-N68735" label="tok" ref="penn-n3" as="anc">
    <fs>
      <f name="string" value="28168211.1075860837271.JavaMail.evans@thyme"/>
      <f name="msd" value="NN"/>
      <f name="base" value="28168211.1075860837271.javamail.evans@thyme"/>
    </fs>
  </a>
  <node xml:id="penn-n30">
    <link targets="seg-r48"/>
  </node>
  <a xml:id="penn-N68763" label="tok" ref="penn-n30" as="anc">
    <fs>
      <f name="string" value="Thank"/>
      <f name="msd" value="VB"/>
      <f name="base" value="thank"/>
    </fs>
  </a>
  <node xml:id="penn-n31">
    <link targets="seg-r50"/>
  </node>
  <a xml:id="penn-N68791" label="tok" ref="penn-n31" as="anc">
    <fs>
      <f name="string" value="you"/>
      <f name="msd" value="PRP"/>
      <f name="base" value="you"/>
    </fs>
  </a>
  <node xml:id="penn-n32">
    <link targets="seg-r52"/>
  </node>
  <a xml:id="penn-N68819" label="tok" ref="penn-n32" as="anc">
    <fs>
      <f name="string" value="all"/>
      <f name="msd" value="DT"/>
      <f name="base" value="all"/>
    </fs>
  </a>
  <node xml:id="penn-n33">
    <link targets="seg-r54"/>
  </node>
  <a xml:id="penn-N68847" label="tok" ref="penn-n33" as="anc">
    <fs>
      <f name="string" value="very"/>
      <f name="msd" value="RB"/>
      <f name="base" value="very"/>
    </fs>
  </a>
  <node xml:id="penn-n34">
    <link targets="seg-r56"/>
  </node>
  <a xml:id="penn-N68875" label="tok" ref="penn-n34" as="anc">
    <fs>
      <f name="string" value="much"/>
      <f name="msd" value="RB"/>
      <f name="base" value="much"/>
    </fs>
  </a>
  <node xml:id="penn-n35">
    <link targets="seg-r58"/>
  </node>
  <a xml:id="penn-N68903" label="tok" ref="penn-n35" as="anc">
    <fs>
      <f name="string" value="for"/>
      <f name="msd" value="IN"/>
      <f name="base" value="for"/>
    </fs>
  </a>
  <node xml:id="penn-n36">
    <link targets="seg-r60"/>
  </node>
  <a xml:id="penn-N68931" label="tok" ref="penn-n36" as="anc">
    <fs>
      <f name="string" value="your"/>
      <f name="msd" value="PRP$"/>
      <f name="base" value="your"/>
    </fs>
  </a>
  <node xml:id="penn-n37">
    <link targets="seg-r62"/>
  </node>
  <a xml:id="penn-N68959" label="tok" ref="penn-n37" as="anc">
    <fs>
      <f name="string" value="support"/>
      <f name="msd" value="NN"/>
      <f name="base" value="support"/>
    </fs>
  </a>
  <node xml:id="penn-n38">
    <link targets="seg-r64"/>
  </node>
  <a xml:id="penn-N68987" label="tok" ref="penn-n38" as="anc">
    <fs>
      <f name="string" value="-"/>
      <f name="msd" value=":"/>
      <f name="base" value="-"/>
    </fs>
  </a>
  <node xml:id="penn-n39">
    <link targets="seg-r66"/>
  </node>
  <a xml:id="penn-N69019" label="tok" ref="penn-n39" as="anc">
    <fs>
      <f name="string" value="NOT"/>
      <f name="msd" value="NNP"/>
      <f name="base" value="not"/>
    </fs>
  </a>
  <node xml:id="penn-n4">
    <link targets="seg-r6"/>
  </node>
  <a xml:id="penn-N69047" label="tok" ref="penn-n4" as="anc">
    <fs>
      <f name="string" value="&gt;"/>
      <f name="msd" value="NN"/>
      <f name="base" value="&gt;"/>
    </fs>
  </a>
  <node xml:id="penn-n40">
    <link targets="seg-r67"/>
  </node>
  <a xml:id="penn-N69075" label="tok" ref="penn-n40" as="anc">
    <fs>
      <f name="string" value="!"/>
      <f name="msd" value="."/>
      <f name="base" value="!"/>
    </fs>
  </a>
  <node xml:id="penn-n41">
    <link targets="seg-r69"/>
  </node>
  <a xml:id="penn-N69103" label="tok" ref="penn-n41" as="anc">
    <fs>
      <f name="string" value="Mime-"/>
      <f name="msd" value="NNP"/>
      <f name="base" value="mime-"/>
    </fs>
  </a>
  <node xml:id="penn-n42">
    <link targets="seg-r70"/>
  </node>
  <a xml:id="penn-N69131" label="tok" ref="penn-n42" as="anc">
    <fs>
      <f name="string" value="Version"/>
      <f name="msd" value="NNP"/>
      <f name="base" value="version"/>
    </fs>
  </a>
  <node xml:id="penn-n43">
    <link targets="seg-r71"/>
  </node>
  <a xml:id="penn-N69159" label="tok" ref="penn-n43" as="anc">
    <fs>
      <f name="string" value=":"/>
      <f name="msd" value=":"/>
      <f name="base" value=":"/>
    </fs>
  </a>
  <node xml:id="penn-n44">
    <link targets="seg-r73"/>
  </node>
  <a xml:id="penn-N69187" label="tok" ref="penn-n44" as="anc">
    <fs>
      <f name="base" value="1.0"/>
      <f name="string" value="1.0"/>
      <f name="msd" value="CD"/>
    </fs>
  </a>
  <node xml:id="penn-n45">
    <link targets="seg-r75"/>
  </node>
  <a xml:id="penn-N69215" label="tok" ref="penn-n45" as="anc">
    <fs>
      <f name="string" value="Content-"/>
      <f name="msd" value="NNP"/>
      <f name="base" value="content-"/>
    </fs>
  </a>
  <node xml:id="penn-n46">
    <link targets="seg-r76"/>
  </node>
  <a xml:id="penn-N69243" label="tok" ref="penn-n46" as="anc">
    <fs>
      <f name="string" value="Type"/>
      <f name="msd" value="NNP"/>
      <f name="base" value="type"/>
    </fs>
  </a>
  <node xml:id="penn-n47">
    <link targets="seg-r77"/>
  </node>
  <a xml:id="penn-N69271" label="tok" ref="penn-n47" as="anc">
    <fs>
      <f name="string" value=":"/>
      <f name="msd" value=":"/>
      <f name="base" value=":"/>
    </fs>
  </a>
  <node xml:id="penn-n48">
    <link targets="seg-r79"/>
  </node>
  <a xml:id="penn-N69299" label="tok" ref="penn-n48" as="anc">
    <fs>
      <f name="string" value="text"/>
      <f name="msd" value="NN"/>
      <f name="base" value="text"/>
    </fs>
  </a>
  <node xml:id="penn-n49">
    <link targets="seg-r80"/>
  </node>
  <a xml:id="penn-N69327" label="tok" ref="penn-n49" as="anc">
    <fs>
      <f name="string" value="/"/>
      <f name="msd" value="NN"/>
      <f name="base" value="/"/>
    </fs>
  </a>
  <node xml:id="penn-n5">
    <link targets="seg-r8"/>
  </node>
  <a xml:id="penn-N69355" label="tok" ref="penn-n5" as="anc">
    <fs>
      <f name="string" value="Date"/>
      <f name="msd" value="NN"/>
      <f name="base" value="date"/>
    </fs>
  </a>
  <node xml:id="penn-n50">
    <link targets="seg-r81"/>
  </node>
  <a xml:id="penn-N69383" label="tok" ref="penn-n50" as="anc">
    <fs>
      <f name="string" value="plain"/>
      <f name="msd" value="JJ"/>
      <f name="base" value="plain"/>
    </fs>
  </a>
  <node xml:id="penn-n51">
    <link targets="seg-r82"/>
  </node>
  <a xml:id="penn-N69411" label="tok" ref="penn-n51" as="anc">
    <fs>
      <f name="string" value=";"/>
      <f name="msd" value=":"/>
      <f name="base" value=";"/>
    </fs>
  </a>
  <node xml:id="penn-n52">
    <link targets="seg-r84"/>
  </node>
  <a xml:id="penn-N69439" label="tok" ref="penn-n52" as="anc">
    <fs>
      <f name="string" value="charset"/>
      <f name="msd" value="NN"/>
      <f name="base" value="charset"/>
    </fs>
  </a>
  <node xml:id="penn-n53">
    <link targets="seg-r85"/>
  </node>
  <a xml:id="penn-N69467" label="tok" ref="penn-n53" as="anc">
    <fs>
      <f name="string" value="="/>
      <f name="msd" value="SYM"/>
      <f name="base" value="="/>
    </fs>
  </a>
  <node xml:id="penn-n54">
    <link targets="seg-r86"/>
  </node>
  <a xml:id="penn-N69495" label="tok" ref="penn-n54" as="anc">
    <fs>
      <f name="string" value="us-ascii"/>
      <f name="msd" value="JJ"/>
      <f name="base" value="us-ascius"/>
    </fs>
  </a>
  <node xml:id="penn-n55">
    <link targets="seg-r88"/>
  </node>
  <a xml:id="penn-N69523" label="tok" ref="penn-n55" as="anc">
    <fs>
      <f name="string" value="Content-"/>
      <f name="msd" value="NNP"/>
      <f name="base" value="content-"/>
    </fs>
  </a>
  <node xml:id="penn-n56">
    <link targets="seg-r89"/>
  </node>
  <a xml:id="penn-N69551" label="tok" ref="penn-n56" as="anc">
    <fs>
      <f name="string" value="Transfer-"/>
      <f name="msd" value="NNP"/>
      <f name="base" value="transfer-"/>
    </fs>
  </a>
  <node xml:id="penn-n57">
    <link targets="seg-r90"/>
  </node>
  <a xml:id="penn-N69579" label="tok" ref="penn-n57" as="anc">
    <fs>
      <f name="string" value="Encoding"/>
      <f name="msd" value="NNP"/>
      <f name="base" value="encode"/>
    </fs>
  </a>
  <node xml:id="penn-n58">
    <link targets="seg-r91"/>
  </node>
  <a xml:id="penn-N69607" label="tok" ref="penn-n58" as="anc">
    <fs>
      <f name="string" value=":"/>
      <f name="msd" value=":"/>
      <f name="base" value=":"/>
    </fs>
  </a>
  <node xml:id="penn-n59">
    <link targets="seg-r93"/>
  </node>
  <a xml:id="penn-N69635" label="tok" ref="penn-n59" as="anc">
    <fs>
      <f name="base" value="7"/>
      <f name="string" value="7"/>
      <f name="msd" value="CD"/>
    </fs>
  </a>
  <node xml:id="penn-n6">
    <link targets="seg-r9"/>
  </node>
  <a xml:id="penn-N69663" label="tok" ref="penn-n6" as="anc">
    <fs>
      <f name="string" value=":"/>
      <f name="msd" value=":"/>
      <f name="base" value=":"/>
    </fs>
  </a>
  <node xml:id="penn-n60">
    <link targets="seg-r94"/>
  </node>
  <a xml:id="penn-N69691" label="tok" ref="penn-n60" as="anc">
    <fs>
      <f name="string" value="bit"/>
      <f name="msd" value="NN"/>
      <f name="base" value="bite"/>
    </fs>
  </a>
  <node xml:id="penn-n61">
    <link targets="seg-r96"/>
  </node>
  <a xml:id="penn-N69719" label="tok" ref="penn-n61" as="anc">
    <fs>
      <f name="string" value="I"/>
      <f name="msd" value="PRP"/>
      <f name="base" value="i"/>
    </fs>
  </a>
  <node xml:id="penn-n62">
    <link targets="seg-r98"/>
  </node>
  <a xml:id="penn-N69747" label="tok" ref="penn-n62" as="anc">
    <fs>
      <f name="string" value="genuinely"/>
      <f name="msd" value="RB"/>
      <f name="base" value="genuinely"/>
    </fs>
  </a>
  <node xml:id="penn-n63">
    <link targets="seg-r100"/>
  </node>
  <a xml:id="penn-N69775" label="tok" ref="penn-n63" as="anc">
    <fs>
      <f name="string" value="believed"/>
      <f name="msd" value="VBD"/>
      <f name="base" value="believe"/>
    </fs>
  </a>
  <node xml:id="penn-n64">
    <link targets="seg-r102"/>
  </node>
  <a xml:id="penn-N69803" label="tok" ref="penn-n64" as="anc">
    <fs>
      <f name="string" value="in"/>
      <f name="msd" value="IN"/>
      <f name="base" value="in"/>
    </fs>
  </a>
  <node xml:id="penn-n65">
    <link targets="seg-r104"/>
  </node>
  <a xml:id="penn-N69831" label="tok" ref="penn-n65" as="anc">
    <fs>
      <f name="string" value="Enron"/>
      <f name="msd" value="NNP"/>
      <f name="base" value="enron"/>
    </fs>
  </a>
  <node xml:id="penn-n66">
    <link targets="seg-r106"/>
  </node>
  <a xml:id="penn-N69859" label="tok" ref="penn-n66" as="anc">
    <fs>
      <f name="string" value="and"/>
      <f name="msd" value="CC"/>
      <f name="base" value="and"/>
    </fs>
  </a>
  <node xml:id="penn-n67">
    <link targets="seg-r108"/>
  </node>
  <a xml:id="penn-N69887" label="tok" ref="penn-n67" as="anc">
    <fs>
      <f name="string" value="the"/>
      <f name="msd" value="DT"/>
      <f name="base" value="the"/>
    </fs>
  </a>
  <node xml:id="penn-n68">
    <link targets="seg-r110"/>
  </node>
  <a xml:id="penn-N69915" label="tok" ref="penn-n68" as="anc">
    <fs>
      <f name="string" value="Values"/>
      <f name="msd" value="NNP"/>
      <f name="base" value="value"/>
    </fs>
  </a>
  <node xml:id="penn-n69">
    <link targets="seg-r112"/>
  </node>
  <a xml:id="penn-N69943" label="tok" ref="penn-n69" as="anc">
    <fs>
      <f name="string" value="of"/>
      <f name="msd" value="IN"/>
      <f name="base" value="of"/>
    </fs>
  </a>
  <node xml:id="penn-n7">
    <link targets="seg-r11"/>
  </node>
  <a xml:id="penn-N69971" label="tok" ref="penn-n7" as="anc">
    <fs>
      <f name="string" value="Fri"/>
      <f name="msd" value="NNP"/>
      <f name="base" value="frus"/>
    </fs>
  </a>
  <node xml:id="penn-n70">
    <link targets="seg-r114"/>
  </node>
  <a xml:id="penn-N69999" label="tok" ref="penn-n70" as="anc">
    <fs>
      <f name="string" value="the"/>
      <f name="msd" value="DT"/>
      <f name="base" value="the"/>
    </fs>
  </a>
  <node xml:id="penn-n71">
    <link targets="seg-r116"/>
  </node>
  <a xml:id="penn-N70027" label="tok" ref="penn-n71" as="anc">
    <fs>
      <f name="string" value="company"/>
      <f name="msd" value="NN"/>
      <f name="base" value="company"/>
    </fs>
  </a>
  <node xml:id="penn-n72">
    <link targets="seg-r118"/>
  </node>
  <a xml:id="penn-N70055" label="tok" ref="penn-n72" as="anc">
    <fs>
      <f name="string" value="You"/>
      <f name="msd" value="PRP"/>
      <f name="base" value="you"/>
    </fs>
  </a>
  <node xml:id="penn-n73">
    <link targets="seg-r120"/>
  </node>
  <a xml:id="penn-N70083" label="tok" ref="penn-n73" as="anc">
    <fs>
      <f name="string" value="demonstrated"/>
      <f name="msd" value="VBD"/>
      <f name="base" value="demonstrate"/>
    </fs>
  </a>
  <node xml:id="penn-n74">
    <link targets="seg-r122"/>
  </node>
  <a xml:id="penn-N70111" label="tok" ref="penn-n74" as="anc">
    <fs>
      <f name="string" value="that"/>
      <f name="msd" value="IN"/>
      <f name="base" value="that"/>
    </fs>
  </a>
  <node xml:id="penn-n75">
    <link targets="seg-r124"/>
  </node>
  <a xml:id="penn-N70139" label="tok" ref="penn-n75" as="anc">
    <fs>
      <f name="string" value="that"/>
      <f name="msd" value="DT"/>
      <f name="base" value="that"/>
    </fs>
  </a>
  <node xml:id="penn-n76">
    <link targets="seg-r126"/>
  </node>
  <a xml:id="penn-N70167" label="tok" ref="penn-n76" as="anc">
    <fs>
      <f name="string" value="trust"/>
      <f name="msd" value="NN"/>
      <f name="base" value="trust"/>
    </fs>
  </a>
  <node xml:id="penn-n77">
    <link targets="seg-r128"/>
  </node>
  <a xml:id="penn-N70195" label="tok" ref="penn-n77" as="anc">
    <fs>
      <f name="string" value="was"/>
      <f name="msd" value="VBD"/>
      <f name="base" value="be"/>
    </fs>
  </a>
  <node xml:id="penn-n78">
    <link targets="seg-r130"/>
  </node>
  <a xml:id="penn-N70223" label="tok" ref="penn-n78" as="anc">
    <fs>
      <f name="string" value="misplaced"/>
      <f name="msd" value="VBN"/>
      <f name="base" value="misplace"/>
    </fs>
  </a>
  <node xml:id="penn-n79">
    <link targets="seg-r132"/>
  </node>
  <a xml:id="penn-N70251" label="tok" ref="penn-n79" as="anc">
    <fs>
      <f name="string" value="and"/>
      <f name="msd" value="CC"/>
      <f name="base" value="and"/>
    </fs>
  </a>
  <node xml:id="penn-n8">
    <link targets="seg-r12"/>
  </node>
  <a xml:id="penn-N70279" label="tok" ref="penn-n8" as="anc">
    <fs>
      <f name="string" value=","/>
      <f name="msd" value=","/>
      <f name="base" value=","/>
    </fs>
  </a>
  <node xml:id="penn-n80">
    <link targets="seg-r134"/>
  </node>
  <a xml:id="penn-N70307" label="tok" ref="penn-n80" as="anc">
    <fs>
      <f name="string" value="worth"/>
      <f name="msd" value="JJ"/>
      <f name="base" value="worth"/>
    </fs>
  </a>
  <node xml:id="penn-n81">
    <link targets="seg-r136"/>
  </node>
  <a xml:id="penn-N70335" label="tok" ref="penn-n81" as="anc">
    <fs>
      <f name="string" value="nothing"/>
      <f name="msd" value="NN"/>
      <f name="base" value="nothing"/>
    </fs>
  </a>
  <node xml:id="penn-n82">
    <link targets="seg-r138"/>
  </node>
  <a xml:id="penn-N70363" label="tok" ref="penn-n82" as="anc">
    <fs>
      <f name="string" value="I"/>
      <f name="msd" value="PRP"/>
      <f name="base" value="i"/>
    </fs>
  </a>
  <node xml:id="penn-n83">
    <link targets="seg-r140"/>
  </node>
  <a xml:id="penn-N70391" label="tok" ref="penn-n83" as="anc">
    <fs>
      <f name="string" value="particularly"/>
      <f name="msd" value="RB"/>
      <f name="base" value="particularly"/>
    </fs>
  </a>
  <node xml:id="penn-n84">
    <link targets="seg-r142"/>
  </node>
  <a xml:id="penn-N70419" label="tok" ref="penn-n84" as="anc">
    <fs>
      <f name="string" value="like"/>
      <f name="msd" value="IN"/>
      <f name="base" value="like"/>
    </fs>
  </a>
  <node xml:id="penn-n85">
    <link targets="seg-r144"/>
  </node>
  <a xml:id="penn-N70447" label="tok" ref="penn-n85" as="anc">
    <fs>
      <f name="string" value="your"/>
      <f name="msd" value="PRP$"/>
      <f name="base" value="your"/>
    </fs>
  </a>
  <node xml:id="penn-n86">
    <link targets="seg-r146"/>
  </node>
  <a xml:id="penn-N70475" label="tok" ref="penn-n86" as="anc">
    <fs>
      <f name="string" value="adherance"/>
      <f name="msd" value="NN"/>
      <f name="base" value="adherance"/>
    </fs>
  </a>
  <node xml:id="penn-n87">
    <link targets="seg-r148"/>
  </node>
  <a xml:id="penn-N70503" label="tok" ref="penn-n87" as="anc">
    <fs>
      <f name="string" value="to"/>
      <f name="msd" value="TO"/>
      <f name="base" value="to"/>
    </fs>
  </a>
  <node xml:id="penn-n88">
    <link targets="seg-r150"/>
  </node>
  <a xml:id="penn-N70531" label="tok" ref="penn-n88" as="anc">
    <fs>
      <f name="string" value="the"/>
      <f name="msd" value="DT"/>
      <f name="base" value="the"/>
    </fs>
  </a>
  <node xml:id="penn-n89">
    <link targets="seg-r152"/>
  </node>
  <a xml:id="penn-N70559" label="tok" ref="penn-n89" as="anc">
    <fs>
      <f name="string" value="core"/>
      <f name="msd" value="NN"/>
      <f name="base" value="core"/>
    </fs>
  </a>
  <node xml:id="penn-n9">
    <link targets="seg-r14"/>
  </node>
  <a xml:id="penn-N70587" label="tok" ref="penn-n9" as="anc">
    <fs>
      <f name="base" value="30"/>
      <f name="string" value="30"/>
      <f name="msd" value="CD"/>
    </fs>
  </a>
  <node xml:id="penn-n90">
    <link targets="seg-r154"/>
  </node>
  <a xml:id="penn-N70615" label="tok" ref="penn-n90" as="anc">
    <fs>
      <f name="string" value="values"/>
      <f name="msd" value="NNS"/>
      <f name="base" value="value"/>
    </fs>
  </a>
  <node xml:id="penn-n91">
    <link targets="seg-r156"/>
  </node>
  <a xml:id="penn-N70643" label="tok" ref="penn-n91" as="anc">
    <fs>
      <f name="string" value="-"/>
      <f name="msd" value=":"/>
      <f name="base" value="-"/>
    </fs>
  </a>
  <node xml:id="penn-n92">
    <link targets="seg-r158"/>
  </node>
  <a xml:id="penn-N70675" label="tok" ref="penn-n92" as="anc">
    <fs>
      <f name="string" value="you"/>
      <f name="msd" value="PRP"/>
      <f name="base" value="you"/>
    </fs>
  </a>
  <node xml:id="penn-n93">
    <link targets="seg-r160"/>
  </node>
  <a xml:id="penn-N70703" label="tok" ref="penn-n93" as="anc">
    <fs>
      <f name="string" value="&quot;"/>
      <f name="msd" value="''"/>
      <f name="base" value="&quot;"/>
    </fs>
  </a>
  <node xml:id="penn-n94">
    <link targets="seg-r161"/>
  </node>
  <a xml:id="penn-N70731" label="tok" ref="penn-n94" as="anc">
    <fs>
      <f name="string" value="respected"/>
      <f name="msd" value="VBN"/>
      <f name="base" value="respect"/>
    </fs>
  </a>
  <node xml:id="penn-n95">
    <link targets="seg-r162"/>
  </node>
  <a xml:id="penn-N70759" label="tok" ref="penn-n95" as="anc">
    <fs>
      <f name="string" value="&quot;"/>
      <f name="msd" value="''"/>
      <f name="base" value="&quot;"/>
    </fs>
  </a>
  <node xml:id="penn-n96">
    <link targets="seg-r164"/>
  </node>
  <a xml:id="penn-N70787" label="tok" ref="penn-n96" as="anc">
    <fs>
      <f name="string" value="us"/>
      <f name="msd" value="PRP"/>
      <f name="base" value="us"/>
    </fs>
  </a>
  <node xml:id="penn-n97">
    <link targets="seg-r165"/>
  </node>
  <a xml:id="penn-N70815" label="tok" ref="penn-n97" as="anc">
    <fs>
      <f name="string" value=","/>
      <f name="msd" value=","/>
      <f name="base" value=","/>
    </fs>
  </a>
  <node xml:id="penn-n98">
    <link targets="seg-r167"/>
  </node>
  <a xml:id="penn-N70843" label="tok" ref="penn-n98" as="anc">
    <fs>
      <f name="string" value="you"/>
      <f name="msd" value="PRP"/>
      <f name="base" value="you"/>
    </fs>
  </a>
  <node xml:id="penn-n99">
    <link targets="seg-r169"/>
  </node>
  <a xml:id="penn-N70871" label="tok" ref="penn-n99" as="anc">
    <fs>
      <f name="string" value="&quot;"/>
      <f name="msd" value="''"/>
      <f name="base" value="&quot;"/>
    </fs>
  </a>
</graph>
