<?xml version="1.0" encoding="UTF-8"?><graph xmlns="http://www.xces.org/ns/GrAF/1.0/" xmlns:graf="http://www.xces.org/ns/GrAF/1.0/">
    <graphHeader>
        <labelsDecl>
        </labelsDecl>
    </graphHeader>
    <region xml:id="seg-r0" anchors="3 13"/>
    <region xml:id="seg-r1" anchors="13 14"/>
    <region xml:id="seg-r3" anchors="15 16"/>
    <region xml:id="seg-r4" anchors="16 59"/>
    <region xml:id="seg-r5" anchors="59 60"/>
    <region xml:id="seg-r7" anchors="61 65"/>
    <region xml:id="seg-r8" anchors="65 66"/>
    <region xml:id="seg-r10" anchors="67 70"/>
    <region xml:id="seg-r11" anchors="70 71"/>
    <region xml:id="seg-r13" anchors="72 74"/>
    <region xml:id="seg-r15" anchors="75 78"/>
    <region xml:id="seg-r17" anchors="79 83"/>
    <region xml:id="seg-r19" anchors="84 92"/>
    <region xml:id="seg-r21" anchors="93 94"/>
    <region xml:id="seg-r22" anchors="94 98"/>
    <region xml:id="seg-r24" anchors="99 100"/>
    <region xml:id="seg-r25" anchors="100 103"/>
    <region xml:id="seg-r26" anchors="103 104"/>
    <region xml:id="seg-r28" anchors="105 109"/>
    <region xml:id="seg-r29" anchors="109 110"/>
    <region xml:id="seg-r31" anchors="111 146"/>
    <region xml:id="seg-r33" anchors="147 149"/>
    <region xml:id="seg-r34" anchors="149 150"/>
    <region xml:id="seg-r36" anchors="151 168"/>
    <region xml:id="seg-r37" anchors="168 169"/>
    <region xml:id="seg-r39" anchors="170 191"/>
    <region xml:id="seg-r41" anchors="192 199"/>
    <region xml:id="seg-r42" anchors="199 200"/>
    <region xml:id="seg-r44" anchors="201 202"/>
    <region xml:id="seg-r46" anchors="203 213"/>
    <region xml:id="seg-r48" anchors="214 218"/>
    <region xml:id="seg-r50" anchors="219 224"/>
    <region xml:id="seg-r51" anchors="224 231"/>
    <region xml:id="seg-r52" anchors="231 232"/>
    <region xml:id="seg-r54" anchors="233 236"/>
    <region xml:id="seg-r56" anchors="237 245"/>
    <region xml:id="seg-r57" anchors="245 249"/>
    <region xml:id="seg-r58" anchors="249 250"/>
    <region xml:id="seg-r60" anchors="251 255"/>
    <region xml:id="seg-r61" anchors="255 256"/>
    <region xml:id="seg-r62" anchors="256 261"/>
    <region xml:id="seg-r63" anchors="261 262"/>
    <region xml:id="seg-r65" anchors="263 270"/>
    <region xml:id="seg-r66" anchors="270 271"/>
    <region xml:id="seg-r67" anchors="271 279"/>
    <region xml:id="seg-r69" anchors="280 288"/>
    <region xml:id="seg-r70" anchors="288 297"/>
    <region xml:id="seg-r71" anchors="297 305"/>
    <region xml:id="seg-r72" anchors="305 306"/>
    <region xml:id="seg-r74" anchors="307 308"/>
    <region xml:id="seg-r75" anchors="308 311"/>
    <region xml:id="seg-r77" anchors="314 318"/>
    <region xml:id="seg-r79" anchors="319 322"/>
    <region xml:id="seg-r81" anchors="323 326"/>
    <region xml:id="seg-r82" anchors="326 327"/>
    <region xml:id="seg-r84" anchors="329 330"/>
    <region xml:id="seg-r85" anchors="330 332"/>
    <region xml:id="seg-r87" anchors="333 340"/>
    <region xml:id="seg-r89" anchors="341 345"/>
    <region xml:id="seg-r91" anchors="346 350"/>
    <region xml:id="seg-r93" anchors="351 353"/>
    <region xml:id="seg-r95" anchors="354 357"/>
    <region xml:id="seg-r97" anchors="358 360"/>
    <region xml:id="seg-r99" anchors="361 362"/>
    <region xml:id="seg-r101" anchors="363 367"/>
    <region xml:id="seg-r103" anchors="368 370"/>
    <region xml:id="seg-r105" anchors="371 378"/>
    <region xml:id="seg-r107" anchors="379 381"/>
    <region xml:id="seg-r109" anchors="382 385"/>
    <region xml:id="seg-r111" anchors="386 392"/>
    <region xml:id="seg-r113" anchors="393 397"/>
    <region xml:id="seg-r115" anchors="398 402"/>
    <region xml:id="seg-r117" anchors="403 408"/>
    <region xml:id="seg-r118" anchors="408 409"/>
    <region xml:id="seg-r120" anchors="411 414"/>
    <region xml:id="seg-r122" anchors="415 421"/>
    <region xml:id="seg-r124" anchors="422 426"/>
    <region xml:id="seg-r126" anchors="427 428"/>
    <region xml:id="seg-r128" anchors="429 434"/>
    <region xml:id="seg-r130" anchors="435 439"/>
    <region xml:id="seg-r132" anchors="440 444"/>
    <region xml:id="seg-r134" anchors="445 448"/>
    <region xml:id="seg-r136" anchors="449 451"/>
    <region xml:id="seg-r138" anchors="452 454"/>
    <region xml:id="seg-r140" anchors="455 462"/>
    <region xml:id="seg-r142" anchors="463 466"/>
    <region xml:id="seg-r144" anchors="467 470"/>
    <region xml:id="seg-r146" anchors="471 473"/>
    <region xml:id="seg-r148" anchors="474 475"/>
    <region xml:id="seg-r150" anchors="476 479"/>
    <region xml:id="seg-r151" anchors="479 480"/>
    <region xml:id="seg-r153" anchors="481 482"/>
    <region xml:id="seg-r155" anchors="483 491"/>
    <region xml:id="seg-r157" anchors="492 498"/>
    <region xml:id="seg-r159" anchors="499 502"/>
    <region xml:id="seg-r161" anchors="503 504"/>
    <region xml:id="seg-r163" anchors="505 511"/>
    <region xml:id="seg-r164" anchors="511 512"/>
    <region xml:id="seg-r166" anchors="514 516"/>
    <region xml:id="seg-r168" anchors="517 521"/>
    <region xml:id="seg-r170" anchors="522 524"/>
    <region xml:id="seg-r172" anchors="525 528"/>
    <region xml:id="seg-r174" anchors="529 531"/>
    <region xml:id="seg-r176" anchors="532 536"/>
    <region xml:id="seg-r178" anchors="537 546"/>
    <region xml:id="seg-r180" anchors="547 550"/>
    <region xml:id="seg-r182" anchors="551 560"/>
    <region xml:id="seg-r184" anchors="561 567"/>
    <region xml:id="seg-r186" anchors="568 575"/>
    <region xml:id="seg-r188" anchors="576 581"/>
    <region xml:id="seg-r190" anchors="582 585"/>
    <region xml:id="seg-r192" anchors="586 590"/>
    <region xml:id="seg-r194" anchors="591 594"/>
    <region xml:id="seg-r196" anchors="595 602"/>
    <region xml:id="seg-r198" anchors="603 607"/>
    <region xml:id="seg-r200" anchors="608 612"/>
    <region xml:id="seg-r202" anchors="613 622"/>
    <region xml:id="seg-r203" anchors="622 623"/>
    <region xml:id="seg-r205" anchors="625 626"/>
    <region xml:id="seg-r207" anchors="627 631"/>
    <region xml:id="seg-r209" anchors="632 636"/>
    <region xml:id="seg-r211" anchors="637 643"/>
    <region xml:id="seg-r213" anchors="644 653"/>
    <region xml:id="seg-r215" anchors="654 659"/>
    <region xml:id="seg-r216" anchors="659 660"/>
    <region xml:id="seg-r218" anchors="661 670"/>
    <region xml:id="seg-r220" anchors="671 676"/>
    <region xml:id="seg-r222" anchors="677 683"/>
    <region xml:id="seg-r224" anchors="684 688"/>
    <region xml:id="seg-r226" anchors="689 692"/>
    <region xml:id="seg-r228" anchors="693 697"/>
    <region xml:id="seg-r230" anchors="698 704"/>
    <region xml:id="seg-r232" anchors="705 712"/>
    <region xml:id="seg-r234" anchors="713 722"/>
    <region xml:id="seg-r236" anchors="723 728"/>
    <region xml:id="seg-r237" anchors="728 729"/>
    <region xml:id="seg-r239" anchors="731 732"/>
    <region xml:id="seg-r241" anchors="733 740"/>
    <region xml:id="seg-r243" anchors="741 745"/>
    <region xml:id="seg-r245" anchors="746 749"/>
    <region xml:id="seg-r247" anchors="750 753"/>
    <region xml:id="seg-r249" anchors="754 761"/>
    <region xml:id="seg-r251" anchors="762 765"/>
    <region xml:id="seg-r253" anchors="766 769"/>
    <region xml:id="seg-r255" anchors="770 774"/>
    <region xml:id="seg-r257" anchors="775 779"/>
    <region xml:id="seg-r259" anchors="780 783"/>
    <region xml:id="seg-r261" anchors="784 788"/>
    <region xml:id="seg-r263" anchors="789 791"/>
    <region xml:id="seg-r265" anchors="792 798"/>
    <region xml:id="seg-r267" anchors="799 806"/>
    <region xml:id="seg-r268" anchors="806 807"/>
    <region xml:id="seg-r270" anchors="808 811"/>
    <region xml:id="seg-r272" anchors="812 813"/>
    <region xml:id="seg-r274" anchors="814 818"/>
    <region xml:id="seg-r276" anchors="819 823"/>
    <region xml:id="seg-r278" anchors="824 828"/>
    <region xml:id="seg-r280" anchors="829 836"/>
    <region xml:id="seg-r282" anchors="837 840"/>
    <region xml:id="seg-r284" anchors="841 845"/>
    <region xml:id="seg-r286" anchors="846 849"/>
    <region xml:id="seg-r288" anchors="850 854"/>
    <region xml:id="seg-r290" anchors="855 856"/>
    <region xml:id="seg-r292" anchors="857 866"/>
    <region xml:id="seg-r294" anchors="867 876"/>
    <region xml:id="seg-r296" anchors="877 879"/>
    <region xml:id="seg-r298" anchors="880 883"/>
    <region xml:id="seg-r300" anchors="884 890"/>
    <region xml:id="seg-r302" anchors="891 895"/>
    <region xml:id="seg-r304" anchors="896 903"/>
    <region xml:id="seg-r305" anchors="903 904"/>
    <region xml:id="seg-r307" anchors="906 908"/>
    <region xml:id="seg-r309" anchors="909 913"/>
    <region xml:id="seg-r310" anchors="913 914"/>
    <region xml:id="seg-r312" anchors="915 921"/>
    <region xml:id="seg-r314" anchors="922 928"/>
    <region xml:id="seg-r315" anchors="928 929"/>
    <region xml:id="seg-r317" anchors="930 933"/>
    <region xml:id="seg-r319" anchors="934 940"/>
    <region xml:id="seg-r321" anchors="941 944"/>
    <region xml:id="seg-r323" anchors="945 950"/>
    <region xml:id="seg-r325" anchors="951 954"/>
    <region xml:id="seg-r327" anchors="955 958"/>
    <region xml:id="seg-r329" anchors="959 963"/>
    <region xml:id="seg-r331" anchors="964 967"/>
    <region xml:id="seg-r333" anchors="968 973"/>
    <region xml:id="seg-r335" anchors="974 977"/>
    <region xml:id="seg-r337" anchors="978 982"/>
    <region xml:id="seg-r339" anchors="983 987"/>
    <region xml:id="seg-r341" anchors="988 990"/>
    <region xml:id="seg-r343" anchors="991 995"/>
    <region xml:id="seg-r345" anchors="996 1005"/>
    <region xml:id="seg-r346" anchors="1005 1006"/>
    <region xml:id="seg-r348" anchors="1007 1010"/>
    <region xml:id="seg-r350" anchors="1011 1015"/>
    <region xml:id="seg-r352" anchors="1016 1017"/>
    <region xml:id="seg-r354" anchors="1018 1023"/>
    <region xml:id="seg-r356" anchors="1024 1028"/>
    <region xml:id="seg-r358" anchors="1029 1031"/>
    <region xml:id="seg-r360" anchors="1032 1035"/>
    <region xml:id="seg-r362" anchors="1036 1040"/>
    <region xml:id="seg-r364" anchors="1041 1048"/>
    <region xml:id="seg-r365" anchors="1048 1049"/>
    <region xml:id="seg-r367" anchors="1051 1053"/>
    <region xml:id="seg-r369" anchors="1054 1060"/>
    <region xml:id="seg-r370" anchors="1060 1061"/>
    <region xml:id="seg-r372" anchors="1062 1063"/>
    <region xml:id="seg-r374" anchors="1064 1070"/>
    <region xml:id="seg-r376" anchors="1071 1075"/>
    <region xml:id="seg-r378" anchors="1076 1078"/>
    <region xml:id="seg-r380" anchors="1079 1082"/>
    <region xml:id="seg-r382" anchors="1083 1088"/>
    <region xml:id="seg-r384" anchors="1089 1092"/>
    <region xml:id="seg-r386" anchors="1093 1097"/>
    <region xml:id="seg-r388" anchors="1098 1101"/>
    <region xml:id="seg-r390" anchors="1102 1109"/>
    <region xml:id="seg-r392" anchors="1110 1117"/>
    <region xml:id="seg-r394" anchors="1118 1120"/>
    <region xml:id="seg-r396" anchors="1121 1125"/>
    <region xml:id="seg-r398" anchors="1126 1133"/>
    <region xml:id="seg-r399" anchors="1133 1134"/>
    <region xml:id="seg-r401" anchors="1136 1137"/>
    <region xml:id="seg-r403" anchors="1138 1142"/>
    <region xml:id="seg-r405" anchors="1143 1145"/>
    <region xml:id="seg-r407" anchors="1146 1156"/>
    <region xml:id="seg-r409" anchors="1157 1167"/>
    <region xml:id="seg-r411" anchors="1168 1171"/>
    <region xml:id="seg-r413" anchors="1172 1176"/>
    <region xml:id="seg-r415" anchors="1177 1180"/>
    <region xml:id="seg-r417" anchors="1181 1184"/>
    <region xml:id="seg-r419" anchors="1185 1190"/>
    <region xml:id="seg-r421" anchors="1191 1195"/>
    <region xml:id="seg-r423" anchors="1196 1200"/>
    <region xml:id="seg-r425" anchors="1201 1206"/>
    <region xml:id="seg-r427" anchors="1207 1212"/>
    <region xml:id="seg-r429" anchors="1213 1216"/>
    <region xml:id="seg-r431" anchors="1217 1223"/>
    <region xml:id="seg-r432" anchors="1223 1224"/>
    <region xml:id="seg-r434" anchors="1226 1231"/>
    <region xml:id="seg-r436" anchors="1232 1239"/>
    <region xml:id="seg-r438" anchors="1240 1243"/>
    <region xml:id="seg-r440" anchors="1244 1251"/>
    <region xml:id="seg-r442" anchors="1252 1254"/>
    <region xml:id="seg-r444" anchors="1255 1258"/>
    <region xml:id="seg-r446" anchors="1259 1264"/>
    <region xml:id="seg-r448" anchors="1265 1266"/>
    <region xml:id="seg-r450" anchors="1267 1270"/>
    <region xml:id="seg-r452" anchors="1271 1274"/>
    <region xml:id="seg-r454" anchors="1275 1277"/>
    <region xml:id="seg-r456" anchors="1278 1282"/>
    <region xml:id="seg-r457" anchors="1282 1283"/>
    <region xml:id="seg-r459" anchors="1284 1285"/>
    <region xml:id="seg-r461" anchors="1286 1293"/>
    <region xml:id="seg-r463" anchors="1294 1298"/>
    <region xml:id="seg-r465" anchors="1299 1302"/>
    <region xml:id="seg-r467" anchors="1303 1309"/>
    <region xml:id="seg-r469" anchors="1310 1313"/>
    <region xml:id="seg-r471" anchors="1314 1315"/>
    <region xml:id="seg-r473" anchors="1316 1319"/>
    <region xml:id="seg-r475" anchors="1320 1331"/>
    <region xml:id="seg-r477" anchors="1332 1335"/>
    <region xml:id="seg-r479" anchors="1336 1339"/>
    <region xml:id="seg-r481" anchors="1340 1343"/>
    <region xml:id="seg-r483" anchors="1344 1349"/>
    <region xml:id="seg-r485" anchors="1350 1352"/>
    <region xml:id="seg-r487" anchors="1353 1357"/>
    <region xml:id="seg-r489" anchors="1358 1361"/>
    <region xml:id="seg-r491" anchors="1362 1372"/>
    <region xml:id="seg-r493" anchors="1373 1377"/>
    <region xml:id="seg-r495" anchors="1378 1381"/>
    <region xml:id="seg-r497" anchors="1382 1388"/>
    <region xml:id="seg-r499" anchors="1389 1392"/>
    <region xml:id="seg-r500" anchors="1392 1393"/>
    <region xml:id="seg-r502" anchors="1395 1398"/>
    <region xml:id="seg-r504" anchors="1399 1402"/>
    <region xml:id="seg-r505" anchors="1402 1403"/>
    <region xml:id="seg-r507" anchors="1404 1405"/>
    <region xml:id="seg-r509" anchors="1406 1416"/>
    <region xml:id="seg-r511" anchors="1417 1420"/>
    <region xml:id="seg-r513" anchors="1421 1432"/>
    <region xml:id="seg-r515" anchors="1433 1437"/>
    <region xml:id="seg-r517" anchors="1438 1441"/>
    <region xml:id="seg-r519" anchors="1442 1446"/>
    <region xml:id="seg-r521" anchors="1447 1452"/>
    <region xml:id="seg-r523" anchors="1453 1455"/>
    <region xml:id="seg-r525" anchors="1456 1460"/>
    <region xml:id="seg-r527" anchors="1461 1464"/>
    <region xml:id="seg-r529" anchors="1465 1468"/>
    <region xml:id="seg-r531" anchors="1469 1475"/>
    <region xml:id="seg-r533" anchors="1476 1479"/>
    <region xml:id="seg-r535" anchors="1480 1484"/>
    <region xml:id="seg-r537" anchors="1485 1489"/>
    <region xml:id="seg-r539" anchors="1490 1494"/>
    <region xml:id="seg-r541" anchors="1495 1500"/>
    <region xml:id="seg-r543" anchors="1501 1509"/>
    <region xml:id="seg-r545" anchors="1510 1513"/>
    <region xml:id="seg-r547" anchors="1514 1516"/>
    <region xml:id="seg-r549" anchors="1517 1523"/>
    <region xml:id="seg-r551" anchors="1524 1528"/>
    <region xml:id="seg-r553" anchors="1529 1538"/>
    <region xml:id="seg-r554" anchors="1538 1539"/>
    <region xml:id="seg-r556" anchors="1541 1697"/>
    <region xml:id="seg-r558" anchors="1698 1702"/>
    <region xml:id="seg-r560" anchors="1703 1706"/>
    <region xml:id="seg-r562" anchors="1707 1710"/>
    <region xml:id="seg-r564" anchors="1711 1716"/>
    <region xml:id="seg-r565" anchors="1716 1717"/>
    <region xml:id="seg-r567" anchors="1718 1725"/>
    <region xml:id="seg-r568" anchors="1725 1726"/>
    <region xml:id="seg-r570" anchors="1727 1735"/>
    <region xml:id="seg-r572" anchors="1736 1738"/>
    <region xml:id="seg-r573" anchors="1738 1739"/>
    <region xml:id="seg-r575" anchors="1740 1744"/>
    <region xml:id="seg-r576" anchors="1744 1745"/>
    <region xml:id="seg-r578" anchors="1746 1750"/>
    <region xml:id="seg-r580" anchors="1751 1753"/>
    <region xml:id="seg-r581" anchors="1753 1755"/>
    <region xml:id="seg-r583" anchors="1757 1758"/>
    <region xml:id="seg-r584" anchors="1758 1760"/>
    <region xml:id="seg-r586" anchors="1761 1770"/>
    <region xml:id="seg-r587" anchors="1770 1771"/>
    <region xml:id="seg-r589" anchors="1772 1776"/>
    <region xml:id="seg-r591" anchors="1777 1783"/>
    <region xml:id="seg-r593" anchors="1784 1789"/>
    <region xml:id="seg-r594" anchors="1789 1790"/>
    <region xml:id="seg-r596" anchors="1791 1797"/>
    <region xml:id="seg-r597" anchors="1797 1798"/>
    <region xml:id="seg-r599" anchors="1801 1803"/>
    <region xml:id="seg-r601" anchors="1804 1807"/>
    <region xml:id="seg-r603" anchors="1808 1815"/>
    <region xml:id="seg-r605" anchors="1817 1818"/>
    <region xml:id="seg-r607" anchors="1819 1822"/>
    <region xml:id="seg-r609" anchors="1823 1825"/>
    <region xml:id="seg-r611" anchors="1826 1829"/>
    <region xml:id="seg-r613" anchors="1830 1835"/>
    <region xml:id="seg-r615" anchors="1836 1838"/>
    <region xml:id="seg-r616" anchors="1838 1839"/>
    <region xml:id="seg-r618" anchors="1840 1848"/>
    <region xml:id="seg-r620" anchors="1849 1854"/>
    <region xml:id="seg-r622" anchors="1855 1857"/>
    <region xml:id="seg-r623" anchors="1857 1858"/>
    <region xml:id="seg-r625" anchors="1859 1860"/>
    <region xml:id="seg-r626" anchors="1860 1862"/>
    <region xml:id="seg-r628" anchors="1863 1867"/>
    <region xml:id="seg-r629" anchors="1867 1869"/>
    <region xml:id="seg-r631" anchors="1870 1871"/>
    <region xml:id="seg-r633" anchors="1872 1881"/>
    <region xml:id="seg-r635" anchors="1882 1886"/>
    <region xml:id="seg-r636" anchors="1886 1887"/>
    <region xml:id="seg-r637" anchors="1887 1888"/>
    <region xml:id="seg-r639" anchors="1889 1892"/>
    <region xml:id="seg-r641" anchors="1893 1895"/>
    <region xml:id="seg-r643" anchors="1896 1904"/>
    <region xml:id="seg-r645" anchors="1905 1910"/>
    <region xml:id="seg-r647" anchors="1911 1918"/>
    <region xml:id="seg-r649" anchors="1919 1921"/>
    <region xml:id="seg-r651" anchors="1922 1925"/>
    <region xml:id="seg-r652" anchors="1925 1926"/>
    <region xml:id="seg-r654" anchors="1927 1929"/>
    <region xml:id="seg-r655" anchors="1929 1931"/>
    <region xml:id="seg-r657" anchors="1932 1937"/>
    <region xml:id="seg-r659" anchors="1938 1940"/>
    <region xml:id="seg-r661" anchors="1941 1947"/>
    <region xml:id="seg-r663" anchors="1948 1951"/>
    <region xml:id="seg-r665" anchors="1952 1960"/>
    <region xml:id="seg-r667" anchors="1961 1969"/>
    <region xml:id="seg-r669" anchors="1970 1974"/>
    <region xml:id="seg-r671" anchors="1975 1977"/>
    <region xml:id="seg-r673" anchors="1978 1984"/>
    <region xml:id="seg-r675" anchors="1985 1991"/>
    <region xml:id="seg-r676" anchors="1991 1992"/>
    <region xml:id="seg-r678" anchors="1994 1997"/>
    <region xml:id="seg-r680" anchors="1998 2006"/>
    <region xml:id="seg-r682" anchors="2007 2012"/>
    <region xml:id="seg-r684" anchors="2013 2017"/>
    <region xml:id="seg-r686" anchors="2018 2021"/>
    <region xml:id="seg-r688" anchors="2022 2026"/>
    <region xml:id="seg-r690" anchors="2027 2031"/>
    <region xml:id="seg-r692" anchors="2032 2034"/>
    <region xml:id="seg-r694" anchors="2035 2039"/>
    <region xml:id="seg-r695" anchors="2039 2042"/>
    <region xml:id="seg-r697" anchors="2043 2048"/>
    <region xml:id="seg-r699" anchors="2049 2050"/>
    <region xml:id="seg-r701" anchors="2051 2057"/>
    <region xml:id="seg-r702" anchors="2057 2058"/>
    <region xml:id="seg-r704" anchors="2059 2069"/>
    <region xml:id="seg-r706" anchors="2070 2078"/>
    <region xml:id="seg-r708" anchors="2079 2086"/>
    <region xml:id="seg-r710" anchors="2087 2090"/>
    <region xml:id="seg-r712" anchors="2091 2097"/>
    <region xml:id="seg-r714" anchors="2098 2099"/>
    <region xml:id="seg-r716" anchors="2100 2107"/>
    <region xml:id="seg-r717" anchors="2107 2108"/>
    <region xml:id="seg-r719" anchors="2109 2116"/>
    <region xml:id="seg-r721" anchors="2117 2119"/>
    <region xml:id="seg-r723" anchors="2120 2128"/>
    <region xml:id="seg-r725" anchors="2129 2140"/>
    <region xml:id="seg-r727" anchors="2141 2143"/>
    <region xml:id="seg-r729" anchors="2144 2151"/>
    <region xml:id="seg-r731" anchors="2152 2156"/>
    <region xml:id="seg-r733" anchors="2157 2162"/>
    <region xml:id="seg-r735" anchors="2163 2168"/>
    <region xml:id="seg-r736" anchors="2168 2169"/>
    <region xml:id="seg-r738" anchors="2171 2175"/>
    <region xml:id="seg-r740" anchors="2176 2180"/>
    <region xml:id="seg-r742" anchors="2181 2190"/>
    <region xml:id="seg-r744" anchors="2191 2192"/>
    <region xml:id="seg-r746" anchors="2193 2197"/>
    <region xml:id="seg-r748" anchors="2198 2200"/>
    <region xml:id="seg-r750" anchors="2201 2207"/>
    <region xml:id="seg-r751" anchors="2207 2208"/>
    <region xml:id="seg-r753" anchors="2209 2216"/>
    <region xml:id="seg-r755" anchors="2217 2221"/>
    <region xml:id="seg-r757" anchors="2222 2224"/>
    <region xml:id="seg-r759" anchors="2225 2229"/>
    <region xml:id="seg-r761" anchors="2230 2231"/>
    <region xml:id="seg-r763" anchors="2232 2235"/>
    <region xml:id="seg-r765" anchors="2236 2246"/>
    <region xml:id="seg-r767" anchors="2247 2251"/>
    <region xml:id="seg-r769" anchors="2252 2254"/>
    <region xml:id="seg-r770" anchors="2254 2255"/>
    <region xml:id="seg-r772" anchors="2256 2258"/>
    <region xml:id="seg-r774" anchors="2259 2261"/>
    <region xml:id="seg-r776" anchors="2262 2272"/>
    <region xml:id="seg-r778" anchors="2273 2277"/>
    <region xml:id="seg-r780" anchors="2278 2287"/>
    <region xml:id="seg-r782" anchors="2288 2295"/>
    <region xml:id="seg-r784" anchors="2296 2303"/>
    <region xml:id="seg-r786" anchors="2304 2305"/>
    <region xml:id="seg-r788" anchors="2306 2309"/>
    <region xml:id="seg-r790" anchors="2310 2316"/>
    <region xml:id="seg-r792" anchors="2317 2322"/>
    <region xml:id="seg-r794" anchors="2323 2326"/>
    <region xml:id="seg-r796" anchors="2327 2332"/>
    <region xml:id="seg-r798" anchors="2333 2342"/>
    <region xml:id="seg-r800" anchors="2343 2344"/>
    <region xml:id="seg-r801" anchors="2344 2347"/>
    <region xml:id="seg-r803" anchors="2348 2353"/>
    <region xml:id="seg-r805" anchors="2354 2360"/>
    <region xml:id="seg-r806" anchors="2360 2361"/>
    <region xml:id="seg-r808" anchors="2362 2366"/>
    <region xml:id="seg-r810" anchors="2367 2371"/>
    <region xml:id="seg-r812" anchors="2372 2381"/>
    <region xml:id="seg-r814" anchors="2382 2387"/>
    <region xml:id="seg-r816" anchors="2388 2399"/>
    <region xml:id="seg-r818" anchors="2400 2404"/>
    <region xml:id="seg-r820" anchors="2405 2408"/>
    <region xml:id="seg-r822" anchors="2409 2413"/>
    <region xml:id="seg-r824" anchors="2414 2418"/>
    <region xml:id="seg-r826" anchors="2419 2423"/>
    <region xml:id="seg-r828" anchors="2424 2430"/>
    <region xml:id="seg-r830" anchors="2431 2435"/>
    <region xml:id="seg-r832" anchors="2436 2440"/>
    <region xml:id="seg-r833" anchors="2440 2441"/>
    <region xml:id="seg-r835" anchors="2443 2447"/>
    <region xml:id="seg-r837" anchors="2448 2454"/>
    <region xml:id="seg-r839" anchors="2455 2457"/>
    <region xml:id="seg-r841" anchors="2458 2461"/>
    <region xml:id="seg-r843" anchors="2462 2463"/>
    <region xml:id="seg-r844" anchors="2463 2472"/>
    <region xml:id="seg-r846" anchors="2473 2480"/>
    <region xml:id="seg-r847" anchors="2480 2481"/>
    <region xml:id="seg-r848" anchors="2481 2482"/>
    <region xml:id="seg-r850" anchors="2483 2484"/>
    <region xml:id="seg-r852" anchors="2485 2493"/>
    <region xml:id="seg-r854" anchors="2494 2504"/>
    <region xml:id="seg-r856" anchors="2505 2510"/>
    <region xml:id="seg-r858" anchors="2511 2513"/>
    <region xml:id="seg-r860" anchors="2514 2519"/>
    <region xml:id="seg-r862" anchors="2520 2523"/>
    <region xml:id="seg-r864" anchors="2524 2530"/>
    <region xml:id="seg-r866" anchors="2531 2535"/>
    <region xml:id="seg-r868" anchors="2536 2541"/>
    <region xml:id="seg-r870" anchors="2542 2547"/>
    <region xml:id="seg-r872" anchors="2548 2551"/>
    <region xml:id="seg-r874" anchors="2552 2556"/>
    <region xml:id="seg-r876" anchors="2557 2563"/>
    <region xml:id="seg-r877" anchors="2563 2564"/>
    <region xml:id="seg-r879" anchors="2565 2568"/>
    <region xml:id="seg-r881" anchors="2569 2577"/>
    <region xml:id="seg-r882" anchors="2577 2578"/>
    <region xml:id="seg-r884" anchors="2580 2584"/>
    <region xml:id="seg-r886" anchors="2585 2588"/>
    <region xml:id="seg-r888" anchors="2589 2598"/>
    <region xml:id="seg-r890" anchors="2599 2602"/>
    <region xml:id="seg-r892" anchors="2603 2606"/>
    <region xml:id="seg-r894" anchors="2607 2622"/>
    <region xml:id="seg-r896" anchors="2623 2627"/>
    <region xml:id="seg-r898" anchors="2628 2636"/>
    <region xml:id="seg-r900" anchors="2637 2644"/>
    <region xml:id="seg-r902" anchors="2645 2647"/>
    <region xml:id="seg-r904" anchors="2648 2651"/>
    <region xml:id="seg-r906" anchors="2652 2657"/>
    <region xml:id="seg-r908" anchors="2658 2664"/>
    <region xml:id="seg-r910" anchors="2665 2669"/>
    <region xml:id="seg-r912" anchors="2670 2676"/>
    <region xml:id="seg-r914" anchors="2677 2680"/>
    <region xml:id="seg-r916" anchors="2681 2688"/>
    <region xml:id="seg-r918" anchors="2689 2692"/>
    <region xml:id="seg-r919" anchors="2692 2693"/>
    <region xml:id="seg-r921" anchors="2695 2703"/>
    <region xml:id="seg-r923" anchors="2704 2708"/>
    <region xml:id="seg-r925" anchors="2709 2714"/>
    <region xml:id="seg-r927" anchors="2715 2721"/>
    <region xml:id="seg-r929" anchors="2722 2725"/>
    <region xml:id="seg-r931" anchors="2726 2727"/>
    <region xml:id="seg-r932" anchors="2727 2728"/>
    <region xml:id="seg-r933" anchors="2728 2732"/>
    <region xml:id="seg-r935" anchors="2733 2745"/>
    <region xml:id="seg-r936" anchors="2745 2746"/>
    <region xml:id="seg-r938" anchors="2747 2756"/>
    <region xml:id="seg-r940" anchors="2757 2762"/>
    <region xml:id="seg-r942" anchors="2763 2770"/>
    <region xml:id="seg-r944" anchors="2771 2774"/>
    <region xml:id="seg-r946" anchors="2775 2783"/>
    <region xml:id="seg-r947" anchors="2783 2785"/>
    <region xml:id="seg-r949" anchors="2786 2792"/>
    <region xml:id="seg-r950" anchors="2792 2793"/>
    <region xml:id="seg-r952" anchors="2794 2796"/>
    <region xml:id="seg-r954" anchors="2797 2800"/>
    <region xml:id="seg-r956" anchors="2801 2808"/>
    <region xml:id="seg-r958" anchors="2809 2813"/>
    <region xml:id="seg-r960" anchors="2814 2817"/>
    <region xml:id="seg-r962" anchors="2818 2820"/>
    <region xml:id="seg-r964" anchors="2821 2830"/>
    <region xml:id="seg-r966" anchors="2831 2833"/>
    <region xml:id="seg-r968" anchors="2834 2836"/>
    <region xml:id="seg-r970" anchors="2837 2844"/>
    <region xml:id="seg-r972" anchors="2845 2847"/>
    <region xml:id="seg-r974" anchors="2848 2853"/>
    <region xml:id="seg-r976" anchors="2854 2858"/>
    <region xml:id="seg-r978" anchors="2859 2864"/>
    <region xml:id="seg-r980" anchors="2865 2868"/>
    <region xml:id="seg-r982" anchors="2869 2872"/>
    <region xml:id="seg-r984" anchors="2873 2879"/>
    <region xml:id="seg-r985" anchors="2879 2880"/>
    <region xml:id="seg-r987" anchors="2882 2884"/>
    <region xml:id="seg-r989" anchors="2885 2895"/>
    <region xml:id="seg-r991" anchors="2896 2899"/>
    <region xml:id="seg-r993" anchors="2900 2906"/>
    <region xml:id="seg-r995" anchors="2907 2909"/>
    <region xml:id="seg-r997" anchors="2910 2917"/>
    <region xml:id="seg-r999" anchors="2918 2923"/>
    <region xml:id="seg-r1001" anchors="2924 2932"/>
    <region xml:id="seg-r1003" anchors="2933 2935"/>
    <region xml:id="seg-r1005" anchors="2936 2944"/>
    <region xml:id="seg-r1007" anchors="2945 2948"/>
    <region xml:id="seg-r1009" anchors="2949 2956"/>
    <region xml:id="seg-r1011" anchors="2957 2960"/>
    <region xml:id="seg-r1013" anchors="2961 2968"/>
    <region xml:id="seg-r1015" anchors="2969 2972"/>
    <region xml:id="seg-r1017" anchors="2973 2978"/>
    <region xml:id="seg-r1019" anchors="2979 2987"/>
    <region xml:id="seg-r1021" anchors="2988 2990"/>
    <region xml:id="seg-r1023" anchors="2991 2994"/>
    <region xml:id="seg-r1025" anchors="2995 2998"/>
    <region xml:id="seg-r1027" anchors="2999 3008"/>
    <region xml:id="seg-r1029" anchors="3009 3012"/>
    <region xml:id="seg-r1031" anchors="3013 3023"/>
    <region xml:id="seg-r1032" anchors="3023 3024"/>
    <region xml:id="seg-r1034" anchors="3025 3027"/>
    <region xml:id="seg-r1036" anchors="3028 3031"/>
    <region xml:id="seg-r1038" anchors="3032 3037"/>
    <region xml:id="seg-r1039" anchors="3037 3038"/>
    <region xml:id="seg-r1041" anchors="3039 3041"/>
    <region xml:id="seg-r1043" anchors="3042 3046"/>
    <region xml:id="seg-r1045" anchors="3047 3054"/>
    <region xml:id="seg-r1047" anchors="3055 3059"/>
    <region xml:id="seg-r1049" anchors="3060 3061"/>
    <region xml:id="seg-r1051" anchors="3062 3067"/>
    <region xml:id="seg-r1053" anchors="3068 3071"/>
    <region xml:id="seg-r1055" anchors="3072 3075"/>
    <region xml:id="seg-r1057" anchors="3076 3083"/>
    <region xml:id="seg-r1059" anchors="3084 3088"/>
    <region xml:id="seg-r1061" anchors="3089 3090"/>
    <region xml:id="seg-r1063" anchors="3091 3096"/>
    <region xml:id="seg-r1064" anchors="3096 3097"/>
    <region xml:id="seg-r1066" anchors="3098 3110"/>
    <region xml:id="seg-r1068" anchors="3111 3122"/>
    <region xml:id="seg-r1070" anchors="3123 3130"/>
    <region xml:id="seg-r1072" anchors="3131 3133"/>
    <region xml:id="seg-r1074" anchors="3134 3138"/>
    <region xml:id="seg-r1076" anchors="3139 3141"/>
    <region xml:id="seg-r1078" anchors="3142 3147"/>
    <region xml:id="seg-r1080" anchors="3148 3151"/>
    <region xml:id="seg-r1082" anchors="3152 3154"/>
    <region xml:id="seg-r1084" anchors="3155 3158"/>
    <region xml:id="seg-r1086" anchors="3159 3161"/>
    <region xml:id="seg-r1088" anchors="3162 3167"/>
    <region xml:id="seg-r1090" anchors="3168 3170"/>
    <region xml:id="seg-r1092" anchors="3171 3173"/>
    <region xml:id="seg-r1094" anchors="3174 3181"/>
    <region xml:id="seg-r1096" anchors="3182 3184"/>
    <region xml:id="seg-r1098" anchors="3185 3186"/>
    <region xml:id="seg-r1100" anchors="3187 3188"/>
    <region xml:id="seg-r1101" anchors="3188 3200"/>
    <region xml:id="seg-r1103" anchors="3201 3209"/>
    <region xml:id="seg-r1104" anchors="3209 3210"/>
    <region xml:id="seg-r1105" anchors="3210 3211"/>
    <region xml:id="seg-r1107" anchors="3213 3215"/>
    <region xml:id="seg-r1109" anchors="3216 3225"/>
    <region xml:id="seg-r1111" anchors="3226 3232"/>
    <region xml:id="seg-r1113" anchors="3233 3245"/>
    <region xml:id="seg-r1115" anchors="3246 3257"/>
    <region xml:id="seg-r1117" anchors="3258 3262"/>
    <region xml:id="seg-r1119" anchors="3263 3266"/>
    <region xml:id="seg-r1121" anchors="3267 3271"/>
    <region xml:id="seg-r1123" anchors="3272 3279"/>
    <region xml:id="seg-r1125" anchors="3280 3285"/>
    <region xml:id="seg-r1127" anchors="3286 3293"/>
    <region xml:id="seg-r1129" anchors="3294 3301"/>
    <region xml:id="seg-r1131" anchors="3302 3306"/>
    <region xml:id="seg-r1133" anchors="3307 3316"/>
    <region xml:id="seg-r1135" anchors="3317 3322"/>
    <region xml:id="seg-r1137" anchors="3323 3327"/>
    <region xml:id="seg-r1139" anchors="3328 3332"/>
    <region xml:id="seg-r1141" anchors="3333 3340"/>
    <region xml:id="seg-r1143" anchors="3341 3344"/>
    <region xml:id="seg-r1145" anchors="3345 3352"/>
    <region xml:id="seg-r1147" anchors="3353 3358"/>
    <region xml:id="seg-r1148" anchors="3358 3359"/>
    <region xml:id="seg-r1150" anchors="3361 3366"/>
    <region xml:id="seg-r1152" anchors="3367 3370"/>
    <region xml:id="seg-r1154" anchors="3371 3378"/>
    <region xml:id="seg-r1155" anchors="3378 3379"/>
    <region xml:id="seg-r1157" anchors="3380 3389"/>
    <region xml:id="seg-r1159" anchors="3390 3396"/>
    <region xml:id="seg-r1161" anchors="3397 3400"/>
    <region xml:id="seg-r1163" anchors="3401 3406"/>
    <region xml:id="seg-r1165" anchors="3407 3417"/>
    <region xml:id="seg-r1167" anchors="3418 3425"/>
    <region xml:id="seg-r1169" anchors="3426 3428"/>
    <region xml:id="seg-r1171" anchors="3429 3432"/>
    <region xml:id="seg-r1173" anchors="3433 3440"/>
    <region xml:id="seg-r1175" anchors="3441 3443"/>
    <region xml:id="seg-r1177" anchors="3444 3447"/>
    <region xml:id="seg-r1179" anchors="3448 3452"/>
    <region xml:id="seg-r1181" anchors="3453 3455"/>
    <region xml:id="seg-r1183" anchors="3456 3460"/>
    <region xml:id="seg-r1185" anchors="3461 3465"/>
    <region xml:id="seg-r1187" anchors="3466 3473"/>
    <region xml:id="seg-r1189" anchors="3474 3479"/>
    <region xml:id="seg-r1191" anchors="3480 3483"/>
    <region xml:id="seg-r1193" anchors="3484 3487"/>
    <region xml:id="seg-r1195" anchors="3488 3501"/>
    <region xml:id="seg-r1197" anchors="3502 3507"/>
    <region xml:id="seg-r1199" anchors="3508 3510"/>
    <region xml:id="seg-r1201" anchors="3511 3516"/>
    <region xml:id="seg-r1202" anchors="3516 3517"/>
    <region xml:id="seg-r1204" anchors="3519 3522"/>
    <region xml:id="seg-r1206" anchors="3523 3526"/>
    <region xml:id="seg-r1208" anchors="3527 3537"/>
    <region xml:id="seg-r1209" anchors="3537 3538"/>
    <region xml:id="seg-r1211" anchors="3539 3543"/>
    <region xml:id="seg-r1212" anchors="3543 3544"/>
    <region xml:id="seg-r1214" anchors="3545 3547"/>
    <region xml:id="seg-r1216" anchors="3548 3560"/>
    <region xml:id="seg-r1218" anchors="3561 3563"/>
    <region xml:id="seg-r1220" anchors="3564 3567"/>
    <region xml:id="seg-r1222" anchors="3568 3576"/>
    <region xml:id="seg-r1224" anchors="3577 3579"/>
    <region xml:id="seg-r1226" anchors="3580 3588"/>
    <region xml:id="seg-r1228" anchors="3589 3593"/>
    <region xml:id="seg-r1230" anchors="3594 3596"/>
    <region xml:id="seg-r1232" anchors="3597 3599"/>
    <region xml:id="seg-r1234" anchors="3600 3609"/>
    <region xml:id="seg-r1236" anchors="3610 3614"/>
    <region xml:id="seg-r1238" anchors="3615 3624"/>
    <region xml:id="seg-r1239" anchors="3624 3625"/>
    <region xml:id="seg-r1241" anchors="3626 3629"/>
    <region xml:id="seg-r1243" anchors="3630 3638"/>
    <region xml:id="seg-r1245" anchors="3639 3641"/>
    <region xml:id="seg-r1247" anchors="3642 3644"/>
    <region xml:id="seg-r1249" anchors="3645 3647"/>
    <region xml:id="seg-r1251" anchors="3648 3651"/>
    <region xml:id="seg-r1253" anchors="3652 3658"/>
    <region xml:id="seg-r1255" anchors="3659 3668"/>
    <region xml:id="seg-r1257" anchors="3669 3675"/>
    <region xml:id="seg-r1259" anchors="3676 3679"/>
    <region xml:id="seg-r1261" anchors="3680 3686"/>
    <region xml:id="seg-r1263" anchors="3687 3691"/>
    <region xml:id="seg-r1265" anchors="3692 3694"/>
    <region xml:id="seg-r1267" anchors="3695 3701"/>
    <region xml:id="seg-r1269" anchors="3702 3706"/>
    <region xml:id="seg-r1271" anchors="3707 3708"/>
    <region xml:id="seg-r1273" anchors="3709 3715"/>
    <region xml:id="seg-r1275" anchors="3716 3718"/>
    <region xml:id="seg-r1277" anchors="3719 3727"/>
    <region xml:id="seg-r1278" anchors="3727 3728"/>
    <region xml:id="seg-r1280" anchors="3730 3732"/>
    <region xml:id="seg-r1282" anchors="3733 3744"/>
    <region xml:id="seg-r1283" anchors="3744 3745"/>
    <region xml:id="seg-r1285" anchors="3746 3747"/>
    <region xml:id="seg-r1287" anchors="3748 3752"/>
    <region xml:id="seg-r1289" anchors="3753 3755"/>
    <region xml:id="seg-r1291" anchors="3756 3760"/>
    <region xml:id="seg-r1293" anchors="3761 3764"/>
    <region xml:id="seg-r1295" anchors="3765 3768"/>
    <region xml:id="seg-r1296" anchors="3768 3769"/>
    <region xml:id="seg-r1298" anchors="3770 3773"/>
    <region xml:id="seg-r1300" anchors="3774 3778"/>
    <region xml:id="seg-r1302" anchors="3779 3781"/>
    <region xml:id="seg-r1304" anchors="3782 3785"/>
    <region xml:id="seg-r1306" anchors="3786 3789"/>
    <region xml:id="seg-r1308" anchors="3790 3794"/>
    <region xml:id="seg-r1310" anchors="3795 3800"/>
    <region xml:id="seg-r1312" anchors="3801 3803"/>
    <region xml:id="seg-r1314" anchors="3804 3813"/>
    <region xml:id="seg-r1316" anchors="3814 3819"/>
    <region xml:id="seg-r1318" anchors="3820 3831"/>
    <region xml:id="seg-r1320" anchors="3832 3837"/>
    <region xml:id="seg-r1322" anchors="3838 3839"/>
    <region xml:id="seg-r1324" anchors="3840 3845"/>
    <region xml:id="seg-r1325" anchors="3845 3846"/>
    <region xml:id="seg-r1327" anchors="3848 3850"/>
    <region xml:id="seg-r1329" anchors="3851 3852"/>
    <region xml:id="seg-r1331" anchors="3853 3857"/>
    <region xml:id="seg-r1333" anchors="3858 3861"/>
    <region xml:id="seg-r1335" anchors="3862 3866"/>
    <region xml:id="seg-r1336" anchors="3866 3867"/>
    <region xml:id="seg-r1338" anchors="3868 3869"/>
    <region xml:id="seg-r1340" anchors="3870 3875"/>
    <region xml:id="seg-r1342" anchors="3876 3882"/>
    <region xml:id="seg-r1344" anchors="3883 3890"/>
    <region xml:id="seg-r1346" anchors="3891 3900"/>
    <region xml:id="seg-r1347" anchors="3900 3901"/>
    <region xml:id="seg-r1349" anchors="3903 3905"/>
    <region xml:id="seg-r1351" anchors="3906 3910"/>
    <region xml:id="seg-r1353" anchors="3911 3917"/>
    <region xml:id="seg-r1355" anchors="3918 3920"/>
    <region xml:id="seg-r1357" anchors="3921 3926"/>
    <region xml:id="seg-r1359" anchors="3927 3928"/>
    <region xml:id="seg-r1361" anchors="3929 3932"/>
    <region xml:id="seg-r1363" anchors="3933 3944"/>
    <region xml:id="seg-r1365" anchors="3945 3947"/>
    <region xml:id="seg-r1367" anchors="3948 3951"/>
    <region xml:id="seg-r1369" anchors="3952 3956"/>
    <region xml:id="seg-r1370" anchors="3956 3957"/>
    <region xml:id="seg-r1372" anchors="3958 3961"/>
    <region xml:id="seg-r1374" anchors="3962 3971"/>
    <region xml:id="seg-r1376" anchors="3972 3974"/>
    <region xml:id="seg-r1378" anchors="3975 3978"/>
    <region xml:id="seg-r1380" anchors="3979 3986"/>
    <region xml:id="seg-r1381" anchors="3986 3987"/>
    <region xml:id="seg-r1383" anchors="3989 3992"/>
    <region xml:id="seg-r1385" anchors="3993 3997"/>
    <region xml:id="seg-r1387" anchors="3998 4000"/>
    <region xml:id="seg-r1389" anchors="4001 4007"/>
    <region xml:id="seg-r1391" anchors="4008 4010"/>
    <region xml:id="seg-r1393" anchors="4011 4013"/>
    <region xml:id="seg-r1394" anchors="4013 4014"/>
    <region xml:id="seg-r1396" anchors="4016 4020"/>
    <region xml:id="seg-r1398" anchors="4021 4022"/>
    <region xml:id="seg-r1400" anchors="4023 4025"/>
    <region xml:id="seg-r1402" anchors="4026 4033"/>
    <region xml:id="seg-r1404" anchors="4034 4036"/>
    <region xml:id="seg-r1406" anchors="4037 4039"/>
    <region xml:id="seg-r1408" anchors="4040 4044"/>
    <region xml:id="seg-r1410" anchors="4045 4056"/>
    <region xml:id="seg-r1412" anchors="4057 4063"/>
    <region xml:id="seg-r1413" anchors="4063 4064"/>
    <region xml:id="seg-r1415" anchors="4065 4072"/>
    <region xml:id="seg-r1417" anchors="4073 4076"/>
    <region xml:id="seg-r1419" anchors="4077 4081"/>
    <region xml:id="seg-r1421" anchors="4082 4085"/>
    <region xml:id="seg-r1423" anchors="4086 4094"/>
    <region xml:id="seg-r1425" anchors="4095 4101"/>
    <region xml:id="seg-r1427" anchors="4102 4104"/>
    <region xml:id="seg-r1429" anchors="4105 4106"/>
    <region xml:id="seg-r1431" anchors="4107 4116"/>
    <region xml:id="seg-r1433" anchors="4117 4125"/>
    <region xml:id="seg-r1435" anchors="4126 4135"/>
    <region xml:id="seg-r1436" anchors="4135 4136"/>
    <region xml:id="seg-r1438" anchors="4137 4138"/>
    <region xml:id="seg-r1439" anchors="4138 4140"/>
    <region xml:id="seg-r1441" anchors="4141 4148"/>
    <region xml:id="seg-r1443" anchors="4149 4158"/>
    <region xml:id="seg-r1445" anchors="4159 4166"/>
    <region xml:id="seg-r1447" anchors="4167 4171"/>
    <region xml:id="seg-r1448" anchors="4171 4172"/>
    <region xml:id="seg-r1450" anchors="4173 4176"/>
    <region xml:id="seg-r1452" anchors="4177 4178"/>
    <region xml:id="seg-r1454" anchors="4179 4183"/>
    <region xml:id="seg-r1456" anchors="4184 4188"/>
    <region xml:id="seg-r1458" anchors="4189 4191"/>
    <region xml:id="seg-r1460" anchors="4192 4196"/>
    <region xml:id="seg-r1462" anchors="4197 4200"/>
    <region xml:id="seg-r1463" anchors="4200 4201"/>
    <region xml:id="seg-r1465" anchors="4202 4210"/>
    <region xml:id="seg-r1467" anchors="4211 4215"/>
    <region xml:id="seg-r1469" anchors="4216 4219"/>
    <region xml:id="seg-r1471" anchors="4220 4226"/>
    <region xml:id="seg-r1473" anchors="4227 4230"/>
    <region xml:id="seg-r1475" anchors="4231 4238"/>
    <region xml:id="seg-r1477" anchors="4239 4240"/>
    <region xml:id="seg-r1479" anchors="4241 4249"/>
    <region xml:id="seg-r1481" anchors="4250 4254"/>
    <region xml:id="seg-r1482" anchors="4254 4255"/>
    <region xml:id="seg-r1484" anchors="4257 4259"/>
    <region xml:id="seg-r1486" anchors="4260 4262"/>
    <region xml:id="seg-r1488" anchors="4263 4268"/>
    <region xml:id="seg-r1490" anchors="4269 4279"/>
    <region xml:id="seg-r1492" anchors="4280 4283"/>
    <region xml:id="seg-r1494" anchors="4284 4286"/>
    <region xml:id="seg-r1495" anchors="4286 4287"/>
    <region xml:id="seg-r1497" anchors="4288 4291"/>
    <region xml:id="seg-r1499" anchors="4292 4294"/>
    <region xml:id="seg-r1501" anchors="4295 4300"/>
    <region xml:id="seg-r1503" anchors="4301 4304"/>
    <region xml:id="seg-r1505" anchors="4305 4307"/>
    <region xml:id="seg-r1507" anchors="4308 4312"/>
    <region xml:id="seg-r1509" anchors="4313 4317"/>
    <region xml:id="seg-r1511" anchors="4318 4320"/>
    <region xml:id="seg-r1513" anchors="4321 4325"/>
    <region xml:id="seg-r1515" anchors="4326 4328"/>
    <region xml:id="seg-r1517" anchors="4329 4332"/>
    <region xml:id="seg-r1519" anchors="4333 4341"/>
    <region xml:id="seg-r1521" anchors="4342 4347"/>
    <region xml:id="seg-r1523" anchors="4348 4351"/>
    <region xml:id="seg-r1525" anchors="4352 4355"/>
    <region xml:id="seg-r1527" anchors="4356 4359"/>
    <region xml:id="seg-r1529" anchors="4360 4364"/>
    <region xml:id="seg-r1531" anchors="4365 4368"/>
    <region xml:id="seg-r1533" anchors="4369 4372"/>
    <region xml:id="seg-r1535" anchors="4373 4375"/>
    <region xml:id="seg-r1537" anchors="4376 4379"/>
    <region xml:id="seg-r1539" anchors="4380 4385"/>
    <region xml:id="seg-r1540" anchors="4385 4386"/>
    <region xml:id="seg-r1542" anchors="4388 4389"/>
    <region xml:id="seg-r1543" anchors="4389 4390"/>
    <region xml:id="seg-r1545" anchors="4391 4396"/>
    <region xml:id="seg-r1547" anchors="4397 4401"/>
    <region xml:id="seg-r1549" anchors="4402 4407"/>
    <region xml:id="seg-r1551" anchors="4408 4410"/>
    <region xml:id="seg-r1553" anchors="4411 4414"/>
    <region xml:id="seg-r1555" anchors="4415 4418"/>
    <region xml:id="seg-r1557" anchors="4419 4421"/>
    <region xml:id="seg-r1559" anchors="4422 4425"/>
    <region xml:id="seg-r1561" anchors="4426 4431"/>
    <region xml:id="seg-r1562" anchors="4431 4432"/>
    <region xml:id="seg-r1563" anchors="4432 4433"/>
    <region xml:id="seg-r1565" anchors="4434 4443"/>
    <region xml:id="seg-r1567" anchors="4444 4448"/>
    <region xml:id="seg-r1569" anchors="4449 4453"/>
    <region xml:id="seg-r1571" anchors="4454 4455"/>
    <region xml:id="seg-r1573" anchors="4456 4461"/>
    <region xml:id="seg-r1575" anchors="4462 4465"/>
    <region xml:id="seg-r1576" anchors="4465 4466"/>
    <region xml:id="seg-r1578" anchors="4468 4469"/>
    <region xml:id="seg-r1579" anchors="4469 4470"/>
    <region xml:id="seg-r1581" anchors="4471 4476"/>
    <region xml:id="seg-r1583" anchors="4477 4484"/>
    <region xml:id="seg-r1585" anchors="4485 4488"/>
    <region xml:id="seg-r1587" anchors="4489 4493"/>
    <region xml:id="seg-r1589" anchors="4494 4498"/>
    <region xml:id="seg-r1591" anchors="4499 4500"/>
    <region xml:id="seg-r1593" anchors="4501 4506"/>
    <region xml:id="seg-r1595" anchors="4507 4510"/>
    <region xml:id="seg-r1597" anchors="4511 4514"/>
    <region xml:id="seg-r1598" anchors="4514 4515"/>
    <region xml:id="seg-r1600" anchors="4516 4519"/>
    <region xml:id="seg-r1602" anchors="4520 4524"/>
    <region xml:id="seg-r1604" anchors="4525 4529"/>
    <region xml:id="seg-r1606" anchors="4530 4531"/>
    <region xml:id="seg-r1608" anchors="4532 4537"/>
    <region xml:id="seg-r1610" anchors="4538 4545"/>
    <region xml:id="seg-r1612" anchors="4546 4548"/>
    <region xml:id="seg-r1614" anchors="4549 4552"/>
    <region xml:id="seg-r1616" anchors="4553 4556"/>
    <region xml:id="seg-r1618" anchors="4557 4560"/>
    <region xml:id="seg-r1620" anchors="4561 4565"/>
    <region xml:id="seg-r1622" anchors="4566 4569"/>
    <region xml:id="seg-r1624" anchors="4570 4580"/>
    <region xml:id="seg-r1626" anchors="4581 4585"/>
    <region xml:id="seg-r1628" anchors="4586 4589"/>
    <region xml:id="seg-r1630" anchors="4590 4598"/>
    <region xml:id="seg-r1632" anchors="4599 4604"/>
    <region xml:id="seg-r1634" anchors="4605 4607"/>
    <region xml:id="seg-r1636" anchors="4608 4610"/>
    <region xml:id="seg-r1638" anchors="4611 4615"/>
    <region xml:id="seg-r1640" anchors="4616 4620"/>
    <region xml:id="seg-r1641" anchors="4620 4621"/>
    <region xml:id="seg-r1643" anchors="4622 4624"/>
    <region xml:id="seg-r1645" anchors="4625 4635"/>
    <region xml:id="seg-r1646" anchors="4635 4636"/>
    <region xml:id="seg-r1648" anchors="4637 4638"/>
    <region xml:id="seg-r1650" anchors="4639 4644"/>
    <region xml:id="seg-r1652" anchors="4645 4648"/>
    <region xml:id="seg-r1654" anchors="4649 4654"/>
    <region xml:id="seg-r1655" anchors="4654 4655"/>
    <region xml:id="seg-r1656" anchors="4655 4656"/>
    <region xml:id="seg-r1658" anchors="4658 4659"/>
    <region xml:id="seg-r1660" anchors="4660 4663"/>
    <region xml:id="seg-r1661" anchors="4663 4666"/>
    <region xml:id="seg-r1663" anchors="4667 4670"/>
    <region xml:id="seg-r1665" anchors="4671 4679"/>
    <region xml:id="seg-r1667" anchors="4680 4683"/>
    <region xml:id="seg-r1669" anchors="4684 4688"/>
    <region xml:id="seg-r1671" anchors="4689 4696"/>
    <region xml:id="seg-r1672" anchors="4696 4697"/>
    <region xml:id="seg-r1674" anchors="4698 4701"/>
    <region xml:id="seg-r1676" anchors="4702 4704"/>
    <region xml:id="seg-r1678" anchors="4705 4714"/>
    <region xml:id="seg-r1680" anchors="4715 4718"/>
    <region xml:id="seg-r1682" anchors="4719 4723"/>
    <region xml:id="seg-r1684" anchors="4724 4728"/>
    <region xml:id="seg-r1686" anchors="4729 4735"/>
    <region xml:id="seg-r1688" anchors="4736 4739"/>
    <region xml:id="seg-r1690" anchors="4740 4747"/>
    <region xml:id="seg-r1692" anchors="4748 4752"/>
    <region xml:id="seg-r1693" anchors="4752 4753"/>
    <region xml:id="seg-r1695" anchors="4754 4763"/>
    <region xml:id="seg-r1697" anchors="4764 4771"/>
    <region xml:id="seg-r1699" anchors="4772 4775"/>
    <region xml:id="seg-r1701" anchors="4776 4788"/>
    <region xml:id="seg-r1703" anchors="4789 4792"/>
    <region xml:id="seg-r1705" anchors="4793 4796"/>
    <region xml:id="seg-r1706" anchors="4796 4797"/>
    <region xml:id="seg-r1708" anchors="4798 4803"/>
    <region xml:id="seg-r1710" anchors="4804 4809"/>
    <region xml:id="seg-r1712" anchors="4810 4814"/>
    <region xml:id="seg-r1714" anchors="4815 4823"/>
    <region xml:id="seg-r1716" anchors="4824 4831"/>
    <region xml:id="seg-r1717" anchors="4831 4832"/>
    <region xml:id="seg-r1719" anchors="4834 4841"/>
    <region xml:id="seg-r1720" anchors="4841 4842"/>
    <region xml:id="seg-r1722" anchors="4843 4844"/>
    <region xml:id="seg-r1724" anchors="4845 4850"/>
    <region xml:id="seg-r1725" anchors="4850 4851"/>
    <region xml:id="seg-r1727" anchors="4852 4853"/>
    <region xml:id="seg-r1728" anchors="4853 4856"/>
    <region xml:id="seg-r1730" anchors="4857 4860"/>
    <region xml:id="seg-r1731" anchors="4860 4863"/>
    <region xml:id="seg-r1733" anchors="4864 4868"/>
    <region xml:id="seg-r1735" anchors="4869 4871"/>
    <region xml:id="seg-r1737" anchors="4872 4875"/>
    <region xml:id="seg-r1738" anchors="4875 4876"/>
    <region xml:id="seg-r1739" anchors="4876 4877"/>
    <region xml:id="seg-r1741" anchors="4879 4880"/>
    <region xml:id="seg-r1742" anchors="4880 4882"/>
    <region xml:id="seg-r1743" anchors="4882 4883"/>
    <region xml:id="seg-r1745" anchors="4884 4888"/>
    <region xml:id="seg-r1746" anchors="4888 4890"/>
    <region xml:id="seg-r1748" anchors="4891 4895"/>
    <region xml:id="seg-r1749" anchors="4895 4896"/>
    <region xml:id="seg-r1750" anchors="4896 4897"/>
    <region xml:id="seg-r1752" anchors="4898 4900"/>
    <region xml:id="seg-r1754" anchors="4901 4905"/>
    <region xml:id="seg-r1755" anchors="4905 4906"/>
    <region xml:id="seg-r1757" anchors="4908 4909"/>
    <region xml:id="seg-r1758" anchors="4909 4912"/>
    <region xml:id="seg-r1760" anchors="4913 4922"/>
    <region xml:id="seg-r1761" anchors="4922 4923"/>
    <region xml:id="seg-r1762" anchors="4923 4924"/>
    <region xml:id="seg-r1764" anchors="4926 4927"/>
    <region xml:id="seg-r1765" anchors="4927 4930"/>
    <region xml:id="seg-r1767" anchors="4931 4940"/>
    <region xml:id="seg-r1768" anchors="4940 4941"/>
    <region xml:id="seg-r1770" anchors="4943 4944"/>
    <region xml:id="seg-r1772" anchors="4945 4947"/>
    <region xml:id="seg-r1773" anchors="4947 4950"/>
    <region xml:id="seg-r1775" anchors="4951 4961"/>
    <region xml:id="seg-r1776" anchors="4961 4962"/>
    <region xml:id="seg-r1777" anchors="4962 4963"/>
    <region xml:id="seg-r1779" anchors="4964 4965"/>
    <region xml:id="seg-r1781" anchors="4966 4970"/>
    <region xml:id="seg-r1782" anchors="4970 4971"/>
    <region xml:id="seg-r1784" anchors="4972 4982"/>
    <region xml:id="seg-r1786" anchors="4983 4991"/>
    <region xml:id="seg-r1787" anchors="4991 4992"/>
    <region xml:id="seg-r1789" anchors="4994 4995"/>
    <region xml:id="seg-r1790" anchors="4995 4998"/>
    <region xml:id="seg-r1792" anchors="4999 5008"/>
    <region xml:id="seg-r1793" anchors="5008 5009"/>
    <region xml:id="seg-r1795" anchors="5011 5013"/>
    <region xml:id="seg-r1796" anchors="5013 5014"/>
    <region xml:id="seg-r1798" anchors="5015 5019"/>
    <region xml:id="seg-r1800" anchors="5020 5024"/>
    <region xml:id="seg-r1802" anchors="5025 5028"/>
    <region xml:id="seg-r1804" anchors="5029 5033"/>
    <region xml:id="seg-r1806" anchors="5034 5037"/>
    <region xml:id="seg-r1808" anchors="5038 5042"/>
    <region xml:id="seg-r1809" anchors="5042 5043"/>
    <region xml:id="seg-r1811" anchors="5044 5045"/>
    <region xml:id="seg-r1812" anchors="5045 5047"/>
    <region xml:id="seg-r1813" anchors="5047 5050"/>
    <region xml:id="seg-r1815" anchors="5051 5056"/>
    <region xml:id="seg-r1817" anchors="5057 5059"/>
    <region xml:id="seg-r1819" anchors="5060 5062"/>
    <region xml:id="seg-r1821" anchors="5063 5066"/>
    <region xml:id="seg-r1823" anchors="5067 5069"/>
    <region xml:id="seg-r1825" anchors="5070 5079"/>
    <region xml:id="seg-r1826" anchors="5079 5080"/>
    <region xml:id="seg-r1827" anchors="5080 5081"/>
    <region xml:id="seg-r1829" anchors="5083 5086"/>
    <region xml:id="seg-r1831" anchors="5087 5096"/>
    <region xml:id="seg-r1833" anchors="5097 5102"/>
    <region xml:id="seg-r1835" anchors="5103 5107"/>
    <region xml:id="seg-r1836" anchors="5107 5108"/>
    <region xml:id="seg-r1838" anchors="5109 5112"/>
    <region xml:id="seg-r1840" anchors="5113 5122"/>
    <region xml:id="seg-r1842" anchors="5123 5128"/>
    <region xml:id="seg-r1844" anchors="5129 5131"/>
    <region xml:id="seg-r1845" anchors="5131 5132"/>
    <region xml:id="seg-r1847" anchors="5134 5138"/>
    <region xml:id="seg-r1849" anchors="5139 5143"/>
    <region xml:id="seg-r1850" anchors="5143 5145"/>
    <region xml:id="seg-r1852" anchors="5146 5149"/>
    <region xml:id="seg-r1853" anchors="5149 5150"/>
    <region xml:id="seg-r1855" anchors="5151 5152"/>
    <region xml:id="seg-r1856" anchors="5152 5154"/>
    <region xml:id="seg-r1857" anchors="5154 5157"/>
    <region xml:id="seg-r1859" anchors="5158 5163"/>
    <region xml:id="seg-r1861" anchors="5164 5166"/>
    <region xml:id="seg-r1863" anchors="5167 5169"/>
    <region xml:id="seg-r1865" anchors="5170 5173"/>
    <region xml:id="seg-r1867" anchors="5174 5176"/>
    <region xml:id="seg-r1869" anchors="5177 5183"/>
    <region xml:id="seg-r1870" anchors="5183 5184"/>
    <region xml:id="seg-r1871" anchors="5184 5185"/>
    <region xml:id="seg-r1873" anchors="5187 5190"/>
    <region xml:id="seg-r1875" anchors="5191 5197"/>
    <region xml:id="seg-r1877" anchors="5198 5203"/>
    <region xml:id="seg-r1879" anchors="5204 5208"/>
    <region xml:id="seg-r1880" anchors="5208 5209"/>
    <region xml:id="seg-r1882" anchors="5210 5213"/>
    <region xml:id="seg-r1884" anchors="5214 5220"/>
    <region xml:id="seg-r1886" anchors="5221 5226"/>
    <region xml:id="seg-r1888" anchors="5227 5229"/>
    <region xml:id="seg-r1889" anchors="5229 5230"/>
    <region xml:id="seg-r1891" anchors="5232 5235"/>
    <region xml:id="seg-r1893" anchors="5236 5240"/>
    <region xml:id="seg-r1895" anchors="5241 5253"/>
    <region xml:id="seg-r1896" anchors="5253 5254"/>
    <region xml:id="seg-r1898" anchors="5255 5258"/>
    <region xml:id="seg-r1900" anchors="5259 5263"/>
    <region xml:id="seg-r1902" anchors="5264 5266"/>
    <region xml:id="seg-r1904" anchors="5267 5272"/>
    <region xml:id="seg-r1906" anchors="5273 5275"/>
    <region xml:id="seg-r1908" anchors="5276 5285"/>
    <region xml:id="seg-r1910" anchors="5286 5291"/>
    <region xml:id="seg-r1911" anchors="5291 5292"/>
    <region xml:id="seg-r1913" anchors="5294 5297"/>
    <region xml:id="seg-r1915" anchors="5298 5302"/>
    <region xml:id="seg-r1917" anchors="5303 5307"/>
    <region xml:id="seg-r1919" anchors="5308 5310"/>
    <region xml:id="seg-r1921" anchors="5311 5312"/>
    <region xml:id="seg-r1923" anchors="5313 5319"/>
    <region xml:id="seg-r1925" anchors="5320 5325"/>
    <region xml:id="seg-r1926" anchors="5325 5326"/>
    <region xml:id="seg-r1927" anchors="5326 5327"/>
    <region xml:id="seg-r1929" anchors="5329 5334"/>
    <region xml:id="seg-r1931" anchors="5335 5342"/>
    <region xml:id="seg-r1933" anchors="5343 5347"/>
    <region xml:id="seg-r1935" anchors="5348 5353"/>
    <region xml:id="seg-r1936" anchors="5353 5354"/>
    <region xml:id="seg-r1938" anchors="5355 5357"/>
    <region xml:id="seg-r1940" anchors="5358 5364"/>
    <region xml:id="seg-r1942" anchors="5365 5367"/>
    <region xml:id="seg-r1944" anchors="5368 5370"/>
    <region xml:id="seg-r1946" anchors="5371 5374"/>
    <region xml:id="seg-r1948" anchors="5375 5379"/>
    <region xml:id="seg-r1949" anchors="5379 5380"/>
    <region xml:id="seg-r1951" anchors="5381 5382"/>
    <region xml:id="seg-r1952" anchors="5382 5386"/>
    <region xml:id="seg-r1954" anchors="5387 5389"/>
    <region xml:id="seg-r1956" anchors="5390 5391"/>
    <region xml:id="seg-r1958" anchors="5392 5396"/>
    <region xml:id="seg-r1960" anchors="5397 5406"/>
    <region xml:id="seg-r1962" anchors="5407 5413"/>
    <region xml:id="seg-r1963" anchors="5413 5414"/>
    <region xml:id="seg-r1965" anchors="5416 5419"/>
    <region xml:id="seg-r1967" anchors="5420 5424"/>
    <region xml:id="seg-r1969" anchors="5425 5430"/>
    <region xml:id="seg-r1971" anchors="5431 5438"/>
    <region xml:id="seg-r1973" anchors="5439 5444"/>
    <region xml:id="seg-r1975" anchors="5445 5449"/>
    <region xml:id="seg-r1977" anchors="5450 5453"/>
    <region xml:id="seg-r1979" anchors="5454 5458"/>
    <region xml:id="seg-r1981" anchors="5459 5466"/>
    <region xml:id="seg-r1983" anchors="5467 5469"/>
    <region xml:id="seg-r1985" anchors="5470 5473"/>
    <region xml:id="seg-r1987" anchors="5474 5477"/>
    <region xml:id="seg-r1989" anchors="5478 5479"/>
    <region xml:id="seg-r1991" anchors="5480 5485"/>
    <region xml:id="seg-r1993" anchors="5486 5489"/>
    <region xml:id="seg-r1995" anchors="5490 5493"/>
    <region xml:id="seg-r1997" anchors="5494 5499"/>
    <region xml:id="seg-r1999" anchors="5500 5506"/>
    <region xml:id="seg-r2001" anchors="5507 5509"/>
    <region xml:id="seg-r2003" anchors="5510 5514"/>
    <region xml:id="seg-r2005" anchors="5515 5516"/>
    <region xml:id="seg-r2007" anchors="5517 5521"/>
    <region xml:id="seg-r2009" anchors="5522 5525"/>
    <region xml:id="seg-r2011" anchors="5526 5530"/>
    <region xml:id="seg-r2013" anchors="5531 5534"/>
    <region xml:id="seg-r2015" anchors="5535 5545"/>
    <region xml:id="seg-r2017" anchors="5546 5548"/>
    <region xml:id="seg-r2019" anchors="5549 5557"/>
    <region xml:id="seg-r2021" anchors="5558 5561"/>
    <region xml:id="seg-r2023" anchors="5562 5566"/>
    <region xml:id="seg-r2025" anchors="5567 5573"/>
    <region xml:id="seg-r2027" anchors="5574 5579"/>
    <region xml:id="seg-r2029" anchors="5580 5582"/>
    <region xml:id="seg-r2031" anchors="5583 5587"/>
    <region xml:id="seg-r2033" anchors="5588 5595"/>
    <region xml:id="seg-r2035" anchors="5596 5603"/>
    <region xml:id="seg-r2036" anchors="5603 5604"/>
    <region xml:id="seg-r2038" anchors="5605 5613"/>
    <region xml:id="seg-r2040" anchors="5614 5618"/>
    <region xml:id="seg-r2042" anchors="5619 5624"/>
    <region xml:id="seg-r2044" anchors="5625 5627"/>
    <region xml:id="seg-r2045" anchors="5627 5628"/>
    <region xml:id="seg-r2046" anchors="5628 5629"/>
    <region xml:id="seg-r2048" anchors="5631 5633"/>
    <region xml:id="seg-r2050" anchors="5634 5646"/>
    <region xml:id="seg-r2052" anchors="5647 5651"/>
    <region xml:id="seg-r2054" anchors="5652 5661"/>
    <region xml:id="seg-r2056" anchors="5662 5665"/>
    <region xml:id="seg-r2058" anchors="5666 5667"/>
    <region xml:id="seg-r2060" anchors="5668 5676"/>
    <region xml:id="seg-r2062" anchors="5677 5686"/>
    <region xml:id="seg-r2064" anchors="5687 5689"/>
    <region xml:id="seg-r2066" anchors="5690 5692"/>
    <region xml:id="seg-r2067" anchors="5692 5693"/>
    <region xml:id="seg-r2069" anchors="5694 5697"/>
    <region xml:id="seg-r2071" anchors="5698 5699"/>
    <region xml:id="seg-r2073" anchors="5700 5705"/>
    <region xml:id="seg-r2075" anchors="5706 5712"/>
    <region xml:id="seg-r2077" anchors="5713 5723"/>
    <region xml:id="seg-r2079" anchors="5724 5726"/>
    <region xml:id="seg-r2081" anchors="5727 5728"/>
    <region xml:id="seg-r2083" anchors="5729 5737"/>
    <region xml:id="seg-r2085" anchors="5738 5744"/>
    <region xml:id="seg-r2087" anchors="5745 5750"/>
    <region xml:id="seg-r2089" anchors="5751 5753"/>
    <region xml:id="seg-r2091" anchors="5754 5762"/>
    <region xml:id="seg-r2093" anchors="5763 5767"/>
    <region xml:id="seg-r2095" anchors="5768 5773"/>
    <region xml:id="seg-r2097" anchors="5774 5776"/>
    <region xml:id="seg-r2099" anchors="5777 5784"/>
    <region xml:id="seg-r2101" anchors="5785 5789"/>
    <region xml:id="seg-r2103" anchors="5790 5793"/>
    <region xml:id="seg-r2105" anchors="5794 5802"/>
    <region xml:id="seg-r2107" anchors="5803 5805"/>
    <region xml:id="seg-r2109" anchors="5806 5809"/>
    <region xml:id="seg-r2111" anchors="5810 5814"/>
    <region xml:id="seg-r2113" anchors="5815 5824"/>
    <region xml:id="seg-r2115" anchors="5825 5829"/>
    <region xml:id="seg-r2117" anchors="5830 5834"/>
    <region xml:id="seg-r2119" anchors="5835 5845"/>
    <region xml:id="seg-r2121" anchors="5846 5848"/>
    <region xml:id="seg-r2123" anchors="5849 5855"/>
    <region xml:id="seg-r2125" anchors="5856 5861"/>
    <region xml:id="seg-r2127" anchors="5862 5867"/>
    <region xml:id="seg-r2129" anchors="5868 5874"/>
    <region xml:id="seg-r2131" anchors="5875 5881"/>
    <region xml:id="seg-r2133" anchors="5882 5886"/>
    <region xml:id="seg-r2135" anchors="5887 5892"/>
    <region xml:id="seg-r2137" anchors="5893 5898"/>
    <region xml:id="seg-r2139" anchors="5899 5903"/>
    <region xml:id="seg-r2141" anchors="5904 5916"/>
    <region xml:id="seg-r2143" anchors="5917 5925"/>
    <region xml:id="seg-r2145" anchors="5926 5929"/>
    <region xml:id="seg-r2147" anchors="5930 5940"/>
    <region xml:id="seg-r2148" anchors="5940 5941"/>
    <region xml:id="seg-r2150" anchors="5943 5945"/>
    <region xml:id="seg-r2152" anchors="5946 5951"/>
    <region xml:id="seg-r2154" anchors="5952 5956"/>
    <region xml:id="seg-r2156" anchors="5957 5966"/>
    <region xml:id="seg-r2158" anchors="5967 5971"/>
    <region xml:id="seg-r2160" anchors="5972 5978"/>
    <region xml:id="seg-r2162" anchors="5979 5984"/>
    <region xml:id="seg-r2164" anchors="5985 5993"/>
    <region xml:id="seg-r2166" anchors="5994 5995"/>
    <region xml:id="seg-r2168" anchors="5996 6005"/>
    <region xml:id="seg-r2170" anchors="6006 6013"/>
    <region xml:id="seg-r2172" anchors="6014 6016"/>
    <region xml:id="seg-r2174" anchors="6017 6020"/>
    <region xml:id="seg-r2176" anchors="6021 6030"/>
    <region xml:id="seg-r2178" anchors="6031 6038"/>
    <region xml:id="seg-r2179" anchors="6038 6039"/>
    <region xml:id="seg-r2181" anchors="6041 6047"/>
    <region xml:id="seg-r2183" anchors="6048 6051"/>
    <region xml:id="seg-r2184" anchors="6051 6052"/>
    <region xml:id="seg-r2186" anchors="6053 6056"/>
    <region xml:id="seg-r2188" anchors="6057 6064"/>
    <region xml:id="seg-r2190" anchors="6065 6070"/>
    <region xml:id="seg-r2192" anchors="6071 6077"/>
    <region xml:id="seg-r2194" anchors="6078 6080"/>
    <region xml:id="seg-r2196" anchors="6081 6084"/>
    <region xml:id="seg-r2198" anchors="6085 6089"/>
    <region xml:id="seg-r2200" anchors="6090 6099"/>
    <region xml:id="seg-r2202" anchors="6100 6106"/>
    <region xml:id="seg-r2204" anchors="6107 6110"/>
    <region xml:id="seg-r2206" anchors="6111 6116"/>
    <region xml:id="seg-r2208" anchors="6117 6125"/>
    <region xml:id="seg-r2210" anchors="6126 6129"/>
    <region xml:id="seg-r2211" anchors="6129 6130"/>
    <region xml:id="seg-r2213" anchors="6131 6135"/>
    <region xml:id="seg-r2215" anchors="6136 6140"/>
    <region xml:id="seg-r2217" anchors="6141 6143"/>
    <region xml:id="seg-r2219" anchors="6144 6149"/>
    <region xml:id="seg-r2221" anchors="6150 6155"/>
    <region xml:id="seg-r2223" anchors="6156 6161"/>
    <region xml:id="seg-r2224" anchors="6161 6162"/>
    <region xml:id="seg-r2226" anchors="6164 6168"/>
    <region xml:id="seg-r2228" anchors="6169 6177"/>
    <region xml:id="seg-r2230" anchors="6178 6185"/>
    <region xml:id="seg-r2232" anchors="6186 6192"/>
    <region xml:id="seg-r2234" anchors="6193 6196"/>
    <region xml:id="seg-r2235" anchors="6196 6197"/>
    <region xml:id="seg-r2237" anchors="6198 6203"/>
    <region xml:id="seg-r2239" anchors="6204 6207"/>
    <region xml:id="seg-r2241" anchors="6208 6215"/>
    <region xml:id="seg-r2243" anchors="6216 6217"/>
    <region xml:id="seg-r2244" anchors="6217 6218"/>
    <region xml:id="seg-r2246" anchors="6219 6221"/>
    <region xml:id="seg-r2248" anchors="6222 6225"/>
    <region xml:id="seg-r2250" anchors="6226 6234"/>
    <region xml:id="seg-r2252" anchors="6235 6244"/>
    <region xml:id="seg-r2254" anchors="6245 6248"/>
    <region xml:id="seg-r2256" anchors="6249 6255"/>
    <region xml:id="seg-r2258" anchors="6256 6258"/>
    <region xml:id="seg-r2259" anchors="6258 6259"/>
    <region xml:id="seg-r2261" anchors="6260 6262"/>
    <region xml:id="seg-r2263" anchors="6263 6266"/>
    <region xml:id="seg-r2265" anchors="6267 6271"/>
    <region xml:id="seg-r2267" anchors="6272 6274"/>
    <region xml:id="seg-r2269" anchors="6275 6281"/>
    <region xml:id="seg-r2270" anchors="6281 6282"/>
    <region xml:id="seg-r2272" anchors="6283 6286"/>
    <region xml:id="seg-r2274" anchors="6287 6293"/>
    <region xml:id="seg-r2275" anchors="6293 6294"/>
    <region xml:id="seg-r2277" anchors="6296 6299"/>
    <region xml:id="seg-r2279" anchors="6300 6303"/>
    <region xml:id="seg-r2281" anchors="6304 6309"/>
    <region xml:id="seg-r2283" anchors="6310 6317"/>
    <region xml:id="seg-r2285" anchors="6318 6321"/>
    <region xml:id="seg-r2287" anchors="6322 6325"/>
    <region xml:id="seg-r2289" anchors="6326 6330"/>
    <region xml:id="seg-r2291" anchors="6331 6336"/>
    <region xml:id="seg-r2293" anchors="6337 6344"/>
    <region xml:id="seg-r2295" anchors="6345 6347"/>
    <region xml:id="seg-r2297" anchors="6348 6353"/>
    <region xml:id="seg-r2299" anchors="6354 6357"/>
    <region xml:id="seg-r2301" anchors="6358 6360"/>
    <region xml:id="seg-r2303" anchors="6361 6364"/>
    <region xml:id="seg-r2305" anchors="6365 6371"/>
    <region xml:id="seg-r2307" anchors="6372 6379"/>
    <region xml:id="seg-r2308" anchors="6379 6380"/>
    <region xml:id="seg-r2310" anchors="6381 6384"/>
    <region xml:id="seg-r2312" anchors="6385 6389"/>
    <region xml:id="seg-r2314" anchors="6390 6392"/>
    <region xml:id="seg-r2316" anchors="6393 6400"/>
    <region xml:id="seg-r2318" anchors="6401 6403"/>
    <region xml:id="seg-r2320" anchors="6404 6405"/>
    <region xml:id="seg-r2322" anchors="6406 6411"/>
    <region xml:id="seg-r2324" anchors="6412 6419"/>
    <region xml:id="seg-r2325" anchors="6419 6420"/>
    <region xml:id="seg-r2327" anchors="6422 6425"/>
    <region xml:id="seg-r2328" anchors="6425 6426"/>
    <region xml:id="seg-r2330" anchors="6427 6431"/>
    <region xml:id="seg-r2332" anchors="6432 6442"/>
    <region xml:id="seg-r2334" anchors="6443 6446"/>
    <region xml:id="seg-r2336" anchors="6447 6453"/>
    <region xml:id="seg-r2338" anchors="6454 6458"/>
    <region xml:id="seg-r2340" anchors="6459 6463"/>
    <region xml:id="seg-r2342" anchors="6464 6467"/>
    <region xml:id="seg-r2344" anchors="6468 6481"/>
    <region xml:id="seg-r2346" anchors="6482 6489"/>
    <region xml:id="seg-r2348" anchors="6490 6493"/>
    <region xml:id="seg-r2350" anchors="6494 6497"/>
    <region xml:id="seg-r2352" anchors="6498 6503"/>
    <region xml:id="seg-r2354" anchors="6504 6506"/>
    <region xml:id="seg-r2356" anchors="6507 6516"/>
    <region xml:id="seg-r2358" anchors="6517 6526"/>
    <region xml:id="seg-r2360" anchors="6527 6528"/>
    <region xml:id="seg-r2361" anchors="6528 6537"/>
    <region xml:id="seg-r2363" anchors="6538 6541"/>
    <region xml:id="seg-r2365" anchors="6542 6544"/>
    <region xml:id="seg-r2367" anchors="6545 6554"/>
    <region xml:id="seg-r2368" anchors="6554 6555"/>
    <region xml:id="seg-r2369" anchors="6555 6556"/>
    <region xml:id="seg-r2371" anchors="6558 6561"/>
    <region xml:id="seg-r2373" anchors="6562 6566"/>
    <region xml:id="seg-r2375" anchors="6567 6571"/>
    <region xml:id="seg-r2377" anchors="6572 6576"/>
    <region xml:id="seg-r2379" anchors="6577 6581"/>
    <region xml:id="seg-r2381" anchors="6582 6586"/>
    <region xml:id="seg-r2383" anchors="6587 6589"/>
    <region xml:id="seg-r2385" anchors="6590 6591"/>
    <region xml:id="seg-r2387" anchors="6592 6600"/>
    <region xml:id="seg-r2389" anchors="6601 6604"/>
    <region xml:id="seg-r2391" anchors="6605 6613"/>
    <region xml:id="seg-r2393" anchors="6614 6616"/>
    <region xml:id="seg-r2395" anchors="6617 6625"/>
    <region xml:id="seg-r2397" anchors="6626 6629"/>
    <region xml:id="seg-r2399" anchors="6630 6638"/>
    <region xml:id="seg-r2401" anchors="6639 6644"/>
    <region xml:id="seg-r2403" anchors="6645 6650"/>
    <region xml:id="seg-r2405" anchors="6651 6653"/>
    <region xml:id="seg-r2407" anchors="6654 6660"/>
    <region xml:id="seg-r2409" anchors="6661 6666"/>
    <region xml:id="seg-r2411" anchors="6667 6674"/>
    <region xml:id="seg-r2413" anchors="6675 6684"/>
    <region xml:id="seg-r2415" anchors="6685 6687"/>
    <region xml:id="seg-r2417" anchors="6688 6697"/>
    <region xml:id="seg-r2418" anchors="6697 6698"/>
    <region xml:id="seg-r2420" anchors="6709 6713"/>
    <region xml:id="seg-r2422" anchors="6714 6717"/>
    <region xml:id="seg-r2424" anchors="6718 6720"/>
    <region xml:id="seg-r2426" anchors="6721 6732"/>
    <region xml:id="seg-r2428" anchors="6733 6735"/>
    <region xml:id="seg-r2430" anchors="6736 6742"/>
    <region xml:id="seg-r2432" anchors="6743 6747"/>
    <region xml:id="seg-r2434" anchors="6748 6751"/>
    <region xml:id="seg-r2436" anchors="6752 6757"/>
    <region xml:id="seg-r2438" anchors="6758 6765"/>
    <region xml:id="seg-r2440" anchors="6766 6768"/>
    <region xml:id="seg-r2442" anchors="6769 6772"/>
    <region xml:id="seg-r2444" anchors="6781 6786"/>
    <region xml:id="seg-r2445" anchors="6786 6787"/>
    <region xml:id="seg-r2447" anchors="6806 6810"/>
    <region xml:id="seg-r2449" anchors="6811 6814"/>
    <region xml:id="seg-r2451" anchors="6815 6819"/>
    <region xml:id="seg-r2453" anchors="6820 6825"/>
    <region xml:id="seg-r2455" anchors="6826 6829"/>
    <region xml:id="seg-r2457" anchors="6830 6838"/>
    <region xml:id="seg-r2459" anchors="6839 6845"/>
    <region xml:id="seg-r2460" anchors="6845 6846"/>
    <region xml:id="seg-r2462" anchors="6865 6869"/>
    <region xml:id="seg-r2464" anchors="6870 6874"/>
    <region xml:id="seg-r2466" anchors="6875 6882"/>
    <region xml:id="seg-r2468" anchors="6883 6886"/>
    <region xml:id="seg-r2470" anchors="6887 6895"/>
    <region xml:id="seg-r2472" anchors="6896 6898"/>
    <region xml:id="seg-r2474" anchors="6899 6902"/>
    <region xml:id="seg-r2476" anchors="6903 6909"/>
    <region xml:id="seg-r2477" anchors="6909 6910"/>
    <region xml:id="seg-r2479" anchors="6925 6932"/>
    <region xml:id="seg-r2481" anchors="6933 6935"/>
    <region xml:id="seg-r2483" anchors="6936 6944"/>
    <region xml:id="seg-r2485" anchors="6945 6947"/>
    <region xml:id="seg-r2487" anchors="6948 6951"/>
    <region xml:id="seg-r2489" anchors="6952 6961"/>
    <region xml:id="seg-r2491" anchors="6962 6966"/>
    <region xml:id="seg-r2493" anchors="6967 6975"/>
    <region xml:id="seg-r2495" anchors="6976 6989"/>
    <region xml:id="seg-r2496" anchors="6989 6990"/>
    <region xml:id="seg-r2498" anchors="6991 6997"/>
    <region xml:id="seg-r2500" anchors="6998 7001"/>
    <region xml:id="seg-r2502" anchors="7002 7009"/>
    <region xml:id="seg-r2504" anchors="7010 7016"/>
    <region xml:id="seg-r2506" anchors="7017 7022"/>
    <region xml:id="seg-r2508" anchors="7023 7025"/>
    <region xml:id="seg-r2510" anchors="7026 7029"/>
    <region xml:id="seg-r2512" anchors="7030 7037"/>
    <region xml:id="seg-r2514" anchors="7038 7040"/>
    <region xml:id="seg-r2516" anchors="7041 7046"/>
    <region xml:id="seg-r2518" anchors="7047 7056"/>
    <region xml:id="seg-r2519" anchors="7056 7057"/>
    <region xml:id="seg-r2521" anchors="7058 7068"/>
    <region xml:id="seg-r2522" anchors="7068 7069"/>
    <region xml:id="seg-r2524" anchors="7070 7072"/>
    <region xml:id="seg-r2526" anchors="7073 7082"/>
    <region xml:id="seg-r2528" anchors="7083 7091"/>
    <region xml:id="seg-r2530" anchors="7092 7099"/>
    <region xml:id="seg-r2532" anchors="7100 7106"/>
    <region xml:id="seg-r2534" anchors="7107 7112"/>
    <region xml:id="seg-r2536" anchors="7113 7118"/>
    <region xml:id="seg-r2538" anchors="7119 7124"/>
    <region xml:id="seg-r2540" anchors="7125 7127"/>
    <region xml:id="seg-r2542" anchors="7128 7131"/>
    <region xml:id="seg-r2544" anchors="7132 7139"/>
    <region xml:id="seg-r2546" anchors="7140 7145"/>
    <region xml:id="seg-r2548" anchors="7146 7152"/>
    <region xml:id="seg-r2549" anchors="7152 7153"/>
    <region xml:id="seg-r2551" anchors="7155 7159"/>
    <region xml:id="seg-r2553" anchors="7160 7165"/>
    <region xml:id="seg-r2555" anchors="7166 7169"/>
    <region xml:id="seg-r2557" anchors="7170 7172"/>
    <region xml:id="seg-r2559" anchors="7173 7178"/>
    <region xml:id="seg-r2561" anchors="7179 7183"/>
    <region xml:id="seg-r2563" anchors="7184 7187"/>
    <region xml:id="seg-r2565" anchors="7188 7191"/>
    <region xml:id="seg-r2567" anchors="7192 7198"/>
    <region xml:id="seg-r2569" anchors="7199 7202"/>
    <region xml:id="seg-r2571" anchors="7203 7206"/>
    <region xml:id="seg-r2573" anchors="7207 7215"/>
    <region xml:id="seg-r2575" anchors="7216 7219"/>
    <region xml:id="seg-r2577" anchors="7220 7225"/>
    <region xml:id="seg-r2579" anchors="7226 7232"/>
    <region xml:id="seg-r2581" anchors="7233 7236"/>
    <region xml:id="seg-r2583" anchors="7237 7240"/>
    <region xml:id="seg-r2584" anchors="7240 7241"/>
    <region xml:id="seg-r2586" anchors="7242 7249"/>
    <region xml:id="seg-r2588" anchors="7250 7254"/>
    <region xml:id="seg-r2590" anchors="7255 7259"/>
    <region xml:id="seg-r2592" anchors="7260 7262"/>
    <region xml:id="seg-r2594" anchors="7263 7266"/>
    <region xml:id="seg-r2596" anchors="7267 7272"/>
    <region xml:id="seg-r2598" anchors="7273 7275"/>
    <region xml:id="seg-r2600" anchors="7276 7281"/>
    <region xml:id="seg-r2602" anchors="7282 7288"/>
    <region xml:id="seg-r2604" anchors="7289 7292"/>
    <region xml:id="seg-r2606" anchors="7293 7300"/>
    <region xml:id="seg-r2607" anchors="7300 7301"/>
    <region xml:id="seg-r2609" anchors="7302 7303"/>
    <region xml:id="seg-r2610" anchors="7303 7305"/>
    <region xml:id="seg-r2612" anchors="7306 7312"/>
    <region xml:id="seg-r2613" anchors="7312 7313"/>
    <region xml:id="seg-r2615" anchors="7314 7316"/>
    <region xml:id="seg-r2617" anchors="7317 7320"/>
    <region xml:id="seg-r2619" anchors="7321 7323"/>
    <region xml:id="seg-r2621" anchors="7324 7328"/>
    <region xml:id="seg-r2623" anchors="7329 7334"/>
    <region xml:id="seg-r2625" anchors="7335 7336"/>
    <region xml:id="seg-r2627" anchors="7337 7340"/>
    <region xml:id="seg-r2629" anchors="7341 7343"/>
    <region xml:id="seg-r2631" anchors="7344 7350"/>
    <region xml:id="seg-r2633" anchors="7351 7357"/>
    <region xml:id="seg-r2634" anchors="7357 7358"/>
    <region xml:id="seg-r2636" anchors="7359 7362"/>
    <region xml:id="seg-r2638" anchors="7363 7365"/>
    <region xml:id="seg-r2640" anchors="7366 7371"/>
    <region xml:id="seg-r2642" anchors="7372 7383"/>
    <region xml:id="seg-r2644" anchors="7384 7387"/>
    <region xml:id="seg-r2646" anchors="7388 7399"/>
    <region xml:id="seg-r2648" anchors="7400 7404"/>
    <region xml:id="seg-r2650" anchors="7405 7407"/>
    <region xml:id="seg-r2652" anchors="7408 7413"/>
    <region xml:id="seg-r2654" anchors="7414 7418"/>
    <region xml:id="seg-r2655" anchors="7418 7419"/>
    <region xml:id="seg-r2657" anchors="7422 7424"/>
    <region xml:id="seg-r2659" anchors="7425 7429"/>
    <region xml:id="seg-r2661" anchors="7430 7435"/>
    <region xml:id="seg-r2663" anchors="7436 7438"/>
    <region xml:id="seg-r2665" anchors="7439 7442"/>
    <region xml:id="seg-r2667" anchors="7443 7446"/>
    <region xml:id="seg-r2669" anchors="7447 7455"/>
    <region xml:id="seg-r2671" anchors="7456 7458"/>
    <region xml:id="seg-r2673" anchors="7459 7461"/>
    <region xml:id="seg-r2675" anchors="7462 7473"/>
    <region xml:id="seg-r2677" anchors="7474 7476"/>
    <region xml:id="seg-r2679" anchors="7477 7483"/>
    <region xml:id="seg-r2681" anchors="7484 7490"/>
    <region xml:id="seg-r2683" anchors="7491 7494"/>
    <region xml:id="seg-r2685" anchors="7495 7499"/>
    <region xml:id="seg-r2687" anchors="7500 7501"/>
    <region xml:id="seg-r2689" anchors="7502 7507"/>
    <region xml:id="seg-r2691" anchors="7508 7515"/>
    <region xml:id="seg-r2692" anchors="7515 7516"/>
    <region xml:id="seg-r2693" anchors="7516 7517"/>
    <region xml:id="seg-r2695" anchors="7519 7522"/>
    <region xml:id="seg-r2697" anchors="7523 7526"/>
    <region xml:id="seg-r2699" anchors="7527 7532"/>
    <region xml:id="seg-r2701" anchors="7533 7535"/>
    <region xml:id="seg-r2703" anchors="7536 7540"/>
    <region xml:id="seg-r2705" anchors="7541 7545"/>
    <region xml:id="seg-r2707" anchors="7546 7555"/>
    <region xml:id="seg-r2709" anchors="7556 7561"/>
    <region xml:id="seg-r2711" anchors="7562 7564"/>
    <region xml:id="seg-r2712" anchors="7564 7567"/>
    <region xml:id="seg-r2714" anchors="7568 7575"/>
    <region xml:id="seg-r2716" anchors="7576 7580"/>
    <region xml:id="seg-r2718" anchors="7581 7584"/>
    <region xml:id="seg-r2720" anchors="7585 7587"/>
    <region xml:id="seg-r2722" anchors="7588 7593"/>
    <region xml:id="seg-r2724" anchors="7594 7598"/>
    <region xml:id="seg-r2726" anchors="7599 7603"/>
    <region xml:id="seg-r2728" anchors="7604 7606"/>
    <region xml:id="seg-r2730" anchors="7607 7618"/>
    <region xml:id="seg-r2731" anchors="7618 7619"/>
    <region xml:id="seg-r2733" anchors="7621 7628"/>
    <region xml:id="seg-r2735" anchors="7629 7631"/>
    <region xml:id="seg-r2737" anchors="7632 7637"/>
    <region xml:id="seg-r2739" anchors="7638 7642"/>
    <region xml:id="seg-r2741" anchors="7643 7652"/>
    <region xml:id="seg-r2743" anchors="7653 7655"/>
    <region xml:id="seg-r2745" anchors="7656 7658"/>
    <region xml:id="seg-r2747" anchors="7659 7670"/>
    <region xml:id="seg-r2749" anchors="7671 7673"/>
    <region xml:id="seg-r2751" anchors="7674 7687"/>
    <region xml:id="seg-r2753" anchors="7688 7695"/>
    <region xml:id="seg-r2755" anchors="7696 7701"/>
    <region xml:id="seg-r2757" anchors="7702 7710"/>
    <region xml:id="seg-r2759" anchors="7711 7714"/>
    <region xml:id="seg-r2761" anchors="7715 7722"/>
    <region xml:id="seg-r2763" anchors="7723 7724"/>
    <region xml:id="seg-r2765" anchors="7725 7732"/>
    <region xml:id="seg-r2767" anchors="7733 7735"/>
    <region xml:id="seg-r2769" anchors="7736 7746"/>
    <region xml:id="seg-r2770" anchors="7746 7747"/>
    <region xml:id="seg-r2772" anchors="7748 7751"/>
    <region xml:id="seg-r2774" anchors="7752 7756"/>
    <region xml:id="seg-r2776" anchors="7757 7763"/>
    <region xml:id="seg-r2778" anchors="7764 7775"/>
    <region xml:id="seg-r2779" anchors="7775 7776"/>
    <region xml:id="seg-r2781" anchors="7777 7780"/>
    <region xml:id="seg-r2783" anchors="7781 7784"/>
    <region xml:id="seg-r2785" anchors="7785 7786"/>
    <region xml:id="seg-r2787" anchors="7787 7792"/>
    <region xml:id="seg-r2789" anchors="7793 7795"/>
    <region xml:id="seg-r2791" anchors="7796 7802"/>
    <region xml:id="seg-r2793" anchors="7803 7806"/>
    <region xml:id="seg-r2795" anchors="7807 7816"/>
    <region xml:id="seg-r2797" anchors="7817 7822"/>
    <region xml:id="seg-r2799" anchors="7823 7831"/>
    <region xml:id="seg-r2801" anchors="7832 7838"/>
    <region xml:id="seg-r2802" anchors="7838 7839"/>
    <region xml:id="seg-r2804" anchors="7841 7849"/>
    <region xml:id="seg-r2806" anchors="7850 7857"/>
    <region xml:id="seg-r2808" anchors="7858 7862"/>
    <region xml:id="seg-r2810" anchors="7863 7867"/>
    <region xml:id="seg-r2812" anchors="7868 7871"/>
    <region xml:id="seg-r2814" anchors="7872 7877"/>
    <region xml:id="seg-r2816" anchors="7878 7883"/>
    <region xml:id="seg-r2818" anchors="7884 7887"/>
    <region xml:id="seg-r2820" anchors="7888 7889"/>
    <region xml:id="seg-r2822" anchors="7890 7895"/>
    <region xml:id="seg-r2824" anchors="7896 7899"/>
    <region xml:id="seg-r2825" anchors="7899 7900"/>
    <region xml:id="seg-r2827" anchors="7901 7905"/>
    <region xml:id="seg-r2829" anchors="7906 7908"/>
    <region xml:id="seg-r2831" anchors="7909 7914"/>
    <region xml:id="seg-r2833" anchors="7915 7920"/>
    <region xml:id="seg-r2835" anchors="7921 7926"/>
    <region xml:id="seg-r2837" anchors="7927 7929"/>
    <region xml:id="seg-r2839" anchors="7930 7935"/>
    <region xml:id="seg-r2841" anchors="7936 7940"/>
    <region xml:id="seg-r2843" anchors="7941 7943"/>
    <region xml:id="seg-r2845" anchors="7944 7950"/>
    <region xml:id="seg-r2846" anchors="7950 7951"/>
    <region xml:id="seg-r2848" anchors="7952 7957"/>
    <region xml:id="seg-r2850" anchors="7958 7967"/>
    <region xml:id="seg-r2852" anchors="7968 7972"/>
    <region xml:id="seg-r2854" anchors="7973 7978"/>
    <region xml:id="seg-r2856" anchors="7979 7981"/>
    <region xml:id="seg-r2858" anchors="7982 7985"/>
    <region xml:id="seg-r2860" anchors="7986 7988"/>
    <region xml:id="seg-r2862" anchors="7989 7990"/>
    <region xml:id="seg-r2864" anchors="7991 7997"/>
    <region xml:id="seg-r2866" anchors="7998 8003"/>
    <region xml:id="seg-r2867" anchors="8003 8004"/>
    <region xml:id="seg-r2869" anchors="8006 8008"/>
    <region xml:id="seg-r2871" anchors="8009 8013"/>
    <region xml:id="seg-r2873" anchors="8014 8017"/>
    <region xml:id="seg-r2875" anchors="8018 8020"/>
    <region xml:id="seg-r2877" anchors="8021 8025"/>
    <region xml:id="seg-r2879" anchors="8026 8029"/>
    <region xml:id="seg-r2880" anchors="8029 8030"/>
    <region xml:id="seg-r2882" anchors="8032 8037"/>
    <region xml:id="seg-r2884" anchors="8038 8041"/>
    <region xml:id="seg-r2886" anchors="8042 8046"/>
    <region xml:id="seg-r2888" anchors="8047 8051"/>
    <region xml:id="seg-r2890" anchors="8052 8055"/>
    <region xml:id="seg-r2892" anchors="8056 8065"/>
    <region xml:id="seg-r2894" anchors="8066 8073"/>
    <region xml:id="seg-r2896" anchors="8074 8075"/>
    <region xml:id="seg-r2898" anchors="8076 8081"/>
    <region xml:id="seg-r2900" anchors="8082 8085"/>
    <region xml:id="seg-r2902" anchors="8086 8092"/>
    <region xml:id="seg-r2904" anchors="8093 8096"/>
    <region xml:id="seg-r2906" anchors="8097 8107"/>
    <region xml:id="seg-r2908" anchors="8108 8113"/>
    <region xml:id="seg-r2910" anchors="8114 8118"/>
    <region xml:id="seg-r2912" anchors="8119 8123"/>
    <region xml:id="seg-r2914" anchors="8124 8128"/>
    <region xml:id="seg-r2916" anchors="8129 8133"/>
    <region xml:id="seg-r2918" anchors="8134 8135"/>
    <region xml:id="seg-r2920" anchors="8136 8139"/>
    <region xml:id="seg-r2922" anchors="8140 8142"/>
    <region xml:id="seg-r2924" anchors="8143 8150"/>
    <region xml:id="seg-r2926" anchors="8151 8153"/>
    <region xml:id="seg-r2928" anchors="8154 8157"/>
    <region xml:id="seg-r2930" anchors="8158 8161"/>
    <region xml:id="seg-r2931" anchors="8161 8162"/>
    <region xml:id="seg-r2933" anchors="8163 8166"/>
    <region xml:id="seg-r2935" anchors="8167 8170"/>
    <region xml:id="seg-r2937" anchors="8171 8175"/>
    <region xml:id="seg-r2939" anchors="8176 8182"/>
    <region xml:id="seg-r2941" anchors="8183 8186"/>
    <region xml:id="seg-r2943" anchors="8187 8197"/>
    <region xml:id="seg-r2945" anchors="8198 8200"/>
    <region xml:id="seg-r2947" anchors="8201 8209"/>
    <region xml:id="seg-r2949" anchors="8210 8213"/>
    <region xml:id="seg-r2951" anchors="8214 8218"/>
    <region xml:id="seg-r2953" anchors="8219 8225"/>
    <region xml:id="seg-r2955" anchors="8226 8231"/>
    <region xml:id="seg-r2957" anchors="8232 8234"/>
    <region xml:id="seg-r2959" anchors="8235 8242"/>
    <region xml:id="seg-r2961" anchors="8243 8244"/>
    <region xml:id="seg-r2963" anchors="8245 8249"/>
    <region xml:id="seg-r2965" anchors="8250 8254"/>
    <region xml:id="seg-r2967" anchors="8255 8259"/>
    <region xml:id="seg-r2969" anchors="8260 8262"/>
    <region xml:id="seg-r2971" anchors="8263 8268"/>
    <region xml:id="seg-r2973" anchors="8269 8273"/>
    <region xml:id="seg-r2975" anchors="8274 8276"/>
    <region xml:id="seg-r2977" anchors="8277 8284"/>
    <region xml:id="seg-r2979" anchors="8285 8288"/>
    <region xml:id="seg-r2981" anchors="8289 8298"/>
    <region xml:id="seg-r2983" anchors="8299 8308"/>
    <region xml:id="seg-r2984" anchors="8308 8309"/>
    <region xml:id="seg-r2986" anchors="8315 8319"/>
    <region xml:id="seg-r2988" anchors="8320 8329"/>
    <region xml:id="seg-r2989" anchors="8329 8330"/>
    <region xml:id="seg-r2991" anchors="8331 8335"/>
    <region xml:id="seg-r2993" anchors="8336 8345"/>
    <region xml:id="seg-r2995" anchors="8346 8349"/>
    <region xml:id="seg-r2997" anchors="8350 8352"/>
    <region xml:id="seg-r2999" anchors="8353 8354"/>
    <region xml:id="seg-r3001" anchors="8355 8363"/>
    <region xml:id="seg-r3003" anchors="8364 8368"/>
    <region xml:id="seg-r3005" anchors="8369 8371"/>
    <region xml:id="seg-r3007" anchors="8372 8376"/>
    <region xml:id="seg-r3009" anchors="8377 8381"/>
    <region xml:id="seg-r3010" anchors="8381 8383"/>
    <region xml:id="seg-r3012" anchors="8384 8391"/>
    <region xml:id="seg-r3014" anchors="8392 8396"/>
    <region xml:id="seg-r3016" anchors="8397 8398"/>
    <region xml:id="seg-r3018" anchors="8399 8401"/>
    <region xml:id="seg-r3020" anchors="8402 8412"/>
    <region xml:id="seg-r3021" anchors="8412 8413"/>
    <region xml:id="seg-r3023" anchors="8414 8417"/>
    <region xml:id="seg-r3025" anchors="8418 8423"/>
    <region xml:id="seg-r3027" anchors="8424 8427"/>
    <region xml:id="seg-r3029" anchors="8428 8433"/>
    <region xml:id="seg-r3030" anchors="8433 8434"/>
    <region xml:id="seg-r3032" anchors="8436 8440"/>
    <region xml:id="seg-r3034" anchors="8441 8448"/>
    <region xml:id="seg-r3035" anchors="8448 8449"/>
    <region xml:id="seg-r3037" anchors="8450 8454"/>
    <region xml:id="seg-r3039" anchors="8455 8464"/>
    <region xml:id="seg-r3041" anchors="8465 8469"/>
    <region xml:id="seg-r3043" anchors="8470 8476"/>
    <region xml:id="seg-r3045" anchors="8477 8481"/>
    <region xml:id="seg-r3047" anchors="8482 8493"/>
    <region xml:id="seg-r3049" anchors="8494 8497"/>
    <region xml:id="seg-r3051" anchors="8498 8502"/>
    <region xml:id="seg-r3053" anchors="8503 8505"/>
    <region xml:id="seg-r3055" anchors="8506 8510"/>
    <region xml:id="seg-r3057" anchors="8511 8515"/>
    <region xml:id="seg-r3059" anchors="8516 8522"/>
    <region xml:id="seg-r3061" anchors="8523 8525"/>
    <region xml:id="seg-r3063" anchors="8526 8532"/>
    <region xml:id="seg-r3065" anchors="8533 8538"/>
    <region xml:id="seg-r3066" anchors="8538 8539"/>
    <region xml:id="seg-r3068" anchors="8541 8544"/>
    <region xml:id="seg-r3070" anchors="8545 8551"/>
    <region xml:id="seg-r3072" anchors="8552 8554"/>
    <region xml:id="seg-r3074" anchors="8555 8560"/>
    <region xml:id="seg-r3075" anchors="8560 8561"/>
    <region xml:id="seg-r3077" anchors="8567 8570"/>
    <region xml:id="seg-r3079" anchors="8571 8578"/>
    <region xml:id="seg-r3080" anchors="8578 8579"/>
    <region xml:id="seg-r3082" anchors="8580 8583"/>
    <region xml:id="seg-r3084" anchors="8584 8590"/>
    <region xml:id="seg-r3086" anchors="8591 8593"/>
    <region xml:id="seg-r3088" anchors="8594 8598"/>
    <region xml:id="seg-r3090" anchors="8599 8601"/>
    <region xml:id="seg-r3092" anchors="8602 8607"/>
    <region xml:id="seg-r3093" anchors="8607 8608"/>
    <region xml:id="seg-r3095" anchors="8609 8617"/>
    <region xml:id="seg-r3097" anchors="8618 8619"/>
    <region xml:id="seg-r3099" anchors="8620 8639"/>
    <region xml:id="seg-r3101" anchors="8640 8650"/>
    <region xml:id="seg-r3103" anchors="8651 8653"/>
    <region xml:id="seg-r3105" anchors="8654 8661"/>
    <region xml:id="seg-r3106" anchors="8661 8662"/>
    <region xml:id="seg-r3108" anchors="8663 8667"/>
    <region xml:id="seg-r3109" anchors="8667 8668"/>
    <region xml:id="seg-r3111" anchors="8670 8677"/>
    <region xml:id="seg-r3112" anchors="8677 8678"/>
    <region xml:id="seg-r3114" anchors="8680 8685"/>
    <region xml:id="seg-r3116" anchors="8687 8692"/>
    <region xml:id="seg-r3118" anchors="8693 8702"/>
    <region xml:id="seg-r3120" anchors="8703 8707"/>
    <region xml:id="seg-r3122" anchors="8708 8717"/>
    <region xml:id="seg-r3123" anchors="8717 8718"/>
    <region xml:id="seg-r3125" anchors="8719 8724"/>
    <region xml:id="seg-r3127" anchors="8725 8733"/>
    <region xml:id="seg-r3129" anchors="8734 8741"/>
    <region xml:id="seg-r3131" anchors="8742 8752"/>
    <region xml:id="seg-r3133" anchors="8753 8760"/>
    <region xml:id="seg-r3135" anchors="8761 8774"/>
    <region xml:id="seg-r3137" anchors="8775 8784"/>
    <region xml:id="seg-r3139" anchors="8785 8796"/>
    <region xml:id="seg-r3141" anchors="8797 8803"/>
    <region xml:id="seg-r3142" anchors="8803 8804"/>
    <region xml:id="seg-r3144" anchors="8806 8807"/>
    <region xml:id="seg-r3145" anchors="8807 8808"/>
    <region xml:id="seg-r3147" anchors="8809 8816"/>
    <region xml:id="seg-r3148" anchors="8816 8821"/>
    <region xml:id="seg-r3150" anchors="8822 8828"/>
    <region xml:id="seg-r3151" anchors="8828 8829"/>
    <region xml:id="seg-r3153" anchors="8831 8832"/>
    <region xml:id="seg-r3154" anchors="8832 8833"/>
    <region xml:id="seg-r3156" anchors="8834 8841"/>
    <region xml:id="seg-r3157" anchors="8841 8846"/>
    <region xml:id="seg-r3159" anchors="8847 8866"/>
</graph>
