<graph xmlns="http://www.xces.org/ns/GrAF/1.0/" xmlns:graf="http://www.xces.org/ns/GrAF/1.0/">
  <graphHeader>
    <labelsDecl>
      <labelUsage label="vchunk" occurs="16"/>
    </labelsDecl>
    <dependencies>
      <dependsOn f.id="f.penn"/>
    </dependencies>
    <annotationSpaces>
      <annotationSpace as.id="anc"/>
    </annotationSpaces>
  </graphHeader>
  <node xml:id="vc-n0"/>
  <a xml:id="vc-N65567" label="vchunk" ref="vc-n0" as="anc">
    <fs>
      <f name="voice" value="active"/>
      <f name="tense" value="SimPas"/>
      <f name="type" value="FVG"/>
    </fs>
  </a>
  <node xml:id="vc-n1"/>
  <a xml:id="vc-N65591" label="vchunk" ref="vc-n1" as="anc">
    <fs>
      <f name="voice" value="active"/>
      <f name="tense" value="SimPas"/>
      <f name="type" value="FVG"/>
    </fs>
  </a>
  <node xml:id="vc-n10"/>
  <a xml:id="vc-N65615" label="vchunk" ref="vc-n10" as="anc">
    <fs>
      <f name="voice" value="active"/>
      <f name="tense" value="SimPas"/>
      <f name="type" value="FVG"/>
    </fs>
  </a>
  <node xml:id="vc-n11"/>
  <a xml:id="vc-N65639" label="vchunk" ref="vc-n11" as="anc">
    <fs>
      <f name="voice" value="active"/>
      <f name="tense" value="SimPre"/>
      <f name="type" value="FVG"/>
    </fs>
  </a>
  <node xml:id="vc-n12"/>
  <a xml:id="vc-N65663" label="vchunk" ref="vc-n12" as="anc">
    <fs>
      <f name="tense" value="Inf"/>
      <f name="type" value="NFVG"/>
      <f name="voice" value="active"/>
    </fs>
  </a>
  <node xml:id="vc-n13"/>
  <a xml:id="vc-N65687" label="vchunk" ref="vc-n13" as="anc">
    <fs>
      <f name="voice" value="active"/>
      <f name="tense" value="Inf"/>
      <f name="type" value="NFVG"/>
    </fs>
  </a>
  <node xml:id="vc-n14"/>
  <a xml:id="vc-N65711" label="vchunk" ref="vc-n14" as="anc">
    <fs>
      <f name="voice" value="active"/>
      <f name="tense" value="PreCon"/>
      <f name="type" value="FVG"/>
    </fs>
  </a>
  <node xml:id="vc-n15"/>
  <a xml:id="vc-N65735" label="vchunk" ref="vc-n15" as="anc">
    <fs>
      <f name="voice" value="active"/>
      <f name="tense" value="Inf"/>
      <f name="type" value="NFVG"/>
    </fs>
  </a>
  <node xml:id="vc-n2"/>
  <a xml:id="vc-N65759" label="vchunk" ref="vc-n2" as="anc">
    <fs>
      <f name="voice" value="passive"/>
      <f name="tense" value="SimPas"/>
      <f name="type" value="FVG"/>
    </fs>
  </a>
  <node xml:id="vc-n3"/>
  <a xml:id="vc-N65783" label="vchunk" ref="vc-n3" as="anc">
    <fs>
      <f name="tense" value="SimPre"/>
      <f name="type" value="FVG"/>
      <f name="voice" value="active"/>
    </fs>
  </a>
  <node xml:id="vc-n4"/>
  <a xml:id="vc-N65807" label="vchunk" ref="vc-n4" as="anc">
    <fs>
      <f name="voice" value="none"/>
      <f name="tense" value="Pas"/>
      <f name="type" value="PART"/>
    </fs>
  </a>
  <node xml:id="vc-n5"/>
  <a xml:id="vc-N65831" label="vchunk" ref="vc-n5" as="anc">
    <fs>
      <f name="voice" value="none"/>
      <f name="tense" value="Pas"/>
      <f name="type" value="PART"/>
    </fs>
  </a>
  <node xml:id="vc-n6"/>
  <a xml:id="vc-N65855" label="vchunk" ref="vc-n6" as="anc">
    <fs>
      <f name="voice" value="active"/>
      <f name="tense" value="Pre"/>
      <f name="type" value="PART"/>
    </fs>
  </a>
  <node xml:id="vc-n7"/>
  <a xml:id="vc-N65879" label="vchunk" ref="vc-n7" as="anc">
    <fs>
      <f name="voice" value="active"/>
      <f name="tense" value="SimPas"/>
      <f name="type" value="FVG"/>
    </fs>
  </a>
  <node xml:id="vc-n8"/>
  <a xml:id="vc-N65903" label="vchunk" ref="vc-n8" as="anc">
    <fs>
      <f name="voice" value="active"/>
      <f name="tense" value="SimPas"/>
      <f name="type" value="FVG"/>
    </fs>
  </a>
  <node xml:id="vc-n9"/>
  <a xml:id="vc-N65927" label="vchunk" ref="vc-n9" as="anc">
    <fs>
      <f name="voice" value="active"/>
      <f name="tense" value="SimPas"/>
      <f name="type" value="FVG"/>
    </fs>
  </a>
  <edge xml:id="vc-lnk2" from="vc-n2" to="penn-n77"/>
  <edge xml:id="vc-lnk1" from="vc-n1" to="penn-n73"/>
  <edge xml:id="vc-lnk0" from="vc-n0" to="penn-n63"/>
  <edge xml:id="vc-lnk18" from="vc-n15" to="penn-n181"/>
  <edge xml:id="vc-lnk17" from="vc-n14" to="penn-n165"/>
  <edge xml:id="vc-lnk16" from="vc-n14" to="penn-n164"/>
  <edge xml:id="vc-lnk15" from="vc-n13" to="penn-n153"/>
  <edge xml:id="vc-lnk14" from="vc-n13" to="penn-n152"/>
  <edge xml:id="vc-lnk13" from="vc-n12" to="penn-n148"/>
  <edge xml:id="vc-lnk12" from="vc-n11" to="penn-n141"/>
  <edge xml:id="vc-lnk11" from="vc-n10" to="penn-n132"/>
  <edge xml:id="vc-lnk10" from="vc-n9" to="penn-n128"/>
  <edge xml:id="vc-lnk9" from="vc-n8" to="penn-n119"/>
  <edge xml:id="vc-lnk8" from="vc-n7" to="penn-n110"/>
  <edge xml:id="vc-lnk7" from="vc-n6" to="penn-n107"/>
  <edge xml:id="vc-lnk6" from="vc-n5" to="penn-n100"/>
  <edge xml:id="vc-lnk5" from="vc-n4" to="penn-n94"/>
  <edge xml:id="vc-lnk4" from="vc-n3" to="penn-n84"/>
  <edge xml:id="vc-lnk3" from="vc-n2" to="penn-n78"/>
</graph>
