<graph xmlns="http://www.xces.org/ns/GrAF/1.0/" xmlns:graf="http://www.xces.org/ns/GrAF/1.0/">
  <graphHeader>
    <labelsDecl>
      <labelUsage label="phonenumber" occurs="2"/>
      <labelUsage label="body" occurs="1"/>
      <labelUsage label="text" occurs="1"/>
      <labelUsage label="a" occurs="1"/>
      <labelUsage label="p" occurs="33"/>
      <labelUsage label="cesDoc" occurs="1"/>
      <labelUsage label="head" occurs="1"/>
      <labelUsage label="signature" occurs="1"/>
    </labelsDecl>
    <annotationSpaces>
      <annotationSpace as.id="xces"/>
    </annotationSpaces>
  </graphHeader>
  <region xml:id="logical-r0" anchors="0 8869"/>
  <node xml:id="logical-n0">
    <link targets="logical-r0"/>
  </node>
  <a xml:id="logical-N65597" label="cesDoc" ref="logical-n0" as="xces"/>
  <region xml:id="logical-r1" anchors="1 8868"/>
  <node xml:id="logical-n1">
    <link targets="logical-r1"/>
  </node>
  <a xml:id="logical-N65613" label="text" ref="logical-n1" as="xces"/>
  <region xml:id="logical-r2" anchors="2 312"/>
  <node xml:id="logical-n2">
    <link targets="logical-r2"/>
  </node>
  <a xml:id="logical-N65629" label="head" ref="logical-n2" as="xces">
    <fs>
      <f name="type" value="email"/>
    </fs>
  </a>
  <region xml:id="logical-r3" anchors="313 8867"/>
  <node xml:id="logical-n3">
    <link targets="logical-r3"/>
  </node>
  <a xml:id="logical-N65653" label="body" ref="logical-n3" as="xces"/>
  <region xml:id="logical-r4" anchors="314 328"/>
  <node xml:id="logical-n4">
    <link targets="logical-r4"/>
  </node>
  <a xml:id="logical-N65669" label="p" ref="logical-n4" as="xces"/>
  <region xml:id="logical-r5" anchors="329 1394"/>
  <node xml:id="logical-n5">
    <link targets="logical-r5"/>
  </node>
  <a xml:id="logical-N65685" label="p" ref="logical-n5" as="xces"/>
  <region xml:id="logical-r6" anchors="1395 1540"/>
  <node xml:id="logical-n6">
    <link targets="logical-r6"/>
  </node>
  <a xml:id="logical-N65701" label="p" ref="logical-n6" as="xces"/>
  <region xml:id="logical-r7" anchors="1541 1756"/>
  <node xml:id="logical-n7">
    <link targets="logical-r7"/>
  </node>
  <a xml:id="logical-N65717" label="p" ref="logical-n7" as="xces"/>
  <region xml:id="logical-r8" anchors="1757 1799"/>
  <node xml:id="logical-n8">
    <link targets="logical-r8"/>
  </node>
  <a xml:id="logical-N65733" label="p" ref="logical-n8" as="xces"/>
  <region xml:id="logical-r9" anchors="1800 1816"/>
  <node xml:id="logical-n9">
    <link targets="logical-r9"/>
  </node>
  <a xml:id="logical-N65749" label="p" ref="logical-n9" as="xces"/>
  <region xml:id="logical-r10" anchors="1817 2170"/>
  <node xml:id="logical-n10">
    <link targets="logical-r10"/>
  </node>
  <a xml:id="logical-N65765" label="p" ref="logical-n10" as="xces"/>
  <region xml:id="logical-r11" anchors="2171 2579"/>
  <node xml:id="logical-n11">
    <link targets="logical-r11"/>
  </node>
  <a xml:id="logical-N65781" label="p" ref="logical-n11" as="xces"/>
  <region xml:id="logical-r12" anchors="2580 2881"/>
  <node xml:id="logical-n12">
    <link targets="logical-r12"/>
  </node>
  <a xml:id="logical-N65797" label="p" ref="logical-n12" as="xces"/>
  <region xml:id="logical-r13" anchors="2882 3518"/>
  <node xml:id="logical-n13">
    <link targets="logical-r13"/>
  </node>
  <a xml:id="logical-N65813" label="p" ref="logical-n13" as="xces"/>
  <region xml:id="logical-r14" anchors="3519 3847"/>
  <node xml:id="logical-n14">
    <link targets="logical-r14"/>
  </node>
  <a xml:id="logical-N65829" label="p" ref="logical-n14" as="xces"/>
  <region xml:id="logical-r15" anchors="3848 4387"/>
  <node xml:id="logical-n15">
    <link targets="logical-r15"/>
  </node>
  <a xml:id="logical-N65845" label="p" ref="logical-n15" as="xces"/>
  <region xml:id="logical-r16" anchors="4388 4657"/>
  <node xml:id="logical-n16">
    <link targets="logical-r16"/>
  </node>
  <a xml:id="logical-N65861" label="p" ref="logical-n16" as="xces"/>
  <region xml:id="logical-r17" anchors="4658 4878"/>
  <node xml:id="logical-n17">
    <link targets="logical-r17"/>
  </node>
  <a xml:id="logical-N65877" label="p" ref="logical-n17" as="xces"/>
  <region xml:id="logical-r18" anchors="4879 4925"/>
  <node xml:id="logical-n18">
    <link targets="logical-r18"/>
  </node>
  <a xml:id="logical-N65893" label="p" ref="logical-n18" as="xces"/>
  <region xml:id="logical-r19" anchors="4926 4993"/>
  <node xml:id="logical-n19">
    <link targets="logical-r19"/>
  </node>
  <a xml:id="logical-N65909" label="p" ref="logical-n19" as="xces"/>
  <region xml:id="logical-r20" anchors="4994 5328"/>
  <node xml:id="logical-n20">
    <link targets="logical-r20"/>
  </node>
  <a xml:id="logical-N65925" label="p" ref="logical-n20" as="xces"/>
  <region xml:id="logical-r21" anchors="5329 5630"/>
  <node xml:id="logical-n21">
    <link targets="logical-r21"/>
  </node>
  <a xml:id="logical-N65941" label="p" ref="logical-n21" as="xces"/>
  <region xml:id="logical-r22" anchors="5631 6040"/>
  <node xml:id="logical-n22">
    <link targets="logical-r22"/>
  </node>
  <a xml:id="logical-N65957" label="p" ref="logical-n22" as="xces"/>
  <region xml:id="logical-r23" anchors="6041 6295"/>
  <node xml:id="logical-n23">
    <link targets="logical-r23"/>
  </node>
  <a xml:id="logical-N65973" label="p" ref="logical-n23" as="xces"/>
  <region xml:id="logical-r24" anchors="6296 6699"/>
  <node xml:id="logical-n24">
    <link targets="logical-r24"/>
  </node>
  <a xml:id="logical-N65989" label="p" ref="logical-n24" as="xces"/>
  <region xml:id="logical-r25" anchors="6700 6796"/>
  <node xml:id="logical-n25">
    <link targets="logical-r25"/>
  </node>
  <a xml:id="logical-N66005" label="p" ref="logical-n25" as="xces"/>
  <region xml:id="logical-r26" anchors="6797 6855"/>
  <node xml:id="logical-n26">
    <link targets="logical-r26"/>
  </node>
  <a xml:id="logical-N66021" label="p" ref="logical-n26" as="xces"/>
  <region xml:id="logical-r27" anchors="6856 6919"/>
  <node xml:id="logical-n27">
    <link targets="logical-r27"/>
  </node>
  <a xml:id="logical-N66037" label="p" ref="logical-n27" as="xces"/>
  <region xml:id="logical-r28" anchors="6920 7154"/>
  <node xml:id="logical-n28">
    <link targets="logical-r28"/>
  </node>
  <a xml:id="logical-N66053" label="p" ref="logical-n28" as="xces"/>
  <region xml:id="logical-r29" anchors="7155 7518"/>
  <node xml:id="logical-n29">
    <link targets="logical-r29"/>
  </node>
  <a xml:id="logical-N66069" label="p" ref="logical-n29" as="xces"/>
  <region xml:id="logical-r30" anchors="7519 8005"/>
  <node xml:id="logical-n30">
    <link targets="logical-r30"/>
  </node>
  <a xml:id="logical-N66085" label="p" ref="logical-n30" as="xces"/>
  <region xml:id="logical-r31" anchors="8006 8310"/>
  <node xml:id="logical-n31">
    <link targets="logical-r31"/>
  </node>
  <a xml:id="logical-N66101" label="p" ref="logical-n31" as="xces"/>
  <region xml:id="logical-r32" anchors="8311 8562"/>
  <node xml:id="logical-n32">
    <link targets="logical-r32"/>
  </node>
  <a xml:id="logical-N66117" label="p" ref="logical-n32" as="xces"/>
  <region xml:id="logical-r33" anchors="8563 8669"/>
  <node xml:id="logical-n33">
    <link targets="logical-r33"/>
  </node>
  <a xml:id="logical-N66133" label="p" ref="logical-n33" as="xces"/>
  <region xml:id="logical-r34" anchors="8670 8679"/>
  <node xml:id="logical-n34">
    <link targets="logical-r34"/>
  </node>
  <a xml:id="logical-N66149" label="p" ref="logical-n34" as="xces"/>
  <region xml:id="logical-r35" anchors="8680 8686"/>
  <node xml:id="logical-n35">
    <link targets="logical-r35"/>
  </node>
  <a xml:id="logical-N66165" label="p" ref="logical-n35" as="xces"/>
  <region xml:id="logical-r36" anchors="8680 8685"/>
  <node xml:id="logical-n36">
    <link targets="logical-r36"/>
  </node>
  <a xml:id="logical-N66181" label="signature" ref="logical-n36" as="xces"/>
  <region xml:id="logical-r37" anchors="8687 8866"/>
  <node xml:id="logical-n37">
    <link targets="logical-r37"/>
  </node>
  <a xml:id="logical-N66197" label="p" ref="logical-n37" as="xces"/>
  <region xml:id="logical-r38" anchors="8806 8821"/>
  <node xml:id="logical-n38">
    <link targets="logical-r38"/>
  </node>
  <a xml:id="logical-N66213" label="phonenumber" ref="logical-n38" as="xces"/>
  <region xml:id="logical-r39" anchors="8831 8846"/>
  <node xml:id="logical-n39">
    <link targets="logical-r39"/>
  </node>
  <a xml:id="logical-N66229" label="phonenumber" ref="logical-n39" as="xces"/>
  <region xml:id="logical-r40" anchors="8847 8866"/>
  <node xml:id="logical-n40">
    <link targets="logical-r40"/>
  </node>
  <a xml:id="logical-N66245" label="a" ref="logical-n40" as="xces"/>
</graph>
