<?xml version="1.0" encoding="UTF-8"?><graph xmlns="http://www.xces.org/ns/GrAF/1.0/" xmlns:graf="http://www.xces.org/ns/GrAF/1.0/">
    <graphHeader>
        <labelsDecl>
        </labelsDecl>
    </graphHeader>
    <region xml:id="seg-r0" anchors="4 8"/>
    <region xml:id="seg-r1" anchors="8 9"/>
    <region xml:id="seg-r3" anchors="10 13"/>
    <region xml:id="seg-r4" anchors="13 14"/>
    <region xml:id="seg-r6" anchors="15 16"/>
    <region xml:id="seg-r8" anchors="17 20"/>
    <region xml:id="seg-r10" anchors="21 25"/>
    <region xml:id="seg-r12" anchors="26 34"/>
    <region xml:id="seg-r14" anchors="35 36"/>
    <region xml:id="seg-r15" anchors="36 40"/>
    <region xml:id="seg-r17" anchors="41 42"/>
    <region xml:id="seg-r18" anchors="42 45"/>
    <region xml:id="seg-r19" anchors="45 46"/>
    <region xml:id="seg-r21" anchors="47 51"/>
    <region xml:id="seg-r22" anchors="51 52"/>
    <region xml:id="seg-r24" anchors="53 74"/>
    <region xml:id="seg-r26" anchors="75 77"/>
    <region xml:id="seg-r27" anchors="77 78"/>
    <region xml:id="seg-r29" anchors="79 103"/>
    <region xml:id="seg-r31" anchors="104 111"/>
    <region xml:id="seg-r32" anchors="111 112"/>
    <region xml:id="seg-r34" anchors="113 115"/>
    <region xml:id="seg-r35" anchors="115 116"/>
    <region xml:id="seg-r37" anchors="117 122"/>
    <region xml:id="seg-r39" anchors="123 126"/>
    <region xml:id="seg-r41" anchors="127 130"/>
    <region xml:id="seg-r43" anchors="131 134"/>
    <region xml:id="seg-r45" anchors="135 143"/>
    <region xml:id="seg-r47" anchors="144 155"/>
    <region xml:id="seg-r49" anchors="156 161"/>
    <region xml:id="seg-r50" anchors="161 168"/>
    <region xml:id="seg-r51" anchors="168 169"/>
    <region xml:id="seg-r53" anchors="170 173"/>
    <region xml:id="seg-r55" anchors="174 182"/>
    <region xml:id="seg-r56" anchors="182 186"/>
    <region xml:id="seg-r57" anchors="186 187"/>
    <region xml:id="seg-r59" anchors="188 192"/>
    <region xml:id="seg-r60" anchors="192 193"/>
    <region xml:id="seg-r61" anchors="193 198"/>
    <region xml:id="seg-r62" anchors="198 199"/>
    <region xml:id="seg-r64" anchors="200 207"/>
    <region xml:id="seg-r65" anchors="207 208"/>
    <region xml:id="seg-r66" anchors="208 216"/>
    <region xml:id="seg-r68" anchors="217 225"/>
    <region xml:id="seg-r69" anchors="225 234"/>
    <region xml:id="seg-r70" anchors="234 242"/>
    <region xml:id="seg-r71" anchors="242 243"/>
    <region xml:id="seg-r73" anchors="244 245"/>
    <region xml:id="seg-r74" anchors="245 248"/>
    <region xml:id="seg-r76" anchors="249 255"/>
    <region xml:id="seg-r77" anchors="255 256"/>
    <region xml:id="seg-r79" anchors="257 263"/>
    <region xml:id="seg-r81" anchors="264 265"/>
    <region xml:id="seg-r83" anchors="266 270"/>
    <region xml:id="seg-r85" anchors="271 275"/>
    <region xml:id="seg-r86" anchors="275 276"/>
    <region xml:id="seg-r88" anchors="277 282"/>
    <region xml:id="seg-r90" anchors="283 291"/>
    <region xml:id="seg-r92" anchors="292 296"/>
    <region xml:id="seg-r93" anchors="296 297"/>
    <region xml:id="seg-r95" anchors="299 304"/>
    <region xml:id="seg-r96" anchors="304 305"/>
    <region xml:id="seg-r98" anchors="307 315"/>
    <region xml:id="seg-r99" anchors="315 316"/>
    <region xml:id="seg-r101" anchors="317 318"/>
    <region xml:id="seg-r102" anchors="318 324"/>
    <region xml:id="seg-r103" anchors="324 325"/>
    <region xml:id="seg-r104" anchors="325 329"/>
    <region xml:id="seg-r105" anchors="329 330"/>
    <region xml:id="seg-r106" anchors="330 333"/>
    <region xml:id="seg-r107" anchors="333 337"/>
    <region xml:id="seg-r108" anchors="337 338"/>
    <region xml:id="seg-r109" anchors="338 339"/>
    <region xml:id="seg-r110" anchors="339 340"/>
    <region xml:id="seg-r111" anchors="340 345"/>
    <region xml:id="seg-r113" anchors="346 353"/>
    <region xml:id="seg-r114" anchors="353 354"/>
    <region xml:id="seg-r115" anchors="354 357"/>
    <region xml:id="seg-r117" anchors="358 367"/>
    <region xml:id="seg-r119" anchors="368 376"/>
    <region xml:id="seg-r120" anchors="376 377"/>
    <region xml:id="seg-r122" anchors="378 384"/>
    <region xml:id="seg-r124" anchors="385 395"/>
    <region xml:id="seg-r125" anchors="395 396"/>
    <region xml:id="seg-r127" anchors="397 402"/>
    <region xml:id="seg-r128" anchors="402 403"/>
    <region xml:id="seg-r129" anchors="403 406"/>
    <region xml:id="seg-r131" anchors="409 412"/>
    <region xml:id="seg-r133" anchors="413 435"/>
    <region xml:id="seg-r135" anchors="436 445"/>
    <region xml:id="seg-r137" anchors="446 448"/>
    <region xml:id="seg-r139" anchors="449 455"/>
    <region xml:id="seg-r141" anchors="456 457"/>
    <region xml:id="seg-r143" anchors="458 462"/>
    <region xml:id="seg-r144" anchors="462 463"/>
    <region xml:id="seg-r145" anchors="463 466"/>
    <region xml:id="seg-r146" anchors="466 467"/>
    <region xml:id="seg-r147" anchors="467 470"/>
    <region xml:id="seg-r149" anchors="471 473"/>
    <region xml:id="seg-r151" anchors="474 482"/>
    <region xml:id="seg-r153" anchors="483 488"/>
    <region xml:id="seg-r155" anchors="490 492"/>
    <region xml:id="seg-r157" anchors="493 520"/>
    <region xml:id="seg-r159" anchors="523 526"/>
    <region xml:id="seg-r161" anchors="527 535"/>
    <region xml:id="seg-r162" anchors="535 536"/>
    <region xml:id="seg-r163" anchors="536 541"/>
    <region xml:id="seg-r165" anchors="542 550"/>
    <region xml:id="seg-r167" anchors="551 556"/>
    <region xml:id="seg-r169" anchors="557 559"/>
    <region xml:id="seg-r171" anchors="560 562"/>
    <region xml:id="seg-r172" anchors="562 563"/>
    <region xml:id="seg-r174" anchors="564 567"/>
    <region xml:id="seg-r176" anchors="568 576"/>
    <region xml:id="seg-r177" anchors="576 577"/>
    <region xml:id="seg-r178" anchors="577 581"/>
    <region xml:id="seg-r179" anchors="581 582"/>
    <region xml:id="seg-r180" anchors="582 587"/>
    <region xml:id="seg-r181" anchors="587 588"/>
    <region xml:id="seg-r182" anchors="588 593"/>
    <region xml:id="seg-r184" anchors="594 596"/>
    <region xml:id="seg-r185" anchors="596 597"/>
    <region xml:id="seg-r187" anchors="598 604"/>
    <region xml:id="seg-r189" anchors="605 614"/>
    <region xml:id="seg-r190" anchors="614 615"/>
    <region xml:id="seg-r191" anchors="615 632"/>
    <region xml:id="seg-r192" anchors="632 633"/>
    <region xml:id="seg-r193" anchors="633 650"/>
    <region xml:id="seg-r194" anchors="650 651"/>
    <region xml:id="seg-r196" anchors="652 659"/>
    <region xml:id="seg-r198" anchors="660 661"/>
    <region xml:id="seg-r200" anchors="663 668"/>
    <region xml:id="seg-r201" anchors="668 669"/>
    <region xml:id="seg-r202" anchors="669 686"/>
    <region xml:id="seg-r203" anchors="686 687"/>
    <region xml:id="seg-r204" anchors="687 704"/>
    <region xml:id="seg-r205" anchors="704 705"/>
    <region xml:id="seg-r207" anchors="706 711"/>
    <region xml:id="seg-r209" anchors="713 718"/>
    <region xml:id="seg-r210" anchors="718 719"/>
    <region xml:id="seg-r211" anchors="719 736"/>
    <region xml:id="seg-r212" anchors="736 737"/>
    <region xml:id="seg-r213" anchors="737 754"/>
    <region xml:id="seg-r214" anchors="754 755"/>
    <region xml:id="seg-r216" anchors="756 760"/>
    <region xml:id="seg-r218" anchors="762 768"/>
    <region xml:id="seg-r219" anchors="768 769"/>
    <region xml:id="seg-r220" anchors="769 786"/>
    <region xml:id="seg-r221" anchors="786 787"/>
    <region xml:id="seg-r222" anchors="787 804"/>
    <region xml:id="seg-r223" anchors="804 805"/>
    <region xml:id="seg-r225" anchors="806 812"/>
    <region xml:id="seg-r227" anchors="813 814"/>
    <region xml:id="seg-r229" anchors="815 819"/>
    <region xml:id="seg-r230" anchors="819 820"/>
    <region xml:id="seg-r231" anchors="820 823"/>
    <region xml:id="seg-r232" anchors="823 824"/>
    <region xml:id="seg-r233" anchors="824 827"/>
    <region xml:id="seg-r234" anchors="827 828"/>
    <region xml:id="seg-r235" anchors="828 831"/>
    <region xml:id="seg-r236" anchors="831 832"/>
    <region xml:id="seg-r238" anchors="834 841"/>
    <region xml:id="seg-r240" anchors="842 850"/>
    <region xml:id="seg-r241" anchors="850 851"/>
    <region xml:id="seg-r242" anchors="851 855"/>
    <region xml:id="seg-r243" anchors="855 856"/>
    <region xml:id="seg-r244" anchors="856 861"/>
    <region xml:id="seg-r245" anchors="861 862"/>
    <region xml:id="seg-r246" anchors="862 867"/>
    <region xml:id="seg-r248" anchors="869 876"/>
    <region xml:id="seg-r249" anchors="876 877"/>
    <region xml:id="seg-r251" anchors="878 880"/>
    <region xml:id="seg-r252" anchors="880 881"/>
    <region xml:id="seg-r254" anchors="882 887"/>
    <region xml:id="seg-r256" anchors="888 891"/>
    <region xml:id="seg-r258" anchors="892 895"/>
    <region xml:id="seg-r260" anchors="896 899"/>
    <region xml:id="seg-r262" anchors="900 908"/>
    <region xml:id="seg-r264" anchors="909 920"/>
    <region xml:id="seg-r266" anchors="924 930"/>
    <region xml:id="seg-r267" anchors="930 931"/>
    <region xml:id="seg-r269" anchors="932 936"/>
    <region xml:id="seg-r271" anchors="937 948"/>
    <region xml:id="seg-r273" anchors="949 951"/>
    <region xml:id="seg-r275" anchors="952 960"/>
    <region xml:id="seg-r277" anchors="961 969"/>
    <region xml:id="seg-r279" anchors="970 972"/>
    <region xml:id="seg-r281" anchors="973 976"/>
    <region xml:id="seg-r282" anchors="976 977"/>
    <region xml:id="seg-r284" anchors="978 979"/>
    <region xml:id="seg-r286" anchors="980 988"/>
    <region xml:id="seg-r288" anchors="989 990"/>
    <region xml:id="seg-r290" anchors="991 998"/>
    <region xml:id="seg-r292" anchors="1000 1004"/>
    <region xml:id="seg-r294" anchors="1005 1014"/>
    <region xml:id="seg-r296" anchors="1015 1017"/>
    <region xml:id="seg-r298" anchors="1018 1021"/>
    <region xml:id="seg-r300" anchors="1022 1031"/>
    <region xml:id="seg-r302" anchors="1032 1034"/>
    <region xml:id="seg-r304" anchors="1035 1042"/>
    <region xml:id="seg-r306" anchors="1043 1053"/>
    <region xml:id="seg-r307" anchors="1053 1054"/>
    <region xml:id="seg-r309" anchors="1055 1058"/>
    <region xml:id="seg-r311" anchors="1059 1061"/>
    <region xml:id="seg-r313" anchors="1062 1065"/>
    <region xml:id="seg-r315" anchors="1066 1070"/>
    <region xml:id="seg-r317" anchors="1071 1077"/>
    <region xml:id="seg-r319" anchors="1079 1088"/>
    <region xml:id="seg-r321" anchors="1089 1090"/>
    <region xml:id="seg-r323" anchors="1091 1095"/>
    <region xml:id="seg-r325" anchors="1096 1101"/>
    <region xml:id="seg-r327" anchors="1102 1104"/>
    <region xml:id="seg-r329" anchors="1105 1113"/>
    <region xml:id="seg-r331" anchors="1114 1123"/>
    <region xml:id="seg-r333" anchors="1124 1130"/>
    <region xml:id="seg-r335" anchors="1131 1139"/>
    <region xml:id="seg-r337" anchors="1140 1142"/>
    <region xml:id="seg-r339" anchors="1143 1146"/>
    <region xml:id="seg-r341" anchors="1147 1155"/>
    <region xml:id="seg-r343" anchors="1157 1160"/>
    <region xml:id="seg-r345" anchors="1161 1166"/>
    <region xml:id="seg-r347" anchors="1167 1171"/>
    <region xml:id="seg-r349" anchors="1172 1184"/>
    <region xml:id="seg-r350" anchors="1184 1185"/>
    <region xml:id="seg-r352" anchors="1186 1189"/>
    <region xml:id="seg-r354" anchors="1190 1199"/>
    <region xml:id="seg-r356" anchors="1200 1203"/>
    <region xml:id="seg-r358" anchors="1204 1211"/>
    <region xml:id="seg-r360" anchors="1212 1215"/>
    <region xml:id="seg-r362" anchors="1216 1218"/>
    <region xml:id="seg-r364" anchors="1219 1224"/>
    <region xml:id="seg-r366" anchors="1225 1229"/>
    <region xml:id="seg-r368" anchors="1230 1234"/>
    <region xml:id="seg-r370" anchors="1236 1239"/>
    <region xml:id="seg-r372" anchors="1240 1243"/>
    <region xml:id="seg-r374" anchors="1244 1248"/>
    <region xml:id="seg-r376" anchors="1249 1252"/>
    <region xml:id="seg-r378" anchors="1253 1255"/>
    <region xml:id="seg-r380" anchors="1256 1263"/>
    <region xml:id="seg-r382" anchors="1264 1267"/>
    <region xml:id="seg-r384" anchors="1268 1276"/>
    <region xml:id="seg-r386" anchors="1277 1280"/>
    <region xml:id="seg-r387" anchors="1280 1281"/>
    <region xml:id="seg-r389" anchors="1282 1285"/>
    <region xml:id="seg-r391" anchors="1286 1296"/>
    <region xml:id="seg-r393" anchors="1297 1300"/>
    <region xml:id="seg-r395" anchors="1301 1302"/>
    <region xml:id="seg-r397" anchors="1303 1312"/>
    <region xml:id="seg-r399" anchors="1314 1321"/>
    <region xml:id="seg-r401" anchors="1322 1326"/>
    <region xml:id="seg-r403" anchors="1327 1330"/>
    <region xml:id="seg-r405" anchors="1331 1334"/>
    <region xml:id="seg-r406" anchors="1334 1335"/>
    <region xml:id="seg-r408" anchors="1336 1339"/>
    <region xml:id="seg-r410" anchors="1340 1344"/>
    <region xml:id="seg-r412" anchors="1345 1349"/>
    <region xml:id="seg-r414" anchors="1350 1352"/>
    <region xml:id="seg-r416" anchors="1353 1357"/>
    <region xml:id="seg-r418" anchors="1358 1362"/>
    <region xml:id="seg-r420" anchors="1363 1367"/>
    <region xml:id="seg-r422" anchors="1368 1374"/>
    <region xml:id="seg-r424" anchors="1375 1383"/>
    <region xml:id="seg-r426" anchors="1384 1387"/>
    <region xml:id="seg-r428" anchors="1389 1394"/>
    <region xml:id="seg-r430" anchors="1395 1398"/>
    <region xml:id="seg-r432" anchors="1399 1402"/>
    <region xml:id="seg-r434" anchors="1403 1418"/>
    <region xml:id="seg-r436" anchors="1419 1422"/>
    <region xml:id="seg-r438" anchors="1423 1425"/>
    <region xml:id="seg-r440" anchors="1426 1433"/>
    <region xml:id="seg-r442" anchors="1434 1438"/>
    <region xml:id="seg-r444" anchors="1439 1442"/>
    <region xml:id="seg-r446" anchors="1443 1447"/>
    <region xml:id="seg-r448" anchors="1448 1452"/>
    <region xml:id="seg-r450" anchors="1453 1457"/>
    <region xml:id="seg-r452" anchors="1458 1461"/>
    <region xml:id="seg-r454" anchors="1462 1466"/>
    <region xml:id="seg-r456" anchors="1468 1470"/>
    <region xml:id="seg-r458" anchors="1471 1479"/>
    <region xml:id="seg-r459" anchors="1479 1480"/>
    <region xml:id="seg-r461" anchors="1482 1487"/>
    <region xml:id="seg-r463" anchors="1488 1497"/>
    <region xml:id="seg-r465" anchors="1498 1502"/>
    <region xml:id="seg-r467" anchors="1503 1506"/>
    <region xml:id="seg-r469" anchors="1507 1514"/>
    <region xml:id="seg-r471" anchors="1515 1516"/>
    <region xml:id="seg-r473" anchors="1517 1522"/>
    <region xml:id="seg-r475" anchors="1523 1527"/>
    <region xml:id="seg-r477" anchors="1528 1533"/>
    <region xml:id="seg-r479" anchors="1534 1543"/>
    <region xml:id="seg-r481" anchors="1544 1547"/>
    <region xml:id="seg-r483" anchors="1548 1552"/>
    <region xml:id="seg-r485" anchors="1553 1556"/>
    <region xml:id="seg-r487" anchors="1558 1561"/>
    <region xml:id="seg-r489" anchors="1562 1567"/>
    <region xml:id="seg-r490" anchors="1567 1568"/>
    <region xml:id="seg-r492" anchors="1569 1572"/>
    <region xml:id="seg-r494" anchors="1573 1581"/>
    <region xml:id="seg-r496" anchors="1582 1590"/>
    <region xml:id="seg-r498" anchors="1591 1594"/>
    <region xml:id="seg-r500" anchors="1595 1602"/>
    <region xml:id="seg-r502" anchors="1603 1605"/>
    <region xml:id="seg-r504" anchors="1606 1611"/>
    <region xml:id="seg-r505" anchors="1611 1612"/>
    <region xml:id="seg-r507" anchors="1613 1616"/>
    <region xml:id="seg-r509" anchors="1617 1622"/>
    <region xml:id="seg-r511" anchors="1623 1627"/>
    <region xml:id="seg-r513" anchors="1628 1629"/>
    <region xml:id="seg-r515" anchors="1630 1634"/>
    <region xml:id="seg-r517" anchors="1636 1639"/>
    <region xml:id="seg-r519" anchors="1640 1643"/>
    <region xml:id="seg-r521" anchors="1644 1650"/>
    <region xml:id="seg-r523" anchors="1651 1653"/>
    <region xml:id="seg-r525" anchors="1654 1663"/>
    <region xml:id="seg-r527" anchors="1664 1666"/>
    <region xml:id="seg-r529" anchors="1667 1678"/>
    <region xml:id="seg-r531" anchors="1679 1683"/>
    <region xml:id="seg-r533" anchors="1684 1688"/>
    <region xml:id="seg-r535" anchors="1689 1691"/>
    <region xml:id="seg-r537" anchors="1692 1700"/>
    <region xml:id="seg-r539" anchors="1701 1704"/>
    <region xml:id="seg-r541" anchors="1705 1711"/>
    <region xml:id="seg-r542" anchors="1711 1712"/>
    <region xml:id="seg-r544" anchors="1714 1717"/>
    <region xml:id="seg-r546" anchors="1718 1720"/>
    <region xml:id="seg-r548" anchors="1721 1724"/>
    <region xml:id="seg-r550" anchors="1725 1735"/>
    <region xml:id="seg-r552" anchors="1736 1738"/>
    <region xml:id="seg-r554" anchors="1739 1746"/>
    <region xml:id="seg-r556" anchors="1747 1750"/>
    <region xml:id="seg-r558" anchors="1751 1756"/>
    <region xml:id="seg-r560" anchors="1757 1765"/>
    <region xml:id="seg-r562" anchors="1766 1769"/>
    <region xml:id="seg-r564" anchors="1770 1774"/>
    <region xml:id="seg-r566" anchors="1775 1779"/>
    <region xml:id="seg-r568" anchors="1780 1783"/>
    <region xml:id="seg-r570" anchors="1784 1786"/>
    <region xml:id="seg-r572" anchors="1788 1793"/>
    <region xml:id="seg-r574" anchors="1794 1799"/>
    <region xml:id="seg-r576" anchors="1800 1802"/>
    <region xml:id="seg-r578" anchors="1803 1808"/>
    <region xml:id="seg-r579" anchors="1808 1809"/>
    <region xml:id="seg-r581" anchors="1812 1815"/>
    <region xml:id="seg-r583" anchors="1818 1821"/>
    <region xml:id="seg-r585" anchors="1822 1830"/>
    <region xml:id="seg-r587" anchors="1831 1839"/>
    <region xml:id="seg-r589" anchors="1840 1845"/>
    <region xml:id="seg-r591" anchors="1846 1848"/>
    <region xml:id="seg-r593" anchors="1849 1851"/>
    <region xml:id="seg-r594" anchors="1851 1852"/>
    <region xml:id="seg-r596" anchors="1853 1859"/>
    <region xml:id="seg-r598" anchors="1860 1869"/>
    <region xml:id="seg-r599" anchors="1869 1870"/>
    <region xml:id="seg-r600" anchors="1870 1887"/>
    <region xml:id="seg-r601" anchors="1887 1888"/>
    <region xml:id="seg-r602" anchors="1888 1905"/>
    <region xml:id="seg-r604" anchors="1906 1908"/>
    <region xml:id="seg-r605" anchors="1908 1909"/>
    <region xml:id="seg-r607" anchors="1910 1917"/>
    <region xml:id="seg-r609" anchors="1918 1919"/>
    <region xml:id="seg-r611" anchors="1920 1925"/>
    <region xml:id="seg-r612" anchors="1925 1926"/>
    <region xml:id="seg-r613" anchors="1926 1943"/>
    <region xml:id="seg-r614" anchors="1943 1944"/>
    <region xml:id="seg-r615" anchors="1944 1961"/>
    <region xml:id="seg-r616" anchors="1961 1962"/>
    <region xml:id="seg-r618" anchors="1963 1968"/>
    <region xml:id="seg-r620" anchors="1970 1975"/>
    <region xml:id="seg-r621" anchors="1975 1976"/>
    <region xml:id="seg-r622" anchors="1976 1993"/>
    <region xml:id="seg-r623" anchors="1993 1994"/>
    <region xml:id="seg-r624" anchors="1994 2011"/>
    <region xml:id="seg-r625" anchors="2011 2012"/>
    <region xml:id="seg-r627" anchors="2013 2017"/>
    <region xml:id="seg-r629" anchors="2019 2025"/>
    <region xml:id="seg-r630" anchors="2025 2026"/>
    <region xml:id="seg-r631" anchors="2026 2043"/>
    <region xml:id="seg-r632" anchors="2043 2044"/>
    <region xml:id="seg-r633" anchors="2044 2061"/>
    <region xml:id="seg-r634" anchors="2061 2062"/>
    <region xml:id="seg-r636" anchors="2063 2069"/>
    <region xml:id="seg-r638" anchors="2070 2071"/>
    <region xml:id="seg-r640" anchors="2072 2076"/>
    <region xml:id="seg-r641" anchors="2076 2077"/>
    <region xml:id="seg-r642" anchors="2077 2080"/>
    <region xml:id="seg-r643" anchors="2080 2081"/>
    <region xml:id="seg-r644" anchors="2081 2084"/>
    <region xml:id="seg-r645" anchors="2084 2085"/>
    <region xml:id="seg-r646" anchors="2085 2088"/>
    <region xml:id="seg-r647" anchors="2088 2089"/>
    <region xml:id="seg-r649" anchors="2091 2098"/>
    <region xml:id="seg-r651" anchors="2099 2107"/>
    <region xml:id="seg-r652" anchors="2107 2108"/>
    <region xml:id="seg-r653" anchors="2108 2112"/>
    <region xml:id="seg-r654" anchors="2112 2113"/>
    <region xml:id="seg-r655" anchors="2113 2118"/>
    <region xml:id="seg-r656" anchors="2118 2119"/>
    <region xml:id="seg-r657" anchors="2119 2124"/>
    <region xml:id="seg-r659" anchors="2125 2126"/>
    <region xml:id="seg-r660" anchors="2126 2129"/>
    <region xml:id="seg-r661" anchors="2129 2130"/>
    <region xml:id="seg-r663" anchors="2131 2134"/>
    <region xml:id="seg-r665" anchors="2135 2143"/>
    <region xml:id="seg-r666" anchors="2143 2144"/>
    <region xml:id="seg-r667" anchors="2144 2148"/>
    <region xml:id="seg-r668" anchors="2148 2149"/>
    <region xml:id="seg-r669" anchors="2149 2154"/>
    <region xml:id="seg-r670" anchors="2154 2155"/>
    <region xml:id="seg-r672" anchors="2156 2163"/>
    <region xml:id="seg-r673" anchors="2163 2164"/>
    <region xml:id="seg-r675" anchors="2165 2170"/>
    <region xml:id="seg-r677" anchors="2171 2174"/>
    <region xml:id="seg-r679" anchors="2175 2178"/>
    <region xml:id="seg-r681" anchors="2179 2182"/>
    <region xml:id="seg-r683" anchors="2183 2191"/>
    <region xml:id="seg-r685" anchors="2192 2203"/>
    <region xml:id="seg-r687" anchors="2205 2211"/>
    <region xml:id="seg-r688" anchors="2211 2212"/>
    <region xml:id="seg-r690" anchors="2213 2218"/>
    <region xml:id="seg-r692" anchors="2219 2223"/>
    <region xml:id="seg-r694" anchors="2224 2235"/>
    <region xml:id="seg-r696" anchors="2236 2239"/>
    <region xml:id="seg-r698" anchors="2240 2244"/>
    <region xml:id="seg-r700" anchors="2245 2246"/>
    <region xml:id="seg-r702" anchors="2247 2254"/>
    <region xml:id="seg-r704" anchors="2255 2258"/>
    <region xml:id="seg-r706" anchors="2259 2263"/>
    <region xml:id="seg-r708" anchors="2264 2270"/>
    <region xml:id="seg-r710" anchors="2271 2274"/>
    <region xml:id="seg-r712" anchors="2276 2286"/>
    <region xml:id="seg-r713" anchors="2286 2287"/>
    <region xml:id="seg-r715" anchors="2289 2290"/>
    <region xml:id="seg-r717" anchors="2291 2296"/>
    <region xml:id="seg-r719" anchors="2297 2299"/>
    <region xml:id="seg-r721" anchors="2300 2302"/>
    <region xml:id="seg-r723" anchors="2303 2312"/>
    <region xml:id="seg-r725" anchors="2313 2316"/>
    <region xml:id="seg-r727" anchors="2317 2329"/>
    <region xml:id="seg-r729" anchors="2330 2336"/>
    <region xml:id="seg-r731" anchors="2337 2340"/>
    <region xml:id="seg-r733" anchors="2341 2343"/>
    <region xml:id="seg-r735" anchors="2344 2347"/>
    <region xml:id="seg-r737" anchors="2348 2354"/>
    <region xml:id="seg-r739" anchors="2355 2363"/>
    <region xml:id="seg-r741" anchors="2365 2374"/>
    <region xml:id="seg-r743" anchors="2375 2377"/>
    <region xml:id="seg-r745" anchors="2378 2382"/>
    <region xml:id="seg-r747" anchors="2383 2386"/>
    <region xml:id="seg-r749" anchors="2387 2390"/>
    <region xml:id="seg-r751" anchors="2391 2394"/>
    <region xml:id="seg-r753" anchors="2395 2400"/>
    <region xml:id="seg-r755" anchors="2401 2404"/>
    <region xml:id="seg-r757" anchors="2405 2407"/>
    <region xml:id="seg-r759" anchors="2408 2418"/>
    <region xml:id="seg-r761" anchors="2419 2421"/>
    <region xml:id="seg-r763" anchors="2422 2429"/>
    <region xml:id="seg-r765" anchors="2430 2431"/>
    <region xml:id="seg-r766" anchors="2431 2437"/>
    <region xml:id="seg-r768" anchors="2439 2447"/>
    <region xml:id="seg-r769" anchors="2447 2448"/>
    <region xml:id="seg-r771" anchors="2449 2451"/>
    <region xml:id="seg-r773" anchors="2452 2457"/>
    <region xml:id="seg-r775" anchors="2458 2466"/>
    <region xml:id="seg-r777" anchors="2467 2473"/>
    <region xml:id="seg-r779" anchors="2474 2478"/>
    <region xml:id="seg-r781" anchors="2479 2482"/>
    <region xml:id="seg-r783" anchors="2483 2488"/>
    <region xml:id="seg-r785" anchors="2489 2496"/>
    <region xml:id="seg-r787" anchors="2497 2499"/>
    <region xml:id="seg-r789" anchors="2500 2503"/>
    <region xml:id="seg-r791" anchors="2504 2507"/>
    <region xml:id="seg-r793" anchors="2508 2513"/>
    <region xml:id="seg-r795" anchors="2515 2519"/>
    <region xml:id="seg-r797" anchors="2520 2531"/>
    <region xml:id="seg-r799" anchors="2532 2540"/>
    <region xml:id="seg-r801" anchors="2541 2545"/>
    <region xml:id="seg-r803" anchors="2546 2550"/>
    <region xml:id="seg-r805" anchors="2551 2555"/>
    <region xml:id="seg-r807" anchors="2556 2558"/>
    <region xml:id="seg-r809" anchors="2559 2566"/>
    <region xml:id="seg-r810" anchors="2566 2567"/>
    <region xml:id="seg-r812" anchors="2568 2571"/>
    <region xml:id="seg-r814" anchors="2572 2575"/>
    <region xml:id="seg-r816" anchors="2576 2580"/>
    <region xml:id="seg-r818" anchors="2581 2583"/>
    <region xml:id="seg-r820" anchors="2584 2589"/>
    <region xml:id="seg-r822" anchors="2591 2594"/>
    <region xml:id="seg-r824" anchors="2595 2598"/>
    <region xml:id="seg-r826" anchors="2599 2607"/>
    <region xml:id="seg-r827" anchors="2607 2608"/>
    <region xml:id="seg-r829" anchors="2609 2614"/>
    <region xml:id="seg-r831" anchors="2615 2627"/>
    <region xml:id="seg-r833" anchors="2628 2631"/>
    <region xml:id="seg-r835" anchors="2632 2640"/>
    <region xml:id="seg-r837" anchors="2641 2643"/>
    <region xml:id="seg-r839" anchors="2644 2648"/>
    <region xml:id="seg-r841" anchors="2649 2654"/>
    <region xml:id="seg-r843" anchors="2655 2660"/>
    <region xml:id="seg-r845" anchors="2661 2664"/>
    <region xml:id="seg-r847" anchors="2666 2671"/>
    <region xml:id="seg-r849" anchors="2672 2673"/>
    <region xml:id="seg-r851" anchors="2674 2679"/>
    <region xml:id="seg-r853" anchors="2680 2682"/>
    <region xml:id="seg-r855" anchors="2683 2691"/>
    <region xml:id="seg-r857" anchors="2692 2701"/>
    <region xml:id="seg-r859" anchors="2702 2713"/>
    <region xml:id="seg-r860" anchors="2713 2714"/>
    <region xml:id="seg-r862" anchors="2715 2723"/>
    <region xml:id="seg-r863" anchors="2723 2724"/>
    <region xml:id="seg-r865" anchors="2725 2735"/>
    <region xml:id="seg-r866" anchors="2735 2736"/>
    <region xml:id="seg-r868" anchors="2738 2748"/>
    <region xml:id="seg-r869" anchors="2748 2749"/>
    <region xml:id="seg-r871" anchors="2750 2754"/>
    <region xml:id="seg-r873" anchors="2756 2760"/>
    <region xml:id="seg-r875" anchors="2761 2768"/>
    <region xml:id="seg-r877" anchors="2769 2770"/>
    <region xml:id="seg-r879" anchors="2771 2778"/>
    <region xml:id="seg-r881" anchors="2779 2783"/>
    <region xml:id="seg-r883" anchors="2784 2791"/>
    <region xml:id="seg-r885" anchors="2792 2795"/>
    <region xml:id="seg-r887" anchors="2796 2798"/>
    <region xml:id="seg-r889" anchors="2799 2802"/>
    <region xml:id="seg-r891" anchors="2803 2809"/>
    <region xml:id="seg-r893" anchors="2810 2817"/>
    <region xml:id="seg-r895" anchors="2818 2820"/>
    <region xml:id="seg-r897" anchors="2821 2825"/>
    <region xml:id="seg-r899" anchors="2826 2829"/>
    <region xml:id="seg-r901" anchors="2831 2836"/>
    <region xml:id="seg-r903" anchors="2837 2840"/>
    <region xml:id="seg-r905" anchors="2841 2850"/>
    <region xml:id="seg-r907" anchors="2851 2854"/>
    <region xml:id="seg-r909" anchors="2855 2857"/>
    <region xml:id="seg-r911" anchors="2858 2862"/>
    <region xml:id="seg-r913" anchors="2863 2866"/>
    <region xml:id="seg-r915" anchors="2867 2873"/>
    <region xml:id="seg-r917" anchors="2874 2876"/>
    <region xml:id="seg-r919" anchors="2877 2885"/>
    <region xml:id="seg-r921" anchors="2886 2894"/>
    <region xml:id="seg-r923" anchors="2895 2897"/>
    <region xml:id="seg-r925" anchors="2898 2901"/>
    <region xml:id="seg-r927" anchors="2902 2905"/>
    <region xml:id="seg-r928" anchors="2905 2906"/>
    <region xml:id="seg-r930" anchors="2908 2913"/>
    <region xml:id="seg-r932" anchors="2914 2917"/>
    <region xml:id="seg-r933" anchors="2917 2918"/>
    <region xml:id="seg-r935" anchors="2919 2924"/>
    <region xml:id="seg-r937" anchors="2925 2927"/>
    <region xml:id="seg-r939" anchors="2928 2929"/>
    <region xml:id="seg-r941" anchors="2930 2936"/>
    <region xml:id="seg-r943" anchors="2937 2939"/>
    <region xml:id="seg-r945" anchors="2940 2944"/>
    <region xml:id="seg-r947" anchors="2945 2955"/>
    <region xml:id="seg-r949" anchors="2956 2963"/>
    <region xml:id="seg-r951" anchors="2964 2967"/>
    <region xml:id="seg-r953" anchors="2968 2971"/>
    <region xml:id="seg-r955" anchors="2972 2977"/>
    <region xml:id="seg-r957" anchors="2979 2988"/>
    <region xml:id="seg-r959" anchors="2989 2998"/>
    <region xml:id="seg-r961" anchors="2999 3003"/>
    <region xml:id="seg-r963" anchors="3004 3008"/>
    <region xml:id="seg-r965" anchors="3009 3013"/>
    <region xml:id="seg-r967" anchors="3014 3016"/>
    <region xml:id="seg-r969" anchors="3017 3027"/>
    <region xml:id="seg-r971" anchors="3028 3030"/>
    <region xml:id="seg-r973" anchors="3031 3040"/>
    <region xml:id="seg-r975" anchors="3041 3047"/>
    <region xml:id="seg-r977" anchors="3049 3057"/>
    <region xml:id="seg-r978" anchors="3057 3058"/>
    <region xml:id="seg-r980" anchors="3059 3061"/>
    <region xml:id="seg-r982" anchors="3062 3066"/>
    <region xml:id="seg-r984" anchors="3067 3075"/>
    <region xml:id="seg-r986" anchors="3076 3081"/>
    <region xml:id="seg-r988" anchors="3082 3085"/>
    <region xml:id="seg-r990" anchors="3086 3091"/>
    <region xml:id="seg-r992" anchors="3092 3094"/>
    <region xml:id="seg-r994" anchors="3095 3104"/>
    <region xml:id="seg-r996" anchors="3105 3108"/>
    <region xml:id="seg-r998" anchors="3109 3111"/>
    <region xml:id="seg-r1000" anchors="3112 3120"/>
    <region xml:id="seg-r1002" anchors="3121 3125"/>
    <region xml:id="seg-r1004" anchors="3127 3129"/>
    <region xml:id="seg-r1006" anchors="3130 3135"/>
    <region xml:id="seg-r1008" anchors="3136 3139"/>
    <region xml:id="seg-r1010" anchors="3140 3148"/>
    <region xml:id="seg-r1012" anchors="3149 3155"/>
    <region xml:id="seg-r1013" anchors="3155 3156"/>
    <region xml:id="seg-r1015" anchors="3158 3165"/>
    <region xml:id="seg-r1017" anchors="3166 3170"/>
    <region xml:id="seg-r1019" anchors="3171 3173"/>
    <region xml:id="seg-r1021" anchors="3174 3178"/>
    <region xml:id="seg-r1023" anchors="3179 3182"/>
    <region xml:id="seg-r1025" anchors="3183 3186"/>
    <region xml:id="seg-r1027" anchors="3187 3190"/>
    <region xml:id="seg-r1029" anchors="3191 3195"/>
    <region xml:id="seg-r1031" anchors="3196 3203"/>
    <region xml:id="seg-r1033" anchors="3204 3211"/>
    <region xml:id="seg-r1035" anchors="3212 3218"/>
    <region xml:id="seg-r1037" anchors="3219 3221"/>
    <region xml:id="seg-r1039" anchors="3222 3230"/>
    <region xml:id="seg-r1041" anchors="3231 3234"/>
    <region xml:id="seg-r1043" anchors="3236 3244"/>
    <region xml:id="seg-r1045" anchors="3245 3250"/>
    <region xml:id="seg-r1047" anchors="3251 3253"/>
    <region xml:id="seg-r1049" anchors="3254 3260"/>
    <region xml:id="seg-r1051" anchors="3261 3265"/>
    <region xml:id="seg-r1053" anchors="3266 3277"/>
    <region xml:id="seg-r1055" anchors="3278 3280"/>
    <region xml:id="seg-r1057" anchors="3281 3284"/>
    <region xml:id="seg-r1059" anchors="3285 3288"/>
    <region xml:id="seg-r1061" anchors="3289 3294"/>
    <region xml:id="seg-r1063" anchors="3295 3299"/>
    <region xml:id="seg-r1064" anchors="3299 3300"/>
    <region xml:id="seg-r1066" anchors="3301 3303"/>
    <region xml:id="seg-r1068" anchors="3304 3310"/>
    <region xml:id="seg-r1070" anchors="3312 3316"/>
    <region xml:id="seg-r1072" anchors="3317 3320"/>
    <region xml:id="seg-r1074" anchors="3321 3329"/>
    <region xml:id="seg-r1076" anchors="3330 3332"/>
    <region xml:id="seg-r1078" anchors="3333 3336"/>
    <region xml:id="seg-r1080" anchors="3337 3339"/>
    <region xml:id="seg-r1082" anchors="3340 3343"/>
    <region xml:id="seg-r1084" anchors="3344 3350"/>
    <region xml:id="seg-r1086" anchors="3351 3359"/>
    <region xml:id="seg-r1088" anchors="3360 3369"/>
    <region xml:id="seg-r1090" anchors="3370 3372"/>
    <region xml:id="seg-r1092" anchors="3373 3377"/>
    <region xml:id="seg-r1094" anchors="3378 3382"/>
    <region xml:id="seg-r1096" anchors="3384 3393"/>
    <region xml:id="seg-r1098" anchors="3394 3397"/>
    <region xml:id="seg-r1100" anchors="3398 3410"/>
    <region xml:id="seg-r1102" anchors="3411 3413"/>
    <region xml:id="seg-r1104" anchors="3414 3420"/>
    <region xml:id="seg-r1106" anchors="3421 3425"/>
    <region xml:id="seg-r1108" anchors="3426 3428"/>
    <region xml:id="seg-r1110" anchors="3429 3436"/>
    <region xml:id="seg-r1112" anchors="3437 3442"/>
    <region xml:id="seg-r1114" anchors="3443 3453"/>
    <region xml:id="seg-r1116" anchors="3454 3456"/>
    <region xml:id="seg-r1118" anchors="3457 3460"/>
    <region xml:id="seg-r1120" anchors="3462 3466"/>
    <region xml:id="seg-r1122" anchors="3467 3473"/>
    <region xml:id="seg-r1124" anchors="3474 3482"/>
    <region xml:id="seg-r1126" anchors="3483 3485"/>
    <region xml:id="seg-r1128" anchors="3486 3488"/>
    <region xml:id="seg-r1130" anchors="3489 3494"/>
    <region xml:id="seg-r1132" anchors="3495 3499"/>
    <region xml:id="seg-r1134" anchors="3500 3502"/>
    <region xml:id="seg-r1136" anchors="3503 3509"/>
    <region xml:id="seg-r1138" anchors="3510 3515"/>
    <region xml:id="seg-r1139" anchors="3515 3516"/>
    <region xml:id="seg-r1141" anchors="3517 3519"/>
    <region xml:id="seg-r1143" anchors="3520 3525"/>
    <region xml:id="seg-r1145" anchors="3526 3530"/>
    <region xml:id="seg-r1147" anchors="3531 3533"/>
    <region xml:id="seg-r1149" anchors="3534 3536"/>
    <region xml:id="seg-r1151" anchors="3538 3542"/>
    <region xml:id="seg-r1153" anchors="3543 3548"/>
    <region xml:id="seg-r1155" anchors="3549 3552"/>
    <region xml:id="seg-r1157" anchors="3553 3557"/>
    <region xml:id="seg-r1159" anchors="3558 3560"/>
    <region xml:id="seg-r1161" anchors="3561 3569"/>
    <region xml:id="seg-r1162" anchors="3569 3570"/>
    <region xml:id="seg-r1164" anchors="3571 3578"/>
    <region xml:id="seg-r1166" anchors="3579 3582"/>
    <region xml:id="seg-r1168" anchors="3583 3584"/>
    <region xml:id="seg-r1170" anchors="3585 3590"/>
    <region xml:id="seg-r1172" anchors="3591 3595"/>
    <region xml:id="seg-r1174" anchors="3596 3599"/>
    <region xml:id="seg-r1176" anchors="3600 3603"/>
    <region xml:id="seg-r1178" anchors="3604 3605"/>
    <region xml:id="seg-r1180" anchors="3606 3609"/>
    <region xml:id="seg-r1182" anchors="3611 3617"/>
    <region xml:id="seg-r1184" anchors="3618 3620"/>
    <region xml:id="seg-r1186" anchors="3621 3627"/>
    <region xml:id="seg-r1188" anchors="3628 3630"/>
    <region xml:id="seg-r1190" anchors="3631 3634"/>
    <region xml:id="seg-r1192" anchors="3635 3643"/>
    <region xml:id="seg-r1194" anchors="3644 3646"/>
    <region xml:id="seg-r1196" anchors="3647 3654"/>
    <region xml:id="seg-r1198" anchors="3655 3657"/>
    <region xml:id="seg-r1200" anchors="3658 3661"/>
    <region xml:id="seg-r1202" anchors="3662 3664"/>
    <region xml:id="seg-r1204" anchors="3665 3671"/>
    <region xml:id="seg-r1206" anchors="3672 3676"/>
    <region xml:id="seg-r1208" anchors="3677 3681"/>
    <region xml:id="seg-r1210" anchors="3682 3686"/>
    <region xml:id="seg-r1212" anchors="3688 3692"/>
    <region xml:id="seg-r1214" anchors="3693 3694"/>
    <region xml:id="seg-r1216" anchors="3695 3700"/>
    <region xml:id="seg-r1218" anchors="3701 3703"/>
    <region xml:id="seg-r1220" anchors="3704 3707"/>
    <region xml:id="seg-r1222" anchors="3708 3711"/>
    <region xml:id="seg-r1224" anchors="3712 3720"/>
    <region xml:id="seg-r1226" anchors="3721 3723"/>
    <region xml:id="seg-r1228" anchors="3724 3732"/>
    <region xml:id="seg-r1229" anchors="3732 3733"/>
    <region xml:id="seg-r1231" anchors="3735 3736"/>
    <region xml:id="seg-r1233" anchors="3737 3741"/>
    <region xml:id="seg-r1235" anchors="3742 3745"/>
    <region xml:id="seg-r1237" anchors="3746 3750"/>
    <region xml:id="seg-r1239" anchors="3751 3753"/>
    <region xml:id="seg-r1241" anchors="3754 3758"/>
    <region xml:id="seg-r1243" anchors="3759 3762"/>
    <region xml:id="seg-r1245" anchors="3763 3766"/>
    <region xml:id="seg-r1247" anchors="3767 3773"/>
    <region xml:id="seg-r1249" anchors="3774 3776"/>
    <region xml:id="seg-r1251" anchors="3777 3786"/>
    <region xml:id="seg-r1253" anchors="3787 3792"/>
    <region xml:id="seg-r1255" anchors="3793 3797"/>
    <region xml:id="seg-r1257" anchors="3798 3801"/>
    <region xml:id="seg-r1259" anchors="3802 3803"/>
    <region xml:id="seg-r1261" anchors="3805 3816"/>
    <region xml:id="seg-r1263" anchors="3817 3819"/>
    <region xml:id="seg-r1265" anchors="3820 3828"/>
    <region xml:id="seg-r1267" anchors="3829 3832"/>
    <region xml:id="seg-r1269" anchors="3833 3839"/>
    <region xml:id="seg-r1271" anchors="3840 3844"/>
    <region xml:id="seg-r1273" anchors="3845 3849"/>
    <region xml:id="seg-r1274" anchors="3849 3850"/>
    <region xml:id="seg-r1276" anchors="3851 3852"/>
    <region xml:id="seg-r1278" anchors="3853 3857"/>
    <region xml:id="seg-r1280" anchors="3858 3863"/>
    <region xml:id="seg-r1282" anchors="3864 3873"/>
    <region xml:id="seg-r1284" anchors="3874 3876"/>
    <region xml:id="seg-r1286" anchors="3878 3885"/>
    <region xml:id="seg-r1288" anchors="3886 3891"/>
    <region xml:id="seg-r1289" anchors="3891 3892"/>
    <region xml:id="seg-r1291" anchors="3894 3902"/>
    <region xml:id="seg-r1293" anchors="3903 3908"/>
    <region xml:id="seg-r1295" anchors="3909 3911"/>
    <region xml:id="seg-r1297" anchors="3912 3916"/>
    <region xml:id="seg-r1299" anchors="3917 3919"/>
    <region xml:id="seg-r1301" anchors="3920 3924"/>
    <region xml:id="seg-r1303" anchors="3925 3929"/>
    <region xml:id="seg-r1305" anchors="3930 3940"/>
    <region xml:id="seg-r1307" anchors="3941 3950"/>
    <region xml:id="seg-r1309" anchors="3951 3955"/>
    <region xml:id="seg-r1311" anchors="3956 3958"/>
    <region xml:id="seg-r1313" anchors="3959 3967"/>
    <region xml:id="seg-r1315" anchors="3968 3970"/>
    <region xml:id="seg-r1317" anchors="3972 3976"/>
    <region xml:id="seg-r1319" anchors="3977 3982"/>
    <region xml:id="seg-r1320" anchors="3982 3983"/>
    <region xml:id="seg-r1322" anchors="3984 3988"/>
    <region xml:id="seg-r1324" anchors="3989 3992"/>
    <region xml:id="seg-r1326" anchors="3993 3996"/>
    <region xml:id="seg-r1328" anchors="3997 4001"/>
    <region xml:id="seg-r1330" anchors="4002 4006"/>
    <region xml:id="seg-r1332" anchors="4007 4009"/>
    <region xml:id="seg-r1334" anchors="4010 4013"/>
    <region xml:id="seg-r1336" anchors="4014 4019"/>
    <region xml:id="seg-r1338" anchors="4020 4023"/>
    <region xml:id="seg-r1340" anchors="4024 4028"/>
    <region xml:id="seg-r1342" anchors="4029 4033"/>
    <region xml:id="seg-r1344" anchors="4034 4037"/>
    <region xml:id="seg-r1346" anchors="4038 4044"/>
    <region xml:id="seg-r1348" anchors="4045 4047"/>
    <region xml:id="seg-r1350" anchors="4049 4053"/>
    <region xml:id="seg-r1352" anchors="4054 4056"/>
    <region xml:id="seg-r1354" anchors="4057 4068"/>
    <region xml:id="seg-r1356" anchors="4069 4071"/>
    <region xml:id="seg-r1358" anchors="4072 4078"/>
    <region xml:id="seg-r1360" anchors="4079 4087"/>
    <region xml:id="seg-r1362" anchors="4088 4091"/>
    <region xml:id="seg-r1364" anchors="4092 4102"/>
    <region xml:id="seg-r1366" anchors="4103 4113"/>
    <region xml:id="seg-r1367" anchors="4113 4114"/>
    <region xml:id="seg-r1369" anchors="4116 4122"/>
    <region xml:id="seg-r1371" anchors="4123 4129"/>
    <region xml:id="seg-r1373" anchors="4130 4133"/>
    <region xml:id="seg-r1375" anchors="4134 4140"/>
    <region xml:id="seg-r1377" anchors="4141 4143"/>
    <region xml:id="seg-r1379" anchors="4144 4147"/>
    <region xml:id="seg-r1381" anchors="4148 4150"/>
    <region xml:id="seg-r1383" anchors="4151 4157"/>
    <region xml:id="seg-r1385" anchors="4158 4165"/>
    <region xml:id="seg-r1386" anchors="4165 4166"/>
    <region xml:id="seg-r1388" anchors="4167 4169"/>
    <region xml:id="seg-r1390" anchors="4170 4172"/>
    <region xml:id="seg-r1392" anchors="4173 4177"/>
    <region xml:id="seg-r1394" anchors="4178 4180"/>
    <region xml:id="seg-r1396" anchors="4181 4184"/>
    <region xml:id="seg-r1398" anchors="4186 4195"/>
    <region xml:id="seg-r1400" anchors="4196 4200"/>
    <region xml:id="seg-r1402" anchors="4201 4203"/>
    <region xml:id="seg-r1404" anchors="4204 4211"/>
    <region xml:id="seg-r1405" anchors="4211 4212"/>
    <region xml:id="seg-r1407" anchors="4213 4216"/>
    <region xml:id="seg-r1409" anchors="4218 4220"/>
    <region xml:id="seg-r1411" anchors="4221 4226"/>
    <region xml:id="seg-r1413" anchors="4227 4232"/>
    <region xml:id="seg-r1415" anchors="4233 4235"/>
    <region xml:id="seg-r1417" anchors="4236 4246"/>
    <region xml:id="seg-r1419" anchors="4247 4248"/>
    <region xml:id="seg-r1421" anchors="4249 4254"/>
    <region xml:id="seg-r1423" anchors="4255 4257"/>
    <region xml:id="seg-r1425" anchors="4258 4264"/>
    <region xml:id="seg-r1427" anchors="4265 4273"/>
    <region xml:id="seg-r1429" anchors="4274 4276"/>
    <region xml:id="seg-r1431" anchors="4277 4280"/>
    <region xml:id="seg-r1433" anchors="4281 4289"/>
    <region xml:id="seg-r1435" anchors="4290 4295"/>
    <region xml:id="seg-r1437" anchors="4297 4305"/>
    <region xml:id="seg-r1439" anchors="4306 4314"/>
    <region xml:id="seg-r1441" anchors="4315 4317"/>
    <region xml:id="seg-r1443" anchors="4318 4325"/>
    <region xml:id="seg-r1444" anchors="4325 4326"/>
    <region xml:id="seg-r1446" anchors="4327 4330"/>
    <region xml:id="seg-r1448" anchors="4331 4339"/>
    <region xml:id="seg-r1450" anchors="4340 4344"/>
    <region xml:id="seg-r1452" anchors="4345 4350"/>
    <region xml:id="seg-r1454" anchors="4351 4355"/>
    <region xml:id="seg-r1456" anchors="4356 4364"/>
    <region xml:id="seg-r1458" anchors="4365 4371"/>
    <region xml:id="seg-r1459" anchors="4371 4372"/>
    <region xml:id="seg-r1461" anchors="4373 4374"/>
    <region xml:id="seg-r1463" anchors="4376 4380"/>
    <region xml:id="seg-r1465" anchors="4381 4386"/>
    <region xml:id="seg-r1467" anchors="4387 4389"/>
    <region xml:id="seg-r1469" anchors="4390 4395"/>
    <region xml:id="seg-r1471" anchors="4396 4405"/>
    <region xml:id="seg-r1473" anchors="4406 4410"/>
    <region xml:id="seg-r1475" anchors="4411 4414"/>
    <region xml:id="seg-r1477" anchors="4415 4424"/>
    <region xml:id="seg-r1479" anchors="4425 4427"/>
    <region xml:id="seg-r1481" anchors="4428 4433"/>
    <region xml:id="seg-r1483" anchors="4434 4437"/>
    <region xml:id="seg-r1485" anchors="4438 4446"/>
    <region xml:id="seg-r1487" anchors="4447 4450"/>
    <region xml:id="seg-r1489" anchors="4452 4455"/>
    <region xml:id="seg-r1491" anchors="4456 4458"/>
    <region xml:id="seg-r1493" anchors="4459 4465"/>
    <region xml:id="seg-r1495" anchors="4466 4474"/>
    <region xml:id="seg-r1496" anchors="4474 4475"/>
    <region xml:id="seg-r1498" anchors="4476 4480"/>
    <region xml:id="seg-r1500" anchors="4481 4487"/>
    <region xml:id="seg-r1502" anchors="4488 4494"/>
    <region xml:id="seg-r1504" anchors="4495 4499"/>
    <region xml:id="seg-r1506" anchors="4500 4503"/>
    <region xml:id="seg-r1508" anchors="4504 4508"/>
    <region xml:id="seg-r1510" anchors="4509 4512"/>
    <region xml:id="seg-r1512" anchors="4513 4518"/>
    <region xml:id="seg-r1514" anchors="4519 4521"/>
    <region xml:id="seg-r1516" anchors="4523 4534"/>
    <region xml:id="seg-r1517" anchors="4534 4535"/>
</graph>
