<graph xmlns="http://www.xces.org/ns/GrAF/1.0/" xmlns:graf="http://www.xces.org/ns/GrAF/1.0/">
  <graphHeader>
    <labelsDecl>
      <labelUsage label="vchunk" occurs="84"/>
    </labelsDecl>
    <dependencies>
      <dependsOn f.id="f.penn"/>
    </dependencies>
    <annotationSpaces>
      <annotationSpace as.id="anc"/>
    </annotationSpaces>
  </graphHeader>
  <node xml:id="vc-n0"/>
  <a xml:id="vc-N65567" label="vchunk" ref="vc-n0" as="anc">
    <fs>
      <f name="type" value="FVG"/>
      <f name="tense" value="SimPas"/>
      <f name="voice" value="active"/>
    </fs>
  </a>
  <node xml:id="vc-n1"/>
  <a xml:id="vc-N65591" label="vchunk" ref="vc-n1" as="anc">
    <fs>
      <f name="type" value="PART"/>
      <f name="tense" value="Pre"/>
      <f name="voice" value="active"/>
    </fs>
  </a>
  <node xml:id="vc-n10"/>
  <a xml:id="vc-N65615" label="vchunk" ref="vc-n10" as="anc">
    <fs>
      <f name="type" value="FVG"/>
      <f name="tense" value="SimPas"/>
      <f name="voice" value="active"/>
    </fs>
  </a>
  <node xml:id="vc-n11"/>
  <a xml:id="vc-N65639" label="vchunk" ref="vc-n11" as="anc">
    <fs>
      <f name="type" value="FVG"/>
      <f name="tense" value="SimPas"/>
      <f name="voice" value="active"/>
    </fs>
  </a>
  <node xml:id="vc-n12"/>
  <a xml:id="vc-N65663" label="vchunk" ref="vc-n12" as="anc">
    <fs>
      <f name="type" value="FVG"/>
      <f name="tense" value="SimPre"/>
      <f name="voice" value="active"/>
    </fs>
  </a>
  <node xml:id="vc-n13"/>
  <a xml:id="vc-N65687" label="vchunk" ref="vc-n13" as="anc">
    <fs>
      <f name="type" value="FVG"/>
      <f name="tense" value="SimPas"/>
      <f name="voice" value="active"/>
    </fs>
  </a>
  <node xml:id="vc-n14"/>
  <a xml:id="vc-N65711" label="vchunk" ref="vc-n14" as="anc">
    <fs>
      <f name="type" value="FVG"/>
      <f name="tense" value="SimPre"/>
      <f name="voice" value="active"/>
    </fs>
  </a>
  <node xml:id="vc-n15"/>
  <a xml:id="vc-N65735" label="vchunk" ref="vc-n15" as="anc">
    <fs>
      <f name="type" value="PART"/>
      <f name="tense" value="Pre"/>
      <f name="voice" value="active"/>
    </fs>
  </a>
  <node xml:id="vc-n16"/>
  <a xml:id="vc-N65759" label="vchunk" ref="vc-n16" as="anc">
    <fs>
      <f name="type" value="FVG"/>
      <f name="tense" value="SimPas"/>
      <f name="voice" value="active"/>
    </fs>
  </a>
  <node xml:id="vc-n17"/>
  <a xml:id="vc-N65783" label="vchunk" ref="vc-n17" as="anc">
    <fs>
      <f name="type" value="FVG"/>
      <f name="tense" value="SimPas"/>
      <f name="voice" value="active"/>
    </fs>
  </a>
  <node xml:id="vc-n18"/>
  <a xml:id="vc-N65807" label="vchunk" ref="vc-n18" as="anc">
    <fs>
      <f name="type" value="FVG"/>
      <f name="tense" value="SimPas"/>
      <f name="voice" value="active"/>
    </fs>
  </a>
  <node xml:id="vc-n19"/>
  <a xml:id="vc-N65831" label="vchunk" ref="vc-n19" as="anc">
    <fs>
      <f name="type" value="FVG"/>
      <f name="tense" value="SimPas"/>
      <f name="voice" value="active"/>
    </fs>
  </a>
  <node xml:id="vc-n2"/>
  <a xml:id="vc-N65855" label="vchunk" ref="vc-n2" as="anc">
    <fs>
      <f name="type" value="PART"/>
      <f name="tense" value="Pre"/>
      <f name="voice" value="active"/>
    </fs>
  </a>
  <node xml:id="vc-n20"/>
  <a xml:id="vc-N65879" label="vchunk" ref="vc-n20" as="anc">
    <fs>
      <f name="type" value="FVG"/>
      <f name="tense" value="SimPre"/>
      <f name="voice" value="active"/>
    </fs>
  </a>
  <node xml:id="vc-n21"/>
  <a xml:id="vc-N65903" label="vchunk" ref="vc-n21" as="anc">
    <fs>
      <f name="type" value="FVG"/>
      <f name="tense" value="PreCon"/>
      <f name="voice" value="active"/>
    </fs>
  </a>
  <node xml:id="vc-n22"/>
  <a xml:id="vc-N65927" label="vchunk" ref="vc-n22" as="anc">
    <fs>
      <f name="type" value="FVG"/>
      <f name="tense" value="SimFut"/>
      <f name="voice" value="active"/>
    </fs>
  </a>
  <node xml:id="vc-n23"/>
  <a xml:id="vc-N65951" label="vchunk" ref="vc-n23" as="anc">
    <fs>
      <f name="type" value="FVG"/>
      <f name="tense" value="SimPas"/>
      <f name="voice" value="active"/>
    </fs>
  </a>
  <node xml:id="vc-n24"/>
  <a xml:id="vc-N65975" label="vchunk" ref="vc-n24" as="anc">
    <fs>
      <f name="type" value="FVG"/>
      <f name="tense" value="PrePer"/>
      <f name="voice" value="active"/>
    </fs>
  </a>
  <node xml:id="vc-n25"/>
  <a xml:id="vc-N65999" label="vchunk" ref="vc-n25" as="anc">
    <fs>
      <f name="type" value="NFVG"/>
      <f name="tense" value="Inf"/>
      <f name="voice" value="active"/>
    </fs>
  </a>
  <node xml:id="vc-n26"/>
  <a xml:id="vc-N66023" label="vchunk" ref="vc-n26" as="anc">
    <fs>
      <f name="type" value="FVG"/>
      <f name="tense" value="SimPre"/>
      <f name="voice" value="active"/>
    </fs>
  </a>
  <node xml:id="vc-n27"/>
  <a xml:id="vc-N66047" label="vchunk" ref="vc-n27" as="anc">
    <fs>
      <f name="type" value="FVG"/>
      <f name="tense" value="SimFut"/>
      <f name="voice" value="active"/>
    </fs>
  </a>
  <node xml:id="vc-n28"/>
  <a xml:id="vc-N66071" label="vchunk" ref="vc-n28" as="anc">
    <fs>
      <f name="type" value="FVG"/>
      <f name="tense" value="SimPre"/>
      <f name="voice" value="passive"/>
    </fs>
  </a>
  <node xml:id="vc-n29"/>
  <a xml:id="vc-N66095" label="vchunk" ref="vc-n29" as="anc">
    <fs>
      <f name="type" value="NFVG"/>
      <f name="tense" value="Inf"/>
      <f name="voice" value="active"/>
    </fs>
  </a>
  <node xml:id="vc-n3"/>
  <a xml:id="vc-N66119" label="vchunk" ref="vc-n3" as="anc">
    <fs>
      <f name="type" value="PART"/>
      <f name="tense" value="Pre"/>
      <f name="voice" value="active"/>
    </fs>
  </a>
  <node xml:id="vc-n30"/>
  <a xml:id="vc-N66143" label="vchunk" ref="vc-n30" as="anc">
    <fs>
      <f name="type" value="NFVG"/>
      <f name="tense" value="Inf"/>
      <f name="voice" value="active"/>
    </fs>
  </a>
  <node xml:id="vc-n31"/>
  <a xml:id="vc-N66167" label="vchunk" ref="vc-n31" as="anc">
    <fs>
      <f name="type" value="PART"/>
      <f name="tense" value="Pre"/>
      <f name="voice" value="active"/>
    </fs>
  </a>
  <node xml:id="vc-n32"/>
  <a xml:id="vc-N66191" label="vchunk" ref="vc-n32" as="anc">
    <fs>
      <f name="type" value="FVG"/>
      <f name="tense" value="SimPas"/>
      <f name="voice" value="active"/>
    </fs>
  </a>
  <node xml:id="vc-n33"/>
  <a xml:id="vc-N66215" label="vchunk" ref="vc-n33" as="anc">
    <fs>
      <f name="type" value="NFVG"/>
      <f name="tense" value="Inf"/>
      <f name="voice" value="active"/>
    </fs>
  </a>
  <node xml:id="vc-n34"/>
  <a xml:id="vc-N66239" label="vchunk" ref="vc-n34" as="anc">
    <fs>
      <f name="type" value="NFVG"/>
      <f name="tense" value="Inf"/>
      <f name="voice" value="active"/>
    </fs>
  </a>
  <node xml:id="vc-n35"/>
  <a xml:id="vc-N66263" label="vchunk" ref="vc-n35" as="anc">
    <fs>
      <f name="type" value="FVG"/>
      <f name="tense" value="SimPre"/>
      <f name="voice" value="active"/>
    </fs>
  </a>
  <node xml:id="vc-n36"/>
  <a xml:id="vc-N66287" label="vchunk" ref="vc-n36" as="anc">
    <fs>
      <f name="type" value="FVG"/>
      <f name="tense" value="SimPre"/>
      <f name="voice" value="active"/>
    </fs>
  </a>
  <node xml:id="vc-n37"/>
  <a xml:id="vc-N66311" label="vchunk" ref="vc-n37" as="anc">
    <fs>
      <f name="type" value="PART"/>
      <f name="tense" value="Pre"/>
      <f name="voice" value="active"/>
    </fs>
  </a>
  <node xml:id="vc-n38"/>
  <a xml:id="vc-N66335" label="vchunk" ref="vc-n38" as="anc">
    <fs>
      <f name="type" value="MODAL"/>
      <f name="tense" value="none"/>
      <f name="voice" value="none"/>
    </fs>
  </a>
  <node xml:id="vc-n39"/>
  <a xml:id="vc-N66359" label="vchunk" ref="vc-n39" as="anc">
    <fs>
      <f name="type" value="MODAL"/>
      <f name="tense" value="BeVBG"/>
      <f name="voice" value="none"/>
    </fs>
  </a>
  <node xml:id="vc-n4"/>
  <a xml:id="vc-N66383" label="vchunk" ref="vc-n4" as="anc">
    <fs>
      <f name="type" value="FVG"/>
      <f name="tense" value="SimPas"/>
      <f name="voice" value="active"/>
    </fs>
  </a>
  <node xml:id="vc-n40"/>
  <a xml:id="vc-N66407" label="vchunk" ref="vc-n40" as="anc">
    <fs>
      <f name="type" value="FVG"/>
      <f name="tense" value="SimPas"/>
      <f name="voice" value="active"/>
    </fs>
  </a>
  <node xml:id="vc-n41"/>
  <a xml:id="vc-N66431" label="vchunk" ref="vc-n41" as="anc">
    <fs>
      <f name="type" value="FVG"/>
      <f name="tense" value="PrePer"/>
      <f name="voice" value="active"/>
    </fs>
  </a>
  <node xml:id="vc-n42"/>
  <a xml:id="vc-N66455" label="vchunk" ref="vc-n42" as="anc">
    <fs>
      <f name="type" value="PART"/>
      <f name="tense" value="Pre"/>
      <f name="voice" value="active"/>
    </fs>
  </a>
  <node xml:id="vc-n43"/>
  <a xml:id="vc-N66479" label="vchunk" ref="vc-n43" as="anc">
    <fs>
      <f name="type" value="FVG"/>
      <f name="tense" value="SimPre"/>
      <f name="voice" value="active"/>
    </fs>
  </a>
  <node xml:id="vc-n44"/>
  <a xml:id="vc-N66503" label="vchunk" ref="vc-n44" as="anc">
    <fs>
      <f name="type" value="PART"/>
      <f name="tense" value="Pre"/>
      <f name="voice" value="active"/>
    </fs>
  </a>
  <node xml:id="vc-n45"/>
  <a xml:id="vc-N66527" label="vchunk" ref="vc-n45" as="anc">
    <fs>
      <f name="type" value="FVG"/>
      <f name="tense" value="SimPre"/>
      <f name="voice" value="active"/>
    </fs>
  </a>
  <node xml:id="vc-n46"/>
  <a xml:id="vc-N66551" label="vchunk" ref="vc-n46" as="anc">
    <fs>
      <f name="type" value="FVG"/>
      <f name="tense" value="SimPre"/>
      <f name="voice" value="active"/>
    </fs>
  </a>
  <node xml:id="vc-n47"/>
  <a xml:id="vc-N66575" label="vchunk" ref="vc-n47" as="anc">
    <fs>
      <f name="type" value="NFVG"/>
      <f name="tense" value="Inf"/>
      <f name="voice" value="active"/>
    </fs>
  </a>
  <node xml:id="vc-n48"/>
  <a xml:id="vc-N66599" label="vchunk" ref="vc-n48" as="anc">
    <fs>
      <f name="type" value="PART"/>
      <f name="tense" value="Pre"/>
      <f name="voice" value="active"/>
    </fs>
  </a>
  <node xml:id="vc-n49"/>
  <a xml:id="vc-N66623" label="vchunk" ref="vc-n49" as="anc">
    <fs>
      <f name="type" value="NFVG"/>
      <f name="tense" value="Inf"/>
      <f name="voice" value="active"/>
    </fs>
  </a>
  <node xml:id="vc-n5"/>
  <a xml:id="vc-N66647" label="vchunk" ref="vc-n5" as="anc">
    <fs>
      <f name="type" value="FVG"/>
      <f name="tense" value="SimPas"/>
      <f name="voice" value="active"/>
    </fs>
  </a>
  <node xml:id="vc-n50"/>
  <a xml:id="vc-N66671" label="vchunk" ref="vc-n50" as="anc">
    <fs>
      <f name="type" value="NFVG"/>
      <f name="tense" value="Inf"/>
      <f name="voice" value="active"/>
    </fs>
  </a>
  <node xml:id="vc-n51"/>
  <a xml:id="vc-N66695" label="vchunk" ref="vc-n51" as="anc">
    <fs>
      <f name="type" value="NFVG"/>
      <f name="tense" value="Inf"/>
      <f name="voice" value="active"/>
    </fs>
  </a>
  <node xml:id="vc-n52"/>
  <a xml:id="vc-N66719" label="vchunk" ref="vc-n52" as="anc">
    <fs>
      <f name="type" value="MODAL"/>
      <f name="tense" value="none"/>
      <f name="voice" value="none"/>
    </fs>
  </a>
  <node xml:id="vc-n53"/>
  <a xml:id="vc-N66743" label="vchunk" ref="vc-n53" as="anc">
    <fs>
      <f name="type" value="FVG"/>
      <f name="tense" value="SimPre"/>
      <f name="voice" value="active"/>
    </fs>
  </a>
  <node xml:id="vc-n54"/>
  <a xml:id="vc-N66767" label="vchunk" ref="vc-n54" as="anc">
    <fs>
      <f name="type" value="FVG"/>
      <f name="tense" value="SimPre"/>
      <f name="voice" value="active"/>
    </fs>
  </a>
  <node xml:id="vc-n55"/>
  <a xml:id="vc-N66791" label="vchunk" ref="vc-n55" as="anc">
    <fs>
      <f name="type" value="FVG"/>
      <f name="tense" value="SimPre"/>
      <f name="voice" value="active"/>
    </fs>
  </a>
  <node xml:id="vc-n56"/>
  <a xml:id="vc-N66815" label="vchunk" ref="vc-n56" as="anc">
    <fs>
      <f name="type" value="NFVG"/>
      <f name="tense" value="Inf"/>
      <f name="voice" value="active"/>
    </fs>
  </a>
  <node xml:id="vc-n57"/>
  <a xml:id="vc-N66839" label="vchunk" ref="vc-n57" as="anc">
    <fs>
      <f name="type" value="NFVG"/>
      <f name="tense" value="Inf"/>
      <f name="voice" value="active"/>
    </fs>
  </a>
  <node xml:id="vc-n58"/>
  <a xml:id="vc-N66863" label="vchunk" ref="vc-n58" as="anc">
    <fs>
      <f name="type" value="FVG"/>
      <f name="tense" value="SimPre"/>
      <f name="voice" value="active"/>
    </fs>
  </a>
  <node xml:id="vc-n59"/>
  <a xml:id="vc-N66887" label="vchunk" ref="vc-n59" as="anc">
    <fs>
      <f name="type" value="FVG"/>
      <f name="tense" value="SimFut"/>
      <f name="voice" value="active"/>
    </fs>
  </a>
  <node xml:id="vc-n6"/>
  <a xml:id="vc-N66911" label="vchunk" ref="vc-n6" as="anc">
    <fs>
      <f name="type" value="NFVG"/>
      <f name="tense" value="Inf"/>
      <f name="voice" value="active"/>
    </fs>
  </a>
  <node xml:id="vc-n60"/>
  <a xml:id="vc-N66935" label="vchunk" ref="vc-n60" as="anc">
    <fs>
      <f name="type" value="NFVG"/>
      <f name="tense" value="Inf"/>
      <f name="voice" value="active"/>
    </fs>
  </a>
  <node xml:id="vc-n61"/>
  <a xml:id="vc-N66959" label="vchunk" ref="vc-n61" as="anc">
    <fs>
      <f name="type" value="FVG"/>
      <f name="tense" value="SimPas"/>
      <f name="voice" value="active"/>
    </fs>
  </a>
  <node xml:id="vc-n62"/>
  <a xml:id="vc-N66983" label="vchunk" ref="vc-n62" as="anc">
    <fs>
      <f name="type" value="FVG"/>
      <f name="tense" value="SimPas"/>
      <f name="voice" value="active"/>
    </fs>
  </a>
  <node xml:id="vc-n63"/>
  <a xml:id="vc-N67007" label="vchunk" ref="vc-n63" as="anc">
    <fs>
      <f name="type" value="FVG"/>
      <f name="tense" value="SimPre"/>
      <f name="voice" value="active"/>
    </fs>
  </a>
  <node xml:id="vc-n64"/>
  <a xml:id="vc-N67031" label="vchunk" ref="vc-n64" as="anc">
    <fs>
      <f name="type" value="FVG"/>
      <f name="tense" value="SimPre"/>
      <f name="voice" value="active"/>
    </fs>
  </a>
  <node xml:id="vc-n65"/>
  <a xml:id="vc-N67055" label="vchunk" ref="vc-n65" as="anc">
    <fs>
      <f name="type" value="PART"/>
      <f name="tense" value="Pre"/>
      <f name="voice" value="active"/>
    </fs>
  </a>
  <node xml:id="vc-n66"/>
  <a xml:id="vc-N67079" label="vchunk" ref="vc-n66" as="anc">
    <fs>
      <f name="type" value="MODAL"/>
      <f name="tense" value="none"/>
      <f name="voice" value="none"/>
    </fs>
  </a>
  <node xml:id="vc-n67"/>
  <a xml:id="vc-N67103" label="vchunk" ref="vc-n67" as="anc">
    <fs>
      <f name="type" value="FVG"/>
      <f name="tense" value="PreCon"/>
      <f name="voice" value="active"/>
    </fs>
  </a>
  <node xml:id="vc-n68"/>
  <a xml:id="vc-N67127" label="vchunk" ref="vc-n68" as="anc">
    <fs>
      <f name="type" value="FVG"/>
      <f name="tense" value="SimPre"/>
      <f name="voice" value="active"/>
    </fs>
  </a>
  <node xml:id="vc-n69"/>
  <a xml:id="vc-N67151" label="vchunk" ref="vc-n69" as="anc">
    <fs>
      <f name="type" value="NFVG"/>
      <f name="tense" value="Inf"/>
      <f name="voice" value="active"/>
    </fs>
  </a>
  <node xml:id="vc-n7"/>
  <a xml:id="vc-N67175" label="vchunk" ref="vc-n7" as="anc">
    <fs>
      <f name="type" value="FVG"/>
      <f name="tense" value="SimPre"/>
      <f name="voice" value="active"/>
    </fs>
  </a>
  <node xml:id="vc-n70"/>
  <a xml:id="vc-N67199" label="vchunk" ref="vc-n70" as="anc">
    <fs>
      <f name="type" value="FVG"/>
      <f name="tense" value="SimPre"/>
      <f name="voice" value="passive"/>
    </fs>
  </a>
  <node xml:id="vc-n71"/>
  <a xml:id="vc-N67223" label="vchunk" ref="vc-n71" as="anc">
    <fs>
      <f name="type" value="NFVG"/>
      <f name="tense" value="Inf"/>
      <f name="voice" value="active"/>
    </fs>
  </a>
  <node xml:id="vc-n72"/>
  <a xml:id="vc-N67247" label="vchunk" ref="vc-n72" as="anc">
    <fs>
      <f name="type" value="NFVG"/>
      <f name="tense" value="Inf"/>
      <f name="voice" value="active"/>
    </fs>
  </a>
  <node xml:id="vc-n73"/>
  <a xml:id="vc-N67271" label="vchunk" ref="vc-n73" as="anc">
    <fs>
      <f name="type" value="MODAL"/>
      <f name="tense" value="none"/>
      <f name="voice" value="none"/>
    </fs>
  </a>
  <node xml:id="vc-n74"/>
  <a xml:id="vc-N67295" label="vchunk" ref="vc-n74" as="anc">
    <fs>
      <f name="type" value="FVG"/>
      <f name="tense" value="SimPre"/>
      <f name="voice" value="active"/>
    </fs>
  </a>
  <node xml:id="vc-n75"/>
  <a xml:id="vc-N67319" label="vchunk" ref="vc-n75" as="anc">
    <fs>
      <f name="type" value="FVG"/>
      <f name="tense" value="SimPre"/>
      <f name="voice" value="active"/>
    </fs>
  </a>
  <node xml:id="vc-n76"/>
  <a xml:id="vc-N67343" label="vchunk" ref="vc-n76" as="anc">
    <fs>
      <f name="type" value="NFVG"/>
      <f name="tense" value="Inf"/>
      <f name="voice" value="active"/>
    </fs>
  </a>
  <node xml:id="vc-n77"/>
  <a xml:id="vc-N67367" label="vchunk" ref="vc-n77" as="anc">
    <fs>
      <f name="type" value="PART"/>
      <f name="tense" value="Pas"/>
      <f name="voice" value="none"/>
    </fs>
  </a>
  <node xml:id="vc-n78"/>
  <a xml:id="vc-N67391" label="vchunk" ref="vc-n78" as="anc">
    <fs>
      <f name="type" value="FVG"/>
      <f name="tense" value="PreCon"/>
      <f name="voice" value="active"/>
    </fs>
  </a>
  <node xml:id="vc-n79"/>
  <a xml:id="vc-N67415" label="vchunk" ref="vc-n79" as="anc">
    <fs>
      <f name="type" value="FVG"/>
      <f name="tense" value="SimFut"/>
      <f name="voice" value="active"/>
    </fs>
  </a>
  <node xml:id="vc-n8"/>
  <a xml:id="vc-N67439" label="vchunk" ref="vc-n8" as="anc">
    <fs>
      <f name="type" value="PART"/>
      <f name="tense" value="Pre"/>
      <f name="voice" value="active"/>
    </fs>
  </a>
  <node xml:id="vc-n80"/>
  <a xml:id="vc-N67463" label="vchunk" ref="vc-n80" as="anc">
    <fs>
      <f name="type" value="FVG"/>
      <f name="tense" value="PrePer"/>
      <f name="voice" value="active"/>
    </fs>
  </a>
  <node xml:id="vc-n81"/>
  <a xml:id="vc-N67487" label="vchunk" ref="vc-n81" as="anc">
    <fs>
      <f name="type" value="FVG"/>
      <f name="tense" value="SimPre"/>
      <f name="voice" value="active"/>
    </fs>
  </a>
  <node xml:id="vc-n82"/>
  <a xml:id="vc-N67511" label="vchunk" ref="vc-n82" as="anc">
    <fs>
      <f name="type" value="FVG"/>
      <f name="tense" value="SimPre"/>
      <f name="voice" value="active"/>
    </fs>
  </a>
  <node xml:id="vc-n83"/>
  <a xml:id="vc-N67535" label="vchunk" ref="vc-n83" as="anc">
    <fs>
      <f name="type" value="NFVG"/>
      <f name="tense" value="Inf"/>
      <f name="voice" value="active"/>
    </fs>
  </a>
  <node xml:id="vc-n9"/>
  <a xml:id="vc-N67559" label="vchunk" ref="vc-n9" as="anc">
    <fs>
      <f name="type" value="FVG"/>
      <f name="tense" value="SimPre"/>
      <f name="voice" value="active"/>
    </fs>
  </a>
  <edge xml:id="vc-lnk39" from="vc-n31" to="penn-n504"/>
  <edge xml:id="vc-lnk38" from="vc-n30" to="penn-n499"/>
  <edge xml:id="vc-lnk37" from="vc-n29" to="penn-n495"/>
  <edge xml:id="vc-lnk36" from="vc-n29" to="penn-n494"/>
  <edge xml:id="vc-lnk35" from="vc-n28" to="penn-n493"/>
  <edge xml:id="vc-lnk99" from="vc-n71" to="penn-n768"/>
  <edge xml:id="vc-lnk34" from="vc-n28" to="penn-n492"/>
  <edge xml:id="vc-lnk98" from="vc-n70" to="penn-n766"/>
  <edge xml:id="vc-lnk33" from="vc-n27" to="penn-n484"/>
  <edge xml:id="vc-lnk97" from="vc-n70" to="penn-n765"/>
  <edge xml:id="vc-lnk32" from="vc-n27" to="penn-n483"/>
  <edge xml:id="vc-lnk96" from="vc-n70" to="penn-n764"/>
  <edge xml:id="vc-lnk31" from="vc-n26" to="penn-n474"/>
  <edge xml:id="vc-lnk95" from="vc-n69" to="penn-n758"/>
  <edge xml:id="vc-lnk30" from="vc-n25" to="penn-n455"/>
  <edge xml:id="vc-lnk94" from="vc-n69" to="penn-n757"/>
  <edge xml:id="vc-lnk93" from="vc-n68" to="penn-n755"/>
  <edge xml:id="vc-lnk92" from="vc-n67" to="penn-n751"/>
  <edge xml:id="vc-lnk91" from="vc-n67" to="penn-n750"/>
  <edge xml:id="vc-lnk90" from="vc-n66" to="penn-n747"/>
  <edge xml:id="vc-lnk29" from="vc-n25" to="penn-n454"/>
  <edge xml:id="vc-lnk28" from="vc-n24" to="penn-n450"/>
  <edge xml:id="vc-lnk27" from="vc-n24" to="penn-n449"/>
  <edge xml:id="vc-lnk26" from="vc-n23" to="penn-n438"/>
  <edge xml:id="vc-lnk25" from="vc-n22" to="penn-n334"/>
  <edge xml:id="vc-lnk89" from="vc-n66" to="penn-n746"/>
  <edge xml:id="vc-lnk24" from="vc-n22" to="penn-n333"/>
  <edge xml:id="vc-lnk88" from="vc-n66" to="penn-n745"/>
  <edge xml:id="vc-lnk23" from="vc-n21" to="penn-n328"/>
  <edge xml:id="vc-lnk87" from="vc-n65" to="penn-n735"/>
  <edge xml:id="vc-lnk22" from="vc-n21" to="penn-n327"/>
  <edge xml:id="vc-lnk86" from="vc-n64" to="penn-n733"/>
  <edge xml:id="vc-lnk21" from="vc-n20" to="penn-n308"/>
  <edge xml:id="vc-lnk85" from="vc-n63" to="penn-n729"/>
  <edge xml:id="vc-lnk20" from="vc-n19" to="penn-n305"/>
  <edge xml:id="vc-lnk84" from="vc-n62" to="penn-n721"/>
  <edge xml:id="vc-lnk83" from="vc-n61" to="penn-n712"/>
  <edge xml:id="vc-lnk82" from="vc-n60" to="penn-n702"/>
  <edge xml:id="vc-lnk81" from="vc-n60" to="penn-n701"/>
  <edge xml:id="vc-lnk80" from="vc-n59" to="penn-n699"/>
  <edge xml:id="vc-lnk19" from="vc-n18" to="penn-n298"/>
  <edge xml:id="vc-lnk18" from="vc-n17" to="penn-n291"/>
  <edge xml:id="vc-lnk17" from="vc-n16" to="penn-n286"/>
  <edge xml:id="vc-lnk16" from="vc-n15" to="penn-n281"/>
  <edge xml:id="vc-lnk15" from="vc-n14" to="penn-n276"/>
  <edge xml:id="vc-lnk79" from="vc-n59" to="penn-n698"/>
  <edge xml:id="vc-lnk14" from="vc-n13" to="penn-n272"/>
  <edge xml:id="vc-lnk78" from="vc-n58" to="penn-n686"/>
  <edge xml:id="vc-lnk13" from="vc-n12" to="penn-n269"/>
  <edge xml:id="vc-lnk77" from="vc-n57" to="penn-n679"/>
  <edge xml:id="vc-lnk12" from="vc-n11" to="penn-n262"/>
  <edge xml:id="vc-lnk76" from="vc-n57" to="penn-n678"/>
  <edge xml:id="vc-lnk11" from="vc-n10" to="penn-n257"/>
  <edge xml:id="vc-lnk75" from="vc-n56" to="penn-n674"/>
  <edge xml:id="vc-lnk10" from="vc-n9" to="penn-n254"/>
  <edge xml:id="vc-lnk74" from="vc-n56" to="penn-n673"/>
  <edge xml:id="vc-lnk73" from="vc-n55" to="penn-n669"/>
  <edge xml:id="vc-lnk72" from="vc-n54" to="penn-n666"/>
  <edge xml:id="vc-lnk71" from="vc-n53" to="penn-n658"/>
  <edge xml:id="vc-lnk70" from="vc-n52" to="penn-n653"/>
  <edge xml:id="vc-lnk69" from="vc-n52" to="penn-n652"/>
  <edge xml:id="vc-lnk68" from="vc-n51" to="penn-n643"/>
  <edge xml:id="vc-lnk67" from="vc-n50" to="penn-n639"/>
  <edge xml:id="vc-lnk66" from="vc-n50" to="penn-n638"/>
  <edge xml:id="vc-lnk65" from="vc-n49" to="penn-n635"/>
  <edge xml:id="vc-lnk64" from="vc-n49" to="penn-n634"/>
  <edge xml:id="vc-lnk63" from="vc-n48" to="penn-n632"/>
  <edge xml:id="vc-lnk117" from="vc-n83" to="penn-n844"/>
  <edge xml:id="vc-lnk62" from="vc-n47" to="penn-n626"/>
  <edge xml:id="vc-lnk9" from="vc-n8" to="penn-n248"/>
  <edge xml:id="vc-lnk116" from="vc-n83" to="penn-n843"/>
  <edge xml:id="vc-lnk61" from="vc-n47" to="penn-n625"/>
  <edge xml:id="vc-lnk8" from="vc-n7" to="penn-n245"/>
  <edge xml:id="vc-lnk115" from="vc-n82" to="penn-n836"/>
  <edge xml:id="vc-lnk60" from="vc-n46" to="penn-n614"/>
  <edge xml:id="vc-lnk7" from="vc-n6" to="penn-n238"/>
  <edge xml:id="vc-lnk114" from="vc-n81" to="penn-n825"/>
  <edge xml:id="vc-lnk6" from="vc-n6" to="penn-n237"/>
  <edge xml:id="vc-lnk113" from="vc-n80" to="penn-n818"/>
  <edge xml:id="vc-lnk5" from="vc-n5" to="penn-n234"/>
  <edge xml:id="vc-lnk112" from="vc-n80" to="penn-n817"/>
  <edge xml:id="vc-lnk4" from="vc-n4" to="penn-n228"/>
  <edge xml:id="vc-lnk111" from="vc-n79" to="penn-n811"/>
  <edge xml:id="vc-lnk3" from="vc-n3" to="penn-n213"/>
  <edge xml:id="vc-lnk110" from="vc-n79" to="penn-n810"/>
  <edge xml:id="vc-lnk2" from="vc-n2" to="penn-n207"/>
  <edge xml:id="vc-lnk1" from="vc-n1" to="penn-n192"/>
  <edge xml:id="vc-lnk0" from="vc-n0" to="penn-n190"/>
  <edge xml:id="vc-lnk59" from="vc-n45" to="penn-n610"/>
  <edge xml:id="vc-lnk58" from="vc-n44" to="penn-n604"/>
  <edge xml:id="vc-lnk57" from="vc-n43" to="penn-n602"/>
  <edge xml:id="vc-lnk56" from="vc-n42" to="penn-n599"/>
  <edge xml:id="vc-lnk55" from="vc-n41" to="penn-n594"/>
  <edge xml:id="vc-lnk109" from="vc-n78" to="penn-n793"/>
  <edge xml:id="vc-lnk54" from="vc-n41" to="penn-n593"/>
  <edge xml:id="vc-lnk108" from="vc-n78" to="penn-n792"/>
  <edge xml:id="vc-lnk53" from="vc-n40" to="penn-n588"/>
  <edge xml:id="vc-lnk107" from="vc-n77" to="penn-n784"/>
  <edge xml:id="vc-lnk52" from="vc-n39" to="penn-n579"/>
  <edge xml:id="vc-lnk106" from="vc-n76" to="penn-n782"/>
  <edge xml:id="vc-lnk51" from="vc-n39" to="penn-n578"/>
  <edge xml:id="vc-lnk105" from="vc-n76" to="penn-n781"/>
  <edge xml:id="vc-lnk50" from="vc-n39" to="penn-n577"/>
  <edge xml:id="vc-lnk104" from="vc-n75" to="penn-n780"/>
  <edge xml:id="vc-lnk103" from="vc-n74" to="penn-n779"/>
  <edge xml:id="vc-lnk102" from="vc-n73" to="penn-n776"/>
  <edge xml:id="vc-lnk101" from="vc-n73" to="penn-n775"/>
  <edge xml:id="vc-lnk100" from="vc-n72" to="penn-n771"/>
  <edge xml:id="vc-lnk49" from="vc-n38" to="penn-n562"/>
  <edge xml:id="vc-lnk48" from="vc-n38" to="penn-n561"/>
  <edge xml:id="vc-lnk47" from="vc-n37" to="penn-n558"/>
  <edge xml:id="vc-lnk46" from="vc-n36" to="penn-n555"/>
  <edge xml:id="vc-lnk45" from="vc-n35" to="penn-n547"/>
  <edge xml:id="vc-lnk44" from="vc-n34" to="penn-n533"/>
  <edge xml:id="vc-lnk43" from="vc-n34" to="penn-n532"/>
  <edge xml:id="vc-lnk42" from="vc-n33" to="penn-n526"/>
  <edge xml:id="vc-lnk41" from="vc-n33" to="penn-n525"/>
  <edge xml:id="vc-lnk40" from="vc-n32" to="penn-n517"/>
</graph>
