<graph xmlns="http://www.xces.org/ns/GrAF/1.0/" xmlns:graf="http://www.xces.org/ns/GrAF/1.0/">
  <graphHeader>
    <labelsDecl>
      <labelUsage label="person" occurs="35"/>
      <labelUsage label="location" occurs="21"/>
      <labelUsage label="date" occurs="17"/>
      <labelUsage label="org" occurs="65"/>
    </labelsDecl>
    <dependencies>
      <dependsOn f.id="f.penn"/>
    </dependencies>
    <annotationSpaces>
      <annotationSpace as.id="anc"/>
    </annotationSpaces>
  </graphHeader>
  <node xml:id="ne-n0"/>
  <a xml:id="ne-N65579" label="date" ref="ne-n0" as="anc">
    <fs>
      <f name="id" value="33432"/>
      <f name="kind" value="dateTime"/>
    </fs>
  </a>
  <node xml:id="ne-n1"/>
  <a xml:id="ne-N65599" label="location" ref="ne-n1" as="anc">
    <fs>
      <f name="id" value="1167"/>
      <f name="type" value="country"/>
    </fs>
  </a>
  <node xml:id="ne-n10"/>
  <a xml:id="ne-N65619" label="person" ref="ne-n10" as="anc">
    <fs>
      <f name="sex" value="male"/>
      <f name="id" value="1178"/>
    </fs>
  </a>
  <node xml:id="ne-n100"/>
  <a xml:id="ne-N65639" label="org" ref="ne-n100" as="anc">
    <fs>
      <f name="id" value="1230"/>
      <f name="type" value="government"/>
    </fs>
  </a>
  <node xml:id="ne-n101"/>
  <a xml:id="ne-N65659" label="person" ref="ne-n101" as="anc">
    <fs>
      <f name="id" value="1231"/>
      <f name="number" value="singular"/>
      <f name="person" value="third"/>
      <f name="case" value="nominative"/>
      <f name="sex" value="male"/>
    </fs>
  </a>
  <node xml:id="ne-n102"/>
  <a xml:id="ne-N65691" label="location" ref="ne-n102" as="anc">
    <fs>
      <f name="id" value="1232"/>
      <f name="person" value="third"/>
      <f name="case" value="9089"/>
      <f name="number" value="singular"/>
      <f name="type" value="country"/>
      <f name="mathces" value="[1232, 1248, 9089]"/>
    </fs>
  </a>
  <node xml:id="ne-n103"/>
  <a xml:id="ne-N65727" label="org" ref="ne-n103" as="anc">
    <fs>
      <f name="case" value="objective"/>
      <f name="person" value="third"/>
      <f name="type" value="other"/>
      <f name="id" value="1233"/>
      <f name="number" value="plural"/>
    </fs>
  </a>
  <node xml:id="ne-n104"/>
  <a xml:id="ne-N65759" label="location" ref="ne-n104" as="anc">
    <fs>
      <f name="locType " value="country"/>
      <f name="id" value="12337"/>
    </fs>
  </a>
  <node xml:id="ne-n105"/>
  <a xml:id="ne-N65779" label="org" ref="ne-n105" as="anc">
    <fs>
      <f name="type" value="government"/>
      <f name="id" value="123376"/>
    </fs>
  </a>
  <node xml:id="ne-n106"/>
  <a xml:id="ne-N65799" label="date" ref="ne-n106" as="anc">
    <fs>
      <f name="kind" value="date"/>
      <f name="id" value="9002"/>
    </fs>
  </a>
  <node xml:id="ne-n107"/>
  <a xml:id="ne-N65819" label="location" ref="ne-n107" as="anc">
    <fs>
      <f name="type" value="country"/>
      <f name="id" value="9089"/>
    </fs>
  </a>
  <node xml:id="ne-n108"/>
  <a xml:id="ne-N65839" label="org" ref="ne-n108" as="anc">
    <fs>
      <f name="id" value="1236"/>
      <f name="person" value="third"/>
      <f name="case" value="objective"/>
      <f name="number" value="singular"/>
      <f name="type" value="government"/>
    </fs>
  </a>
  <node xml:id="ne-n109"/>
  <a xml:id="ne-N65871" label="date" ref="ne-n109" as="anc">
    <fs>
      <f name="kind" value="date"/>
      <f name="id" value="9003"/>
    </fs>
  </a>
  <node xml:id="ne-n11"/>
  <a xml:id="ne-N65891" label="org" ref="ne-n11" as="anc">
    <fs>
      <f name="type" value="company"/>
      <f name="id" value="11786"/>
    </fs>
  </a>
  <node xml:id="ne-n110"/>
  <a xml:id="ne-N65911" label="location" ref="ne-n110" as="anc">
    <fs>
      <f name="type" value="city"/>
      <f name="number" value="singular"/>
      <f name="case" value="objective"/>
      <f name="person" value="third"/>
      <f name="id" value="1239"/>
    </fs>
  </a>
  <node xml:id="ne-n111"/>
  <a xml:id="ne-N65943" label="person" ref="ne-n111" as="anc">
    <fs>
      <f name="id" value="1240"/>
      <f name="sex" value="male"/>
      <f name="number" value="singular"/>
      <f name="case" value="nominative"/>
      <f name="person" value="third"/>
    </fs>
  </a>
  <node xml:id="ne-n112"/>
  <a xml:id="ne-N65975" label="date" ref="ne-n112" as="anc">
    <fs>
      <f name="kind" value="duration"/>
      <f name="id" value="331058"/>
    </fs>
  </a>
  <node xml:id="ne-n113"/>
  <a xml:id="ne-N65995" label="date" ref="ne-n113" as="anc">
    <fs>
      <f name="kind" value="dateTime"/>
      <f name="id" value="331066"/>
    </fs>
  </a>
  <node xml:id="ne-n114"/>
  <a xml:id="ne-N66015" label="person" ref="ne-n114" as="anc">
    <fs>
      <f name="id" value="1244"/>
      <f name="sex" value="male"/>
      <f name="number" value="singular"/>
      <f name="case" value="objective"/>
      <f name="person" value="third"/>
    </fs>
  </a>
  <node xml:id="ne-n115"/>
  <a xml:id="ne-N66047" label="location" ref="ne-n115" as="anc">
    <fs>
      <f name="id" value="1245"/>
      <f name="person" value="third"/>
      <f name="case" value="nominative"/>
      <f name="number" value="singular"/>
      <f name="type" value="country"/>
    </fs>
  </a>
  <node xml:id="ne-n116"/>
  <a xml:id="ne-N66079" label="org" ref="ne-n116" as="anc">
    <fs>
      <f name="id" value="1246"/>
      <f name="type" value="company"/>
      <f name="number" value="singular"/>
      <f name="case" value="objective"/>
      <f name="person" value="third"/>
    </fs>
  </a>
  <node xml:id="ne-n117"/>
  <a xml:id="ne-N66111" label="org" ref="ne-n117" as="anc">
    <fs>
      <f name="type" value="company"/>
      <f name="id" value="1247"/>
      <f name="person" value="third"/>
      <f name="case" value="nominative"/>
      <f name="number" value="singular"/>
    </fs>
  </a>
  <node xml:id="ne-n118"/>
  <a xml:id="ne-N66143" label="location" ref="ne-n118" as="anc">
    <fs>
      <f name="person" value="third"/>
      <f name="case" value="nominative"/>
      <f name="number" value="singular"/>
      <f name="type" value="country"/>
      <f name="id" value="1248"/>
    </fs>
  </a>
  <node xml:id="ne-n119"/>
  <a xml:id="ne-N66175" label="location" ref="ne-n119" as="anc">
    <fs>
      <f name="id" value="1249"/>
      <f name="person" value="third"/>
      <f name="case" value="objective"/>
      <f name="number" value="singular"/>
      <f name="type" value="country"/>
    </fs>
  </a>
  <node xml:id="ne-n12"/>
  <a xml:id="ne-N66207" label="date" ref="ne-n12" as="anc">
    <fs>
      <f name="id" value="33847"/>
      <f name="kind" value="dateTime"/>
    </fs>
  </a>
  <node xml:id="ne-n120"/>
  <a xml:id="ne-N66227" label="person" ref="ne-n120" as="anc">
    <fs>
      <f name="sex" value="male"/>
      <f name="number" value="singular"/>
      <f name="case" value="nominative"/>
      <f name="person" value="third"/>
      <f name="id" value="1250"/>
    </fs>
  </a>
  <node xml:id="ne-n121"/>
  <a xml:id="ne-N66259" label="org" ref="ne-n121" as="anc">
    <fs>
      <f name="id" value="1251"/>
      <f name="person" value="third"/>
      <f name="case" value="objective"/>
      <f name="number" value="singular"/>
      <f name="type" value="other"/>
    </fs>
  </a>
  <node xml:id="ne-n122"/>
  <a xml:id="ne-N66291" label="location" ref="ne-n122" as="anc">
    <fs>
      <f name="type" value="country"/>
      <f name="id" value="125177"/>
    </fs>
  </a>
  <node xml:id="ne-n123"/>
  <a xml:id="ne-N66311" label="org" ref="ne-n123" as="anc">
    <fs>
      <f name="type" value="government"/>
      <f name="id" value="12516"/>
    </fs>
  </a>
  <node xml:id="ne-n124"/>
  <a xml:id="ne-N66331" label="location" ref="ne-n124" as="anc">
    <fs>
      <f name="id" value="1253"/>
      <f name="person" value="third"/>
      <f name="case" value="objective"/>
      <f name="number" value="singular"/>
      <f name="type" value="country"/>
    </fs>
  </a>
  <node xml:id="ne-n125"/>
  <a xml:id="ne-N66363" label="person" ref="ne-n125" as="anc">
    <fs>
      <f name="sex" value="male"/>
      <f name="id" value="1254"/>
      <f name="person" value="third"/>
      <f name="case" value="nominative"/>
      <f name="number" value="singular"/>
    </fs>
  </a>
  <node xml:id="ne-n126"/>
  <a xml:id="ne-N66395" label="org" ref="ne-n126" as="anc">
    <fs>
      <f name="id" value="12517"/>
      <f name="type" value="other"/>
    </fs>
  </a>
  <node xml:id="ne-n127"/>
  <a xml:id="ne-N66415" label="person" ref="ne-n127" as="anc">
    <fs>
      <f name="id" value="1256"/>
      <f name="number" value="singular"/>
      <f name="person" value="third"/>
      <f name="case" value="objective"/>
      <f name="sex" value="female"/>
    </fs>
  </a>
  <node xml:id="ne-n128"/>
  <a xml:id="ne-N66447" label="person" ref="ne-n128" as="anc">
    <fs>
      <f name="id" value="1258"/>
      <f name="number" value="singular"/>
      <f name="person" value="third"/>
      <f name="case" value="objective"/>
      <f name="sex" value="male"/>
    </fs>
  </a>
  <node xml:id="ne-n129"/>
  <a xml:id="ne-N66479" label="location" ref="ne-n129" as="anc">
    <fs>
      <f name="id" value="1259"/>
      <f name="person" value="third"/>
      <f name="case" value="objective"/>
      <f name="number" value="singular"/>
      <f name="type" value="city"/>
    </fs>
  </a>
  <node xml:id="ne-n13"/>
  <a xml:id="ne-N66511" label="person" ref="ne-n13" as="anc">
    <fs>
      <f name="sex" value="male"/>
      <f name="id" value="1180"/>
    </fs>
  </a>
  <node xml:id="ne-n130"/>
  <a xml:id="ne-N66531" label="location" ref="ne-n130" as="anc">
    <fs>
      <f name="id" value="1260"/>
      <f name="person" value="third"/>
      <f name="case" value="nominative"/>
      <f name="number" value="singular"/>
      <f name="type" value="city"/>
    </fs>
  </a>
  <node xml:id="ne-n131"/>
  <a xml:id="ne-N66563" label="date" ref="ne-n131" as="anc">
    <fs>
      <f name="kind" value="date"/>
      <f name="id" value="331127"/>
    </fs>
  </a>
  <node xml:id="ne-n132"/>
  <a xml:id="ne-N66583" label="date" ref="ne-n132" as="anc">
    <fs>
      <f name="kind" value="date"/>
      <f name="id" value="331131"/>
    </fs>
  </a>
  <node xml:id="ne-n133"/>
  <a xml:id="ne-N66603" label="date" ref="ne-n133" as="anc">
    <fs>
      <f name="kind" value="date"/>
      <f name="id" value="9004"/>
    </fs>
  </a>
  <node xml:id="ne-n134"/>
  <a xml:id="ne-N66623" label="person" ref="ne-n134" as="anc">
    <fs>
      <f name="sex" value="male"/>
      <f name="id" value="1264"/>
    </fs>
  </a>
  <node xml:id="ne-n135"/>
  <a xml:id="ne-N66643" label="person" ref="ne-n135" as="anc">
    <fs>
      <f name="sex" value="male"/>
      <f name="case" value="nominative"/>
      <f name="person" value="third"/>
      <f name="id" value="1221"/>
    </fs>
  </a>
  <node xml:id="ne-n136"/>
  <a xml:id="ne-N66671" label="location" ref="ne-n136" as="anc">
    <fs>
      <f name="type" value="city"/>
      <f name="number" value="singular"/>
      <f name="case" value="objective"/>
      <f name="person" value="third"/>
      <f name="id" value="1269"/>
    </fs>
  </a>
  <node xml:id="ne-n137"/>
  <a xml:id="ne-N66703" label="person" ref="ne-n137" as="anc">
    <fs>
      <f name="id" value="1271"/>
      <f name="number" value="singular"/>
      <f name="person" value="third"/>
      <f name="case" value="objective"/>
      <f name="sex" value="male"/>
    </fs>
  </a>
  <node xml:id="ne-n14"/>
  <a xml:id="ne-N66735" label="org" ref="ne-n14" as="anc">
    <fs>
      <f name="id" value="11806"/>
      <f name="type" value="company"/>
    </fs>
  </a>
  <node xml:id="ne-n15"/>
  <a xml:id="ne-N66755" label="org" ref="ne-n15" as="anc">
    <fs>
      <f name="id" value="118066"/>
      <f name="type" value="company"/>
    </fs>
  </a>
  <node xml:id="ne-n16"/>
  <a xml:id="ne-N66775" label="person" ref="ne-n16" as="anc">
    <fs>
      <f name="sex" value="male"/>
      <f name="id" value="1181"/>
    </fs>
  </a>
  <node xml:id="ne-n17"/>
  <a xml:id="ne-N66795" label="org" ref="ne-n17" as="anc">
    <fs>
      <f name="id" value="9636"/>
      <f name="type" value="company"/>
    </fs>
  </a>
  <node xml:id="ne-n18"/>
  <a xml:id="ne-N66815" label="org" ref="ne-n18" as="anc">
    <fs>
      <f name="type" value="company"/>
      <f name="id" value="11816"/>
    </fs>
  </a>
  <node xml:id="ne-n19"/>
  <a xml:id="ne-N66835" label="org" ref="ne-n19" as="anc">
    <fs>
      <f name="type" value="company"/>
      <f name="id" value="96366"/>
    </fs>
  </a>
  <node xml:id="ne-n2"/>
  <a xml:id="ne-N66855" label="org" ref="ne-n2" as="anc">
    <fs>
      <f name="id" value="1168"/>
      <f name="type" value="government"/>
    </fs>
  </a>
  <node xml:id="ne-n20"/>
  <a xml:id="ne-N66875" label="org" ref="ne-n20" as="anc">
    <fs>
      <f name="type" value="company"/>
      <f name="id" value="118166"/>
    </fs>
  </a>
  <node xml:id="ne-n21"/>
  <a xml:id="ne-N66895" label="person" ref="ne-n21" as="anc">
    <fs>
      <f name="sex" value="male"/>
      <f name="id" value="1183"/>
    </fs>
  </a>
  <node xml:id="ne-n22"/>
  <a xml:id="ne-N66915" label="org" ref="ne-n22" as="anc">
    <fs>
      <f name="id" value="9646"/>
      <f name="type" value="company"/>
    </fs>
  </a>
  <node xml:id="ne-n23"/>
  <a xml:id="ne-N66935" label="org" ref="ne-n23" as="anc">
    <fs>
      <f name="type" value="company"/>
      <f name="id" value="11836"/>
    </fs>
  </a>
  <node xml:id="ne-n24"/>
  <a xml:id="ne-N66955" label="org" ref="ne-n24" as="anc">
    <fs>
      <f name="type" value="company"/>
      <f name="id" value="118366"/>
    </fs>
  </a>
  <node xml:id="ne-n25"/>
  <a xml:id="ne-N66975" label="org" ref="ne-n25" as="anc">
    <fs>
      <f name="id" value="96466"/>
      <f name="type" value="company"/>
    </fs>
  </a>
  <node xml:id="ne-n26"/>
  <a xml:id="ne-N66995" label="person" ref="ne-n26" as="anc">
    <fs>
      <f name="id" value="11818"/>
      <f name="sex" value="male"/>
    </fs>
  </a>
  <node xml:id="ne-n27"/>
  <a xml:id="ne-N67015" label="org" ref="ne-n27" as="anc">
    <fs>
      <f name="type" value="company"/>
      <f name="id" value="9656"/>
    </fs>
  </a>
  <node xml:id="ne-n28"/>
  <a xml:id="ne-N67035" label="org" ref="ne-n28" as="anc">
    <fs>
      <f name="type" value="company"/>
      <f name="id" value="118186"/>
    </fs>
  </a>
  <node xml:id="ne-n29"/>
  <a xml:id="ne-N67055" label="org" ref="ne-n29" as="anc">
    <fs>
      <f name="id" value="96566"/>
      <f name="type" value="company"/>
    </fs>
  </a>
  <node xml:id="ne-n3"/>
  <a xml:id="ne-N67075" label="person" ref="ne-n3" as="anc">
    <fs>
      <f name="sex" value="male"/>
      <f name="id" value="1169"/>
    </fs>
  </a>
  <node xml:id="ne-n30"/>
  <a xml:id="ne-N67095" label="org" ref="ne-n30" as="anc">
    <fs>
      <f name="type" value="company"/>
      <f name="id" value="1181866"/>
    </fs>
  </a>
  <node xml:id="ne-n31"/>
  <a xml:id="ne-N67115" label="person" ref="ne-n31" as="anc">
    <fs>
      <f name="sex" value="male"/>
      <f name="id" value="1186"/>
    </fs>
  </a>
  <node xml:id="ne-n32"/>
  <a xml:id="ne-N67135" label="org" ref="ne-n32" as="anc">
    <fs>
      <f name="id" value="9666"/>
      <f name="type" value="company"/>
    </fs>
  </a>
  <node xml:id="ne-n33"/>
  <a xml:id="ne-N67155" label="org" ref="ne-n33" as="anc">
    <fs>
      <f name="type" value="company"/>
      <f name="id" value="11866"/>
    </fs>
  </a>
  <node xml:id="ne-n34"/>
  <a xml:id="ne-N67175" label="org" ref="ne-n34" as="anc">
    <fs>
      <f name="id" value="96666"/>
      <f name="type" value="company"/>
    </fs>
  </a>
  <node xml:id="ne-n35"/>
  <a xml:id="ne-N67195" label="org" ref="ne-n35" as="anc">
    <fs>
      <f name="id" value="118666"/>
      <f name="type" value="company"/>
    </fs>
  </a>
  <node xml:id="ne-n36"/>
  <a xml:id="ne-N67215" label="person" ref="ne-n36" as="anc">
    <fs>
      <f name="sex" value="male"/>
      <f name="id" value="1176"/>
    </fs>
  </a>
  <node xml:id="ne-n37"/>
  <a xml:id="ne-N67235" label="org" ref="ne-n37" as="anc">
    <fs>
      <f name="id" value="9676"/>
      <f name="type" value="company"/>
    </fs>
  </a>
  <node xml:id="ne-n38"/>
  <a xml:id="ne-N67255" label="org" ref="ne-n38" as="anc">
    <fs>
      <f name="id" value="96766"/>
      <f name="type" value="company"/>
    </fs>
  </a>
  <node xml:id="ne-n39"/>
  <a xml:id="ne-N67275" label="person" ref="ne-n39" as="anc">
    <fs>
      <f name="id" value="9688"/>
      <f name="sex" value="male"/>
    </fs>
  </a>
  <node xml:id="ne-n4"/>
  <a xml:id="ne-N67295" label="person" ref="ne-n4" as="anc">
    <fs>
      <f name="sex" value="female"/>
      <f name="id" value="1171"/>
    </fs>
  </a>
  <node xml:id="ne-n40"/>
  <a xml:id="ne-N67315" label="org" ref="ne-n40" as="anc">
    <fs>
      <f name="id" value="9686"/>
      <f name="type" value="company"/>
    </fs>
  </a>
  <node xml:id="ne-n41"/>
  <a xml:id="ne-N67335" label="org" ref="ne-n41" as="anc">
    <fs>
      <f name="id" value="96866"/>
      <f name="type" value="company"/>
    </fs>
  </a>
  <node xml:id="ne-n42"/>
  <a xml:id="ne-N67355" label="location" ref="ne-n42" as="anc">
    <fs>
      <f name="id" value="1191"/>
      <f name="type" value="country"/>
    </fs>
  </a>
  <node xml:id="ne-n43"/>
  <a xml:id="ne-N67375" label="org" ref="ne-n43" as="anc">
    <fs>
      <f name="id" value="1192"/>
      <f name="type" value="government"/>
    </fs>
  </a>
  <node xml:id="ne-n44"/>
  <a xml:id="ne-N67395" label="person" ref="ne-n44" as="anc">
    <fs>
      <f name="id" value="1182"/>
      <f name="number" value="singular"/>
      <f name="person" value="third"/>
      <f name="case" value="nominative"/>
      <f name="sex" value="male"/>
    </fs>
  </a>
  <node xml:id="ne-n45"/>
  <a xml:id="ne-N67427" label="date" ref="ne-n45" as="anc">
    <fs>
      <f name="kind" value="dateTime"/>
      <f name="oid" value="33979"/>
    </fs>
  </a>
  <node xml:id="ne-n46"/>
  <a xml:id="ne-N67447" label="org" ref="ne-n46" as="anc">
    <fs>
      <f name="type" value="other"/>
      <f name="id" value="1195"/>
      <f name="person" value="third"/>
      <f name="case" value="objective"/>
      <f name="number" value="plural"/>
    </fs>
  </a>
  <node xml:id="ne-n47"/>
  <a xml:id="ne-N67479" label="org" ref="ne-n47" as="anc">
    <fs>
      <f name="id" value="1196"/>
      <f name="person" value="third"/>
      <f name="case" value="objective"/>
      <f name="number" value="singular"/>
      <f name="type" value="government"/>
    </fs>
  </a>
  <node xml:id="ne-n48"/>
  <a xml:id="ne-N67511" label="date" ref="ne-n48" as="anc">
    <fs>
      <f name="kind" value="date"/>
      <f name="id" value="9001"/>
    </fs>
  </a>
  <node xml:id="ne-n49"/>
  <a xml:id="ne-N67531" label="org" ref="ne-n49" as="anc">
    <fs>
      <f name="id" value="11968"/>
      <f name="type" value="other"/>
    </fs>
  </a>
  <node xml:id="ne-n5"/>
  <a xml:id="ne-N67551" label="person" ref="ne-n5" as="anc">
    <fs>
      <f name="sex" value="male"/>
      <f name="id" value="1173"/>
    </fs>
  </a>
  <node xml:id="ne-n50"/>
  <a xml:id="ne-N67571" label="person" ref="ne-n50" as="anc">
    <fs>
      <f name="id" value="1199"/>
      <f name="person" value="third"/>
      <f name="case" value="nominative"/>
      <f name="number" value="singular"/>
      <f name="sex" value="male"/>
    </fs>
  </a>
  <node xml:id="ne-n51"/>
  <a xml:id="ne-N67603" label="location" ref="ne-n51" as="anc">
    <fs>
      <f name="id" value="1200"/>
      <f name="person" value="third"/>
      <f name="case" value="objective"/>
      <f name="number" value="singular"/>
      <f name="type" value="province_state"/>
    </fs>
  </a>
  <node xml:id="ne-n52"/>
  <a xml:id="ne-N67635" label="date" ref="ne-n52" as="anc">
    <fs>
      <f name="kind" value="date"/>
      <f name="id" value="33989"/>
    </fs>
  </a>
  <node xml:id="ne-n53"/>
  <a xml:id="ne-N67655" label="org" ref="ne-n53" as="anc">
    <fs>
      <f name="id" value="119688"/>
      <f name="type" value="other"/>
    </fs>
  </a>
  <node xml:id="ne-n54"/>
  <a xml:id="ne-N67675" label="org" ref="ne-n54" as="anc">
    <fs>
      <f name="id" value="1202"/>
      <f name="person" value="third"/>
      <f name="case" value="objective"/>
      <f name="number" value="singular"/>
      <f name="type" value="government"/>
    </fs>
  </a>
  <node xml:id="ne-n55"/>
  <a xml:id="ne-N67707" label="org" ref="ne-n55" as="anc">
    <fs>
      <f name="id" value="12028"/>
      <f name="type" value="other"/>
    </fs>
  </a>
  <node xml:id="ne-n56"/>
  <a xml:id="ne-N67727" label="org" ref="ne-n56" as="anc">
    <fs>
      <f name="id" value="1203"/>
      <f name="person" value="third"/>
      <f name="case" value="objective"/>
      <f name="number" value="singular"/>
      <f name="type" value="government"/>
    </fs>
  </a>
  <node xml:id="ne-n57"/>
  <a xml:id="ne-N67759" label="person" ref="ne-n57" as="anc">
    <fs>
      <f name="sex" value="male"/>
      <f name="number" value="singular"/>
      <f name="case" value="nominative"/>
      <f name="person" value="third"/>
      <f name="id" value="1204"/>
    </fs>
  </a>
  <node xml:id="ne-n58"/>
  <a xml:id="ne-N67791" label="org" ref="ne-n58" as="anc">
    <fs>
      <f name="id" value="1205"/>
      <f name="type" value="other"/>
      <f name="number" value="singular"/>
      <f name="case" value="objective"/>
      <f name="person" value="third"/>
    </fs>
  </a>
  <node xml:id="ne-n59"/>
  <a xml:id="ne-N67823" label="org" ref="ne-n59" as="anc">
    <fs>
      <f name="type" value="other"/>
      <f name="id" value="12058"/>
    </fs>
  </a>
  <node xml:id="ne-n6"/>
  <a xml:id="ne-N67843" label="date" ref="ne-n6" as="anc">
    <fs>
      <f name="kind" value="date"/>
      <f name="id" value="947399"/>
    </fs>
  </a>
  <node xml:id="ne-n60"/>
  <a xml:id="ne-N67863" label="person" ref="ne-n60" as="anc">
    <fs>
      <f name="id" value="1207"/>
      <f name="number" value="singular"/>
      <f name="person" value="third"/>
      <f name="case" value="objective"/>
      <f name="sex" value="female"/>
    </fs>
  </a>
  <node xml:id="ne-n61"/>
  <a xml:id="ne-N67895" label="location" ref="ne-n61" as="anc">
    <fs>
      <f name="id" value="1208"/>
      <f name="person" value="third"/>
      <f name="case" value="objective"/>
      <f name="number" value="singular"/>
      <f name="type" value="province_state"/>
    </fs>
  </a>
  <node xml:id="ne-n62"/>
  <a xml:id="ne-N67927" label="date" ref="ne-n62" as="anc">
    <fs>
      <f name="kind" value="date"/>
      <f name="id" value="331015"/>
    </fs>
  </a>
  <node xml:id="ne-n63"/>
  <a xml:id="ne-N67947" label="location" ref="ne-n63" as="anc">
    <fs>
      <f name="id" value="1210"/>
      <f name="person" value="third"/>
      <f name="case" value="objective"/>
      <f name="number" value="singular"/>
      <f name="type" value="city"/>
    </fs>
  </a>
  <node xml:id="ne-n64"/>
  <a xml:id="ne-N67979" label="location" ref="ne-n64" as="anc">
    <fs>
      <f name="id" value="1211"/>
      <f name="person" value="third"/>
      <f name="case" value="nominative"/>
      <f name="number" value="singular"/>
      <f name="type" value="city"/>
    </fs>
  </a>
  <node xml:id="ne-n65"/>
  <a xml:id="ne-N68011" label="location" ref="ne-n65" as="anc">
    <fs>
      <f name="id" value="1212"/>
      <f name="person" value="third"/>
      <f name="case" value="objective"/>
      <f name="number" value="singular"/>
      <f name="type" value="country"/>
    </fs>
  </a>
  <node xml:id="ne-n66"/>
  <a xml:id="ne-N68043" label="date" ref="ne-n66" as="anc">
    <fs>
      <f name="kind" value="date"/>
      <f name="id" value="331020"/>
    </fs>
  </a>
  <node xml:id="ne-n67"/>
  <a xml:id="ne-N68063" label="location" ref="ne-n67" as="anc">
    <fs>
      <f name="id" value="1214"/>
      <f name="person" value="third"/>
      <f name="case" value="objective"/>
      <f name="number" value="singular"/>
      <f name="type" value="province_state"/>
    </fs>
  </a>
  <node xml:id="ne-n68"/>
  <a xml:id="ne-N68095" label="person" ref="ne-n68" as="anc">
    <fs>
      <f name="id" value="12076"/>
      <f name="sex" value="male"/>
    </fs>
  </a>
  <node xml:id="ne-n69"/>
  <a xml:id="ne-N68115" label="person" ref="ne-n69" as="anc">
    <fs>
      <f name="sex" value="male"/>
      <f name="id" value="1215"/>
    </fs>
  </a>
  <node xml:id="ne-n7"/>
  <a xml:id="ne-N68135" label="person" ref="ne-n7" as="anc">
    <fs>
      <f name="sex" value="male"/>
      <f name="id" value="1175"/>
    </fs>
  </a>
  <node xml:id="ne-n70"/>
  <a xml:id="ne-N68155" label="date" ref="ne-n70" as="anc">
    <fs>
      <f name="id" value="22574"/>
      <f name="kind" value="dateTime"/>
    </fs>
  </a>
  <node xml:id="ne-n71"/>
  <a xml:id="ne-N68175" label="person" ref="ne-n71" as="anc">
    <fs>
      <f name="sex" value="male"/>
      <f name="id" value="1219"/>
    </fs>
  </a>
  <node xml:id="ne-n72"/>
  <a xml:id="ne-N68195" label="org" ref="ne-n72" as="anc">
    <fs>
      <f name="id" value="10286"/>
      <f name="type" value="company"/>
    </fs>
  </a>
  <node xml:id="ne-n73"/>
  <a xml:id="ne-N68215" label="org" ref="ne-n73" as="anc">
    <fs>
      <f name="type" value="company"/>
      <f name="id" value="12196"/>
    </fs>
  </a>
  <node xml:id="ne-n74"/>
  <a xml:id="ne-N68235" label="org" ref="ne-n74" as="anc">
    <fs>
      <f name="id" value="102866"/>
      <f name="type" value="company"/>
    </fs>
  </a>
  <node xml:id="ne-n75"/>
  <a xml:id="ne-N68255" label="org" ref="ne-n75" as="anc">
    <fs>
      <f name="type" value="company"/>
      <f name="id" value="121966"/>
    </fs>
  </a>
  <node xml:id="ne-n76"/>
  <a xml:id="ne-N68275" label="person" ref="ne-n76" as="anc">
    <fs>
      <f name="sex" value="male"/>
      <f name="id" value="1184"/>
    </fs>
  </a>
  <node xml:id="ne-n77"/>
  <a xml:id="ne-N68295" label="org" ref="ne-n77" as="anc">
    <fs>
      <f name="id" value="10296"/>
      <f name="type" value="company"/>
    </fs>
  </a>
  <node xml:id="ne-n78"/>
  <a xml:id="ne-N68315" label="org" ref="ne-n78" as="anc">
    <fs>
      <f name="id" value="11846"/>
      <f name="type" value="company"/>
    </fs>
  </a>
  <node xml:id="ne-n79"/>
  <a xml:id="ne-N68335" label="org" ref="ne-n79" as="anc">
    <fs>
      <f name="id" value="102966"/>
      <f name="type" value="company"/>
    </fs>
  </a>
  <node xml:id="ne-n8"/>
  <a xml:id="ne-N68355" label="org" ref="ne-n8" as="anc">
    <fs>
      <f name="id" value="9586"/>
      <f name="type" value="company"/>
    </fs>
  </a>
  <node xml:id="ne-n80"/>
  <a xml:id="ne-N68375" label="org" ref="ne-n80" as="anc">
    <fs>
      <f name="type" value="company"/>
      <f name="id" value="118466"/>
    </fs>
  </a>
  <node xml:id="ne-n81"/>
  <a xml:id="ne-N68395" label="person" ref="ne-n81" as="anc">
    <fs>
      <f name="id" value="10308"/>
      <f name="sex" value="male"/>
    </fs>
  </a>
  <node xml:id="ne-n82"/>
  <a xml:id="ne-N68415" label="org" ref="ne-n82" as="anc">
    <fs>
      <f name="id" value="10306"/>
      <f name="type" value="company"/>
    </fs>
  </a>
  <node xml:id="ne-n83"/>
  <a xml:id="ne-N68435" label="org" ref="ne-n83" as="anc">
    <fs>
      <f name="id" value="103086"/>
      <f name="type" value="company"/>
    </fs>
  </a>
  <node xml:id="ne-n84"/>
  <a xml:id="ne-N68455" label="org" ref="ne-n84" as="anc">
    <fs>
      <f name="type" value="company"/>
      <f name="id" value="103066"/>
    </fs>
  </a>
  <node xml:id="ne-n85"/>
  <a xml:id="ne-N68475" label="org" ref="ne-n85" as="anc">
    <fs>
      <f name="id" value="1030866"/>
      <f name="type" value="company"/>
    </fs>
  </a>
  <node xml:id="ne-n86"/>
  <a xml:id="ne-N68495" label="person" ref="ne-n86" as="anc">
    <fs>
      <f name="sex" value="male"/>
      <f name="id" value="1223"/>
    </fs>
  </a>
  <node xml:id="ne-n87"/>
  <a xml:id="ne-N68515" label="org" ref="ne-n87" as="anc">
    <fs>
      <f name="id" value="10316"/>
      <f name="type" value="company"/>
    </fs>
  </a>
  <node xml:id="ne-n88"/>
  <a xml:id="ne-N68535" label="org" ref="ne-n88" as="anc">
    <fs>
      <f name="id" value="12236"/>
      <f name="type" value="company"/>
    </fs>
  </a>
  <node xml:id="ne-n89"/>
  <a xml:id="ne-N68555" label="org" ref="ne-n89" as="anc">
    <fs>
      <f name="id" value="103166"/>
      <f name="type" value="company"/>
    </fs>
  </a>
  <node xml:id="ne-n9"/>
  <a xml:id="ne-N68575" label="date" ref="ne-n9" as="anc">
    <fs>
      <f name="id" value="22213"/>
      <f name="kind" value="dateTime"/>
    </fs>
  </a>
  <node xml:id="ne-n90"/>
  <a xml:id="ne-N68595" label="org" ref="ne-n90" as="anc">
    <fs>
      <f name="id" value="122366"/>
      <f name="type" value="company"/>
    </fs>
  </a>
  <node xml:id="ne-n91"/>
  <a xml:id="ne-N68615" label="person" ref="ne-n91" as="anc">
    <fs>
      <f name="sex" value="male"/>
      <f name="id" value="1225"/>
    </fs>
  </a>
  <node xml:id="ne-n92"/>
  <a xml:id="ne-N68635" label="org" ref="ne-n92" as="anc">
    <fs>
      <f name="id" value="10326"/>
      <f name="type" value="company"/>
    </fs>
  </a>
  <node xml:id="ne-n93"/>
  <a xml:id="ne-N68655" label="org" ref="ne-n93" as="anc">
    <fs>
      <f name="type" value="company"/>
      <f name="id" value="103266"/>
    </fs>
  </a>
  <node xml:id="ne-n94"/>
  <a xml:id="ne-N68675" label="person" ref="ne-n94" as="anc">
    <fs>
      <f name="sex" value="male"/>
    </fs>
  </a>
  <node xml:id="ne-n95"/>
  <a xml:id="ne-N68691" label="org" ref="ne-n95" as="anc">
    <fs>
      <f name="type" value="company"/>
      <f name="id" value="10336"/>
    </fs>
  </a>
  <node xml:id="ne-n96"/>
  <a xml:id="ne-N68711" label="org" ref="ne-n96" as="anc">
    <fs>
      <f name="id" value="103366"/>
      <f name="type" value="company"/>
    </fs>
  </a>
  <node xml:id="ne-n97"/>
  <a xml:id="ne-N68731" label="person" ref="ne-n97" as="anc">
    <fs>
      <f name="sex" value="male"/>
      <f name="id" value="1228"/>
    </fs>
  </a>
  <node xml:id="ne-n98"/>
  <a xml:id="ne-N68751" label="org" ref="ne-n98" as="anc">
    <fs>
      <f name="type" value="company"/>
      <f name="id" value="10356"/>
    </fs>
  </a>
  <node xml:id="ne-n99"/>
  <a xml:id="ne-N68771" label="location" ref="ne-n99" as="anc">
    <fs>
      <f name="id" value="1229"/>
      <f name="type" value="country"/>
    </fs>
  </a>
  <edge xml:id="ne-lnk46" from="ne-n21" to="penn-n129"/>
  <edge xml:id="ne-lnk130" from="ne-n82" to="penn-n369"/>
  <edge xml:id="ne-lnk45" from="ne-n20" to="penn-n127"/>
  <edge xml:id="ne-lnk44" from="ne-n19" to="penn-n127"/>
  <edge xml:id="ne-lnk43" from="ne-n18" to="penn-n125"/>
  <edge xml:id="ne-lnk42" from="ne-n17" to="penn-n125"/>
  <edge xml:id="ne-lnk41" from="ne-n16" to="penn-n123"/>
  <edge xml:id="ne-lnk40" from="ne-n16" to="penn-n122"/>
  <edge xml:id="ne-lnk129" from="ne-n81" to="penn-n367"/>
  <edge xml:id="ne-lnk128" from="ne-n81" to="penn-n366"/>
  <edge xml:id="ne-lnk127" from="ne-n80" to="penn-n364"/>
  <edge xml:id="ne-lnk126" from="ne-n79" to="penn-n364"/>
  <edge xml:id="ne-lnk125" from="ne-n78" to="penn-n362"/>
  <edge xml:id="ne-lnk124" from="ne-n77" to="penn-n362"/>
  <edge xml:id="ne-lnk39" from="ne-n15" to="penn-n119"/>
  <edge xml:id="ne-lnk123" from="ne-n76" to="penn-n360"/>
  <edge xml:id="ne-lnk38" from="ne-n14" to="penn-n117"/>
  <edge xml:id="ne-lnk122" from="ne-n76" to="penn-n359"/>
  <edge xml:id="ne-lnk37" from="ne-n13" to="penn-n113"/>
  <edge xml:id="ne-lnk121" from="ne-n76" to="penn-n358"/>
  <edge xml:id="ne-lnk36" from="ne-n13" to="penn-n112"/>
  <edge xml:id="ne-lnk120" from="ne-n75" to="penn-n355"/>
  <edge xml:id="ne-lnk35" from="ne-n12" to="penn-n109"/>
  <edge xml:id="ne-lnk34" from="ne-n12" to="penn-n108"/>
  <edge xml:id="ne-lnk33" from="ne-n12" to="penn-n107"/>
  <edge xml:id="ne-lnk32" from="ne-n11" to="penn-n106"/>
  <edge xml:id="ne-lnk31" from="ne-n10" to="penn-n104"/>
  <edge xml:id="ne-lnk30" from="ne-n10" to="penn-n103"/>
  <edge xml:id="ne-lnk119" from="ne-n74" to="penn-n355"/>
  <edge xml:id="ne-lnk118" from="ne-n73" to="penn-n353"/>
  <edge xml:id="ne-lnk117" from="ne-n72" to="penn-n353"/>
  <edge xml:id="ne-lnk116" from="ne-n71" to="penn-n351"/>
  <edge xml:id="ne-lnk115" from="ne-n71" to="penn-n350"/>
  <edge xml:id="ne-lnk114" from="ne-n70" to="penn-n347"/>
  <edge xml:id="ne-lnk113" from="ne-n70" to="penn-n346"/>
  <edge xml:id="ne-lnk29" from="ne-n9" to="penn-n101"/>
  <edge xml:id="ne-lnk112" from="ne-n70" to="penn-n345"/>
  <edge xml:id="ne-lnk28" from="ne-n9" to="penn-n100"/>
  <edge xml:id="ne-lnk111" from="ne-n69" to="penn-n344"/>
  <edge xml:id="ne-lnk27" from="ne-n9" to="penn-n99"/>
  <edge xml:id="ne-lnk110" from="ne-n69" to="penn-n343"/>
  <edge xml:id="ne-lnk26" from="ne-n8" to="penn-n97"/>
  <edge xml:id="ne-lnk25" from="ne-n7" to="penn-n93"/>
  <edge xml:id="ne-lnk24" from="ne-n7" to="penn-n92"/>
  <edge xml:id="ne-lnk23" from="ne-n7" to="penn-n91"/>
  <edge xml:id="ne-lnk22" from="ne-n6" to="penn-n70"/>
  <edge xml:id="ne-lnk21" from="ne-n6" to="penn-n69"/>
  <edge xml:id="ne-lnk20" from="ne-n5" to="penn-n67"/>
  <edge xml:id="ne-lnk109" from="ne-n68" to="penn-n342"/>
  <edge xml:id="ne-lnk108" from="ne-n67" to="penn-n340"/>
  <edge xml:id="ne-lnk107" from="ne-n66" to="penn-n331"/>
  <edge xml:id="ne-lnk106" from="ne-n65" to="penn-n330"/>
  <edge xml:id="ne-lnk105" from="ne-n64" to="penn-n321"/>
  <edge xml:id="ne-lnk104" from="ne-n63" to="penn-n319"/>
  <edge xml:id="ne-lnk103" from="ne-n62" to="penn-n317"/>
  <edge xml:id="ne-lnk19" from="ne-n5" to="penn-n66"/>
  <edge xml:id="ne-lnk102" from="ne-n62" to="penn-n316"/>
  <edge xml:id="ne-lnk18" from="ne-n5" to="penn-n65"/>
  <edge xml:id="ne-lnk101" from="ne-n61" to="penn-n302"/>
  <edge xml:id="ne-lnk17" from="ne-n4" to="penn-n57"/>
  <edge xml:id="ne-lnk100" from="ne-n60" to="penn-n289"/>
  <edge xml:id="ne-lnk16" from="ne-n4" to="penn-n56"/>
  <edge xml:id="ne-lnk15" from="ne-n3" to="penn-n53"/>
  <edge xml:id="ne-lnk14" from="ne-n3" to="penn-n52"/>
  <edge xml:id="ne-lnk13" from="ne-n3" to="penn-n51"/>
  <edge xml:id="ne-lnk12" from="ne-n2" to="penn-n26"/>
  <edge xml:id="ne-lnk11" from="ne-n1" to="penn-n23"/>
  <edge xml:id="ne-lnk10" from="ne-n0" to="penn-n12"/>
  <edge xml:id="ne-lnk9" from="ne-n0" to="penn-n11"/>
  <edge xml:id="ne-lnk8" from="ne-n0" to="penn-n10"/>
  <edge xml:id="ne-lnk7" from="ne-n0" to="penn-n9"/>
  <edge xml:id="ne-lnk6" from="ne-n0" to="penn-n8"/>
  <edge xml:id="ne-lnk5" from="ne-n0" to="penn-n7"/>
  <edge xml:id="ne-lnk199" from="ne-n131" to="penn-n718"/>
  <edge xml:id="ne-lnk4" from="ne-n0" to="penn-n6"/>
  <edge xml:id="ne-lnk198" from="ne-n131" to="penn-n717"/>
  <edge xml:id="ne-lnk3" from="ne-n0" to="penn-n5"/>
  <edge xml:id="ne-lnk197" from="ne-n130" to="penn-n716"/>
  <edge xml:id="ne-lnk2" from="ne-n0" to="penn-n4"/>
  <edge xml:id="ne-lnk196" from="ne-n129" to="penn-n714"/>
  <edge xml:id="ne-lnk1" from="ne-n0" to="penn-n3"/>
  <edge xml:id="ne-lnk195" from="ne-n128" to="penn-n709"/>
  <edge xml:id="ne-lnk0" from="ne-n0" to="penn-n2"/>
  <edge xml:id="ne-lnk194" from="ne-n128" to="penn-n708"/>
  <edge xml:id="ne-lnk193" from="ne-n127" to="penn-n700"/>
  <edge xml:id="ne-lnk192" from="ne-n126" to="penn-n681"/>
  <edge xml:id="ne-lnk191" from="ne-n125" to="penn-n663"/>
  <edge xml:id="ne-lnk190" from="ne-n124" to="penn-n657"/>
  <edge xml:id="ne-lnk189" from="ne-n123" to="penn-n621"/>
  <edge xml:id="ne-lnk188" from="ne-n122" to="penn-n620"/>
  <edge xml:id="ne-lnk187" from="ne-n121" to="penn-n624"/>
  <edge xml:id="ne-lnk186" from="ne-n121" to="penn-n623"/>
  <edge xml:id="ne-lnk185" from="ne-n121" to="penn-n622"/>
  <edge xml:id="ne-lnk184" from="ne-n121" to="penn-n621"/>
  <edge xml:id="ne-lnk183" from="ne-n121" to="penn-n620"/>
  <edge xml:id="ne-lnk99" from="ne-n60" to="penn-n288"/>
  <edge xml:id="ne-lnk182" from="ne-n120" to="penn-n587"/>
  <edge xml:id="ne-lnk98" from="ne-n59" to="penn-n271"/>
  <edge xml:id="ne-lnk181" from="ne-n119" to="penn-n582"/>
  <edge xml:id="ne-lnk97" from="ne-n58" to="penn-n265"/>
  <edge xml:id="ne-lnk180" from="ne-n118" to="penn-n575"/>
  <edge xml:id="ne-lnk96" from="ne-n57" to="penn-n253"/>
  <edge xml:id="ne-lnk95" from="ne-n56" to="penn-n251"/>
  <edge xml:id="ne-lnk94" from="ne-n55" to="penn-n243"/>
  <edge xml:id="ne-lnk93" from="ne-n54" to="penn-n241"/>
  <edge xml:id="ne-lnk92" from="ne-n53" to="penn-n236"/>
  <edge xml:id="ne-lnk91" from="ne-n52" to="penn-n232"/>
  <edge xml:id="ne-lnk90" from="ne-n52" to="penn-n231"/>
  <edge xml:id="ne-lnk179" from="ne-n117" to="penn-n572"/>
  <edge xml:id="ne-lnk178" from="ne-n116" to="penn-n559"/>
  <edge xml:id="ne-lnk177" from="ne-n115" to="penn-n546"/>
  <edge xml:id="ne-lnk176" from="ne-n114" to="penn-n520"/>
  <edge xml:id="ne-lnk175" from="ne-n114" to="penn-n519"/>
  <edge xml:id="ne-lnk174" from="ne-n113" to="penn-n515"/>
  <edge xml:id="ne-lnk173" from="ne-n113" to="penn-n514"/>
  <edge xml:id="ne-lnk89" from="ne-n51" to="penn-n230"/>
  <edge xml:id="ne-lnk172" from="ne-n112" to="penn-n497"/>
  <edge xml:id="ne-lnk88" from="ne-n50" to="penn-n227"/>
  <edge xml:id="ne-lnk171" from="ne-n112" to="penn-n496"/>
  <edge xml:id="ne-lnk87" from="ne-n50" to="penn-n226"/>
  <edge xml:id="ne-lnk170" from="ne-n111" to="penn-n482"/>
  <edge xml:id="ne-lnk86" from="ne-n49" to="penn-n224"/>
  <edge xml:id="ne-lnk85" from="ne-n48" to="penn-n221"/>
  <edge xml:id="ne-lnk84" from="ne-n47" to="penn-n219"/>
  <edge xml:id="ne-lnk83" from="ne-n46" to="penn-n200"/>
  <edge xml:id="ne-lnk82" from="ne-n46" to="penn-n199"/>
  <edge xml:id="ne-lnk81" from="ne-n46" to="penn-n198"/>
  <edge xml:id="ne-lnk80" from="ne-n46" to="penn-n197"/>
  <edge xml:id="ne-lnk206" from="ne-n137" to="penn-n824"/>
  <edge xml:id="ne-lnk205" from="ne-n136" to="penn-n806"/>
  <edge xml:id="ne-lnk204" from="ne-n135" to="penn-n791"/>
  <edge xml:id="ne-lnk203" from="ne-n135" to="penn-n790"/>
  <edge xml:id="ne-lnk202" from="ne-n134" to="penn-n788"/>
  <edge xml:id="ne-lnk201" from="ne-n133" to="penn-n786"/>
  <edge xml:id="ne-lnk200" from="ne-n132" to="penn-n726"/>
  <edge xml:id="ne-lnk169" from="ne-n111" to="penn-n481"/>
  <edge xml:id="ne-lnk168" from="ne-n110" to="penn-n479"/>
  <edge xml:id="ne-lnk167" from="ne-n109" to="penn-n472"/>
  <edge xml:id="ne-lnk166" from="ne-n108" to="penn-n470"/>
  <edge xml:id="ne-lnk165" from="ne-n107" to="penn-n452"/>
  <edge xml:id="ne-lnk164" from="ne-n106" to="penn-n447"/>
  <edge xml:id="ne-lnk163" from="ne-n106" to="penn-n446"/>
  <edge xml:id="ne-lnk79" from="ne-n45" to="penn-n194"/>
  <edge xml:id="ne-lnk162" from="ne-n105" to="penn-n441"/>
  <edge xml:id="ne-lnk78" from="ne-n45" to="penn-n193"/>
  <edge xml:id="ne-lnk161" from="ne-n104" to="penn-n440"/>
  <edge xml:id="ne-lnk77" from="ne-n44" to="penn-n179"/>
  <edge xml:id="ne-lnk160" from="ne-n103" to="penn-n444"/>
  <edge xml:id="ne-lnk76" from="ne-n43" to="penn-n176"/>
  <edge xml:id="ne-lnk75" from="ne-n42" to="penn-n173"/>
  <edge xml:id="ne-lnk74" from="ne-n41" to="penn-n168"/>
  <edge xml:id="ne-lnk73" from="ne-n40" to="penn-n166"/>
  <edge xml:id="ne-lnk72" from="ne-n39" to="penn-n162"/>
  <edge xml:id="ne-lnk71" from="ne-n39" to="penn-n161"/>
  <edge xml:id="ne-lnk70" from="ne-n38" to="penn-n159"/>
  <edge xml:id="ne-lnk159" from="ne-n103" to="penn-n443"/>
  <edge xml:id="ne-lnk158" from="ne-n103" to="penn-n442"/>
  <edge xml:id="ne-lnk157" from="ne-n103" to="penn-n441"/>
  <edge xml:id="ne-lnk156" from="ne-n103" to="penn-n440"/>
  <edge xml:id="ne-lnk155" from="ne-n102" to="penn-n434"/>
  <edge xml:id="ne-lnk154" from="ne-n101" to="penn-n416"/>
  <edge xml:id="ne-lnk153" from="ne-n100" to="penn-n413"/>
  <edge xml:id="ne-lnk69" from="ne-n37" to="penn-n157"/>
  <edge xml:id="ne-lnk152" from="ne-n99" to="penn-n410"/>
  <edge xml:id="ne-lnk68" from="ne-n37" to="penn-n156"/>
  <edge xml:id="ne-lnk151" from="ne-n98" to="penn-n406"/>
  <edge xml:id="ne-lnk67" from="ne-n36" to="penn-n153"/>
  <edge xml:id="ne-lnk150" from="ne-n97" to="penn-n402"/>
  <edge xml:id="ne-lnk66" from="ne-n36" to="penn-n152"/>
  <edge xml:id="ne-lnk65" from="ne-n36" to="penn-n151"/>
  <edge xml:id="ne-lnk64" from="ne-n35" to="penn-n149"/>
  <edge xml:id="ne-lnk63" from="ne-n34" to="penn-n149"/>
  <edge xml:id="ne-lnk62" from="ne-n33" to="penn-n147"/>
  <edge xml:id="ne-lnk61" from="ne-n32" to="penn-n147"/>
  <edge xml:id="ne-lnk60" from="ne-n31" to="penn-n145"/>
  <edge xml:id="ne-lnk149" from="ne-n97" to="penn-n401"/>
  <edge xml:id="ne-lnk148" from="ne-n96" to="penn-n397"/>
  <edge xml:id="ne-lnk147" from="ne-n95" to="penn-n395"/>
  <edge xml:id="ne-lnk146" from="ne-n94" to="penn-n391"/>
  <edge xml:id="ne-lnk145" from="ne-n94" to="penn-n390"/>
  <edge xml:id="ne-lnk144" from="ne-n93" to="penn-n388"/>
  <edge xml:id="ne-lnk143" from="ne-n92" to="penn-n386"/>
  <edge xml:id="ne-lnk59" from="ne-n31" to="penn-n144"/>
  <edge xml:id="ne-lnk58" from="ne-n30" to="penn-n142"/>
  <edge xml:id="ne-lnk142" from="ne-n91" to="penn-n382"/>
  <edge xml:id="ne-lnk57" from="ne-n29" to="penn-n142"/>
  <edge xml:id="ne-lnk141" from="ne-n91" to="penn-n381"/>
  <edge xml:id="ne-lnk56" from="ne-n28" to="penn-n140"/>
  <edge xml:id="ne-lnk140" from="ne-n91" to="penn-n380"/>
  <edge xml:id="ne-lnk55" from="ne-n27" to="penn-n140"/>
  <edge xml:id="ne-lnk54" from="ne-n26" to="penn-n138"/>
  <edge xml:id="ne-lnk53" from="ne-n26" to="penn-n137"/>
  <edge xml:id="ne-lnk52" from="ne-n25" to="penn-n135"/>
  <edge xml:id="ne-lnk51" from="ne-n24" to="penn-n135"/>
  <edge xml:id="ne-lnk50" from="ne-n23" to="penn-n133"/>
  <edge xml:id="ne-lnk139" from="ne-n90" to="penn-n378"/>
  <edge xml:id="ne-lnk138" from="ne-n89" to="penn-n378"/>
  <edge xml:id="ne-lnk137" from="ne-n88" to="penn-n376"/>
  <edge xml:id="ne-lnk136" from="ne-n87" to="penn-n376"/>
  <edge xml:id="ne-lnk135" from="ne-n86" to="penn-n374"/>
  <edge xml:id="ne-lnk134" from="ne-n86" to="penn-n373"/>
  <edge xml:id="ne-lnk49" from="ne-n22" to="penn-n133"/>
  <edge xml:id="ne-lnk133" from="ne-n85" to="penn-n371"/>
  <edge xml:id="ne-lnk48" from="ne-n21" to="penn-n131"/>
  <edge xml:id="ne-lnk132" from="ne-n84" to="penn-n371"/>
  <edge xml:id="ne-lnk47" from="ne-n21" to="penn-n130"/>
  <edge xml:id="ne-lnk131" from="ne-n83" to="penn-n369"/>
</graph>
