<?xml version="1.0" encoding="UTF-8"?><graph xmlns="http://www.xces.org/ns/GrAF/1.0/" xmlns:graf="http://www.xces.org/ns/GrAF/1.0/">
    <graphHeader>
        <labelsDecl>
        </labelsDecl>
    </graphHeader>
    <region xml:id="seg-r0" anchors="4 8"/>
    <region xml:id="seg-r1" anchors="8 9"/>
    <region xml:id="seg-r3" anchors="10 13"/>
    <region xml:id="seg-r4" anchors="13 14"/>
    <region xml:id="seg-r6" anchors="15 16"/>
    <region xml:id="seg-r8" anchors="17 20"/>
    <region xml:id="seg-r10" anchors="21 25"/>
    <region xml:id="seg-r12" anchors="26 34"/>
    <region xml:id="seg-r14" anchors="35 36"/>
    <region xml:id="seg-r15" anchors="36 40"/>
    <region xml:id="seg-r17" anchors="41 42"/>
    <region xml:id="seg-r18" anchors="42 45"/>
    <region xml:id="seg-r19" anchors="45 46"/>
    <region xml:id="seg-r21" anchors="47 51"/>
    <region xml:id="seg-r22" anchors="51 52"/>
    <region xml:id="seg-r24" anchors="53 74"/>
    <region xml:id="seg-r26" anchors="75 77"/>
    <region xml:id="seg-r27" anchors="77 78"/>
    <region xml:id="seg-r29" anchors="79 104"/>
    <region xml:id="seg-r30" anchors="104 105"/>
    <region xml:id="seg-r32" anchors="106 127"/>
    <region xml:id="seg-r34" anchors="128 135"/>
    <region xml:id="seg-r35" anchors="135 136"/>
    <region xml:id="seg-r37" anchors="137 146"/>
    <region xml:id="seg-r39" anchors="147 152"/>
    <region xml:id="seg-r41" anchors="153 160"/>
    <region xml:id="seg-r43" anchors="161 166"/>
    <region xml:id="seg-r44" anchors="166 173"/>
    <region xml:id="seg-r45" anchors="173 174"/>
    <region xml:id="seg-r47" anchors="175 178"/>
    <region xml:id="seg-r49" anchors="179 187"/>
    <region xml:id="seg-r50" anchors="187 191"/>
    <region xml:id="seg-r51" anchors="191 192"/>
    <region xml:id="seg-r53" anchors="193 197"/>
    <region xml:id="seg-r54" anchors="197 198"/>
    <region xml:id="seg-r55" anchors="198 203"/>
    <region xml:id="seg-r56" anchors="203 204"/>
    <region xml:id="seg-r58" anchors="205 212"/>
    <region xml:id="seg-r59" anchors="212 213"/>
    <region xml:id="seg-r60" anchors="213 221"/>
    <region xml:id="seg-r62" anchors="222 230"/>
    <region xml:id="seg-r63" anchors="230 239"/>
    <region xml:id="seg-r64" anchors="239 247"/>
    <region xml:id="seg-r65" anchors="247 248"/>
    <region xml:id="seg-r67" anchors="249 250"/>
    <region xml:id="seg-r68" anchors="250 253"/>
    <region xml:id="seg-r70" anchors="254 260"/>
    <region xml:id="seg-r71" anchors="260 261"/>
    <region xml:id="seg-r73" anchors="262 268"/>
    <region xml:id="seg-r75" anchors="269 270"/>
    <region xml:id="seg-r77" anchors="271 275"/>
    <region xml:id="seg-r79" anchors="276 280"/>
    <region xml:id="seg-r80" anchors="280 281"/>
    <region xml:id="seg-r82" anchors="282 289"/>
    <region xml:id="seg-r84" anchors="290 297"/>
    <region xml:id="seg-r85" anchors="297 298"/>
    <region xml:id="seg-r87" anchors="299 304"/>
    <region xml:id="seg-r89" anchors="305 310"/>
    <region xml:id="seg-r91" anchors="311 315"/>
    <region xml:id="seg-r92" anchors="315 316"/>
    <region xml:id="seg-r94" anchors="318 323"/>
    <region xml:id="seg-r95" anchors="323 324"/>
    <region xml:id="seg-r97" anchors="326 334"/>
    <region xml:id="seg-r98" anchors="334 335"/>
    <region xml:id="seg-r100" anchors="336 337"/>
    <region xml:id="seg-r101" anchors="337 343"/>
    <region xml:id="seg-r102" anchors="343 344"/>
    <region xml:id="seg-r103" anchors="344 348"/>
    <region xml:id="seg-r104" anchors="348 349"/>
    <region xml:id="seg-r105" anchors="349 352"/>
    <region xml:id="seg-r106" anchors="352 356"/>
    <region xml:id="seg-r107" anchors="356 357"/>
    <region xml:id="seg-r108" anchors="357 358"/>
    <region xml:id="seg-r109" anchors="358 359"/>
    <region xml:id="seg-r110" anchors="359 364"/>
    <region xml:id="seg-r112" anchors="365 372"/>
    <region xml:id="seg-r113" anchors="372 373"/>
    <region xml:id="seg-r114" anchors="373 376"/>
    <region xml:id="seg-r116" anchors="377 386"/>
    <region xml:id="seg-r118" anchors="387 395"/>
    <region xml:id="seg-r119" anchors="395 396"/>
    <region xml:id="seg-r121" anchors="397 403"/>
    <region xml:id="seg-r123" anchors="404 414"/>
    <region xml:id="seg-r124" anchors="414 415"/>
    <region xml:id="seg-r126" anchors="416 421"/>
    <region xml:id="seg-r127" anchors="421 422"/>
    <region xml:id="seg-r128" anchors="422 425"/>
    <region xml:id="seg-r130" anchors="428 450"/>
    <region xml:id="seg-r132" anchors="451 460"/>
    <region xml:id="seg-r134" anchors="461 463"/>
    <region xml:id="seg-r136" anchors="464 470"/>
    <region xml:id="seg-r138" anchors="471 472"/>
    <region xml:id="seg-r140" anchors="473 477"/>
    <region xml:id="seg-r141" anchors="477 478"/>
    <region xml:id="seg-r142" anchors="478 481"/>
    <region xml:id="seg-r143" anchors="481 482"/>
    <region xml:id="seg-r144" anchors="482 485"/>
    <region xml:id="seg-r146" anchors="486 488"/>
    <region xml:id="seg-r148" anchors="489 499"/>
    <region xml:id="seg-r150" anchors="500 505"/>
    <region xml:id="seg-r152" anchors="507 509"/>
    <region xml:id="seg-r154" anchors="510 537"/>
    <region xml:id="seg-r156" anchors="539 545"/>
    <region xml:id="seg-r158" anchors="546 550"/>
    <region xml:id="seg-r159" anchors="550 551"/>
    <region xml:id="seg-r160" anchors="551 556"/>
    <region xml:id="seg-r162" anchors="557 567"/>
    <region xml:id="seg-r164" anchors="568 573"/>
    <region xml:id="seg-r166" anchors="574 576"/>
    <region xml:id="seg-r168" anchors="579 581"/>
    <region xml:id="seg-r169" anchors="581 582"/>
    <region xml:id="seg-r171" anchors="583 589"/>
    <region xml:id="seg-r173" anchors="590 591"/>
    <region xml:id="seg-r175" anchors="592 596"/>
    <region xml:id="seg-r176" anchors="596 597"/>
    <region xml:id="seg-r177" anchors="597 600"/>
    <region xml:id="seg-r178" anchors="600 601"/>
    <region xml:id="seg-r179" anchors="601 604"/>
    <region xml:id="seg-r180" anchors="604 605"/>
    <region xml:id="seg-r181" anchors="605 608"/>
    <region xml:id="seg-r182" anchors="608 609"/>
    <region xml:id="seg-r184" anchors="610 614"/>
    <region xml:id="seg-r186" anchors="615 621"/>
    <region xml:id="seg-r187" anchors="621 622"/>
    <region xml:id="seg-r188" anchors="622 626"/>
    <region xml:id="seg-r189" anchors="626 627"/>
    <region xml:id="seg-r190" anchors="627 632"/>
    <region xml:id="seg-r191" anchors="632 633"/>
    <region xml:id="seg-r192" anchors="633 638"/>
    <region xml:id="seg-r194" anchors="639 641"/>
    <region xml:id="seg-r195" anchors="641 642"/>
    <region xml:id="seg-r197" anchors="645 652"/>
    <region xml:id="seg-r198" anchors="652 653"/>
    <region xml:id="seg-r200" anchors="654 663"/>
    <region xml:id="seg-r202" anchors="664 669"/>
    <region xml:id="seg-r204" anchors="670 677"/>
    <region xml:id="seg-r206" anchors="679 684"/>
    <region xml:id="seg-r207" anchors="684 685"/>
    <region xml:id="seg-r209" anchors="686 690"/>
    <region xml:id="seg-r211" anchors="691 692"/>
    <region xml:id="seg-r213" anchors="694 698"/>
    <region xml:id="seg-r214" anchors="698 700"/>
    <region xml:id="seg-r216" anchors="701 704"/>
    <region xml:id="seg-r218" anchors="705 709"/>
    <region xml:id="seg-r220" anchors="710 712"/>
    <region xml:id="seg-r222" anchors="713 716"/>
    <region xml:id="seg-r224" anchors="717 723"/>
    <region xml:id="seg-r226" anchors="724 731"/>
    <region xml:id="seg-r228" anchors="732 734"/>
    <region xml:id="seg-r230" anchors="735 738"/>
    <region xml:id="seg-r232" anchors="739 744"/>
    <region xml:id="seg-r234" anchors="745 748"/>
    <region xml:id="seg-r235" anchors="748 751"/>
    <region xml:id="seg-r237" anchors="752 762"/>
    <region xml:id="seg-r238" anchors="762 765"/>
    <region xml:id="seg-r239" anchors="765 768"/>
    <region xml:id="seg-r240" anchors="768 771"/>
    <region xml:id="seg-r242" anchors="773 775"/>
    <region xml:id="seg-r244" anchors="776 783"/>
    <region xml:id="seg-r246" anchors="784 791"/>
    <region xml:id="seg-r248" anchors="792 797"/>
    <region xml:id="seg-r250" anchors="798 800"/>
    <region xml:id="seg-r252" anchors="801 804"/>
    <region xml:id="seg-r254" anchors="805 808"/>
    <region xml:id="seg-r256" anchors="809 812"/>
    <region xml:id="seg-r258" anchors="813 824"/>
    <region xml:id="seg-r260" anchors="825 829"/>
    <region xml:id="seg-r262" anchors="830 833"/>
    <region xml:id="seg-r264" anchors="834 840"/>
    <region xml:id="seg-r265" anchors="840 841"/>
    <region xml:id="seg-r267" anchors="843 845"/>
    <region xml:id="seg-r269" anchors="847 855"/>
    <region xml:id="seg-r271" anchors="856 858"/>
    <region xml:id="seg-r273" anchors="859 862"/>
    <region xml:id="seg-r275" anchors="863 872"/>
    <region xml:id="seg-r277" anchors="873 878"/>
    <region xml:id="seg-r279" anchors="879 886"/>
    <region xml:id="seg-r280" anchors="886 887"/>
    <region xml:id="seg-r282" anchors="888 893"/>
    <region xml:id="seg-r284" anchors="894 896"/>
    <region xml:id="seg-r286" anchors="897 899"/>
    <region xml:id="seg-r288" anchors="900 913"/>
    <region xml:id="seg-r290" anchors="914 921"/>
    <region xml:id="seg-r292" anchors="923 932"/>
    <region xml:id="seg-r294" anchors="933 935"/>
    <region xml:id="seg-r296" anchors="936 941"/>
    <region xml:id="seg-r297" anchors="941 943"/>
    <region xml:id="seg-r299" anchors="944 952"/>
    <region xml:id="seg-r301" anchors="953 958"/>
    <region xml:id="seg-r303" anchors="959 961"/>
    <region xml:id="seg-r305" anchors="962 966"/>
    <region xml:id="seg-r307" anchors="967 971"/>
    <region xml:id="seg-r308" anchors="971 972"/>
    <region xml:id="seg-r310" anchors="973 975"/>
    <region xml:id="seg-r311" anchors="975 976"/>
    <region xml:id="seg-r313" anchors="977 980"/>
    <region xml:id="seg-r315" anchors="981 984"/>
    <region xml:id="seg-r317" anchors="985 988"/>
    <region xml:id="seg-r319" anchors="989 996"/>
    <region xml:id="seg-r321" anchors="998 1011"/>
    <region xml:id="seg-r323" anchors="1012 1019"/>
    <region xml:id="seg-r325" anchors="1020 1022"/>
    <region xml:id="seg-r327" anchors="1023 1028"/>
    <region xml:id="seg-r329" anchors="1029 1035"/>
    <region xml:id="seg-r331" anchors="1036 1042"/>
    <region xml:id="seg-r333" anchors="1043 1045"/>
    <region xml:id="seg-r335" anchors="1046 1051"/>
    <region xml:id="seg-r336" anchors="1051 1054"/>
    <region xml:id="seg-r338" anchors="1056 1124"/>
</graph>
