<?xml version="1.0" encoding="UTF-8"?><graph xmlns="http://www.xces.org/ns/GrAF/1.0/" xmlns:graf="http://www.xces.org/ns/GrAF/1.0/">
    <graphHeader>
        <labelsDecl>
            <labelUsage label="nchunk" occurs="58"/>
        </labelsDecl>
        <dependencies>
            <dependsOn f.id="f.penn"/>
        </dependencies>
        <annotationSpaces>
            <annotationSpace as.id="anc"/>
        </annotationSpaces>
    </graphHeader>
    <node xml:id="nc-n0"/>
    <a xml:id="nc-N65567" label="nchunk" ref="nc-n0" as="anc"/>
    <node xml:id="nc-n1"/>
    <a xml:id="nc-N65583" label="nchunk" ref="nc-n1" as="anc"/>
    <node xml:id="nc-n10"/>
    <a xml:id="nc-N65599" label="nchunk" ref="nc-n10" as="anc"/>
    <node xml:id="nc-n11"/>
    <a xml:id="nc-N65615" label="nchunk" ref="nc-n11" as="anc"/>
    <node xml:id="nc-n12"/>
    <a xml:id="nc-N65631" label="nchunk" ref="nc-n12" as="anc"/>
    <node xml:id="nc-n13"/>
    <a xml:id="nc-N65647" label="nchunk" ref="nc-n13" as="anc"/>
    <node xml:id="nc-n14"/>
    <a xml:id="nc-N65663" label="nchunk" ref="nc-n14" as="anc"/>
    <node xml:id="nc-n15"/>
    <a xml:id="nc-N65679" label="nchunk" ref="nc-n15" as="anc"/>
    <node xml:id="nc-n16"/>
    <a xml:id="nc-N65695" label="nchunk" ref="nc-n16" as="anc"/>
    <node xml:id="nc-n17"/>
    <a xml:id="nc-N65711" label="nchunk" ref="nc-n17" as="anc"/>
    <node xml:id="nc-n18"/>
    <a xml:id="nc-N65727" label="nchunk" ref="nc-n18" as="anc"/>
    <node xml:id="nc-n19"/>
    <a xml:id="nc-N65743" label="nchunk" ref="nc-n19" as="anc"/>
    <node xml:id="nc-n2"/>
    <a xml:id="nc-N65759" label="nchunk" ref="nc-n2" as="anc"/>
    <node xml:id="nc-n20"/>
    <a xml:id="nc-N65779" label="nchunk" ref="nc-n20" as="anc"/>
    <node xml:id="nc-n21"/>
    <a xml:id="nc-N65795" label="nchunk" ref="nc-n21" as="anc"/>
    <node xml:id="nc-n22"/>
    <a xml:id="nc-N65811" label="nchunk" ref="nc-n22" as="anc"/>
    <node xml:id="nc-n23"/>
    <a xml:id="nc-N65827" label="nchunk" ref="nc-n23" as="anc"/>
    <node xml:id="nc-n24"/>
    <a xml:id="nc-N65843" label="nchunk" ref="nc-n24" as="anc"/>
    <node xml:id="nc-n25"/>
    <a xml:id="nc-N65859" label="nchunk" ref="nc-n25" as="anc"/>
    <node xml:id="nc-n26"/>
    <a xml:id="nc-N65875" label="nchunk" ref="nc-n26" as="anc"/>
    <node xml:id="nc-n27"/>
    <a xml:id="nc-N65891" label="nchunk" ref="nc-n27" as="anc"/>
    <node xml:id="nc-n28"/>
    <a xml:id="nc-N65907" label="nchunk" ref="nc-n28" as="anc"/>
    <node xml:id="nc-n29"/>
    <a xml:id="nc-N65923" label="nchunk" ref="nc-n29" as="anc"/>
    <node xml:id="nc-n3"/>
    <a xml:id="nc-N65939" label="nchunk" ref="nc-n3" as="anc"/>
    <node xml:id="nc-n30"/>
    <a xml:id="nc-N65959" label="nchunk" ref="nc-n30" as="anc"/>
    <node xml:id="nc-n31"/>
    <a xml:id="nc-N65975" label="nchunk" ref="nc-n31" as="anc"/>
    <node xml:id="nc-n32"/>
    <a xml:id="nc-N65991" label="nchunk" ref="nc-n32" as="anc"/>
    <node xml:id="nc-n33"/>
    <a xml:id="nc-N66007" label="nchunk" ref="nc-n33" as="anc"/>
    <node xml:id="nc-n34"/>
    <a xml:id="nc-N66023" label="nchunk" ref="nc-n34" as="anc"/>
    <node xml:id="nc-n35"/>
    <a xml:id="nc-N66039" label="nchunk" ref="nc-n35" as="anc"/>
    <node xml:id="nc-n36"/>
    <a xml:id="nc-N66055" label="nchunk" ref="nc-n36" as="anc"/>
    <node xml:id="nc-n37"/>
    <a xml:id="nc-N66071" label="nchunk" ref="nc-n37" as="anc"/>
    <node xml:id="nc-n38"/>
    <a xml:id="nc-N66087" label="nchunk" ref="nc-n38" as="anc"/>
    <node xml:id="nc-n39"/>
    <a xml:id="nc-N66103" label="nchunk" ref="nc-n39" as="anc"/>
    <node xml:id="nc-n4"/>
    <a xml:id="nc-N66119" label="nchunk" ref="nc-n4" as="anc"/>
    <node xml:id="nc-n40"/>
    <a xml:id="nc-N66139" label="nchunk" ref="nc-n40" as="anc"/>
    <node xml:id="nc-n41"/>
    <a xml:id="nc-N66155" label="nchunk" ref="nc-n41" as="anc"/>
    <node xml:id="nc-n42"/>
    <a xml:id="nc-N66171" label="nchunk" ref="nc-n42" as="anc"/>
    <node xml:id="nc-n43"/>
    <a xml:id="nc-N66187" label="nchunk" ref="nc-n43" as="anc"/>
    <node xml:id="nc-n44"/>
    <a xml:id="nc-N66203" label="nchunk" ref="nc-n44" as="anc"/>
    <node xml:id="nc-n45"/>
    <a xml:id="nc-N66219" label="nchunk" ref="nc-n45" as="anc"/>
    <node xml:id="nc-n46"/>
    <a xml:id="nc-N66235" label="nchunk" ref="nc-n46" as="anc"/>
    <node xml:id="nc-n47"/>
    <a xml:id="nc-N66251" label="nchunk" ref="nc-n47" as="anc"/>
    <node xml:id="nc-n48"/>
    <a xml:id="nc-N66267" label="nchunk" ref="nc-n48" as="anc"/>
    <node xml:id="nc-n49"/>
    <a xml:id="nc-N66283" label="nchunk" ref="nc-n49" as="anc"/>
    <node xml:id="nc-n5"/>
    <a xml:id="nc-N66299" label="nchunk" ref="nc-n5" as="anc"/>
    <node xml:id="nc-n50"/>
    <a xml:id="nc-N66315" label="nchunk" ref="nc-n50" as="anc"/>
    <node xml:id="nc-n51"/>
    <a xml:id="nc-N66331" label="nchunk" ref="nc-n51" as="anc"/>
    <node xml:id="nc-n52"/>
    <a xml:id="nc-N66347" label="nchunk" ref="nc-n52" as="anc"/>
    <node xml:id="nc-n53"/>
    <a xml:id="nc-N66363" label="nchunk" ref="nc-n53" as="anc"/>
    <node xml:id="nc-n54"/>
    <a xml:id="nc-N66379" label="nchunk" ref="nc-n54" as="anc"/>
    <node xml:id="nc-n55"/>
    <a xml:id="nc-N66395" label="nchunk" ref="nc-n55" as="anc"/>
    <node xml:id="nc-n56"/>
    <a xml:id="nc-N66411" label="nchunk" ref="nc-n56" as="anc"/>
    <node xml:id="nc-n57"/>
    <a xml:id="nc-N66427" label="nchunk" ref="nc-n57" as="anc"/>
    <node xml:id="nc-n6"/>
    <a xml:id="nc-N66447" label="nchunk" ref="nc-n6" as="anc"/>
    <node xml:id="nc-n7"/>
    <a xml:id="nc-N66463" label="nchunk" ref="nc-n7" as="anc"/>
    <node xml:id="nc-n8"/>
    <a xml:id="nc-N66479" label="nchunk" ref="nc-n8" as="anc"/>
    <node xml:id="nc-n9"/>
    <a xml:id="nc-N66495" label="nchunk" ref="nc-n9" as="anc"/>
    <edge xml:id="nc-lnk49" from="nc-n22" to="penn-n66"/>
    <edge xml:id="nc-lnk48" from="nc-n22" to="penn-n65"/>
    <edge xml:id="nc-lnk47" from="nc-n22" to="penn-n64"/>
    <edge xml:id="nc-lnk46" from="nc-n21" to="penn-n62"/>
    <edge xml:id="nc-lnk45" from="nc-n20" to="penn-n60"/>
    <edge xml:id="nc-lnk44" from="nc-n19" to="penn-n58"/>
    <edge xml:id="nc-lnk43" from="nc-n18" to="penn-n57"/>
    <edge xml:id="nc-lnk42" from="nc-n18" to="penn-n56"/>
    <edge xml:id="nc-lnk41" from="nc-n17" to="penn-n54"/>
    <edge xml:id="nc-lnk40" from="nc-n17" to="penn-n53"/>
    <edge xml:id="nc-lnk39" from="nc-n16" to="penn-n51"/>
    <edge xml:id="nc-lnk38" from="nc-n15" to="penn-n50"/>
    <edge xml:id="nc-lnk37" from="nc-n15" to="penn-n49"/>
    <edge xml:id="nc-lnk36" from="nc-n15" to="penn-n48"/>
    <edge xml:id="nc-lnk35" from="nc-n14" to="penn-n46"/>
    <edge xml:id="nc-lnk34" from="nc-n13" to="penn-n45"/>
    <edge xml:id="nc-lnk33" from="nc-n13" to="penn-n44"/>
    <edge xml:id="nc-lnk32" from="nc-n12" to="penn-n42"/>
    <edge xml:id="nc-lnk31" from="nc-n12" to="penn-n41"/>
    <edge xml:id="nc-lnk30" from="nc-n12" to="penn-n40"/>
    <edge xml:id="nc-lnk29" from="nc-n11" to="penn-n39"/>
    <edge xml:id="nc-lnk28" from="nc-n11" to="penn-n38"/>
    <edge xml:id="nc-lnk27" from="nc-n11" to="penn-n37"/>
    <edge xml:id="nc-lnk26" from="nc-n10" to="penn-n35"/>
    <edge xml:id="nc-lnk25" from="nc-n10" to="penn-n34"/>
    <edge xml:id="nc-lnk24" from="nc-n10" to="penn-n33"/>
    <edge xml:id="nc-lnk23" from="nc-n9" to="penn-n31"/>
    <edge xml:id="nc-lnk22" from="nc-n9" to="penn-n30"/>
    <edge xml:id="nc-lnk21" from="nc-n8" to="penn-n29"/>
    <edge xml:id="nc-lnk20" from="nc-n7" to="penn-n27"/>
    <edge xml:id="nc-lnk150" from="nc-n57" to="penn-n208"/>
    <edge xml:id="nc-lnk19" from="nc-n7" to="penn-n26"/>
    <edge xml:id="nc-lnk18" from="nc-n6" to="penn-n25"/>
    <edge xml:id="nc-lnk17" from="nc-n6" to="penn-n24"/>
    <edge xml:id="nc-lnk16" from="nc-n6" to="penn-n23"/>
    <edge xml:id="nc-lnk15" from="nc-n5" to="penn-n21"/>
    <edge xml:id="nc-lnk14" from="nc-n4" to="penn-n20"/>
    <edge xml:id="nc-lnk13" from="nc-n3" to="penn-n18"/>
    <edge xml:id="nc-lnk12" from="nc-n2" to="penn-n15"/>
    <edge xml:id="nc-lnk11" from="nc-n1" to="penn-n12"/>
    <edge xml:id="nc-lnk10" from="nc-n1" to="penn-n11"/>
    <edge xml:id="nc-lnk149" from="nc-n56" to="penn-n206"/>
    <edge xml:id="nc-lnk148" from="nc-n55" to="penn-n204"/>
    <edge xml:id="nc-lnk147" from="nc-n55" to="penn-n203"/>
    <edge xml:id="nc-lnk146" from="nc-n55" to="penn-n202"/>
    <edge xml:id="nc-lnk145" from="nc-n54" to="penn-n200"/>
    <edge xml:id="nc-lnk144" from="nc-n54" to="penn-n199"/>
    <edge xml:id="nc-lnk143" from="nc-n54" to="penn-n198"/>
    <edge xml:id="nc-lnk142" from="nc-n54" to="penn-n197"/>
    <edge xml:id="nc-lnk141" from="nc-n54" to="penn-n196"/>
    <edge xml:id="nc-lnk140" from="nc-n53" to="penn-n193"/>
    <edge xml:id="nc-lnk139" from="nc-n52" to="penn-n191"/>
    <edge xml:id="nc-lnk138" from="nc-n52" to="penn-n190"/>
    <edge xml:id="nc-lnk137" from="nc-n51" to="penn-n188"/>
    <edge xml:id="nc-lnk136" from="nc-n51" to="penn-n187"/>
    <edge xml:id="nc-lnk135" from="nc-n51" to="penn-n186"/>
    <edge xml:id="nc-lnk134" from="nc-n50" to="penn-n185"/>
    <edge xml:id="nc-lnk133" from="nc-n49" to="penn-n183"/>
    <edge xml:id="nc-lnk132" from="nc-n49" to="penn-n182"/>
    <edge xml:id="nc-lnk131" from="nc-n49" to="penn-n181"/>
    <edge xml:id="nc-lnk130" from="nc-n49" to="penn-n180"/>
    <edge xml:id="nc-lnk129" from="nc-n48" to="penn-n178"/>
    <edge xml:id="nc-lnk128" from="nc-n47" to="penn-n176"/>
    <edge xml:id="nc-lnk127" from="nc-n47" to="penn-n175"/>
    <edge xml:id="nc-lnk126" from="nc-n47" to="penn-n174"/>
    <edge xml:id="nc-lnk125" from="nc-n47" to="penn-n173"/>
    <edge xml:id="nc-lnk124" from="nc-n46" to="penn-n171"/>
    <edge xml:id="nc-lnk123" from="nc-n45" to="penn-n166"/>
    <edge xml:id="nc-lnk122" from="nc-n44" to="penn-n165"/>
    <edge xml:id="nc-lnk121" from="nc-n44" to="penn-n164"/>
    <edge xml:id="nc-lnk120" from="nc-n44" to="penn-n163"/>
    <edge xml:id="nc-lnk119" from="nc-n43" to="penn-n160"/>
    <edge xml:id="nc-lnk118" from="nc-n43" to="penn-n159"/>
    <edge xml:id="nc-lnk117" from="nc-n42" to="penn-n155"/>
    <edge xml:id="nc-lnk116" from="nc-n41" to="penn-n151"/>
    <edge xml:id="nc-lnk115" from="nc-n40" to="penn-n150"/>
    <edge xml:id="nc-lnk114" from="nc-n40" to="penn-n149"/>
    <edge xml:id="nc-lnk113" from="nc-n39" to="penn-n147"/>
    <edge xml:id="nc-lnk112" from="nc-n39" to="penn-n146"/>
    <edge xml:id="nc-lnk111" from="nc-n39" to="penn-n145"/>
    <edge xml:id="nc-lnk110" from="nc-n38" to="penn-n143"/>
    <edge xml:id="nc-lnk99" from="nc-n32" to="penn-n126"/>
    <edge xml:id="nc-lnk98" from="nc-n32" to="penn-n125"/>
    <edge xml:id="nc-lnk109" from="nc-n38" to="penn-n142"/>
    <edge xml:id="nc-lnk97" from="nc-n32" to="penn-n124"/>
    <edge xml:id="nc-lnk108" from="nc-n37" to="penn-n140"/>
    <edge xml:id="nc-lnk96" from="nc-n32" to="penn-n123"/>
    <edge xml:id="nc-lnk107" from="nc-n36" to="penn-n138"/>
    <edge xml:id="nc-lnk95" from="nc-n32" to="penn-n122"/>
    <edge xml:id="nc-lnk106" from="nc-n35" to="penn-n136"/>
    <edge xml:id="nc-lnk94" from="nc-n32" to="penn-n121"/>
    <edge xml:id="nc-lnk105" from="nc-n34" to="penn-n135"/>
    <edge xml:id="nc-lnk93" from="nc-n31" to="penn-n119"/>
    <edge xml:id="nc-lnk104" from="nc-n34" to="penn-n134"/>
    <edge xml:id="nc-lnk92" from="nc-n31" to="penn-n118"/>
    <edge xml:id="nc-lnk103" from="nc-n34" to="penn-n133"/>
    <edge xml:id="nc-lnk91" from="nc-n31" to="penn-n117"/>
    <edge xml:id="nc-lnk102" from="nc-n33" to="penn-n131"/>
    <edge xml:id="nc-lnk90" from="nc-n31" to="penn-n116"/>
    <edge xml:id="nc-lnk101" from="nc-n32" to="penn-n128"/>
    <edge xml:id="nc-lnk100" from="nc-n32" to="penn-n127"/>
    <edge xml:id="nc-lnk89" from="nc-n31" to="penn-n115"/>
    <edge xml:id="nc-lnk88" from="nc-n31" to="penn-n114"/>
    <edge xml:id="nc-lnk87" from="nc-n31" to="penn-n113"/>
    <edge xml:id="nc-lnk86" from="nc-n31" to="penn-n112"/>
    <edge xml:id="nc-lnk85" from="nc-n31" to="penn-n111"/>
    <edge xml:id="nc-lnk84" from="nc-n30" to="penn-n108"/>
    <edge xml:id="nc-lnk83" from="nc-n30" to="penn-n107"/>
    <edge xml:id="nc-lnk82" from="nc-n30" to="penn-n106"/>
    <edge xml:id="nc-lnk81" from="nc-n29" to="penn-n105"/>
    <edge xml:id="nc-lnk80" from="nc-n29" to="penn-n104"/>
    <edge xml:id="nc-lnk79" from="nc-n29" to="penn-n103"/>
    <edge xml:id="nc-lnk78" from="nc-n29" to="penn-n102"/>
    <edge xml:id="nc-lnk77" from="nc-n28" to="penn-n100"/>
    <edge xml:id="nc-lnk76" from="nc-n28" to="penn-n99"/>
    <edge xml:id="nc-lnk75" from="nc-n28" to="penn-n98"/>
    <edge xml:id="nc-lnk74" from="nc-n27" to="penn-n96"/>
    <edge xml:id="nc-lnk73" from="nc-n27" to="penn-n95"/>
    <edge xml:id="nc-lnk72" from="nc-n27" to="penn-n94"/>
    <edge xml:id="nc-lnk71" from="nc-n27" to="penn-n93"/>
    <edge xml:id="nc-lnk70" from="nc-n27" to="penn-n92"/>
    <edge xml:id="nc-lnk69" from="nc-n27" to="penn-n91"/>
    <edge xml:id="nc-lnk68" from="nc-n27" to="penn-n90"/>
    <edge xml:id="nc-lnk67" from="nc-n26" to="penn-n86"/>
    <edge xml:id="nc-lnk66" from="nc-n26" to="penn-n85"/>
    <edge xml:id="nc-lnk65" from="nc-n26" to="penn-n84"/>
    <edge xml:id="nc-lnk64" from="nc-n25" to="penn-n82"/>
    <edge xml:id="nc-lnk63" from="nc-n24" to="penn-n81"/>
    <edge xml:id="nc-lnk62" from="nc-n23" to="penn-n79"/>
    <edge xml:id="nc-lnk61" from="nc-n22" to="penn-n78"/>
    <edge xml:id="nc-lnk60" from="nc-n22" to="penn-n77"/>
    <edge xml:id="nc-lnk9" from="nc-n1" to="penn-n10"/>
    <edge xml:id="nc-lnk8" from="nc-n1" to="penn-n9"/>
    <edge xml:id="nc-lnk7" from="nc-n1" to="penn-n8"/>
    <edge xml:id="nc-lnk6" from="nc-n1" to="penn-n7"/>
    <edge xml:id="nc-lnk5" from="nc-n1" to="penn-n6"/>
    <edge xml:id="nc-lnk59" from="nc-n22" to="penn-n76"/>
    <edge xml:id="nc-lnk4" from="nc-n1" to="penn-n5"/>
    <edge xml:id="nc-lnk58" from="nc-n22" to="penn-n75"/>
    <edge xml:id="nc-lnk3" from="nc-n1" to="penn-n4"/>
    <edge xml:id="nc-lnk57" from="nc-n22" to="penn-n74"/>
    <edge xml:id="nc-lnk2" from="nc-n1" to="penn-n3"/>
    <edge xml:id="nc-lnk56" from="nc-n22" to="penn-n73"/>
    <edge xml:id="nc-lnk1" from="nc-n1" to="penn-n2"/>
    <edge xml:id="nc-lnk55" from="nc-n22" to="penn-n72"/>
    <edge xml:id="nc-lnk0" from="nc-n0" to="penn-n0"/>
    <edge xml:id="nc-lnk54" from="nc-n22" to="penn-n71"/>
    <edge xml:id="nc-lnk53" from="nc-n22" to="penn-n70"/>
    <edge xml:id="nc-lnk52" from="nc-n22" to="penn-n69"/>
    <edge xml:id="nc-lnk51" from="nc-n22" to="penn-n68"/>
    <edge xml:id="nc-lnk50" from="nc-n22" to="penn-n67"/>
</graph>
