<?xml version="1.0" encoding="UTF-8"?><graph xmlns="http://www.xces.org/ns/GrAF/1.0/" xmlns:graf="http://www.xces.org/ns/GrAF/1.0/">
    <graphHeader>
        <labelsDecl>
            <labelUsage label="nchunk" occurs="72"/>
        </labelsDecl>
        <dependencies>
            <dependsOn f.id="f.penn"/>
        </dependencies>
        <annotationSpaces>
            <annotationSpace as.id="anc"/>
        </annotationSpaces>
    </graphHeader>
    <node xml:id="nc-n0"/>
    <a xml:id="nc-N65567" label="nchunk" ref="nc-n0" as="anc"/>
    <node xml:id="nc-n1"/>
    <a xml:id="nc-N65583" label="nchunk" ref="nc-n1" as="anc"/>
    <node xml:id="nc-n10"/>
    <a xml:id="nc-N65599" label="nchunk" ref="nc-n10" as="anc"/>
    <node xml:id="nc-n11"/>
    <a xml:id="nc-N65615" label="nchunk" ref="nc-n11" as="anc"/>
    <node xml:id="nc-n12"/>
    <a xml:id="nc-N65631" label="nchunk" ref="nc-n12" as="anc"/>
    <node xml:id="nc-n13"/>
    <a xml:id="nc-N65647" label="nchunk" ref="nc-n13" as="anc"/>
    <node xml:id="nc-n14"/>
    <a xml:id="nc-N65663" label="nchunk" ref="nc-n14" as="anc"/>
    <node xml:id="nc-n15"/>
    <a xml:id="nc-N65679" label="nchunk" ref="nc-n15" as="anc"/>
    <node xml:id="nc-n16"/>
    <a xml:id="nc-N65695" label="nchunk" ref="nc-n16" as="anc"/>
    <node xml:id="nc-n17"/>
    <a xml:id="nc-N65711" label="nchunk" ref="nc-n17" as="anc"/>
    <node xml:id="nc-n18"/>
    <a xml:id="nc-N65727" label="nchunk" ref="nc-n18" as="anc"/>
    <node xml:id="nc-n19"/>
    <a xml:id="nc-N65743" label="nchunk" ref="nc-n19" as="anc"/>
    <node xml:id="nc-n2"/>
    <a xml:id="nc-N65759" label="nchunk" ref="nc-n2" as="anc"/>
    <node xml:id="nc-n20"/>
    <a xml:id="nc-N65779" label="nchunk" ref="nc-n20" as="anc"/>
    <node xml:id="nc-n21"/>
    <a xml:id="nc-N65795" label="nchunk" ref="nc-n21" as="anc"/>
    <node xml:id="nc-n22"/>
    <a xml:id="nc-N65811" label="nchunk" ref="nc-n22" as="anc"/>
    <node xml:id="nc-n23"/>
    <a xml:id="nc-N65827" label="nchunk" ref="nc-n23" as="anc"/>
    <node xml:id="nc-n24"/>
    <a xml:id="nc-N65843" label="nchunk" ref="nc-n24" as="anc"/>
    <node xml:id="nc-n25"/>
    <a xml:id="nc-N65859" label="nchunk" ref="nc-n25" as="anc"/>
    <node xml:id="nc-n26"/>
    <a xml:id="nc-N65875" label="nchunk" ref="nc-n26" as="anc"/>
    <node xml:id="nc-n27"/>
    <a xml:id="nc-N65891" label="nchunk" ref="nc-n27" as="anc"/>
    <node xml:id="nc-n28"/>
    <a xml:id="nc-N65907" label="nchunk" ref="nc-n28" as="anc"/>
    <node xml:id="nc-n29"/>
    <a xml:id="nc-N65923" label="nchunk" ref="nc-n29" as="anc"/>
    <node xml:id="nc-n3"/>
    <a xml:id="nc-N65939" label="nchunk" ref="nc-n3" as="anc"/>
    <node xml:id="nc-n30"/>
    <a xml:id="nc-N65959" label="nchunk" ref="nc-n30" as="anc"/>
    <node xml:id="nc-n31"/>
    <a xml:id="nc-N65975" label="nchunk" ref="nc-n31" as="anc"/>
    <node xml:id="nc-n32"/>
    <a xml:id="nc-N65991" label="nchunk" ref="nc-n32" as="anc"/>
    <node xml:id="nc-n33"/>
    <a xml:id="nc-N66007" label="nchunk" ref="nc-n33" as="anc"/>
    <node xml:id="nc-n34"/>
    <a xml:id="nc-N66023" label="nchunk" ref="nc-n34" as="anc"/>
    <node xml:id="nc-n35"/>
    <a xml:id="nc-N66039" label="nchunk" ref="nc-n35" as="anc"/>
    <node xml:id="nc-n36"/>
    <a xml:id="nc-N66055" label="nchunk" ref="nc-n36" as="anc"/>
    <node xml:id="nc-n37"/>
    <a xml:id="nc-N66071" label="nchunk" ref="nc-n37" as="anc"/>
    <node xml:id="nc-n38"/>
    <a xml:id="nc-N66087" label="nchunk" ref="nc-n38" as="anc"/>
    <node xml:id="nc-n39"/>
    <a xml:id="nc-N66103" label="nchunk" ref="nc-n39" as="anc"/>
    <node xml:id="nc-n4"/>
    <a xml:id="nc-N66119" label="nchunk" ref="nc-n4" as="anc"/>
    <node xml:id="nc-n40"/>
    <a xml:id="nc-N66135" label="nchunk" ref="nc-n40" as="anc"/>
    <node xml:id="nc-n41"/>
    <a xml:id="nc-N66151" label="nchunk" ref="nc-n41" as="anc"/>
    <node xml:id="nc-n42"/>
    <a xml:id="nc-N66167" label="nchunk" ref="nc-n42" as="anc"/>
    <node xml:id="nc-n43"/>
    <a xml:id="nc-N66183" label="nchunk" ref="nc-n43" as="anc"/>
    <node xml:id="nc-n44"/>
    <a xml:id="nc-N66199" label="nchunk" ref="nc-n44" as="anc"/>
    <node xml:id="nc-n45"/>
    <a xml:id="nc-N66215" label="nchunk" ref="nc-n45" as="anc"/>
    <node xml:id="nc-n46"/>
    <a xml:id="nc-N66231" label="nchunk" ref="nc-n46" as="anc"/>
    <node xml:id="nc-n47"/>
    <a xml:id="nc-N66247" label="nchunk" ref="nc-n47" as="anc"/>
    <node xml:id="nc-n48"/>
    <a xml:id="nc-N66263" label="nchunk" ref="nc-n48" as="anc"/>
    <node xml:id="nc-n49"/>
    <a xml:id="nc-N66279" label="nchunk" ref="nc-n49" as="anc"/>
    <node xml:id="nc-n5"/>
    <a xml:id="nc-N66295" label="nchunk" ref="nc-n5" as="anc"/>
    <node xml:id="nc-n50"/>
    <a xml:id="nc-N66311" label="nchunk" ref="nc-n50" as="anc"/>
    <node xml:id="nc-n51"/>
    <a xml:id="nc-N66327" label="nchunk" ref="nc-n51" as="anc"/>
    <node xml:id="nc-n52"/>
    <a xml:id="nc-N66343" label="nchunk" ref="nc-n52" as="anc"/>
    <node xml:id="nc-n53"/>
    <a xml:id="nc-N66359" label="nchunk" ref="nc-n53" as="anc"/>
    <node xml:id="nc-n54"/>
    <a xml:id="nc-N66375" label="nchunk" ref="nc-n54" as="anc"/>
    <node xml:id="nc-n55"/>
    <a xml:id="nc-N66391" label="nchunk" ref="nc-n55" as="anc"/>
    <node xml:id="nc-n56"/>
    <a xml:id="nc-N66407" label="nchunk" ref="nc-n56" as="anc"/>
    <node xml:id="nc-n57"/>
    <a xml:id="nc-N66423" label="nchunk" ref="nc-n57" as="anc"/>
    <node xml:id="nc-n58"/>
    <a xml:id="nc-N66439" label="nchunk" ref="nc-n58" as="anc"/>
    <node xml:id="nc-n59"/>
    <a xml:id="nc-N66455" label="nchunk" ref="nc-n59" as="anc"/>
    <node xml:id="nc-n6"/>
    <a xml:id="nc-N66471" label="nchunk" ref="nc-n6" as="anc"/>
    <node xml:id="nc-n60"/>
    <a xml:id="nc-N66487" label="nchunk" ref="nc-n60" as="anc"/>
    <node xml:id="nc-n61"/>
    <a xml:id="nc-N66503" label="nchunk" ref="nc-n61" as="anc"/>
    <node xml:id="nc-n62"/>
    <a xml:id="nc-N66519" label="nchunk" ref="nc-n62" as="anc"/>
    <node xml:id="nc-n63"/>
    <a xml:id="nc-N66535" label="nchunk" ref="nc-n63" as="anc"/>
    <node xml:id="nc-n64"/>
    <a xml:id="nc-N66551" label="nchunk" ref="nc-n64" as="anc"/>
    <node xml:id="nc-n65"/>
    <a xml:id="nc-N66567" label="nchunk" ref="nc-n65" as="anc"/>
    <node xml:id="nc-n66"/>
    <a xml:id="nc-N66583" label="nchunk" ref="nc-n66" as="anc"/>
    <node xml:id="nc-n67"/>
    <a xml:id="nc-N66599" label="nchunk" ref="nc-n67" as="anc"/>
    <node xml:id="nc-n68"/>
    <a xml:id="nc-N66615" label="nchunk" ref="nc-n68" as="anc"/>
    <node xml:id="nc-n69"/>
    <a xml:id="nc-N66631" label="nchunk" ref="nc-n69" as="anc"/>
    <node xml:id="nc-n7"/>
    <a xml:id="nc-N66647" label="nchunk" ref="nc-n7" as="anc"/>
    <node xml:id="nc-n70"/>
    <a xml:id="nc-N66663" label="nchunk" ref="nc-n70" as="anc"/>
    <node xml:id="nc-n71"/>
    <a xml:id="nc-N66679" label="nchunk" ref="nc-n71" as="anc"/>
    <node xml:id="nc-n8"/>
    <a xml:id="nc-N66695" label="nchunk" ref="nc-n8" as="anc"/>
    <node xml:id="nc-n9"/>
    <a xml:id="nc-N66711" label="nchunk" ref="nc-n9" as="anc"/>
    <edge xml:id="nc-lnk49" from="nc-n19" to="penn-n64"/>
    <edge xml:id="nc-lnk48" from="nc-n19" to="penn-n63"/>
    <edge xml:id="nc-lnk47" from="nc-n19" to="penn-n62"/>
    <edge xml:id="nc-lnk46" from="nc-n19" to="penn-n61"/>
    <edge xml:id="nc-lnk45" from="nc-n19" to="penn-n60"/>
    <edge xml:id="nc-lnk44" from="nc-n19" to="penn-n59"/>
    <edge xml:id="nc-lnk43" from="nc-n19" to="penn-n58"/>
    <edge xml:id="nc-lnk42" from="nc-n19" to="penn-n57"/>
    <edge xml:id="nc-lnk41" from="nc-n19" to="penn-n56"/>
    <edge xml:id="nc-lnk40" from="nc-n18" to="penn-n54"/>
    <edge xml:id="nc-lnk39" from="nc-n17" to="penn-n52"/>
    <edge xml:id="nc-lnk38" from="nc-n16" to="penn-n50"/>
    <edge xml:id="nc-lnk37" from="nc-n15" to="penn-n49"/>
    <edge xml:id="nc-lnk36" from="nc-n15" to="penn-n48"/>
    <edge xml:id="nc-lnk35" from="nc-n14" to="penn-n46"/>
    <edge xml:id="nc-lnk34" from="nc-n13" to="penn-n45"/>
    <edge xml:id="nc-lnk33" from="nc-n13" to="penn-n44"/>
    <edge xml:id="nc-lnk32" from="nc-n13" to="penn-n43"/>
    <edge xml:id="nc-lnk31" from="nc-n12" to="penn-n41"/>
    <edge xml:id="nc-lnk30" from="nc-n11" to="penn-n40"/>
    <edge xml:id="nc-lnk29" from="nc-n11" to="penn-n39"/>
    <edge xml:id="nc-lnk28" from="nc-n10" to="penn-n37"/>
    <edge xml:id="nc-lnk27" from="nc-n10" to="penn-n36"/>
    <edge xml:id="nc-lnk26" from="nc-n10" to="penn-n35"/>
    <edge xml:id="nc-lnk25" from="nc-n9" to="penn-n34"/>
    <edge xml:id="nc-lnk24" from="nc-n9" to="penn-n33"/>
    <edge xml:id="nc-lnk23" from="nc-n9" to="penn-n32"/>
    <edge xml:id="nc-lnk22" from="nc-n8" to="penn-n30"/>
    <edge xml:id="nc-lnk21" from="nc-n8" to="penn-n29"/>
    <edge xml:id="nc-lnk20" from="nc-n8" to="penn-n28"/>
    <edge xml:id="nc-lnk152" from="nc-n71" to="penn-n261"/>
    <edge xml:id="nc-lnk151" from="nc-n71" to="penn-n260"/>
    <edge xml:id="nc-lnk150" from="nc-n70" to="penn-n257"/>
    <edge xml:id="nc-lnk19" from="nc-n7" to="penn-n26"/>
    <edge xml:id="nc-lnk18" from="nc-n7" to="penn-n25"/>
    <edge xml:id="nc-lnk17" from="nc-n6" to="penn-n24"/>
    <edge xml:id="nc-lnk16" from="nc-n5" to="penn-n22"/>
    <edge xml:id="nc-lnk15" from="nc-n5" to="penn-n21"/>
    <edge xml:id="nc-lnk14" from="nc-n4" to="penn-n19"/>
    <edge xml:id="nc-lnk13" from="nc-n3" to="penn-n18"/>
    <edge xml:id="nc-lnk12" from="nc-n2" to="penn-n15"/>
    <edge xml:id="nc-lnk11" from="nc-n1" to="penn-n12"/>
    <edge xml:id="nc-lnk10" from="nc-n1" to="penn-n11"/>
    <edge xml:id="nc-lnk149" from="nc-n70" to="penn-n256"/>
    <edge xml:id="nc-lnk148" from="nc-n69" to="penn-n253"/>
    <edge xml:id="nc-lnk147" from="nc-n68" to="penn-n248"/>
    <edge xml:id="nc-lnk146" from="nc-n68" to="penn-n247"/>
    <edge xml:id="nc-lnk145" from="nc-n67" to="penn-n245"/>
    <edge xml:id="nc-lnk144" from="nc-n66" to="penn-n241"/>
    <edge xml:id="nc-lnk143" from="nc-n66" to="penn-n240"/>
    <edge xml:id="nc-lnk142" from="nc-n66" to="penn-n239"/>
    <edge xml:id="nc-lnk141" from="nc-n65" to="penn-n237"/>
    <edge xml:id="nc-lnk140" from="nc-n64" to="penn-n235"/>
    <edge xml:id="nc-lnk139" from="nc-n64" to="penn-n234"/>
    <edge xml:id="nc-lnk138" from="nc-n64" to="penn-n233"/>
    <edge xml:id="nc-lnk137" from="nc-n64" to="penn-n232"/>
    <edge xml:id="nc-lnk136" from="nc-n63" to="penn-n230"/>
    <edge xml:id="nc-lnk135" from="nc-n62" to="penn-n224"/>
    <edge xml:id="nc-lnk134" from="nc-n62" to="penn-n223"/>
    <edge xml:id="nc-lnk133" from="nc-n62" to="penn-n222"/>
    <edge xml:id="nc-lnk132" from="nc-n61" to="penn-n218"/>
    <edge xml:id="nc-lnk131" from="nc-n60" to="penn-n216"/>
    <edge xml:id="nc-lnk130" from="nc-n59" to="penn-n209"/>
    <edge xml:id="nc-lnk129" from="nc-n58" to="penn-n207"/>
    <edge xml:id="nc-lnk128" from="nc-n58" to="penn-n206"/>
    <edge xml:id="nc-lnk127" from="nc-n58" to="penn-n205"/>
    <edge xml:id="nc-lnk126" from="nc-n58" to="penn-n204"/>
    <edge xml:id="nc-lnk125" from="nc-n57" to="penn-n195"/>
    <edge xml:id="nc-lnk124" from="nc-n56" to="penn-n190"/>
    <edge xml:id="nc-lnk123" from="nc-n56" to="penn-n189"/>
    <edge xml:id="nc-lnk122" from="nc-n55" to="penn-n187"/>
    <edge xml:id="nc-lnk121" from="nc-n54" to="penn-n185"/>
    <edge xml:id="nc-lnk120" from="nc-n53" to="penn-n183"/>
    <edge xml:id="nc-lnk119" from="nc-n52" to="penn-n181"/>
    <edge xml:id="nc-lnk118" from="nc-n51" to="penn-n175"/>
    <edge xml:id="nc-lnk117" from="nc-n50" to="penn-n170"/>
    <edge xml:id="nc-lnk116" from="nc-n50" to="penn-n169"/>
    <edge xml:id="nc-lnk115" from="nc-n49" to="penn-n167"/>
    <edge xml:id="nc-lnk114" from="nc-n49" to="penn-n166"/>
    <edge xml:id="nc-lnk113" from="nc-n48" to="penn-n164"/>
    <edge xml:id="nc-lnk112" from="nc-n47" to="penn-n162"/>
    <edge xml:id="nc-lnk111" from="nc-n46" to="penn-n160"/>
    <edge xml:id="nc-lnk110" from="nc-n45" to="penn-n158"/>
    <edge xml:id="nc-lnk99" from="nc-n38" to="penn-n137"/>
    <edge xml:id="nc-lnk98" from="nc-n37" to="penn-n134"/>
    <edge xml:id="nc-lnk109" from="nc-n44" to="penn-n154"/>
    <edge xml:id="nc-lnk97" from="nc-n36" to="penn-n132"/>
    <edge xml:id="nc-lnk108" from="nc-n43" to="penn-n152"/>
    <edge xml:id="nc-lnk96" from="nc-n36" to="penn-n131"/>
    <edge xml:id="nc-lnk107" from="nc-n42" to="penn-n150"/>
    <edge xml:id="nc-lnk95" from="nc-n35" to="penn-n129"/>
    <edge xml:id="nc-lnk106" from="nc-n42" to="penn-n149"/>
    <edge xml:id="nc-lnk94" from="nc-n34" to="penn-n127"/>
    <edge xml:id="nc-lnk105" from="nc-n41" to="penn-n146"/>
    <edge xml:id="nc-lnk93" from="nc-n34" to="penn-n126"/>
    <edge xml:id="nc-lnk104" from="nc-n40" to="penn-n144"/>
    <edge xml:id="nc-lnk92" from="nc-n33" to="penn-n124"/>
    <edge xml:id="nc-lnk103" from="nc-n39" to="penn-n142"/>
    <edge xml:id="nc-lnk91" from="nc-n32" to="penn-n122"/>
    <edge xml:id="nc-lnk102" from="nc-n38" to="penn-n140"/>
    <edge xml:id="nc-lnk90" from="nc-n32" to="penn-n121"/>
    <edge xml:id="nc-lnk101" from="nc-n38" to="penn-n139"/>
    <edge xml:id="nc-lnk100" from="nc-n38" to="penn-n138"/>
    <edge xml:id="nc-lnk89" from="nc-n31" to="penn-n118"/>
    <edge xml:id="nc-lnk88" from="nc-n30" to="penn-n115"/>
    <edge xml:id="nc-lnk87" from="nc-n30" to="penn-n114"/>
    <edge xml:id="nc-lnk86" from="nc-n30" to="penn-n113"/>
    <edge xml:id="nc-lnk85" from="nc-n30" to="penn-n112"/>
    <edge xml:id="nc-lnk84" from="nc-n30" to="penn-n111"/>
    <edge xml:id="nc-lnk83" from="nc-n30" to="penn-n110"/>
    <edge xml:id="nc-lnk82" from="nc-n30" to="penn-n109"/>
    <edge xml:id="nc-lnk81" from="nc-n30" to="penn-n108"/>
    <edge xml:id="nc-lnk80" from="nc-n30" to="penn-n107"/>
    <edge xml:id="nc-lnk79" from="nc-n29" to="penn-n104"/>
    <edge xml:id="nc-lnk78" from="nc-n29" to="penn-n103"/>
    <edge xml:id="nc-lnk77" from="nc-n28" to="penn-n102"/>
    <edge xml:id="nc-lnk76" from="nc-n27" to="penn-n100"/>
    <edge xml:id="nc-lnk75" from="nc-n27" to="penn-n99"/>
    <edge xml:id="nc-lnk74" from="nc-n27" to="penn-n98"/>
    <edge xml:id="nc-lnk73" from="nc-n27" to="penn-n97"/>
    <edge xml:id="nc-lnk72" from="nc-n27" to="penn-n96"/>
    <edge xml:id="nc-lnk71" from="nc-n26" to="penn-n92"/>
    <edge xml:id="nc-lnk70" from="nc-n26" to="penn-n91"/>
    <edge xml:id="nc-lnk69" from="nc-n25" to="penn-n90"/>
    <edge xml:id="nc-lnk68" from="nc-n24" to="penn-n88"/>
    <edge xml:id="nc-lnk67" from="nc-n24" to="penn-n87"/>
    <edge xml:id="nc-lnk66" from="nc-n24" to="penn-n86"/>
    <edge xml:id="nc-lnk65" from="nc-n24" to="penn-n85"/>
    <edge xml:id="nc-lnk64" from="nc-n24" to="penn-n84"/>
    <edge xml:id="nc-lnk63" from="nc-n24" to="penn-n83"/>
    <edge xml:id="nc-lnk62" from="nc-n24" to="penn-n82"/>
    <edge xml:id="nc-lnk61" from="nc-n23" to="penn-n78"/>
    <edge xml:id="nc-lnk60" from="nc-n23" to="penn-n77"/>
    <edge xml:id="nc-lnk9" from="nc-n1" to="penn-n10"/>
    <edge xml:id="nc-lnk8" from="nc-n1" to="penn-n9"/>
    <edge xml:id="nc-lnk7" from="nc-n1" to="penn-n8"/>
    <edge xml:id="nc-lnk6" from="nc-n1" to="penn-n7"/>
    <edge xml:id="nc-lnk5" from="nc-n1" to="penn-n6"/>
    <edge xml:id="nc-lnk59" from="nc-n23" to="penn-n76"/>
    <edge xml:id="nc-lnk4" from="nc-n1" to="penn-n5"/>
    <edge xml:id="nc-lnk58" from="nc-n22" to="penn-n74"/>
    <edge xml:id="nc-lnk3" from="nc-n1" to="penn-n4"/>
    <edge xml:id="nc-lnk57" from="nc-n21" to="penn-n73"/>
    <edge xml:id="nc-lnk2" from="nc-n1" to="penn-n3"/>
    <edge xml:id="nc-lnk56" from="nc-n20" to="penn-n71"/>
    <edge xml:id="nc-lnk1" from="nc-n1" to="penn-n2"/>
    <edge xml:id="nc-lnk55" from="nc-n19" to="penn-n70"/>
    <edge xml:id="nc-lnk0" from="nc-n0" to="penn-n0"/>
    <edge xml:id="nc-lnk54" from="nc-n19" to="penn-n69"/>
    <edge xml:id="nc-lnk53" from="nc-n19" to="penn-n68"/>
    <edge xml:id="nc-lnk52" from="nc-n19" to="penn-n67"/>
    <edge xml:id="nc-lnk51" from="nc-n19" to="penn-n66"/>
    <edge xml:id="nc-lnk50" from="nc-n19" to="penn-n65"/>
</graph>
