<graph xmlns="http://www.xces.org/ns/GrAF/1.0/" xmlns:graf="http://www.xces.org/ns/GrAF/1.0/">
  <graphHeader>
    <labelsDecl>
      <labelUsage label="Head" occurs="2"/>
      <labelUsage label="s" occurs="9"/>
    </labelsDecl>
    <annotationSpaces>
      <annotationSpace as.id="anc"/>
    </annotationSpaces>
  </graphHeader>
  <region xml:id="s-r0" anchors="4 363"/>
  <node xml:id="s-n0">
    <link targets="s-r0"/>
  </node>
  <a xml:id="s-N65573" label="Head" ref="s-n0" as="anc">
    <fs>
      <f name="type" value="email"/>
    </fs>
  </a>
  <region xml:id="s-r1" anchors="366 564"/>
  <node xml:id="s-n1">
    <link targets="s-r1"/>
  </node>
  <a xml:id="s-N65597" label="Head" ref="s-n1" as="anc">
    <fs>
      <f name="type" value="email"/>
    </fs>
  </a>
  <region xml:id="s-r2" anchors="566 574"/>
  <node xml:id="s-n2">
    <link targets="s-r2"/>
  </node>
  <a xml:id="s-N65621" label="s" ref="s-n2" as="anc"/>
  <region xml:id="s-r3" anchors="577 718"/>
  <node xml:id="s-n3">
    <link targets="s-r3"/>
  </node>
  <a xml:id="s-N65637" label="s" ref="s-n3" as="anc"/>
  <region xml:id="s-r4" anchors="726 848"/>
  <node xml:id="s-n4">
    <link targets="s-r4"/>
  </node>
  <a xml:id="s-N65653" label="s" ref="s-n4" as="anc"/>
  <region xml:id="s-r5" anchors="856 967"/>
  <node xml:id="s-n5">
    <link targets="s-r5"/>
  </node>
  <a xml:id="s-N65669" label="s" ref="s-n5" as="anc"/>
  <region xml:id="s-r6" anchors="975 1107"/>
  <node xml:id="s-n6">
    <link targets="s-r6"/>
  </node>
  <a xml:id="s-N65685" label="s" ref="s-n6" as="anc"/>
  <region xml:id="s-r7" anchors="1109 1163"/>
  <node xml:id="s-n7">
    <link targets="s-r7"/>
  </node>
  <a xml:id="s-N65701" label="s" ref="s-n7" as="anc"/>
  <region xml:id="s-r8" anchors="1166 1257"/>
  <node xml:id="s-n8">
    <link targets="s-r8"/>
  </node>
  <a xml:id="s-N65717" label="s" ref="s-n8" as="anc"/>
  <region xml:id="s-r9" anchors="1259 1311"/>
  <node xml:id="s-n9">
    <link targets="s-r9"/>
  </node>
  <a xml:id="s-N65733" label="s" ref="s-n9" as="anc"/>
  <region xml:id="s-r10" anchors="1313 1383"/>
  <node xml:id="s-n10">
    <link targets="s-r10"/>
  </node>
  <a xml:id="s-N65749" label="s" ref="s-n10" as="anc"/>
</graph>
