<graph xmlns="http://www.xces.org/ns/GrAF/1.0/" xmlns:graf="http://www.xces.org/ns/GrAF/1.0/">
  <graphHeader>
    <labelsDecl>
      <labelUsage label="vchunk" occurs="17"/>
    </labelsDecl>
    <dependencies>
      <dependsOn f.id="f.penn"/>
    </dependencies>
    <annotationSpaces>
      <annotationSpace as.id="anc"/>
    </annotationSpaces>
  </graphHeader>
  <node xml:id="vc-n0"/>
  <a xml:id="vc-N65567" label="vchunk" ref="vc-n0" as="anc">
    <fs>
      <f name="type" value="FVG"/>
      <f name="tense" value="PrePer"/>
      <f name="voice" value="active"/>
    </fs>
  </a>
  <node xml:id="vc-n1"/>
  <a xml:id="vc-N65591" label="vchunk" ref="vc-n1" as="anc">
    <fs>
      <f name="type" value="FVG"/>
      <f name="tense" value="PrePer"/>
      <f name="voice" value="active"/>
    </fs>
  </a>
  <node xml:id="vc-n10"/>
  <a xml:id="vc-N65615" label="vchunk" ref="vc-n10" as="anc">
    <fs>
      <f name="type" value="NFVG"/>
      <f name="tense" value="Inf"/>
      <f name="voice" value="passive"/>
    </fs>
  </a>
  <node xml:id="vc-n11"/>
  <a xml:id="vc-N65639" label="vchunk" ref="vc-n11" as="anc">
    <fs>
      <f name="type" value="FVG"/>
      <f name="tense" value="SimPre"/>
      <f name="voice" value="active"/>
    </fs>
  </a>
  <node xml:id="vc-n12"/>
  <a xml:id="vc-N65663" label="vchunk" ref="vc-n12" as="anc">
    <fs>
      <f name="type" value="NFVG"/>
      <f name="tense" value="Inf"/>
      <f name="voice" value="active"/>
    </fs>
  </a>
  <node xml:id="vc-n13"/>
  <a xml:id="vc-N65687" label="vchunk" ref="vc-n13" as="anc">
    <fs>
      <f name="type" value="FVG"/>
      <f name="tense" value="SimPre"/>
      <f name="voice" value="active"/>
    </fs>
  </a>
  <node xml:id="vc-n14"/>
  <a xml:id="vc-N65711" label="vchunk" ref="vc-n14" as="anc">
    <fs>
      <f name="type" value="FVG"/>
      <f name="tense" value="PreCon"/>
      <f name="voice" value="active"/>
    </fs>
  </a>
  <node xml:id="vc-n15"/>
  <a xml:id="vc-N65735" label="vchunk" ref="vc-n15" as="anc">
    <fs>
      <f name="type" value="FVG"/>
      <f name="tense" value="PreCon"/>
      <f name="voice" value="active"/>
    </fs>
  </a>
  <node xml:id="vc-n16"/>
  <a xml:id="vc-N65759" label="vchunk" ref="vc-n16" as="anc">
    <fs>
      <f name="type" value="MODAL"/>
      <f name="tense" value="none"/>
      <f name="voice" value="none"/>
    </fs>
  </a>
  <node xml:id="vc-n2"/>
  <a xml:id="vc-N65783" label="vchunk" ref="vc-n2" as="anc">
    <fs>
      <f name="type" value="FVG"/>
      <f name="tense" value="PrePer"/>
      <f name="voice" value="active"/>
    </fs>
  </a>
  <node xml:id="vc-n3"/>
  <a xml:id="vc-N65807" label="vchunk" ref="vc-n3" as="anc">
    <fs>
      <f name="type" value="FVG"/>
      <f name="tense" value="PrePer"/>
      <f name="voice" value="passive"/>
    </fs>
  </a>
  <node xml:id="vc-n4"/>
  <a xml:id="vc-N65831" label="vchunk" ref="vc-n4" as="anc">
    <fs>
      <f name="type" value="FVG"/>
      <f name="tense" value="PreCon"/>
      <f name="voice" value="active"/>
    </fs>
  </a>
  <node xml:id="vc-n5"/>
  <a xml:id="vc-N65855" label="vchunk" ref="vc-n5" as="anc">
    <fs>
      <f name="type" value="FVG"/>
      <f name="tense" value="PrePer"/>
      <f name="voice" value="passive"/>
    </fs>
  </a>
  <node xml:id="vc-n6"/>
  <a xml:id="vc-N65879" label="vchunk" ref="vc-n6" as="anc">
    <fs>
      <f name="type" value="FVG"/>
      <f name="tense" value="SimPre"/>
      <f name="voice" value="active"/>
    </fs>
  </a>
  <node xml:id="vc-n7"/>
  <a xml:id="vc-N65903" label="vchunk" ref="vc-n7" as="anc">
    <fs>
      <f name="type" value="NFVG"/>
      <f name="tense" value="Inf"/>
      <f name="voice" value="passive"/>
    </fs>
  </a>
  <node xml:id="vc-n8"/>
  <a xml:id="vc-N65927" label="vchunk" ref="vc-n8" as="anc">
    <fs>
      <f name="type" value="NFVG"/>
      <f name="tense" value="Inf"/>
      <f name="voice" value="active"/>
    </fs>
  </a>
  <node xml:id="vc-n9"/>
  <a xml:id="vc-N65951" label="vchunk" ref="vc-n9" as="anc">
    <fs>
      <f name="type" value="FVG"/>
      <f name="tense" value="SimPre"/>
      <f name="voice" value="active"/>
    </fs>
  </a>
  <edge xml:id="vc-lnk28" from="vc-n13" to="penn-n238"/>
  <edge xml:id="vc-lnk27" from="vc-n12" to="penn-n227"/>
  <edge xml:id="vc-lnk26" from="vc-n12" to="penn-n226"/>
  <edge xml:id="vc-lnk25" from="vc-n11" to="penn-n225"/>
  <edge xml:id="vc-lnk24" from="vc-n10" to="penn-n214"/>
  <edge xml:id="vc-lnk23" from="vc-n10" to="penn-n213"/>
  <edge xml:id="vc-lnk22" from="vc-n10" to="penn-n212"/>
  <edge xml:id="vc-lnk21" from="vc-n9" to="penn-n211"/>
  <edge xml:id="vc-lnk20" from="vc-n8" to="penn-n203"/>
  <edge xml:id="vc-lnk9" from="vc-n4" to="penn-n177"/>
  <edge xml:id="vc-lnk8" from="vc-n3" to="penn-n173"/>
  <edge xml:id="vc-lnk7" from="vc-n3" to="penn-n172"/>
  <edge xml:id="vc-lnk6" from="vc-n3" to="penn-n171"/>
  <edge xml:id="vc-lnk5" from="vc-n2" to="penn-n157"/>
  <edge xml:id="vc-lnk4" from="vc-n2" to="penn-n156"/>
  <edge xml:id="vc-lnk3" from="vc-n1" to="penn-n148"/>
  <edge xml:id="vc-lnk2" from="vc-n1" to="penn-n147"/>
  <edge xml:id="vc-lnk1" from="vc-n0" to="penn-n136"/>
  <edge xml:id="vc-lnk0" from="vc-n0" to="penn-n135"/>
  <edge xml:id="vc-lnk19" from="vc-n8" to="penn-n202"/>
  <edge xml:id="vc-lnk18" from="vc-n7" to="penn-n201"/>
  <edge xml:id="vc-lnk17" from="vc-n7" to="penn-n200"/>
  <edge xml:id="vc-lnk16" from="vc-n7" to="penn-n199"/>
  <edge xml:id="vc-lnk15" from="vc-n6" to="penn-n198"/>
  <edge xml:id="vc-lnk14" from="vc-n5" to="penn-n193"/>
  <edge xml:id="vc-lnk13" from="vc-n5" to="penn-n192"/>
  <edge xml:id="vc-lnk12" from="vc-n5" to="penn-n191"/>
  <edge xml:id="vc-lnk11" from="vc-n4" to="penn-n179"/>
  <edge xml:id="vc-lnk10" from="vc-n4" to="penn-n178"/>
  <edge xml:id="vc-lnk35" from="vc-n16" to="penn-n255"/>
  <edge xml:id="vc-lnk34" from="vc-n16" to="penn-n254"/>
  <edge xml:id="vc-lnk33" from="vc-n15" to="penn-n251"/>
  <edge xml:id="vc-lnk32" from="vc-n15" to="penn-n250"/>
  <edge xml:id="vc-lnk31" from="vc-n15" to="penn-n249"/>
  <edge xml:id="vc-lnk30" from="vc-n14" to="penn-n243"/>
  <edge xml:id="vc-lnk29" from="vc-n14" to="penn-n242"/>
</graph>
