<graph xmlns="http://www.xces.org/ns/GrAF/1.0/" xmlns:graf="http://www.xces.org/ns/GrAF/1.0/">
  <graphHeader>
    <labelsDecl>
      <labelUsage label="person" occurs="7"/>
      <labelUsage label="location" occurs="11"/>
      <labelUsage label="org" occurs="4"/>
      <labelUsage label="date" occurs="4"/>
    </labelsDecl>
    <dependencies>
      <dependsOn f.id="f.penn"/>
    </dependencies>
    <annotationSpaces>
      <annotationSpace as.id="anc"/>
    </annotationSpaces>
  </graphHeader>
  <node xml:id="ne-n0"/>
  <a xml:id="ne-N65579" label="date" ref="ne-n0" as="anc">
    <fs>
      <f name="id" value="1735"/>
      <f name="kind" value="dateTime"/>
    </fs>
  </a>
  <node xml:id="ne-n1"/>
  <a xml:id="ne-N65599" label="person" ref="ne-n1" as="anc">
    <fs>
      <f name="sex" value="male"/>
      <f name="id" value="1507"/>
    </fs>
  </a>
  <node xml:id="ne-n10"/>
  <a xml:id="ne-N65619" label="date" ref="ne-n10" as="anc">
    <fs>
      <f name="id" value="1737"/>
      <f name="kind" value="dateTime"/>
    </fs>
  </a>
  <node xml:id="ne-n11"/>
  <a xml:id="ne-N65639" label="person" ref="ne-n11" as="anc">
    <fs>
      <f name="sex" value="male"/>
      <f name="id" value="1508"/>
    </fs>
  </a>
  <node xml:id="ne-n12"/>
  <a xml:id="ne-N65659" label="org" ref="ne-n12" as="anc">
    <fs>
      <f name="id" value="3376"/>
      <f name="type" value="company"/>
    </fs>
  </a>
  <node xml:id="ne-n13"/>
  <a xml:id="ne-N65679" label="org" ref="ne-n13" as="anc">
    <fs>
      <f name="type" value="company"/>
      <f name="id" value="15086"/>
    </fs>
  </a>
  <node xml:id="ne-n14"/>
  <a xml:id="ne-N65699" label="location" ref="ne-n14" as="anc">
    <fs>
      <f name="type" value="province_state"/>
      <f name="number" value="singular"/>
      <f name="case" value="objective"/>
      <f name="person" value="third"/>
      <f name="id" value="387"/>
    </fs>
  </a>
  <node xml:id="ne-n15"/>
  <a xml:id="ne-N65731" label="location" ref="ne-n15" as="anc">
    <fs>
      <f name="type" value="city"/>
      <f name="id" value="3941"/>
    </fs>
  </a>
  <node xml:id="ne-n16"/>
  <a xml:id="ne-N65751" label="location" ref="ne-n16" as="anc">
    <fs>
      <f name="id" value="389"/>
      <f name="person" value="third"/>
      <f name="case" value="objective"/>
      <f name="number" value="singular"/>
      <f name="type" value="city"/>
    </fs>
  </a>
  <node xml:id="ne-n17"/>
  <a xml:id="ne-N65783" label="location" ref="ne-n17" as="anc">
    <fs>
      <f name="id" value="390"/>
      <f name="person" value="third"/>
      <f name="case" value="nominative"/>
      <f name="number" value="singular"/>
      <f name="type" value="city"/>
    </fs>
  </a>
  <node xml:id="ne-n18"/>
  <a xml:id="ne-N65815" label="location" ref="ne-n18" as="anc">
    <fs>
      <f name="id" value="391"/>
      <f name="person" value="third"/>
      <f name="case" value="objective"/>
      <f name="number" value="singular"/>
      <f name="type" value="city"/>
    </fs>
  </a>
  <node xml:id="ne-n19"/>
  <a xml:id="ne-N65847" label="location" ref="ne-n19" as="anc">
    <fs>
      <f name="type" value="city"/>
      <f name="id" value="3942"/>
    </fs>
  </a>
  <node xml:id="ne-n2"/>
  <a xml:id="ne-N65867" label="person" ref="ne-n2" as="anc">
    <fs>
      <f name="id" value="3801"/>
      <f name="sex" value="male"/>
    </fs>
  </a>
  <node xml:id="ne-n20"/>
  <a xml:id="ne-N65887" label="location" ref="ne-n20" as="anc">
    <fs>
      <f name="id" value="393"/>
      <f name="person" value="third"/>
      <f name="case" value="nominative"/>
      <f name="number" value="singular"/>
      <f name="type" value="city"/>
    </fs>
  </a>
  <node xml:id="ne-n21"/>
  <a xml:id="ne-N65919" label="location" ref="ne-n21" as="anc">
    <fs>
      <f name="id" value="394"/>
      <f name="person" value="third"/>
      <f name="case" value="objective"/>
      <f name="number" value="singular"/>
      <f name="type" value="city"/>
    </fs>
  </a>
  <node xml:id="ne-n22"/>
  <a xml:id="ne-N65951" label="location" ref="ne-n22" as="anc">
    <fs>
      <f name="type" value="city"/>
      <f name="id" value="3943"/>
    </fs>
  </a>
  <node xml:id="ne-n23"/>
  <a xml:id="ne-N65971" label="location" ref="ne-n23" as="anc">
    <fs>
      <f name="id" value="396"/>
      <f name="person" value="third"/>
      <f name="case" value="nominative"/>
      <f name="number" value="singular"/>
      <f name="type" value="city"/>
    </fs>
  </a>
  <node xml:id="ne-n24"/>
  <a xml:id="ne-N66003" label="location" ref="ne-n24" as="anc">
    <fs>
      <f name="type" value="city"/>
      <f name="number" value="singular"/>
      <f name="case" value="objective"/>
      <f name="person" value="third"/>
      <f name="id" value="397"/>
    </fs>
  </a>
  <node xml:id="ne-n25"/>
  <a xml:id="ne-N66035" label="person" ref="ne-n25" as="anc">
    <fs>
      <f name="id" value="398"/>
      <f name="sex" value="male"/>
    </fs>
  </a>
  <node xml:id="ne-n3"/>
  <a xml:id="ne-N66055" label="person" ref="ne-n3" as="anc">
    <fs>
      <f name="id" value="3248"/>
      <f name="sex" value="male"/>
    </fs>
  </a>
  <node xml:id="ne-n4"/>
  <a xml:id="ne-N66075" label="date" ref="ne-n4" as="anc">
    <fs>
      <f name="kind" value="date"/>
      <f name="id" value="33324"/>
    </fs>
  </a>
  <node xml:id="ne-n5"/>
  <a xml:id="ne-N66095" label="person" ref="ne-n5" as="anc">
    <fs>
      <f name="sex" value="male"/>
      <f name="id" value="380"/>
    </fs>
  </a>
  <node xml:id="ne-n6"/>
  <a xml:id="ne-N66115" label="org" ref="ne-n6" as="anc">
    <fs>
      <f name="id" value="1678"/>
      <f name="type" value="company"/>
    </fs>
  </a>
  <node xml:id="ne-n7"/>
  <a xml:id="ne-N66135" label="date" ref="ne-n7" as="anc">
    <fs>
      <f name="id" value="1736"/>
      <f name="kind" value="dateTime"/>
    </fs>
  </a>
  <node xml:id="ne-n8"/>
  <a xml:id="ne-N66155" label="person" ref="ne-n8" as="anc">
    <fs>
      <f name="sex" value="male"/>
      <f name="id" value="382"/>
    </fs>
  </a>
  <node xml:id="ne-n9"/>
  <a xml:id="ne-N66175" label="org" ref="ne-n9" as="anc">
    <fs>
      <f name="type" value="company"/>
      <f name="id" value="3826"/>
    </fs>
  </a>
  <edge xml:id="ne-lnk39" from="ne-n13" to="penn-n115"/>
  <edge xml:id="ne-lnk38" from="ne-n12" to="penn-n113"/>
  <edge xml:id="ne-lnk37" from="ne-n11" to="penn-n109"/>
  <edge xml:id="ne-lnk36" from="ne-n11" to="penn-n108"/>
  <edge xml:id="ne-lnk35" from="ne-n11" to="penn-n107"/>
  <edge xml:id="ne-lnk34" from="ne-n10" to="penn-n104"/>
  <edge xml:id="ne-lnk33" from="ne-n10" to="penn-n103"/>
  <edge xml:id="ne-lnk32" from="ne-n10" to="penn-n102"/>
  <edge xml:id="ne-lnk31" from="ne-n9" to="penn-n100"/>
  <edge xml:id="ne-lnk30" from="ne-n8" to="penn-n98"/>
  <edge xml:id="ne-lnk9" from="ne-n0" to="penn-n11"/>
  <edge xml:id="ne-lnk8" from="ne-n0" to="penn-n10"/>
  <edge xml:id="ne-lnk7" from="ne-n0" to="penn-n9"/>
  <edge xml:id="ne-lnk6" from="ne-n0" to="penn-n8"/>
  <edge xml:id="ne-lnk5" from="ne-n0" to="penn-n7"/>
  <edge xml:id="ne-lnk4" from="ne-n0" to="penn-n6"/>
  <edge xml:id="ne-lnk3" from="ne-n0" to="penn-n5"/>
  <edge xml:id="ne-lnk2" from="ne-n0" to="penn-n4"/>
  <edge xml:id="ne-lnk1" from="ne-n0" to="penn-n3"/>
  <edge xml:id="ne-lnk0" from="ne-n0" to="penn-n2"/>
  <edge xml:id="ne-lnk29" from="ne-n8" to="penn-n97"/>
  <edge xml:id="ne-lnk28" from="ne-n8" to="penn-n96"/>
  <edge xml:id="ne-lnk27" from="ne-n7" to="penn-n92"/>
  <edge xml:id="ne-lnk26" from="ne-n7" to="penn-n91"/>
  <edge xml:id="ne-lnk25" from="ne-n7" to="penn-n90"/>
  <edge xml:id="ne-lnk24" from="ne-n6" to="penn-n88"/>
  <edge xml:id="ne-lnk23" from="ne-n5" to="penn-n84"/>
  <edge xml:id="ne-lnk22" from="ne-n5" to="penn-n83"/>
  <edge xml:id="ne-lnk21" from="ne-n5" to="penn-n82"/>
  <edge xml:id="ne-lnk52" from="ne-n25" to="penn-n261"/>
  <edge xml:id="ne-lnk20" from="ne-n4" to="penn-n62"/>
  <edge xml:id="ne-lnk51" from="ne-n25" to="penn-n260"/>
  <edge xml:id="ne-lnk50" from="ne-n24" to="penn-n245"/>
  <edge xml:id="ne-lnk19" from="ne-n4" to="penn-n61"/>
  <edge xml:id="ne-lnk18" from="ne-n3" to="penn-n59"/>
  <edge xml:id="ne-lnk49" from="ne-n23" to="penn-n218"/>
  <edge xml:id="ne-lnk17" from="ne-n3" to="penn-n58"/>
  <edge xml:id="ne-lnk48" from="ne-n22" to="penn-n216"/>
  <edge xml:id="ne-lnk16" from="ne-n3" to="penn-n57"/>
  <edge xml:id="ne-lnk47" from="ne-n21" to="penn-n195"/>
  <edge xml:id="ne-lnk15" from="ne-n2" to="penn-n49"/>
  <edge xml:id="ne-lnk46" from="ne-n20" to="penn-n183"/>
  <edge xml:id="ne-lnk14" from="ne-n2" to="penn-n48"/>
  <edge xml:id="ne-lnk45" from="ne-n19" to="penn-n181"/>
  <edge xml:id="ne-lnk13" from="ne-n1" to="penn-n45"/>
  <edge xml:id="ne-lnk44" from="ne-n18" to="penn-n175"/>
  <edge xml:id="ne-lnk12" from="ne-n1" to="penn-n44"/>
  <edge xml:id="ne-lnk43" from="ne-n17" to="penn-n162"/>
  <edge xml:id="ne-lnk11" from="ne-n1" to="penn-n43"/>
  <edge xml:id="ne-lnk42" from="ne-n16" to="penn-n160"/>
  <edge xml:id="ne-lnk10" from="ne-n0" to="penn-n12"/>
  <edge xml:id="ne-lnk41" from="ne-n15" to="penn-n152"/>
  <edge xml:id="ne-lnk40" from="ne-n14" to="penn-n129"/>
</graph>
