<graph xmlns="http://www.xces.org/ns/GrAF/1.0/" xmlns:graf="http://www.xces.org/ns/GrAF/1.0/">
  <graphHeader>
    <labelsDecl>
      <labelUsage label="Head" occurs="5"/>
      <labelUsage label="s" occurs="21"/>
    </labelsDecl>
    <annotationSpaces>
      <annotationSpace as.id="anc"/>
    </annotationSpaces>
  </graphHeader>
  <region xml:id="s-r0" anchors="4 415"/>
  <node xml:id="s-n0">
    <link targets="s-r0"/>
  </node>
  <a xml:id="s-N65573" label="Head" ref="s-n0" as="anc">
    <fs>
      <f name="type" value="email"/>
    </fs>
  </a>
  <region xml:id="s-r1" anchors="418 528"/>
  <node xml:id="s-n1">
    <link targets="s-r1"/>
  </node>
  <a xml:id="s-N65597" label="Head" ref="s-n1" as="anc">
    <fs>
      <f name="type" value="email"/>
    </fs>
  </a>
  <region xml:id="s-r2" anchors="531 700"/>
  <node xml:id="s-n2">
    <link targets="s-r2"/>
  </node>
  <a xml:id="s-N65621" label="Head" ref="s-n2" as="anc">
    <fs>
      <f name="type" value="email"/>
    </fs>
  </a>
  <region xml:id="s-r3" anchors="702 753"/>
  <node xml:id="s-n3">
    <link targets="s-r3"/>
  </node>
  <a xml:id="s-N65645" label="s" ref="s-n3" as="anc"/>
  <region xml:id="s-r4" anchors="755 784"/>
  <node xml:id="s-n4">
    <link targets="s-r4"/>
  </node>
  <a xml:id="s-N65661" label="s" ref="s-n4" as="anc"/>
  <region xml:id="s-r5" anchors="785 833"/>
  <node xml:id="s-n5">
    <link targets="s-r5"/>
  </node>
  <a xml:id="s-N65677" label="s" ref="s-n5" as="anc"/>
  <region xml:id="s-r6" anchors="834 870"/>
  <node xml:id="s-n6">
    <link targets="s-r6"/>
  </node>
  <a xml:id="s-N65693" label="s" ref="s-n6" as="anc"/>
  <region xml:id="s-r7" anchors="871 894"/>
  <node xml:id="s-n7">
    <link targets="s-r7"/>
  </node>
  <a xml:id="s-N65709" label="s" ref="s-n7" as="anc"/>
  <region xml:id="s-r8" anchors="895 925"/>
  <node xml:id="s-n8">
    <link targets="s-r8"/>
  </node>
  <a xml:id="s-N65725" label="s" ref="s-n8" as="anc"/>
  <region xml:id="s-r9" anchors="928 1008"/>
  <node xml:id="s-n9">
    <link targets="s-r9"/>
  </node>
  <a xml:id="s-N65741" label="s" ref="s-n9" as="anc"/>
  <region xml:id="s-r10" anchors="1032 1315"/>
  <node xml:id="s-n10">
    <link targets="s-r10"/>
  </node>
  <a xml:id="s-N65757" label="Head" ref="s-n10" as="anc">
    <fs>
      <f name="type" value="email"/>
    </fs>
  </a>
  <region xml:id="s-r11" anchors="1317 1368"/>
  <node xml:id="s-n11">
    <link targets="s-r11"/>
  </node>
  <a xml:id="s-N65781" label="s" ref="s-n11" as="anc"/>
  <region xml:id="s-r12" anchors="1370 1402"/>
  <node xml:id="s-n12">
    <link targets="s-r12"/>
  </node>
  <a xml:id="s-N65797" label="s" ref="s-n12" as="anc"/>
  <region xml:id="s-r13" anchors="1403 1451"/>
  <node xml:id="s-n13">
    <link targets="s-r13"/>
  </node>
  <a xml:id="s-N65813" label="s" ref="s-n13" as="anc"/>
  <region xml:id="s-r14" anchors="1452 1489"/>
  <node xml:id="s-n14">
    <link targets="s-r14"/>
  </node>
  <a xml:id="s-N65829" label="s" ref="s-n14" as="anc"/>
  <region xml:id="s-r15" anchors="1490 1513"/>
  <node xml:id="s-n15">
    <link targets="s-r15"/>
  </node>
  <a xml:id="s-N65845" label="s" ref="s-n15" as="anc"/>
  <region xml:id="s-r16" anchors="1514 1544"/>
  <node xml:id="s-n16">
    <link targets="s-r16"/>
  </node>
  <a xml:id="s-N65861" label="s" ref="s-n16" as="anc"/>
  <region xml:id="s-r17" anchors="1547 1627"/>
  <node xml:id="s-n17">
    <link targets="s-r17"/>
  </node>
  <a xml:id="s-N65877" label="s" ref="s-n17" as="anc"/>
  <region xml:id="s-r18" anchors="1651 1927"/>
  <node xml:id="s-n18">
    <link targets="s-r18"/>
  </node>
  <a xml:id="s-N65893" label="Head" ref="s-n18" as="anc">
    <fs>
      <f name="type" value="email"/>
    </fs>
  </a>
  <region xml:id="s-r19" anchors="1929 1980"/>
  <node xml:id="s-n19">
    <link targets="s-r19"/>
  </node>
  <a xml:id="s-N65917" label="s" ref="s-n19" as="anc"/>
  <region xml:id="s-r20" anchors="1982 2012"/>
  <node xml:id="s-n20">
    <link targets="s-r20"/>
  </node>
  <a xml:id="s-N65933" label="s" ref="s-n20" as="anc"/>
  <region xml:id="s-r21" anchors="2013 2061"/>
  <node xml:id="s-n21">
    <link targets="s-r21"/>
  </node>
  <a xml:id="s-N65949" label="s" ref="s-n21" as="anc"/>
  <region xml:id="s-r22" anchors="2062 2092"/>
  <node xml:id="s-n22">
    <link targets="s-r22"/>
  </node>
  <a xml:id="s-N65965" label="s" ref="s-n22" as="anc"/>
  <region xml:id="s-r23" anchors="2093 2116"/>
  <node xml:id="s-n23">
    <link targets="s-r23"/>
  </node>
  <a xml:id="s-N65981" label="s" ref="s-n23" as="anc"/>
  <region xml:id="s-r24" anchors="2117 2147"/>
  <node xml:id="s-n24">
    <link targets="s-r24"/>
  </node>
  <a xml:id="s-N65997" label="s" ref="s-n24" as="anc"/>
  <region xml:id="s-r25" anchors="2150 2230"/>
  <node xml:id="s-n25">
    <link targets="s-r25"/>
  </node>
  <a xml:id="s-N66013" label="s" ref="s-n25" as="anc"/>
</graph>
