<?xml version="1.0" encoding="UTF-8"?><graph xmlns="http://www.xces.org/ns/GrAF/1.0/" xmlns:graf="http://www.xces.org/ns/GrAF/1.0/">
    <graphHeader>
        <labelsDecl>
        </labelsDecl>
    </graphHeader>
    <region xml:id="seg-r0" anchors="4 8"/>
    <region xml:id="seg-r1" anchors="8 9"/>
    <region xml:id="seg-r3" anchors="10 13"/>
    <region xml:id="seg-r4" anchors="13 14"/>
    <region xml:id="seg-r6" anchors="15 17"/>
    <region xml:id="seg-r8" anchors="18 21"/>
    <region xml:id="seg-r10" anchors="22 26"/>
    <region xml:id="seg-r12" anchors="27 35"/>
    <region xml:id="seg-r14" anchors="36 37"/>
    <region xml:id="seg-r15" anchors="37 41"/>
    <region xml:id="seg-r17" anchors="42 43"/>
    <region xml:id="seg-r18" anchors="43 46"/>
    <region xml:id="seg-r19" anchors="46 47"/>
    <region xml:id="seg-r21" anchors="48 52"/>
    <region xml:id="seg-r22" anchors="52 53"/>
    <region xml:id="seg-r24" anchors="54 75"/>
    <region xml:id="seg-r26" anchors="76 78"/>
    <region xml:id="seg-r27" anchors="78 79"/>
    <region xml:id="seg-r29" anchors="80 106"/>
    <region xml:id="seg-r31" anchors="107 114"/>
    <region xml:id="seg-r32" anchors="114 115"/>
    <region xml:id="seg-r34" anchors="116 117"/>
    <region xml:id="seg-r35" anchors="117 118"/>
    <region xml:id="seg-r36" anchors="118 124"/>
    <region xml:id="seg-r38" anchors="125 132"/>
    <region xml:id="seg-r40" anchors="133 141"/>
    <region xml:id="seg-r41" anchors="141 142"/>
    <region xml:id="seg-r42" anchors="142 143"/>
    <region xml:id="seg-r44" anchors="144 145"/>
    <region xml:id="seg-r46" anchors="146 151"/>
    <region xml:id="seg-r48" anchors="152 156"/>
    <region xml:id="seg-r50" anchors="157 161"/>
    <region xml:id="seg-r52" anchors="162 167"/>
    <region xml:id="seg-r53" anchors="167 174"/>
    <region xml:id="seg-r54" anchors="174 175"/>
    <region xml:id="seg-r56" anchors="176 179"/>
    <region xml:id="seg-r58" anchors="180 188"/>
    <region xml:id="seg-r59" anchors="188 192"/>
    <region xml:id="seg-r60" anchors="192 193"/>
    <region xml:id="seg-r62" anchors="194 198"/>
    <region xml:id="seg-r63" anchors="198 199"/>
    <region xml:id="seg-r64" anchors="199 204"/>
    <region xml:id="seg-r65" anchors="204 205"/>
    <region xml:id="seg-r67" anchors="206 213"/>
    <region xml:id="seg-r68" anchors="213 214"/>
    <region xml:id="seg-r69" anchors="214 222"/>
    <region xml:id="seg-r71" anchors="223 231"/>
    <region xml:id="seg-r72" anchors="231 240"/>
    <region xml:id="seg-r73" anchors="240 248"/>
    <region xml:id="seg-r74" anchors="248 249"/>
    <region xml:id="seg-r76" anchors="250 251"/>
    <region xml:id="seg-r77" anchors="251 254"/>
    <region xml:id="seg-r79" anchors="255 261"/>
    <region xml:id="seg-r80" anchors="261 262"/>
    <region xml:id="seg-r82" anchors="263 269"/>
    <region xml:id="seg-r84" anchors="270 271"/>
    <region xml:id="seg-r86" anchors="272 276"/>
    <region xml:id="seg-r88" anchors="277 281"/>
    <region xml:id="seg-r89" anchors="281 282"/>
    <region xml:id="seg-r91" anchors="283 290"/>
    <region xml:id="seg-r93" anchors="291 299"/>
    <region xml:id="seg-r95" anchors="300 304"/>
    <region xml:id="seg-r96" anchors="304 305"/>
    <region xml:id="seg-r98" anchors="307 312"/>
    <region xml:id="seg-r99" anchors="312 313"/>
    <region xml:id="seg-r101" anchors="315 323"/>
    <region xml:id="seg-r102" anchors="323 324"/>
    <region xml:id="seg-r104" anchors="325 326"/>
    <region xml:id="seg-r105" anchors="326 332"/>
    <region xml:id="seg-r106" anchors="332 333"/>
    <region xml:id="seg-r107" anchors="333 337"/>
    <region xml:id="seg-r108" anchors="337 338"/>
    <region xml:id="seg-r109" anchors="338 342"/>
    <region xml:id="seg-r110" anchors="342 346"/>
    <region xml:id="seg-r111" anchors="346 347"/>
    <region xml:id="seg-r112" anchors="347 348"/>
    <region xml:id="seg-r113" anchors="348 349"/>
    <region xml:id="seg-r114" anchors="349 354"/>
    <region xml:id="seg-r116" anchors="355 362"/>
    <region xml:id="seg-r117" anchors="362 363"/>
    <region xml:id="seg-r118" anchors="363 366"/>
    <region xml:id="seg-r120" anchors="367 376"/>
    <region xml:id="seg-r122" anchors="377 385"/>
    <region xml:id="seg-r123" anchors="385 386"/>
    <region xml:id="seg-r125" anchors="387 393"/>
    <region xml:id="seg-r127" anchors="394 404"/>
    <region xml:id="seg-r128" anchors="404 405"/>
    <region xml:id="seg-r130" anchors="406 411"/>
    <region xml:id="seg-r131" anchors="411 412"/>
    <region xml:id="seg-r132" anchors="412 415"/>
    <region xml:id="seg-r134" anchors="418 440"/>
    <region xml:id="seg-r136" anchors="441 450"/>
    <region xml:id="seg-r138" anchors="451 453"/>
    <region xml:id="seg-r140" anchors="454 460"/>
    <region xml:id="seg-r142" anchors="461 462"/>
    <region xml:id="seg-r144" anchors="463 467"/>
    <region xml:id="seg-r145" anchors="467 468"/>
    <region xml:id="seg-r146" anchors="468 470"/>
    <region xml:id="seg-r147" anchors="470 471"/>
    <region xml:id="seg-r148" anchors="471 476"/>
    <region xml:id="seg-r150" anchors="477 479"/>
    <region xml:id="seg-r152" anchors="480 490"/>
    <region xml:id="seg-r154" anchors="492 497"/>
    <region xml:id="seg-r156" anchors="498 500"/>
    <region xml:id="seg-r158" anchors="501 528"/>
    <region xml:id="seg-r160" anchors="531 548"/>
    <region xml:id="seg-r162" anchors="549 551"/>
    <region xml:id="seg-r164" anchors="552 562"/>
    <region xml:id="seg-r166" anchors="563 571"/>
    <region xml:id="seg-r168" anchors="572 574"/>
    <region xml:id="seg-r170" anchors="579 581"/>
    <region xml:id="seg-r171" anchors="581 582"/>
    <region xml:id="seg-r173" anchors="583 584"/>
    <region xml:id="seg-r174" anchors="584 590"/>
    <region xml:id="seg-r175" anchors="590 591"/>
    <region xml:id="seg-r176" anchors="591 607"/>
    <region xml:id="seg-r177" anchors="607 608"/>
    <region xml:id="seg-r179" anchors="609 610"/>
    <region xml:id="seg-r180" anchors="610 616"/>
    <region xml:id="seg-r181" anchors="616 617"/>
    <region xml:id="seg-r182" anchors="617 633"/>
    <region xml:id="seg-r183" anchors="633 634"/>
    <region xml:id="seg-r185" anchors="635 637"/>
    <region xml:id="seg-r186" anchors="637 638"/>
    <region xml:id="seg-r188" anchors="646 653"/>
    <region xml:id="seg-r189" anchors="653 654"/>
    <region xml:id="seg-r191" anchors="655 656"/>
    <region xml:id="seg-r192" anchors="656 657"/>
    <region xml:id="seg-r193" anchors="657 663"/>
    <region xml:id="seg-r195" anchors="664 671"/>
    <region xml:id="seg-r197" anchors="672 680"/>
    <region xml:id="seg-r198" anchors="680 681"/>
    <region xml:id="seg-r199" anchors="681 682"/>
    <region xml:id="seg-r201" anchors="683 684"/>
    <region xml:id="seg-r203" anchors="685 690"/>
    <region xml:id="seg-r205" anchors="691 695"/>
    <region xml:id="seg-r207" anchors="696 700"/>
    <region xml:id="seg-r209" anchors="702 705"/>
    <region xml:id="seg-r211" anchors="706 715"/>
    <region xml:id="seg-r213" anchors="716 723"/>
    <region xml:id="seg-r215" anchors="724 730"/>
    <region xml:id="seg-r217" anchors="731 733"/>
    <region xml:id="seg-r219" anchors="734 739"/>
    <region xml:id="seg-r221" anchors="740 743"/>
    <region xml:id="seg-r223" anchors="744 752"/>
    <region xml:id="seg-r224" anchors="752 753"/>
    <region xml:id="seg-r226" anchors="755 763"/>
    <region xml:id="seg-r228" anchors="764 768"/>
    <region xml:id="seg-r229" anchors="768 769"/>
    <region xml:id="seg-r231" anchors="770 774"/>
    <region xml:id="seg-r233" anchors="775 777"/>
    <region xml:id="seg-r235" anchors="778 784"/>
    <region xml:id="seg-r237" anchors="785 791"/>
    <region xml:id="seg-r239" anchors="792 796"/>
    <region xml:id="seg-r241" anchors="797 804"/>
    <region xml:id="seg-r243" anchors="805 807"/>
    <region xml:id="seg-r244" anchors="807 808"/>
    <region xml:id="seg-r246" anchors="810 819"/>
    <region xml:id="seg-r248" anchors="820 833"/>
    <region xml:id="seg-r250" anchors="834 841"/>
    <region xml:id="seg-r252" anchors="842 848"/>
    <region xml:id="seg-r254" anchors="849 853"/>
    <region xml:id="seg-r255" anchors="853 854"/>
    <region xml:id="seg-r257" anchors="855 860"/>
    <region xml:id="seg-r259" anchors="861 865"/>
    <region xml:id="seg-r261" anchors="866 870"/>
    <region xml:id="seg-r263" anchors="871 877"/>
    <region xml:id="seg-r265" anchors="878 883"/>
    <region xml:id="seg-r266" anchors="883 884"/>
    <region xml:id="seg-r268" anchors="885 894"/>
    <region xml:id="seg-r270" anchors="895 901"/>
    <region xml:id="seg-r272" anchors="902 905"/>
    <region xml:id="seg-r274" anchors="906 914"/>
    <region xml:id="seg-r275" anchors="914 915"/>
    <region xml:id="seg-r277" anchors="916 925"/>
    <region xml:id="seg-r279" anchors="928 930"/>
    <region xml:id="seg-r281" anchors="931 938"/>
    <region xml:id="seg-r283" anchors="939 943"/>
    <region xml:id="seg-r285" anchors="944 951"/>
    <region xml:id="seg-r287" anchors="952 958"/>
    <region xml:id="seg-r288" anchors="958 959"/>
    <region xml:id="seg-r290" anchors="960 965"/>
    <region xml:id="seg-r292" anchors="966 968"/>
    <region xml:id="seg-r294" anchors="969 972"/>
    <region xml:id="seg-r296" anchors="973 982"/>
    <region xml:id="seg-r298" anchors="983 987"/>
    <region xml:id="seg-r300" anchors="988 991"/>
    <region xml:id="seg-r302" anchors="992 998"/>
    <region xml:id="seg-r304" anchors="1000 1007"/>
    <region xml:id="seg-r305" anchors="1007 1008"/>
    <region xml:id="seg-r307" anchors="1009 1029"/>
    <region xml:id="seg-r309" anchors="1032 1054"/>
    <region xml:id="seg-r311" anchors="1055 1064"/>
    <region xml:id="seg-r313" anchors="1065 1067"/>
    <region xml:id="seg-r315" anchors="1068 1074"/>
    <region xml:id="seg-r317" anchors="1075 1076"/>
    <region xml:id="seg-r319" anchors="1077 1081"/>
    <region xml:id="seg-r320" anchors="1081 1082"/>
    <region xml:id="seg-r321" anchors="1082 1084"/>
    <region xml:id="seg-r322" anchors="1084 1085"/>
    <region xml:id="seg-r323" anchors="1085 1090"/>
    <region xml:id="seg-r325" anchors="1091 1093"/>
    <region xml:id="seg-r327" anchors="1094 1104"/>
    <region xml:id="seg-r329" anchors="1106 1111"/>
    <region xml:id="seg-r331" anchors="1112 1114"/>
    <region xml:id="seg-r333" anchors="1115 1142"/>
    <region xml:id="seg-r335" anchors="1145 1162"/>
    <region xml:id="seg-r337" anchors="1163 1165"/>
    <region xml:id="seg-r339" anchors="1166 1176"/>
    <region xml:id="seg-r341" anchors="1177 1185"/>
    <region xml:id="seg-r343" anchors="1186 1188"/>
    <region xml:id="seg-r345" anchors="1193 1195"/>
    <region xml:id="seg-r346" anchors="1195 1196"/>
    <region xml:id="seg-r348" anchors="1197 1198"/>
    <region xml:id="seg-r349" anchors="1198 1221"/>
    <region xml:id="seg-r350" anchors="1221 1222"/>
    <region xml:id="seg-r352" anchors="1223 1224"/>
    <region xml:id="seg-r353" anchors="1224 1247"/>
    <region xml:id="seg-r354" anchors="1247 1248"/>
    <region xml:id="seg-r356" anchors="1249 1251"/>
    <region xml:id="seg-r357" anchors="1251 1252"/>
    <region xml:id="seg-r359" anchors="1260 1267"/>
    <region xml:id="seg-r360" anchors="1267 1268"/>
    <region xml:id="seg-r362" anchors="1269 1270"/>
    <region xml:id="seg-r363" anchors="1270 1271"/>
    <region xml:id="seg-r364" anchors="1271 1277"/>
    <region xml:id="seg-r366" anchors="1278 1285"/>
    <region xml:id="seg-r368" anchors="1286 1294"/>
    <region xml:id="seg-r369" anchors="1294 1295"/>
    <region xml:id="seg-r370" anchors="1295 1296"/>
    <region xml:id="seg-r372" anchors="1297 1298"/>
    <region xml:id="seg-r374" anchors="1299 1306"/>
    <region xml:id="seg-r376" anchors="1307 1315"/>
    <region xml:id="seg-r378" anchors="1317 1320"/>
    <region xml:id="seg-r380" anchors="1321 1330"/>
    <region xml:id="seg-r382" anchors="1331 1338"/>
    <region xml:id="seg-r384" anchors="1339 1345"/>
    <region xml:id="seg-r386" anchors="1346 1348"/>
    <region xml:id="seg-r388" anchors="1349 1354"/>
    <region xml:id="seg-r390" anchors="1355 1358"/>
    <region xml:id="seg-r392" anchors="1359 1367"/>
    <region xml:id="seg-r393" anchors="1367 1368"/>
    <region xml:id="seg-r395" anchors="1370 1378"/>
    <region xml:id="seg-r397" anchors="1379 1383"/>
    <region xml:id="seg-r398" anchors="1383 1384"/>
    <region xml:id="seg-r400" anchors="1385 1389"/>
    <region xml:id="seg-r402" anchors="1390 1395"/>
    <region xml:id="seg-r404" anchors="1396 1398"/>
    <region xml:id="seg-r406" anchors="1399 1401"/>
    <region xml:id="seg-r407" anchors="1401 1402"/>
    <region xml:id="seg-r409" anchors="1403 1409"/>
    <region xml:id="seg-r411" anchors="1410 1414"/>
    <region xml:id="seg-r413" anchors="1415 1422"/>
    <region xml:id="seg-r415" anchors="1423 1425"/>
    <region xml:id="seg-r416" anchors="1425 1426"/>
    <region xml:id="seg-r418" anchors="1428 1437"/>
    <region xml:id="seg-r420" anchors="1438 1451"/>
    <region xml:id="seg-r422" anchors="1452 1459"/>
    <region xml:id="seg-r424" anchors="1460 1466"/>
    <region xml:id="seg-r426" anchors="1467 1471"/>
    <region xml:id="seg-r427" anchors="1471 1472"/>
    <region xml:id="seg-r429" anchors="1473 1480"/>
    <region xml:id="seg-r431" anchors="1481 1489"/>
    <region xml:id="seg-r433" anchors="1490 1496"/>
    <region xml:id="seg-r435" anchors="1497 1502"/>
    <region xml:id="seg-r436" anchors="1502 1503"/>
    <region xml:id="seg-r438" anchors="1504 1513"/>
    <region xml:id="seg-r440" anchors="1514 1520"/>
    <region xml:id="seg-r442" anchors="1521 1524"/>
    <region xml:id="seg-r444" anchors="1525 1533"/>
    <region xml:id="seg-r445" anchors="1533 1534"/>
    <region xml:id="seg-r447" anchors="1535 1544"/>
    <region xml:id="seg-r449" anchors="1547 1549"/>
    <region xml:id="seg-r451" anchors="1550 1557"/>
    <region xml:id="seg-r453" anchors="1558 1562"/>
    <region xml:id="seg-r455" anchors="1563 1570"/>
    <region xml:id="seg-r457" anchors="1571 1577"/>
    <region xml:id="seg-r458" anchors="1577 1578"/>
    <region xml:id="seg-r460" anchors="1579 1584"/>
    <region xml:id="seg-r462" anchors="1585 1587"/>
    <region xml:id="seg-r464" anchors="1588 1591"/>
    <region xml:id="seg-r466" anchors="1592 1601"/>
    <region xml:id="seg-r468" anchors="1602 1606"/>
    <region xml:id="seg-r470" anchors="1607 1610"/>
    <region xml:id="seg-r472" anchors="1611 1617"/>
    <region xml:id="seg-r474" anchors="1619 1626"/>
    <region xml:id="seg-r475" anchors="1626 1627"/>
    <region xml:id="seg-r477" anchors="1628 1648"/>
    <region xml:id="seg-r479" anchors="1651 1673"/>
    <region xml:id="seg-r481" anchors="1674 1683"/>
    <region xml:id="seg-r483" anchors="1684 1686"/>
    <region xml:id="seg-r485" anchors="1687 1693"/>
    <region xml:id="seg-r487" anchors="1694 1695"/>
    <region xml:id="seg-r489" anchors="1696 1700"/>
    <region xml:id="seg-r490" anchors="1700 1701"/>
    <region xml:id="seg-r491" anchors="1701 1703"/>
    <region xml:id="seg-r492" anchors="1703 1704"/>
    <region xml:id="seg-r493" anchors="1704 1709"/>
    <region xml:id="seg-r495" anchors="1710 1712"/>
    <region xml:id="seg-r497" anchors="1713 1723"/>
    <region xml:id="seg-r499" anchors="1725 1730"/>
    <region xml:id="seg-r501" anchors="1731 1733"/>
    <region xml:id="seg-r503" anchors="1734 1761"/>
    <region xml:id="seg-r505" anchors="1764 1781"/>
    <region xml:id="seg-r507" anchors="1782 1784"/>
    <region xml:id="seg-r509" anchors="1785 1795"/>
    <region xml:id="seg-r511" anchors="1796 1804"/>
    <region xml:id="seg-r513" anchors="1805 1807"/>
    <region xml:id="seg-r515" anchors="1812 1814"/>
    <region xml:id="seg-r516" anchors="1814 1815"/>
    <region xml:id="seg-r518" anchors="1816 1817"/>
    <region xml:id="seg-r519" anchors="1817 1840"/>
    <region xml:id="seg-r520" anchors="1840 1841"/>
    <region xml:id="seg-r522" anchors="1842 1843"/>
    <region xml:id="seg-r523" anchors="1843 1866"/>
    <region xml:id="seg-r524" anchors="1866 1867"/>
    <region xml:id="seg-r526" anchors="1868 1870"/>
    <region xml:id="seg-r527" anchors="1870 1871"/>
    <region xml:id="seg-r529" anchors="1879 1886"/>
    <region xml:id="seg-r530" anchors="1886 1887"/>
    <region xml:id="seg-r532" anchors="1888 1889"/>
    <region xml:id="seg-r533" anchors="1889 1890"/>
    <region xml:id="seg-r534" anchors="1890 1896"/>
    <region xml:id="seg-r536" anchors="1897 1904"/>
    <region xml:id="seg-r538" anchors="1905 1913"/>
    <region xml:id="seg-r539" anchors="1913 1914"/>
    <region xml:id="seg-r540" anchors="1914 1915"/>
    <region xml:id="seg-r542" anchors="1916 1917"/>
    <region xml:id="seg-r544" anchors="1918 1920"/>
    <region xml:id="seg-r545" anchors="1920 1927"/>
    <region xml:id="seg-r547" anchors="1929 1932"/>
    <region xml:id="seg-r549" anchors="1933 1942"/>
    <region xml:id="seg-r551" anchors="1943 1950"/>
    <region xml:id="seg-r553" anchors="1951 1957"/>
    <region xml:id="seg-r555" anchors="1958 1960"/>
    <region xml:id="seg-r557" anchors="1961 1966"/>
    <region xml:id="seg-r559" anchors="1967 1970"/>
    <region xml:id="seg-r561" anchors="1971 1979"/>
    <region xml:id="seg-r562" anchors="1979 1980"/>
    <region xml:id="seg-r564" anchors="1982 1990"/>
    <region xml:id="seg-r566" anchors="1991 1995"/>
    <region xml:id="seg-r567" anchors="1995 1996"/>
    <region xml:id="seg-r569" anchors="1997 2002"/>
    <region xml:id="seg-r571" anchors="2003 2010"/>
    <region xml:id="seg-r573" anchors="2013 2019"/>
    <region xml:id="seg-r575" anchors="2020 2024"/>
    <region xml:id="seg-r577" anchors="2025 2032"/>
    <region xml:id="seg-r579" anchors="2033 2035"/>
    <region xml:id="seg-r580" anchors="2035 2036"/>
    <region xml:id="seg-r582" anchors="2038 2047"/>
    <region xml:id="seg-r584" anchors="2048 2061"/>
    <region xml:id="seg-r586" anchors="2062 2069"/>
    <region xml:id="seg-r588" anchors="2070 2076"/>
    <region xml:id="seg-r590" anchors="2077 2081"/>
    <region xml:id="seg-r591" anchors="2081 2082"/>
    <region xml:id="seg-r593" anchors="2083 2085"/>
    <region xml:id="seg-r594" anchors="2085 2092"/>
    <region xml:id="seg-r596" anchors="2093 2099"/>
    <region xml:id="seg-r598" anchors="2100 2105"/>
    <region xml:id="seg-r599" anchors="2105 2106"/>
    <region xml:id="seg-r601" anchors="2107 2116"/>
    <region xml:id="seg-r603" anchors="2117 2123"/>
    <region xml:id="seg-r605" anchors="2124 2127"/>
    <region xml:id="seg-r607" anchors="2128 2136"/>
    <region xml:id="seg-r608" anchors="2136 2137"/>
    <region xml:id="seg-r610" anchors="2138 2147"/>
    <region xml:id="seg-r612" anchors="2150 2152"/>
    <region xml:id="seg-r614" anchors="2153 2160"/>
    <region xml:id="seg-r616" anchors="2161 2165"/>
    <region xml:id="seg-r618" anchors="2166 2173"/>
    <region xml:id="seg-r620" anchors="2174 2180"/>
    <region xml:id="seg-r621" anchors="2180 2181"/>
    <region xml:id="seg-r623" anchors="2182 2187"/>
    <region xml:id="seg-r625" anchors="2188 2190"/>
    <region xml:id="seg-r627" anchors="2191 2194"/>
    <region xml:id="seg-r629" anchors="2195 2204"/>
    <region xml:id="seg-r631" anchors="2205 2209"/>
    <region xml:id="seg-r633" anchors="2210 2213"/>
    <region xml:id="seg-r635" anchors="2214 2220"/>
    <region xml:id="seg-r637" anchors="2222 2229"/>
    <region xml:id="seg-r638" anchors="2229 2230"/>
    <region xml:id="seg-r640" anchors="2231 2251"/>
</graph>
