<graph xmlns="http://www.xces.org/ns/GrAF/1.0/" xmlns:graf="http://www.xces.org/ns/GrAF/1.0/">
  <graphHeader>
    <labelsDecl>
      <labelUsage label="person" occurs="9"/>
      <labelUsage label="org" occurs="6"/>
      <labelUsage label="date" occurs="12"/>
    </labelsDecl>
    <dependencies>
      <dependsOn f.id="f.penn"/>
    </dependencies>
    <annotationSpaces>
      <annotationSpace as.id="anc"/>
    </annotationSpaces>
  </graphHeader>
  <node xml:id="ne-n0"/>
  <a xml:id="ne-N65575" label="date" ref="ne-n0" as="anc">
    <fs>
      <f name="kind" value="dateTime"/>
      <f name="id" value="1000"/>
    </fs>
  </a>
  <node xml:id="ne-n1"/>
  <a xml:id="ne-N65595" label="date" ref="ne-n1" as="anc">
    <fs>
      <f name="id" value="1001"/>
      <f name="kind" value="date"/>
    </fs>
  </a>
  <node xml:id="ne-n10"/>
  <a xml:id="ne-N65615" label="date" ref="ne-n10" as="anc">
    <fs>
      <f name="id" value="1006"/>
      <f name="kind" value="date"/>
    </fs>
  </a>
  <node xml:id="ne-n11"/>
  <a xml:id="ne-N65635" label="org" ref="ne-n11" as="anc">
    <fs>
      <f name="id" value="1007"/>
      <f name="type" value="company"/>
    </fs>
  </a>
  <node xml:id="ne-n12"/>
  <a xml:id="ne-N65655" label="person" ref="ne-n12" as="anc">
    <fs>
      <f name="sex" value="male"/>
      <f name="id" value="660"/>
    </fs>
  </a>
  <node xml:id="ne-n13"/>
  <a xml:id="ne-N65675" label="date" ref="ne-n13" as="anc">
    <fs>
      <f name="id" value="1008"/>
      <f name="kind" value="date"/>
    </fs>
  </a>
  <node xml:id="ne-n14"/>
  <a xml:id="ne-N65695" label="org" ref="ne-n14" as="anc">
    <fs>
      <f name="id" value="1009"/>
      <f name="type" value="company"/>
    </fs>
  </a>
  <node xml:id="ne-n15"/>
  <a xml:id="ne-N65715" label="person" ref="ne-n15" as="anc">
    <fs>
      <f name="sex" value="male"/>
      <f name="id" value="1010"/>
    </fs>
  </a>
  <node xml:id="ne-n16"/>
  <a xml:id="ne-N65735" label="org" ref="ne-n16" as="anc">
    <fs>
      <f name="id" value="1011"/>
      <f name="kind" value="company"/>
    </fs>
  </a>
  <node xml:id="ne-n17"/>
  <a xml:id="ne-N65755" label="date" ref="ne-n17" as="anc">
    <fs>
      <f name="id" value="1012"/>
      <f name="kind" value="dateTime"/>
    </fs>
  </a>
  <node xml:id="ne-n18"/>
  <a xml:id="ne-N65775" label="date" ref="ne-n18" as="anc">
    <fs>
      <f name="id" value="1013"/>
      <f name="kind" value="dateTime"/>
    </fs>
  </a>
  <node xml:id="ne-n19"/>
  <a xml:id="ne-N65795" label="person" ref="ne-n19" as="anc">
    <fs>
      <f name="id" value="680"/>
      <f name="case" value="nominative"/>
      <f name="number" value="singular"/>
      <f name="person" value="third"/>
      <f name="sex" value="male"/>
    </fs>
  </a>
  <node xml:id="ne-n2"/>
  <a xml:id="ne-N65827" label="org" ref="ne-n2" as="anc">
    <fs>
      <f name="id" value="1002"/>
      <f name="type" value="company"/>
    </fs>
  </a>
  <node xml:id="ne-n20"/>
  <a xml:id="ne-N65847" label="person" ref="ne-n20" as="anc">
    <fs>
      <f name="sex" value="male"/>
      <f name="id" value="687"/>
    </fs>
  </a>
  <node xml:id="ne-n21"/>
  <a xml:id="ne-N65867" label="org" ref="ne-n21" as="anc">
    <fs>
      <f name="id" value="1014"/>
      <f name="type" value="company"/>
    </fs>
  </a>
  <node xml:id="ne-n22"/>
  <a xml:id="ne-N65887" label="date" ref="ne-n22" as="anc">
    <fs>
      <f name="id" value="1015"/>
      <f name="kind" value="dateTime"/>
    </fs>
  </a>
  <node xml:id="ne-n23"/>
  <a xml:id="ne-N65907" label="date" ref="ne-n23" as="anc">
    <fs>
      <f name="id" value="1016"/>
      <f name="kind" value="dateTime"/>
    </fs>
  </a>
  <node xml:id="ne-n24"/>
  <a xml:id="ne-N65927" label="date" ref="ne-n24" as="anc">
    <fs>
      <f name="kind" value="date"/>
      <f name="id" value="61899"/>
    </fs>
  </a>
  <node xml:id="ne-n25"/>
  <a xml:id="ne-N65947" label="person" ref="ne-n25" as="anc">
    <fs>
      <f name="id" value="697"/>
      <f name="sex" value="male"/>
    </fs>
  </a>
  <node xml:id="ne-n26"/>
  <a xml:id="ne-N65967" label="date" ref="ne-n26" as="anc">
    <fs>
      <f name="kind" value="date"/>
      <f name="id" value="62699"/>
    </fs>
  </a>
  <node xml:id="ne-n3"/>
  <a xml:id="ne-N65987" label="person" ref="ne-n3" as="anc">
    <fs>
      <f name="sex" value="male"/>
      <f name="id" value="641"/>
    </fs>
  </a>
  <node xml:id="ne-n4"/>
  <a xml:id="ne-N66007" label="person" ref="ne-n4" as="anc">
    <fs>
      <f name="id" value="642"/>
      <f name="sex" value="female"/>
    </fs>
  </a>
  <node xml:id="ne-n5"/>
  <a xml:id="ne-N66027" label="person" ref="ne-n5" as="anc">
    <fs>
      <f name="sex" value="male"/>
      <f name="id" value="643"/>
    </fs>
  </a>
  <node xml:id="ne-n6"/>
  <a xml:id="ne-N66047" label="person" ref="ne-n6" as="anc">
    <fs>
      <f name="sex" value="male"/>
      <f name="id" value="649"/>
    </fs>
  </a>
  <node xml:id="ne-n7"/>
  <a xml:id="ne-N66067" label="org" ref="ne-n7" as="anc">
    <fs>
      <f name="id" value="1003"/>
      <f name="type" value="company"/>
    </fs>
  </a>
  <node xml:id="ne-n8"/>
  <a xml:id="ne-N66087" label="date" ref="ne-n8" as="anc">
    <fs>
      <f name="id" value="1004"/>
      <f name="kind" value="dateTime"/>
    </fs>
  </a>
  <node xml:id="ne-n9"/>
  <a xml:id="ne-N66107" label="date" ref="ne-n9" as="anc">
    <fs>
      <f name="id" value="1005"/>
      <f name="kind" value="dateTime"/>
    </fs>
  </a>
  <edge xml:id="ne-lnk39" from="ne-n13" to="penn-n164"/>
  <edge xml:id="ne-lnk38" from="ne-n13" to="penn-n163"/>
  <edge xml:id="ne-lnk69" from="ne-n26" to="penn-n356"/>
  <edge xml:id="ne-lnk37" from="ne-n12" to="penn-n151"/>
  <edge xml:id="ne-lnk68" from="ne-n25" to="penn-n343"/>
  <edge xml:id="ne-lnk36" from="ne-n12" to="penn-n150"/>
  <edge xml:id="ne-lnk67" from="ne-n25" to="penn-n342"/>
  <edge xml:id="ne-lnk35" from="ne-n12" to="penn-n149"/>
  <edge xml:id="ne-lnk66" from="ne-n24" to="penn-n329"/>
  <edge xml:id="ne-lnk34" from="ne-n11" to="penn-n136"/>
  <edge xml:id="ne-lnk65" from="ne-n23" to="penn-n307"/>
  <edge xml:id="ne-lnk33" from="ne-n10" to="penn-n135"/>
  <edge xml:id="ne-lnk64" from="ne-n23" to="penn-n306"/>
  <edge xml:id="ne-lnk32" from="ne-n10" to="penn-n134"/>
  <edge xml:id="ne-lnk63" from="ne-n23" to="penn-n305"/>
  <edge xml:id="ne-lnk31" from="ne-n9" to="penn-n109"/>
  <edge xml:id="ne-lnk62" from="ne-n22" to="penn-n301"/>
  <edge xml:id="ne-lnk30" from="ne-n9" to="penn-n108"/>
  <edge xml:id="ne-lnk61" from="ne-n22" to="penn-n300"/>
  <edge xml:id="ne-lnk60" from="ne-n22" to="penn-n299"/>
  <edge xml:id="ne-lnk9" from="ne-n0" to="penn-n11"/>
  <edge xml:id="ne-lnk8" from="ne-n0" to="penn-n10"/>
  <edge xml:id="ne-lnk7" from="ne-n0" to="penn-n9"/>
  <edge xml:id="ne-lnk6" from="ne-n0" to="penn-n8"/>
  <edge xml:id="ne-lnk5" from="ne-n0" to="penn-n7"/>
  <edge xml:id="ne-lnk4" from="ne-n0" to="penn-n6"/>
  <edge xml:id="ne-lnk3" from="ne-n0" to="penn-n5"/>
  <edge xml:id="ne-lnk2" from="ne-n0" to="penn-n4"/>
  <edge xml:id="ne-lnk1" from="ne-n0" to="penn-n3"/>
  <edge xml:id="ne-lnk0" from="ne-n0" to="penn-n2"/>
  <edge xml:id="ne-lnk29" from="ne-n9" to="penn-n107"/>
  <edge xml:id="ne-lnk28" from="ne-n8" to="penn-n103"/>
  <edge xml:id="ne-lnk59" from="ne-n21" to="penn-n297"/>
  <edge xml:id="ne-lnk27" from="ne-n8" to="penn-n102"/>
  <edge xml:id="ne-lnk58" from="ne-n20" to="penn-n293"/>
  <edge xml:id="ne-lnk26" from="ne-n8" to="penn-n101"/>
  <edge xml:id="ne-lnk57" from="ne-n20" to="penn-n292"/>
  <edge xml:id="ne-lnk25" from="ne-n7" to="penn-n99"/>
  <edge xml:id="ne-lnk56" from="ne-n20" to="penn-n291"/>
  <edge xml:id="ne-lnk24" from="ne-n6" to="penn-n95"/>
  <edge xml:id="ne-lnk55" from="ne-n19" to="penn-n249"/>
  <edge xml:id="ne-lnk23" from="ne-n6" to="penn-n94"/>
  <edge xml:id="ne-lnk54" from="ne-n19" to="penn-n248"/>
  <edge xml:id="ne-lnk22" from="ne-n6" to="penn-n93"/>
  <edge xml:id="ne-lnk53" from="ne-n19" to="penn-n247"/>
  <edge xml:id="ne-lnk21" from="ne-n5" to="penn-n70"/>
  <edge xml:id="ne-lnk52" from="ne-n19" to="penn-n246"/>
  <edge xml:id="ne-lnk20" from="ne-n5" to="penn-n69"/>
  <edge xml:id="ne-lnk51" from="ne-n19" to="penn-n245"/>
  <edge xml:id="ne-lnk50" from="ne-n18" to="penn-n210"/>
  <edge xml:id="ne-lnk19" from="ne-n5" to="penn-n68"/>
  <edge xml:id="ne-lnk18" from="ne-n4" to="penn-n60"/>
  <edge xml:id="ne-lnk49" from="ne-n18" to="penn-n209"/>
  <edge xml:id="ne-lnk17" from="ne-n4" to="penn-n59"/>
  <edge xml:id="ne-lnk48" from="ne-n18" to="penn-n208"/>
  <edge xml:id="ne-lnk16" from="ne-n3" to="penn-n56"/>
  <edge xml:id="ne-lnk47" from="ne-n17" to="penn-n204"/>
  <edge xml:id="ne-lnk15" from="ne-n3" to="penn-n55"/>
  <edge xml:id="ne-lnk46" from="ne-n17" to="penn-n203"/>
  <edge xml:id="ne-lnk14" from="ne-n3" to="penn-n54"/>
  <edge xml:id="ne-lnk45" from="ne-n17" to="penn-n202"/>
  <edge xml:id="ne-lnk13" from="ne-n2" to="penn-n31"/>
  <edge xml:id="ne-lnk44" from="ne-n16" to="penn-n200"/>
  <edge xml:id="ne-lnk12" from="ne-n1" to="penn-n30"/>
  <edge xml:id="ne-lnk43" from="ne-n15" to="penn-n196"/>
  <edge xml:id="ne-lnk11" from="ne-n1" to="penn-n29"/>
  <edge xml:id="ne-lnk42" from="ne-n15" to="penn-n195"/>
  <edge xml:id="ne-lnk10" from="ne-n0" to="penn-n12"/>
  <edge xml:id="ne-lnk41" from="ne-n15" to="penn-n194"/>
  <edge xml:id="ne-lnk40" from="ne-n14" to="penn-n165"/>
</graph>
