<?xml version="1.0" encoding="UTF-8"?><graph xmlns="http://www.xces.org/ns/GrAF/1.0/" xmlns:graf="http://www.xces.org/ns/GrAF/1.0/">
    <graphHeader>
        <labelsDecl>
        </labelsDecl>
    </graphHeader>
    <region xml:id="seg-r0" anchors="4 8"/>
    <region xml:id="seg-r1" anchors="8 9"/>
    <region xml:id="seg-r3" anchors="10 13"/>
    <region xml:id="seg-r4" anchors="13 14"/>
    <region xml:id="seg-r6" anchors="15 16"/>
    <region xml:id="seg-r8" anchors="17 20"/>
    <region xml:id="seg-r10" anchors="21 25"/>
    <region xml:id="seg-r12" anchors="26 34"/>
    <region xml:id="seg-r14" anchors="35 36"/>
    <region xml:id="seg-r15" anchors="36 40"/>
    <region xml:id="seg-r17" anchors="41 42"/>
    <region xml:id="seg-r18" anchors="42 45"/>
    <region xml:id="seg-r19" anchors="45 46"/>
    <region xml:id="seg-r21" anchors="47 51"/>
    <region xml:id="seg-r22" anchors="51 52"/>
    <region xml:id="seg-r24" anchors="53 74"/>
    <region xml:id="seg-r26" anchors="75 82"/>
    <region xml:id="seg-r27" anchors="82 83"/>
    <region xml:id="seg-r29" anchors="84 94"/>
    <region xml:id="seg-r31" anchors="95 100"/>
    <region xml:id="seg-r33" anchors="101 108"/>
    <region xml:id="seg-r35" anchors="109 114"/>
    <region xml:id="seg-r36" anchors="114 121"/>
    <region xml:id="seg-r37" anchors="121 122"/>
    <region xml:id="seg-r39" anchors="123 126"/>
    <region xml:id="seg-r41" anchors="127 135"/>
    <region xml:id="seg-r42" anchors="135 139"/>
    <region xml:id="seg-r43" anchors="139 140"/>
    <region xml:id="seg-r45" anchors="141 145"/>
    <region xml:id="seg-r46" anchors="145 146"/>
    <region xml:id="seg-r47" anchors="146 151"/>
    <region xml:id="seg-r48" anchors="151 152"/>
    <region xml:id="seg-r50" anchors="153 160"/>
    <region xml:id="seg-r51" anchors="160 161"/>
    <region xml:id="seg-r52" anchors="161 169"/>
    <region xml:id="seg-r54" anchors="170 178"/>
    <region xml:id="seg-r55" anchors="178 187"/>
    <region xml:id="seg-r56" anchors="187 195"/>
    <region xml:id="seg-r57" anchors="195 196"/>
    <region xml:id="seg-r59" anchors="197 198"/>
    <region xml:id="seg-r60" anchors="198 201"/>
    <region xml:id="seg-r62" anchors="202 208"/>
    <region xml:id="seg-r63" anchors="208 209"/>
    <region xml:id="seg-r65" anchors="210 216"/>
    <region xml:id="seg-r67" anchors="217 218"/>
    <region xml:id="seg-r69" anchors="219 223"/>
    <region xml:id="seg-r71" anchors="224 228"/>
    <region xml:id="seg-r72" anchors="228 229"/>
    <region xml:id="seg-r74" anchors="231 235"/>
    <region xml:id="seg-r75" anchors="235 236"/>
    <region xml:id="seg-r77" anchors="238 243"/>
    <region xml:id="seg-r78" anchors="243 244"/>
    <region xml:id="seg-r80" anchors="246 254"/>
    <region xml:id="seg-r81" anchors="254 255"/>
    <region xml:id="seg-r83" anchors="256 257"/>
    <region xml:id="seg-r84" anchors="257 263"/>
    <region xml:id="seg-r85" anchors="263 264"/>
    <region xml:id="seg-r86" anchors="264 268"/>
    <region xml:id="seg-r87" anchors="268 269"/>
    <region xml:id="seg-r88" anchors="269 273"/>
    <region xml:id="seg-r89" anchors="273 277"/>
    <region xml:id="seg-r90" anchors="277 278"/>
    <region xml:id="seg-r91" anchors="278 279"/>
    <region xml:id="seg-r92" anchors="279 280"/>
    <region xml:id="seg-r93" anchors="280 285"/>
    <region xml:id="seg-r95" anchors="286 293"/>
    <region xml:id="seg-r96" anchors="293 294"/>
    <region xml:id="seg-r97" anchors="294 297"/>
    <region xml:id="seg-r99" anchors="298 307"/>
    <region xml:id="seg-r101" anchors="308 316"/>
    <region xml:id="seg-r102" anchors="316 317"/>
    <region xml:id="seg-r104" anchors="318 324"/>
    <region xml:id="seg-r106" anchors="325 335"/>
    <region xml:id="seg-r107" anchors="335 336"/>
    <region xml:id="seg-r109" anchors="337 342"/>
    <region xml:id="seg-r110" anchors="342 343"/>
    <region xml:id="seg-r111" anchors="343 346"/>
    <region xml:id="seg-r113" anchors="349 354"/>
    <region xml:id="seg-r115" anchors="355 364"/>
    <region xml:id="seg-r117" anchors="365 367"/>
    <region xml:id="seg-r119" anchors="368 374"/>
    <region xml:id="seg-r121" anchors="375 376"/>
    <region xml:id="seg-r123" anchors="377 381"/>
    <region xml:id="seg-r124" anchors="381 382"/>
    <region xml:id="seg-r125" anchors="382 384"/>
    <region xml:id="seg-r126" anchors="384 385"/>
    <region xml:id="seg-r127" anchors="385 390"/>
    <region xml:id="seg-r129" anchors="391 393"/>
    <region xml:id="seg-r131" anchors="394 404"/>
    <region xml:id="seg-r133" anchors="405 410"/>
    <region xml:id="seg-r135" anchors="411 413"/>
    <region xml:id="seg-r137" anchors="414 419"/>
    <region xml:id="seg-r139" anchors="422 429"/>
    <region xml:id="seg-r140" anchors="429 430"/>
    <region xml:id="seg-r141" anchors="430 450"/>
    <region xml:id="seg-r143" anchors="452 456"/>
    <region xml:id="seg-r145" anchors="457 459"/>
    <region xml:id="seg-r146" anchors="459 460"/>
    <region xml:id="seg-r148" anchors="461 486"/>
    <region xml:id="seg-r150" anchors="488 498"/>
    <region xml:id="seg-r152" anchors="499 504"/>
    <region xml:id="seg-r154" anchors="505 507"/>
    <region xml:id="seg-r156" anchors="512 514"/>
    <region xml:id="seg-r157" anchors="514 515"/>
    <region xml:id="seg-r159" anchors="516 531"/>
    <region xml:id="seg-r161" anchors="535 537"/>
    <region xml:id="seg-r162" anchors="537 538"/>
    <region xml:id="seg-r164" anchors="543 550"/>
    <region xml:id="seg-r165" anchors="550 551"/>
    <region xml:id="seg-r167" anchors="552 562"/>
    <region xml:id="seg-r169" anchors="563 568"/>
    <region xml:id="seg-r171" anchors="569 576"/>
    <region xml:id="seg-r173" anchors="579 584"/>
    <region xml:id="seg-r175" anchors="585 589"/>
    <region xml:id="seg-r177" anchors="590 592"/>
    <region xml:id="seg-r179" anchors="593 597"/>
    <region xml:id="seg-r180" anchors="597 600"/>
    <region xml:id="seg-r182" anchors="601 607"/>
    <region xml:id="seg-r184" anchors="608 610"/>
    <region xml:id="seg-r186" anchors="611 615"/>
    <region xml:id="seg-r188" anchors="616 620"/>
    <region xml:id="seg-r189" anchors="620 621"/>
    <region xml:id="seg-r191" anchors="623 624"/>
    <region xml:id="seg-r193" anchors="625 632"/>
    <region xml:id="seg-r195" anchors="633 637"/>
    <region xml:id="seg-r197" anchors="638 641"/>
    <region xml:id="seg-r199" anchors="642 647"/>
    <region xml:id="seg-r201" anchors="648 652"/>
    <region xml:id="seg-r203" anchors="653 655"/>
    <region xml:id="seg-r205" anchors="656 660"/>
    <region xml:id="seg-r207" anchors="661 662"/>
    <region xml:id="seg-r209" anchors="663 667"/>
    <region xml:id="seg-r211" anchors="668 670"/>
    <region xml:id="seg-r213" anchors="671 675"/>
    <region xml:id="seg-r215" anchors="676 684"/>
    <region xml:id="seg-r217" anchors="685 687"/>
    <region xml:id="seg-r219" anchors="688 692"/>
    <region xml:id="seg-r221" anchors="693 701"/>
    <region xml:id="seg-r223" anchors="702 711"/>
    <region xml:id="seg-r225" anchors="712 716"/>
    <region xml:id="seg-r227" anchors="717 723"/>
    <region xml:id="seg-r229" anchors="724 726"/>
    <region xml:id="seg-r231" anchors="727 730"/>
    <region xml:id="seg-r233" anchors="731 741"/>
    <region xml:id="seg-r235" anchors="742 747"/>
    <region xml:id="seg-r237" anchors="748 754"/>
    <region xml:id="seg-r238" anchors="754 755"/>
    <region xml:id="seg-r240" anchors="757 760"/>
    <region xml:id="seg-r242" anchors="761 764"/>
    <region xml:id="seg-r244" anchors="765 769"/>
    <region xml:id="seg-r246" anchors="770 774"/>
    <region xml:id="seg-r248" anchors="775 777"/>
    <region xml:id="seg-r250" anchors="778 781"/>
    <region xml:id="seg-r252" anchors="782 790"/>
    <region xml:id="seg-r254" anchors="791 793"/>
    <region xml:id="seg-r256" anchors="794 796"/>
    <region xml:id="seg-r258" anchors="797 804"/>
    <region xml:id="seg-r259" anchors="804 805"/>
    <region xml:id="seg-r261" anchors="807 810"/>
    <region xml:id="seg-r263" anchors="811 813"/>
    <region xml:id="seg-r265" anchors="814 818"/>
    <region xml:id="seg-r267" anchors="819 821"/>
    <region xml:id="seg-r269" anchors="822 825"/>
    <region xml:id="seg-r271" anchors="826 830"/>
    <region xml:id="seg-r273" anchors="831 834"/>
    <region xml:id="seg-r275" anchors="835 844"/>
    <region xml:id="seg-r276" anchors="844 845"/>
    <region xml:id="seg-r278" anchors="847 848"/>
    <region xml:id="seg-r279" anchors="848 851"/>
    <region xml:id="seg-r281" anchors="852 860"/>
    <region xml:id="seg-r283" anchors="861 865"/>
    <region xml:id="seg-r284" anchors="865 866"/>
    <region xml:id="seg-r286" anchors="867 872"/>
    <region xml:id="seg-r288" anchors="873 876"/>
    <region xml:id="seg-r289" anchors="876 879"/>
    <region xml:id="seg-r290" anchors="879 880"/>
    <region xml:id="seg-r291" anchors="880 883"/>
    <region xml:id="seg-r292" anchors="883 884"/>
    <region xml:id="seg-r294" anchors="886 887"/>
    <region xml:id="seg-r295" anchors="887 948"/>
    <region xml:id="seg-r296" anchors="948 949"/>
    <region xml:id="seg-r298" anchors="950 951"/>
    <region xml:id="seg-r300" anchors="952 956"/>
    <region xml:id="seg-r302" anchors="957 964"/>
    <region xml:id="seg-r304" anchors="965 968"/>
    <region xml:id="seg-r306" anchors="969 976"/>
    <region xml:id="seg-r308" anchors="977 989"/>
    <region xml:id="seg-r310" anchors="990 993"/>
    <region xml:id="seg-r311" anchors="993 994"/>
    <region xml:id="seg-r312" anchors="994 996"/>
    <region xml:id="seg-r314" anchors="997 1007"/>
    <region xml:id="seg-r316" anchors="1012 1013"/>
    <region xml:id="seg-r318" anchors="1014 1015"/>
    <region xml:id="seg-r320" anchors="1016 1027"/>
    <region xml:id="seg-r321" anchors="1027 1028"/>
    <region xml:id="seg-r323" anchors="1030 1032"/>
    <region xml:id="seg-r325" anchors="1033 1036"/>
    <region xml:id="seg-r327" anchors="1037 1040"/>
    <region xml:id="seg-r329" anchors="1041 1044"/>
    <region xml:id="seg-r331" anchors="1045 1048"/>
    <region xml:id="seg-r333" anchors="1049 1058"/>
    <region xml:id="seg-r335" anchors="1059 1061"/>
    <region xml:id="seg-r337" anchors="1062 1072"/>
    <region xml:id="seg-r339" anchors="1073 1075"/>
    <region xml:id="seg-r341" anchors="1076 1077"/>
    <region xml:id="seg-r343" anchors="1078 1079"/>
    <region xml:id="seg-r345" anchors="1080 1087"/>
    <region xml:id="seg-r347" anchors="1088 1092"/>
    <region xml:id="seg-r349" anchors="1093 1096"/>
    <region xml:id="seg-r351" anchors="1097 1100"/>
    <region xml:id="seg-r353" anchors="1101 1110"/>
    <region xml:id="seg-r354" anchors="1110 1111"/>
    <region xml:id="seg-r356" anchors="1112 1115"/>
    <region xml:id="seg-r358" anchors="1116 1120"/>
    <region xml:id="seg-r360" anchors="1121 1124"/>
    <region xml:id="seg-r362" anchors="1125 1128"/>
    <region xml:id="seg-r363" anchors="1128 1129"/>
    <region xml:id="seg-r365" anchors="1130 1134"/>
    <region xml:id="seg-r366" anchors="1134 1135"/>
    <region xml:id="seg-r368" anchors="1140 1141"/>
    <region xml:id="seg-r370" anchors="1142 1143"/>
    <region xml:id="seg-r372" anchors="1144 1152"/>
    <region xml:id="seg-r374" anchors="1153 1155"/>
    <region xml:id="seg-r376" anchors="1156 1160"/>
    <region xml:id="seg-r378" anchors="1161 1164"/>
    <region xml:id="seg-r380" anchors="1165 1171"/>
    <region xml:id="seg-r382" anchors="1172 1177"/>
    <region xml:id="seg-r384" anchors="1178 1180"/>
    <region xml:id="seg-r386" anchors="1181 1185"/>
    <region xml:id="seg-r388" anchors="1186 1193"/>
    <region xml:id="seg-r390" anchors="1194 1196"/>
    <region xml:id="seg-r392" anchors="1197 1200"/>
    <region xml:id="seg-r394" anchors="1204 1205"/>
    <region xml:id="seg-r396" anchors="1206 1207"/>
    <region xml:id="seg-r398" anchors="1208 1219"/>
    <region xml:id="seg-r400" anchors="1220 1226"/>
    <region xml:id="seg-r401" anchors="1226 1227"/>
    <region xml:id="seg-r403" anchors="1229 1231"/>
    <region xml:id="seg-r405" anchors="1232 1235"/>
    <region xml:id="seg-r407" anchors="1236 1240"/>
    <region xml:id="seg-r409" anchors="1241 1249"/>
    <region xml:id="seg-r411" anchors="1250 1254"/>
    <region xml:id="seg-r413" anchors="1255 1262"/>
    <region xml:id="seg-r415" anchors="1263 1265"/>
    <region xml:id="seg-r417" anchors="1268 1269"/>
    <region xml:id="seg-r419" anchors="1270 1271"/>
    <region xml:id="seg-r421" anchors="1272 1277"/>
    <region xml:id="seg-r422" anchors="1277 1278"/>
    <region xml:id="seg-r424" anchors="1279 1285"/>
    <region xml:id="seg-r426" anchors="1286 1292"/>
    <region xml:id="seg-r428" anchors="1293 1296"/>
    <region xml:id="seg-r430" anchors="1297 1303"/>
    <region xml:id="seg-r432" anchors="1304 1315"/>
    <region xml:id="seg-r434" anchors="1316 1318"/>
    <region xml:id="seg-r436" anchors="1319 1324"/>
    <region xml:id="seg-r438" anchors="1325 1331"/>
    <region xml:id="seg-r440" anchors="1332 1333"/>
    <region xml:id="seg-r442" anchors="1334 1335"/>
    <region xml:id="seg-r444" anchors="1336 1339"/>
    <region xml:id="seg-r446" anchors="1340 1346"/>
    <region xml:id="seg-r448" anchors="1347 1351"/>
    <region xml:id="seg-r450" anchors="1352 1359"/>
    <region xml:id="seg-r451" anchors="1359 1360"/>
    <region xml:id="seg-r453" anchors="1362 1367"/>
    <region xml:id="seg-r455" anchors="1368 1371"/>
    <region xml:id="seg-r457" anchors="1372 1375"/>
    <region xml:id="seg-r459" anchors="1376 1380"/>
    <region xml:id="seg-r461" anchors="1381 1392"/>
    <region xml:id="seg-r462" anchors="1392 1393"/>
    <region xml:id="seg-r464" anchors="1396 1397"/>
    <region xml:id="seg-r466" anchors="1398 1399"/>
    <region xml:id="seg-r467" anchors="1399 1460"/>
    <region xml:id="seg-r468" anchors="1460 1461"/>
    <region xml:id="seg-r470" anchors="1463 1464"/>
    <region xml:id="seg-r472" anchors="1465 1470"/>
    <region xml:id="seg-r474" anchors="1471 1481"/>
</graph>
