<graph xmlns="http://www.xces.org/ns/GrAF/1.0/" xmlns:graf="http://www.xces.org/ns/GrAF/1.0/">
  <graphHeader>
    <labelsDecl>
      <labelUsage label="tok" occurs="341"/>
    </labelsDecl>
    <dependencies>
      <dependsOn f.id="f.seg"/>
    </dependencies>
    <annotationSpaces>
      <annotationSpace as.id="anc"/>
    </annotationSpaces>
  </graphHeader>
  <node xml:id="penn-n0">
    <link targets="seg-r0"/>
  </node>
  <a xml:id="penn-N65571" label="tok" ref="penn-n0" as="anc">
    <fs>
      <f name="string" value="Date"/>
      <f name="msd" value="NN"/>
      <f name="base" value="date"/>
    </fs>
  </a>
  <node xml:id="penn-n1">
    <link targets="seg-r1"/>
  </node>
  <a xml:id="penn-N65599" label="tok" ref="penn-n1" as="anc">
    <fs>
      <f name="string" value=":"/>
      <f name="msd" value=":"/>
      <f name="base" value=":"/>
    </fs>
  </a>
  <node xml:id="penn-n10">
    <link targets="seg-r17"/>
  </node>
  <a xml:id="penn-N65627" label="tok" ref="penn-n10" as="anc">
    <fs>
      <f name="string" value="("/>
      <f name="msd" value="("/>
      <f name="base" value="("/>
    </fs>
  </a>
  <node xml:id="penn-n100">
    <link targets="seg-r154"/>
  </node>
  <a xml:id="penn-N65659" label="tok" ref="penn-n100" as="anc">
    <fs>
      <f name="string" value="NA"/>
      <f name="msd" value="NNP"/>
      <f name="base" value="na"/>
    </fs>
  </a>
  <node xml:id="penn-n101">
    <link targets="seg-r155"/>
  </node>
  <a xml:id="penn-N65687" label="tok" ref="penn-n101" as="anc">
    <fs>
      <f name="string" value="/"/>
      <f name="msd" value="NN"/>
      <f name="base" value="/"/>
    </fs>
  </a>
  <node xml:id="penn-n102">
    <link targets="seg-r156"/>
  </node>
  <a xml:id="penn-N65715" label="tok" ref="penn-n102" as="anc">
    <fs>
      <f name="string" value="Enron"/>
      <f name="msd" value="NNP"/>
      <f name="base" value="enron"/>
    </fs>
  </a>
  <node xml:id="penn-n103">
    <link targets="seg-r158"/>
  </node>
  <a xml:id="penn-N65743" label="tok" ref="penn-n103" as="anc">
    <fs>
      <f name="string" value="on"/>
      <f name="msd" value="IN"/>
      <f name="base" value="on"/>
    </fs>
  </a>
  <node xml:id="penn-n104">
    <link targets="seg-r160"/>
  </node>
  <a xml:id="penn-N65771" label="tok" ref="penn-n104" as="anc">
    <fs>
      <f name="base" value="03/02/2001"/>
      <f name="string" value="03/02/2001"/>
      <f name="msd" value="CD"/>
    </fs>
  </a>
  <node xml:id="penn-n105">
    <link targets="seg-r162"/>
  </node>
  <a xml:id="penn-N65799" label="tok" ref="penn-n105" as="anc">
    <fs>
      <f name="base" value="11:51"/>
      <f name="string" value="11:51"/>
      <f name="msd" value="NN"/>
    </fs>
  </a>
  <node xml:id="penn-n106">
    <link targets="seg-r164"/>
  </node>
  <a xml:id="penn-N65827" label="tok" ref="penn-n106" as="anc">
    <fs>
      <f name="string" value="AM"/>
      <f name="msd" value="NNP"/>
      <f name="base" value="be"/>
    </fs>
  </a>
  <node xml:id="penn-n107">
    <link targets="seg-r166"/>
  </node>
  <a xml:id="penn-N65855" label="tok" ref="penn-n107" as="anc">
    <fs>
      <f name="string" value="-----"/>
      <f name="msd" value="SYM"/>
    </fs>
  </a>
  <node xml:id="penn-n108">
    <link targets="seg-r168"/>
  </node>
  <a xml:id="penn-N65879" label="tok" ref="penn-n108" as="anc">
    <fs>
      <f name="string" value="Susan"/>
      <f name="msd" value="NNP"/>
      <f name="base" value="susan"/>
    </fs>
  </a>
  <node xml:id="penn-n109">
    <link targets="seg-r170"/>
  </node>
  <a xml:id="penn-N65907" label="tok" ref="penn-n109" as="anc">
    <fs>
      <f name="string" value="J"/>
      <f name="msd" value="NNP"/>
      <f name="base" value="j"/>
    </fs>
  </a>
  <node xml:id="penn-n11">
    <link targets="seg-r18"/>
  </node>
  <a xml:id="penn-N65935" label="tok" ref="penn-n11" as="anc">
    <fs>
      <f name="string" value="PST"/>
      <f name="msd" value="NNP"/>
      <f name="base" value="pst"/>
    </fs>
  </a>
  <node xml:id="penn-n110">
    <link targets="seg-r172"/>
  </node>
  <a xml:id="penn-N65963" label="tok" ref="penn-n110" as="anc">
    <fs>
      <f name="string" value="Mara"/>
      <f name="msd" value="NNP"/>
      <f name="base" value="mara"/>
    </fs>
  </a>
  <node xml:id="penn-n111">
    <link targets="seg-r174"/>
  </node>
  <a xml:id="penn-N65991" label="tok" ref="penn-n111" as="anc">
    <fs>
      <f name="base" value="03/02/2001"/>
      <f name="string" value="03/02/2001"/>
      <f name="msd" value="CD"/>
    </fs>
  </a>
  <node xml:id="penn-n112">
    <link targets="seg-r176"/>
  </node>
  <a xml:id="penn-N66019" label="tok" ref="penn-n112" as="anc">
    <fs>
      <f name="base" value="10:44"/>
      <f name="string" value="10:44"/>
      <f name="msd" value="NN"/>
    </fs>
  </a>
  <node xml:id="penn-n113">
    <link targets="seg-r178"/>
  </node>
  <a xml:id="penn-N66047" label="tok" ref="penn-n113" as="anc">
    <fs>
      <f name="string" value="AM"/>
      <f name="msd" value="NNP"/>
      <f name="base" value="be"/>
    </fs>
  </a>
  <node xml:id="penn-n114">
    <link targets="seg-r180"/>
  </node>
  <a xml:id="penn-N66075" label="tok" ref="penn-n114" as="anc">
    <fs>
      <f name="string" value="To"/>
      <f name="msd" value="TO"/>
      <f name="base" value="to"/>
    </fs>
  </a>
  <node xml:id="penn-n115">
    <link targets="seg-r181"/>
  </node>
  <a xml:id="penn-N66103" label="tok" ref="penn-n115" as="anc">
    <fs>
      <f name="string" value=":"/>
      <f name="msd" value=":"/>
      <f name="base" value=":"/>
    </fs>
  </a>
  <node xml:id="penn-n116">
    <link targets="seg-r183"/>
  </node>
  <a xml:id="penn-N66131" label="tok" ref="penn-n116" as="anc">
    <fs>
      <f name="string" value="Mark"/>
      <f name="msd" value="NNP"/>
      <f name="base" value="mark"/>
    </fs>
  </a>
  <node xml:id="penn-n117">
    <link targets="seg-r185"/>
  </node>
  <a xml:id="penn-N66159" label="tok" ref="penn-n117" as="anc">
    <fs>
      <f name="string" value="Palmer"/>
      <f name="msd" value="NNP"/>
      <f name="base" value="palmer"/>
    </fs>
  </a>
  <node xml:id="penn-n118">
    <link targets="seg-r186"/>
  </node>
  <a xml:id="penn-N66187" label="tok" ref="penn-n118" as="anc">
    <fs>
      <f name="string" value="/"/>
      <f name="msd" value="NN"/>
      <f name="base" value="/"/>
    </fs>
  </a>
  <node xml:id="penn-n119">
    <link targets="seg-r187"/>
  </node>
  <a xml:id="penn-N66215" label="tok" ref="penn-n119" as="anc">
    <fs>
      <f name="string" value="Corp"/>
      <f name="msd" value="NNP"/>
      <f name="base" value="corp"/>
    </fs>
  </a>
  <node xml:id="penn-n12">
    <link targets="seg-r19"/>
  </node>
  <a xml:id="penn-N66243" label="tok" ref="penn-n12" as="anc">
    <fs>
      <f name="string" value=")"/>
      <f name="msd" value=")"/>
      <f name="base" value=")"/>
    </fs>
  </a>
  <node xml:id="penn-n120">
    <link targets="seg-r188"/>
  </node>
  <a xml:id="penn-N66275" label="tok" ref="penn-n120" as="anc">
    <fs>
      <f name="string" value="/"/>
      <f name="msd" value="NN"/>
      <f name="base" value="/"/>
    </fs>
  </a>
  <node xml:id="penn-n121">
    <link targets="seg-r189"/>
  </node>
  <a xml:id="penn-N66303" label="tok" ref="penn-n121" as="anc">
    <fs>
      <f name="string" value="Enron"/>
      <f name="msd" value="NNP"/>
      <f name="base" value="enron"/>
    </fs>
  </a>
  <node xml:id="penn-n122">
    <link targets="seg-r190"/>
  </node>
  <a xml:id="penn-N66331" label="tok" ref="penn-n122" as="anc">
    <fs>
      <f name="string" value="@"/>
      <f name="msd" value="IN"/>
      <f name="base" value="@"/>
    </fs>
  </a>
  <node xml:id="penn-n123">
    <link targets="seg-r191"/>
  </node>
  <a xml:id="penn-N66359" label="tok" ref="penn-n123" as="anc">
    <fs>
      <f name="string" value="ENRON"/>
      <f name="msd" value="NNP"/>
      <f name="base" value="enron"/>
    </fs>
  </a>
  <node xml:id="penn-n124">
    <link targets="seg-r192"/>
  </node>
  <a xml:id="penn-N66387" label="tok" ref="penn-n124" as="anc">
    <fs>
      <f name="string" value=","/>
      <f name="msd" value=","/>
      <f name="base" value=","/>
    </fs>
  </a>
  <node xml:id="penn-n125">
    <link targets="seg-r194"/>
  </node>
  <a xml:id="penn-N66415" label="tok" ref="penn-n125" as="anc">
    <fs>
      <f name="string" value="Karen"/>
      <f name="msd" value="NNP"/>
      <f name="base" value="karen"/>
    </fs>
  </a>
  <node xml:id="penn-n126">
    <link targets="seg-r196"/>
  </node>
  <a xml:id="penn-N66443" label="tok" ref="penn-n126" as="anc">
    <fs>
      <f name="string" value="Denne"/>
      <f name="msd" value="NNP"/>
      <f name="base" value="denne"/>
    </fs>
  </a>
  <node xml:id="penn-n127">
    <link targets="seg-r197"/>
  </node>
  <a xml:id="penn-N66471" label="tok" ref="penn-n127" as="anc">
    <fs>
      <f name="string" value="/"/>
      <f name="msd" value="NN"/>
      <f name="base" value="/"/>
    </fs>
  </a>
  <node xml:id="penn-n128">
    <link targets="seg-r198"/>
  </node>
  <a xml:id="penn-N66499" label="tok" ref="penn-n128" as="anc">
    <fs>
      <f name="string" value="Corp"/>
      <f name="msd" value="NNP"/>
      <f name="base" value="corp"/>
    </fs>
  </a>
  <node xml:id="penn-n129">
    <link targets="seg-r199"/>
  </node>
  <a xml:id="penn-N66527" label="tok" ref="penn-n129" as="anc">
    <fs>
      <f name="string" value="/"/>
      <f name="msd" value="NN"/>
      <f name="base" value="/"/>
    </fs>
  </a>
  <node xml:id="penn-n13">
    <link targets="seg-r21"/>
  </node>
  <a xml:id="penn-N66555" label="tok" ref="penn-n13" as="anc">
    <fs>
      <f name="string" value="From"/>
      <f name="msd" value="IN"/>
      <f name="base" value="from"/>
    </fs>
  </a>
  <node xml:id="penn-n130">
    <link targets="seg-r200"/>
  </node>
  <a xml:id="penn-N66583" label="tok" ref="penn-n130" as="anc">
    <fs>
      <f name="string" value="Enron"/>
      <f name="msd" value="NNP"/>
      <f name="base" value="enron"/>
    </fs>
  </a>
  <node xml:id="penn-n131">
    <link targets="seg-r201"/>
  </node>
  <a xml:id="penn-N66611" label="tok" ref="penn-n131" as="anc">
    <fs>
      <f name="string" value="@"/>
      <f name="msd" value="IN"/>
      <f name="base" value="@"/>
    </fs>
  </a>
  <node xml:id="penn-n132">
    <link targets="seg-r202"/>
  </node>
  <a xml:id="penn-N66639" label="tok" ref="penn-n132" as="anc">
    <fs>
      <f name="string" value="ENRON"/>
      <f name="msd" value="NNP"/>
      <f name="base" value="enron"/>
    </fs>
  </a>
  <node xml:id="penn-n133">
    <link targets="seg-r203"/>
  </node>
  <a xml:id="penn-N66667" label="tok" ref="penn-n133" as="anc">
    <fs>
      <f name="string" value=","/>
      <f name="msd" value=","/>
      <f name="base" value=","/>
    </fs>
  </a>
  <node xml:id="penn-n134">
    <link targets="seg-r205"/>
  </node>
  <a xml:id="penn-N66695" label="tok" ref="penn-n134" as="anc">
    <fs>
      <f name="string" value="Jeff"/>
      <f name="msd" value="NNP"/>
      <f name="base" value="jeff"/>
    </fs>
  </a>
  <node xml:id="penn-n135">
    <link targets="seg-r207"/>
  </node>
  <a xml:id="penn-N66723" label="tok" ref="penn-n135" as="anc">
    <fs>
      <f name="string" value="Dasovich"/>
      <f name="msd" value="NNP"/>
      <f name="base" value="dasovich"/>
    </fs>
  </a>
  <node xml:id="penn-n136">
    <link targets="seg-r208"/>
  </node>
  <a xml:id="penn-N66751" label="tok" ref="penn-n136" as="anc">
    <fs>
      <f name="string" value="/"/>
      <f name="msd" value="NN"/>
      <f name="base" value="/"/>
    </fs>
  </a>
  <node xml:id="penn-n137">
    <link targets="seg-r209"/>
  </node>
  <a xml:id="penn-N66779" label="tok" ref="penn-n137" as="anc">
    <fs>
      <f name="string" value="NA"/>
      <f name="msd" value="NNP"/>
      <f name="base" value="na"/>
    </fs>
  </a>
  <node xml:id="penn-n138">
    <link targets="seg-r210"/>
  </node>
  <a xml:id="penn-N66807" label="tok" ref="penn-n138" as="anc">
    <fs>
      <f name="string" value="/"/>
      <f name="msd" value="NN"/>
      <f name="base" value="/"/>
    </fs>
  </a>
  <node xml:id="penn-n139">
    <link targets="seg-r211"/>
  </node>
  <a xml:id="penn-N66835" label="tok" ref="penn-n139" as="anc">
    <fs>
      <f name="string" value="Enron"/>
      <f name="msd" value="NNP"/>
      <f name="base" value="enron"/>
    </fs>
  </a>
  <node xml:id="penn-n14">
    <link targets="seg-r22"/>
  </node>
  <a xml:id="penn-N66863" label="tok" ref="penn-n14" as="anc">
    <fs>
      <f name="string" value=":"/>
      <f name="msd" value=":"/>
      <f name="base" value=":"/>
    </fs>
  </a>
  <node xml:id="penn-n140">
    <link targets="seg-r212"/>
  </node>
  <a xml:id="penn-N66891" label="tok" ref="penn-n140" as="anc">
    <fs>
      <f name="string" value="@"/>
      <f name="msd" value="IN"/>
      <f name="base" value="@"/>
    </fs>
  </a>
  <node xml:id="penn-n141">
    <link targets="seg-r213"/>
  </node>
  <a xml:id="penn-N66919" label="tok" ref="penn-n141" as="anc">
    <fs>
      <f name="string" value="Enron"/>
      <f name="msd" value="NNP"/>
      <f name="base" value="enron"/>
    </fs>
  </a>
  <node xml:id="penn-n142">
    <link targets="seg-r214"/>
  </node>
  <a xml:id="penn-N66947" label="tok" ref="penn-n142" as="anc">
    <fs>
      <f name="string" value=","/>
      <f name="msd" value=","/>
      <f name="base" value=","/>
    </fs>
  </a>
  <node xml:id="penn-n143">
    <link targets="seg-r216"/>
  </node>
  <a xml:id="penn-N66975" label="tok" ref="penn-n143" as="anc">
    <fs>
      <f name="string" value="Sandra"/>
      <f name="msd" value="NNP"/>
      <f name="base" value="sandra"/>
    </fs>
  </a>
  <node xml:id="penn-n144">
    <link targets="seg-r218"/>
  </node>
  <a xml:id="penn-N67003" label="tok" ref="penn-n144" as="anc">
    <fs>
      <f name="string" value="McCubbin"/>
      <f name="msd" value="NNP"/>
      <f name="base" value="mccubbin"/>
    </fs>
  </a>
  <node xml:id="penn-n145">
    <link targets="seg-r219"/>
  </node>
  <a xml:id="penn-N67031" label="tok" ref="penn-n145" as="anc">
    <fs>
      <f name="string" value="/"/>
      <f name="msd" value="NN"/>
      <f name="base" value="/"/>
    </fs>
  </a>
  <node xml:id="penn-n146">
    <link targets="seg-r220"/>
  </node>
  <a xml:id="penn-N67059" label="tok" ref="penn-n146" as="anc">
    <fs>
      <f name="string" value="NA"/>
      <f name="msd" value="NNP"/>
      <f name="base" value="na"/>
    </fs>
  </a>
  <node xml:id="penn-n147">
    <link targets="seg-r221"/>
  </node>
  <a xml:id="penn-N67087" label="tok" ref="penn-n147" as="anc">
    <fs>
      <f name="string" value="/"/>
      <f name="msd" value="NN"/>
      <f name="base" value="/"/>
    </fs>
  </a>
  <node xml:id="penn-n148">
    <link targets="seg-r222"/>
  </node>
  <a xml:id="penn-N67115" label="tok" ref="penn-n148" as="anc">
    <fs>
      <f name="string" value="Enron"/>
      <f name="msd" value="NNP"/>
      <f name="base" value="enron"/>
    </fs>
  </a>
  <node xml:id="penn-n149">
    <link targets="seg-r223"/>
  </node>
  <a xml:id="penn-N67143" label="tok" ref="penn-n149" as="anc">
    <fs>
      <f name="string" value="@"/>
      <f name="msd" value="IN"/>
      <f name="base" value="@"/>
    </fs>
  </a>
  <node xml:id="penn-n15">
    <link targets="seg-r24"/>
  </node>
  <a xml:id="penn-N67171" label="tok" ref="penn-n15" as="anc">
    <fs>
      <f name="msd" value="NN"/>
      <f name="string" value="steven.kean@enron.com"/>
    </fs>
  </a>
  <node xml:id="penn-n150">
    <link targets="seg-r224"/>
  </node>
  <a xml:id="penn-N67195" label="tok" ref="penn-n150" as="anc">
    <fs>
      <f name="string" value="Enron"/>
      <f name="msd" value="NNP"/>
      <f name="base" value="enron"/>
    </fs>
  </a>
  <node xml:id="penn-n151">
    <link targets="seg-r225"/>
  </node>
  <a xml:id="penn-N67223" label="tok" ref="penn-n151" as="anc">
    <fs>
      <f name="string" value=","/>
      <f name="msd" value=","/>
      <f name="base" value=","/>
    </fs>
  </a>
  <node xml:id="penn-n152">
    <link targets="seg-r227"/>
  </node>
  <a xml:id="penn-N67251" label="tok" ref="penn-n152" as="anc">
    <fs>
      <f name="string" value="Christopher"/>
      <f name="msd" value="NNP"/>
      <f name="base" value="christopher"/>
    </fs>
  </a>
  <node xml:id="penn-n153">
    <link targets="seg-r229"/>
  </node>
  <a xml:id="penn-N67279" label="tok" ref="penn-n153" as="anc">
    <fs>
      <f name="string" value="F"/>
      <f name="msd" value="NNP"/>
      <f name="base" value="f"/>
    </fs>
  </a>
  <node xml:id="penn-n154">
    <link targets="seg-r231"/>
  </node>
  <a xml:id="penn-N67307" label="tok" ref="penn-n154" as="anc">
    <fs>
      <f name="string" value="Calger"/>
      <f name="msd" value="NNP"/>
      <f name="base" value="calger"/>
    </fs>
  </a>
  <node xml:id="penn-n155">
    <link targets="seg-r232"/>
  </node>
  <a xml:id="penn-N67335" label="tok" ref="penn-n155" as="anc">
    <fs>
      <f name="string" value="/"/>
      <f name="msd" value="NN"/>
      <f name="base" value="/"/>
    </fs>
  </a>
  <node xml:id="penn-n156">
    <link targets="seg-r233"/>
  </node>
  <a xml:id="penn-N67363" label="tok" ref="penn-n156" as="anc">
    <fs>
      <f name="string" value="PDX"/>
      <f name="msd" value="NNP"/>
      <f name="base" value="pdx"/>
    </fs>
  </a>
  <node xml:id="penn-n157">
    <link targets="seg-r234"/>
  </node>
  <a xml:id="penn-N67391" label="tok" ref="penn-n157" as="anc">
    <fs>
      <f name="string" value="/"/>
      <f name="msd" value="NN"/>
      <f name="base" value="/"/>
    </fs>
  </a>
  <node xml:id="penn-n158">
    <link targets="seg-r235"/>
  </node>
  <a xml:id="penn-N67419" label="tok" ref="penn-n158" as="anc">
    <fs>
      <f name="string" value="ECT"/>
      <f name="msd" value="NNP"/>
      <f name="base" value="ect"/>
    </fs>
  </a>
  <node xml:id="penn-n159">
    <link targets="seg-r236"/>
  </node>
  <a xml:id="penn-N67447" label="tok" ref="penn-n159" as="anc">
    <fs>
      <f name="string" value="@"/>
      <f name="msd" value="IN"/>
      <f name="base" value="@"/>
    </fs>
  </a>
  <node xml:id="penn-n16">
    <link targets="seg-r26"/>
  </node>
  <a xml:id="penn-N67475" label="tok" ref="penn-n16" as="anc">
    <fs>
      <f name="string" value="To"/>
      <f name="msd" value="TO"/>
      <f name="base" value="to"/>
    </fs>
  </a>
  <node xml:id="penn-n160">
    <link targets="seg-r237"/>
  </node>
  <a xml:id="penn-N67503" label="tok" ref="penn-n160" as="anc">
    <fs>
      <f name="string" value="ECT"/>
      <f name="msd" value="NNP"/>
      <f name="base" value="ect"/>
    </fs>
  </a>
  <node xml:id="penn-n161">
    <link targets="seg-r238"/>
  </node>
  <a xml:id="penn-N67531" label="tok" ref="penn-n161" as="anc">
    <fs>
      <f name="string" value=","/>
      <f name="msd" value=","/>
      <f name="base" value=","/>
    </fs>
  </a>
  <node xml:id="penn-n162">
    <link targets="seg-r240"/>
  </node>
  <a xml:id="penn-N67559" label="tok" ref="penn-n162" as="anc">
    <fs>
      <f name="string" value="David"/>
      <f name="msd" value="NNP"/>
      <f name="base" value="david"/>
    </fs>
  </a>
  <node xml:id="penn-n163">
    <link targets="seg-r242"/>
  </node>
  <a xml:id="penn-N67587" label="tok" ref="penn-n163" as="anc">
    <fs>
      <f name="string" value="Parquet"/>
      <f name="msd" value="NNP"/>
      <f name="base" value="parquet"/>
    </fs>
  </a>
  <node xml:id="penn-n164">
    <link targets="seg-r243"/>
  </node>
  <a xml:id="penn-N67615" label="tok" ref="penn-n164" as="anc">
    <fs>
      <f name="string" value="/"/>
      <f name="msd" value="NN"/>
      <f name="base" value="/"/>
    </fs>
  </a>
  <node xml:id="penn-n165">
    <link targets="seg-r244"/>
  </node>
  <a xml:id="penn-N67643" label="tok" ref="penn-n165" as="anc">
    <fs>
      <f name="string" value="SF"/>
      <f name="msd" value="NNP"/>
      <f name="base" value="sf"/>
    </fs>
  </a>
  <node xml:id="penn-n166">
    <link targets="seg-r245"/>
  </node>
  <a xml:id="penn-N67671" label="tok" ref="penn-n166" as="anc">
    <fs>
      <f name="string" value="/"/>
      <f name="msd" value="NN"/>
      <f name="base" value="/"/>
    </fs>
  </a>
  <node xml:id="penn-n167">
    <link targets="seg-r246"/>
  </node>
  <a xml:id="penn-N67699" label="tok" ref="penn-n167" as="anc">
    <fs>
      <f name="string" value="ECT"/>
      <f name="msd" value="NNP"/>
      <f name="base" value="ect"/>
    </fs>
  </a>
  <node xml:id="penn-n168">
    <link targets="seg-r247"/>
  </node>
  <a xml:id="penn-N67727" label="tok" ref="penn-n168" as="anc">
    <fs>
      <f name="string" value="@"/>
      <f name="msd" value="IN"/>
      <f name="base" value="@"/>
    </fs>
  </a>
  <node xml:id="penn-n169">
    <link targets="seg-r248"/>
  </node>
  <a xml:id="penn-N67755" label="tok" ref="penn-n169" as="anc">
    <fs>
      <f name="string" value="ECT"/>
      <f name="msd" value="NNP"/>
      <f name="base" value="ect"/>
    </fs>
  </a>
  <node xml:id="penn-n17">
    <link targets="seg-r27"/>
  </node>
  <a xml:id="penn-N67783" label="tok" ref="penn-n17" as="anc">
    <fs>
      <f name="string" value=":"/>
      <f name="msd" value=":"/>
      <f name="base" value=":"/>
    </fs>
  </a>
  <node xml:id="penn-n170">
    <link targets="seg-r249"/>
  </node>
  <a xml:id="penn-N67811" label="tok" ref="penn-n170" as="anc">
    <fs>
      <f name="string" value=","/>
      <f name="msd" value=","/>
      <f name="base" value=","/>
    </fs>
  </a>
  <node xml:id="penn-n171">
    <link targets="seg-r251"/>
  </node>
  <a xml:id="penn-N67839" label="tok" ref="penn-n171" as="anc">
    <fs>
      <f name="string" value="Laird"/>
      <f name="msd" value="NNP"/>
      <f name="base" value="laird"/>
    </fs>
  </a>
  <node xml:id="penn-n172">
    <link targets="seg-r253"/>
  </node>
  <a xml:id="penn-N67867" label="tok" ref="penn-n172" as="anc">
    <fs>
      <f name="string" value="Dyer"/>
      <f name="msd" value="NNP"/>
      <f name="base" value="dyer"/>
    </fs>
  </a>
  <node xml:id="penn-n173">
    <link targets="seg-r254"/>
  </node>
  <a xml:id="penn-N67895" label="tok" ref="penn-n173" as="anc">
    <fs>
      <f name="string" value="/"/>
      <f name="msd" value="NN"/>
      <f name="base" value="/"/>
    </fs>
  </a>
  <node xml:id="penn-n174">
    <link targets="seg-r255"/>
  </node>
  <a xml:id="penn-N67923" label="tok" ref="penn-n174" as="anc">
    <fs>
      <f name="string" value="SF"/>
      <f name="msd" value="NNP"/>
      <f name="base" value="sf"/>
    </fs>
  </a>
  <node xml:id="penn-n175">
    <link targets="seg-r256"/>
  </node>
  <a xml:id="penn-N67951" label="tok" ref="penn-n175" as="anc">
    <fs>
      <f name="string" value="/"/>
      <f name="msd" value="NN"/>
      <f name="base" value="/"/>
    </fs>
  </a>
  <node xml:id="penn-n176">
    <link targets="seg-r257"/>
  </node>
  <a xml:id="penn-N67979" label="tok" ref="penn-n176" as="anc">
    <fs>
      <f name="string" value="ECT"/>
      <f name="msd" value="NNP"/>
      <f name="base" value="ect"/>
    </fs>
  </a>
  <node xml:id="penn-n177">
    <link targets="seg-r258"/>
  </node>
  <a xml:id="penn-N68007" label="tok" ref="penn-n177" as="anc">
    <fs>
      <f name="string" value="@"/>
      <f name="msd" value="IN"/>
      <f name="base" value="@"/>
    </fs>
  </a>
  <node xml:id="penn-n178">
    <link targets="seg-r259"/>
  </node>
  <a xml:id="penn-N68035" label="tok" ref="penn-n178" as="anc">
    <fs>
      <f name="string" value="ECT"/>
      <f name="msd" value="NNP"/>
      <f name="base" value="ect"/>
    </fs>
  </a>
  <node xml:id="penn-n179">
    <link targets="seg-r260"/>
  </node>
  <a xml:id="penn-N68063" label="tok" ref="penn-n179" as="anc">
    <fs>
      <f name="string" value=","/>
      <f name="msd" value=","/>
      <f name="base" value=","/>
    </fs>
  </a>
  <node xml:id="penn-n18">
    <link targets="seg-r29"/>
  </node>
  <a xml:id="penn-N68091" label="tok" ref="penn-n18" as="anc">
    <fs>
      <f name="msd" value="NN"/>
      <f name="string" value="maureen.mcvicker@enron.com"/>
    </fs>
  </a>
  <node xml:id="penn-n180">
    <link targets="seg-r262"/>
  </node>
  <a xml:id="penn-N68115" label="tok" ref="penn-n180" as="anc">
    <fs>
      <f name="string" value="Tim"/>
      <f name="msd" value="NNP"/>
      <f name="base" value="tim"/>
    </fs>
  </a>
  <node xml:id="penn-n181">
    <link targets="seg-r264"/>
  </node>
  <a xml:id="penn-N68143" label="tok" ref="penn-n181" as="anc">
    <fs>
      <f name="string" value="Belden"/>
      <f name="msd" value="NNP"/>
      <f name="base" value="belden"/>
    </fs>
  </a>
  <node xml:id="penn-n182">
    <link targets="seg-r265"/>
  </node>
  <a xml:id="penn-N68171" label="tok" ref="penn-n182" as="anc">
    <fs>
      <f name="string" value="/"/>
      <f name="msd" value="NN"/>
      <f name="base" value="/"/>
    </fs>
  </a>
  <node xml:id="penn-n183">
    <link targets="seg-r266"/>
  </node>
  <a xml:id="penn-N68199" label="tok" ref="penn-n183" as="anc">
    <fs>
      <f name="string" value="HOU"/>
      <f name="msd" value="NNP"/>
      <f name="base" value="hou"/>
    </fs>
  </a>
  <node xml:id="penn-n184">
    <link targets="seg-r267"/>
  </node>
  <a xml:id="penn-N68227" label="tok" ref="penn-n184" as="anc">
    <fs>
      <f name="string" value="/"/>
      <f name="msd" value="NN"/>
      <f name="base" value="/"/>
    </fs>
  </a>
  <node xml:id="penn-n185">
    <link targets="seg-r268"/>
  </node>
  <a xml:id="penn-N68255" label="tok" ref="penn-n185" as="anc">
    <fs>
      <f name="string" value="ECT"/>
      <f name="msd" value="NNP"/>
      <f name="base" value="ect"/>
    </fs>
  </a>
  <node xml:id="penn-n186">
    <link targets="seg-r269"/>
  </node>
  <a xml:id="penn-N68283" label="tok" ref="penn-n186" as="anc">
    <fs>
      <f name="string" value="@"/>
      <f name="msd" value="IN"/>
      <f name="base" value="@"/>
    </fs>
  </a>
  <node xml:id="penn-n187">
    <link targets="seg-r270"/>
  </node>
  <a xml:id="penn-N68311" label="tok" ref="penn-n187" as="anc">
    <fs>
      <f name="string" value="ECT"/>
      <f name="msd" value="NNP"/>
      <f name="base" value="ect"/>
    </fs>
  </a>
  <node xml:id="penn-n188">
    <link targets="seg-r271"/>
  </node>
  <a xml:id="penn-N68339" label="tok" ref="penn-n188" as="anc">
    <fs>
      <f name="string" value=","/>
      <f name="msd" value=","/>
      <f name="base" value=","/>
    </fs>
  </a>
  <node xml:id="penn-n189">
    <link targets="seg-r273"/>
  </node>
  <a xml:id="penn-N68367" label="tok" ref="penn-n189" as="anc">
    <fs>
      <f name="string" value="Richard"/>
      <f name="msd" value="NNP"/>
      <f name="base" value="richard"/>
    </fs>
  </a>
  <node xml:id="penn-n19">
    <link targets="seg-r31"/>
  </node>
  <a xml:id="penn-N68395" label="tok" ref="penn-n19" as="anc">
    <fs>
      <f name="string" value="Subject"/>
      <f name="msd" value="NNP"/>
      <f name="base" value="subject"/>
    </fs>
  </a>
  <node xml:id="penn-n190">
    <link targets="seg-r275"/>
  </node>
  <a xml:id="penn-N68423" label="tok" ref="penn-n190" as="anc">
    <fs>
      <f name="string" value="Shapiro"/>
      <f name="msd" value="NNP"/>
      <f name="base" value="shapiro"/>
    </fs>
  </a>
  <node xml:id="penn-n191">
    <link targets="seg-r276"/>
  </node>
  <a xml:id="penn-N68451" label="tok" ref="penn-n191" as="anc">
    <fs>
      <f name="string" value="/"/>
      <f name="msd" value="NN"/>
      <f name="base" value="/"/>
    </fs>
  </a>
  <node xml:id="penn-n192">
    <link targets="seg-r277"/>
  </node>
  <a xml:id="penn-N68479" label="tok" ref="penn-n192" as="anc">
    <fs>
      <f name="string" value="NA"/>
      <f name="msd" value="NNP"/>
      <f name="base" value="na"/>
    </fs>
  </a>
  <node xml:id="penn-n193">
    <link targets="seg-r278"/>
  </node>
  <a xml:id="penn-N68507" label="tok" ref="penn-n193" as="anc">
    <fs>
      <f name="string" value="/"/>
      <f name="msd" value="NN"/>
      <f name="base" value="/"/>
    </fs>
  </a>
  <node xml:id="penn-n194">
    <link targets="seg-r279"/>
  </node>
  <a xml:id="penn-N68535" label="tok" ref="penn-n194" as="anc">
    <fs>
      <f name="string" value="Enron"/>
      <f name="msd" value="NNP"/>
      <f name="base" value="enron"/>
    </fs>
  </a>
  <node xml:id="penn-n195">
    <link targets="seg-r280"/>
  </node>
  <a xml:id="penn-N68563" label="tok" ref="penn-n195" as="anc">
    <fs>
      <f name="string" value="@"/>
      <f name="msd" value="IN"/>
      <f name="base" value="@"/>
    </fs>
  </a>
  <node xml:id="penn-n196">
    <link targets="seg-r281"/>
  </node>
  <a xml:id="penn-N68591" label="tok" ref="penn-n196" as="anc">
    <fs>
      <f name="string" value="Enron"/>
      <f name="msd" value="NNP"/>
      <f name="base" value="enron"/>
    </fs>
  </a>
  <node xml:id="penn-n197">
    <link targets="seg-r282"/>
  </node>
  <a xml:id="penn-N68619" label="tok" ref="penn-n197" as="anc">
    <fs>
      <f name="string" value=","/>
      <f name="msd" value=","/>
      <f name="base" value=","/>
    </fs>
  </a>
  <node xml:id="penn-n198">
    <link targets="seg-r284"/>
  </node>
  <a xml:id="penn-N68647" label="tok" ref="penn-n198" as="anc">
    <fs>
      <f name="string" value="Steven"/>
      <f name="msd" value="NNP"/>
      <f name="base" value="steven"/>
    </fs>
  </a>
  <node xml:id="penn-n199">
    <link targets="seg-r286"/>
  </node>
  <a xml:id="penn-N68675" label="tok" ref="penn-n199" as="anc">
    <fs>
      <f name="string" value="J"/>
      <f name="msd" value="NNP"/>
      <f name="base" value="j"/>
    </fs>
  </a>
  <node xml:id="penn-n2">
    <link targets="seg-r3"/>
  </node>
  <a xml:id="penn-N68703" label="tok" ref="penn-n2" as="anc">
    <fs>
      <f name="string" value="Fri"/>
      <f name="msd" value="NNP"/>
      <f name="base" value="frus"/>
    </fs>
  </a>
  <node xml:id="penn-n20">
    <link targets="seg-r32"/>
  </node>
  <a xml:id="penn-N68731" label="tok" ref="penn-n20" as="anc">
    <fs>
      <f name="string" value=":"/>
      <f name="msd" value=":"/>
      <f name="base" value=":"/>
    </fs>
  </a>
  <node xml:id="penn-n200">
    <link targets="seg-r288"/>
  </node>
  <a xml:id="penn-N68759" label="tok" ref="penn-n200" as="anc">
    <fs>
      <f name="string" value="Kean"/>
      <f name="msd" value="NNP"/>
      <f name="base" value="kean"/>
    </fs>
  </a>
  <node xml:id="penn-n201">
    <link targets="seg-r289"/>
  </node>
  <a xml:id="penn-N68787" label="tok" ref="penn-n201" as="anc">
    <fs>
      <f name="string" value="/"/>
      <f name="msd" value="NN"/>
      <f name="base" value="/"/>
    </fs>
  </a>
  <node xml:id="penn-n202">
    <link targets="seg-r290"/>
  </node>
  <a xml:id="penn-N68815" label="tok" ref="penn-n202" as="anc">
    <fs>
      <f name="string" value="NA"/>
      <f name="msd" value="NNP"/>
      <f name="base" value="na"/>
    </fs>
  </a>
  <node xml:id="penn-n203">
    <link targets="seg-r291"/>
  </node>
  <a xml:id="penn-N68843" label="tok" ref="penn-n203" as="anc">
    <fs>
      <f name="string" value="/"/>
      <f name="msd" value="NN"/>
      <f name="base" value="/"/>
    </fs>
  </a>
  <node xml:id="penn-n204">
    <link targets="seg-r292"/>
  </node>
  <a xml:id="penn-N68871" label="tok" ref="penn-n204" as="anc">
    <fs>
      <f name="string" value="Enron"/>
      <f name="msd" value="NNP"/>
      <f name="base" value="enron"/>
    </fs>
  </a>
  <node xml:id="penn-n205">
    <link targets="seg-r293"/>
  </node>
  <a xml:id="penn-N68899" label="tok" ref="penn-n205" as="anc">
    <fs>
      <f name="string" value="@"/>
      <f name="msd" value="IN"/>
      <f name="base" value="@"/>
    </fs>
  </a>
  <node xml:id="penn-n206">
    <link targets="seg-r294"/>
  </node>
  <a xml:id="penn-N68927" label="tok" ref="penn-n206" as="anc">
    <fs>
      <f name="string" value="Enron"/>
      <f name="msd" value="NNP"/>
      <f name="base" value="enron"/>
    </fs>
  </a>
  <node xml:id="penn-n207">
    <link targets="seg-r295"/>
  </node>
  <a xml:id="penn-N68955" label="tok" ref="penn-n207" as="anc">
    <fs>
      <f name="string" value=","/>
      <f name="msd" value=","/>
      <f name="base" value=","/>
    </fs>
  </a>
  <node xml:id="penn-n208">
    <link targets="seg-r297"/>
  </node>
  <a xml:id="penn-N68983" label="tok" ref="penn-n208" as="anc">
    <fs>
      <f name="string" value="James"/>
      <f name="msd" value="NNP"/>
      <f name="base" value="jame"/>
    </fs>
  </a>
  <node xml:id="penn-n209">
    <link targets="seg-r299"/>
  </node>
  <a xml:id="penn-N69011" label="tok" ref="penn-n209" as="anc">
    <fs>
      <f name="string" value="D"/>
      <f name="msd" value="NNP"/>
      <f name="base" value="d"/>
    </fs>
  </a>
  <node xml:id="penn-n21">
    <link targets="seg-r34"/>
  </node>
  <a xml:id="penn-N69039" label="tok" ref="penn-n21" as="anc">
    <fs>
      <f name="string" value="ABX"/>
      <f name="msd" value="NNP"/>
      <f name="base" value="abx"/>
    </fs>
  </a>
  <node xml:id="penn-n210">
    <link targets="seg-r301"/>
  </node>
  <a xml:id="penn-N69067" label="tok" ref="penn-n210" as="anc">
    <fs>
      <f name="string" value="Steffes"/>
      <f name="msd" value="NNP"/>
      <f name="base" value="steff"/>
    </fs>
  </a>
  <node xml:id="penn-n211">
    <link targets="seg-r302"/>
  </node>
  <a xml:id="penn-N69095" label="tok" ref="penn-n211" as="anc">
    <fs>
      <f name="string" value="/"/>
      <f name="msd" value="NN"/>
      <f name="base" value="/"/>
    </fs>
  </a>
  <node xml:id="penn-n212">
    <link targets="seg-r303"/>
  </node>
  <a xml:id="penn-N69123" label="tok" ref="penn-n212" as="anc">
    <fs>
      <f name="string" value="NA"/>
      <f name="msd" value="NNP"/>
      <f name="base" value="na"/>
    </fs>
  </a>
  <node xml:id="penn-n213">
    <link targets="seg-r304"/>
  </node>
  <a xml:id="penn-N69151" label="tok" ref="penn-n213" as="anc">
    <fs>
      <f name="string" value="/"/>
      <f name="msd" value="NN"/>
      <f name="base" value="/"/>
    </fs>
  </a>
  <node xml:id="penn-n214">
    <link targets="seg-r305"/>
  </node>
  <a xml:id="penn-N69179" label="tok" ref="penn-n214" as="anc">
    <fs>
      <f name="string" value="Enron"/>
      <f name="msd" value="NNP"/>
      <f name="base" value="enron"/>
    </fs>
  </a>
  <node xml:id="penn-n215">
    <link targets="seg-r306"/>
  </node>
  <a xml:id="penn-N69207" label="tok" ref="penn-n215" as="anc">
    <fs>
      <f name="string" value="@"/>
      <f name="msd" value="IN"/>
      <f name="base" value="@"/>
    </fs>
  </a>
  <node xml:id="penn-n216">
    <link targets="seg-r307"/>
  </node>
  <a xml:id="penn-N69235" label="tok" ref="penn-n216" as="anc">
    <fs>
      <f name="string" value="Enron"/>
      <f name="msd" value="NNP"/>
      <f name="base" value="enron"/>
    </fs>
  </a>
  <node xml:id="penn-n217">
    <link targets="seg-r309"/>
  </node>
  <a xml:id="penn-N69263" label="tok" ref="penn-n217" as="anc">
    <fs>
      <f name="string" value="cc"/>
      <f name="msd" value="NN"/>
      <f name="base" value="cc"/>
    </fs>
  </a>
  <node xml:id="penn-n218">
    <link targets="seg-r310"/>
  </node>
  <a xml:id="penn-N69291" label="tok" ref="penn-n218" as="anc">
    <fs>
      <f name="string" value=":"/>
      <f name="msd" value=":"/>
      <f name="base" value=":"/>
    </fs>
  </a>
  <node xml:id="penn-n219">
    <link targets="seg-r312"/>
  </node>
  <a xml:id="penn-N69319" label="tok" ref="penn-n219" as="anc">
    <fs>
      <f name="string" value="Subject"/>
      <f name="msd" value="NNP"/>
      <f name="base" value="subject"/>
    </fs>
  </a>
  <node xml:id="penn-n22">
    <link targets="seg-r35"/>
  </node>
  <a xml:id="penn-N69347" label="tok" ref="penn-n22" as="anc">
    <fs>
      <f name="base" value="1"/>
      <f name="string" value="1"/>
      <f name="msd" value="CD"/>
    </fs>
  </a>
  <node xml:id="penn-n220">
    <link targets="seg-r313"/>
  </node>
  <a xml:id="penn-N69375" label="tok" ref="penn-n220" as="anc">
    <fs>
      <f name="string" value=":"/>
      <f name="msd" value=":"/>
      <f name="base" value=":"/>
    </fs>
  </a>
  <node xml:id="penn-n221">
    <link targets="seg-r315"/>
  </node>
  <a xml:id="penn-N69403" label="tok" ref="penn-n221" as="anc">
    <fs>
      <f name="string" value="ABX"/>
      <f name="msd" value="NNP"/>
      <f name="base" value="abx"/>
    </fs>
  </a>
  <node xml:id="penn-n222">
    <link targets="seg-r316"/>
  </node>
  <a xml:id="penn-N69431" label="tok" ref="penn-n222" as="anc">
    <fs>
      <f name="base" value="1"/>
      <f name="string" value="1"/>
      <f name="msd" value="CD"/>
    </fs>
  </a>
  <node xml:id="penn-n223">
    <link targets="seg-r318"/>
  </node>
  <a xml:id="penn-N69459" label="tok" ref="penn-n223" as="anc">
    <fs>
      <f name="base" value="70"/>
      <f name="string" value="70"/>
      <f name="msd" value="CD"/>
    </fs>
  </a>
  <node xml:id="penn-n224">
    <link targets="seg-r320"/>
  </node>
  <a xml:id="penn-N69487" label="tok" ref="penn-n224" as="anc">
    <fs>
      <f name="string" value="Further"/>
      <f name="msd" value="RB"/>
      <f name="base" value="further"/>
    </fs>
  </a>
  <node xml:id="penn-n225">
    <link targets="seg-r322"/>
  </node>
  <a xml:id="penn-N69515" label="tok" ref="penn-n225" as="anc">
    <fs>
      <f name="string" value="Nail"/>
      <f name="msd" value="NNP"/>
      <f name="base" value="nail"/>
    </fs>
  </a>
  <node xml:id="penn-n226">
    <link targets="seg-r324"/>
  </node>
  <a xml:id="penn-N69543" label="tok" ref="penn-n226" as="anc">
    <fs>
      <f name="string" value="in"/>
      <f name="msd" value="IN"/>
      <f name="base" value="in"/>
    </fs>
  </a>
  <node xml:id="penn-n227">
    <link targets="seg-r326"/>
  </node>
  <a xml:id="penn-N69571" label="tok" ref="penn-n227" as="anc">
    <fs>
      <f name="string" value="Generator"/>
      <f name="msd" value="NNP"/>
      <f name="base" value="generator"/>
    </fs>
  </a>
  <node xml:id="penn-n228">
    <link targets="seg-r327"/>
  </node>
  <a xml:id="penn-N69599" label="tok" ref="penn-n228" as="anc">
    <fs>
      <f name="string" value="'s"/>
      <f name="msd" value="POS"/>
      <f name="base" value="be"/>
    </fs>
  </a>
  <node xml:id="penn-n229">
    <link targets="seg-r329"/>
  </node>
  <a xml:id="penn-N69627" label="tok" ref="penn-n229" as="anc">
    <fs>
      <f name="string" value="Coffin"/>
      <f name="msd" value="NNP"/>
      <f name="base" value="coffin"/>
    </fs>
  </a>
  <node xml:id="penn-n23">
    <link targets="seg-r37"/>
  </node>
  <a xml:id="penn-N69655" label="tok" ref="penn-n23" as="anc">
    <fs>
      <f name="base" value="70"/>
      <f name="string" value="70"/>
      <f name="msd" value="CD"/>
    </fs>
  </a>
  <node xml:id="penn-n230">
    <link targets="seg-r331"/>
  </node>
  <a xml:id="penn-N69683" label="tok" ref="penn-n230" as="anc">
    <fs>
      <f name="msd" value=":"/>
      <f name="base" value="--"/>
      <f name="string" value="--"/>
    </fs>
  </a>
  <node xml:id="penn-n231">
    <link targets="seg-r333"/>
  </node>
  <a xml:id="penn-N69715" label="tok" ref="penn-n231" as="anc">
    <fs>
      <f name="string" value="Absurdity"/>
      <f name="msd" value="NNP"/>
      <f name="base" value="absurdity"/>
    </fs>
  </a>
  <node xml:id="penn-n232">
    <link targets="seg-r335"/>
  </node>
  <a xml:id="penn-N69743" label="tok" ref="penn-n232" as="anc">
    <fs>
      <f name="string" value="in"/>
      <f name="msd" value="IN"/>
      <f name="base" value="in"/>
    </fs>
  </a>
  <node xml:id="penn-n233">
    <link targets="seg-r337"/>
  </node>
  <a xml:id="penn-N69771" label="tok" ref="penn-n233" as="anc">
    <fs>
      <f name="string" value="CA"/>
      <f name="msd" value="NNP"/>
      <f name="base" value="can"/>
    </fs>
  </a>
  <node xml:id="penn-n234">
    <link targets="seg-r339"/>
  </node>
  <a xml:id="penn-N69799" label="tok" ref="penn-n234" as="anc">
    <fs>
      <f name="string" value="I"/>
      <f name="msd" value="PRP"/>
      <f name="base" value="i"/>
    </fs>
  </a>
  <node xml:id="penn-n235">
    <link targets="seg-r341"/>
  </node>
  <a xml:id="penn-N69827" label="tok" ref="penn-n235" as="anc">
    <fs>
      <f name="string" value="just"/>
      <f name="msd" value="RB"/>
      <f name="base" value="just"/>
    </fs>
  </a>
  <node xml:id="penn-n236">
    <link targets="seg-r343"/>
  </node>
  <a xml:id="penn-N69855" label="tok" ref="penn-n236" as="anc">
    <fs>
      <f name="string" value="heard"/>
      <f name="msd" value="VBD"/>
      <f name="base" value="hear"/>
    </fs>
  </a>
  <node xml:id="penn-n237">
    <link targets="seg-r345"/>
  </node>
  <a xml:id="penn-N69883" label="tok" ref="penn-n237" as="anc">
    <fs>
      <f name="string" value="about"/>
      <f name="msd" value="IN"/>
      <f name="base" value="about"/>
    </fs>
  </a>
  <node xml:id="penn-n238">
    <link targets="seg-r347"/>
  </node>
  <a xml:id="penn-N69911" label="tok" ref="penn-n238" as="anc">
    <fs>
      <f name="string" value="this"/>
      <f name="msd" value="DT"/>
      <f name="base" value="this"/>
    </fs>
  </a>
  <node xml:id="penn-n239">
    <link targets="seg-r349"/>
  </node>
  <a xml:id="penn-N69939" label="tok" ref="penn-n239" as="anc">
    <fs>
      <f name="string" value="bill"/>
      <f name="msd" value="NN"/>
      <f name="base" value="bill"/>
    </fs>
  </a>
  <node xml:id="penn-n24">
    <link targets="seg-r39"/>
  </node>
  <a xml:id="penn-N69967" label="tok" ref="penn-n24" as="anc">
    <fs>
      <f name="string" value="Further"/>
      <f name="msd" value="RB"/>
      <f name="base" value="further"/>
    </fs>
  </a>
  <node xml:id="penn-n240">
    <link targets="seg-r351"/>
  </node>
  <a xml:id="penn-N69995" label="tok" ref="penn-n240" as="anc">
    <fs>
      <f name="string" value="by"/>
      <f name="msd" value="IN"/>
      <f name="base" value="by"/>
    </fs>
  </a>
  <node xml:id="penn-n241">
    <link targets="seg-r353"/>
  </node>
  <a xml:id="penn-N70023" label="tok" ref="penn-n241" as="anc">
    <fs>
      <f name="string" value="La"/>
      <f name="msd" value="NNP"/>
      <f name="base" value="la"/>
    </fs>
  </a>
  <node xml:id="penn-n242">
    <link targets="seg-r355"/>
  </node>
  <a xml:id="penn-N70051" label="tok" ref="penn-n242" as="anc">
    <fs>
      <f name="string" value="Seur"/>
      <f name="msd" value="NNP"/>
      <f name="base" value="seur"/>
    </fs>
  </a>
  <node xml:id="penn-n243">
    <link targets="seg-r357"/>
  </node>
  <a xml:id="penn-N70079" label="tok" ref="penn-n243" as="anc">
    <fs>
      <f name="string" value="ABX"/>
      <f name="msd" value="NNP"/>
      <f name="base" value="abx"/>
    </fs>
  </a>
  <node xml:id="penn-n244">
    <link targets="seg-r358"/>
  </node>
  <a xml:id="penn-N70107" label="tok" ref="penn-n244" as="anc">
    <fs>
      <f name="base" value="1"/>
      <f name="string" value="1"/>
      <f name="msd" value="CD"/>
    </fs>
  </a>
  <node xml:id="penn-n245">
    <link targets="seg-r360"/>
  </node>
  <a xml:id="penn-N70135" label="tok" ref="penn-n245" as="anc">
    <fs>
      <f name="base" value="70"/>
      <f name="string" value="70"/>
      <f name="msd" value="CD"/>
    </fs>
  </a>
  <node xml:id="penn-n246">
    <link targets="seg-r362"/>
  </node>
  <a xml:id="penn-N70163" label="tok" ref="penn-n246" as="anc">
    <fs>
      <f name="string" value="attempts"/>
      <f name="msd" value="NNS"/>
      <f name="base" value="attempt"/>
    </fs>
  </a>
  <node xml:id="penn-n247">
    <link targets="seg-r364"/>
  </node>
  <a xml:id="penn-N70191" label="tok" ref="penn-n247" as="anc">
    <fs>
      <f name="string" value="to"/>
      <f name="msd" value="TO"/>
      <f name="base" value="to"/>
    </fs>
  </a>
  <node xml:id="penn-n248">
    <link targets="seg-r366"/>
  </node>
  <a xml:id="penn-N70219" label="tok" ref="penn-n248" as="anc">
    <fs>
      <f name="string" value="criminalize"/>
      <f name="msd" value="VB"/>
      <f name="base" value="criminalize"/>
    </fs>
  </a>
  <node xml:id="penn-n249">
    <link targets="seg-r368"/>
  </node>
  <a xml:id="penn-N70247" label="tok" ref="penn-n249" as="anc">
    <fs>
      <f name="string" value="acts"/>
      <f name="msd" value="NNS"/>
      <f name="base" value="act"/>
    </fs>
  </a>
  <node xml:id="penn-n25">
    <link targets="seg-r41"/>
  </node>
  <a xml:id="penn-N70275" label="tok" ref="penn-n25" as="anc">
    <fs>
      <f name="string" value="Nail"/>
      <f name="msd" value="NNP"/>
      <f name="base" value="nail"/>
    </fs>
  </a>
  <node xml:id="penn-n250">
    <link targets="seg-r370"/>
  </node>
  <a xml:id="penn-N70303" label="tok" ref="penn-n250" as="anc">
    <fs>
      <f name="string" value="of"/>
      <f name="msd" value="IN"/>
      <f name="base" value="of"/>
    </fs>
  </a>
  <node xml:id="penn-n251">
    <link targets="seg-r372"/>
  </node>
  <a xml:id="penn-N70331" label="tok" ref="penn-n251" as="anc">
    <fs>
      <f name="string" value="unregulated"/>
      <f name="msd" value="JJ"/>
      <f name="base" value="unregulate"/>
    </fs>
  </a>
  <node xml:id="penn-n252">
    <link targets="seg-r374"/>
  </node>
  <a xml:id="penn-N70359" label="tok" ref="penn-n252" as="anc">
    <fs>
      <f name="string" value="generators"/>
      <f name="msd" value="NNS"/>
      <f name="base" value="generator"/>
    </fs>
  </a>
  <node xml:id="penn-n253">
    <link targets="seg-r376"/>
  </node>
  <a xml:id="penn-N70387" label="tok" ref="penn-n253" as="anc">
    <fs>
      <f name="string" value="if"/>
      <f name="msd" value="IN"/>
      <f name="base" value="if"/>
    </fs>
  </a>
  <node xml:id="penn-n254">
    <link targets="seg-r378"/>
  </node>
  <a xml:id="penn-N70415" label="tok" ref="penn-n254" as="anc">
    <fs>
      <f name="string" value="they"/>
      <f name="msd" value="PRP"/>
      <f name="base" value="they"/>
    </fs>
  </a>
  <node xml:id="penn-n255">
    <link targets="seg-r380"/>
  </node>
  <a xml:id="penn-N70443" label="tok" ref="penn-n255" as="anc">
    <fs>
      <f name="string" value="perform"/>
      <f name="msd" value="VBP"/>
      <f name="base" value="perform"/>
    </fs>
  </a>
  <node xml:id="penn-n256">
    <link targets="seg-r382"/>
  </node>
  <a xml:id="penn-N70471" label="tok" ref="penn-n256" as="anc">
    <fs>
      <f name="string" value="maintenance"/>
      <f name="msd" value="NN"/>
      <f name="base" value="maintenance"/>
    </fs>
  </a>
  <node xml:id="penn-n257">
    <link targets="seg-r384"/>
  </node>
  <a xml:id="penn-N70499" label="tok" ref="penn-n257" as="anc">
    <fs>
      <f name="string" value="at"/>
      <f name="msd" value="IN"/>
      <f name="base" value="at"/>
    </fs>
  </a>
  <node xml:id="penn-n258">
    <link targets="seg-r386"/>
  </node>
  <a xml:id="penn-N70527" label="tok" ref="penn-n258" as="anc">
    <fs>
      <f name="string" value="times"/>
      <f name="msd" value="NNS"/>
      <f name="base" value="time"/>
    </fs>
  </a>
  <node xml:id="penn-n259">
    <link targets="seg-r388"/>
  </node>
  <a xml:id="penn-N70555" label="tok" ref="penn-n259" as="anc">
    <fs>
      <f name="string" value="other"/>
      <f name="msd" value="JJ"/>
      <f name="base" value="other"/>
    </fs>
  </a>
  <node xml:id="penn-n26">
    <link targets="seg-r43"/>
  </node>
  <a xml:id="penn-N70583" label="tok" ref="penn-n26" as="anc">
    <fs>
      <f name="string" value="in"/>
      <f name="msd" value="IN"/>
      <f name="base" value="in"/>
    </fs>
  </a>
  <node xml:id="penn-n260">
    <link targets="seg-r390"/>
  </node>
  <a xml:id="penn-N70611" label="tok" ref="penn-n260" as="anc">
    <fs>
      <f name="string" value="than"/>
      <f name="msd" value="IN"/>
      <f name="base" value="than"/>
    </fs>
  </a>
  <node xml:id="penn-n261">
    <link targets="seg-r392"/>
  </node>
  <a xml:id="penn-N70639" label="tok" ref="penn-n261" as="anc">
    <fs>
      <f name="string" value="the"/>
      <f name="msd" value="DT"/>
      <f name="base" value="the"/>
    </fs>
  </a>
  <node xml:id="penn-n262">
    <link targets="seg-r394"/>
  </node>
  <a xml:id="penn-N70667" label="tok" ref="penn-n262" as="anc">
    <fs>
      <f name="string" value="California"/>
      <f name="msd" value="NNP"/>
      <f name="base" value="californium"/>
    </fs>
  </a>
  <node xml:id="penn-n263">
    <link targets="seg-r396"/>
  </node>
  <a xml:id="penn-N70695" label="tok" ref="penn-n263" as="anc">
    <fs>
      <f name="string" value="Public"/>
      <f name="msd" value="NNP"/>
      <f name="base" value="public"/>
    </fs>
  </a>
  <node xml:id="penn-n264">
    <link targets="seg-r398"/>
  </node>
  <a xml:id="penn-N70723" label="tok" ref="penn-n264" as="anc">
    <fs>
      <f name="string" value="Utilities"/>
      <f name="msd" value="NNP"/>
      <f name="base" value="utility"/>
    </fs>
  </a>
  <node xml:id="penn-n265">
    <link targets="seg-r400"/>
  </node>
  <a xml:id="penn-N70751" label="tok" ref="penn-n265" as="anc">
    <fs>
      <f name="string" value="Commission"/>
      <f name="msd" value="NNP"/>
      <f name="base" value="commission"/>
    </fs>
  </a>
  <node xml:id="penn-n266">
    <link targets="seg-r402"/>
  </node>
  <a xml:id="penn-N70779" label="tok" ref="penn-n266" as="anc">
    <fs>
      <f name="string" value="requires"/>
      <f name="msd" value="VBZ"/>
      <f name="base" value="require"/>
    </fs>
  </a>
  <node xml:id="penn-n267">
    <link targets="seg-r403"/>
  </node>
  <a xml:id="penn-N70807" label="tok" ref="penn-n267" as="anc">
    <fs>
      <f name="string" value="."/>
      <f name="msd" value="."/>
      <f name="base" value="."/>
    </fs>
  </a>
  <node xml:id="penn-n268">
    <link targets="seg-r405"/>
  </node>
  <a xml:id="penn-N70835" label="tok" ref="penn-n268" as="anc">
    <fs>
      <f name="string" value="Further"/>
      <f name="msd" value="RB"/>
      <f name="base" value="further"/>
    </fs>
  </a>
  <node xml:id="penn-n269">
    <link targets="seg-r406"/>
  </node>
  <a xml:id="penn-N70863" label="tok" ref="penn-n269" as="anc">
    <fs>
      <f name="string" value=","/>
      <f name="msd" value=","/>
      <f name="base" value=","/>
    </fs>
  </a>
  <node xml:id="penn-n27">
    <link targets="seg-r45"/>
  </node>
  <a xml:id="penn-N70891" label="tok" ref="penn-n27" as="anc">
    <fs>
      <f name="string" value="Generator"/>
      <f name="msd" value="NNP"/>
      <f name="base" value="generator"/>
    </fs>
  </a>
  <node xml:id="penn-n270">
    <link targets="seg-r408"/>
  </node>
  <a xml:id="penn-N70919" label="tok" ref="penn-n270" as="anc">
    <fs>
      <f name="string" value="the"/>
      <f name="msd" value="DT"/>
      <f name="base" value="the"/>
    </fs>
  </a>
  <node xml:id="penn-n271">
    <link targets="seg-r410"/>
  </node>
  <a xml:id="penn-N70947" label="tok" ref="penn-n271" as="anc">
    <fs>
      <f name="string" value="commission"/>
      <f name="msd" value="NN"/>
      <f name="base" value="commission"/>
    </fs>
  </a>
  <node xml:id="penn-n272">
    <link targets="seg-r412"/>
  </node>
  <a xml:id="penn-N70975" label="tok" ref="penn-n272" as="anc">
    <fs>
      <f name="string" value="is"/>
      <f name="msd" value="VBZ"/>
      <f name="base" value="be"/>
    </fs>
  </a>
  <node xml:id="penn-n273">
    <link targets="seg-r414"/>
  </node>
  <a xml:id="penn-N71003" label="tok" ref="penn-n273" as="anc">
    <fs>
      <f name="string" value="required"/>
      <f name="msd" value="VBN"/>
      <f name="base" value="require"/>
    </fs>
  </a>
  <node xml:id="penn-n274">
    <link targets="seg-r416"/>
  </node>
  <a xml:id="penn-N71031" label="tok" ref="penn-n274" as="anc">
    <fs>
      <f name="string" value="to"/>
      <f name="msd" value="TO"/>
      <f name="base" value="to"/>
    </fs>
  </a>
  <node xml:id="penn-n275">
    <link targets="seg-r418"/>
  </node>
  <a xml:id="penn-N71059" label="tok" ref="penn-n275" as="anc">
    <fs>
      <f name="string" value="allow"/>
      <f name="msd" value="VB"/>
      <f name="base" value="allow"/>
    </fs>
  </a>
  <node xml:id="penn-n276">
    <link targets="seg-r420"/>
  </node>
  <a xml:id="penn-N71087" label="tok" ref="penn-n276" as="anc">
    <fs>
      <f name="string" value="scheduled"/>
      <f name="msd" value="VBN"/>
      <f name="base" value="schedule"/>
    </fs>
  </a>
  <node xml:id="penn-n277">
    <link targets="seg-r422"/>
  </node>
  <a xml:id="penn-N71115" label="tok" ref="penn-n277" as="anc">
    <fs>
      <f name="string" value="maintenance"/>
      <f name="msd" value="NN"/>
      <f name="base" value="maintenance"/>
    </fs>
  </a>
  <node xml:id="penn-n278">
    <link targets="seg-r424"/>
  </node>
  <a xml:id="penn-N71143" label="tok" ref="penn-n278" as="anc">
    <fs>
      <f name="string" value="of"/>
      <f name="msd" value="IN"/>
      <f name="base" value="of"/>
    </fs>
  </a>
  <node xml:id="penn-n279">
    <link targets="seg-r426"/>
  </node>
  <a xml:id="penn-N71171" label="tok" ref="penn-n279" as="anc">
    <fs>
      <f name="string" value="only"/>
      <f name="msd" value="RB"/>
      <f name="base" value="only"/>
    </fs>
  </a>
  <node xml:id="penn-n28">
    <link targets="seg-r46"/>
  </node>
  <a xml:id="penn-N71199" label="tok" ref="penn-n28" as="anc">
    <fs>
      <f name="string" value="'s"/>
      <f name="msd" value="POS"/>
      <f name="base" value="be"/>
    </fs>
  </a>
  <node xml:id="penn-n280">
    <link targets="seg-r428"/>
  </node>
  <a xml:id="penn-N71227" label="tok" ref="penn-n280" as="anc">
    <fs>
      <f name="string" value="one"/>
      <f name="msd" value="CD"/>
      <f name="base" value="one"/>
    </fs>
  </a>
  <node xml:id="penn-n281">
    <link targets="seg-r430"/>
  </node>
  <a xml:id="penn-N71255" label="tok" ref="penn-n281" as="anc">
    <fs>
      <f name="string" value="generator"/>
      <f name="msd" value="NN"/>
      <f name="base" value="generator"/>
    </fs>
  </a>
  <node xml:id="penn-n282">
    <link targets="seg-r432"/>
  </node>
  <a xml:id="penn-N71283" label="tok" ref="penn-n282" as="anc">
    <fs>
      <f name="string" value="at"/>
      <f name="msd" value="IN"/>
      <f name="base" value="at"/>
    </fs>
  </a>
  <node xml:id="penn-n283">
    <link targets="seg-r434"/>
  </node>
  <a xml:id="penn-N71311" label="tok" ref="penn-n283" as="anc">
    <fs>
      <f name="string" value="a"/>
      <f name="msd" value="DT"/>
      <f name="base" value="a"/>
    </fs>
  </a>
  <node xml:id="penn-n284">
    <link targets="seg-r436"/>
  </node>
  <a xml:id="penn-N71339" label="tok" ref="penn-n284" as="anc">
    <fs>
      <f name="string" value="time"/>
      <f name="msd" value="NN"/>
      <f name="base" value="time"/>
    </fs>
  </a>
  <node xml:id="penn-n285">
    <link targets="seg-r437"/>
  </node>
  <a xml:id="penn-N71367" label="tok" ref="penn-n285" as="anc">
    <fs>
      <f name="string" value="."/>
      <f name="msd" value="."/>
      <f name="base" value="."/>
    </fs>
  </a>
  <node xml:id="penn-n286">
    <link targets="seg-r439"/>
  </node>
  <a xml:id="penn-N71395" label="tok" ref="penn-n286" as="anc">
    <fs>
      <f name="string" value="So"/>
      <f name="msd" value="RB"/>
      <f name="base" value="so"/>
    </fs>
  </a>
  <node xml:id="penn-n287">
    <link targets="seg-r440"/>
  </node>
  <a xml:id="penn-N71423" label="tok" ref="penn-n287" as="anc">
    <fs>
      <f name="string" value=","/>
      <f name="msd" value=","/>
      <f name="base" value=","/>
    </fs>
  </a>
  <node xml:id="penn-n288">
    <link targets="seg-r442"/>
  </node>
  <a xml:id="penn-N71451" label="tok" ref="penn-n288" as="anc">
    <fs>
      <f name="string" value="with"/>
      <f name="msd" value="IN"/>
      <f name="base" value="with"/>
    </fs>
  </a>
  <node xml:id="penn-n289">
    <link targets="seg-r444"/>
  </node>
  <a xml:id="penn-N71479" label="tok" ref="penn-n289" as="anc">
    <fs>
      <f name="base" value="500"/>
      <f name="string" value="500"/>
      <f name="msd" value="CD"/>
    </fs>
  </a>
  <node xml:id="penn-n29">
    <link targets="seg-r48"/>
  </node>
  <a xml:id="penn-N71507" label="tok" ref="penn-n29" as="anc">
    <fs>
      <f name="string" value="Coffin"/>
      <f name="msd" value="NNP"/>
      <f name="base" value="coffin"/>
    </fs>
  </a>
  <node xml:id="penn-n290">
    <link targets="seg-r446"/>
  </node>
  <a xml:id="penn-N71535" label="tok" ref="penn-n290" as="anc">
    <fs>
      <f name="string" value="generators"/>
      <f name="msd" value="NNS"/>
      <f name="base" value="generator"/>
    </fs>
  </a>
  <node xml:id="penn-n291">
    <link targets="seg-r448"/>
  </node>
  <a xml:id="penn-N71563" label="tok" ref="penn-n291" as="anc">
    <fs>
      <f name="string" value="in"/>
      <f name="msd" value="IN"/>
      <f name="base" value="in"/>
    </fs>
  </a>
  <node xml:id="penn-n292">
    <link targets="seg-r450"/>
  </node>
  <a xml:id="penn-N71591" label="tok" ref="penn-n292" as="anc">
    <fs>
      <f name="string" value="the"/>
      <f name="msd" value="DT"/>
      <f name="base" value="the"/>
    </fs>
  </a>
  <node xml:id="penn-n293">
    <link targets="seg-r452"/>
  </node>
  <a xml:id="penn-N71619" label="tok" ref="penn-n293" as="anc">
    <fs>
      <f name="string" value="state"/>
      <f name="msd" value="NN"/>
      <f name="base" value="state"/>
    </fs>
  </a>
  <node xml:id="penn-n294">
    <link targets="seg-r453"/>
  </node>
  <a xml:id="penn-N71647" label="tok" ref="penn-n294" as="anc">
    <fs>
      <f name="string" value=","/>
      <f name="msd" value=","/>
      <f name="base" value=","/>
    </fs>
  </a>
  <node xml:id="penn-n295">
    <link targets="seg-r455"/>
  </node>
  <a xml:id="penn-N71675" label="tok" ref="penn-n295" as="anc">
    <fs>
      <f name="string" value="just"/>
      <f name="msd" value="RB"/>
      <f name="base" value="just"/>
    </fs>
  </a>
  <node xml:id="penn-n296">
    <link targets="seg-r457"/>
  </node>
  <a xml:id="penn-N71703" label="tok" ref="penn-n296" as="anc">
    <fs>
      <f name="string" value="how"/>
      <f name="msd" value="WRB"/>
      <f name="base" value="how"/>
    </fs>
  </a>
  <node xml:id="penn-n297">
    <link targets="seg-r459"/>
  </node>
  <a xml:id="penn-N71731" label="tok" ref="penn-n297" as="anc">
    <fs>
      <f name="string" value="many"/>
      <f name="msd" value="JJ"/>
      <f name="base" value="many"/>
    </fs>
  </a>
  <node xml:id="penn-n298">
    <link targets="seg-r461"/>
  </node>
  <a xml:id="penn-N71759" label="tok" ref="penn-n298" as="anc">
    <fs>
      <f name="string" value="years"/>
      <f name="msd" value="NNS"/>
      <f name="base" value="year"/>
    </fs>
  </a>
  <node xml:id="penn-n299">
    <link targets="seg-r463"/>
  </node>
  <a xml:id="penn-N71787" label="tok" ref="penn-n299" as="anc">
    <fs>
      <f name="string" value="would"/>
      <f name="msd" value="MD"/>
      <f name="base" value="would"/>
    </fs>
  </a>
  <node xml:id="penn-n3">
    <link targets="seg-r4"/>
  </node>
  <a xml:id="penn-N71815" label="tok" ref="penn-n3" as="anc">
    <fs>
      <f name="string" value=","/>
      <f name="msd" value=","/>
      <f name="base" value=","/>
    </fs>
  </a>
  <node xml:id="penn-n30">
    <link targets="seg-r50"/>
  </node>
  <a xml:id="penn-N71843" label="tok" ref="penn-n30" as="anc">
    <fs>
      <f name="msd" value=":"/>
      <f name="base" value="--"/>
      <f name="string" value="--"/>
    </fs>
  </a>
  <node xml:id="penn-n300">
    <link targets="seg-r465"/>
  </node>
  <a xml:id="penn-N71875" label="tok" ref="penn-n300" as="anc">
    <fs>
      <f name="string" value="it"/>
      <f name="msd" value="PRP"/>
      <f name="base" value="it"/>
    </fs>
  </a>
  <node xml:id="penn-n301">
    <link targets="seg-r467"/>
  </node>
  <a xml:id="penn-N71903" label="tok" ref="penn-n301" as="anc">
    <fs>
      <f name="string" value="take"/>
      <f name="msd" value="VB"/>
      <f name="base" value="take"/>
    </fs>
  </a>
  <node xml:id="penn-n302">
    <link targets="seg-r469"/>
  </node>
  <a xml:id="penn-N71931" label="tok" ref="penn-n302" as="anc">
    <fs>
      <f name="string" value="to"/>
      <f name="msd" value="TO"/>
      <f name="base" value="to"/>
    </fs>
  </a>
  <node xml:id="penn-n303">
    <link targets="seg-r471"/>
  </node>
  <a xml:id="penn-N71959" label="tok" ref="penn-n303" as="anc">
    <fs>
      <f name="string" value="complete"/>
      <f name="msd" value="VB"/>
      <f name="base" value="complete"/>
    </fs>
  </a>
  <node xml:id="penn-n304">
    <link targets="seg-r473"/>
  </node>
  <a xml:id="penn-N71987" label="tok" ref="penn-n304" as="anc">
    <fs>
      <f name="string" value="one"/>
      <f name="msd" value="CD"/>
      <f name="base" value="one"/>
    </fs>
  </a>
  <node xml:id="penn-n305">
    <link targets="seg-r475"/>
  </node>
  <a xml:id="penn-N72015" label="tok" ref="penn-n305" as="anc">
    <fs>
      <f name="string" value="round"/>
      <f name="msd" value="NN"/>
      <f name="base" value="round"/>
    </fs>
  </a>
  <node xml:id="penn-n306">
    <link targets="seg-r477"/>
  </node>
  <a xml:id="penn-N72043" label="tok" ref="penn-n306" as="anc">
    <fs>
      <f name="string" value="of"/>
      <f name="msd" value="IN"/>
      <f name="base" value="of"/>
    </fs>
  </a>
  <node xml:id="penn-n307">
    <link targets="seg-r479"/>
  </node>
  <a xml:id="penn-N72071" label="tok" ref="penn-n307" as="anc">
    <fs>
      <f name="string" value="maintenance"/>
      <f name="msd" value="NN"/>
      <f name="base" value="maintenance"/>
    </fs>
  </a>
  <node xml:id="penn-n308">
    <link targets="seg-r480"/>
  </node>
  <a xml:id="penn-N72099" label="tok" ref="penn-n308" as="anc">
    <fs>
      <f name="string" value="?"/>
      <f name="msd" value="."/>
      <f name="base" value="?"/>
    </fs>
  </a>
  <node xml:id="penn-n309">
    <link targets="seg-r482"/>
  </node>
  <a xml:id="penn-N72127" label="tok" ref="penn-n309" as="anc">
    <fs>
      <f name="string" value="Also"/>
      <f name="msd" value="RB"/>
      <f name="base" value="also"/>
    </fs>
  </a>
  <node xml:id="penn-n31">
    <link targets="seg-r52"/>
  </node>
  <a xml:id="penn-N72155" label="tok" ref="penn-n31" as="anc">
    <fs>
      <f name="string" value="Absurdity"/>
      <f name="msd" value="NNP"/>
      <f name="base" value="absurdity"/>
    </fs>
  </a>
  <node xml:id="penn-n310">
    <link targets="seg-r483"/>
  </node>
  <a xml:id="penn-N72183" label="tok" ref="penn-n310" as="anc">
    <fs>
      <f name="string" value=","/>
      <f name="msd" value=","/>
      <f name="base" value=","/>
    </fs>
  </a>
  <node xml:id="penn-n311">
    <link targets="seg-r485"/>
  </node>
  <a xml:id="penn-N72211" label="tok" ref="penn-n311" as="anc">
    <fs>
      <f name="string" value="please"/>
      <f name="msd" value="VB"/>
      <f name="base" value="please"/>
    </fs>
  </a>
  <node xml:id="penn-n312">
    <link targets="seg-r487"/>
  </node>
  <a xml:id="penn-N72239" label="tok" ref="penn-n312" as="anc">
    <fs>
      <f name="string" value="note"/>
      <f name="msd" value="NN"/>
      <f name="base" value="note"/>
    </fs>
  </a>
  <node xml:id="penn-n313">
    <link targets="seg-r489"/>
  </node>
  <a xml:id="penn-N72267" label="tok" ref="penn-n313" as="anc">
    <fs>
      <f name="string" value="it"/>
      <f name="msd" value="PRP"/>
      <f name="base" value="it"/>
    </fs>
  </a>
  <node xml:id="penn-n314">
    <link targets="seg-r491"/>
  </node>
  <a xml:id="penn-N72295" label="tok" ref="penn-n314" as="anc">
    <fs>
      <f name="string" value="does"/>
      <f name="msd" value="VBZ"/>
      <f name="base" value="doe"/>
    </fs>
  </a>
  <node xml:id="penn-n315">
    <link targets="seg-r493"/>
  </node>
  <a xml:id="penn-N72323" label="tok" ref="penn-n315" as="anc">
    <fs>
      <f name="string" value="not"/>
      <f name="msd" value="RB"/>
      <f name="base" value="not"/>
    </fs>
  </a>
  <node xml:id="penn-n316">
    <link targets="seg-r495"/>
  </node>
  <a xml:id="penn-N72351" label="tok" ref="penn-n316" as="anc">
    <fs>
      <f name="string" value="apply"/>
      <f name="msd" value="VB"/>
      <f name="base" value="apply"/>
    </fs>
  </a>
  <node xml:id="penn-n317">
    <link targets="seg-r497"/>
  </node>
  <a xml:id="penn-N72379" label="tok" ref="penn-n317" as="anc">
    <fs>
      <f name="string" value="to"/>
      <f name="msd" value="TO"/>
      <f name="base" value="to"/>
    </fs>
  </a>
  <node xml:id="penn-n318">
    <link targets="seg-r499"/>
  </node>
  <a xml:id="penn-N72407" label="tok" ref="penn-n318" as="anc">
    <fs>
      <f name="string" value="munis"/>
      <f name="msd" value="NNS"/>
      <f name="base" value="muni"/>
    </fs>
  </a>
  <node xml:id="penn-n319">
    <link targets="seg-r500"/>
  </node>
  <a xml:id="penn-N72435" label="tok" ref="penn-n319" as="anc">
    <fs>
      <f name="string" value="."/>
      <f name="msd" value="."/>
      <f name="base" value="."/>
    </fs>
  </a>
  <node xml:id="penn-n32">
    <link targets="seg-r54"/>
  </node>
  <a xml:id="penn-N72463" label="tok" ref="penn-n32" as="anc">
    <fs>
      <f name="string" value="in"/>
      <f name="msd" value="IN"/>
      <f name="base" value="in"/>
    </fs>
  </a>
  <node xml:id="penn-n320">
    <link targets="seg-r502"/>
  </node>
  <a xml:id="penn-N72491" label="tok" ref="penn-n320" as="anc">
    <fs>
      <f name="string" value="Sue"/>
      <f name="msd" value="NNP"/>
      <f name="base" value="sue"/>
    </fs>
  </a>
  <node xml:id="penn-n321">
    <link targets="seg-r504"/>
  </node>
  <a xml:id="penn-N72519" label="tok" ref="penn-n321" as="anc">
    <fs>
      <f name="string" value="Mara"/>
      <f name="msd" value="NNP"/>
      <f name="base" value="mara"/>
    </fs>
  </a>
  <node xml:id="penn-n322">
    <link targets="seg-r506"/>
  </node>
  <a xml:id="penn-N72547" label="tok" ref="penn-n322" as="anc">
    <fs>
      <f name="string" value="Enron"/>
      <f name="msd" value="NNP"/>
      <f name="base" value="enron"/>
    </fs>
  </a>
  <node xml:id="penn-n323">
    <link targets="seg-r508"/>
  </node>
  <a xml:id="penn-N72575" label="tok" ref="penn-n323" as="anc">
    <fs>
      <f name="string" value="Corp"/>
      <f name="msd" value="NNP"/>
      <f name="base" value="corp"/>
    </fs>
  </a>
  <node xml:id="penn-n324">
    <link targets="seg-r509"/>
  </node>
  <a xml:id="penn-N72603" label="tok" ref="penn-n324" as="anc">
    <fs>
      <f name="string" value="."/>
      <f name="msd" value="."/>
      <f name="base" value="."/>
    </fs>
  </a>
  <node xml:id="penn-n325">
    <link targets="seg-r511"/>
  </node>
  <a xml:id="penn-N72631" label="tok" ref="penn-n325" as="anc">
    <fs>
      <f name="string" value="Tel"/>
      <f name="msd" value="NNP"/>
      <f name="base" value="tel"/>
    </fs>
  </a>
  <node xml:id="penn-n326">
    <link targets="seg-r512"/>
  </node>
  <a xml:id="penn-N72659" label="tok" ref="penn-n326" as="anc">
    <fs>
      <f name="string" value=":"/>
      <f name="msd" value=":"/>
      <f name="base" value=":"/>
    </fs>
  </a>
  <node xml:id="penn-n327">
    <link targets="seg-r514"/>
  </node>
  <a xml:id="penn-N72687" label="tok" ref="penn-n327" as="anc">
    <fs>
      <f name="string" value="("/>
      <f name="msd" value="("/>
      <f name="base" value="("/>
    </fs>
  </a>
  <node xml:id="penn-n328">
    <link targets="seg-r515"/>
  </node>
  <a xml:id="penn-N72719" label="tok" ref="penn-n328" as="anc">
    <fs>
      <f name="base" value="415"/>
      <f name="string" value="415"/>
      <f name="msd" value="CD"/>
    </fs>
  </a>
  <node xml:id="penn-n329">
    <link targets="seg-r516"/>
  </node>
  <a xml:id="penn-N72747" label="tok" ref="penn-n329" as="anc">
    <fs>
      <f name="string" value=")"/>
      <f name="msd" value=")"/>
      <f name="base" value=")"/>
    </fs>
  </a>
  <node xml:id="penn-n33">
    <link targets="seg-r56"/>
  </node>
  <a xml:id="penn-N72779" label="tok" ref="penn-n33" as="anc">
    <fs>
      <f name="string" value="CA"/>
      <f name="msd" value="NNP"/>
      <f name="base" value="can"/>
    </fs>
  </a>
  <node xml:id="penn-n330">
    <link targets="seg-r518"/>
  </node>
  <a xml:id="penn-N72807" label="tok" ref="penn-n330" as="anc">
    <fs>
      <f name="base" value="782"/>
      <f name="string" value="782"/>
      <f name="msd" value="CD"/>
    </fs>
  </a>
  <node xml:id="penn-n331">
    <link targets="seg-r519"/>
  </node>
  <a xml:id="penn-N72835" label="tok" ref="penn-n331" as="anc">
    <fs>
      <f name="string" value="-"/>
      <f name="msd" value=":"/>
      <f name="base" value="-"/>
    </fs>
  </a>
  <node xml:id="penn-n332">
    <link targets="seg-r520"/>
  </node>
  <a xml:id="penn-N72867" label="tok" ref="penn-n332" as="anc">
    <fs>
      <f name="base" value="7802"/>
      <f name="string" value="7802"/>
      <f name="msd" value="CD"/>
    </fs>
  </a>
  <node xml:id="penn-n333">
    <link targets="seg-r522"/>
  </node>
  <a xml:id="penn-N72895" label="tok" ref="penn-n333" as="anc">
    <fs>
      <f name="string" value="Fax"/>
      <f name="msd" value="NNP"/>
      <f name="base" value="fax"/>
    </fs>
  </a>
  <node xml:id="penn-n334">
    <link targets="seg-r523"/>
  </node>
  <a xml:id="penn-N72923" label="tok" ref="penn-n334" as="anc">
    <fs>
      <f name="string" value=":"/>
      <f name="msd" value=":"/>
      <f name="base" value=":"/>
    </fs>
  </a>
  <node xml:id="penn-n335">
    <link targets="seg-r524"/>
  </node>
  <a xml:id="penn-N72951" label="tok" ref="penn-n335" as="anc">
    <fs>
      <f name="string" value="("/>
      <f name="msd" value="("/>
      <f name="base" value="("/>
    </fs>
  </a>
  <node xml:id="penn-n336">
    <link targets="seg-r525"/>
  </node>
  <a xml:id="penn-N72983" label="tok" ref="penn-n336" as="anc">
    <fs>
      <f name="base" value="415"/>
      <f name="string" value="415"/>
      <f name="msd" value="CD"/>
    </fs>
  </a>
  <node xml:id="penn-n337">
    <link targets="seg-r526"/>
  </node>
  <a xml:id="penn-N73011" label="tok" ref="penn-n337" as="anc">
    <fs>
      <f name="string" value=")"/>
      <f name="msd" value=")"/>
      <f name="base" value=")"/>
    </fs>
  </a>
  <node xml:id="penn-n338">
    <link targets="seg-r528"/>
  </node>
  <a xml:id="penn-N73043" label="tok" ref="penn-n338" as="anc">
    <fs>
      <f name="base" value="782"/>
      <f name="string" value="782"/>
      <f name="msd" value="CD"/>
    </fs>
  </a>
  <node xml:id="penn-n339">
    <link targets="seg-r529"/>
  </node>
  <a xml:id="penn-N73071" label="tok" ref="penn-n339" as="anc">
    <fs>
      <f name="string" value="-"/>
      <f name="msd" value=":"/>
      <f name="base" value="-"/>
    </fs>
  </a>
  <node xml:id="penn-n34">
    <link targets="seg-r58"/>
  </node>
  <a xml:id="penn-N73103" label="tok" ref="penn-n34" as="anc">
    <fs>
      <f name="string" value="Mime-"/>
      <f name="msd" value="NNP"/>
      <f name="base" value="mime-"/>
    </fs>
  </a>
  <node xml:id="penn-n340">
    <link targets="seg-r530"/>
  </node>
  <a xml:id="penn-N73131" label="tok" ref="penn-n340" as="anc">
    <fs>
      <f name="base" value="7854"/>
      <f name="string" value="7854"/>
      <f name="msd" value="CD"/>
    </fs>
  </a>
  <node xml:id="penn-n35">
    <link targets="seg-r59"/>
  </node>
  <a xml:id="penn-N73159" label="tok" ref="penn-n35" as="anc">
    <fs>
      <f name="string" value="Version"/>
      <f name="msd" value="NNP"/>
      <f name="base" value="version"/>
    </fs>
  </a>
  <node xml:id="penn-n36">
    <link targets="seg-r60"/>
  </node>
  <a xml:id="penn-N73187" label="tok" ref="penn-n36" as="anc">
    <fs>
      <f name="string" value=":"/>
      <f name="msd" value=":"/>
      <f name="base" value=":"/>
    </fs>
  </a>
  <node xml:id="penn-n37">
    <link targets="seg-r62"/>
  </node>
  <a xml:id="penn-N73215" label="tok" ref="penn-n37" as="anc">
    <fs>
      <f name="base" value="1.0"/>
      <f name="string" value="1.0"/>
      <f name="msd" value="CD"/>
    </fs>
  </a>
  <node xml:id="penn-n38">
    <link targets="seg-r64"/>
  </node>
  <a xml:id="penn-N73243" label="tok" ref="penn-n38" as="anc">
    <fs>
      <f name="string" value="Content-"/>
      <f name="msd" value="NNP"/>
      <f name="base" value="content-"/>
    </fs>
  </a>
  <node xml:id="penn-n39">
    <link targets="seg-r65"/>
  </node>
  <a xml:id="penn-N73271" label="tok" ref="penn-n39" as="anc">
    <fs>
      <f name="string" value="Type"/>
      <f name="msd" value="NNP"/>
      <f name="base" value="type"/>
    </fs>
  </a>
  <node xml:id="penn-n4">
    <link targets="seg-r6"/>
  </node>
  <a xml:id="penn-N73299" label="tok" ref="penn-n4" as="anc">
    <fs>
      <f name="base" value="2"/>
      <f name="string" value="2"/>
      <f name="msd" value="CD"/>
    </fs>
  </a>
  <node xml:id="penn-n40">
    <link targets="seg-r66"/>
  </node>
  <a xml:id="penn-N73327" label="tok" ref="penn-n40" as="anc">
    <fs>
      <f name="string" value=":"/>
      <f name="msd" value=":"/>
      <f name="base" value=":"/>
    </fs>
  </a>
  <node xml:id="penn-n41">
    <link targets="seg-r68"/>
  </node>
  <a xml:id="penn-N73355" label="tok" ref="penn-n41" as="anc">
    <fs>
      <f name="string" value="text"/>
      <f name="msd" value="NN"/>
      <f name="base" value="text"/>
    </fs>
  </a>
  <node xml:id="penn-n42">
    <link targets="seg-r69"/>
  </node>
  <a xml:id="penn-N73383" label="tok" ref="penn-n42" as="anc">
    <fs>
      <f name="string" value="/"/>
      <f name="msd" value="NN"/>
      <f name="base" value="/"/>
    </fs>
  </a>
  <node xml:id="penn-n43">
    <link targets="seg-r70"/>
  </node>
  <a xml:id="penn-N73411" label="tok" ref="penn-n43" as="anc">
    <fs>
      <f name="string" value="plain"/>
      <f name="msd" value="JJ"/>
      <f name="base" value="plain"/>
    </fs>
  </a>
  <node xml:id="penn-n44">
    <link targets="seg-r71"/>
  </node>
  <a xml:id="penn-N73439" label="tok" ref="penn-n44" as="anc">
    <fs>
      <f name="string" value=";"/>
      <f name="msd" value=":"/>
      <f name="base" value=";"/>
    </fs>
  </a>
  <node xml:id="penn-n45">
    <link targets="seg-r73"/>
  </node>
  <a xml:id="penn-N73467" label="tok" ref="penn-n45" as="anc">
    <fs>
      <f name="string" value="charset"/>
      <f name="msd" value="NN"/>
      <f name="base" value="charset"/>
    </fs>
  </a>
  <node xml:id="penn-n46">
    <link targets="seg-r74"/>
  </node>
  <a xml:id="penn-N73495" label="tok" ref="penn-n46" as="anc">
    <fs>
      <f name="string" value="="/>
      <f name="msd" value="SYM"/>
      <f name="base" value="="/>
    </fs>
  </a>
  <node xml:id="penn-n47">
    <link targets="seg-r75"/>
  </node>
  <a xml:id="penn-N73523" label="tok" ref="penn-n47" as="anc">
    <fs>
      <f name="string" value="us-ascii"/>
      <f name="msd" value="JJ"/>
      <f name="base" value="us-ascius"/>
    </fs>
  </a>
  <node xml:id="penn-n48">
    <link targets="seg-r77"/>
  </node>
  <a xml:id="penn-N73551" label="tok" ref="penn-n48" as="anc">
    <fs>
      <f name="string" value="Content-"/>
      <f name="msd" value="NNP"/>
      <f name="base" value="content-"/>
    </fs>
  </a>
  <node xml:id="penn-n49">
    <link targets="seg-r78"/>
  </node>
  <a xml:id="penn-N73579" label="tok" ref="penn-n49" as="anc">
    <fs>
      <f name="string" value="Transfer-"/>
      <f name="msd" value="NNP"/>
      <f name="base" value="transfer-"/>
    </fs>
  </a>
  <node xml:id="penn-n5">
    <link targets="seg-r8"/>
  </node>
  <a xml:id="penn-N73607" label="tok" ref="penn-n5" as="anc">
    <fs>
      <f name="string" value="Mar"/>
      <f name="msd" value="NNP"/>
      <f name="base" value="mar"/>
    </fs>
  </a>
  <node xml:id="penn-n50">
    <link targets="seg-r79"/>
  </node>
  <a xml:id="penn-N73635" label="tok" ref="penn-n50" as="anc">
    <fs>
      <f name="string" value="Encoding"/>
      <f name="msd" value="NNP"/>
      <f name="base" value="encode"/>
    </fs>
  </a>
  <node xml:id="penn-n51">
    <link targets="seg-r80"/>
  </node>
  <a xml:id="penn-N73663" label="tok" ref="penn-n51" as="anc">
    <fs>
      <f name="string" value=":"/>
      <f name="msd" value=":"/>
      <f name="base" value=":"/>
    </fs>
  </a>
  <node xml:id="penn-n52">
    <link targets="seg-r82"/>
  </node>
  <a xml:id="penn-N73691" label="tok" ref="penn-n52" as="anc">
    <fs>
      <f name="base" value="7"/>
      <f name="string" value="7"/>
      <f name="msd" value="CD"/>
    </fs>
  </a>
  <node xml:id="penn-n53">
    <link targets="seg-r83"/>
  </node>
  <a xml:id="penn-N73719" label="tok" ref="penn-n53" as="anc">
    <fs>
      <f name="string" value="bit"/>
      <f name="msd" value="NN"/>
      <f name="base" value="bite"/>
    </fs>
  </a>
  <node xml:id="penn-n54">
    <link targets="seg-r85"/>
  </node>
  <a xml:id="penn-N73747" label="tok" ref="penn-n54" as="anc">
    <fs>
      <f name="string" value="X-From"/>
      <f name="msd" value="NNP"/>
      <f name="base" value="x-from"/>
    </fs>
  </a>
  <node xml:id="penn-n55">
    <link targets="seg-r86"/>
  </node>
  <a xml:id="penn-N73775" label="tok" ref="penn-n55" as="anc">
    <fs>
      <f name="string" value=":"/>
      <f name="msd" value=":"/>
      <f name="base" value=":"/>
    </fs>
  </a>
  <node xml:id="penn-n56">
    <link targets="seg-r88"/>
  </node>
  <a xml:id="penn-N73803" label="tok" ref="penn-n56" as="anc">
    <fs>
      <f name="string" value="Steven"/>
      <f name="msd" value="NNP"/>
      <f name="base" value="steven"/>
    </fs>
  </a>
  <node xml:id="penn-n57">
    <link targets="seg-r90"/>
  </node>
  <a xml:id="penn-N73831" label="tok" ref="penn-n57" as="anc">
    <fs>
      <f name="string" value="J"/>
      <f name="msd" value="NNP"/>
      <f name="base" value="j"/>
    </fs>
  </a>
  <node xml:id="penn-n58">
    <link targets="seg-r92"/>
  </node>
  <a xml:id="penn-N73859" label="tok" ref="penn-n58" as="anc">
    <fs>
      <f name="string" value="Kean"/>
      <f name="msd" value="NNP"/>
      <f name="base" value="kean"/>
    </fs>
  </a>
  <node xml:id="penn-n59">
    <link targets="seg-r94"/>
  </node>
  <a xml:id="penn-N73887" label="tok" ref="penn-n59" as="anc">
    <fs>
      <f name="string" value="X-To"/>
      <f name="msd" value="NNP"/>
      <f name="base" value="x-to"/>
    </fs>
  </a>
  <node xml:id="penn-n6">
    <link targets="seg-r10"/>
  </node>
  <a xml:id="penn-N73915" label="tok" ref="penn-n6" as="anc">
    <fs>
      <f name="base" value="2001"/>
      <f name="string" value="2001"/>
      <f name="msd" value="CD"/>
    </fs>
  </a>
  <node xml:id="penn-n60">
    <link targets="seg-r95"/>
  </node>
  <a xml:id="penn-N73943" label="tok" ref="penn-n60" as="anc">
    <fs>
      <f name="string" value=":"/>
      <f name="msd" value=":"/>
      <f name="base" value=":"/>
    </fs>
  </a>
  <node xml:id="penn-n61">
    <link targets="seg-r97"/>
  </node>
  <a xml:id="penn-N73971" label="tok" ref="penn-n61" as="anc">
    <fs>
      <f name="string" value="Maureen"/>
      <f name="msd" value="NNP"/>
      <f name="base" value="maureen"/>
    </fs>
  </a>
  <node xml:id="penn-n62">
    <link targets="seg-r99"/>
  </node>
  <a xml:id="penn-N73999" label="tok" ref="penn-n62" as="anc">
    <fs>
      <f name="string" value="McVicker"/>
      <f name="msd" value="NNP"/>
      <f name="base" value="mcvicker"/>
    </fs>
  </a>
  <node xml:id="penn-n63">
    <link targets="seg-r101"/>
  </node>
  <a xml:id="penn-N74027" label="tok" ref="penn-n63" as="anc">
    <fs>
      <f name="string" value="X-cc"/>
      <f name="base" value="x-cc"/>
      <f name="msd" value="NNP"/>
    </fs>
  </a>
  <node xml:id="penn-n64">
    <link targets="seg-r102"/>
  </node>
  <a xml:id="penn-N74055" label="tok" ref="penn-n64" as="anc">
    <fs>
      <f name="string" value=":"/>
      <f name="msd" value=":"/>
      <f name="base" value=":"/>
    </fs>
  </a>
  <node xml:id="penn-n65">
    <link targets="seg-r104"/>
  </node>
  <a xml:id="penn-N74083" label="tok" ref="penn-n65" as="anc">
    <fs>
      <f name="string" value="X-bcc"/>
      <f name="base" value="x-bcc"/>
      <f name="msd" value="NNP"/>
    </fs>
  </a>
  <node xml:id="penn-n66">
    <link targets="seg-r105"/>
  </node>
  <a xml:id="penn-N74111" label="tok" ref="penn-n66" as="anc">
    <fs>
      <f name="string" value=":"/>
      <f name="msd" value=":"/>
      <f name="base" value=":"/>
    </fs>
  </a>
  <node xml:id="penn-n67">
    <link targets="seg-r107"/>
  </node>
  <a xml:id="penn-N74139" label="tok" ref="penn-n67" as="anc">
    <fs>
      <f name="string" value="X-Folder"/>
      <f name="msd" value="NNP"/>
      <f name="base" value="x-folder"/>
    </fs>
  </a>
  <node xml:id="penn-n68">
    <link targets="seg-r108"/>
  </node>
  <a xml:id="penn-N74167" label="tok" ref="penn-n68" as="anc">
    <fs>
      <f name="string" value=":"/>
      <f name="msd" value=":"/>
      <f name="base" value=":"/>
    </fs>
  </a>
  <node xml:id="penn-n69">
    <link targets="seg-r110"/>
  </node>
  <a xml:id="penn-N74195" label="tok" ref="penn-n69" as="anc">
    <fs>
      <f name="string" value="\"/>
      <f name="msd" value="NN"/>
      <f name="base" value="\"/>
    </fs>
  </a>
  <node xml:id="penn-n7">
    <link targets="seg-r12"/>
  </node>
  <a xml:id="penn-N74223" label="tok" ref="penn-n7" as="anc">
    <fs>
      <f name="msd" value="NN"/>
      <f name="string" value="03:46:00"/>
      <f name="base" value="03:46:00"/>
    </fs>
  </a>
  <node xml:id="penn-n70">
    <link targets="seg-r111"/>
  </node>
  <a xml:id="penn-N74251" label="tok" ref="penn-n70" as="anc">
    <fs>
      <f name="string" value="Steven"/>
      <f name="msd" value="NNP"/>
      <f name="base" value="steven"/>
    </fs>
  </a>
  <node xml:id="penn-n71">
    <link targets="seg-r112"/>
  </node>
  <a xml:id="penn-N74279" label="tok" ref="penn-n71" as="anc">
    <fs>
      <f name="string" value="_"/>
      <f name="msd" value="NN"/>
      <f name="base" value="_"/>
    </fs>
  </a>
  <node xml:id="penn-n72">
    <link targets="seg-r113"/>
  </node>
  <a xml:id="penn-N74307" label="tok" ref="penn-n72" as="anc">
    <fs>
      <f name="string" value="Kean"/>
      <f name="msd" value="NNP"/>
      <f name="base" value="kean"/>
    </fs>
  </a>
  <node xml:id="penn-n73">
    <link targets="seg-r114"/>
  </node>
  <a xml:id="penn-N74335" label="tok" ref="penn-n73" as="anc">
    <fs>
      <f name="string" value="_"/>
      <f name="msd" value="NN"/>
      <f name="base" value="_"/>
    </fs>
  </a>
  <node xml:id="penn-n74">
    <link targets="seg-r115"/>
  </node>
  <a xml:id="penn-N74363" label="tok" ref="penn-n74" as="anc">
    <fs>
      <f name="string" value="June"/>
      <f name="msd" value="NNP"/>
      <f name="base" value="june"/>
    </fs>
  </a>
  <node xml:id="penn-n75">
    <link targets="seg-r116"/>
  </node>
  <a xml:id="penn-N74391" label="tok" ref="penn-n75" as="anc">
    <fs>
      <f name="base" value="2001"/>
      <f name="string" value="2001"/>
      <f name="msd" value="CD"/>
    </fs>
  </a>
  <node xml:id="penn-n76">
    <link targets="seg-r117"/>
  </node>
  <a xml:id="penn-N74419" label="tok" ref="penn-n76" as="anc">
    <fs>
      <f name="string" value="_"/>
      <f name="msd" value="NN"/>
      <f name="base" value="_"/>
    </fs>
  </a>
  <node xml:id="penn-n77">
    <link targets="seg-r118"/>
  </node>
  <a xml:id="penn-N74447" label="tok" ref="penn-n77" as="anc">
    <fs>
      <f name="base" value="1"/>
      <f name="string" value="1"/>
      <f name="msd" value="CD"/>
    </fs>
  </a>
  <node xml:id="penn-n78">
    <link targets="seg-r119"/>
  </node>
  <a xml:id="penn-N74475" label="tok" ref="penn-n78" as="anc">
    <fs>
      <f name="string" value="\"/>
      <f name="msd" value="NN"/>
      <f name="base" value="\"/>
    </fs>
  </a>
  <node xml:id="penn-n79">
    <link targets="seg-r120"/>
  </node>
  <a xml:id="penn-N74503" label="tok" ref="penn-n79" as="anc">
    <fs>
      <f name="string" value="Notes"/>
      <f name="msd" value="NNP"/>
      <f name="base" value="note"/>
    </fs>
  </a>
  <node xml:id="penn-n8">
    <link targets="seg-r14"/>
  </node>
  <a xml:id="penn-N74531" label="tok" ref="penn-n8" as="anc">
    <fs>
      <f name="string" value="-"/>
      <f name="msd" value=":"/>
      <f name="base" value="-"/>
    </fs>
  </a>
  <node xml:id="penn-n80">
    <link targets="seg-r122"/>
  </node>
  <a xml:id="penn-N74563" label="tok" ref="penn-n80" as="anc">
    <fs>
      <f name="string" value="Folders"/>
      <f name="msd" value="NNP"/>
      <f name="base" value="folder"/>
    </fs>
  </a>
  <node xml:id="penn-n81">
    <link targets="seg-r123"/>
  </node>
  <a xml:id="penn-N74591" label="tok" ref="penn-n81" as="anc">
    <fs>
      <f name="string" value="\"/>
      <f name="msd" value="NN"/>
      <f name="base" value="\"/>
    </fs>
  </a>
  <node xml:id="penn-n82">
    <link targets="seg-r124"/>
  </node>
  <a xml:id="penn-N74619" label="tok" ref="penn-n82" as="anc">
    <fs>
      <f name="string" value="All"/>
      <f name="msd" value="DT"/>
      <f name="base" value="all"/>
    </fs>
  </a>
  <node xml:id="penn-n83">
    <link targets="seg-r126"/>
  </node>
  <a xml:id="penn-N74647" label="tok" ref="penn-n83" as="anc">
    <fs>
      <f name="string" value="documents"/>
      <f name="msd" value="NNS"/>
      <f name="base" value="document"/>
    </fs>
  </a>
  <node xml:id="penn-n84">
    <link targets="seg-r128"/>
  </node>
  <a xml:id="penn-N74675" label="tok" ref="penn-n84" as="anc">
    <fs>
      <f name="string" value="X-Origin"/>
      <f name="msd" value="NNP"/>
      <f name="base" value="x-origin"/>
    </fs>
  </a>
  <node xml:id="penn-n85">
    <link targets="seg-r129"/>
  </node>
  <a xml:id="penn-N74703" label="tok" ref="penn-n85" as="anc">
    <fs>
      <f name="string" value=":"/>
      <f name="msd" value=":"/>
      <f name="base" value=":"/>
    </fs>
  </a>
  <node xml:id="penn-n86">
    <link targets="seg-r131"/>
  </node>
  <a xml:id="penn-N74731" label="tok" ref="penn-n86" as="anc">
    <fs>
      <f name="string" value="KEAN-S"/>
      <f name="msd" value="NNP"/>
      <f name="base" value="kean-"/>
    </fs>
  </a>
  <node xml:id="penn-n87">
    <link targets="seg-r133"/>
  </node>
  <a xml:id="penn-N74759" label="tok" ref="penn-n87" as="anc">
    <fs>
      <f name="string" value="X-FileName"/>
      <f name="msd" value="NNP"/>
      <f name="base" value="x-filename"/>
    </fs>
  </a>
  <node xml:id="penn-n88">
    <link targets="seg-r134"/>
  </node>
  <a xml:id="penn-N74787" label="tok" ref="penn-n88" as="anc">
    <fs>
      <f name="string" value=":"/>
      <f name="msd" value=":"/>
      <f name="base" value=":"/>
    </fs>
  </a>
  <node xml:id="penn-n89">
    <link targets="seg-r136"/>
  </node>
  <a xml:id="penn-N74815" label="tok" ref="penn-n89" as="anc">
    <fs>
      <f name="string" value="skean"/>
      <f name="msd" value="NN"/>
      <f name="base" value="skean"/>
    </fs>
  </a>
  <node xml:id="penn-n9">
    <link targets="seg-r15"/>
  </node>
  <a xml:id="penn-N74843" label="tok" ref="penn-n9" as="anc">
    <fs>
      <f name="base" value="0800"/>
      <f name="string" value="0800"/>
      <f name="msd" value="CD"/>
    </fs>
  </a>
  <node xml:id="penn-n90">
    <link targets="seg-r137"/>
  </node>
  <a xml:id="penn-N74871" label="tok" ref="penn-n90" as="anc">
    <fs>
      <f name="string" value="."/>
      <f name="msd" value="."/>
      <f name="base" value="."/>
    </fs>
  </a>
  <node xml:id="penn-n91">
    <link targets="seg-r138"/>
  </node>
  <a xml:id="penn-N74899" label="tok" ref="penn-n91" as="anc">
    <fs>
      <f name="string" value="nsf"/>
      <f name="msd" value="NN"/>
      <f name="base" value="nsf"/>
    </fs>
  </a>
  <node xml:id="penn-n92">
    <link targets="seg-r140"/>
  </node>
  <a xml:id="penn-N74927" label="tok" ref="penn-n92" as="anc">
    <fs>
      <f name="string" value="test"/>
      <f name="msd" value="NN"/>
      <f name="base" value="test"/>
    </fs>
  </a>
  <node xml:id="penn-n93">
    <link targets="seg-r142"/>
  </node>
  <a xml:id="penn-N74955" label="tok" ref="penn-n93" as="anc">
    <fs>
      <f name="string" value="-----"/>
      <f name="msd" value="SYM"/>
    </fs>
  </a>
  <node xml:id="penn-n94">
    <link targets="seg-r144"/>
  </node>
  <a xml:id="penn-N74979" label="tok" ref="penn-n94" as="anc">
    <fs>
      <f name="string" value="Forwarded"/>
      <f name="msd" value="NNP"/>
      <f name="base" value="forward"/>
    </fs>
  </a>
  <node xml:id="penn-n95">
    <link targets="seg-r146"/>
  </node>
  <a xml:id="penn-N75007" label="tok" ref="penn-n95" as="anc">
    <fs>
      <f name="string" value="by"/>
      <f name="msd" value="IN"/>
      <f name="base" value="by"/>
    </fs>
  </a>
  <node xml:id="penn-n96">
    <link targets="seg-r148"/>
  </node>
  <a xml:id="penn-N75035" label="tok" ref="penn-n96" as="anc">
    <fs>
      <f name="string" value="Steven"/>
      <f name="msd" value="NNP"/>
      <f name="base" value="steven"/>
    </fs>
  </a>
  <node xml:id="penn-n97">
    <link targets="seg-r150"/>
  </node>
  <a xml:id="penn-N75063" label="tok" ref="penn-n97" as="anc">
    <fs>
      <f name="string" value="J"/>
      <f name="msd" value="NNP"/>
      <f name="base" value="j"/>
    </fs>
  </a>
  <node xml:id="penn-n98">
    <link targets="seg-r152"/>
  </node>
  <a xml:id="penn-N75091" label="tok" ref="penn-n98" as="anc">
    <fs>
      <f name="string" value="Kean"/>
      <f name="msd" value="NNP"/>
      <f name="base" value="kean"/>
    </fs>
  </a>
  <node xml:id="penn-n99">
    <link targets="seg-r153"/>
  </node>
  <a xml:id="penn-N75119" label="tok" ref="penn-n99" as="anc">
    <fs>
      <f name="string" value="/"/>
      <f name="msd" value="NN"/>
      <f name="base" value="/"/>
    </fs>
  </a>
</graph>
