<graph xmlns="http://www.xces.org/ns/GrAF/1.0/" xmlns:graf="http://www.xces.org/ns/GrAF/1.0/">
  <graphHeader>
    <labelsDecl>
      <labelUsage label="Head" occurs="13"/>
      <labelUsage label="s" occurs="153"/>
      <labelUsage label="q" occurs="21"/>
    </labelsDecl>
    <annotationSpaces>
      <annotationSpace as.id="anc"/>
    </annotationSpaces>
  </graphHeader>
  <region xml:id="s-r0" anchors="4 422"/>
  <node xml:id="s-n0">
    <link targets="s-r0"/>
  </node>
  <a xml:id="s-N65577" label="Head" ref="s-n0" as="anc">
    <fs>
      <f name="type" value="email"/>
    </fs>
  </a>
  <region xml:id="s-r1" anchors="425 967"/>
  <node xml:id="s-n1">
    <link targets="s-r1"/>
  </node>
  <a xml:id="s-N65601" label="Head" ref="s-n1" as="anc">
    <fs>
      <f name="type" value="email"/>
    </fs>
  </a>
  <region xml:id="s-r2" anchors="974 988"/>
  <node xml:id="s-n2">
    <link targets="s-r2"/>
  </node>
  <a xml:id="s-N65625" label="s" ref="s-n2" as="anc"/>
  <region xml:id="s-r3" anchors="990 1053"/>
  <node xml:id="s-n3">
    <link targets="s-r3"/>
  </node>
  <a xml:id="s-N65641" label="s" ref="s-n3" as="anc"/>
  <region xml:id="s-r4" anchors="1055 1201"/>
  <node xml:id="s-n4">
    <link targets="s-r4"/>
  </node>
  <a xml:id="s-N65657" label="s" ref="s-n4" as="anc"/>
  <region xml:id="s-r5" anchors="1203 1306"/>
  <node xml:id="s-n5">
    <link targets="s-r5"/>
  </node>
  <a xml:id="s-N65673" label="s" ref="s-n5" as="anc"/>
  <region xml:id="s-r6" anchors="1308 1336"/>
  <node xml:id="s-n6">
    <link targets="s-r6"/>
  </node>
  <a xml:id="s-N65689" label="s" ref="s-n6" as="anc"/>
  <region xml:id="s-r7" anchors="1338 1349"/>
  <node xml:id="s-n7">
    <link targets="s-r7"/>
  </node>
  <a xml:id="s-N65705" label="s" ref="s-n7" as="anc"/>
  <region xml:id="s-r8" anchors="1351 1442"/>
  <node xml:id="s-n8">
    <link targets="s-r8"/>
  </node>
  <a xml:id="s-N65721" label="s" ref="s-n8" as="anc"/>
  <region xml:id="s-r9" anchors="1443 1616"/>
  <node xml:id="s-n9">
    <link targets="s-r9"/>
  </node>
  <a xml:id="s-N65737" label="s" ref="s-n9" as="anc"/>
  <region xml:id="s-r10" anchors="1562 1573"/>
  <node xml:id="s-n10">
    <link targets="s-r10"/>
  </node>
  <a xml:id="s-N65753" label="q" ref="s-n10" as="anc"/>
  <region xml:id="s-r11" anchors="1617 1661"/>
  <node xml:id="s-n11">
    <link targets="s-r11"/>
  </node>
  <a xml:id="s-N65769" label="s" ref="s-n11" as="anc"/>
  <region xml:id="s-r12" anchors="1663 1823"/>
  <node xml:id="s-n12">
    <link targets="s-r12"/>
  </node>
  <a xml:id="s-N65785" label="s" ref="s-n12" as="anc"/>
  <region xml:id="s-r13" anchors="1677 1684"/>
  <node xml:id="s-n13">
    <link targets="s-r13"/>
  </node>
  <a xml:id="s-N65801" label="q" ref="s-n13" as="anc"/>
  <region xml:id="s-r14" anchors="1824 1945"/>
  <node xml:id="s-n14">
    <link targets="s-r14"/>
  </node>
  <a xml:id="s-N65817" label="s" ref="s-n14" as="anc"/>
  <region xml:id="s-r15" anchors="1947 2103"/>
  <node xml:id="s-n15">
    <link targets="s-r15"/>
  </node>
  <a xml:id="s-N65833" label="s" ref="s-n15" as="anc"/>
  <region xml:id="s-r16" anchors="2104 2288"/>
  <node xml:id="s-n16">
    <link targets="s-r16"/>
  </node>
  <a xml:id="s-N65849" label="s" ref="s-n16" as="anc"/>
  <region xml:id="s-r17" anchors="2289 2348"/>
  <node xml:id="s-n17">
    <link targets="s-r17"/>
  </node>
  <a xml:id="s-N65865" label="s" ref="s-n17" as="anc"/>
  <region xml:id="s-r18" anchors="2350 2425"/>
  <node xml:id="s-n18">
    <link targets="s-r18"/>
  </node>
  <a xml:id="s-N65881" label="s" ref="s-n18" as="anc"/>
  <region xml:id="s-r19" anchors="2426 2500"/>
  <node xml:id="s-n19">
    <link targets="s-r19"/>
  </node>
  <a xml:id="s-N65897" label="s" ref="s-n19" as="anc"/>
  <region xml:id="s-r20" anchors="2462 2471"/>
  <node xml:id="s-n20">
    <link targets="s-r20"/>
  </node>
  <a xml:id="s-N65913" label="q" ref="s-n20" as="anc"/>
  <region xml:id="s-r21" anchors="2502 2673"/>
  <node xml:id="s-n21">
    <link targets="s-r21"/>
  </node>
  <a xml:id="s-N65929" label="s" ref="s-n21" as="anc"/>
  <region xml:id="s-r22" anchors="2604 2619"/>
  <node xml:id="s-n22">
    <link targets="s-r22"/>
  </node>
  <a xml:id="s-N65945" label="q" ref="s-n22" as="anc"/>
  <region xml:id="s-r23" anchors="2675 2812"/>
  <node xml:id="s-n23">
    <link targets="s-r23"/>
  </node>
  <a xml:id="s-N65961" label="s" ref="s-n23" as="anc"/>
  <region xml:id="s-r24" anchors="2712 2723"/>
  <node xml:id="s-n24">
    <link targets="s-r24"/>
  </node>
  <a xml:id="s-N65977" label="q" ref="s-n24" as="anc"/>
  <region xml:id="s-r25" anchors="2813 2896"/>
  <node xml:id="s-n25">
    <link targets="s-r25"/>
  </node>
  <a xml:id="s-N65993" label="s" ref="s-n25" as="anc"/>
  <region xml:id="s-r26" anchors="2898 2927"/>
  <node xml:id="s-n26">
    <link targets="s-r26"/>
  </node>
  <a xml:id="s-N66009" label="s" ref="s-n26" as="anc"/>
  <region xml:id="s-r27" anchors="2929 2990"/>
  <node xml:id="s-n27">
    <link targets="s-r27"/>
  </node>
  <a xml:id="s-N66025" label="s" ref="s-n27" as="anc"/>
  <region xml:id="s-r28" anchors="2992 3063"/>
  <node xml:id="s-n28">
    <link targets="s-r28"/>
  </node>
  <a xml:id="s-N66041" label="s" ref="s-n28" as="anc"/>
  <region xml:id="s-r29" anchors="3064 3244"/>
  <node xml:id="s-n29">
    <link targets="s-r29"/>
  </node>
  <a xml:id="s-N66057" label="s" ref="s-n29" as="anc"/>
  <region xml:id="s-r30" anchors="3246 3442"/>
  <node xml:id="s-n30">
    <link targets="s-r30"/>
  </node>
  <a xml:id="s-N66073" label="s" ref="s-n30" as="anc"/>
  <region xml:id="s-r31" anchors="3443 3532"/>
  <node xml:id="s-n31">
    <link targets="s-r31"/>
  </node>
  <a xml:id="s-N66089" label="s" ref="s-n31" as="anc"/>
  <region xml:id="s-r32" anchors="3534 3594"/>
  <node xml:id="s-n32">
    <link targets="s-r32"/>
  </node>
  <a xml:id="s-N66105" label="s" ref="s-n32" as="anc"/>
  <region xml:id="s-r33" anchors="3597 3877"/>
  <node xml:id="s-n33">
    <link targets="s-r33"/>
  </node>
  <a xml:id="s-N66121" label="s" ref="s-n33" as="anc"/>
  <region xml:id="s-r34" anchors="3638 3655"/>
  <node xml:id="s-n34">
    <link targets="s-r34"/>
  </node>
  <a xml:id="s-N66137" label="q" ref="s-n34" as="anc"/>
  <region xml:id="s-r35" anchors="3878 4001"/>
  <node xml:id="s-n35">
    <link targets="s-r35"/>
  </node>
  <a xml:id="s-N66153" label="s" ref="s-n35" as="anc"/>
  <region xml:id="s-r36" anchors="4003 4194"/>
  <node xml:id="s-n36">
    <link targets="s-r36"/>
  </node>
  <a xml:id="s-N66169" label="s" ref="s-n36" as="anc"/>
  <region xml:id="s-r37" anchors="4138 4194"/>
  <node xml:id="s-n37">
    <link targets="s-r37"/>
  </node>
  <a xml:id="s-N66185" label="q" ref="s-n37" as="anc"/>
  <region xml:id="s-r38" anchors="4196 4365"/>
  <node xml:id="s-n38">
    <link targets="s-r38"/>
  </node>
  <a xml:id="s-N66201" label="s" ref="s-n38" as="anc"/>
  <region xml:id="s-r39" anchors="4368 4498"/>
  <node xml:id="s-n39">
    <link targets="s-r39"/>
  </node>
  <a xml:id="s-N66217" label="s" ref="s-n39" as="anc"/>
  <region xml:id="s-r40" anchors="4500 4554"/>
  <node xml:id="s-n40">
    <link targets="s-r40"/>
  </node>
  <a xml:id="s-N66233" label="s" ref="s-n40" as="anc"/>
  <region xml:id="s-r41" anchors="4557 4602"/>
  <node xml:id="s-n41">
    <link targets="s-r41"/>
  </node>
  <a xml:id="s-N66249" label="s" ref="s-n41" as="anc"/>
  <region xml:id="s-r42" anchors="4616 4866"/>
  <node xml:id="s-n42">
    <link targets="s-r42"/>
  </node>
  <a xml:id="s-N66265" label="Head" ref="s-n42" as="anc">
    <fs>
      <f name="type" value="email"/>
    </fs>
  </a>
  <region xml:id="s-r43" anchors="4868 4937"/>
  <node xml:id="s-n43">
    <link targets="s-r43"/>
  </node>
  <a xml:id="s-N66289" label="s" ref="s-n43" as="anc"/>
  <region xml:id="s-r44" anchors="4939 4973"/>
  <node xml:id="s-n44">
    <link targets="s-r44"/>
  </node>
  <a xml:id="s-N66305" label="s" ref="s-n44" as="anc"/>
  <region xml:id="s-r45" anchors="4975 5154"/>
  <node xml:id="s-n45">
    <link targets="s-r45"/>
  </node>
  <a xml:id="s-N66321" label="Head" ref="s-n45" as="anc">
    <fs>
      <f name="type" value="email"/>
    </fs>
  </a>
  <region xml:id="s-r46" anchors="5156 5207"/>
  <node xml:id="s-n46">
    <link targets="s-r46"/>
  </node>
  <a xml:id="s-N66345" label="s" ref="s-n46" as="anc"/>
  <region xml:id="s-r47" anchors="5209 5270"/>
  <node xml:id="s-n47">
    <link targets="s-r47"/>
  </node>
  <a xml:id="s-N66361" label="s" ref="s-n47" as="anc"/>
  <region xml:id="s-r48" anchors="5272 5351"/>
  <node xml:id="s-n48">
    <link targets="s-r48"/>
  </node>
  <a xml:id="s-N66377" label="s" ref="s-n48" as="anc"/>
  <region xml:id="s-r49" anchors="5353 5460"/>
  <node xml:id="s-n49">
    <link targets="s-r49"/>
  </node>
  <a xml:id="s-N66393" label="s" ref="s-n49" as="anc"/>
  <region xml:id="s-r50" anchors="5462 5604"/>
  <node xml:id="s-n50">
    <link targets="s-r50"/>
  </node>
  <a xml:id="s-N66409" label="s" ref="s-n50" as="anc"/>
  <region xml:id="s-r51" anchors="5605 5826"/>
  <node xml:id="s-n51">
    <link targets="s-r51"/>
  </node>
  <a xml:id="s-N66425" label="s" ref="s-n51" as="anc"/>
  <region xml:id="s-r52" anchors="5828 5927"/>
  <node xml:id="s-n52">
    <link targets="s-r52"/>
  </node>
  <a xml:id="s-N66441" label="s" ref="s-n52" as="anc"/>
  <region xml:id="s-r53" anchors="5929 5991"/>
  <node xml:id="s-n53">
    <link targets="s-r53"/>
  </node>
  <a xml:id="s-N66457" label="s" ref="s-n53" as="anc"/>
  <region xml:id="s-r54" anchors="5993 6051"/>
  <node xml:id="s-n54">
    <link targets="s-r54"/>
  </node>
  <a xml:id="s-N66473" label="s" ref="s-n54" as="anc"/>
  <region xml:id="s-r55" anchors="6053 6175"/>
  <node xml:id="s-n55">
    <link targets="s-r55"/>
  </node>
  <a xml:id="s-N66489" label="s" ref="s-n55" as="anc"/>
  <region xml:id="s-r56" anchors="6177 6247"/>
  <node xml:id="s-n56">
    <link targets="s-r56"/>
  </node>
  <a xml:id="s-N66505" label="s" ref="s-n56" as="anc"/>
  <region xml:id="s-r57" anchors="6249 6366"/>
  <node xml:id="s-n57">
    <link targets="s-r57"/>
  </node>
  <a xml:id="s-N66521" label="s" ref="s-n57" as="anc"/>
  <region xml:id="s-r58" anchors="6368 6406"/>
  <node xml:id="s-n58">
    <link targets="s-r58"/>
  </node>
  <a xml:id="s-N66537" label="s" ref="s-n58" as="anc"/>
  <region xml:id="s-r59" anchors="6408 6558"/>
  <node xml:id="s-n59">
    <link targets="s-r59"/>
  </node>
  <a xml:id="s-N66553" label="s" ref="s-n59" as="anc"/>
  <region xml:id="s-r60" anchors="6576 6704"/>
  <node xml:id="s-n60">
    <link targets="s-r60"/>
  </node>
  <a xml:id="s-N66569" label="Head" ref="s-n60" as="anc">
    <fs>
      <f name="type" value="subhead"/>
    </fs>
  </a>
  <region xml:id="s-r61" anchors="6706 6851"/>
  <node xml:id="s-n61">
    <link targets="s-r61"/>
  </node>
  <a xml:id="s-N66593" label="Head" ref="s-n61" as="anc"/>
  <region xml:id="s-r62" anchors="6854 6895"/>
  <node xml:id="s-n62">
    <link targets="s-r62"/>
  </node>
  <a xml:id="s-N66609" label="Head" ref="s-n62" as="anc">
    <fs>
      <f name="type" value="subhead"/>
    </fs>
  </a>
  <region xml:id="s-r63" anchors="6897 6947"/>
  <node xml:id="s-n63">
    <link targets="s-r63"/>
  </node>
  <a xml:id="s-N66633" label="Head" ref="s-n63" as="anc">
    <fs>
      <f name="type" value="subhead"/>
    </fs>
  </a>
  <region xml:id="s-r64" anchors="6949 7056"/>
  <node xml:id="s-n64">
    <link targets="s-r64"/>
  </node>
  <a xml:id="s-N66657" label="s" ref="s-n64" as="anc"/>
  <region xml:id="s-r65" anchors="7058 7210"/>
  <node xml:id="s-n65">
    <link targets="s-r65"/>
  </node>
  <a xml:id="s-N66673" label="s" ref="s-n65" as="anc"/>
  <region xml:id="s-r66" anchors="7212 7326"/>
  <node xml:id="s-n66">
    <link targets="s-r66"/>
  </node>
  <a xml:id="s-N66689" label="s" ref="s-n66" as="anc"/>
  <region xml:id="s-r67" anchors="7328 7509"/>
  <node xml:id="s-n67">
    <link targets="s-r67"/>
  </node>
  <a xml:id="s-N66705" label="s" ref="s-n67" as="anc"/>
  <region xml:id="s-r68" anchors="7511 7648"/>
  <node xml:id="s-n68">
    <link targets="s-r68"/>
  </node>
  <a xml:id="s-N66721" label="s" ref="s-n68" as="anc"/>
  <region xml:id="s-r69" anchors="7650 7758"/>
  <node xml:id="s-n69">
    <link targets="s-r69"/>
  </node>
  <a xml:id="s-N66737" label="s" ref="s-n69" as="anc"/>
  <region xml:id="s-r70" anchors="7760 7942"/>
  <node xml:id="s-n70">
    <link targets="s-r70"/>
  </node>
  <a xml:id="s-N66753" label="s" ref="s-n70" as="anc"/>
  <region xml:id="s-r71" anchors="7944 8062"/>
  <node xml:id="s-n71">
    <link targets="s-r71"/>
  </node>
  <a xml:id="s-N66769" label="s" ref="s-n71" as="anc"/>
  <region xml:id="s-r72" anchors="8064 8245"/>
  <node xml:id="s-n72">
    <link targets="s-r72"/>
  </node>
  <a xml:id="s-N66785" label="s" ref="s-n72" as="anc"/>
  <region xml:id="s-r73" anchors="8247 8403"/>
  <node xml:id="s-n73">
    <link targets="s-r73"/>
  </node>
  <a xml:id="s-N66801" label="s" ref="s-n73" as="anc"/>
  <region xml:id="s-r74" anchors="8405 8461"/>
  <node xml:id="s-n74">
    <link targets="s-r74"/>
  </node>
  <a xml:id="s-N66817" label="s" ref="s-n74" as="anc"/>
  <region xml:id="s-r75" anchors="8463 8736"/>
  <node xml:id="s-n75">
    <link targets="s-r75"/>
  </node>
  <a xml:id="s-N66833" label="s" ref="s-n75" as="anc"/>
  <region xml:id="s-r76" anchors="8530 8539"/>
  <node xml:id="s-n76">
    <link targets="s-r76"/>
  </node>
  <a xml:id="s-N66849" label="q" ref="s-n76" as="anc"/>
  <region xml:id="s-r77" anchors="8739 8966"/>
  <node xml:id="s-n77">
    <link targets="s-r77"/>
  </node>
  <a xml:id="s-N66865" label="s" ref="s-n77" as="anc"/>
  <region xml:id="s-r78" anchors="8929 8953"/>
  <node xml:id="s-n78">
    <link targets="s-r78"/>
  </node>
  <a xml:id="s-N66881" label="q" ref="s-n78" as="anc"/>
  <region xml:id="s-r79" anchors="8967 9063"/>
  <node xml:id="s-n79">
    <link targets="s-r79"/>
  </node>
  <a xml:id="s-N66897" label="s" ref="s-n79" as="anc"/>
  <region xml:id="s-r80" anchors="9065 9188"/>
  <node xml:id="s-n80">
    <link targets="s-r80"/>
  </node>
  <a xml:id="s-N66913" label="s" ref="s-n80" as="anc"/>
  <region xml:id="s-r81" anchors="9190 9257"/>
  <node xml:id="s-n81">
    <link targets="s-r81"/>
  </node>
  <a xml:id="s-N66929" label="s" ref="s-n81" as="anc"/>
  <region xml:id="s-r82" anchors="9259 9371"/>
  <node xml:id="s-n82">
    <link targets="s-r82"/>
  </node>
  <a xml:id="s-N66945" label="Head" ref="s-n82" as="anc">
    <fs>
      <f name="type" value="subhead"/>
    </fs>
  </a>
  <region xml:id="s-r83" anchors="9373 9459"/>
  <node xml:id="s-n83">
    <link targets="s-r83"/>
  </node>
  <a xml:id="s-N66969" label="s" ref="s-n83" as="anc"/>
  <region xml:id="s-r84" anchors="9460 9607"/>
  <node xml:id="s-n84">
    <link targets="s-r84"/>
  </node>
  <a xml:id="s-N66985" label="s" ref="s-n84" as="anc"/>
  <region xml:id="s-r85" anchors="9608 9754"/>
  <node xml:id="s-n85">
    <link targets="s-r85"/>
  </node>
  <a xml:id="s-N67001" label="s" ref="s-n85" as="anc"/>
  <region xml:id="s-r86" anchors="9755 9845"/>
  <node xml:id="s-n86">
    <link targets="s-r86"/>
  </node>
  <a xml:id="s-N67017" label="s" ref="s-n86" as="anc"/>
  <region xml:id="s-r87" anchors="9846 10086"/>
  <node xml:id="s-n87">
    <link targets="s-r87"/>
  </node>
  <a xml:id="s-N67033" label="s" ref="s-n87" as="anc"/>
  <region xml:id="s-r88" anchors="10088 10134"/>
  <node xml:id="s-n88">
    <link targets="s-r88"/>
  </node>
  <a xml:id="s-N67049" label="Head" ref="s-n88" as="anc">
    <fs>
      <f name="type" value="subhead"/>
    </fs>
  </a>
  <region xml:id="s-r89" anchors="10136 10303"/>
  <node xml:id="s-n89">
    <link targets="s-r89"/>
  </node>
  <a xml:id="s-N67073" label="s" ref="s-n89" as="anc"/>
  <region xml:id="s-r90" anchors="10305 10455"/>
  <node xml:id="s-n90">
    <link targets="s-r90"/>
  </node>
  <a xml:id="s-N67089" label="s" ref="s-n90" as="anc"/>
  <region xml:id="s-r91" anchors="10458 10597"/>
  <node xml:id="s-n91">
    <link targets="s-r91"/>
  </node>
  <a xml:id="s-N67105" label="s" ref="s-n91" as="anc"/>
  <region xml:id="s-r92" anchors="10599 10822"/>
  <node xml:id="s-n92">
    <link targets="s-r92"/>
  </node>
  <a xml:id="s-N67121" label="s" ref="s-n92" as="anc"/>
  <region xml:id="s-r93" anchors="10649 10659"/>
  <node xml:id="s-n93">
    <link targets="s-r93"/>
  </node>
  <a xml:id="s-N67137" label="q" ref="s-n93" as="anc"/>
  <region xml:id="s-r94" anchors="10810 10822"/>
  <node xml:id="s-n94">
    <link targets="s-r94"/>
  </node>
  <a xml:id="s-N67153" label="q" ref="s-n94" as="anc"/>
  <region xml:id="s-r95" anchors="10824 10970"/>
  <node xml:id="s-n95">
    <link targets="s-r95"/>
  </node>
  <a xml:id="s-N67169" label="s" ref="s-n95" as="anc"/>
  <region xml:id="s-r96" anchors="10972 11150"/>
  <node xml:id="s-n96">
    <link targets="s-r96"/>
  </node>
  <a xml:id="s-N67185" label="s" ref="s-n96" as="anc"/>
  <region xml:id="s-r97" anchors="11152 11539"/>
  <node xml:id="s-n97">
    <link targets="s-r97"/>
  </node>
  <a xml:id="s-N67201" label="s" ref="s-n97" as="anc"/>
  <region xml:id="s-r98" anchors="11440 11451"/>
  <node xml:id="s-n98">
    <link targets="s-r98"/>
  </node>
  <a xml:id="s-N67217" label="q" ref="s-n98" as="anc"/>
  <region xml:id="s-r99" anchors="11540 11687"/>
  <node xml:id="s-n99">
    <link targets="s-r99"/>
  </node>
  <a xml:id="s-N67233" label="s" ref="s-n99" as="anc"/>
  <region xml:id="s-r100" anchors="11689 11883"/>
  <node xml:id="s-n100">
    <link targets="s-r100"/>
  </node>
  <a xml:id="s-N67249" label="s" ref="s-n100" as="anc"/>
  <region xml:id="s-r101" anchors="11885 12073"/>
  <node xml:id="s-n101">
    <link targets="s-r101"/>
  </node>
  <a xml:id="s-N67265" label="s" ref="s-n101" as="anc"/>
  <region xml:id="s-r102" anchors="12075 12124"/>
  <node xml:id="s-n102">
    <link targets="s-r102"/>
  </node>
  <a xml:id="s-N67281" label="Head" ref="s-n102" as="anc">
    <fs>
      <f name="type" value="subhead"/>
    </fs>
  </a>
  <region xml:id="s-r103" anchors="12126 12212"/>
  <node xml:id="s-n103">
    <link targets="s-r103"/>
  </node>
  <a xml:id="s-N67305" label="s" ref="s-n103" as="anc"/>
  <region xml:id="s-r104" anchors="12214 12247"/>
  <node xml:id="s-n104">
    <link targets="s-r104"/>
  </node>
  <a xml:id="s-N67321" label="s" ref="s-n104" as="anc"/>
  <region xml:id="s-r105" anchors="12249 12552"/>
  <node xml:id="s-n105">
    <link targets="s-r105"/>
  </node>
  <a xml:id="s-N67337" label="s" ref="s-n105" as="anc"/>
  <region xml:id="s-r106" anchors="12554 12738"/>
  <node xml:id="s-n106">
    <link targets="s-r106"/>
  </node>
  <a xml:id="s-N67353" label="s" ref="s-n106" as="anc"/>
  <region xml:id="s-r107" anchors="12721 12736"/>
  <node xml:id="s-n107">
    <link targets="s-r107"/>
  </node>
  <a xml:id="s-N67369" label="q" ref="s-n107" as="anc"/>
  <region xml:id="s-r108" anchors="12740 12919"/>
  <node xml:id="s-n108">
    <link targets="s-r108"/>
  </node>
  <a xml:id="s-N67385" label="s" ref="s-n108" as="anc"/>
  <region xml:id="s-r109" anchors="12921 13033"/>
  <node xml:id="s-n109">
    <link targets="s-r109"/>
  </node>
  <a xml:id="s-N67401" label="s" ref="s-n109" as="anc"/>
  <region xml:id="s-r110" anchors="13015 13028"/>
  <node xml:id="s-n110">
    <link targets="s-r110"/>
  </node>
  <a xml:id="s-N67417" label="q" ref="s-n110" as="anc"/>
  <region xml:id="s-r111" anchors="13035 13175"/>
  <node xml:id="s-n111">
    <link targets="s-r111"/>
  </node>
  <a xml:id="s-N67433" label="s" ref="s-n111" as="anc"/>
  <region xml:id="s-r112" anchors="13177 13231"/>
  <node xml:id="s-n112">
    <link targets="s-r112"/>
  </node>
  <a xml:id="s-N67449" label="s" ref="s-n112" as="anc"/>
  <region xml:id="s-r113" anchors="13206 13230"/>
  <node xml:id="s-n113">
    <link targets="s-r113"/>
  </node>
  <a xml:id="s-N67465" label="q" ref="s-n113" as="anc"/>
  <region xml:id="s-r114" anchors="13233 13404"/>
  <node xml:id="s-n114">
    <link targets="s-r114"/>
  </node>
  <a xml:id="s-N67481" label="s" ref="s-n114" as="anc"/>
  <region xml:id="s-r115" anchors="13406 13501"/>
  <node xml:id="s-n115">
    <link targets="s-r115"/>
  </node>
  <a xml:id="s-N67497" label="s" ref="s-n115" as="anc"/>
  <region xml:id="s-r116" anchors="13503 13584"/>
  <node xml:id="s-n116">
    <link targets="s-r116"/>
  </node>
  <a xml:id="s-N67513" label="s" ref="s-n116" as="anc"/>
  <region xml:id="s-r117" anchors="13585 13693"/>
  <node xml:id="s-n117">
    <link targets="s-r117"/>
  </node>
  <a xml:id="s-N67529" label="s" ref="s-n117" as="anc"/>
  <region xml:id="s-r118" anchors="13695 13757"/>
  <node xml:id="s-n118">
    <link targets="s-r118"/>
  </node>
  <a xml:id="s-N67545" label="Head" ref="s-n118" as="anc">
    <fs>
      <f name="type" value="subhead"/>
    </fs>
  </a>
  <region xml:id="s-r119" anchors="13759 13965"/>
  <node xml:id="s-n119">
    <link targets="s-r119"/>
  </node>
  <a xml:id="s-N67569" label="s" ref="s-n119" as="anc"/>
  <region xml:id="s-r120" anchors="13967 14051"/>
  <node xml:id="s-n120">
    <link targets="s-r120"/>
  </node>
  <a xml:id="s-N67585" label="s" ref="s-n120" as="anc"/>
  <region xml:id="s-r121" anchors="14053 14212"/>
  <node xml:id="s-n121">
    <link targets="s-r121"/>
  </node>
  <a xml:id="s-N67601" label="s" ref="s-n121" as="anc"/>
  <region xml:id="s-r122" anchors="14215 14320"/>
  <node xml:id="s-n122">
    <link targets="s-r122"/>
  </node>
  <a xml:id="s-N67617" label="s" ref="s-n122" as="anc"/>
  <region xml:id="s-r123" anchors="14323 14368"/>
  <node xml:id="s-n123">
    <link targets="s-r123"/>
  </node>
  <a xml:id="s-N67633" label="s" ref="s-n123" as="anc"/>
  <region xml:id="s-r124" anchors="14370 14527"/>
  <node xml:id="s-n124">
    <link targets="s-r124"/>
  </node>
  <a xml:id="s-N67649" label="s" ref="s-n124" as="anc"/>
  <region xml:id="s-r125" anchors="14529 14742"/>
  <node xml:id="s-n125">
    <link targets="s-r125"/>
  </node>
  <a xml:id="s-N67665" label="s" ref="s-n125" as="anc"/>
  <region xml:id="s-r126" anchors="14743 14883"/>
  <node xml:id="s-n126">
    <link targets="s-r126"/>
  </node>
  <a xml:id="s-N67681" label="s" ref="s-n126" as="anc"/>
  <region xml:id="s-r127" anchors="14885 14975"/>
  <node xml:id="s-n127">
    <link targets="s-r127"/>
  </node>
  <a xml:id="s-N67697" label="s" ref="s-n127" as="anc"/>
  <region xml:id="s-r128" anchors="14978 15289"/>
  <node xml:id="s-n128">
    <link targets="s-r128"/>
  </node>
  <a xml:id="s-N67713" label="s" ref="s-n128" as="anc"/>
  <region xml:id="s-r129" anchors="15291 15497"/>
  <node xml:id="s-n129">
    <link targets="s-r129"/>
  </node>
  <a xml:id="s-N67729" label="s" ref="s-n129" as="anc"/>
  <region xml:id="s-r130" anchors="15499 15604"/>
  <node xml:id="s-n130">
    <link targets="s-r130"/>
  </node>
  <a xml:id="s-N67745" label="s" ref="s-n130" as="anc"/>
  <region xml:id="s-r131" anchors="15606 15759"/>
  <node xml:id="s-n131">
    <link targets="s-r131"/>
  </node>
  <a xml:id="s-N67761" label="s" ref="s-n131" as="anc"/>
  <region xml:id="s-r132" anchors="15761 15859"/>
  <node xml:id="s-n132">
    <link targets="s-r132"/>
  </node>
  <a xml:id="s-N67777" label="s" ref="s-n132" as="anc"/>
  <region xml:id="s-r133" anchors="15861 15957"/>
  <node xml:id="s-n133">
    <link targets="s-r133"/>
  </node>
  <a xml:id="s-N67793" label="Head" ref="s-n133" as="anc">
    <fs>
      <f name="type" value="subhead"/>
    </fs>
  </a>
  <region xml:id="s-r134" anchors="15959 16026"/>
  <node xml:id="s-n134">
    <link targets="s-r134"/>
  </node>
  <a xml:id="s-N67817" label="s" ref="s-n134" as="anc"/>
  <region xml:id="s-r135" anchors="16028 16164"/>
  <node xml:id="s-n135">
    <link targets="s-r135"/>
  </node>
  <a xml:id="s-N67833" label="s" ref="s-n135" as="anc"/>
  <region xml:id="s-r136" anchors="16166 16272"/>
  <node xml:id="s-n136">
    <link targets="s-r136"/>
  </node>
  <a xml:id="s-N67849" label="s" ref="s-n136" as="anc"/>
  <region xml:id="s-r137" anchors="16274 16418"/>
  <node xml:id="s-n137">
    <link targets="s-r137"/>
  </node>
  <a xml:id="s-N67865" label="s" ref="s-n137" as="anc"/>
  <region xml:id="s-r138" anchors="16420 16544"/>
  <node xml:id="s-n138">
    <link targets="s-r138"/>
  </node>
  <a xml:id="s-N67881" label="s" ref="s-n138" as="anc"/>
  <region xml:id="s-r139" anchors="16546 16633"/>
  <node xml:id="s-n139">
    <link targets="s-r139"/>
  </node>
  <a xml:id="s-N67897" label="s" ref="s-n139" as="anc"/>
  <region xml:id="s-r140" anchors="16635 16686"/>
  <node xml:id="s-n140">
    <link targets="s-r140"/>
  </node>
  <a xml:id="s-N67913" label="s" ref="s-n140" as="anc"/>
  <region xml:id="s-r141" anchors="16688 16799"/>
  <node xml:id="s-n141">
    <link targets="s-r141"/>
  </node>
  <a xml:id="s-N67929" label="s" ref="s-n141" as="anc"/>
  <region xml:id="s-r142" anchors="16801 17049"/>
  <node xml:id="s-n142">
    <link targets="s-r142"/>
  </node>
  <a xml:id="s-N67945" label="s" ref="s-n142" as="anc"/>
  <region xml:id="s-r143" anchors="17051 17174"/>
  <node xml:id="s-n143">
    <link targets="s-r143"/>
  </node>
  <a xml:id="s-N67961" label="s" ref="s-n143" as="anc"/>
  <region xml:id="s-r144" anchors="17176 17466"/>
  <node xml:id="s-n144">
    <link targets="s-r144"/>
  </node>
  <a xml:id="s-N67977" label="s" ref="s-n144" as="anc"/>
  <region xml:id="s-r145" anchors="17468 17719"/>
  <node xml:id="s-n145">
    <link targets="s-r145"/>
  </node>
  <a xml:id="s-N67993" label="s" ref="s-n145" as="anc"/>
  <region xml:id="s-r146" anchors="17721 17788"/>
  <node xml:id="s-n146">
    <link targets="s-r146"/>
  </node>
  <a xml:id="s-N68009" label="s" ref="s-n146" as="anc"/>
  <region xml:id="s-r147" anchors="17790 17917"/>
  <node xml:id="s-n147">
    <link targets="s-r147"/>
  </node>
  <a xml:id="s-N68025" label="s" ref="s-n147" as="anc"/>
  <region xml:id="s-r148" anchors="17919 18144"/>
  <node xml:id="s-n148">
    <link targets="s-r148"/>
  </node>
  <a xml:id="s-N68041" label="s" ref="s-n148" as="anc"/>
  <region xml:id="s-r149" anchors="18146 18250"/>
  <node xml:id="s-n149">
    <link targets="s-r149"/>
  </node>
  <a xml:id="s-N68057" label="s" ref="s-n149" as="anc"/>
  <region xml:id="s-r150" anchors="18252 18408"/>
  <node xml:id="s-n150">
    <link targets="s-r150"/>
  </node>
  <a xml:id="s-N68073" label="s" ref="s-n150" as="anc"/>
  <region xml:id="s-r151" anchors="18410 18535"/>
  <node xml:id="s-n151">
    <link targets="s-r151"/>
  </node>
  <a xml:id="s-N68089" label="s" ref="s-n151" as="anc"/>
  <region xml:id="s-r152" anchors="18467 18481"/>
  <node xml:id="s-n152">
    <link targets="s-r152"/>
  </node>
  <a xml:id="s-N68105" label="q" ref="s-n152" as="anc"/>
  <region xml:id="s-r153" anchors="18537 18657"/>
  <node xml:id="s-n153">
    <link targets="s-r153"/>
  </node>
  <a xml:id="s-N68121" label="s" ref="s-n153" as="anc"/>
  <region xml:id="s-r154" anchors="18659 18769"/>
  <node xml:id="s-n154">
    <link targets="s-r154"/>
  </node>
  <a xml:id="s-N68137" label="s" ref="s-n154" as="anc"/>
  <region xml:id="s-r155" anchors="18770 18858"/>
  <node xml:id="s-n155">
    <link targets="s-r155"/>
  </node>
  <a xml:id="s-N68153" label="s" ref="s-n155" as="anc"/>
  <region xml:id="s-r156" anchors="18859 18971"/>
  <node xml:id="s-n156">
    <link targets="s-r156"/>
  </node>
  <a xml:id="s-N68169" label="s" ref="s-n156" as="anc"/>
  <region xml:id="s-r157" anchors="18958 18969"/>
  <node xml:id="s-n157">
    <link targets="s-r157"/>
  </node>
  <a xml:id="s-N68185" label="q" ref="s-n157" as="anc"/>
  <region xml:id="s-r158" anchors="18973 19051"/>
  <node xml:id="s-n158">
    <link targets="s-r158"/>
  </node>
  <a xml:id="s-N68201" label="s" ref="s-n158" as="anc"/>
  <region xml:id="s-r159" anchors="19053 19216"/>
  <node xml:id="s-n159">
    <link targets="s-r159"/>
  </node>
  <a xml:id="s-N68217" label="s" ref="s-n159" as="anc"/>
  <region xml:id="s-r160" anchors="19053 19063"/>
  <node xml:id="s-n160">
    <link targets="s-r160"/>
  </node>
  <a xml:id="s-N68233" label="q" ref="s-n160" as="anc"/>
  <region xml:id="s-r161" anchors="19217 19376"/>
  <node xml:id="s-n161">
    <link targets="s-r161"/>
  </node>
  <a xml:id="s-N68249" label="s" ref="s-n161" as="anc"/>
  <region xml:id="s-r162" anchors="19377 19611"/>
  <node xml:id="s-n162">
    <link targets="s-r162"/>
  </node>
  <a xml:id="s-N68265" label="s" ref="s-n162" as="anc"/>
  <region xml:id="s-r163" anchors="19613 19816"/>
  <node xml:id="s-n163">
    <link targets="s-r163"/>
  </node>
  <a xml:id="s-N68281" label="s" ref="s-n163" as="anc"/>
  <region xml:id="s-r164" anchors="19818 19928"/>
  <node xml:id="s-n164">
    <link targets="s-r164"/>
  </node>
  <a xml:id="s-N68297" label="s" ref="s-n164" as="anc"/>
  <region xml:id="s-r165" anchors="19930 20127"/>
  <node xml:id="s-n165">
    <link targets="s-r165"/>
  </node>
  <a xml:id="s-N68313" label="s" ref="s-n165" as="anc"/>
  <region xml:id="s-r166" anchors="20129 20212"/>
  <node xml:id="s-n166">
    <link targets="s-r166"/>
  </node>
  <a xml:id="s-N68329" label="s" ref="s-n166" as="anc"/>
  <region xml:id="s-r167" anchors="20213 20385"/>
  <node xml:id="s-n167">
    <link targets="s-r167"/>
  </node>
  <a xml:id="s-N68345" label="s" ref="s-n167" as="anc"/>
  <region xml:id="s-r168" anchors="20387 20467"/>
  <node xml:id="s-n168">
    <link targets="s-r168"/>
  </node>
  <a xml:id="s-N68361" label="s" ref="s-n168" as="anc"/>
  <region xml:id="s-r169" anchors="20469 20554"/>
  <node xml:id="s-n169">
    <link targets="s-r169"/>
  </node>
  <a xml:id="s-N68377" label="s" ref="s-n169" as="anc"/>
  <region xml:id="s-r170" anchors="20556 20803"/>
  <node xml:id="s-n170">
    <link targets="s-r170"/>
  </node>
  <a xml:id="s-N68393" label="s" ref="s-n170" as="anc"/>
  <region xml:id="s-r171" anchors="20806 20945"/>
  <node xml:id="s-n171">
    <link targets="s-r171"/>
  </node>
  <a xml:id="s-N68409" label="s" ref="s-n171" as="anc"/>
  <region xml:id="s-r172" anchors="20947 21082"/>
  <node xml:id="s-n172">
    <link targets="s-r172"/>
  </node>
  <a xml:id="s-N68425" label="s" ref="s-n172" as="anc"/>
  <region xml:id="s-r173" anchors="21084 21281"/>
  <node xml:id="s-n173">
    <link targets="s-r173"/>
  </node>
  <a xml:id="s-N68441" label="s" ref="s-n173" as="anc"/>
  <region xml:id="s-r174" anchors="21283 21492"/>
  <node xml:id="s-n174">
    <link targets="s-r174"/>
  </node>
  <a xml:id="s-N68457" label="s" ref="s-n174" as="anc"/>
  <region xml:id="s-r175" anchors="21494 21578"/>
  <node xml:id="s-n175">
    <link targets="s-r175"/>
  </node>
  <a xml:id="s-N68473" label="s" ref="s-n175" as="anc"/>
  <region xml:id="s-r176" anchors="21579 21656"/>
  <node xml:id="s-n176">
    <link targets="s-r176"/>
  </node>
  <a xml:id="s-N68489" label="s" ref="s-n176" as="anc"/>
  <region xml:id="s-r177" anchors="21657 21737"/>
  <node xml:id="s-n177">
    <link targets="s-r177"/>
  </node>
  <a xml:id="s-N68505" label="s" ref="s-n177" as="anc"/>
  <region xml:id="s-r178" anchors="21739 21968"/>
  <node xml:id="s-n178">
    <link targets="s-r178"/>
  </node>
  <a xml:id="s-N68521" label="s" ref="s-n178" as="anc"/>
  <region xml:id="s-r179" anchors="21917 21936"/>
  <node xml:id="s-n179">
    <link targets="s-r179"/>
  </node>
  <a xml:id="s-N68537" label="q" ref="s-n179" as="anc"/>
  <region xml:id="s-r180" anchors="21970 22128"/>
  <node xml:id="s-n180">
    <link targets="s-r180"/>
  </node>
  <a xml:id="s-N68553" label="s" ref="s-n180" as="anc"/>
  <region xml:id="s-r181" anchors="22130 22238"/>
  <node xml:id="s-n181">
    <link targets="s-r181"/>
  </node>
  <a xml:id="s-N68569" label="s" ref="s-n181" as="anc"/>
  <region xml:id="s-r182" anchors="22240 22500"/>
  <node xml:id="s-n182">
    <link targets="s-r182"/>
  </node>
  <a xml:id="s-N68585" label="s" ref="s-n182" as="anc"/>
  <region xml:id="s-r183" anchors="22352 22362"/>
  <node xml:id="s-n183">
    <link targets="s-r183"/>
  </node>
  <a xml:id="s-N68601" label="q" ref="s-n183" as="anc"/>
  <region xml:id="s-r184" anchors="22502 22735"/>
  <node xml:id="s-n184">
    <link targets="s-r184"/>
  </node>
  <a xml:id="s-N68617" label="s" ref="s-n184" as="anc"/>
  <region xml:id="s-r185" anchors="22737 22922"/>
  <node xml:id="s-n185">
    <link targets="s-r185"/>
  </node>
  <a xml:id="s-N68633" label="s" ref="s-n185" as="anc"/>
  <region xml:id="s-r186" anchors="22760 22765"/>
  <node xml:id="s-n186">
    <link targets="s-r186"/>
  </node>
  <a xml:id="s-N68649" label="q" ref="s-n186" as="anc"/>
</graph>
