<graph xmlns="http://www.xces.org/ns/GrAF/1.0/" xmlns:graf="http://www.xces.org/ns/GrAF/1.0/">
  <graphHeader>
    <labelsDecl>
      <labelUsage label="body" occurs="1"/>
      <labelUsage label="text" occurs="1"/>
      <labelUsage label="p" occurs="64"/>
      <labelUsage label="cesDoc" occurs="1"/>
      <labelUsage label="head" occurs="1"/>
    </labelsDecl>
    <annotationSpaces>
      <annotationSpace as.id="xces"/>
    </annotationSpaces>
  </graphHeader>
  <region xml:id="logical-r0" anchors="0 22927"/>
  <node xml:id="logical-n0">
    <link targets="logical-r0"/>
  </node>
  <a xml:id="logical-N65585" label="cesDoc" ref="logical-n0" as="xces"/>
  <region xml:id="logical-r1" anchors="1 22926"/>
  <node xml:id="logical-n1">
    <link targets="logical-r1"/>
  </node>
  <a xml:id="logical-N65601" label="text" ref="logical-n1" as="xces"/>
  <region xml:id="logical-r2" anchors="2 423"/>
  <node xml:id="logical-n2">
    <link targets="logical-r2"/>
  </node>
  <a xml:id="logical-N65617" label="head" ref="logical-n2" as="xces">
    <fs>
      <f name="type" value="email"/>
    </fs>
  </a>
  <region xml:id="logical-r3" anchors="424 22925"/>
  <node xml:id="logical-n3">
    <link targets="logical-r3"/>
  </node>
  <a xml:id="logical-N65641" label="body" ref="logical-n3" as="xces"/>
  <region xml:id="logical-r4" anchors="425 496"/>
  <node xml:id="logical-n4">
    <link targets="logical-r4"/>
  </node>
  <a xml:id="logical-N65657" label="p" ref="logical-n4" as="xces"/>
  <region xml:id="logical-r5" anchors="497 968"/>
  <node xml:id="logical-n5">
    <link targets="logical-r5"/>
  </node>
  <a xml:id="logical-N65673" label="p" ref="logical-n5" as="xces"/>
  <region xml:id="logical-r6" anchors="970 971"/>
  <node xml:id="logical-n6">
    <link targets="logical-r6"/>
  </node>
  <a xml:id="logical-N65689" label="p" ref="logical-n6" as="xces"/>
  <region xml:id="logical-r7" anchors="974 989"/>
  <node xml:id="logical-n7">
    <link targets="logical-r7"/>
  </node>
  <a xml:id="logical-N65705" label="p" ref="logical-n7" as="xces"/>
  <region xml:id="logical-r8" anchors="990 1202"/>
  <node xml:id="logical-n8">
    <link targets="logical-r8"/>
  </node>
  <a xml:id="logical-N65721" label="p" ref="logical-n8" as="xces"/>
  <region xml:id="logical-r9" anchors="1203 1350"/>
  <node xml:id="logical-n9">
    <link targets="logical-r9"/>
  </node>
  <a xml:id="logical-N65737" label="p" ref="logical-n9" as="xces"/>
  <region xml:id="logical-r10" anchors="1351 4366"/>
  <node xml:id="logical-n10">
    <link targets="logical-r10"/>
  </node>
  <a xml:id="logical-N65753" label="p" ref="logical-n10" as="xces"/>
  <region xml:id="logical-r11" anchors="4368 4556"/>
  <node xml:id="logical-n11">
    <link targets="logical-r11"/>
  </node>
  <a xml:id="logical-N65769" label="p" ref="logical-n11" as="xces"/>
  <region xml:id="logical-r12" anchors="4557 4603"/>
  <node xml:id="logical-n12">
    <link targets="logical-r12"/>
  </node>
  <a xml:id="logical-N65785" label="p" ref="logical-n12" as="xces"/>
  <region xml:id="logical-r13" anchors="4604 4615"/>
  <node xml:id="logical-n13">
    <link targets="logical-r13"/>
  </node>
  <a xml:id="logical-N65801" label="p" ref="logical-n13" as="xces"/>
  <region xml:id="logical-r14" anchors="4616 4687"/>
  <node xml:id="logical-n14">
    <link targets="logical-r14"/>
  </node>
  <a xml:id="logical-N65817" label="p" ref="logical-n14" as="xces"/>
  <region xml:id="logical-r15" anchors="4688 4867"/>
  <node xml:id="logical-n15">
    <link targets="logical-r15"/>
  </node>
  <a xml:id="logical-N65833" label="p" ref="logical-n15" as="xces"/>
  <region xml:id="logical-r16" anchors="4868 4974"/>
  <node xml:id="logical-n16">
    <link targets="logical-r16"/>
  </node>
  <a xml:id="logical-N65849" label="p" ref="logical-n16" as="xces"/>
  <region xml:id="logical-r17" anchors="4975 5057"/>
  <node xml:id="logical-n17">
    <link targets="logical-r17"/>
  </node>
  <a xml:id="logical-N65865" label="p" ref="logical-n17" as="xces"/>
  <region xml:id="logical-r18" anchors="5058 5155"/>
  <node xml:id="logical-n18">
    <link targets="logical-r18"/>
  </node>
  <a xml:id="logical-N65881" label="p" ref="logical-n18" as="xces"/>
  <region xml:id="logical-r19" anchors="5156 5271"/>
  <node xml:id="logical-n19">
    <link targets="logical-r19"/>
  </node>
  <a xml:id="logical-N65897" label="p" ref="logical-n19" as="xces"/>
  <region xml:id="logical-r20" anchors="5272 5352"/>
  <node xml:id="logical-n20">
    <link targets="logical-r20"/>
  </node>
  <a xml:id="logical-N65913" label="p" ref="logical-n20" as="xces"/>
  <region xml:id="logical-r21" anchors="5353 5461"/>
  <node xml:id="logical-n21">
    <link targets="logical-r21"/>
  </node>
  <a xml:id="logical-N65929" label="p" ref="logical-n21" as="xces"/>
  <region xml:id="logical-r22" anchors="5462 5992"/>
  <node xml:id="logical-n22">
    <link targets="logical-r22"/>
  </node>
  <a xml:id="logical-N65945" label="p" ref="logical-n22" as="xces"/>
  <region xml:id="logical-r23" anchors="5993 6052"/>
  <node xml:id="logical-n23">
    <link targets="logical-r23"/>
  </node>
  <a xml:id="logical-N65961" label="p" ref="logical-n23" as="xces"/>
  <region xml:id="logical-r24" anchors="6053 6367"/>
  <node xml:id="logical-n24">
    <link targets="logical-r24"/>
  </node>
  <a xml:id="logical-N65977" label="p" ref="logical-n24" as="xces"/>
  <region xml:id="logical-r25" anchors="6368 6559"/>
  <node xml:id="logical-n25">
    <link targets="logical-r25"/>
  </node>
  <a xml:id="logical-N65993" label="p" ref="logical-n25" as="xces"/>
  <region xml:id="logical-r26" anchors="6560 6573"/>
  <node xml:id="logical-n26">
    <link targets="logical-r26"/>
  </node>
  <a xml:id="logical-N66009" label="p" ref="logical-n26" as="xces"/>
  <region xml:id="logical-r27" anchors="6576 6705"/>
  <node xml:id="logical-n27">
    <link targets="logical-r27"/>
  </node>
  <a xml:id="logical-N66025" label="p" ref="logical-n27" as="xces"/>
  <region xml:id="logical-r28" anchors="6706 6852"/>
  <node xml:id="logical-n28">
    <link targets="logical-r28"/>
  </node>
  <a xml:id="logical-N66041" label="p" ref="logical-n28" as="xces"/>
  <region xml:id="logical-r29" anchors="6854 6896"/>
  <node xml:id="logical-n29">
    <link targets="logical-r29"/>
  </node>
  <a xml:id="logical-N66057" label="p" ref="logical-n29" as="xces"/>
  <region xml:id="logical-r30" anchors="6897 6948"/>
  <node xml:id="logical-n30">
    <link targets="logical-r30"/>
  </node>
  <a xml:id="logical-N66073" label="p" ref="logical-n30" as="xces"/>
  <region xml:id="logical-r31" anchors="6949 7759"/>
  <node xml:id="logical-n31">
    <link targets="logical-r31"/>
  </node>
  <a xml:id="logical-N66089" label="p" ref="logical-n31" as="xces"/>
  <region xml:id="logical-r32" anchors="7760 8462"/>
  <node xml:id="logical-n32">
    <link targets="logical-r32"/>
  </node>
  <a xml:id="logical-N66105" label="p" ref="logical-n32" as="xces"/>
  <region xml:id="logical-r33" anchors="8463 8738"/>
  <node xml:id="logical-n33">
    <link targets="logical-r33"/>
  </node>
  <a xml:id="logical-N66121" label="p" ref="logical-n33" as="xces"/>
  <region xml:id="logical-r34" anchors="8739 9258"/>
  <node xml:id="logical-n34">
    <link targets="logical-r34"/>
  </node>
  <a xml:id="logical-N66137" label="p" ref="logical-n34" as="xces"/>
  <region xml:id="logical-r35" anchors="9259 9372"/>
  <node xml:id="logical-n35">
    <link targets="logical-r35"/>
  </node>
  <a xml:id="logical-N66153" label="p" ref="logical-n35" as="xces"/>
  <region xml:id="logical-r36" anchors="9373 10087"/>
  <node xml:id="logical-n36">
    <link targets="logical-r36"/>
  </node>
  <a xml:id="logical-N66169" label="p" ref="logical-n36" as="xces"/>
  <region xml:id="logical-r37" anchors="10088 10135"/>
  <node xml:id="logical-n37">
    <link targets="logical-r37"/>
  </node>
  <a xml:id="logical-N66185" label="p" ref="logical-n37" as="xces"/>
  <region xml:id="logical-r38" anchors="10136 10598"/>
  <node xml:id="logical-n38">
    <link targets="logical-r38"/>
  </node>
  <a xml:id="logical-N66201" label="p" ref="logical-n38" as="xces"/>
  <region xml:id="logical-r39" anchors="10599 12074"/>
  <node xml:id="logical-n39">
    <link targets="logical-r39"/>
  </node>
  <a xml:id="logical-N66217" label="p" ref="logical-n39" as="xces"/>
  <region xml:id="logical-r40" anchors="12075 12125"/>
  <node xml:id="logical-n40">
    <link targets="logical-r40"/>
  </node>
  <a xml:id="logical-N66233" label="p" ref="logical-n40" as="xces"/>
  <region xml:id="logical-r41" anchors="12126 12248"/>
  <node xml:id="logical-n41">
    <link targets="logical-r41"/>
  </node>
  <a xml:id="logical-N66249" label="p" ref="logical-n41" as="xces"/>
  <region xml:id="logical-r42" anchors="12249 12739"/>
  <node xml:id="logical-n42">
    <link targets="logical-r42"/>
  </node>
  <a xml:id="logical-N66265" label="p" ref="logical-n42" as="xces"/>
  <region xml:id="logical-r43" anchors="12740 13232"/>
  <node xml:id="logical-n43">
    <link targets="logical-r43"/>
  </node>
  <a xml:id="logical-N66281" label="p" ref="logical-n43" as="xces"/>
  <region xml:id="logical-r44" anchors="13233 13694"/>
  <node xml:id="logical-n44">
    <link targets="logical-r44"/>
  </node>
  <a xml:id="logical-N66297" label="p" ref="logical-n44" as="xces"/>
  <region xml:id="logical-r45" anchors="13695 13758"/>
  <node xml:id="logical-n45">
    <link targets="logical-r45"/>
  </node>
  <a xml:id="logical-N66313" label="p" ref="logical-n45" as="xces"/>
  <region xml:id="logical-r46" anchors="13759 14214"/>
  <node xml:id="logical-n46">
    <link targets="logical-r46"/>
  </node>
  <a xml:id="logical-N66329" label="p" ref="logical-n46" as="xces"/>
  <region xml:id="logical-r47" anchors="14215 14977"/>
  <node xml:id="logical-n47">
    <link targets="logical-r47"/>
  </node>
  <a xml:id="logical-N66345" label="p" ref="logical-n47" as="xces"/>
  <region xml:id="logical-r48" anchors="14978 15498"/>
  <node xml:id="logical-n48">
    <link targets="logical-r48"/>
  </node>
  <a xml:id="logical-N66361" label="p" ref="logical-n48" as="xces"/>
  <region xml:id="logical-r49" anchors="15499 15860"/>
  <node xml:id="logical-n49">
    <link targets="logical-r49"/>
  </node>
  <a xml:id="logical-N66377" label="p" ref="logical-n49" as="xces"/>
  <region xml:id="logical-r50" anchors="15861 15958"/>
  <node xml:id="logical-n50">
    <link targets="logical-r50"/>
  </node>
  <a xml:id="logical-N66393" label="p" ref="logical-n50" as="xces"/>
  <region xml:id="logical-r51" anchors="15959 16165"/>
  <node xml:id="logical-n51">
    <link targets="logical-r51"/>
  </node>
  <a xml:id="logical-N66409" label="p" ref="logical-n51" as="xces"/>
  <region xml:id="logical-r52" anchors="16166 16273"/>
  <node xml:id="logical-n52">
    <link targets="logical-r52"/>
  </node>
  <a xml:id="logical-N66425" label="p" ref="logical-n52" as="xces"/>
  <region xml:id="logical-r53" anchors="16274 16419"/>
  <node xml:id="logical-n53">
    <link targets="logical-r53"/>
  </node>
  <a xml:id="logical-N66441" label="p" ref="logical-n53" as="xces"/>
  <region xml:id="logical-r54" anchors="16420 16687"/>
  <node xml:id="logical-n54">
    <link targets="logical-r54"/>
  </node>
  <a xml:id="logical-N66457" label="p" ref="logical-n54" as="xces"/>
  <region xml:id="logical-r55" anchors="16688 17467"/>
  <node xml:id="logical-n55">
    <link targets="logical-r55"/>
  </node>
  <a xml:id="logical-N66473" label="p" ref="logical-n55" as="xces"/>
  <region xml:id="logical-r56" anchors="17468 17789"/>
  <node xml:id="logical-n56">
    <link targets="logical-r56"/>
  </node>
  <a xml:id="logical-N66489" label="p" ref="logical-n56" as="xces"/>
  <region xml:id="logical-r57" anchors="17790 18536"/>
  <node xml:id="logical-n57">
    <link targets="logical-r57"/>
  </node>
  <a xml:id="logical-N66505" label="p" ref="logical-n57" as="xces"/>
  <region xml:id="logical-r58" anchors="18537 18658"/>
  <node xml:id="logical-n58">
    <link targets="logical-r58"/>
  </node>
  <a xml:id="logical-N66521" label="p" ref="logical-n58" as="xces"/>
  <region xml:id="logical-r59" anchors="18659 18972"/>
  <node xml:id="logical-n59">
    <link targets="logical-r59"/>
  </node>
  <a xml:id="logical-N66537" label="p" ref="logical-n59" as="xces"/>
  <region xml:id="logical-r60" anchors="18973 19052"/>
  <node xml:id="logical-n60">
    <link targets="logical-r60"/>
  </node>
  <a xml:id="logical-N66553" label="p" ref="logical-n60" as="xces"/>
  <region xml:id="logical-r61" anchors="19053 19612"/>
  <node xml:id="logical-n61">
    <link targets="logical-r61"/>
  </node>
  <a xml:id="logical-N66569" label="p" ref="logical-n61" as="xces"/>
  <region xml:id="logical-r62" anchors="19613 20128"/>
  <node xml:id="logical-n62">
    <link targets="logical-r62"/>
  </node>
  <a xml:id="logical-N66585" label="p" ref="logical-n62" as="xces"/>
  <region xml:id="logical-r63" anchors="20129 20555"/>
  <node xml:id="logical-n63">
    <link targets="logical-r63"/>
  </node>
  <a xml:id="logical-N66601" label="p" ref="logical-n63" as="xces"/>
  <region xml:id="logical-r64" anchors="20556 20805"/>
  <node xml:id="logical-n64">
    <link targets="logical-r64"/>
  </node>
  <a xml:id="logical-N66617" label="p" ref="logical-n64" as="xces"/>
  <region xml:id="logical-r65" anchors="20806 21493"/>
  <node xml:id="logical-n65">
    <link targets="logical-r65"/>
  </node>
  <a xml:id="logical-N66633" label="p" ref="logical-n65" as="xces"/>
  <region xml:id="logical-r66" anchors="21494 22129"/>
  <node xml:id="logical-n66">
    <link targets="logical-r66"/>
  </node>
  <a xml:id="logical-N66649" label="p" ref="logical-n66" as="xces"/>
  <region xml:id="logical-r67" anchors="22130 22923"/>
  <node xml:id="logical-n67">
    <link targets="logical-r67"/>
  </node>
  <a xml:id="logical-N66665" label="p" ref="logical-n67" as="xces"/>
</graph>
