<graph xmlns="http://www.xces.org/ns/GrAF/1.0/" xmlns:graf="http://www.xces.org/ns/GrAF/1.0/">
  <graphHeader>
    <labelsDecl>
      <labelUsage label="tok" occurs="276"/>
    </labelsDecl>
    <dependencies>
      <dependsOn f.id="f.seg"/>
    </dependencies>
    <annotationSpaces>
      <annotationSpace as.id="anc"/>
    </annotationSpaces>
  </graphHeader>
  <node xml:id="penn-n0">
    <link targets="seg-r0"/>
  </node>
  <a xml:id="penn-N65571" label="tok" ref="penn-n0" as="anc">
    <fs>
      <f name="string" value="Date"/>
      <f name="msd" value="NN"/>
      <f name="base" value="date"/>
    </fs>
  </a>
  <node xml:id="penn-n1">
    <link targets="seg-r1"/>
  </node>
  <a xml:id="penn-N65599" label="tok" ref="penn-n1" as="anc">
    <fs>
      <f name="string" value=":"/>
      <f name="msd" value=":"/>
      <f name="base" value=":"/>
    </fs>
  </a>
  <node xml:id="penn-n10">
    <link targets="seg-r17"/>
  </node>
  <a xml:id="penn-N65627" label="tok" ref="penn-n10" as="anc">
    <fs>
      <f name="string" value="("/>
      <f name="msd" value="("/>
      <f name="base" value="("/>
    </fs>
  </a>
  <node xml:id="penn-n100">
    <link targets="seg-r152"/>
  </node>
  <a xml:id="penn-N65659" label="tok" ref="penn-n100" as="anc">
    <fs>
      <f name="base" value="12:04"/>
      <f name="string" value="12:04"/>
      <f name="msd" value="NN"/>
    </fs>
  </a>
  <node xml:id="penn-n101">
    <link targets="seg-r154"/>
  </node>
  <a xml:id="penn-N65687" label="tok" ref="penn-n101" as="anc">
    <fs>
      <f name="string" value="PM"/>
      <f name="msd" value="NNP"/>
      <f name="base" value="pm"/>
    </fs>
  </a>
  <node xml:id="penn-n102">
    <link targets="seg-r156"/>
  </node>
  <a xml:id="penn-N65715" label="tok" ref="penn-n102" as="anc">
    <fs>
      <f name="string" value="To"/>
      <f name="msd" value="TO"/>
      <f name="base" value="to"/>
    </fs>
  </a>
  <node xml:id="penn-n103">
    <link targets="seg-r157"/>
  </node>
  <a xml:id="penn-N65743" label="tok" ref="penn-n103" as="anc">
    <fs>
      <f name="string" value=":"/>
      <f name="msd" value=":"/>
      <f name="base" value=":"/>
    </fs>
  </a>
  <node xml:id="penn-n104">
    <link targets="seg-r159"/>
  </node>
  <a xml:id="penn-N65771" label="tok" ref="penn-n104" as="anc">
    <fs>
      <f name="msd" value="NN"/>
      <f name="string" value="skean@enron.com"/>
    </fs>
  </a>
  <node xml:id="penn-n105">
    <link targets="seg-r161"/>
  </node>
  <a xml:id="penn-N65795" label="tok" ref="penn-n105" as="anc">
    <fs>
      <f name="string" value="cc"/>
      <f name="msd" value="NN"/>
      <f name="base" value="cc"/>
    </fs>
  </a>
  <node xml:id="penn-n106">
    <link targets="seg-r162"/>
  </node>
  <a xml:id="penn-N65823" label="tok" ref="penn-n106" as="anc">
    <fs>
      <f name="string" value=":"/>
      <f name="msd" value=":"/>
      <f name="base" value=":"/>
    </fs>
  </a>
  <node xml:id="penn-n107">
    <link targets="seg-r164"/>
  </node>
  <a xml:id="penn-N65851" label="tok" ref="penn-n107" as="anc">
    <fs>
      <f name="string" value="Subject"/>
      <f name="msd" value="NNP"/>
      <f name="base" value="subject"/>
    </fs>
  </a>
  <node xml:id="penn-n108">
    <link targets="seg-r165"/>
  </node>
  <a xml:id="penn-N65879" label="tok" ref="penn-n108" as="anc">
    <fs>
      <f name="string" value=":"/>
      <f name="msd" value=":"/>
      <f name="base" value=":"/>
    </fs>
  </a>
  <node xml:id="penn-n109">
    <link targets="seg-r167"/>
  </node>
  <a xml:id="penn-N65907" label="tok" ref="penn-n109" as="anc">
    <fs>
      <f name="string" value="California"/>
      <f name="msd" value="NNP"/>
      <f name="base" value="californium"/>
    </fs>
  </a>
  <node xml:id="penn-n11">
    <link targets="seg-r18"/>
  </node>
  <a xml:id="penn-N65935" label="tok" ref="penn-n11" as="anc">
    <fs>
      <f name="string" value="PST"/>
      <f name="msd" value="NNP"/>
      <f name="base" value="pst"/>
    </fs>
  </a>
  <node xml:id="penn-n110">
    <link targets="seg-r169"/>
  </node>
  <a xml:id="penn-N65963" label="tok" ref="penn-n110" as="anc">
    <fs>
      <f name="string" value="Power"/>
      <f name="msd" value="NNP"/>
      <f name="base" value="power"/>
    </fs>
  </a>
  <node xml:id="penn-n111">
    <link targets="seg-r171"/>
  </node>
  <a xml:id="penn-N65991" label="tok" ref="penn-n111" as="anc">
    <fs>
      <f name="string" value="Markets"/>
      <f name="msd" value="NNP"/>
      <f name="base" value="market"/>
    </fs>
  </a>
  <node xml:id="penn-n112">
    <link targets="seg-r173"/>
  </node>
  <a xml:id="penn-N66019" label="tok" ref="penn-n112" as="anc">
    <fs>
      <f name="string" value="Sorry"/>
      <f name="msd" value="JJ"/>
      <f name="base" value="sorry"/>
    </fs>
  </a>
  <node xml:id="penn-n113">
    <link targets="seg-r175"/>
  </node>
  <a xml:id="penn-N66047" label="tok" ref="penn-n113" as="anc">
    <fs>
      <f name="string" value="that"/>
      <f name="msd" value="IN"/>
      <f name="base" value="that"/>
    </fs>
  </a>
  <node xml:id="penn-n114">
    <link targets="seg-r177"/>
  </node>
  <a xml:id="penn-N66075" label="tok" ref="penn-n114" as="anc">
    <fs>
      <f name="string" value="we"/>
      <f name="msd" value="PRP"/>
      <f name="base" value="we"/>
    </fs>
  </a>
  <node xml:id="penn-n115">
    <link targets="seg-r179"/>
  </node>
  <a xml:id="penn-N66103" label="tok" ref="penn-n115" as="anc">
    <fs>
      <f name="string" value="have"/>
      <f name="msd" value="VBP"/>
      <f name="base" value="have"/>
    </fs>
  </a>
  <node xml:id="penn-n116">
    <link targets="seg-r180"/>
  </node>
  <a xml:id="penn-N66131" label="tok" ref="penn-n116" as="anc">
    <fs>
      <f name="string" value="n't"/>
      <f name="msd" value="RB"/>
      <f name="base" value="n't"/>
    </fs>
  </a>
  <node xml:id="penn-n117">
    <link targets="seg-r182"/>
  </node>
  <a xml:id="penn-N66159" label="tok" ref="penn-n117" as="anc">
    <fs>
      <f name="string" value="talked"/>
      <f name="msd" value="VBN"/>
      <f name="base" value="talk"/>
    </fs>
  </a>
  <node xml:id="penn-n118">
    <link targets="seg-r184"/>
  </node>
  <a xml:id="penn-N66187" label="tok" ref="penn-n118" as="anc">
    <fs>
      <f name="string" value="in"/>
      <f name="msd" value="IN"/>
      <f name="base" value="in"/>
    </fs>
  </a>
  <node xml:id="penn-n119">
    <link targets="seg-r186"/>
  </node>
  <a xml:id="penn-N66215" label="tok" ref="penn-n119" as="anc">
    <fs>
      <f name="string" value="some"/>
      <f name="msd" value="DT"/>
      <f name="base" value="some"/>
    </fs>
  </a>
  <node xml:id="penn-n12">
    <link targets="seg-r19"/>
  </node>
  <a xml:id="penn-N66243" label="tok" ref="penn-n12" as="anc">
    <fs>
      <f name="string" value=")"/>
      <f name="msd" value=")"/>
      <f name="base" value=")"/>
    </fs>
  </a>
  <node xml:id="penn-n120">
    <link targets="seg-r188"/>
  </node>
  <a xml:id="penn-N66275" label="tok" ref="penn-n120" as="anc">
    <fs>
      <f name="string" value="time"/>
      <f name="msd" value="NN"/>
      <f name="base" value="time"/>
    </fs>
  </a>
  <node xml:id="penn-n121">
    <link targets="seg-r189"/>
  </node>
  <a xml:id="penn-N66303" label="tok" ref="penn-n121" as="anc">
    <fs>
      <f name="string" value="."/>
      <f name="msd" value="."/>
      <f name="base" value="."/>
    </fs>
  </a>
  <node xml:id="penn-n122">
    <link targets="seg-r191"/>
  </node>
  <a xml:id="penn-N66331" label="tok" ref="penn-n122" as="anc">
    <fs>
      <f name="string" value="I"/>
      <f name="msd" value="PRP"/>
      <f name="base" value="i"/>
    </fs>
  </a>
  <node xml:id="penn-n123">
    <link targets="seg-r193"/>
  </node>
  <a xml:id="penn-N66359" label="tok" ref="penn-n123" as="anc">
    <fs>
      <f name="string" value="thought"/>
      <f name="msd" value="VBD"/>
      <f name="base" value="think"/>
    </fs>
  </a>
  <node xml:id="penn-n124">
    <link targets="seg-r195"/>
  </node>
  <a xml:id="penn-N66387" label="tok" ref="penn-n124" as="anc">
    <fs>
      <f name="string" value="that"/>
      <f name="msd" value="IN"/>
      <f name="base" value="that"/>
    </fs>
  </a>
  <node xml:id="penn-n125">
    <link targets="seg-r197"/>
  </node>
  <a xml:id="penn-N66415" label="tok" ref="penn-n125" as="anc">
    <fs>
      <f name="string" value="you"/>
      <f name="msd" value="PRP"/>
      <f name="base" value="you"/>
    </fs>
  </a>
  <node xml:id="penn-n126">
    <link targets="seg-r199"/>
  </node>
  <a xml:id="penn-N66443" label="tok" ref="penn-n126" as="anc">
    <fs>
      <f name="string" value="would"/>
      <f name="msd" value="MD"/>
      <f name="base" value="would"/>
    </fs>
  </a>
  <node xml:id="penn-n127">
    <link targets="seg-r201"/>
  </node>
  <a xml:id="penn-N66471" label="tok" ref="penn-n127" as="anc">
    <fs>
      <f name="string" value="want"/>
      <f name="msd" value="VB"/>
      <f name="base" value="want"/>
    </fs>
  </a>
  <node xml:id="penn-n128">
    <link targets="seg-r203"/>
  </node>
  <a xml:id="penn-N66499" label="tok" ref="penn-n128" as="anc">
    <fs>
      <f name="string" value="to"/>
      <f name="msd" value="TO"/>
      <f name="base" value="to"/>
    </fs>
  </a>
  <node xml:id="penn-n129">
    <link targets="seg-r205"/>
  </node>
  <a xml:id="penn-N66527" label="tok" ref="penn-n129" as="anc">
    <fs>
      <f name="string" value="take"/>
      <f name="msd" value="VB"/>
      <f name="base" value="take"/>
    </fs>
  </a>
  <node xml:id="penn-n13">
    <link targets="seg-r21"/>
  </node>
  <a xml:id="penn-N66555" label="tok" ref="penn-n13" as="anc">
    <fs>
      <f name="string" value="From"/>
      <f name="msd" value="IN"/>
      <f name="base" value="from"/>
    </fs>
  </a>
  <node xml:id="penn-n130">
    <link targets="seg-r207"/>
  </node>
  <a xml:id="penn-N66583" label="tok" ref="penn-n130" as="anc">
    <fs>
      <f name="string" value="a"/>
      <f name="msd" value="DT"/>
      <f name="base" value="a"/>
    </fs>
  </a>
  <node xml:id="penn-n131">
    <link targets="seg-r209"/>
  </node>
  <a xml:id="penn-N66611" label="tok" ref="penn-n131" as="anc">
    <fs>
      <f name="string" value="look"/>
      <f name="msd" value="NN"/>
      <f name="base" value="look"/>
    </fs>
  </a>
  <node xml:id="penn-n132">
    <link targets="seg-r211"/>
  </node>
  <a xml:id="penn-N66639" label="tok" ref="penn-n132" as="anc">
    <fs>
      <f name="string" value="at"/>
      <f name="msd" value="IN"/>
      <f name="base" value="at"/>
    </fs>
  </a>
  <node xml:id="penn-n133">
    <link targets="seg-r213"/>
  </node>
  <a xml:id="penn-N66667" label="tok" ref="penn-n133" as="anc">
    <fs>
      <f name="string" value="some"/>
      <f name="msd" value="DT"/>
      <f name="base" value="some"/>
    </fs>
  </a>
  <node xml:id="penn-n134">
    <link targets="seg-r215"/>
  </node>
  <a xml:id="penn-N66695" label="tok" ref="penn-n134" as="anc">
    <fs>
      <f name="string" value="analysis"/>
      <f name="msd" value="NN"/>
      <f name="base" value="analysis"/>
    </fs>
  </a>
  <node xml:id="penn-n135">
    <link targets="seg-r217"/>
  </node>
  <a xml:id="penn-N66723" label="tok" ref="penn-n135" as="anc">
    <fs>
      <f name="string" value="we"/>
      <f name="msd" value="PRP"/>
      <f name="base" value="we"/>
    </fs>
  </a>
  <node xml:id="penn-n136">
    <link targets="seg-r219"/>
  </node>
  <a xml:id="penn-N66751" label="tok" ref="penn-n136" as="anc">
    <fs>
      <f name="string" value="have"/>
      <f name="msd" value="VBP"/>
      <f name="base" value="have"/>
    </fs>
  </a>
  <node xml:id="penn-n137">
    <link targets="seg-r221"/>
  </node>
  <a xml:id="penn-N66779" label="tok" ref="penn-n137" as="anc">
    <fs>
      <f name="string" value="recently"/>
      <f name="msd" value="RB"/>
      <f name="base" value="recently"/>
    </fs>
  </a>
  <node xml:id="penn-n138">
    <link targets="seg-r223"/>
  </node>
  <a xml:id="penn-N66807" label="tok" ref="penn-n138" as="anc">
    <fs>
      <f name="string" value="completed"/>
      <f name="msd" value="VBN"/>
      <f name="base" value="complete"/>
    </fs>
  </a>
  <node xml:id="penn-n139">
    <link targets="seg-r225"/>
  </node>
  <a xml:id="penn-N66835" label="tok" ref="penn-n139" as="anc">
    <fs>
      <f name="string" value="with"/>
      <f name="msd" value="IN"/>
      <f name="base" value="with"/>
    </fs>
  </a>
  <node xml:id="penn-n14">
    <link targets="seg-r22"/>
  </node>
  <a xml:id="penn-N66863" label="tok" ref="penn-n14" as="anc">
    <fs>
      <f name="string" value=":"/>
      <f name="msd" value=":"/>
      <f name="base" value=":"/>
    </fs>
  </a>
  <node xml:id="penn-n140">
    <link targets="seg-r227"/>
  </node>
  <a xml:id="penn-N66891" label="tok" ref="penn-n140" as="anc">
    <fs>
      <f name="string" value="regard"/>
      <f name="msd" value="NN"/>
      <f name="base" value="regard"/>
    </fs>
  </a>
  <node xml:id="penn-n141">
    <link targets="seg-r229"/>
  </node>
  <a xml:id="penn-N66919" label="tok" ref="penn-n141" as="anc">
    <fs>
      <f name="string" value="to"/>
      <f name="msd" value="TO"/>
      <f name="base" value="to"/>
    </fs>
  </a>
  <node xml:id="penn-n142">
    <link targets="seg-r231"/>
  </node>
  <a xml:id="penn-N66947" label="tok" ref="penn-n142" as="anc">
    <fs>
      <f name="string" value="the"/>
      <f name="msd" value="DT"/>
      <f name="base" value="the"/>
    </fs>
  </a>
  <node xml:id="penn-n143">
    <link targets="seg-r233"/>
  </node>
  <a xml:id="penn-N66975" label="tok" ref="penn-n143" as="anc">
    <fs>
      <f name="string" value="California"/>
      <f name="msd" value="NNP"/>
      <f name="base" value="californium"/>
    </fs>
  </a>
  <node xml:id="penn-n144">
    <link targets="seg-r235"/>
  </node>
  <a xml:id="penn-N67003" label="tok" ref="penn-n144" as="anc">
    <fs>
      <f name="string" value="Power"/>
      <f name="msd" value="NNP"/>
      <f name="base" value="power"/>
    </fs>
  </a>
  <node xml:id="penn-n145">
    <link targets="seg-r237"/>
  </node>
  <a xml:id="penn-N67031" label="tok" ref="penn-n145" as="anc">
    <fs>
      <f name="string" value="Crisis"/>
      <f name="msd" value="NNP"/>
      <f name="base" value="crisis"/>
    </fs>
  </a>
  <node xml:id="penn-n146">
    <link targets="seg-r238"/>
  </node>
  <a xml:id="penn-N67059" label="tok" ref="penn-n146" as="anc">
    <fs>
      <f name="string" value="."/>
      <f name="msd" value="."/>
      <f name="base" value="."/>
    </fs>
  </a>
  <node xml:id="penn-n147">
    <link targets="seg-r240"/>
  </node>
  <a xml:id="penn-N67087" label="tok" ref="penn-n147" as="anc">
    <fs>
      <f name="string" value="You"/>
      <f name="msd" value="PRP"/>
      <f name="base" value="you"/>
    </fs>
  </a>
  <node xml:id="penn-n148">
    <link targets="seg-r242"/>
  </node>
  <a xml:id="penn-N67115" label="tok" ref="penn-n148" as="anc">
    <fs>
      <f name="string" value="may"/>
      <f name="msd" value="MD"/>
      <f name="base" value="may"/>
    </fs>
  </a>
  <node xml:id="penn-n149">
    <link targets="seg-r244"/>
  </node>
  <a xml:id="penn-N67143" label="tok" ref="penn-n149" as="anc">
    <fs>
      <f name="string" value="find"/>
      <f name="msd" value="VB"/>
      <f name="base" value="find"/>
    </fs>
  </a>
  <node xml:id="penn-n15">
    <link targets="seg-r24"/>
  </node>
  <a xml:id="penn-N67171" label="tok" ref="penn-n15" as="anc">
    <fs>
      <f name="msd" value="NN"/>
      <f name="string" value="steven.kean@enron.com"/>
    </fs>
  </a>
  <node xml:id="penn-n150">
    <link targets="seg-r246"/>
  </node>
  <a xml:id="penn-N67195" label="tok" ref="penn-n150" as="anc">
    <fs>
      <f name="string" value="some"/>
      <f name="msd" value="DT"/>
      <f name="base" value="some"/>
    </fs>
  </a>
  <node xml:id="penn-n151">
    <link targets="seg-r248"/>
  </node>
  <a xml:id="penn-N67223" label="tok" ref="penn-n151" as="anc">
    <fs>
      <f name="string" value="of"/>
      <f name="msd" value="IN"/>
      <f name="base" value="of"/>
    </fs>
  </a>
  <node xml:id="penn-n152">
    <link targets="seg-r250"/>
  </node>
  <a xml:id="penn-N67251" label="tok" ref="penn-n152" as="anc">
    <fs>
      <f name="string" value="the"/>
      <f name="msd" value="DT"/>
      <f name="base" value="the"/>
    </fs>
  </a>
  <node xml:id="penn-n153">
    <link targets="seg-r252"/>
  </node>
  <a xml:id="penn-N67279" label="tok" ref="penn-n153" as="anc">
    <fs>
      <f name="string" value="analysis"/>
      <f name="msd" value="NN"/>
      <f name="base" value="analysis"/>
    </fs>
  </a>
  <node xml:id="penn-n154">
    <link targets="seg-r254"/>
  </node>
  <a xml:id="penn-N67307" label="tok" ref="penn-n154" as="anc">
    <fs>
      <f name="string" value="to"/>
      <f name="msd" value="TO"/>
      <f name="base" value="to"/>
    </fs>
  </a>
  <node xml:id="penn-n155">
    <link targets="seg-r256"/>
  </node>
  <a xml:id="penn-N67335" label="tok" ref="penn-n155" as="anc">
    <fs>
      <f name="string" value="be"/>
      <f name="msd" value="VB"/>
      <f name="base" value="be"/>
    </fs>
  </a>
  <node xml:id="penn-n156">
    <link targets="seg-r258"/>
  </node>
  <a xml:id="penn-N67363" label="tok" ref="penn-n156" as="anc">
    <fs>
      <f name="string" value="helpful"/>
      <f name="msd" value="JJ"/>
      <f name="base" value="helpful"/>
    </fs>
  </a>
  <node xml:id="penn-n157">
    <link targets="seg-r259"/>
  </node>
  <a xml:id="penn-N67391" label="tok" ref="penn-n157" as="anc">
    <fs>
      <f name="string" value="."/>
      <f name="msd" value="."/>
      <f name="base" value="."/>
    </fs>
  </a>
  <node xml:id="penn-n158">
    <link targets="seg-r261"/>
  </node>
  <a xml:id="penn-N67419" label="tok" ref="penn-n158" as="anc">
    <fs>
      <f name="string" value="Let"/>
      <f name="msd" value="VB"/>
      <f name="base" value="let"/>
    </fs>
  </a>
  <node xml:id="penn-n159">
    <link targets="seg-r263"/>
  </node>
  <a xml:id="penn-N67447" label="tok" ref="penn-n159" as="anc">
    <fs>
      <f name="string" value="me"/>
      <f name="msd" value="PRP"/>
      <f name="base" value="me"/>
    </fs>
  </a>
  <node xml:id="penn-n16">
    <link targets="seg-r26"/>
  </node>
  <a xml:id="penn-N67475" label="tok" ref="penn-n16" as="anc">
    <fs>
      <f name="string" value="Subject"/>
      <f name="msd" value="NNP"/>
      <f name="base" value="subject"/>
    </fs>
  </a>
  <node xml:id="penn-n160">
    <link targets="seg-r265"/>
  </node>
  <a xml:id="penn-N67503" label="tok" ref="penn-n160" as="anc">
    <fs>
      <f name="string" value="know"/>
      <f name="msd" value="VB"/>
      <f name="base" value="know"/>
    </fs>
  </a>
  <node xml:id="penn-n161">
    <link targets="seg-r267"/>
  </node>
  <a xml:id="penn-N67531" label="tok" ref="penn-n161" as="anc">
    <fs>
      <f name="string" value="if"/>
      <f name="msd" value="IN"/>
      <f name="base" value="if"/>
    </fs>
  </a>
  <node xml:id="penn-n162">
    <link targets="seg-r269"/>
  </node>
  <a xml:id="penn-N67559" label="tok" ref="penn-n162" as="anc">
    <fs>
      <f name="string" value="you"/>
      <f name="msd" value="PRP"/>
      <f name="base" value="you"/>
    </fs>
  </a>
  <node xml:id="penn-n163">
    <link targets="seg-r271"/>
  </node>
  <a xml:id="penn-N67587" label="tok" ref="penn-n163" as="anc">
    <fs>
      <f name="string" value="have"/>
      <f name="msd" value="VBP"/>
      <f name="base" value="have"/>
    </fs>
  </a>
  <node xml:id="penn-n164">
    <link targets="seg-r273"/>
  </node>
  <a xml:id="penn-N67615" label="tok" ref="penn-n164" as="anc">
    <fs>
      <f name="string" value="any"/>
      <f name="msd" value="DT"/>
      <f name="base" value="any"/>
    </fs>
  </a>
  <node xml:id="penn-n165">
    <link targets="seg-r275"/>
  </node>
  <a xml:id="penn-N67643" label="tok" ref="penn-n165" as="anc">
    <fs>
      <f name="string" value="questions"/>
      <f name="msd" value="NNS"/>
      <f name="base" value="question"/>
    </fs>
  </a>
  <node xml:id="penn-n166">
    <link targets="seg-r276"/>
  </node>
  <a xml:id="penn-N67671" label="tok" ref="penn-n166" as="anc">
    <fs>
      <f name="string" value="."/>
      <f name="msd" value="."/>
      <f name="base" value="."/>
    </fs>
  </a>
  <node xml:id="penn-n167">
    <link targets="seg-r278"/>
  </node>
  <a xml:id="penn-N67699" label="tok" ref="penn-n167" as="anc">
    <fs>
      <f name="string" value="("/>
      <f name="msd" value="("/>
      <f name="base" value="("/>
    </fs>
  </a>
  <node xml:id="penn-n168">
    <link targets="seg-r279"/>
  </node>
  <a xml:id="penn-N67731" label="tok" ref="penn-n168" as="anc">
    <fs>
      <f name="string" value="See"/>
      <f name="msd" value="VB"/>
      <f name="base" value="see"/>
    </fs>
  </a>
  <node xml:id="penn-n169">
    <link targets="seg-r281"/>
  </node>
  <a xml:id="penn-N67759" label="tok" ref="penn-n169" as="anc">
    <fs>
      <f name="string" value="attached"/>
      <f name="msd" value="VBN"/>
      <f name="base" value="attach"/>
    </fs>
  </a>
  <node xml:id="penn-n17">
    <link targets="seg-r27"/>
  </node>
  <a xml:id="penn-N67787" label="tok" ref="penn-n17" as="anc">
    <fs>
      <f name="string" value=":"/>
      <f name="msd" value=":"/>
      <f name="base" value=":"/>
    </fs>
  </a>
  <node xml:id="penn-n170">
    <link targets="seg-r283"/>
  </node>
  <a xml:id="penn-N67815" label="tok" ref="penn-n170" as="anc">
    <fs>
      <f name="string" value="file"/>
      <f name="msd" value="VB"/>
      <f name="base" value="file"/>
    </fs>
  </a>
  <node xml:id="penn-n171">
    <link targets="seg-r284"/>
  </node>
  <a xml:id="penn-N67843" label="tok" ref="penn-n171" as="anc">
    <fs>
      <f name="string" value=":"/>
      <f name="msd" value=":"/>
      <f name="base" value=":"/>
    </fs>
  </a>
  <node xml:id="penn-n172">
    <link targets="seg-r286"/>
  </node>
  <a xml:id="penn-N67871" label="tok" ref="penn-n172" as="anc">
    <fs>
      <f name="base" value="10209"/>
      <f name="string" value="10209"/>
      <f name="msd" value="CD"/>
    </fs>
  </a>
  <node xml:id="penn-n173">
    <link targets="seg-r288"/>
  </node>
  <a xml:id="penn-N67899" label="tok" ref="penn-n173" as="anc">
    <fs>
      <f name="string" value="zxd"/>
      <f name="msd" value="NN"/>
      <f name="base" value="zxd"/>
    </fs>
  </a>
  <node xml:id="penn-n174">
    <link targets="seg-r289"/>
  </node>
  <a xml:id="penn-N67927" label="tok" ref="penn-n174" as="anc">
    <fs>
      <f name="base" value="414"/>
      <f name="string" value="414"/>
      <f name="msd" value="CD"/>
    </fs>
  </a>
  <node xml:id="penn-n175">
    <link targets="seg-r290"/>
  </node>
  <a xml:id="penn-N67955" label="tok" ref="penn-n175" as="anc">
    <fs>
      <f name="string" value="."/>
      <f name="msd" value="."/>
      <f name="base" value="."/>
    </fs>
  </a>
  <node xml:id="penn-n176">
    <link targets="seg-r291"/>
  </node>
  <a xml:id="penn-N67983" label="tok" ref="penn-n176" as="anc">
    <fs>
      <f name="string" value="ppt"/>
      <f name="msd" value="NN"/>
      <f name="base" value="ppt"/>
    </fs>
  </a>
  <node xml:id="penn-n177">
    <link targets="seg-r292"/>
  </node>
  <a xml:id="penn-N68011" label="tok" ref="penn-n177" as="anc">
    <fs>
      <f name="string" value=")"/>
      <f name="msd" value=")"/>
      <f name="base" value=")"/>
    </fs>
  </a>
  <node xml:id="penn-n178">
    <link targets="seg-r294"/>
  </node>
  <a xml:id="penn-N68043" label="tok" ref="penn-n178" as="anc">
    <fs>
      <f name="string" value="+"/>
      <f name="msd" value="NN"/>
      <f name="base" value="+"/>
    </fs>
  </a>
  <node xml:id="penn-n179">
    <link targets="seg-r295"/>
  </node>
  <a xml:id="penn-N68071" label="tok" ref="penn-n179" as="anc">
    <fs>
      <f name="string" value="-------------------------------------------------------------"/>
      <f name="msd" value="SYM"/>
    </fs>
  </a>
  <node xml:id="penn-n18">
    <link targets="seg-r29"/>
  </node>
  <a xml:id="penn-N68095" label="tok" ref="penn-n18" as="anc">
    <fs>
      <f name="string" value="California"/>
      <f name="msd" value="NNP"/>
      <f name="base" value="californium"/>
    </fs>
  </a>
  <node xml:id="penn-n180">
    <link targets="seg-r296"/>
  </node>
  <a xml:id="penn-N68123" label="tok" ref="penn-n180" as="anc">
    <fs>
      <f name="string" value="+"/>
      <f name="msd" value="NN"/>
      <f name="base" value="+"/>
    </fs>
  </a>
  <node xml:id="penn-n181">
    <link targets="seg-r298"/>
  </node>
  <a xml:id="penn-N68151" label="tok" ref="penn-n181" as="anc">
    <fs>
      <f name="string" value="|"/>
      <f name="msd" value="NN"/>
      <f name="base" value="|"/>
    </fs>
  </a>
  <node xml:id="penn-n182">
    <link targets="seg-r300"/>
  </node>
  <a xml:id="penn-N68179" label="tok" ref="penn-n182" as="anc">
    <fs>
      <f name="string" value="This"/>
      <f name="msd" value="DT"/>
      <f name="base" value="this"/>
    </fs>
  </a>
  <node xml:id="penn-n183">
    <link targets="seg-r302"/>
  </node>
  <a xml:id="penn-N68207" label="tok" ref="penn-n183" as="anc">
    <fs>
      <f name="string" value="message"/>
      <f name="msd" value="NN"/>
      <f name="base" value="message"/>
    </fs>
  </a>
  <node xml:id="penn-n184">
    <link targets="seg-r304"/>
  </node>
  <a xml:id="penn-N68235" label="tok" ref="penn-n184" as="anc">
    <fs>
      <f name="string" value="may"/>
      <f name="msd" value="MD"/>
      <f name="base" value="may"/>
    </fs>
  </a>
  <node xml:id="penn-n185">
    <link targets="seg-r306"/>
  </node>
  <a xml:id="penn-N68263" label="tok" ref="penn-n185" as="anc">
    <fs>
      <f name="string" value="contain"/>
      <f name="msd" value="VB"/>
      <f name="base" value="contain"/>
    </fs>
  </a>
  <node xml:id="penn-n186">
    <link targets="seg-r308"/>
  </node>
  <a xml:id="penn-N68291" label="tok" ref="penn-n186" as="anc">
    <fs>
      <f name="string" value="confidential"/>
      <f name="msd" value="JJ"/>
      <f name="base" value="confidential"/>
    </fs>
  </a>
  <node xml:id="penn-n187">
    <link targets="seg-r310"/>
  </node>
  <a xml:id="penn-N68319" label="tok" ref="penn-n187" as="anc">
    <fs>
      <f name="string" value="and"/>
      <f name="msd" value="CC"/>
      <f name="base" value="and"/>
    </fs>
  </a>
  <node xml:id="penn-n188">
    <link targets="seg-r311"/>
  </node>
  <a xml:id="penn-N68347" label="tok" ref="penn-n188" as="anc">
    <fs>
      <f name="string" value="/"/>
      <f name="msd" value="NN"/>
      <f name="base" value="/"/>
    </fs>
  </a>
  <node xml:id="penn-n189">
    <link targets="seg-r312"/>
  </node>
  <a xml:id="penn-N68375" label="tok" ref="penn-n189" as="anc">
    <fs>
      <f name="string" value="or"/>
      <f name="msd" value="CC"/>
      <f name="base" value="or"/>
    </fs>
  </a>
  <node xml:id="penn-n19">
    <link targets="seg-r31"/>
  </node>
  <a xml:id="penn-N68403" label="tok" ref="penn-n19" as="anc">
    <fs>
      <f name="string" value="Power"/>
      <f name="msd" value="NNP"/>
      <f name="base" value="power"/>
    </fs>
  </a>
  <node xml:id="penn-n190">
    <link targets="seg-r314"/>
  </node>
  <a xml:id="penn-N68431" label="tok" ref="penn-n190" as="anc">
    <fs>
      <f name="string" value="privileged"/>
      <f name="msd" value="JJ"/>
      <f name="base" value="privilege"/>
    </fs>
  </a>
  <node xml:id="penn-n191">
    <link targets="seg-r316"/>
  </node>
  <a xml:id="penn-N68459" label="tok" ref="penn-n191" as="anc">
    <fs>
      <f name="string" value="|"/>
      <f name="msd" value="NN"/>
      <f name="base" value="|"/>
    </fs>
  </a>
  <node xml:id="penn-n192">
    <link targets="seg-r318"/>
  </node>
  <a xml:id="penn-N68487" label="tok" ref="penn-n192" as="anc">
    <fs>
      <f name="string" value="|"/>
      <f name="msd" value="NN"/>
      <f name="base" value="|"/>
    </fs>
  </a>
  <node xml:id="penn-n193">
    <link targets="seg-r320"/>
  </node>
  <a xml:id="penn-N68515" label="tok" ref="penn-n193" as="anc">
    <fs>
      <f name="string" value="information"/>
      <f name="msd" value="NN"/>
      <f name="base" value="information"/>
    </fs>
  </a>
  <node xml:id="penn-n194">
    <link targets="seg-r321"/>
  </node>
  <a xml:id="penn-N68543" label="tok" ref="penn-n194" as="anc">
    <fs>
      <f name="string" value="."/>
      <f name="msd" value="."/>
      <f name="base" value="."/>
    </fs>
  </a>
  <node xml:id="penn-n195">
    <link targets="seg-r323"/>
  </node>
  <a xml:id="penn-N68571" label="tok" ref="penn-n195" as="anc">
    <fs>
      <f name="string" value="If"/>
      <f name="msd" value="IN"/>
      <f name="base" value="if"/>
    </fs>
  </a>
  <node xml:id="penn-n196">
    <link targets="seg-r325"/>
  </node>
  <a xml:id="penn-N68599" label="tok" ref="penn-n196" as="anc">
    <fs>
      <f name="string" value="you"/>
      <f name="msd" value="PRP"/>
      <f name="base" value="you"/>
    </fs>
  </a>
  <node xml:id="penn-n197">
    <link targets="seg-r327"/>
  </node>
  <a xml:id="penn-N68627" label="tok" ref="penn-n197" as="anc">
    <fs>
      <f name="string" value="are"/>
      <f name="msd" value="VBP"/>
      <f name="base" value="be"/>
    </fs>
  </a>
  <node xml:id="penn-n198">
    <link targets="seg-r329"/>
  </node>
  <a xml:id="penn-N68655" label="tok" ref="penn-n198" as="anc">
    <fs>
      <f name="string" value="not"/>
      <f name="msd" value="RB"/>
      <f name="base" value="not"/>
    </fs>
  </a>
  <node xml:id="penn-n199">
    <link targets="seg-r331"/>
  </node>
  <a xml:id="penn-N68683" label="tok" ref="penn-n199" as="anc">
    <fs>
      <f name="string" value="the"/>
      <f name="msd" value="DT"/>
      <f name="base" value="the"/>
    </fs>
  </a>
  <node xml:id="penn-n2">
    <link targets="seg-r3"/>
  </node>
  <a xml:id="penn-N68711" label="tok" ref="penn-n2" as="anc">
    <fs>
      <f name="string" value="Fri"/>
      <f name="msd" value="NNP"/>
      <f name="base" value="frus"/>
    </fs>
  </a>
  <node xml:id="penn-n20">
    <link targets="seg-r33"/>
  </node>
  <a xml:id="penn-N68739" label="tok" ref="penn-n20" as="anc">
    <fs>
      <f name="string" value="Markets"/>
      <f name="msd" value="NNP"/>
      <f name="base" value="market"/>
    </fs>
  </a>
  <node xml:id="penn-n200">
    <link targets="seg-r333"/>
  </node>
  <a xml:id="penn-N68767" label="tok" ref="penn-n200" as="anc">
    <fs>
      <f name="string" value="addressee"/>
      <f name="msd" value="NN"/>
      <f name="base" value="addressee"/>
    </fs>
  </a>
  <node xml:id="penn-n201">
    <link targets="seg-r335"/>
  </node>
  <a xml:id="penn-N68795" label="tok" ref="penn-n201" as="anc">
    <fs>
      <f name="string" value="or"/>
      <f name="msd" value="CC"/>
      <f name="base" value="or"/>
    </fs>
  </a>
  <node xml:id="penn-n202">
    <link targets="seg-r337"/>
  </node>
  <a xml:id="penn-N68823" label="tok" ref="penn-n202" as="anc">
    <fs>
      <f name="string" value="authorized"/>
      <f name="msd" value="VBD"/>
      <f name="base" value="authorize"/>
    </fs>
  </a>
  <node xml:id="penn-n203">
    <link targets="seg-r339"/>
  </node>
  <a xml:id="penn-N68851" label="tok" ref="penn-n203" as="anc">
    <fs>
      <f name="string" value="to"/>
      <f name="msd" value="TO"/>
      <f name="base" value="to"/>
    </fs>
  </a>
  <node xml:id="penn-n204">
    <link targets="seg-r341"/>
  </node>
  <a xml:id="penn-N68879" label="tok" ref="penn-n204" as="anc">
    <fs>
      <f name="string" value="|"/>
      <f name="msd" value="NN"/>
      <f name="base" value="|"/>
    </fs>
  </a>
  <node xml:id="penn-n205">
    <link targets="seg-r343"/>
  </node>
  <a xml:id="penn-N68907" label="tok" ref="penn-n205" as="anc">
    <fs>
      <f name="string" value="|"/>
      <f name="msd" value="NN"/>
      <f name="base" value="|"/>
    </fs>
  </a>
  <node xml:id="penn-n206">
    <link targets="seg-r345"/>
  </node>
  <a xml:id="penn-N68935" label="tok" ref="penn-n206" as="anc">
    <fs>
      <f name="string" value="receive"/>
      <f name="msd" value="VBP"/>
      <f name="base" value="receive"/>
    </fs>
  </a>
  <node xml:id="penn-n207">
    <link targets="seg-r347"/>
  </node>
  <a xml:id="penn-N68963" label="tok" ref="penn-n207" as="anc">
    <fs>
      <f name="string" value="this"/>
      <f name="msd" value="DT"/>
      <f name="base" value="this"/>
    </fs>
  </a>
  <node xml:id="penn-n208">
    <link targets="seg-r349"/>
  </node>
  <a xml:id="penn-N68991" label="tok" ref="penn-n208" as="anc">
    <fs>
      <f name="string" value="for"/>
      <f name="msd" value="IN"/>
      <f name="base" value="for"/>
    </fs>
  </a>
  <node xml:id="penn-n209">
    <link targets="seg-r351"/>
  </node>
  <a xml:id="penn-N69019" label="tok" ref="penn-n209" as="anc">
    <fs>
      <f name="string" value="the"/>
      <f name="msd" value="DT"/>
      <f name="base" value="the"/>
    </fs>
  </a>
  <node xml:id="penn-n21">
    <link targets="seg-r35"/>
  </node>
  <a xml:id="penn-N69047" label="tok" ref="penn-n21" as="anc">
    <fs>
      <f name="string" value="Mime-"/>
      <f name="msd" value="NNP"/>
      <f name="base" value="mime-"/>
    </fs>
  </a>
  <node xml:id="penn-n210">
    <link targets="seg-r353"/>
  </node>
  <a xml:id="penn-N69075" label="tok" ref="penn-n210" as="anc">
    <fs>
      <f name="string" value="addressee"/>
      <f name="msd" value="NN"/>
      <f name="base" value="addressee"/>
    </fs>
  </a>
  <node xml:id="penn-n211">
    <link targets="seg-r354"/>
  </node>
  <a xml:id="penn-N69103" label="tok" ref="penn-n211" as="anc">
    <fs>
      <f name="string" value=","/>
      <f name="msd" value=","/>
      <f name="base" value=","/>
    </fs>
  </a>
  <node xml:id="penn-n212">
    <link targets="seg-r356"/>
  </node>
  <a xml:id="penn-N69131" label="tok" ref="penn-n212" as="anc">
    <fs>
      <f name="string" value="you"/>
      <f name="msd" value="PRP"/>
      <f name="base" value="you"/>
    </fs>
  </a>
  <node xml:id="penn-n213">
    <link targets="seg-r358"/>
  </node>
  <a xml:id="penn-N69159" label="tok" ref="penn-n213" as="anc">
    <fs>
      <f name="string" value="must"/>
      <f name="msd" value="MD"/>
      <f name="base" value="must"/>
    </fs>
  </a>
  <node xml:id="penn-n214">
    <link targets="seg-r360"/>
  </node>
  <a xml:id="penn-N69187" label="tok" ref="penn-n214" as="anc">
    <fs>
      <f name="string" value="not"/>
      <f name="msd" value="RB"/>
      <f name="base" value="not"/>
    </fs>
  </a>
  <node xml:id="penn-n215">
    <link targets="seg-r362"/>
  </node>
  <a xml:id="penn-N69215" label="tok" ref="penn-n215" as="anc">
    <fs>
      <f name="string" value="use"/>
      <f name="msd" value="VB"/>
      <f name="base" value="use"/>
    </fs>
  </a>
  <node xml:id="penn-n216">
    <link targets="seg-r363"/>
  </node>
  <a xml:id="penn-N69243" label="tok" ref="penn-n216" as="anc">
    <fs>
      <f name="string" value=","/>
      <f name="msd" value=","/>
      <f name="base" value=","/>
    </fs>
  </a>
  <node xml:id="penn-n217">
    <link targets="seg-r365"/>
  </node>
  <a xml:id="penn-N69271" label="tok" ref="penn-n217" as="anc">
    <fs>
      <f name="string" value="copy"/>
      <f name="msd" value="NN"/>
      <f name="base" value="copy"/>
    </fs>
  </a>
  <node xml:id="penn-n218">
    <link targets="seg-r366"/>
  </node>
  <a xml:id="penn-N69299" label="tok" ref="penn-n218" as="anc">
    <fs>
      <f name="string" value=","/>
      <f name="msd" value=","/>
      <f name="base" value=","/>
    </fs>
  </a>
  <node xml:id="penn-n219">
    <link targets="seg-r368"/>
  </node>
  <a xml:id="penn-N69327" label="tok" ref="penn-n219" as="anc">
    <fs>
      <f name="string" value="|"/>
      <f name="msd" value="NN"/>
      <f name="base" value="|"/>
    </fs>
  </a>
  <node xml:id="penn-n22">
    <link targets="seg-r36"/>
  </node>
  <a xml:id="penn-N69355" label="tok" ref="penn-n22" as="anc">
    <fs>
      <f name="string" value="Version"/>
      <f name="msd" value="NNP"/>
      <f name="base" value="version"/>
    </fs>
  </a>
  <node xml:id="penn-n220">
    <link targets="seg-r370"/>
  </node>
  <a xml:id="penn-N69383" label="tok" ref="penn-n220" as="anc">
    <fs>
      <f name="string" value="|"/>
      <f name="msd" value="NN"/>
      <f name="base" value="|"/>
    </fs>
  </a>
  <node xml:id="penn-n221">
    <link targets="seg-r372"/>
  </node>
  <a xml:id="penn-N69411" label="tok" ref="penn-n221" as="anc">
    <fs>
      <f name="string" value="disclose"/>
      <f name="msd" value="VB"/>
      <f name="base" value="disclose"/>
    </fs>
  </a>
  <node xml:id="penn-n222">
    <link targets="seg-r374"/>
  </node>
  <a xml:id="penn-N69439" label="tok" ref="penn-n222" as="anc">
    <fs>
      <f name="string" value="or"/>
      <f name="msd" value="CC"/>
      <f name="base" value="or"/>
    </fs>
  </a>
  <node xml:id="penn-n223">
    <link targets="seg-r376"/>
  </node>
  <a xml:id="penn-N69467" label="tok" ref="penn-n223" as="anc">
    <fs>
      <f name="string" value="take"/>
      <f name="msd" value="VB"/>
      <f name="base" value="take"/>
    </fs>
  </a>
  <node xml:id="penn-n224">
    <link targets="seg-r378"/>
  </node>
  <a xml:id="penn-N69495" label="tok" ref="penn-n224" as="anc">
    <fs>
      <f name="string" value="any"/>
      <f name="msd" value="DT"/>
      <f name="base" value="any"/>
    </fs>
  </a>
  <node xml:id="penn-n225">
    <link targets="seg-r380"/>
  </node>
  <a xml:id="penn-N69523" label="tok" ref="penn-n225" as="anc">
    <fs>
      <f name="string" value="action"/>
      <f name="msd" value="NN"/>
      <f name="base" value="action"/>
    </fs>
  </a>
  <node xml:id="penn-n226">
    <link targets="seg-r382"/>
  </node>
  <a xml:id="penn-N69551" label="tok" ref="penn-n226" as="anc">
    <fs>
      <f name="string" value="based"/>
      <f name="msd" value="VBN"/>
      <f name="base" value="base"/>
    </fs>
  </a>
  <node xml:id="penn-n227">
    <link targets="seg-r384"/>
  </node>
  <a xml:id="penn-N69579" label="tok" ref="penn-n227" as="anc">
    <fs>
      <f name="string" value="on"/>
      <f name="msd" value="IN"/>
      <f name="base" value="on"/>
    </fs>
  </a>
  <node xml:id="penn-n228">
    <link targets="seg-r386"/>
  </node>
  <a xml:id="penn-N69607" label="tok" ref="penn-n228" as="anc">
    <fs>
      <f name="string" value="this"/>
      <f name="msd" value="DT"/>
      <f name="base" value="this"/>
    </fs>
  </a>
  <node xml:id="penn-n229">
    <link targets="seg-r388"/>
  </node>
  <a xml:id="penn-N69635" label="tok" ref="penn-n229" as="anc">
    <fs>
      <f name="string" value="message"/>
      <f name="msd" value="NN"/>
      <f name="base" value="message"/>
    </fs>
  </a>
  <node xml:id="penn-n23">
    <link targets="seg-r37"/>
  </node>
  <a xml:id="penn-N69663" label="tok" ref="penn-n23" as="anc">
    <fs>
      <f name="string" value=":"/>
      <f name="msd" value=":"/>
      <f name="base" value=":"/>
    </fs>
  </a>
  <node xml:id="penn-n230">
    <link targets="seg-r390"/>
  </node>
  <a xml:id="penn-N69691" label="tok" ref="penn-n230" as="anc">
    <fs>
      <f name="string" value="or"/>
      <f name="msd" value="CC"/>
      <f name="base" value="or"/>
    </fs>
  </a>
  <node xml:id="penn-n231">
    <link targets="seg-r392"/>
  </node>
  <a xml:id="penn-N69719" label="tok" ref="penn-n231" as="anc">
    <fs>
      <f name="string" value="any"/>
      <f name="msd" value="DT"/>
      <f name="base" value="any"/>
    </fs>
  </a>
  <node xml:id="penn-n232">
    <link targets="seg-r394"/>
  </node>
  <a xml:id="penn-N69747" label="tok" ref="penn-n232" as="anc">
    <fs>
      <f name="string" value="|"/>
      <f name="msd" value="NN"/>
      <f name="base" value="|"/>
    </fs>
  </a>
  <node xml:id="penn-n233">
    <link targets="seg-r396"/>
  </node>
  <a xml:id="penn-N69775" label="tok" ref="penn-n233" as="anc">
    <fs>
      <f name="string" value="|"/>
      <f name="msd" value="NN"/>
      <f name="base" value="|"/>
    </fs>
  </a>
  <node xml:id="penn-n234">
    <link targets="seg-r398"/>
  </node>
  <a xml:id="penn-N69803" label="tok" ref="penn-n234" as="anc">
    <fs>
      <f name="string" value="information"/>
      <f name="msd" value="NN"/>
      <f name="base" value="information"/>
    </fs>
  </a>
  <node xml:id="penn-n235">
    <link targets="seg-r400"/>
  </node>
  <a xml:id="penn-N69831" label="tok" ref="penn-n235" as="anc">
    <fs>
      <f name="string" value="herein"/>
      <f name="msd" value="NN"/>
      <f name="base" value="herein"/>
    </fs>
  </a>
  <node xml:id="penn-n236">
    <link targets="seg-r401"/>
  </node>
  <a xml:id="penn-N69859" label="tok" ref="penn-n236" as="anc">
    <fs>
      <f name="string" value="."/>
      <f name="msd" value="."/>
      <f name="base" value="."/>
    </fs>
  </a>
  <node xml:id="penn-n237">
    <link targets="seg-r403"/>
  </node>
  <a xml:id="penn-N69887" label="tok" ref="penn-n237" as="anc">
    <fs>
      <f name="string" value="If"/>
      <f name="msd" value="IN"/>
      <f name="base" value="if"/>
    </fs>
  </a>
  <node xml:id="penn-n238">
    <link targets="seg-r405"/>
  </node>
  <a xml:id="penn-N69915" label="tok" ref="penn-n238" as="anc">
    <fs>
      <f name="string" value="you"/>
      <f name="msd" value="PRP"/>
      <f name="base" value="you"/>
    </fs>
  </a>
  <node xml:id="penn-n239">
    <link targets="seg-r407"/>
  </node>
  <a xml:id="penn-N69943" label="tok" ref="penn-n239" as="anc">
    <fs>
      <f name="string" value="have"/>
      <f name="msd" value="VBP"/>
      <f name="base" value="have"/>
    </fs>
  </a>
  <node xml:id="penn-n24">
    <link targets="seg-r39"/>
  </node>
  <a xml:id="penn-N69971" label="tok" ref="penn-n24" as="anc">
    <fs>
      <f name="base" value="1.0"/>
      <f name="string" value="1.0"/>
      <f name="msd" value="CD"/>
    </fs>
  </a>
  <node xml:id="penn-n240">
    <link targets="seg-r409"/>
  </node>
  <a xml:id="penn-N69999" label="tok" ref="penn-n240" as="anc">
    <fs>
      <f name="string" value="received"/>
      <f name="msd" value="VBN"/>
      <f name="base" value="receive"/>
    </fs>
  </a>
  <node xml:id="penn-n241">
    <link targets="seg-r411"/>
  </node>
  <a xml:id="penn-N70027" label="tok" ref="penn-n241" as="anc">
    <fs>
      <f name="string" value="this"/>
      <f name="msd" value="DT"/>
      <f name="base" value="this"/>
    </fs>
  </a>
  <node xml:id="penn-n242">
    <link targets="seg-r413"/>
  </node>
  <a xml:id="penn-N70055" label="tok" ref="penn-n242" as="anc">
    <fs>
      <f name="string" value="message"/>
      <f name="msd" value="NN"/>
      <f name="base" value="message"/>
    </fs>
  </a>
  <node xml:id="penn-n243">
    <link targets="seg-r415"/>
  </node>
  <a xml:id="penn-N70083" label="tok" ref="penn-n243" as="anc">
    <fs>
      <f name="string" value="in"/>
      <f name="msd" value="IN"/>
      <f name="base" value="in"/>
    </fs>
  </a>
  <node xml:id="penn-n244">
    <link targets="seg-r417"/>
  </node>
  <a xml:id="penn-N70111" label="tok" ref="penn-n244" as="anc">
    <fs>
      <f name="string" value="|"/>
      <f name="msd" value="NN"/>
      <f name="base" value="|"/>
    </fs>
  </a>
  <node xml:id="penn-n245">
    <link targets="seg-r419"/>
  </node>
  <a xml:id="penn-N70139" label="tok" ref="penn-n245" as="anc">
    <fs>
      <f name="string" value="|"/>
      <f name="msd" value="NN"/>
      <f name="base" value="|"/>
    </fs>
  </a>
  <node xml:id="penn-n246">
    <link targets="seg-r421"/>
  </node>
  <a xml:id="penn-N70167" label="tok" ref="penn-n246" as="anc">
    <fs>
      <f name="string" value="error"/>
      <f name="msd" value="NN"/>
      <f name="base" value="error"/>
    </fs>
  </a>
  <node xml:id="penn-n247">
    <link targets="seg-r422"/>
  </node>
  <a xml:id="penn-N70195" label="tok" ref="penn-n247" as="anc">
    <fs>
      <f name="string" value=","/>
      <f name="msd" value=","/>
      <f name="base" value=","/>
    </fs>
  </a>
  <node xml:id="penn-n248">
    <link targets="seg-r424"/>
  </node>
  <a xml:id="penn-N70223" label="tok" ref="penn-n248" as="anc">
    <fs>
      <f name="string" value="please"/>
      <f name="msd" value="VB"/>
      <f name="base" value="please"/>
    </fs>
  </a>
  <node xml:id="penn-n249">
    <link targets="seg-r426"/>
  </node>
  <a xml:id="penn-N70251" label="tok" ref="penn-n249" as="anc">
    <fs>
      <f name="string" value="advise"/>
      <f name="msd" value="VB"/>
      <f name="base" value="advise"/>
    </fs>
  </a>
  <node xml:id="penn-n25">
    <link targets="seg-r41"/>
  </node>
  <a xml:id="penn-N70279" label="tok" ref="penn-n25" as="anc">
    <fs>
      <f name="string" value="Content-"/>
      <f name="msd" value="NNP"/>
      <f name="base" value="content-"/>
    </fs>
  </a>
  <node xml:id="penn-n250">
    <link targets="seg-r428"/>
  </node>
  <a xml:id="penn-N70307" label="tok" ref="penn-n250" as="anc">
    <fs>
      <f name="string" value="the"/>
      <f name="msd" value="DT"/>
      <f name="base" value="the"/>
    </fs>
  </a>
  <node xml:id="penn-n251">
    <link targets="seg-r430"/>
  </node>
  <a xml:id="penn-N70335" label="tok" ref="penn-n251" as="anc">
    <fs>
      <f name="string" value="sender"/>
      <f name="msd" value="NN"/>
      <f name="base" value="sender"/>
    </fs>
  </a>
  <node xml:id="penn-n252">
    <link targets="seg-r432"/>
  </node>
  <a xml:id="penn-N70363" label="tok" ref="penn-n252" as="anc">
    <fs>
      <f name="string" value="immediately"/>
      <f name="msd" value="RB"/>
      <f name="base" value="immediately"/>
    </fs>
  </a>
  <node xml:id="penn-n253">
    <link targets="seg-r434"/>
  </node>
  <a xml:id="penn-N70391" label="tok" ref="penn-n253" as="anc">
    <fs>
      <f name="string" value="by"/>
      <f name="msd" value="IN"/>
      <f name="base" value="by"/>
    </fs>
  </a>
  <node xml:id="penn-n254">
    <link targets="seg-r436"/>
  </node>
  <a xml:id="penn-N70419" label="tok" ref="penn-n254" as="anc">
    <fs>
      <f name="string" value="reply"/>
      <f name="msd" value="NN"/>
      <f name="base" value="reply"/>
    </fs>
  </a>
  <node xml:id="penn-n255">
    <link targets="seg-r438"/>
  </node>
  <a xml:id="penn-N70447" label="tok" ref="penn-n255" as="anc">
    <fs>
      <f name="string" value="e-mail"/>
      <f name="msd" value="JJ"/>
      <f name="base" value="e-mail"/>
    </fs>
  </a>
  <node xml:id="penn-n256">
    <link targets="seg-r440"/>
  </node>
  <a xml:id="penn-N70475" label="tok" ref="penn-n256" as="anc">
    <fs>
      <f name="string" value="|"/>
      <f name="msd" value="NN"/>
      <f name="base" value="|"/>
    </fs>
  </a>
  <node xml:id="penn-n257">
    <link targets="seg-r442"/>
  </node>
  <a xml:id="penn-N70503" label="tok" ref="penn-n257" as="anc">
    <fs>
      <f name="string" value="|"/>
      <f name="msd" value="NN"/>
      <f name="base" value="|"/>
    </fs>
  </a>
  <node xml:id="penn-n258">
    <link targets="seg-r444"/>
  </node>
  <a xml:id="penn-N70531" label="tok" ref="penn-n258" as="anc">
    <fs>
      <f name="string" value="and"/>
      <f name="msd" value="CC"/>
      <f name="base" value="and"/>
    </fs>
  </a>
  <node xml:id="penn-n259">
    <link targets="seg-r446"/>
  </node>
  <a xml:id="penn-N70559" label="tok" ref="penn-n259" as="anc">
    <fs>
      <f name="string" value="delete"/>
      <f name="msd" value="VB"/>
      <f name="base" value="delete"/>
    </fs>
  </a>
  <node xml:id="penn-n26">
    <link targets="seg-r42"/>
  </node>
  <a xml:id="penn-N70587" label="tok" ref="penn-n26" as="anc">
    <fs>
      <f name="string" value="Type"/>
      <f name="msd" value="NNP"/>
      <f name="base" value="type"/>
    </fs>
  </a>
  <node xml:id="penn-n260">
    <link targets="seg-r448"/>
  </node>
  <a xml:id="penn-N70615" label="tok" ref="penn-n260" as="anc">
    <fs>
      <f name="string" value="this"/>
      <f name="msd" value="DT"/>
      <f name="base" value="this"/>
    </fs>
  </a>
  <node xml:id="penn-n261">
    <link targets="seg-r450"/>
  </node>
  <a xml:id="penn-N70643" label="tok" ref="penn-n261" as="anc">
    <fs>
      <f name="string" value="message"/>
      <f name="msd" value="NN"/>
      <f name="base" value="message"/>
    </fs>
  </a>
  <node xml:id="penn-n262">
    <link targets="seg-r451"/>
  </node>
  <a xml:id="penn-N70671" label="tok" ref="penn-n262" as="anc">
    <fs>
      <f name="string" value="."/>
      <f name="msd" value="."/>
      <f name="base" value="."/>
    </fs>
  </a>
  <node xml:id="penn-n263">
    <link targets="seg-r453"/>
  </node>
  <a xml:id="penn-N70699" label="tok" ref="penn-n263" as="anc">
    <fs>
      <f name="string" value="Thank"/>
      <f name="msd" value="VB"/>
      <f name="base" value="thank"/>
    </fs>
  </a>
  <node xml:id="penn-n264">
    <link targets="seg-r455"/>
  </node>
  <a xml:id="penn-N70727" label="tok" ref="penn-n264" as="anc">
    <fs>
      <f name="string" value="you"/>
      <f name="msd" value="PRP"/>
      <f name="base" value="you"/>
    </fs>
  </a>
  <node xml:id="penn-n265">
    <link targets="seg-r457"/>
  </node>
  <a xml:id="penn-N70755" label="tok" ref="penn-n265" as="anc">
    <fs>
      <f name="string" value="for"/>
      <f name="msd" value="IN"/>
      <f name="base" value="for"/>
    </fs>
  </a>
  <node xml:id="penn-n266">
    <link targets="seg-r459"/>
  </node>
  <a xml:id="penn-N70783" label="tok" ref="penn-n266" as="anc">
    <fs>
      <f name="string" value="your"/>
      <f name="msd" value="PRP$"/>
      <f name="base" value="your"/>
    </fs>
  </a>
  <node xml:id="penn-n267">
    <link targets="seg-r461"/>
  </node>
  <a xml:id="penn-N70811" label="tok" ref="penn-n267" as="anc">
    <fs>
      <f name="string" value="cooperation"/>
      <f name="msd" value="NN"/>
      <f name="base" value="cooperation"/>
    </fs>
  </a>
  <node xml:id="penn-n268">
    <link targets="seg-r462"/>
  </node>
  <a xml:id="penn-N70839" label="tok" ref="penn-n268" as="anc">
    <fs>
      <f name="string" value="."/>
      <f name="msd" value="."/>
      <f name="base" value="."/>
    </fs>
  </a>
  <node xml:id="penn-n269">
    <link targets="seg-r464"/>
  </node>
  <a xml:id="penn-N70867" label="tok" ref="penn-n269" as="anc">
    <fs>
      <f name="string" value="|"/>
      <f name="msd" value="NN"/>
      <f name="base" value="|"/>
    </fs>
  </a>
  <node xml:id="penn-n27">
    <link targets="seg-r43"/>
  </node>
  <a xml:id="penn-N70895" label="tok" ref="penn-n27" as="anc">
    <fs>
      <f name="string" value=":"/>
      <f name="msd" value=":"/>
      <f name="base" value=":"/>
    </fs>
  </a>
  <node xml:id="penn-n270">
    <link targets="seg-r466"/>
  </node>
  <a xml:id="penn-N70923" label="tok" ref="penn-n270" as="anc">
    <fs>
      <f name="string" value="+"/>
      <f name="msd" value="NN"/>
      <f name="base" value="+"/>
    </fs>
  </a>
  <node xml:id="penn-n271">
    <link targets="seg-r467"/>
  </node>
  <a xml:id="penn-N70951" label="tok" ref="penn-n271" as="anc">
    <fs>
      <f name="string" value="-------------------------------------------------------------"/>
      <f name="msd" value="SYM"/>
    </fs>
  </a>
  <node xml:id="penn-n272">
    <link targets="seg-r468"/>
  </node>
  <a xml:id="penn-N70975" label="tok" ref="penn-n272" as="anc">
    <fs>
      <f name="string" value="+"/>
      <f name="msd" value="NN"/>
      <f name="base" value="+"/>
    </fs>
  </a>
  <node xml:id="penn-n273">
    <link targets="seg-r470"/>
  </node>
  <a xml:id="penn-N71003" label="tok" ref="penn-n273" as="anc">
    <fs>
      <f name="string" value="-"/>
      <f name="msd" value=":"/>
      <f name="base" value="-"/>
    </fs>
  </a>
  <node xml:id="penn-n274">
    <link targets="seg-r472"/>
  </node>
  <a xml:id="penn-N71035" label="tok" ref="penn-n274" as="anc">
    <fs>
      <f name="base" value="10209"/>
      <f name="string" value="10209"/>
      <f name="msd" value="CD"/>
    </fs>
  </a>
  <node xml:id="penn-n275">
    <link targets="seg-r474"/>
  </node>
  <a xml:id="penn-N71063" label="tok" ref="penn-n275" as="anc">
    <fs>
      <f name="string" value="zxd414.ppt"/>
      <f name="msd" value="NN"/>
      <f name="base" value="zxd414.ppt"/>
    </fs>
  </a>
  <node xml:id="penn-n28">
    <link targets="seg-r45"/>
  </node>
  <a xml:id="penn-N71091" label="tok" ref="penn-n28" as="anc">
    <fs>
      <f name="string" value="text"/>
      <f name="msd" value="NN"/>
      <f name="base" value="text"/>
    </fs>
  </a>
  <node xml:id="penn-n29">
    <link targets="seg-r46"/>
  </node>
  <a xml:id="penn-N71119" label="tok" ref="penn-n29" as="anc">
    <fs>
      <f name="string" value="/"/>
      <f name="msd" value="NN"/>
      <f name="base" value="/"/>
    </fs>
  </a>
  <node xml:id="penn-n3">
    <link targets="seg-r4"/>
  </node>
  <a xml:id="penn-N71147" label="tok" ref="penn-n3" as="anc">
    <fs>
      <f name="string" value=","/>
      <f name="msd" value=","/>
      <f name="base" value=","/>
    </fs>
  </a>
  <node xml:id="penn-n30">
    <link targets="seg-r47"/>
  </node>
  <a xml:id="penn-N71175" label="tok" ref="penn-n30" as="anc">
    <fs>
      <f name="string" value="plain"/>
      <f name="msd" value="JJ"/>
      <f name="base" value="plain"/>
    </fs>
  </a>
  <node xml:id="penn-n31">
    <link targets="seg-r48"/>
  </node>
  <a xml:id="penn-N71203" label="tok" ref="penn-n31" as="anc">
    <fs>
      <f name="string" value=";"/>
      <f name="msd" value=":"/>
      <f name="base" value=";"/>
    </fs>
  </a>
  <node xml:id="penn-n32">
    <link targets="seg-r50"/>
  </node>
  <a xml:id="penn-N71231" label="tok" ref="penn-n32" as="anc">
    <fs>
      <f name="string" value="charset"/>
      <f name="msd" value="NN"/>
      <f name="base" value="charset"/>
    </fs>
  </a>
  <node xml:id="penn-n33">
    <link targets="seg-r51"/>
  </node>
  <a xml:id="penn-N71259" label="tok" ref="penn-n33" as="anc">
    <fs>
      <f name="string" value="="/>
      <f name="msd" value="SYM"/>
      <f name="base" value="="/>
    </fs>
  </a>
  <node xml:id="penn-n34">
    <link targets="seg-r52"/>
  </node>
  <a xml:id="penn-N71287" label="tok" ref="penn-n34" as="anc">
    <fs>
      <f name="string" value="us-ascii"/>
      <f name="msd" value="JJ"/>
      <f name="base" value="us-ascius"/>
    </fs>
  </a>
  <node xml:id="penn-n35">
    <link targets="seg-r54"/>
  </node>
  <a xml:id="penn-N71315" label="tok" ref="penn-n35" as="anc">
    <fs>
      <f name="string" value="Content-"/>
      <f name="msd" value="NNP"/>
      <f name="base" value="content-"/>
    </fs>
  </a>
  <node xml:id="penn-n36">
    <link targets="seg-r55"/>
  </node>
  <a xml:id="penn-N71343" label="tok" ref="penn-n36" as="anc">
    <fs>
      <f name="string" value="Transfer-"/>
      <f name="msd" value="NNP"/>
      <f name="base" value="transfer-"/>
    </fs>
  </a>
  <node xml:id="penn-n37">
    <link targets="seg-r56"/>
  </node>
  <a xml:id="penn-N71371" label="tok" ref="penn-n37" as="anc">
    <fs>
      <f name="string" value="Encoding"/>
      <f name="msd" value="NNP"/>
      <f name="base" value="encode"/>
    </fs>
  </a>
  <node xml:id="penn-n38">
    <link targets="seg-r57"/>
  </node>
  <a xml:id="penn-N71399" label="tok" ref="penn-n38" as="anc">
    <fs>
      <f name="string" value=":"/>
      <f name="msd" value=":"/>
      <f name="base" value=":"/>
    </fs>
  </a>
  <node xml:id="penn-n39">
    <link targets="seg-r59"/>
  </node>
  <a xml:id="penn-N71427" label="tok" ref="penn-n39" as="anc">
    <fs>
      <f name="base" value="7"/>
      <f name="string" value="7"/>
      <f name="msd" value="CD"/>
    </fs>
  </a>
  <node xml:id="penn-n4">
    <link targets="seg-r6"/>
  </node>
  <a xml:id="penn-N71455" label="tok" ref="penn-n4" as="anc">
    <fs>
      <f name="base" value="2"/>
      <f name="string" value="2"/>
      <f name="msd" value="CD"/>
    </fs>
  </a>
  <node xml:id="penn-n40">
    <link targets="seg-r60"/>
  </node>
  <a xml:id="penn-N71483" label="tok" ref="penn-n40" as="anc">
    <fs>
      <f name="string" value="bit"/>
      <f name="msd" value="NN"/>
      <f name="base" value="bite"/>
    </fs>
  </a>
  <node xml:id="penn-n41">
    <link targets="seg-r62"/>
  </node>
  <a xml:id="penn-N71511" label="tok" ref="penn-n41" as="anc">
    <fs>
      <f name="string" value="X-From"/>
      <f name="msd" value="NNP"/>
      <f name="base" value="x-from"/>
    </fs>
  </a>
  <node xml:id="penn-n42">
    <link targets="seg-r63"/>
  </node>
  <a xml:id="penn-N71539" label="tok" ref="penn-n42" as="anc">
    <fs>
      <f name="string" value=":"/>
      <f name="msd" value=":"/>
      <f name="base" value=":"/>
    </fs>
  </a>
  <node xml:id="penn-n43">
    <link targets="seg-r65"/>
  </node>
  <a xml:id="penn-N71567" label="tok" ref="penn-n43" as="anc">
    <fs>
      <f name="string" value="Steven"/>
      <f name="msd" value="NNP"/>
      <f name="base" value="steven"/>
    </fs>
  </a>
  <node xml:id="penn-n44">
    <link targets="seg-r67"/>
  </node>
  <a xml:id="penn-N71595" label="tok" ref="penn-n44" as="anc">
    <fs>
      <f name="string" value="J"/>
      <f name="msd" value="NNP"/>
      <f name="base" value="j"/>
    </fs>
  </a>
  <node xml:id="penn-n45">
    <link targets="seg-r69"/>
  </node>
  <a xml:id="penn-N71623" label="tok" ref="penn-n45" as="anc">
    <fs>
      <f name="string" value="Kean"/>
      <f name="msd" value="NNP"/>
      <f name="base" value="kean"/>
    </fs>
  </a>
  <node xml:id="penn-n46">
    <link targets="seg-r71"/>
  </node>
  <a xml:id="penn-N71651" label="tok" ref="penn-n46" as="anc">
    <fs>
      <f name="string" value="X-To"/>
      <f name="msd" value="NNP"/>
      <f name="base" value="x-to"/>
    </fs>
  </a>
  <node xml:id="penn-n47">
    <link targets="seg-r72"/>
  </node>
  <a xml:id="penn-N71679" label="tok" ref="penn-n47" as="anc">
    <fs>
      <f name="string" value=":"/>
      <f name="msd" value=":"/>
      <f name="base" value=":"/>
    </fs>
  </a>
  <node xml:id="penn-n48">
    <link targets="seg-r74"/>
  </node>
  <a xml:id="penn-N71707" label="tok" ref="penn-n48" as="anc">
    <fs>
      <f name="string" value="X-cc"/>
      <f name="base" value="x-cc"/>
      <f name="msd" value="NNP"/>
    </fs>
  </a>
  <node xml:id="penn-n49">
    <link targets="seg-r75"/>
  </node>
  <a xml:id="penn-N71735" label="tok" ref="penn-n49" as="anc">
    <fs>
      <f name="string" value=":"/>
      <f name="msd" value=":"/>
      <f name="base" value=":"/>
    </fs>
  </a>
  <node xml:id="penn-n5">
    <link targets="seg-r8"/>
  </node>
  <a xml:id="penn-N71763" label="tok" ref="penn-n5" as="anc">
    <fs>
      <f name="string" value="Mar"/>
      <f name="msd" value="NNP"/>
      <f name="base" value="mar"/>
    </fs>
  </a>
  <node xml:id="penn-n50">
    <link targets="seg-r77"/>
  </node>
  <a xml:id="penn-N71791" label="tok" ref="penn-n50" as="anc">
    <fs>
      <f name="string" value="X-bcc"/>
      <f name="base" value="x-bcc"/>
      <f name="msd" value="NNP"/>
    </fs>
  </a>
  <node xml:id="penn-n51">
    <link targets="seg-r78"/>
  </node>
  <a xml:id="penn-N71819" label="tok" ref="penn-n51" as="anc">
    <fs>
      <f name="string" value=":"/>
      <f name="msd" value=":"/>
      <f name="base" value=":"/>
    </fs>
  </a>
  <node xml:id="penn-n52">
    <link targets="seg-r80"/>
  </node>
  <a xml:id="penn-N71847" label="tok" ref="penn-n52" as="anc">
    <fs>
      <f name="string" value="X-Folder"/>
      <f name="msd" value="NNP"/>
      <f name="base" value="x-folder"/>
    </fs>
  </a>
  <node xml:id="penn-n53">
    <link targets="seg-r81"/>
  </node>
  <a xml:id="penn-N71875" label="tok" ref="penn-n53" as="anc">
    <fs>
      <f name="string" value=":"/>
      <f name="msd" value=":"/>
      <f name="base" value=":"/>
    </fs>
  </a>
  <node xml:id="penn-n54">
    <link targets="seg-r83"/>
  </node>
  <a xml:id="penn-N71903" label="tok" ref="penn-n54" as="anc">
    <fs>
      <f name="string" value="\"/>
      <f name="msd" value="NN"/>
      <f name="base" value="\"/>
    </fs>
  </a>
  <node xml:id="penn-n55">
    <link targets="seg-r84"/>
  </node>
  <a xml:id="penn-N71931" label="tok" ref="penn-n55" as="anc">
    <fs>
      <f name="string" value="Steven"/>
      <f name="msd" value="NNP"/>
      <f name="base" value="steven"/>
    </fs>
  </a>
  <node xml:id="penn-n56">
    <link targets="seg-r85"/>
  </node>
  <a xml:id="penn-N71959" label="tok" ref="penn-n56" as="anc">
    <fs>
      <f name="string" value="_"/>
      <f name="msd" value="NN"/>
      <f name="base" value="_"/>
    </fs>
  </a>
  <node xml:id="penn-n57">
    <link targets="seg-r86"/>
  </node>
  <a xml:id="penn-N71987" label="tok" ref="penn-n57" as="anc">
    <fs>
      <f name="string" value="Kean"/>
      <f name="msd" value="NNP"/>
      <f name="base" value="kean"/>
    </fs>
  </a>
  <node xml:id="penn-n58">
    <link targets="seg-r87"/>
  </node>
  <a xml:id="penn-N72015" label="tok" ref="penn-n58" as="anc">
    <fs>
      <f name="string" value="_"/>
      <f name="msd" value="NN"/>
      <f name="base" value="_"/>
    </fs>
  </a>
  <node xml:id="penn-n59">
    <link targets="seg-r88"/>
  </node>
  <a xml:id="penn-N72043" label="tok" ref="penn-n59" as="anc">
    <fs>
      <f name="string" value="June"/>
      <f name="msd" value="NNP"/>
      <f name="base" value="june"/>
    </fs>
  </a>
  <node xml:id="penn-n6">
    <link targets="seg-r10"/>
  </node>
  <a xml:id="penn-N72071" label="tok" ref="penn-n6" as="anc">
    <fs>
      <f name="base" value="2001"/>
      <f name="string" value="2001"/>
      <f name="msd" value="CD"/>
    </fs>
  </a>
  <node xml:id="penn-n60">
    <link targets="seg-r89"/>
  </node>
  <a xml:id="penn-N72099" label="tok" ref="penn-n60" as="anc">
    <fs>
      <f name="base" value="2001"/>
      <f name="string" value="2001"/>
      <f name="msd" value="CD"/>
    </fs>
  </a>
  <node xml:id="penn-n61">
    <link targets="seg-r90"/>
  </node>
  <a xml:id="penn-N72127" label="tok" ref="penn-n61" as="anc">
    <fs>
      <f name="string" value="_"/>
      <f name="msd" value="NN"/>
      <f name="base" value="_"/>
    </fs>
  </a>
  <node xml:id="penn-n62">
    <link targets="seg-r91"/>
  </node>
  <a xml:id="penn-N72155" label="tok" ref="penn-n62" as="anc">
    <fs>
      <f name="base" value="1"/>
      <f name="string" value="1"/>
      <f name="msd" value="CD"/>
    </fs>
  </a>
  <node xml:id="penn-n63">
    <link targets="seg-r92"/>
  </node>
  <a xml:id="penn-N72183" label="tok" ref="penn-n63" as="anc">
    <fs>
      <f name="string" value="\"/>
      <f name="msd" value="NN"/>
      <f name="base" value="\"/>
    </fs>
  </a>
  <node xml:id="penn-n64">
    <link targets="seg-r93"/>
  </node>
  <a xml:id="penn-N72211" label="tok" ref="penn-n64" as="anc">
    <fs>
      <f name="string" value="Notes"/>
      <f name="msd" value="NNP"/>
      <f name="base" value="note"/>
    </fs>
  </a>
  <node xml:id="penn-n65">
    <link targets="seg-r95"/>
  </node>
  <a xml:id="penn-N72239" label="tok" ref="penn-n65" as="anc">
    <fs>
      <f name="string" value="Folders"/>
      <f name="msd" value="NNP"/>
      <f name="base" value="folder"/>
    </fs>
  </a>
  <node xml:id="penn-n66">
    <link targets="seg-r96"/>
  </node>
  <a xml:id="penn-N72267" label="tok" ref="penn-n66" as="anc">
    <fs>
      <f name="string" value="\"/>
      <f name="msd" value="NN"/>
      <f name="base" value="\"/>
    </fs>
  </a>
  <node xml:id="penn-n67">
    <link targets="seg-r97"/>
  </node>
  <a xml:id="penn-N72295" label="tok" ref="penn-n67" as="anc">
    <fs>
      <f name="string" value="All"/>
      <f name="msd" value="DT"/>
      <f name="base" value="all"/>
    </fs>
  </a>
  <node xml:id="penn-n68">
    <link targets="seg-r99"/>
  </node>
  <a xml:id="penn-N72323" label="tok" ref="penn-n68" as="anc">
    <fs>
      <f name="string" value="documents"/>
      <f name="msd" value="NNS"/>
      <f name="base" value="document"/>
    </fs>
  </a>
  <node xml:id="penn-n69">
    <link targets="seg-r101"/>
  </node>
  <a xml:id="penn-N72351" label="tok" ref="penn-n69" as="anc">
    <fs>
      <f name="string" value="X-Origin"/>
      <f name="msd" value="NNP"/>
      <f name="base" value="x-origin"/>
    </fs>
  </a>
  <node xml:id="penn-n7">
    <link targets="seg-r12"/>
  </node>
  <a xml:id="penn-N72379" label="tok" ref="penn-n7" as="anc">
    <fs>
      <f name="msd" value="NN"/>
      <f name="string" value="04:27:00"/>
      <f name="base" value="04:27:00"/>
    </fs>
  </a>
  <node xml:id="penn-n70">
    <link targets="seg-r102"/>
  </node>
  <a xml:id="penn-N72407" label="tok" ref="penn-n70" as="anc">
    <fs>
      <f name="string" value=":"/>
      <f name="msd" value=":"/>
      <f name="base" value=":"/>
    </fs>
  </a>
  <node xml:id="penn-n71">
    <link targets="seg-r104"/>
  </node>
  <a xml:id="penn-N72435" label="tok" ref="penn-n71" as="anc">
    <fs>
      <f name="string" value="KEAN-S"/>
      <f name="msd" value="NNP"/>
      <f name="base" value="kean-"/>
    </fs>
  </a>
  <node xml:id="penn-n72">
    <link targets="seg-r106"/>
  </node>
  <a xml:id="penn-N72463" label="tok" ref="penn-n72" as="anc">
    <fs>
      <f name="string" value="X-FileName"/>
      <f name="msd" value="NNP"/>
      <f name="base" value="x-filename"/>
    </fs>
  </a>
  <node xml:id="penn-n73">
    <link targets="seg-r107"/>
  </node>
  <a xml:id="penn-N72491" label="tok" ref="penn-n73" as="anc">
    <fs>
      <f name="string" value=":"/>
      <f name="msd" value=":"/>
      <f name="base" value=":"/>
    </fs>
  </a>
  <node xml:id="penn-n74">
    <link targets="seg-r109"/>
  </node>
  <a xml:id="penn-N72519" label="tok" ref="penn-n74" as="anc">
    <fs>
      <f name="string" value="skean"/>
      <f name="msd" value="NN"/>
      <f name="base" value="skean"/>
    </fs>
  </a>
  <node xml:id="penn-n75">
    <link targets="seg-r110"/>
  </node>
  <a xml:id="penn-N72547" label="tok" ref="penn-n75" as="anc">
    <fs>
      <f name="string" value="."/>
      <f name="msd" value="."/>
      <f name="base" value="."/>
    </fs>
  </a>
  <node xml:id="penn-n76">
    <link targets="seg-r111"/>
  </node>
  <a xml:id="penn-N72575" label="tok" ref="penn-n76" as="anc">
    <fs>
      <f name="string" value="nsf"/>
      <f name="msd" value="NN"/>
      <f name="base" value="nsf"/>
    </fs>
  </a>
  <node xml:id="penn-n77">
    <link targets="seg-r113"/>
  </node>
  <a xml:id="penn-N72603" label="tok" ref="penn-n77" as="anc">
    <fs>
      <f name="string" value="-----"/>
      <f name="msd" value="SYM"/>
    </fs>
  </a>
  <node xml:id="penn-n78">
    <link targets="seg-r115"/>
  </node>
  <a xml:id="penn-N72627" label="tok" ref="penn-n78" as="anc">
    <fs>
      <f name="string" value="Forwarded"/>
      <f name="msd" value="NNP"/>
      <f name="base" value="forward"/>
    </fs>
  </a>
  <node xml:id="penn-n79">
    <link targets="seg-r117"/>
  </node>
  <a xml:id="penn-N72655" label="tok" ref="penn-n79" as="anc">
    <fs>
      <f name="string" value="by"/>
      <f name="msd" value="IN"/>
      <f name="base" value="by"/>
    </fs>
  </a>
  <node xml:id="penn-n8">
    <link targets="seg-r14"/>
  </node>
  <a xml:id="penn-N72683" label="tok" ref="penn-n8" as="anc">
    <fs>
      <f name="string" value="-"/>
      <f name="msd" value=":"/>
      <f name="base" value="-"/>
    </fs>
  </a>
  <node xml:id="penn-n80">
    <link targets="seg-r119"/>
  </node>
  <a xml:id="penn-N72715" label="tok" ref="penn-n80" as="anc">
    <fs>
      <f name="string" value="Steven"/>
      <f name="msd" value="NNP"/>
      <f name="base" value="steven"/>
    </fs>
  </a>
  <node xml:id="penn-n81">
    <link targets="seg-r121"/>
  </node>
  <a xml:id="penn-N72743" label="tok" ref="penn-n81" as="anc">
    <fs>
      <f name="string" value="J"/>
      <f name="msd" value="NNP"/>
      <f name="base" value="j"/>
    </fs>
  </a>
  <node xml:id="penn-n82">
    <link targets="seg-r123"/>
  </node>
  <a xml:id="penn-N72771" label="tok" ref="penn-n82" as="anc">
    <fs>
      <f name="string" value="Kean"/>
      <f name="msd" value="NNP"/>
      <f name="base" value="kean"/>
    </fs>
  </a>
  <node xml:id="penn-n83">
    <link targets="seg-r124"/>
  </node>
  <a xml:id="penn-N72799" label="tok" ref="penn-n83" as="anc">
    <fs>
      <f name="string" value="/"/>
      <f name="msd" value="NN"/>
      <f name="base" value="/"/>
    </fs>
  </a>
  <node xml:id="penn-n84">
    <link targets="seg-r125"/>
  </node>
  <a xml:id="penn-N72827" label="tok" ref="penn-n84" as="anc">
    <fs>
      <f name="string" value="NA"/>
      <f name="msd" value="NNP"/>
      <f name="base" value="na"/>
    </fs>
  </a>
  <node xml:id="penn-n85">
    <link targets="seg-r126"/>
  </node>
  <a xml:id="penn-N72855" label="tok" ref="penn-n85" as="anc">
    <fs>
      <f name="string" value="/"/>
      <f name="msd" value="NN"/>
      <f name="base" value="/"/>
    </fs>
  </a>
  <node xml:id="penn-n86">
    <link targets="seg-r127"/>
  </node>
  <a xml:id="penn-N72883" label="tok" ref="penn-n86" as="anc">
    <fs>
      <f name="string" value="Enron"/>
      <f name="msd" value="NNP"/>
      <f name="base" value="enron"/>
    </fs>
  </a>
  <node xml:id="penn-n87">
    <link targets="seg-r129"/>
  </node>
  <a xml:id="penn-N72911" label="tok" ref="penn-n87" as="anc">
    <fs>
      <f name="string" value="on"/>
      <f name="msd" value="IN"/>
      <f name="base" value="on"/>
    </fs>
  </a>
  <node xml:id="penn-n88">
    <link targets="seg-r131"/>
  </node>
  <a xml:id="penn-N72939" label="tok" ref="penn-n88" as="anc">
    <fs>
      <f name="base" value="03/02/2001"/>
      <f name="string" value="03/02/2001"/>
      <f name="msd" value="CD"/>
    </fs>
  </a>
  <node xml:id="penn-n89">
    <link targets="seg-r133"/>
  </node>
  <a xml:id="penn-N72967" label="tok" ref="penn-n89" as="anc">
    <fs>
      <f name="base" value="12:27"/>
      <f name="string" value="12:27"/>
      <f name="msd" value="NN"/>
    </fs>
  </a>
  <node xml:id="penn-n9">
    <link targets="seg-r15"/>
  </node>
  <a xml:id="penn-N72995" label="tok" ref="penn-n9" as="anc">
    <fs>
      <f name="base" value="0800"/>
      <f name="string" value="0800"/>
      <f name="msd" value="CD"/>
    </fs>
  </a>
  <node xml:id="penn-n90">
    <link targets="seg-r135"/>
  </node>
  <a xml:id="penn-N73023" label="tok" ref="penn-n90" as="anc">
    <fs>
      <f name="string" value="PM"/>
      <f name="msd" value="NNP"/>
      <f name="base" value="pm"/>
    </fs>
  </a>
  <node xml:id="penn-n91">
    <link targets="seg-r137"/>
  </node>
  <a xml:id="penn-N73051" label="tok" ref="penn-n91" as="anc">
    <fs>
      <f name="string" value="-----"/>
      <f name="msd" value="SYM"/>
    </fs>
  </a>
  <node xml:id="penn-n92">
    <link targets="seg-r139"/>
  </node>
  <a xml:id="penn-N73075" label="tok" ref="penn-n92" as="anc">
    <fs>
      <f name="string" value="Suzanne"/>
      <f name="msd" value="NNP"/>
      <f name="base" value="suzanne"/>
    </fs>
  </a>
  <node xml:id="penn-n93">
    <link targets="seg-r140"/>
  </node>
  <a xml:id="penn-N73103" label="tok" ref="penn-n93" as="anc">
    <fs>
      <f name="string" value="_"/>
      <f name="msd" value="NN"/>
      <f name="base" value="_"/>
    </fs>
  </a>
  <node xml:id="penn-n94">
    <link targets="seg-r141"/>
  </node>
  <a xml:id="penn-N73131" label="tok" ref="penn-n94" as="anc">
    <fs>
      <f name="msd" value="NN"/>
      <f name="string" value="Nimocks@mckinsey.com"/>
    </fs>
  </a>
  <node xml:id="penn-n95">
    <link targets="seg-r143"/>
  </node>
  <a xml:id="penn-N73155" label="tok" ref="penn-n95" as="anc">
    <fs>
      <f name="string" value="Sent"/>
      <f name="msd" value="NNP"/>
      <f name="base" value="send"/>
    </fs>
  </a>
  <node xml:id="penn-n96">
    <link targets="seg-r145"/>
  </node>
  <a xml:id="penn-N73183" label="tok" ref="penn-n96" as="anc">
    <fs>
      <f name="string" value="by"/>
      <f name="msd" value="IN"/>
      <f name="base" value="by"/>
    </fs>
  </a>
  <node xml:id="penn-n97">
    <link targets="seg-r146"/>
  </node>
  <a xml:id="penn-N73211" label="tok" ref="penn-n97" as="anc">
    <fs>
      <f name="string" value=":"/>
      <f name="msd" value=":"/>
      <f name="base" value=":"/>
    </fs>
  </a>
  <node xml:id="penn-n98">
    <link targets="seg-r148"/>
  </node>
  <a xml:id="penn-N73239" label="tok" ref="penn-n98" as="anc">
    <fs>
      <f name="msd" value="NN"/>
      <f name="string" value="Carol_Benter@mckinsey.com"/>
    </fs>
  </a>
  <node xml:id="penn-n99">
    <link targets="seg-r150"/>
  </node>
  <a xml:id="penn-N73263" label="tok" ref="penn-n99" as="anc">
    <fs>
      <f name="base" value="03/02/2001"/>
      <f name="string" value="03/02/2001"/>
      <f name="msd" value="CD"/>
    </fs>
  </a>
</graph>
