<graph xmlns="http://www.xces.org/ns/GrAF/1.0/" xmlns:graf="http://www.xces.org/ns/GrAF/1.0/">
  <graphHeader>
    <labelsDecl>
      <labelUsage label="vchunk" occurs="11"/>
    </labelsDecl>
    <dependencies>
      <dependsOn f.id="f.penn"/>
    </dependencies>
    <annotationSpaces>
      <annotationSpace as.id="anc"/>
    </annotationSpaces>
  </graphHeader>
  <node xml:id="vc-n0"/>
  <a xml:id="vc-N65567" label="vchunk" ref="vc-n0" as="anc">
    <fs>
      <f name="type" value="FVG"/>
      <f name="tense" value="SimPas"/>
      <f name="voice" value="active"/>
    </fs>
  </a>
  <node xml:id="vc-n1"/>
  <a xml:id="vc-N65591" label="vchunk" ref="vc-n1" as="anc">
    <fs>
      <f name="type" value="NFVG"/>
      <f name="tense" value="Inf"/>
      <f name="voice" value="active"/>
    </fs>
  </a>
  <node xml:id="vc-n10"/>
  <a xml:id="vc-N65615" label="vchunk" ref="vc-n10" as="anc">
    <fs>
      <f name="type" value="FVG"/>
      <f name="tense" value="SimPre"/>
      <f name="voice" value="active"/>
      <f name="neg" value="yes"/>
    </fs>
  </a>
  <node xml:id="vc-n2"/>
  <a xml:id="vc-N65643" label="vchunk" ref="vc-n2" as="anc">
    <fs>
      <f name="type" value="FVG"/>
      <f name="tense" value="SimPre"/>
      <f name="voice" value="active"/>
    </fs>
  </a>
  <node xml:id="vc-n3"/>
  <a xml:id="vc-N65667" label="vchunk" ref="vc-n3" as="anc">
    <fs>
      <f name="type" value="FVG"/>
      <f name="tense" value="SimPre"/>
      <f name="voice" value="active"/>
    </fs>
  </a>
  <node xml:id="vc-n4"/>
  <a xml:id="vc-N65691" label="vchunk" ref="vc-n4" as="anc">
    <fs>
      <f name="type" value="FVG"/>
      <f name="tense" value="SimPre"/>
      <f name="voice" value="passive"/>
    </fs>
  </a>
  <node xml:id="vc-n5"/>
  <a xml:id="vc-N65715" label="vchunk" ref="vc-n5" as="anc">
    <fs>
      <f name="type" value="NFVG"/>
      <f name="tense" value="Inf"/>
      <f name="voice" value="active"/>
    </fs>
  </a>
  <node xml:id="vc-n6"/>
  <a xml:id="vc-N65739" label="vchunk" ref="vc-n6" as="anc">
    <fs>
      <f name="type" value="PART"/>
      <f name="tense" value="Pas"/>
      <f name="voice" value="none"/>
    </fs>
  </a>
  <node xml:id="vc-n7"/>
  <a xml:id="vc-N65763" label="vchunk" ref="vc-n7" as="anc">
    <fs>
      <f name="type" value="NFVG"/>
      <f name="tense" value="Inf"/>
      <f name="voice" value="active"/>
    </fs>
  </a>
  <node xml:id="vc-n8"/>
  <a xml:id="vc-N65787" label="vchunk" ref="vc-n8" as="anc">
    <fs>
      <f name="type" value="NFVG"/>
      <f name="tense" value="Inf"/>
      <f name="voice" value="active"/>
    </fs>
  </a>
  <node xml:id="vc-n9"/>
  <a xml:id="vc-N65811" label="vchunk" ref="vc-n9" as="anc">
    <fs>
      <f name="type" value="NFVG"/>
      <f name="tense" value="Inf"/>
      <f name="voice" value="active"/>
    </fs>
  </a>
  <edge xml:id="vc-lnk16" from="vc-n10" to="penn-n316"/>
  <edge xml:id="vc-lnk15" from="vc-n10" to="penn-n315"/>
  <edge xml:id="vc-lnk14" from="vc-n10" to="penn-n314"/>
  <edge xml:id="vc-lnk13" from="vc-n9" to="penn-n311"/>
  <edge xml:id="vc-lnk12" from="vc-n8" to="penn-n303"/>
  <edge xml:id="vc-lnk11" from="vc-n8" to="penn-n302"/>
  <edge xml:id="vc-lnk10" from="vc-n7" to="penn-n301"/>
  <edge xml:id="vc-lnk9" from="vc-n6" to="penn-n276"/>
  <edge xml:id="vc-lnk8" from="vc-n5" to="penn-n275"/>
  <edge xml:id="vc-lnk7" from="vc-n5" to="penn-n274"/>
  <edge xml:id="vc-lnk6" from="vc-n4" to="penn-n273"/>
  <edge xml:id="vc-lnk5" from="vc-n4" to="penn-n272"/>
  <edge xml:id="vc-lnk4" from="vc-n3" to="penn-n266"/>
  <edge xml:id="vc-lnk3" from="vc-n2" to="penn-n255"/>
  <edge xml:id="vc-lnk2" from="vc-n1" to="penn-n248"/>
  <edge xml:id="vc-lnk1" from="vc-n1" to="penn-n247"/>
  <edge xml:id="vc-lnk0" from="vc-n0" to="penn-n236"/>
</graph>
