<graph xmlns="http://www.xces.org/ns/GrAF/1.0/" xmlns:graf="http://www.xces.org/ns/GrAF/1.0/">
  <graphHeader>
    <labelsDecl>
      <labelUsage label="person" occurs="3"/>
      <labelUsage label="location" occurs="3"/>
      <labelUsage label="org" occurs="1"/>
      <labelUsage label="date" occurs="4"/>
    </labelsDecl>
    <dependencies>
      <dependsOn f.id="f.penn"/>
    </dependencies>
    <annotationSpaces>
      <annotationSpace as.id="anc"/>
    </annotationSpaces>
  </graphHeader>
  <node xml:id="ne-n0"/>
  <a xml:id="ne-N65579" label="date" ref="ne-n0" as="anc">
    <fs>
      <f name="kind" value="dateTime"/>
      <f name="id" value="1701"/>
    </fs>
  </a>
  <node xml:id="ne-n1"/>
  <a xml:id="ne-N65599" label="location" ref="ne-n1" as="anc">
    <fs>
      <f name="type" value="province_state"/>
      <f name="id" value="1801"/>
    </fs>
  </a>
  <node xml:id="ne-n10"/>
  <a xml:id="ne-N65619" label="location" ref="ne-n10" as="anc">
    <fs>
      <f name="type" value="province_state"/>
      <f name="id" value="1803"/>
    </fs>
  </a>
  <node xml:id="ne-n2"/>
  <a xml:id="ne-N65639" label="person" ref="ne-n2" as="anc">
    <fs>
      <f name="id" value="390"/>
      <f name="sex" value="male"/>
    </fs>
  </a>
  <node xml:id="ne-n3"/>
  <a xml:id="ne-N65659" label="person" ref="ne-n3" as="anc">
    <fs>
      <f name="id" value="3348"/>
      <f name="sex" value="male"/>
    </fs>
  </a>
  <node xml:id="ne-n4"/>
  <a xml:id="ne-N65679" label="date" ref="ne-n4" as="anc">
    <fs>
      <f name="kind" value="date"/>
      <f name="id" value="333348"/>
    </fs>
  </a>
  <node xml:id="ne-n5"/>
  <a xml:id="ne-N65699" label="person" ref="ne-n5" as="anc">
    <fs>
      <f name="sex" value="male"/>
      <f name="id" value="3902"/>
    </fs>
  </a>
  <node xml:id="ne-n6"/>
  <a xml:id="ne-N65719" label="org" ref="ne-n6" as="anc">
    <fs>
      <f name="type" value="company"/>
      <f name="id" value="395"/>
    </fs>
  </a>
  <node xml:id="ne-n7"/>
  <a xml:id="ne-N65739" label="date" ref="ne-n7" as="anc">
    <fs>
      <f name="id" value="1702"/>
      <f name="kind" value="dateTime"/>
    </fs>
  </a>
  <node xml:id="ne-n8"/>
  <a xml:id="ne-N65759" label="date" ref="ne-n8" as="anc">
    <fs>
      <f name="kind" value="dateTime"/>
      <f name="id" value="1703"/>
    </fs>
  </a>
  <node xml:id="ne-n9"/>
  <a xml:id="ne-N65779" label="location" ref="ne-n9" as="anc">
    <fs>
      <f name="type" value="province_state"/>
      <f name="id" value="1802"/>
    </fs>
  </a>
  <edge xml:id="ne-lnk31" from="ne-n10" to="penn-n143"/>
  <edge xml:id="ne-lnk30" from="ne-n9" to="penn-n109"/>
  <edge xml:id="ne-lnk19" from="ne-n4" to="penn-n60"/>
  <edge xml:id="ne-lnk18" from="ne-n4" to="penn-n59"/>
  <edge xml:id="ne-lnk17" from="ne-n3" to="penn-n57"/>
  <edge xml:id="ne-lnk16" from="ne-n3" to="penn-n56"/>
  <edge xml:id="ne-lnk15" from="ne-n3" to="penn-n55"/>
  <edge xml:id="ne-lnk14" from="ne-n2" to="penn-n45"/>
  <edge xml:id="ne-lnk13" from="ne-n2" to="penn-n44"/>
  <edge xml:id="ne-lnk12" from="ne-n2" to="penn-n43"/>
  <edge xml:id="ne-lnk11" from="ne-n1" to="penn-n18"/>
  <edge xml:id="ne-lnk10" from="ne-n0" to="penn-n12"/>
  <edge xml:id="ne-lnk29" from="ne-n8" to="penn-n101"/>
  <edge xml:id="ne-lnk9" from="ne-n0" to="penn-n11"/>
  <edge xml:id="ne-lnk28" from="ne-n8" to="penn-n100"/>
  <edge xml:id="ne-lnk8" from="ne-n0" to="penn-n10"/>
  <edge xml:id="ne-lnk27" from="ne-n8" to="penn-n99"/>
  <edge xml:id="ne-lnk7" from="ne-n0" to="penn-n9"/>
  <edge xml:id="ne-lnk26" from="ne-n7" to="penn-n90"/>
  <edge xml:id="ne-lnk6" from="ne-n0" to="penn-n8"/>
  <edge xml:id="ne-lnk25" from="ne-n7" to="penn-n89"/>
  <edge xml:id="ne-lnk5" from="ne-n0" to="penn-n7"/>
  <edge xml:id="ne-lnk24" from="ne-n7" to="penn-n88"/>
  <edge xml:id="ne-lnk4" from="ne-n0" to="penn-n6"/>
  <edge xml:id="ne-lnk23" from="ne-n6" to="penn-n86"/>
  <edge xml:id="ne-lnk3" from="ne-n0" to="penn-n5"/>
  <edge xml:id="ne-lnk22" from="ne-n5" to="penn-n82"/>
  <edge xml:id="ne-lnk2" from="ne-n0" to="penn-n4"/>
  <edge xml:id="ne-lnk21" from="ne-n5" to="penn-n81"/>
  <edge xml:id="ne-lnk1" from="ne-n0" to="penn-n3"/>
  <edge xml:id="ne-lnk20" from="ne-n5" to="penn-n80"/>
  <edge xml:id="ne-lnk0" from="ne-n0" to="penn-n2"/>
</graph>
