<graph xmlns="http://www.xces.org/ns/GrAF/1.0/" xmlns:graf="http://www.xces.org/ns/GrAF/1.0/">
  <graphHeader>
    <labelsDecl>
      <labelUsage label="person" occurs="7"/>
      <labelUsage label="org" occurs="6"/>
      <labelUsage label="date" occurs="4"/>
    </labelsDecl>
    <dependencies>
      <dependsOn f.id="f.penn"/>
    </dependencies>
    <annotationSpaces>
      <annotationSpace as.id="anc"/>
    </annotationSpaces>
  </graphHeader>
  <node xml:id="ne-n0"/>
  <a xml:id="ne-N65575" label="date" ref="ne-n0" as="anc">
    <fs>
      <f name="id" value="1000"/>
      <f name="kind" value="dateTime"/>
    </fs>
  </a>
  <node xml:id="ne-n1"/>
  <a xml:id="ne-N65595" label="person" ref="ne-n1" as="anc">
    <fs>
      <f name="id" value="634"/>
      <f name="sex" value="male"/>
    </fs>
  </a>
  <node xml:id="ne-n10"/>
  <a xml:id="ne-N65615" label="org" ref="ne-n10" as="anc">
    <fs>
      <f name="id" value="1004"/>
      <f name="type" value="company"/>
    </fs>
  </a>
  <node xml:id="ne-n11"/>
  <a xml:id="ne-N65635" label="org" ref="ne-n11" as="anc">
    <fs>
      <f name="id" value="1005"/>
      <f name="type" value="company"/>
    </fs>
  </a>
  <node xml:id="ne-n12"/>
  <a xml:id="ne-N65655" label="org" ref="ne-n12" as="anc">
    <fs>
      <f name="id" value="644"/>
      <f name="person" value="third"/>
      <f name="case" value="nominative"/>
      <f name="number" value="singular"/>
      <f name="type" value="company"/>
    </fs>
  </a>
  <node xml:id="ne-n13"/>
  <a xml:id="ne-N65687" label="person" ref="ne-n13" as="anc">
    <fs>
      <f name="sex" value="male"/>
      <f name="person" value="third"/>
      <f name="id" value="645"/>
      <f name="number" value="singular"/>
      <f name="case" value="nominative"/>
    </fs>
  </a>
  <node xml:id="ne-n14"/>
  <a xml:id="ne-N65719" label="org" ref="ne-n14" as="anc">
    <fs>
      <f name="id" value="1009"/>
      <f name="type" value="company"/>
    </fs>
  </a>
  <node xml:id="ne-n15"/>
  <a xml:id="ne-N65739" label="person" ref="ne-n15" as="anc">
    <fs>
      <f name="id" value="1008"/>
      <f name="sex" value="male"/>
    </fs>
  </a>
  <node xml:id="ne-n16"/>
  <a xml:id="ne-N65759" label="org" ref="ne-n16" as="anc">
    <fs>
      <f name="id" value="647"/>
      <f name="person" value="third"/>
      <f name="case" value="nominative"/>
      <f name="type" value="company"/>
    </fs>
  </a>
  <node xml:id="ne-n2"/>
  <a xml:id="ne-N65787" label="person" ref="ne-n2" as="anc">
    <fs>
      <f name="id" value="635"/>
      <f name="sex" value="male"/>
    </fs>
  </a>
  <node xml:id="ne-n3"/>
  <a xml:id="ne-N65807" label="person" ref="ne-n3" as="anc">
    <fs>
      <f name="id" value="636"/>
      <f name="sex" value="male"/>
    </fs>
  </a>
  <node xml:id="ne-n4"/>
  <a xml:id="ne-N65827" label="date" ref="ne-n4" as="anc">
    <fs>
      <f name="kind" value="date"/>
      <f name="id" value="63699"/>
    </fs>
  </a>
  <node xml:id="ne-n5"/>
  <a xml:id="ne-N65847" label="person" ref="ne-n5" as="anc">
    <fs>
      <f name="sex" value="male"/>
      <f name="id" value="639"/>
    </fs>
  </a>
  <node xml:id="ne-n6"/>
  <a xml:id="ne-N65867" label="org" ref="ne-n6" as="anc">
    <fs>
      <f name="id" value="1001"/>
      <f name="type" value="company"/>
    </fs>
  </a>
  <node xml:id="ne-n7"/>
  <a xml:id="ne-N65887" label="date" ref="ne-n7" as="anc">
    <fs>
      <f name="id" value="1002"/>
      <f name="kind" value="dateTime"/>
    </fs>
  </a>
  <node xml:id="ne-n8"/>
  <a xml:id="ne-N65907" label="date" ref="ne-n8" as="anc">
    <fs>
      <f name="id" value="1003"/>
      <f name="kind" value="dateTime"/>
    </fs>
  </a>
  <node xml:id="ne-n9"/>
  <a xml:id="ne-N65927" label="person" ref="ne-n9" as="anc">
    <fs>
      <f name="sex" value="male"/>
      <f name="id" value="643"/>
    </fs>
  </a>
  <edge xml:id="ne-lnk39" from="ne-n13" to="penn-n152"/>
  <edge xml:id="ne-lnk38" from="ne-n12" to="penn-n142"/>
  <edge xml:id="ne-lnk37" from="ne-n12" to="penn-n141"/>
  <edge xml:id="ne-lnk36" from="ne-n12" to="penn-n140"/>
  <edge xml:id="ne-lnk35" from="ne-n11" to="penn-n114"/>
  <edge xml:id="ne-lnk34" from="ne-n10" to="penn-n112"/>
  <edge xml:id="ne-lnk33" from="ne-n9" to="penn-n108"/>
  <edge xml:id="ne-lnk32" from="ne-n9" to="penn-n107"/>
  <edge xml:id="ne-lnk31" from="ne-n9" to="penn-n106"/>
  <edge xml:id="ne-lnk30" from="ne-n8" to="penn-n103"/>
  <edge xml:id="ne-lnk9" from="ne-n0" to="penn-n11"/>
  <edge xml:id="ne-lnk8" from="ne-n0" to="penn-n10"/>
  <edge xml:id="ne-lnk7" from="ne-n0" to="penn-n9"/>
  <edge xml:id="ne-lnk6" from="ne-n0" to="penn-n8"/>
  <edge xml:id="ne-lnk5" from="ne-n0" to="penn-n7"/>
  <edge xml:id="ne-lnk4" from="ne-n0" to="penn-n6"/>
  <edge xml:id="ne-lnk3" from="ne-n0" to="penn-n5"/>
  <edge xml:id="ne-lnk2" from="ne-n0" to="penn-n4"/>
  <edge xml:id="ne-lnk1" from="ne-n0" to="penn-n3"/>
  <edge xml:id="ne-lnk0" from="ne-n0" to="penn-n2"/>
  <edge xml:id="ne-lnk29" from="ne-n8" to="penn-n102"/>
  <edge xml:id="ne-lnk28" from="ne-n8" to="penn-n101"/>
  <edge xml:id="ne-lnk27" from="ne-n7" to="penn-n97"/>
  <edge xml:id="ne-lnk26" from="ne-n7" to="penn-n96"/>
  <edge xml:id="ne-lnk25" from="ne-n7" to="penn-n95"/>
  <edge xml:id="ne-lnk24" from="ne-n6" to="penn-n93"/>
  <edge xml:id="ne-lnk23" from="ne-n5" to="penn-n89"/>
  <edge xml:id="ne-lnk22" from="ne-n5" to="penn-n88"/>
  <edge xml:id="ne-lnk21" from="ne-n5" to="penn-n87"/>
  <edge xml:id="ne-lnk20" from="ne-n4" to="penn-n67"/>
  <edge xml:id="ne-lnk19" from="ne-n4" to="penn-n66"/>
  <edge xml:id="ne-lnk18" from="ne-n3" to="penn-n64"/>
  <edge xml:id="ne-lnk17" from="ne-n3" to="penn-n63"/>
  <edge xml:id="ne-lnk16" from="ne-n3" to="penn-n62"/>
  <edge xml:id="ne-lnk47" from="ne-n16" to="penn-n436"/>
  <edge xml:id="ne-lnk15" from="ne-n2" to="penn-n54"/>
  <edge xml:id="ne-lnk46" from="ne-n16" to="penn-n435"/>
  <edge xml:id="ne-lnk14" from="ne-n2" to="penn-n53"/>
  <edge xml:id="ne-lnk45" from="ne-n16" to="penn-n434"/>
  <edge xml:id="ne-lnk13" from="ne-n1" to="penn-n50"/>
  <edge xml:id="ne-lnk44" from="ne-n16" to="penn-n433"/>
  <edge xml:id="ne-lnk12" from="ne-n1" to="penn-n49"/>
  <edge xml:id="ne-lnk43" from="ne-n15" to="penn-n428"/>
  <edge xml:id="ne-lnk11" from="ne-n1" to="penn-n48"/>
  <edge xml:id="ne-lnk42" from="ne-n15" to="penn-n427"/>
  <edge xml:id="ne-lnk10" from="ne-n0" to="penn-n12"/>
  <edge xml:id="ne-lnk41" from="ne-n14" to="penn-n344"/>
  <edge xml:id="ne-lnk40" from="ne-n14" to="penn-n343"/>
</graph>
