<?xml version="1.0" encoding="UTF-8"?><graph xmlns="http://www.xces.org/ns/GrAF/1.0/" xmlns:graf="http://www.xces.org/ns/GrAF/1.0/">
    <graphHeader>
        <labelsDecl>
        </labelsDecl>
    </graphHeader>
    <region xml:id="seg-r0" anchors="3 13"/>
    <region xml:id="seg-r1" anchors="13 14"/>
    <region xml:id="seg-r3" anchors="15 16"/>
    <region xml:id="seg-r4" anchors="16 58"/>
    <region xml:id="seg-r5" anchors="58 59"/>
    <region xml:id="seg-r7" anchors="60 64"/>
    <region xml:id="seg-r8" anchors="64 65"/>
    <region xml:id="seg-r10" anchors="66 69"/>
    <region xml:id="seg-r11" anchors="69 70"/>
    <region xml:id="seg-r13" anchors="71 72"/>
    <region xml:id="seg-r15" anchors="73 76"/>
    <region xml:id="seg-r17" anchors="77 81"/>
    <region xml:id="seg-r19" anchors="82 90"/>
    <region xml:id="seg-r21" anchors="91 92"/>
    <region xml:id="seg-r22" anchors="92 96"/>
    <region xml:id="seg-r24" anchors="97 98"/>
    <region xml:id="seg-r25" anchors="98 101"/>
    <region xml:id="seg-r26" anchors="101 102"/>
    <region xml:id="seg-r28" anchors="103 107"/>
    <region xml:id="seg-r29" anchors="107 108"/>
    <region xml:id="seg-r31" anchors="109 126"/>
    <region xml:id="seg-r33" anchors="127 129"/>
    <region xml:id="seg-r34" anchors="129 130"/>
    <region xml:id="seg-r36" anchors="131 156"/>
    <region xml:id="seg-r38" anchors="157 164"/>
    <region xml:id="seg-r39" anchors="164 165"/>
    <region xml:id="seg-r41" anchors="166 178"/>
    <region xml:id="seg-r43" anchors="179 188"/>
    <region xml:id="seg-r45" anchors="189 191"/>
    <region xml:id="seg-r46" anchors="191 192"/>
    <region xml:id="seg-r48" anchors="193 211"/>
    <region xml:id="seg-r50" anchors="212 217"/>
    <region xml:id="seg-r51" anchors="217 224"/>
    <region xml:id="seg-r52" anchors="224 225"/>
    <region xml:id="seg-r54" anchors="226 229"/>
    <region xml:id="seg-r56" anchors="230 238"/>
    <region xml:id="seg-r57" anchors="238 242"/>
    <region xml:id="seg-r58" anchors="242 243"/>
    <region xml:id="seg-r60" anchors="244 248"/>
    <region xml:id="seg-r61" anchors="248 249"/>
    <region xml:id="seg-r62" anchors="249 254"/>
    <region xml:id="seg-r63" anchors="254 255"/>
    <region xml:id="seg-r65" anchors="256 263"/>
    <region xml:id="seg-r66" anchors="263 264"/>
    <region xml:id="seg-r67" anchors="264 272"/>
    <region xml:id="seg-r69" anchors="273 281"/>
    <region xml:id="seg-r70" anchors="281 290"/>
    <region xml:id="seg-r71" anchors="290 298"/>
    <region xml:id="seg-r72" anchors="298 299"/>
    <region xml:id="seg-r74" anchors="300 301"/>
    <region xml:id="seg-r75" anchors="301 304"/>
    <region xml:id="seg-r77" anchors="305 308"/>
    <region xml:id="seg-r78" anchors="308 309"/>
    <region xml:id="seg-r80" anchors="310 328"/>
    <region xml:id="seg-r82" anchors="331 335"/>
    <region xml:id="seg-r84" anchors="336 343"/>
    <region xml:id="seg-r86" anchors="344 346"/>
    <region xml:id="seg-r88" anchors="347 349"/>
    <region xml:id="seg-r90" anchors="350 354"/>
    <region xml:id="seg-r92" anchors="355 360"/>
    <region xml:id="seg-r94" anchors="361 365"/>
    <region xml:id="seg-r96" anchors="366 373"/>
    <region xml:id="seg-r98" anchors="374 383"/>
    <region xml:id="seg-r100" anchors="384 387"/>
    <region xml:id="seg-r102" anchors="388 394"/>
    <region xml:id="seg-r104" anchors="395 397"/>
    <region xml:id="seg-r106" anchors="398 401"/>
    <region xml:id="seg-r108" anchors="402 417"/>
    <region xml:id="seg-r110" anchors="418 427"/>
    <region xml:id="seg-r112" anchors="428 430"/>
    <region xml:id="seg-r114" anchors="431 436"/>
    <region xml:id="seg-r116" anchors="437 439"/>
    <region xml:id="seg-r118" anchors="440 447"/>
    <region xml:id="seg-r120" anchors="448 459"/>
    <region xml:id="seg-r122" anchors="460 467"/>
    <region xml:id="seg-r124" anchors="468 471"/>
    <region xml:id="seg-r126" anchors="472 475"/>
    <region xml:id="seg-r128" anchors="476 485"/>
    <region xml:id="seg-r129" anchors="485 486"/>
    <region xml:id="seg-r131" anchors="488 496"/>
    <region xml:id="seg-r133" anchors="497 499"/>
    <region xml:id="seg-r135" anchors="500 503"/>
    <region xml:id="seg-r137" anchors="504 510"/>
    <region xml:id="seg-r139" anchors="511 516"/>
    <region xml:id="seg-r141" anchors="517 519"/>
    <region xml:id="seg-r143" anchors="520 523"/>
    <region xml:id="seg-r145" anchors="524 539"/>
    <region xml:id="seg-r147" anchors="540 549"/>
    <region xml:id="seg-r149" anchors="550 555"/>
    <region xml:id="seg-r151" anchors="556 559"/>
    <region xml:id="seg-r153" anchors="560 571"/>
    <region xml:id="seg-r155" anchors="572 574"/>
    <region xml:id="seg-r157" anchors="575 578"/>
    <region xml:id="seg-r159" anchors="579 581"/>
    <region xml:id="seg-r161" anchors="582 585"/>
    <region xml:id="seg-r163" anchors="586 588"/>
    <region xml:id="seg-r164" anchors="588 589"/>
    <region xml:id="seg-r166" anchors="591 597"/>
    <region xml:id="seg-r168" anchors="598 602"/>
    <region xml:id="seg-r170" anchors="603 605"/>
    <region xml:id="seg-r172" anchors="606 610"/>
    <region xml:id="seg-r174" anchors="611 614"/>
    <region xml:id="seg-r176" anchors="615 623"/>
    <region xml:id="seg-r178" anchors="624 626"/>
    <region xml:id="seg-r180" anchors="627 636"/>
    <region xml:id="seg-r181" anchors="636 637"/>
    <region xml:id="seg-r183" anchors="640 641"/>
    <region xml:id="seg-r184" anchors="641 642"/>
    <region xml:id="seg-r185" anchors="642 654"/>
    <region xml:id="seg-r187" anchors="655 663"/>
    <region xml:id="seg-r189" anchors="664 668"/>
    <region xml:id="seg-r191" anchors="669 674"/>
    <region xml:id="seg-r193" anchors="675 680"/>
    <region xml:id="seg-r195" anchors="681 684"/>
    <region xml:id="seg-r197" anchors="685 689"/>
    <region xml:id="seg-r199" anchors="690 692"/>
    <region xml:id="seg-r201" anchors="693 696"/>
    <region xml:id="seg-r203" anchors="697 703"/>
    <region xml:id="seg-r205" anchors="704 706"/>
    <region xml:id="seg-r207" anchors="707 712"/>
    <region xml:id="seg-r209" anchors="714 715"/>
    <region xml:id="seg-r211" anchors="716 720"/>
    <region xml:id="seg-r213" anchors="721 728"/>
    <region xml:id="seg-r215" anchors="729 731"/>
    <region xml:id="seg-r217" anchors="732 733"/>
    <region xml:id="seg-r219" anchors="734 739"/>
    <region xml:id="seg-r221" anchors="740 747"/>
    <region xml:id="seg-r223" anchors="748 757"/>
    <region xml:id="seg-r225" anchors="758 761"/>
    <region xml:id="seg-r227" anchors="762 772"/>
    <region xml:id="seg-r229" anchors="773 780"/>
    <region xml:id="seg-r231" anchors="781 785"/>
    <region xml:id="seg-r233" anchors="786 797"/>
    <region xml:id="seg-r234" anchors="797 798"/>
    <region xml:id="seg-r235" anchors="798 799"/>
    <region xml:id="seg-r237" anchors="802 803"/>
    <region xml:id="seg-r239" anchors="804 816"/>
    <region xml:id="seg-r241" anchors="817 825"/>
    <region xml:id="seg-r243" anchors="826 830"/>
    <region xml:id="seg-r245" anchors="831 836"/>
    <region xml:id="seg-r247" anchors="837 842"/>
    <region xml:id="seg-r249" anchors="843 846"/>
    <region xml:id="seg-r251" anchors="847 851"/>
    <region xml:id="seg-r253" anchors="852 854"/>
    <region xml:id="seg-r255" anchors="855 858"/>
    <region xml:id="seg-r257" anchors="859 865"/>
    <region xml:id="seg-r259" anchors="866 868"/>
    <region xml:id="seg-r261" anchors="869 874"/>
    <region xml:id="seg-r263" anchors="876 877"/>
    <region xml:id="seg-r265" anchors="879 883"/>
    <region xml:id="seg-r267" anchors="884 891"/>
    <region xml:id="seg-r269" anchors="892 894"/>
    <region xml:id="seg-r271" anchors="895 896"/>
    <region xml:id="seg-r273" anchors="897 902"/>
    <region xml:id="seg-r275" anchors="903 910"/>
    <region xml:id="seg-r277" anchors="911 920"/>
    <region xml:id="seg-r279" anchors="921 924"/>
    <region xml:id="seg-r281" anchors="925 935"/>
    <region xml:id="seg-r283" anchors="936 943"/>
    <region xml:id="seg-r285" anchors="944 948"/>
    <region xml:id="seg-r287" anchors="950 961"/>
</graph>
