<graph xmlns="http://www.xces.org/ns/GrAF/1.0/" xmlns:graf="http://www.xces.org/ns/GrAF/1.0/">
  <graphHeader>
    <labelsDecl>
      <labelUsage label="person" occurs="2"/>
      <labelUsage label="date" occurs="2"/>
      <labelUsage label="org" occurs="2"/>
    </labelsDecl>
    <dependencies>
      <dependsOn f.id="f.penn"/>
    </dependencies>
    <annotationSpaces>
      <annotationSpace as.id="anc"/>
    </annotationSpaces>
  </graphHeader>
  <node xml:id="ne-n0"/>
  <a xml:id="ne-N65575" label="date" ref="ne-n0" as="anc">
    <fs>
      <f name="kind" value="dateTime"/>
    </fs>
  </a>
  <node xml:id="ne-n1"/>
  <a xml:id="ne-N65591" label="date" ref="ne-n1" as="anc">
    <fs>
      <f name="kind" value="date"/>
    </fs>
  </a>
  <node xml:id="ne-n2"/>
  <a xml:id="ne-N65607" label="org" ref="ne-n2" as="anc">
    <fs>
      <f name="id" value="447"/>
      <f name="number" value="singular"/>
      <f name="person" value="third"/>
      <f name="type" value="company"/>
    </fs>
  </a>
  <node xml:id="ne-n3"/>
  <a xml:id="ne-N65635" label="person" ref="ne-n3" as="anc">
    <fs>
      <f name="person" value="third"/>
      <f name="number" value="singular"/>
      <f name="case" value="objective"/>
      <f name="id" value="239"/>
      <f name="sex" value="male"/>
    </fs>
  </a>
  <node xml:id="ne-n4"/>
  <a xml:id="ne-N65667" label="org" ref="ne-n4" as="anc">
    <fs>
      <f name="id" value="240"/>
      <f name="person" value="third"/>
      <f name="case" value="objective"/>
      <f name="number" value="singular"/>
      <f name="type" value="company"/>
    </fs>
  </a>
  <node xml:id="ne-n5"/>
  <a xml:id="ne-N65699" label="person" ref="ne-n5" as="anc">
    <fs>
      <f name="sex" value="male"/>
      <f name="person" value="third"/>
      <f name="number" value="singular"/>
      <f name="case" value="objective"/>
      <f name="id" value="241"/>
    </fs>
  </a>
  <edge xml:id="ne-lnk18" from="ne-n5" to="penn-n145"/>
  <edge xml:id="ne-lnk17" from="ne-n5" to="penn-n144"/>
  <edge xml:id="ne-lnk16" from="ne-n4" to="penn-n139"/>
  <edge xml:id="ne-lnk15" from="ne-n3" to="penn-n117"/>
  <edge xml:id="ne-lnk14" from="ne-n3" to="penn-n116"/>
  <edge xml:id="ne-lnk13" from="ne-n2" to="penn-n111"/>
  <edge xml:id="ne-lnk12" from="ne-n1" to="penn-n95"/>
  <edge xml:id="ne-lnk11" from="ne-n1" to="penn-n94"/>
  <edge xml:id="ne-lnk10" from="ne-n0" to="penn-n17"/>
  <edge xml:id="ne-lnk9" from="ne-n0" to="penn-n16"/>
  <edge xml:id="ne-lnk8" from="ne-n0" to="penn-n15"/>
  <edge xml:id="ne-lnk7" from="ne-n0" to="penn-n14"/>
  <edge xml:id="ne-lnk6" from="ne-n0" to="penn-n13"/>
  <edge xml:id="ne-lnk5" from="ne-n0" to="penn-n12"/>
  <edge xml:id="ne-lnk4" from="ne-n0" to="penn-n11"/>
  <edge xml:id="ne-lnk3" from="ne-n0" to="penn-n10"/>
  <edge xml:id="ne-lnk2" from="ne-n0" to="penn-n9"/>
  <edge xml:id="ne-lnk1" from="ne-n0" to="penn-n8"/>
  <edge xml:id="ne-lnk0" from="ne-n0" to="penn-n7"/>
</graph>
