<?xml version="1.0" encoding="UTF-8"?><graph xmlns="http://www.xces.org/ns/GrAF/1.0/" xmlns:graf="http://www.xces.org/ns/GrAF/1.0/">
    <graphHeader>
        <labelsDecl>
        </labelsDecl>
    </graphHeader>
    <region xml:id="seg-r0" anchors="3 13"/>
    <region xml:id="seg-r1" anchors="13 14"/>
    <region xml:id="seg-r3" anchors="15 16"/>
    <region xml:id="seg-r4" anchors="16 58"/>
    <region xml:id="seg-r5" anchors="58 59"/>
    <region xml:id="seg-r7" anchors="60 64"/>
    <region xml:id="seg-r8" anchors="64 65"/>
    <region xml:id="seg-r10" anchors="66 69"/>
    <region xml:id="seg-r11" anchors="69 70"/>
    <region xml:id="seg-r13" anchors="71 73"/>
    <region xml:id="seg-r15" anchors="74 77"/>
    <region xml:id="seg-r17" anchors="78 82"/>
    <region xml:id="seg-r19" anchors="83 91"/>
    <region xml:id="seg-r21" anchors="92 93"/>
    <region xml:id="seg-r22" anchors="93 97"/>
    <region xml:id="seg-r24" anchors="98 99"/>
    <region xml:id="seg-r25" anchors="99 102"/>
    <region xml:id="seg-r26" anchors="102 103"/>
    <region xml:id="seg-r28" anchors="104 108"/>
    <region xml:id="seg-r29" anchors="108 109"/>
    <region xml:id="seg-r31" anchors="110 135"/>
    <region xml:id="seg-r33" anchors="136 138"/>
    <region xml:id="seg-r34" anchors="138 139"/>
    <region xml:id="seg-r36" anchors="140 157"/>
    <region xml:id="seg-r38" anchors="158 165"/>
    <region xml:id="seg-r39" anchors="165 166"/>
    <region xml:id="seg-r41" anchors="167 169"/>
    <region xml:id="seg-r42" anchors="169 170"/>
    <region xml:id="seg-r44" anchors="171 183"/>
    <region xml:id="seg-r46" anchors="184 193"/>
    <region xml:id="seg-r48" anchors="194 199"/>
    <region xml:id="seg-r49" anchors="199 206"/>
    <region xml:id="seg-r50" anchors="206 207"/>
    <region xml:id="seg-r52" anchors="208 211"/>
    <region xml:id="seg-r54" anchors="212 220"/>
    <region xml:id="seg-r55" anchors="220 224"/>
    <region xml:id="seg-r56" anchors="224 225"/>
    <region xml:id="seg-r58" anchors="226 230"/>
    <region xml:id="seg-r59" anchors="230 231"/>
    <region xml:id="seg-r60" anchors="231 236"/>
    <region xml:id="seg-r61" anchors="236 237"/>
    <region xml:id="seg-r63" anchors="238 245"/>
    <region xml:id="seg-r64" anchors="245 246"/>
    <region xml:id="seg-r65" anchors="246 254"/>
    <region xml:id="seg-r67" anchors="255 263"/>
    <region xml:id="seg-r68" anchors="263 272"/>
    <region xml:id="seg-r69" anchors="272 280"/>
    <region xml:id="seg-r70" anchors="280 281"/>
    <region xml:id="seg-r72" anchors="282 283"/>
    <region xml:id="seg-r73" anchors="283 286"/>
    <region xml:id="seg-r75" anchors="289 297"/>
    <region xml:id="seg-r76" anchors="297 298"/>
    <region xml:id="seg-r78" anchors="299 303"/>
    <region xml:id="seg-r80" anchors="304 306"/>
    <region xml:id="seg-r82" anchors="307 310"/>
    <region xml:id="seg-r84" anchors="311 317"/>
    <region xml:id="seg-r86" anchors="318 320"/>
    <region xml:id="seg-r88" anchors="321 324"/>
    <region xml:id="seg-r90" anchors="325 330"/>
    <region xml:id="seg-r92" anchors="331 333"/>
    <region xml:id="seg-r94" anchors="334 340"/>
    <region xml:id="seg-r95" anchors="340 341"/>
    <region xml:id="seg-r97" anchors="343 349"/>
    <region xml:id="seg-r99" anchors="350 354"/>
    <region xml:id="seg-r101" anchors="355 358"/>
    <region xml:id="seg-r103" anchors="359 363"/>
    <region xml:id="seg-r105" anchors="364 370"/>
    <region xml:id="seg-r107" anchors="372 376"/>
    <region xml:id="seg-r108" anchors="376 377"/>
    <region xml:id="seg-r110" anchors="379 385"/>
    <region xml:id="seg-r111" anchors="385 386"/>
    <region xml:id="seg-r113" anchors="388 391"/>
    <region xml:id="seg-r115" anchors="392 398"/>
</graph>
