<graph xmlns="http://www.xces.org/ns/GrAF/1.0/" xmlns:graf="http://www.xces.org/ns/GrAF/1.0/">
  <graphHeader>
    <labelsDecl>
      <labelUsage label="Head" occurs="1"/>
      <labelUsage label="s" occurs="3"/>
    </labelsDecl>
    <annotationSpaces>
      <annotationSpace as.id="anc"/>
    </annotationSpaces>
  </graphHeader>
  <region xml:id="s-r0" anchors="3 286"/>
  <node xml:id="s-n0">
    <link targets="s-r0"/>
  </node>
  <a xml:id="s-N65573" label="Head" ref="s-n0" as="anc">
    <fs>
      <f name="type" value="email"/>
    </fs>
  </a>
  <region xml:id="s-r1" anchors="289 341"/>
  <node xml:id="s-n1">
    <link targets="s-r1"/>
  </node>
  <a xml:id="s-N65597" label="s" ref="s-n1" as="anc"/>
  <region xml:id="s-r2" anchors="343 377"/>
  <node xml:id="s-n2">
    <link targets="s-r2"/>
  </node>
  <a xml:id="s-N65613" label="s" ref="s-n2" as="anc"/>
  <region xml:id="s-r3" anchors="379 386"/>
  <node xml:id="s-n3">
    <link targets="s-r3"/>
  </node>
  <a xml:id="s-N65629" label="s" ref="s-n3" as="anc"/>
</graph>
