<graph xmlns="http://www.xces.org/ns/GrAF/1.0/" xmlns:graf="http://www.xces.org/ns/GrAF/1.0/">
  <graphHeader>
    <labelsDecl>
      <labelUsage label="vchunk" occurs="36"/>
    </labelsDecl>
    <dependencies>
      <dependsOn f.id="f.penn"/>
    </dependencies>
    <annotationSpaces>
      <annotationSpace as.id="anc"/>
    </annotationSpaces>
  </graphHeader>
  <node xml:id="vc-n0"/>
  <a xml:id="vc-N65567" label="vchunk" ref="vc-n0" as="anc">
    <fs>
      <f name="type" value="FVG"/>
      <f name="tense" value="SimPre"/>
      <f name="voice" value="active"/>
    </fs>
  </a>
  <node xml:id="vc-n1"/>
  <a xml:id="vc-N65591" label="vchunk" ref="vc-n1" as="anc">
    <fs>
      <f name="type" value="FVG"/>
      <f name="tense" value="SimPre"/>
      <f name="voice" value="active"/>
    </fs>
  </a>
  <node xml:id="vc-n10"/>
  <a xml:id="vc-N65615" label="vchunk" ref="vc-n10" as="anc">
    <fs>
      <f name="type" value="MODAL"/>
      <f name="tense" value="none"/>
      <f name="voice" value="none"/>
    </fs>
  </a>
  <node xml:id="vc-n11"/>
  <a xml:id="vc-N65639" label="vchunk" ref="vc-n11" as="anc">
    <fs>
      <f name="type" value="MODAL"/>
      <f name="tense" value="none"/>
      <f name="voice" value="none"/>
    </fs>
  </a>
  <node xml:id="vc-n12"/>
  <a xml:id="vc-N65663" label="vchunk" ref="vc-n12" as="anc">
    <fs>
      <f name="type" value="NFVG"/>
      <f name="tense" value="Inf"/>
      <f name="voice" value="active"/>
    </fs>
  </a>
  <node xml:id="vc-n13"/>
  <a xml:id="vc-N65687" label="vchunk" ref="vc-n13" as="anc">
    <fs>
      <f name="type" value="NFVG"/>
      <f name="tense" value="Inf"/>
      <f name="voice" value="active"/>
    </fs>
  </a>
  <node xml:id="vc-n14"/>
  <a xml:id="vc-N65711" label="vchunk" ref="vc-n14" as="anc">
    <fs>
      <f name="type" value="FVG"/>
      <f name="tense" value="SimPre"/>
      <f name="voice" value="active"/>
    </fs>
  </a>
  <node xml:id="vc-n15"/>
  <a xml:id="vc-N65735" label="vchunk" ref="vc-n15" as="anc">
    <fs>
      <f name="type" value="FVG"/>
      <f name="tense" value="SimPre"/>
      <f name="voice" value="active"/>
    </fs>
  </a>
  <node xml:id="vc-n16"/>
  <a xml:id="vc-N65759" label="vchunk" ref="vc-n16" as="anc">
    <fs>
      <f name="type" value="PART"/>
      <f name="tense" value="Pre"/>
      <f name="voice" value="active"/>
    </fs>
  </a>
  <node xml:id="vc-n17"/>
  <a xml:id="vc-N65783" label="vchunk" ref="vc-n17" as="anc">
    <fs>
      <f name="type" value="PART"/>
      <f name="tense" value="Pre"/>
      <f name="voice" value="active"/>
    </fs>
  </a>
  <node xml:id="vc-n18"/>
  <a xml:id="vc-N65807" label="vchunk" ref="vc-n18" as="anc">
    <fs>
      <f name="type" value="FVG"/>
      <f name="tense" value="SimPre"/>
      <f name="voice" value="active"/>
    </fs>
  </a>
  <node xml:id="vc-n19"/>
  <a xml:id="vc-N65831" label="vchunk" ref="vc-n19" as="anc">
    <fs>
      <f name="type" value="FVG"/>
      <f name="tense" value="SimPre"/>
      <f name="voice" value="active"/>
    </fs>
  </a>
  <node xml:id="vc-n2"/>
  <a xml:id="vc-N65855" label="vchunk" ref="vc-n2" as="anc">
    <fs>
      <f name="type" value="SPECIAL"/>
      <f name="tense" value="Pre"/>
      <f name="voice" value="none"/>
    </fs>
  </a>
  <node xml:id="vc-n20"/>
  <a xml:id="vc-N65879" label="vchunk" ref="vc-n20" as="anc">
    <fs>
      <f name="type" value="FVG"/>
      <f name="tense" value="SimPas"/>
      <f name="voice" value="passive"/>
    </fs>
  </a>
  <node xml:id="vc-n21"/>
  <a xml:id="vc-N65903" label="vchunk" ref="vc-n21" as="anc">
    <fs>
      <f name="type" value="FVG"/>
      <f name="tense" value="SimPas"/>
      <f name="voice" value="passive"/>
    </fs>
  </a>
  <node xml:id="vc-n22"/>
  <a xml:id="vc-N65927" label="vchunk" ref="vc-n22" as="anc">
    <fs>
      <f name="type" value="NFVG"/>
      <f name="tense" value="Inf"/>
      <f name="voice" value="active"/>
    </fs>
  </a>
  <node xml:id="vc-n23"/>
  <a xml:id="vc-N65951" label="vchunk" ref="vc-n23" as="anc">
    <fs>
      <f name="type" value="NFVG"/>
      <f name="tense" value="Inf"/>
      <f name="voice" value="active"/>
    </fs>
  </a>
  <node xml:id="vc-n24"/>
  <a xml:id="vc-N65975" label="vchunk" ref="vc-n24" as="anc">
    <fs>
      <f name="type" value="FVG"/>
      <f name="tense" value="SimPas"/>
      <f name="voice" value="passive"/>
    </fs>
  </a>
  <node xml:id="vc-n25"/>
  <a xml:id="vc-N65999" label="vchunk" ref="vc-n25" as="anc">
    <fs>
      <f name="type" value="FVG"/>
      <f name="tense" value="SimPas"/>
      <f name="voice" value="passive"/>
    </fs>
  </a>
  <node xml:id="vc-n26"/>
  <a xml:id="vc-N66023" label="vchunk" ref="vc-n26" as="anc">
    <fs>
      <f name="type" value="FVG"/>
      <f name="tense" value="SimPre"/>
      <f name="voice" value="active"/>
    </fs>
  </a>
  <node xml:id="vc-n27"/>
  <a xml:id="vc-N66047" label="vchunk" ref="vc-n27" as="anc">
    <fs>
      <f name="type" value="FVG"/>
      <f name="tense" value="SimPre"/>
      <f name="voice" value="active"/>
    </fs>
  </a>
  <node xml:id="vc-n28"/>
  <a xml:id="vc-N66071" label="vchunk" ref="vc-n28" as="anc">
    <fs>
      <f name="type" value="PART"/>
      <f name="tense" value="Pre"/>
      <f name="voice" value="active"/>
    </fs>
  </a>
  <node xml:id="vc-n29"/>
  <a xml:id="vc-N66095" label="vchunk" ref="vc-n29" as="anc">
    <fs>
      <f name="type" value="PART"/>
      <f name="tense" value="Pre"/>
      <f name="voice" value="active"/>
    </fs>
  </a>
  <node xml:id="vc-n3"/>
  <a xml:id="vc-N66119" label="vchunk" ref="vc-n3" as="anc">
    <fs>
      <f name="type" value="SPECIAL"/>
      <f name="tense" value="Pre"/>
      <f name="voice" value="none"/>
    </fs>
  </a>
  <node xml:id="vc-n30"/>
  <a xml:id="vc-N66143" label="vchunk" ref="vc-n30" as="anc">
    <fs>
      <f name="type" value="FVG"/>
      <f name="tense" value="SimPas"/>
      <f name="voice" value="passive"/>
    </fs>
  </a>
  <node xml:id="vc-n31"/>
  <a xml:id="vc-N66167" label="vchunk" ref="vc-n31" as="anc">
    <fs>
      <f name="type" value="FVG"/>
      <f name="tense" value="SimPas"/>
      <f name="voice" value="passive"/>
    </fs>
  </a>
  <node xml:id="vc-n32"/>
  <a xml:id="vc-N66191" label="vchunk" ref="vc-n32" as="anc">
    <fs>
      <f name="type" value="FVG"/>
      <f name="tense" value="SimPre"/>
      <f name="voice" value="active"/>
    </fs>
  </a>
  <node xml:id="vc-n33"/>
  <a xml:id="vc-N66215" label="vchunk" ref="vc-n33" as="anc">
    <fs>
      <f name="type" value="FVG"/>
      <f name="tense" value="SimPre"/>
      <f name="voice" value="active"/>
    </fs>
  </a>
  <node xml:id="vc-n34"/>
  <a xml:id="vc-N66239" label="vchunk" ref="vc-n34" as="anc">
    <fs>
      <f name="type" value="PART"/>
      <f name="tense" value="Pre"/>
      <f name="voice" value="active"/>
    </fs>
  </a>
  <node xml:id="vc-n35"/>
  <a xml:id="vc-N66263" label="vchunk" ref="vc-n35" as="anc">
    <fs>
      <f name="type" value="PART"/>
      <f name="tense" value="Pre"/>
      <f name="voice" value="active"/>
    </fs>
  </a>
  <node xml:id="vc-n4"/>
  <a xml:id="vc-N66287" label="vchunk" ref="vc-n4" as="anc">
    <fs>
      <f name="type" value="NFVG"/>
      <f name="tense" value="Inf"/>
      <f name="voice" value="active"/>
    </fs>
  </a>
  <node xml:id="vc-n5"/>
  <a xml:id="vc-N66311" label="vchunk" ref="vc-n5" as="anc">
    <fs>
      <f name="type" value="NFVG"/>
      <f name="tense" value="Inf"/>
      <f name="voice" value="active"/>
    </fs>
  </a>
  <node xml:id="vc-n6"/>
  <a xml:id="vc-N66335" label="vchunk" ref="vc-n6" as="anc">
    <fs>
      <f name="voice" value="active"/>
      <f name="tense" value="Pre"/>
      <f name="type" value="PART"/>
      <f name="neg" value="no"/>
    </fs>
  </a>
  <node xml:id="vc-n7"/>
  <a xml:id="vc-N66363" label="vchunk" ref="vc-n7" as="anc">
    <fs>
      <f name="voice" value="active"/>
      <f name="tense" value="Pre"/>
      <f name="type" value="PART"/>
      <f name="neg" value="no"/>
    </fs>
  </a>
  <node xml:id="vc-n8"/>
  <a xml:id="vc-N66391" label="vchunk" ref="vc-n8" as="anc">
    <fs>
      <f name="type" value="NFVG"/>
      <f name="tense" value="Inf"/>
      <f name="voice" value="active"/>
    </fs>
  </a>
  <node xml:id="vc-n9"/>
  <a xml:id="vc-N66415" label="vchunk" ref="vc-n9" as="anc">
    <fs>
      <f name="type" value="NFVG"/>
      <f name="tense" value="Inf"/>
      <f name="voice" value="active"/>
    </fs>
  </a>
  <edge xml:id="vc-lnk28" from="vc-n15" to="penn-n153"/>
  <edge xml:id="vc-lnk27" from="vc-n12" to="penn-n92"/>
  <edge xml:id="vc-lnk26" from="vc-n12" to="penn-n91"/>
  <edge xml:id="vc-lnk25" from="vc-n13" to="penn-n92"/>
  <edge xml:id="vc-lnk24" from="vc-n13" to="penn-n91"/>
  <edge xml:id="vc-lnk55" from="vc-n34" to="penn-n253"/>
  <edge xml:id="vc-lnk23" from="vc-n10" to="penn-n87"/>
  <edge xml:id="vc-lnk54" from="vc-n35" to="penn-n253"/>
  <edge xml:id="vc-lnk22" from="vc-n10" to="penn-n86"/>
  <edge xml:id="vc-lnk53" from="vc-n32" to="penn-n249"/>
  <edge xml:id="vc-lnk21" from="vc-n11" to="penn-n87"/>
  <edge xml:id="vc-lnk52" from="vc-n33" to="penn-n249"/>
  <edge xml:id="vc-lnk20" from="vc-n11" to="penn-n86"/>
  <edge xml:id="vc-lnk51" from="vc-n30" to="penn-n240"/>
  <edge xml:id="vc-lnk50" from="vc-n30" to="penn-n239"/>
  <edge xml:id="vc-lnk9" from="vc-n2" to="penn-n63"/>
  <edge xml:id="vc-lnk8" from="vc-n2" to="penn-n62"/>
  <edge xml:id="vc-lnk7" from="vc-n2" to="penn-n61"/>
  <edge xml:id="vc-lnk6" from="vc-n2" to="penn-n60"/>
  <edge xml:id="vc-lnk5" from="vc-n3" to="penn-n63"/>
  <edge xml:id="vc-lnk4" from="vc-n3" to="penn-n62"/>
  <edge xml:id="vc-lnk3" from="vc-n3" to="penn-n61"/>
  <edge xml:id="vc-lnk2" from="vc-n3" to="penn-n60"/>
  <edge xml:id="vc-lnk1" from="vc-n0" to="penn-n49"/>
  <edge xml:id="vc-lnk0" from="vc-n1" to="penn-n49"/>
  <edge xml:id="vc-lnk19" from="vc-n8" to="penn-n79"/>
  <edge xml:id="vc-lnk18" from="vc-n8" to="penn-n78"/>
  <edge xml:id="vc-lnk49" from="vc-n31" to="penn-n240"/>
  <edge xml:id="vc-lnk17" from="vc-n9" to="penn-n79"/>
  <edge xml:id="vc-lnk48" from="vc-n31" to="penn-n239"/>
  <edge xml:id="vc-lnk16" from="vc-n9" to="penn-n78"/>
  <edge xml:id="vc-lnk47" from="vc-n28" to="penn-n225"/>
  <edge xml:id="vc-lnk15" from="vc-n6" to="penn-n77"/>
  <edge xml:id="vc-lnk46" from="vc-n29" to="penn-n225"/>
  <edge xml:id="vc-lnk14" from="vc-n6" to="penn-n76"/>
  <edge xml:id="vc-lnk45" from="vc-n26" to="penn-n221"/>
  <edge xml:id="vc-lnk13" from="vc-n7" to="penn-n77"/>
  <edge xml:id="vc-lnk44" from="vc-n27" to="penn-n221"/>
  <edge xml:id="vc-lnk12" from="vc-n7" to="penn-n76"/>
  <edge xml:id="vc-lnk43" from="vc-n24" to="penn-n212"/>
  <edge xml:id="vc-lnk11" from="vc-n4" to="penn-n69"/>
  <edge xml:id="vc-lnk42" from="vc-n24" to="penn-n211"/>
  <edge xml:id="vc-lnk10" from="vc-n5" to="penn-n69"/>
  <edge xml:id="vc-lnk41" from="vc-n25" to="penn-n212"/>
  <edge xml:id="vc-lnk40" from="vc-n25" to="penn-n211"/>
  <edge xml:id="vc-lnk39" from="vc-n22" to="penn-n195"/>
  <edge xml:id="vc-lnk38" from="vc-n23" to="penn-n195"/>
  <edge xml:id="vc-lnk37" from="vc-n20" to="penn-n188"/>
  <edge xml:id="vc-lnk36" from="vc-n20" to="penn-n187"/>
  <edge xml:id="vc-lnk35" from="vc-n21" to="penn-n188"/>
  <edge xml:id="vc-lnk34" from="vc-n21" to="penn-n187"/>
  <edge xml:id="vc-lnk33" from="vc-n18" to="penn-n178"/>
  <edge xml:id="vc-lnk32" from="vc-n19" to="penn-n178"/>
  <edge xml:id="vc-lnk31" from="vc-n16" to="penn-n160"/>
  <edge xml:id="vc-lnk30" from="vc-n17" to="penn-n160"/>
  <edge xml:id="vc-lnk29" from="vc-n14" to="penn-n153"/>
</graph>
