<graph xmlns="http://www.xces.org/ns/GrAF/1.0/" xmlns:graf="http://www.xces.org/ns/GrAF/1.0/">
  <graphHeader>
    <labelsDecl>
      <labelUsage label="tok" occurs="73"/>
    </labelsDecl>
    <dependencies>
      <dependsOn f.id="f.seg"/>
    </dependencies>
    <annotationSpaces>
      <annotationSpace as.id="anc"/>
    </annotationSpaces>
  </graphHeader>
  <node xml:id="penn-n0">
    <link targets="seg-r0"/>
  </node>
  <a xml:id="penn-N65571" label="tok" ref="penn-n0" as="anc">
    <fs>
      <f name="base" value="message-id"/>
      <f name="msd" value="NNP"/>
      <f name="string" value="Message-ID"/>
    </fs>
  </a>
  <node xml:id="penn-n1">
    <link targets="seg-r1"/>
  </node>
  <a xml:id="penn-N65599" label="tok" ref="penn-n1" as="anc">
    <fs>
      <f name="base" value=":"/>
      <f name="msd" value=":"/>
      <f name="string" value=":"/>
    </fs>
  </a>
  <node xml:id="penn-n10">
    <link targets="seg-r15"/>
  </node>
  <a xml:id="penn-N65627" label="tok" ref="penn-n10" as="anc">
    <fs>
      <f name="base" value="jun"/>
      <f name="msd" value="NNP"/>
      <f name="string" value="Jun"/>
    </fs>
  </a>
  <node xml:id="penn-n11">
    <link targets="seg-r17"/>
  </node>
  <a xml:id="penn-N65655" label="tok" ref="penn-n11" as="anc">
    <fs>
      <f name="base" value="2000"/>
      <f name="string" value="2000"/>
      <f name="msd" value="CD"/>
    </fs>
  </a>
  <node xml:id="penn-n12">
    <link targets="seg-r19"/>
  </node>
  <a xml:id="penn-N65683" label="tok" ref="penn-n12" as="anc">
    <fs>
      <f name="msd" value="NN"/>
      <f name="string" value="01:16:00"/>
      <f name="base" value="01:16:00"/>
    </fs>
  </a>
  <node xml:id="penn-n13">
    <link targets="seg-r21"/>
  </node>
  <a xml:id="penn-N65711" label="tok" ref="penn-n13" as="anc">
    <fs>
      <f name="base" value="-"/>
      <f name="msd" value=":"/>
      <f name="string" value="-"/>
    </fs>
  </a>
  <node xml:id="penn-n14">
    <link targets="seg-r22"/>
  </node>
  <a xml:id="penn-N65743" label="tok" ref="penn-n14" as="anc">
    <fs>
      <f name="base" value="0700"/>
      <f name="string" value="0700"/>
      <f name="msd" value="CD"/>
    </fs>
  </a>
  <node xml:id="penn-n15">
    <link targets="seg-r24"/>
  </node>
  <a xml:id="penn-N65771" label="tok" ref="penn-n15" as="anc">
    <fs>
      <f name="base" value="("/>
      <f name="msd" value="("/>
      <f name="string" value="("/>
    </fs>
  </a>
  <node xml:id="penn-n16">
    <link targets="seg-r25"/>
  </node>
  <a xml:id="penn-N65803" label="tok" ref="penn-n16" as="anc">
    <fs>
      <f name="base" value="pdt"/>
      <f name="msd" value="NNP"/>
      <f name="string" value="PDT"/>
    </fs>
  </a>
  <node xml:id="penn-n17">
    <link targets="seg-r26"/>
  </node>
  <a xml:id="penn-N65831" label="tok" ref="penn-n17" as="anc">
    <fs>
      <f name="base" value=")"/>
      <f name="msd" value=")"/>
      <f name="string" value=")"/>
    </fs>
  </a>
  <node xml:id="penn-n18">
    <link targets="seg-r28"/>
  </node>
  <a xml:id="penn-N65863" label="tok" ref="penn-n18" as="anc">
    <fs>
      <f name="base" value="from"/>
      <f name="msd" value="IN"/>
      <f name="string" value="From"/>
    </fs>
  </a>
  <node xml:id="penn-n19">
    <link targets="seg-r29"/>
  </node>
  <a xml:id="penn-N65891" label="tok" ref="penn-n19" as="anc">
    <fs>
      <f name="base" value=":"/>
      <f name="msd" value=":"/>
      <f name="string" value=":"/>
    </fs>
  </a>
  <node xml:id="penn-n2">
    <link targets="seg-r3"/>
  </node>
  <a xml:id="penn-N65919" label="tok" ref="penn-n2" as="anc">
    <fs>
      <f name="base" value="&lt;"/>
      <f name="msd" value="NN"/>
      <f name="string" value="&lt;"/>
    </fs>
  </a>
  <node xml:id="penn-n20">
    <link targets="seg-r31"/>
  </node>
  <a xml:id="penn-N65947" label="tok" ref="penn-n20" as="anc">
    <fs>
      <f name="string" value="benjamin.rogers@enron.com"/>
      <f name="msd" value="NN"/>
    </fs>
  </a>
  <node xml:id="penn-n21">
    <link targets="seg-r33"/>
  </node>
  <a xml:id="penn-N65971" label="tok" ref="penn-n21" as="anc">
    <fs>
      <f name="base" value="to"/>
      <f name="msd" value="TO"/>
      <f name="string" value="To"/>
    </fs>
  </a>
  <node xml:id="penn-n22">
    <link targets="seg-r34"/>
  </node>
  <a xml:id="penn-N65999" label="tok" ref="penn-n22" as="anc">
    <fs>
      <f name="base" value=":"/>
      <f name="msd" value=":"/>
      <f name="string" value=":"/>
    </fs>
  </a>
  <node xml:id="penn-n23">
    <link targets="seg-r36"/>
  </node>
  <a xml:id="penn-N66027" label="tok" ref="penn-n23" as="anc">
    <fs>
      <f name="string" value="jwahl@cinergy.com"/>
      <f name="msd" value="NN"/>
    </fs>
  </a>
  <node xml:id="penn-n24">
    <link targets="seg-r38"/>
  </node>
  <a xml:id="penn-N66051" label="tok" ref="penn-n24" as="anc">
    <fs>
      <f name="base" value="subject"/>
      <f name="msd" value="NNP"/>
      <f name="string" value="Subject"/>
    </fs>
  </a>
  <node xml:id="penn-n25">
    <link targets="seg-r39"/>
  </node>
  <a xml:id="penn-N66079" label="tok" ref="penn-n25" as="anc">
    <fs>
      <f name="base" value=":"/>
      <f name="msd" value=":"/>
      <f name="string" value=":"/>
    </fs>
  </a>
  <node xml:id="penn-n26">
    <link targets="seg-r41"/>
  </node>
  <a xml:id="penn-N66107" label="tok" ref="penn-n26" as="anc">
    <fs>
      <f name="base" value="re"/>
      <f name="msd" value="NNP"/>
      <f name="string" value="Re"/>
    </fs>
  </a>
  <node xml:id="penn-n27">
    <link targets="seg-r42"/>
  </node>
  <a xml:id="penn-N66135" label="tok" ref="penn-n27" as="anc">
    <fs>
      <f name="base" value=":"/>
      <f name="msd" value=":"/>
      <f name="string" value=":"/>
    </fs>
  </a>
  <node xml:id="penn-n28">
    <link targets="seg-r44"/>
  </node>
  <a xml:id="penn-N66163" label="tok" ref="penn-n28" as="anc">
    <fs>
      <f name="base" value="confidential"/>
      <f name="msd" value="NNP"/>
      <f name="string" value="Confidential"/>
    </fs>
  </a>
  <node xml:id="penn-n29">
    <link targets="seg-r46"/>
  </node>
  <a xml:id="penn-N66191" label="tok" ref="penn-n29" as="anc">
    <fs>
      <f name="base" value="agreement"/>
      <f name="msd" value="NNP"/>
      <f name="string" value="Agreement"/>
    </fs>
  </a>
  <node xml:id="penn-n3">
    <link targets="seg-r4"/>
  </node>
  <a xml:id="penn-N66219" label="tok" ref="penn-n3" as="anc">
    <fs>
      <f name="base" value="8296592.1075857154467.javamail.evans@thyme"/>
      <f name="msd" value="NN"/>
      <f name="string" value="8296592.1075857154467.JavaMail.evans@thyme"/>
    </fs>
  </a>
  <node xml:id="penn-n30">
    <link targets="seg-r48"/>
  </node>
  <a xml:id="penn-N66247" label="tok" ref="penn-n30" as="anc">
    <fs>
      <f name="base" value="mime-"/>
      <f name="msd" value="NNP"/>
      <f name="string" value="Mime-"/>
    </fs>
  </a>
  <node xml:id="penn-n31">
    <link targets="seg-r49"/>
  </node>
  <a xml:id="penn-N66275" label="tok" ref="penn-n31" as="anc">
    <fs>
      <f name="base" value="version"/>
      <f name="msd" value="NNP"/>
      <f name="string" value="Version"/>
    </fs>
  </a>
  <node xml:id="penn-n32">
    <link targets="seg-r50"/>
  </node>
  <a xml:id="penn-N66303" label="tok" ref="penn-n32" as="anc">
    <fs>
      <f name="base" value=":"/>
      <f name="msd" value=":"/>
      <f name="string" value=":"/>
    </fs>
  </a>
  <node xml:id="penn-n33">
    <link targets="seg-r52"/>
  </node>
  <a xml:id="penn-N66331" label="tok" ref="penn-n33" as="anc">
    <fs>
      <f name="base" value="1.0"/>
      <f name="string" value="1.0"/>
      <f name="msd" value="CD"/>
    </fs>
  </a>
  <node xml:id="penn-n34">
    <link targets="seg-r54"/>
  </node>
  <a xml:id="penn-N66359" label="tok" ref="penn-n34" as="anc">
    <fs>
      <f name="base" value="content-"/>
      <f name="msd" value="NNP"/>
      <f name="string" value="Content-"/>
    </fs>
  </a>
  <node xml:id="penn-n35">
    <link targets="seg-r55"/>
  </node>
  <a xml:id="penn-N66387" label="tok" ref="penn-n35" as="anc">
    <fs>
      <f name="base" value="type"/>
      <f name="msd" value="NNP"/>
      <f name="string" value="Type"/>
    </fs>
  </a>
  <node xml:id="penn-n36">
    <link targets="seg-r56"/>
  </node>
  <a xml:id="penn-N66415" label="tok" ref="penn-n36" as="anc">
    <fs>
      <f name="base" value=":"/>
      <f name="msd" value=":"/>
      <f name="string" value=":"/>
    </fs>
  </a>
  <node xml:id="penn-n37">
    <link targets="seg-r58"/>
  </node>
  <a xml:id="penn-N66443" label="tok" ref="penn-n37" as="anc">
    <fs>
      <f name="base" value="text"/>
      <f name="msd" value="NN"/>
      <f name="string" value="text"/>
    </fs>
  </a>
  <node xml:id="penn-n38">
    <link targets="seg-r59"/>
  </node>
  <a xml:id="penn-N66471" label="tok" ref="penn-n38" as="anc">
    <fs>
      <f name="base" value="/"/>
      <f name="msd" value="NN"/>
      <f name="string" value="/"/>
    </fs>
  </a>
  <node xml:id="penn-n39">
    <link targets="seg-r60"/>
  </node>
  <a xml:id="penn-N66499" label="tok" ref="penn-n39" as="anc">
    <fs>
      <f name="base" value="plain"/>
      <f name="msd" value="JJ"/>
      <f name="string" value="plain"/>
    </fs>
  </a>
  <node xml:id="penn-n4">
    <link targets="seg-r5"/>
  </node>
  <a xml:id="penn-N66527" label="tok" ref="penn-n4" as="anc">
    <fs>
      <f name="base" value="&gt;"/>
      <f name="msd" value="NN"/>
      <f name="string" value="&gt;"/>
    </fs>
  </a>
  <node xml:id="penn-n40">
    <link targets="seg-r61"/>
  </node>
  <a xml:id="penn-N66555" label="tok" ref="penn-n40" as="anc">
    <fs>
      <f name="base" value=";"/>
      <f name="msd" value=":"/>
      <f name="string" value=";"/>
    </fs>
  </a>
  <node xml:id="penn-n41">
    <link targets="seg-r63"/>
  </node>
  <a xml:id="penn-N66583" label="tok" ref="penn-n41" as="anc">
    <fs>
      <f name="base" value="charset"/>
      <f name="msd" value="NN"/>
      <f name="string" value="charset"/>
    </fs>
  </a>
  <node xml:id="penn-n42">
    <link targets="seg-r64"/>
  </node>
  <a xml:id="penn-N66611" label="tok" ref="penn-n42" as="anc">
    <fs>
      <f name="base" value="="/>
      <f name="msd" value="SYM"/>
      <f name="string" value="="/>
    </fs>
  </a>
  <node xml:id="penn-n43">
    <link targets="seg-r65"/>
  </node>
  <a xml:id="penn-N66639" label="tok" ref="penn-n43" as="anc">
    <fs>
      <f name="string" value="us-ascii"/>
      <f name="msd" value="JJ"/>
      <f name="base" value="us-ascius"/>
    </fs>
  </a>
  <node xml:id="penn-n44">
    <link targets="seg-r67"/>
  </node>
  <a xml:id="penn-N66667" label="tok" ref="penn-n44" as="anc">
    <fs>
      <f name="base" value="content-"/>
      <f name="msd" value="NNP"/>
      <f name="string" value="Content-"/>
    </fs>
  </a>
  <node xml:id="penn-n45">
    <link targets="seg-r68"/>
  </node>
  <a xml:id="penn-N66695" label="tok" ref="penn-n45" as="anc">
    <fs>
      <f name="base" value="transfer-"/>
      <f name="msd" value="NNP"/>
      <f name="string" value="Transfer-"/>
    </fs>
  </a>
  <node xml:id="penn-n46">
    <link targets="seg-r69"/>
  </node>
  <a xml:id="penn-N66723" label="tok" ref="penn-n46" as="anc">
    <fs>
      <f name="string" value="Encoding"/>
      <f name="msd" value="NNP"/>
      <f name="base" value="encode"/>
    </fs>
  </a>
  <node xml:id="penn-n47">
    <link targets="seg-r70"/>
  </node>
  <a xml:id="penn-N66751" label="tok" ref="penn-n47" as="anc">
    <fs>
      <f name="base" value=":"/>
      <f name="msd" value=":"/>
      <f name="string" value=":"/>
    </fs>
  </a>
  <node xml:id="penn-n48">
    <link targets="seg-r72"/>
  </node>
  <a xml:id="penn-N66779" label="tok" ref="penn-n48" as="anc">
    <fs>
      <f name="base" value="7"/>
      <f name="string" value="7"/>
      <f name="msd" value="CD"/>
    </fs>
  </a>
  <node xml:id="penn-n49">
    <link targets="seg-r73"/>
  </node>
  <a xml:id="penn-N66807" label="tok" ref="penn-n49" as="anc">
    <fs>
      <f name="string" value="bit"/>
      <f name="msd" value="NN"/>
      <f name="base" value="bite"/>
    </fs>
  </a>
  <node xml:id="penn-n5">
    <link targets="seg-r7"/>
  </node>
  <a xml:id="penn-N66835" label="tok" ref="penn-n5" as="anc">
    <fs>
      <f name="base" value="date"/>
      <f name="msd" value="NN"/>
      <f name="string" value="Date"/>
    </fs>
  </a>
  <node xml:id="penn-n50">
    <link targets="seg-r75"/>
  </node>
  <a xml:id="penn-N66863" label="tok" ref="penn-n50" as="anc">
    <fs>
      <f name="base" value="jennifer"/>
      <f name="msd" value="NNP"/>
      <f name="string" value="Jennifer"/>
    </fs>
  </a>
  <node xml:id="penn-n51">
    <link targets="seg-r76"/>
  </node>
  <a xml:id="penn-N66891" label="tok" ref="penn-n51" as="anc">
    <fs>
      <f name="base" value=":"/>
      <f name="msd" value=":"/>
      <f name="string" value=":"/>
    </fs>
  </a>
  <node xml:id="penn-n52">
    <link targets="seg-r78"/>
  </node>
  <a xml:id="penn-N66919" label="tok" ref="penn-n52" as="anc">
    <fs>
      <f name="base" value="here"/>
      <f name="msd" value="RB"/>
      <f name="string" value="Here"/>
    </fs>
  </a>
  <node xml:id="penn-n53">
    <link targets="seg-r80"/>
  </node>
  <a xml:id="penn-N66947" label="tok" ref="penn-n53" as="anc">
    <fs>
      <f name="string" value="is"/>
      <f name="msd" value="VBZ"/>
      <f name="base" value="be"/>
    </fs>
  </a>
  <node xml:id="penn-n54">
    <link targets="seg-r82"/>
  </node>
  <a xml:id="penn-N66975" label="tok" ref="penn-n54" as="anc">
    <fs>
      <f name="base" value="the"/>
      <f name="msd" value="DT"/>
      <f name="string" value="the"/>
    </fs>
  </a>
  <node xml:id="penn-n55">
    <link targets="seg-r84"/>
  </node>
  <a xml:id="penn-N67003" label="tok" ref="penn-n55" as="anc">
    <fs>
      <f name="base" value="latest"/>
      <f name="msd" value="JJS"/>
      <f name="string" value="latest"/>
    </fs>
  </a>
  <node xml:id="penn-n56">
    <link targets="seg-r86"/>
  </node>
  <a xml:id="penn-N67031" label="tok" ref="penn-n56" as="anc">
    <fs>
      <f name="string" value="CA"/>
      <f name="msd" value="NNP"/>
      <f name="base" value="can"/>
    </fs>
  </a>
  <node xml:id="penn-n57">
    <link targets="seg-r88"/>
  </node>
  <a xml:id="penn-N67059" label="tok" ref="penn-n57" as="anc">
    <fs>
      <f name="base" value="for"/>
      <f name="msd" value="IN"/>
      <f name="string" value="for"/>
    </fs>
  </a>
  <node xml:id="penn-n58">
    <link targets="seg-r90"/>
  </node>
  <a xml:id="penn-N67087" label="tok" ref="penn-n58" as="anc">
    <fs>
      <f name="base" value="jerry"/>
      <f name="msd" value="NNP"/>
      <f name="string" value="Jerry"/>
    </fs>
  </a>
  <node xml:id="penn-n59">
    <link targets="seg-r92"/>
  </node>
  <a xml:id="penn-N67115" label="tok" ref="penn-n59" as="anc">
    <fs>
      <f name="base" value="to"/>
      <f name="msd" value="TO"/>
      <f name="string" value="to"/>
    </fs>
  </a>
  <node xml:id="penn-n6">
    <link targets="seg-r8"/>
  </node>
  <a xml:id="penn-N67143" label="tok" ref="penn-n6" as="anc">
    <fs>
      <f name="base" value=":"/>
      <f name="msd" value=":"/>
      <f name="string" value=":"/>
    </fs>
  </a>
  <node xml:id="penn-n60">
    <link targets="seg-r94"/>
  </node>
  <a xml:id="penn-N67171" label="tok" ref="penn-n60" as="anc">
    <fs>
      <f name="base" value="review"/>
      <f name="msd" value="VB"/>
      <f name="string" value="review"/>
    </fs>
  </a>
  <node xml:id="penn-n61">
    <link targets="seg-r95"/>
  </node>
  <a xml:id="penn-N67199" label="tok" ref="penn-n61" as="anc">
    <fs>
      <f name="base" value="."/>
      <f name="msd" value="."/>
      <f name="string" value="."/>
    </fs>
  </a>
  <node xml:id="penn-n62">
    <link targets="seg-r97"/>
  </node>
  <a xml:id="penn-N67227" label="tok" ref="penn-n62" as="anc">
    <fs>
      <f name="base" value="please"/>
      <f name="msd" value="VB"/>
      <f name="string" value="Please"/>
    </fs>
  </a>
  <node xml:id="penn-n63">
    <link targets="seg-r99"/>
  </node>
  <a xml:id="penn-N67255" label="tok" ref="penn-n63" as="anc">
    <fs>
      <f name="base" value="send"/>
      <f name="msd" value="VB"/>
      <f name="string" value="send"/>
    </fs>
  </a>
  <node xml:id="penn-n64">
    <link targets="seg-r101"/>
  </node>
  <a xml:id="penn-N67283" label="tok" ref="penn-n64" as="anc">
    <fs>
      <f name="base" value="him"/>
      <f name="msd" value="PRP"/>
      <f name="string" value="him"/>
    </fs>
  </a>
  <node xml:id="penn-n65">
    <link targets="seg-r103"/>
  </node>
  <a xml:id="penn-N67311" label="tok" ref="penn-n65" as="anc">
    <fs>
      <f name="string" value="this"/>
      <f name="msd" value="DT"/>
      <f name="base" value="this"/>
    </fs>
  </a>
  <node xml:id="penn-n66">
    <link targets="seg-r105"/>
  </node>
  <a xml:id="penn-N67339" label="tok" ref="penn-n66" as="anc">
    <fs>
      <f name="base" value="e-mail"/>
      <f name="msd" value="JJ"/>
      <f name="string" value="e-mail"/>
    </fs>
  </a>
  <node xml:id="penn-n67">
    <link targets="seg-r107"/>
  </node>
  <a xml:id="penn-N67367" label="tok" ref="penn-n67" as="anc">
    <fs>
      <f name="base" value="asap"/>
      <f name="msd" value="NN"/>
      <f name="string" value="asap"/>
    </fs>
  </a>
  <node xml:id="penn-n68">
    <link targets="seg-r108"/>
  </node>
  <a xml:id="penn-N67395" label="tok" ref="penn-n68" as="anc">
    <fs>
      <f name="base" value="."/>
      <f name="msd" value="."/>
      <f name="string" value="."/>
    </fs>
  </a>
  <node xml:id="penn-n69">
    <link targets="seg-r110"/>
  </node>
  <a xml:id="penn-N67423" label="tok" ref="penn-n69" as="anc">
    <fs>
      <f name="string" value="Thanks"/>
      <f name="msd" value="NNS"/>
      <f name="base" value="thanks"/>
    </fs>
  </a>
  <node xml:id="penn-n7">
    <link targets="seg-r10"/>
  </node>
  <a xml:id="penn-N67451" label="tok" ref="penn-n7" as="anc">
    <fs>
      <f name="base" value="thu"/>
      <f name="msd" value="NNP"/>
      <f name="string" value="Thu"/>
    </fs>
  </a>
  <node xml:id="penn-n70">
    <link targets="seg-r111"/>
  </node>
  <a xml:id="penn-N67479" label="tok" ref="penn-n70" as="anc">
    <fs>
      <f name="base" value="!"/>
      <f name="msd" value="."/>
      <f name="string" value="!"/>
    </fs>
  </a>
  <node xml:id="penn-n71">
    <link targets="seg-r113"/>
  </node>
  <a xml:id="penn-N67507" label="tok" ref="penn-n71" as="anc">
    <fs>
      <f name="base" value="ben"/>
      <f name="msd" value="NNP"/>
      <f name="string" value="Ben"/>
    </fs>
  </a>
  <node xml:id="penn-n72">
    <link targets="seg-r115"/>
  </node>
  <a xml:id="penn-N67535" label="tok" ref="penn-n72" as="anc">
    <fs>
      <f name="string" value="Rogers"/>
      <f name="msd" value="NNP"/>
      <f name="base" value="roger"/>
    </fs>
  </a>
  <node xml:id="penn-n8">
    <link targets="seg-r11"/>
  </node>
  <a xml:id="penn-N67563" label="tok" ref="penn-n8" as="anc">
    <fs>
      <f name="base" value=","/>
      <f name="msd" value=","/>
      <f name="string" value=","/>
    </fs>
  </a>
  <node xml:id="penn-n9">
    <link targets="seg-r13"/>
  </node>
  <a xml:id="penn-N67591" label="tok" ref="penn-n9" as="anc">
    <fs>
      <f name="base" value="15"/>
      <f name="string" value="15"/>
      <f name="msd" value="CD"/>
    </fs>
  </a>
</graph>
