<graph xmlns="http://www.xces.org/ns/GrAF/1.0/" xmlns:graf="http://www.xces.org/ns/GrAF/1.0/">
  <graphHeader>
    <labelsDecl>
      <labelUsage label="person" occurs="9"/>
      <labelUsage label="location" occurs="1"/>
      <labelUsage label="org" occurs="4"/>
      <labelUsage label="date" occurs="5"/>
    </labelsDecl>
    <dependencies>
      <dependsOn f.id="f.penn"/>
    </dependencies>
    <annotationSpaces>
      <annotationSpace as.id="anc"/>
    </annotationSpaces>
  </graphHeader>
  <node xml:id="ne-n0"/>
  <a xml:id="ne-N65579" label="date" ref="ne-n0" as="anc">
    <fs>
      <f name="id" value="1000"/>
      <f name="kind" value="dateTime"/>
    </fs>
  </a>
  <node xml:id="ne-n1"/>
  <a xml:id="ne-N65599" label="person" ref="ne-n1" as="anc">
    <fs>
      <f name="sex" value="male"/>
      <f name="person" value="third"/>
      <f name="number" value="singular"/>
      <f name="case" value="objective"/>
      <f name="id" value="383"/>
    </fs>
  </a>
  <node xml:id="ne-n10"/>
  <a xml:id="ne-N65631" label="person" ref="ne-n10" as="anc">
    <fs>
      <f name="sex" value="female"/>
      <f name="id" value="391"/>
    </fs>
  </a>
  <node xml:id="ne-n11"/>
  <a xml:id="ne-N65651" label="date" ref="ne-n11" as="anc">
    <fs>
      <f name="id" value="1003"/>
      <f name="kind" value="dateTime"/>
    </fs>
  </a>
  <node xml:id="ne-n12"/>
  <a xml:id="ne-N65671" label="person" ref="ne-n12" as="anc">
    <fs>
      <f name="id" value="393"/>
      <f name="sex" value="male"/>
    </fs>
  </a>
  <node xml:id="ne-n13"/>
  <a xml:id="ne-N65691" label="person" ref="ne-n13" as="anc">
    <fs>
      <f name="sex" value="male"/>
      <f name="id" value="394"/>
    </fs>
  </a>
  <node xml:id="ne-n14"/>
  <a xml:id="ne-N65711" label="date" ref="ne-n14" as="anc">
    <fs>
      <f name="id" value="1004"/>
      <f name="kind" value="date"/>
    </fs>
  </a>
  <node xml:id="ne-n15"/>
  <a xml:id="ne-N65731" label="org" ref="ne-n15" as="anc">
    <fs>
      <f name="id" value="1005"/>
      <f name="type" value="company"/>
    </fs>
  </a>
  <node xml:id="ne-n16"/>
  <a xml:id="ne-N65751" label="person" ref="ne-n16" as="anc">
    <fs>
      <f name="number" value="singular"/>
      <f name="person" value="third"/>
      <f name="case" value="objective"/>
      <f name="id" value="396"/>
      <f name="sex" value="male"/>
    </fs>
  </a>
  <node xml:id="ne-n17"/>
  <a xml:id="ne-N65783" label="org" ref="ne-n17" as="anc">
    <fs>
      <f name="id" value="397"/>
      <f name="type" value="company"/>
      <f name="number" value="singular"/>
      <f name="case" value="objective"/>
      <f name="person" value="third"/>
    </fs>
  </a>
  <node xml:id="ne-n18"/>
  <a xml:id="ne-N65815" label="person" ref="ne-n18" as="anc">
    <fs>
      <f name="person" value="third"/>
      <f name="id" value="398"/>
      <f name="number" value="singular"/>
      <f name="case" value="objective"/>
      <f name="sex" value="male"/>
    </fs>
  </a>
  <node xml:id="ne-n2"/>
  <a xml:id="ne-N65847" label="org" ref="ne-n2" as="anc">
    <fs>
      <f name="type" value="company"/>
      <f name="number" value="singular"/>
      <f name="case" value="objective"/>
      <f name="person" value="third"/>
      <f name="id" value="384"/>
    </fs>
  </a>
  <node xml:id="ne-n3"/>
  <a xml:id="ne-N65879" label="date" ref="ne-n3" as="anc">
    <fs>
      <f name="id" value="1"/>
      <f name="kind" value="date"/>
    </fs>
  </a>
  <node xml:id="ne-n4"/>
  <a xml:id="ne-N65899" label="location" ref="ne-n4" as="anc">
    <fs>
      <f name="type" value="province_state"/>
      <f name="number" value="singular"/>
      <f name="case" value="objective"/>
      <f name="person" value="third"/>
      <f name="id" value="386"/>
    </fs>
  </a>
  <node xml:id="ne-n5"/>
  <a xml:id="ne-N65931" label="person" ref="ne-n5" as="anc">
    <fs>
      <f name="sex" value="male"/>
      <f name="case" value="objective"/>
      <f name="person" value="third"/>
      <f name="number" value="singular"/>
      <f name="id" value="387"/>
    </fs>
  </a>
  <node xml:id="ne-n6"/>
  <a xml:id="ne-N65963" label="person" ref="ne-n6" as="anc">
    <fs>
      <f name="sex" value="male"/>
      <f name="id" value="388"/>
    </fs>
  </a>
  <node xml:id="ne-n7"/>
  <a xml:id="ne-N65983" label="person" ref="ne-n7" as="anc">
    <fs>
      <f name="id" value="389"/>
      <f name="sex" value="male"/>
    </fs>
  </a>
  <node xml:id="ne-n8"/>
  <a xml:id="ne-N66003" label="org" ref="ne-n8" as="anc">
    <fs>
      <f name="id" value="3346"/>
      <f name="type" value="company"/>
    </fs>
  </a>
  <node xml:id="ne-n9"/>
  <a xml:id="ne-N66023" label="date" ref="ne-n9" as="anc">
    <fs>
      <f name="id" value="1002"/>
      <f name="kind" value="dateTime"/>
    </fs>
  </a>
  <edge xml:id="ne-lnk39" from="ne-n16" to="penn-n215"/>
  <edge xml:id="ne-lnk38" from="ne-n16" to="penn-n214"/>
  <edge xml:id="ne-lnk37" from="ne-n15" to="penn-n209"/>
  <edge xml:id="ne-lnk36" from="ne-n14" to="penn-n193"/>
  <edge xml:id="ne-lnk35" from="ne-n14" to="penn-n192"/>
  <edge xml:id="ne-lnk34" from="ne-n13" to="penn-n143"/>
  <edge xml:id="ne-lnk33" from="ne-n13" to="penn-n142"/>
  <edge xml:id="ne-lnk32" from="ne-n13" to="penn-n141"/>
  <edge xml:id="ne-lnk31" from="ne-n12" to="penn-n132"/>
  <edge xml:id="ne-lnk30" from="ne-n12" to="penn-n131"/>
  <edge xml:id="ne-lnk9" from="ne-n0" to="penn-n16"/>
  <edge xml:id="ne-lnk8" from="ne-n0" to="penn-n15"/>
  <edge xml:id="ne-lnk7" from="ne-n0" to="penn-n14"/>
  <edge xml:id="ne-lnk6" from="ne-n0" to="penn-n13"/>
  <edge xml:id="ne-lnk5" from="ne-n0" to="penn-n12"/>
  <edge xml:id="ne-lnk4" from="ne-n0" to="penn-n11"/>
  <edge xml:id="ne-lnk3" from="ne-n0" to="penn-n10"/>
  <edge xml:id="ne-lnk2" from="ne-n0" to="penn-n9"/>
  <edge xml:id="ne-lnk1" from="ne-n0" to="penn-n8"/>
  <edge xml:id="ne-lnk0" from="ne-n0" to="penn-n7"/>
  <edge xml:id="ne-lnk29" from="ne-n11" to="penn-n126"/>
  <edge xml:id="ne-lnk28" from="ne-n11" to="penn-n125"/>
  <edge xml:id="ne-lnk27" from="ne-n11" to="penn-n124"/>
  <edge xml:id="ne-lnk26" from="ne-n10" to="penn-n118"/>
  <edge xml:id="ne-lnk25" from="ne-n10" to="penn-n117"/>
  <edge xml:id="ne-lnk24" from="ne-n10" to="penn-n116"/>
  <edge xml:id="ne-lnk23" from="ne-n9" to="penn-n113"/>
  <edge xml:id="ne-lnk22" from="ne-n9" to="penn-n112"/>
  <edge xml:id="ne-lnk21" from="ne-n9" to="penn-n111"/>
  <edge xml:id="ne-lnk20" from="ne-n8" to="penn-n109"/>
  <edge xml:id="ne-lnk19" from="ne-n7" to="penn-n105"/>
  <edge xml:id="ne-lnk18" from="ne-n7" to="penn-n104"/>
  <edge xml:id="ne-lnk17" from="ne-n6" to="penn-n100"/>
  <edge xml:id="ne-lnk16" from="ne-n5" to="penn-n95"/>
  <edge xml:id="ne-lnk15" from="ne-n4" to="penn-n90"/>
  <edge xml:id="ne-lnk14" from="ne-n3" to="penn-n82"/>
  <edge xml:id="ne-lnk13" from="ne-n2" to="penn-n73"/>
  <edge xml:id="ne-lnk12" from="ne-n1" to="penn-n67"/>
  <edge xml:id="ne-lnk11" from="ne-n1" to="penn-n66"/>
  <edge xml:id="ne-lnk42" from="ne-n18" to="penn-n243"/>
  <edge xml:id="ne-lnk10" from="ne-n0" to="penn-n17"/>
  <edge xml:id="ne-lnk41" from="ne-n18" to="penn-n242"/>
  <edge xml:id="ne-lnk40" from="ne-n17" to="penn-n237"/>
</graph>
