<graph xmlns="http://www.xces.org/ns/GrAF/1.0/" xmlns:graf="http://www.xces.org/ns/GrAF/1.0/">
  <graphHeader>
    <labelsDecl>
      <labelUsage label="body" occurs="1"/>
      <labelUsage label="text" occurs="1"/>
      <labelUsage label="p" occurs="9"/>
      <labelUsage label="cesDoc" occurs="1"/>
      <labelUsage label="head" occurs="3"/>
    </labelsDecl>
    <annotationSpaces>
      <annotationSpace as.id="xces"/>
    </annotationSpaces>
  </graphHeader>
  <region xml:id="logical-r0" anchors="0 2532"/>
  <node xml:id="logical-n0">
    <link targets="logical-r0"/>
  </node>
  <a xml:id="logical-N65585" label="cesDoc" ref="logical-n0" as="xces"/>
  <region xml:id="logical-r1" anchors="1 2531"/>
  <node xml:id="logical-n1">
    <link targets="logical-r1"/>
  </node>
  <a xml:id="logical-N65601" label="text" ref="logical-n1" as="xces"/>
  <region xml:id="logical-r2" anchors="2 310"/>
  <node xml:id="logical-n2">
    <link targets="logical-r2"/>
  </node>
  <a xml:id="logical-N65617" label="head" ref="logical-n2" as="xces">
    <fs>
      <f name="type" value="email"/>
    </fs>
  </a>
  <region xml:id="logical-r3" anchors="311 2530"/>
  <node xml:id="logical-n3">
    <link targets="logical-r3"/>
  </node>
  <a xml:id="logical-N65641" label="body" ref="logical-n3" as="xces"/>
  <region xml:id="logical-r4" anchors="312 628"/>
  <node xml:id="logical-n4">
    <link targets="logical-r4"/>
  </node>
  <a xml:id="logical-N65657" label="p" ref="logical-n4" as="xces"/>
  <region xml:id="logical-r5" anchors="369 627"/>
  <node xml:id="logical-n5">
    <link targets="logical-r5"/>
  </node>
  <a xml:id="logical-N65673" label="head" ref="logical-n5" as="xces"/>
  <region xml:id="logical-r6" anchors="629 683"/>
  <node xml:id="logical-n6">
    <link targets="logical-r6"/>
  </node>
  <a xml:id="logical-N65689" label="p" ref="logical-n6" as="xces"/>
  <region xml:id="logical-r7" anchors="629 682"/>
  <node xml:id="logical-n7">
    <link targets="logical-r7"/>
  </node>
  <a xml:id="logical-N65705" label="head" ref="logical-n7" as="xces"/>
  <region xml:id="logical-r8" anchors="684 734"/>
  <node xml:id="logical-n8">
    <link targets="logical-r8"/>
  </node>
  <a xml:id="logical-N65721" label="p" ref="logical-n8" as="xces"/>
  <region xml:id="logical-r9" anchors="737 771"/>
  <node xml:id="logical-n9">
    <link targets="logical-r9"/>
  </node>
  <a xml:id="logical-N65737" label="p" ref="logical-n9" as="xces"/>
  <region xml:id="logical-r10" anchors="772 826"/>
  <node xml:id="logical-n10">
    <link targets="logical-r10"/>
  </node>
  <a xml:id="logical-N65753" label="p" ref="logical-n10" as="xces"/>
  <region xml:id="logical-r11" anchors="827 884"/>
  <node xml:id="logical-n11">
    <link targets="logical-r11"/>
  </node>
  <a xml:id="logical-N65769" label="p" ref="logical-n11" as="xces"/>
  <region xml:id="logical-r12" anchors="885 1781"/>
  <node xml:id="logical-n12">
    <link targets="logical-r12"/>
  </node>
  <a xml:id="logical-N65785" label="p" ref="logical-n12" as="xces"/>
  <region xml:id="logical-r13" anchors="1782 1834"/>
  <node xml:id="logical-n13">
    <link targets="logical-r13"/>
  </node>
  <a xml:id="logical-N65801" label="p" ref="logical-n13" as="xces"/>
  <region xml:id="logical-r14" anchors="1835 2529"/>
  <node xml:id="logical-n14">
    <link targets="logical-r14"/>
  </node>
  <a xml:id="logical-N65817" label="p" ref="logical-n14" as="xces"/>
</graph>
