<?xml version="1.0" encoding="UTF-8"?><graph xmlns="http://www.xces.org/ns/GrAF/1.0/" xmlns:graf="http://www.xces.org/ns/GrAF/1.0/">
    <graphHeader>
        <labelsDecl>
        </labelsDecl>
    </graphHeader>
    <region xml:id="seg-r0" anchors="3 13"/>
    <region xml:id="seg-r1" anchors="13 14"/>
    <region xml:id="seg-r3" anchors="15 16"/>
    <region xml:id="seg-r4" anchors="16 59"/>
    <region xml:id="seg-r5" anchors="59 60"/>
    <region xml:id="seg-r7" anchors="61 65"/>
    <region xml:id="seg-r8" anchors="65 66"/>
    <region xml:id="seg-r10" anchors="67 70"/>
    <region xml:id="seg-r11" anchors="70 71"/>
    <region xml:id="seg-r13" anchors="72 74"/>
    <region xml:id="seg-r15" anchors="75 78"/>
    <region xml:id="seg-r17" anchors="79 83"/>
    <region xml:id="seg-r19" anchors="84 92"/>
    <region xml:id="seg-r21" anchors="93 94"/>
    <region xml:id="seg-r22" anchors="94 98"/>
    <region xml:id="seg-r24" anchors="99 100"/>
    <region xml:id="seg-r25" anchors="100 103"/>
    <region xml:id="seg-r26" anchors="103 104"/>
    <region xml:id="seg-r28" anchors="105 109"/>
    <region xml:id="seg-r29" anchors="109 110"/>
    <region xml:id="seg-r31" anchors="111 129"/>
    <region xml:id="seg-r33" anchors="130 132"/>
    <region xml:id="seg-r34" anchors="132 133"/>
    <region xml:id="seg-r36" anchors="134 155"/>
    <region xml:id="seg-r38" anchors="156 163"/>
    <region xml:id="seg-r39" anchors="163 164"/>
    <region xml:id="seg-r41" anchors="165 167"/>
    <region xml:id="seg-r42" anchors="167 168"/>
    <region xml:id="seg-r44" anchors="169 181"/>
    <region xml:id="seg-r46" anchors="182 193"/>
    <region xml:id="seg-r48" anchors="194 197"/>
    <region xml:id="seg-r50" anchors="198 208"/>
    <region xml:id="seg-r52" anchors="209 216"/>
    <region xml:id="seg-r54" anchors="217 222"/>
    <region xml:id="seg-r55" anchors="222 229"/>
    <region xml:id="seg-r56" anchors="229 230"/>
    <region xml:id="seg-r58" anchors="231 234"/>
    <region xml:id="seg-r60" anchors="235 243"/>
    <region xml:id="seg-r61" anchors="243 247"/>
    <region xml:id="seg-r62" anchors="247 248"/>
    <region xml:id="seg-r64" anchors="249 253"/>
    <region xml:id="seg-r65" anchors="253 254"/>
    <region xml:id="seg-r66" anchors="254 259"/>
    <region xml:id="seg-r67" anchors="259 260"/>
    <region xml:id="seg-r69" anchors="261 268"/>
    <region xml:id="seg-r70" anchors="268 269"/>
    <region xml:id="seg-r71" anchors="269 277"/>
    <region xml:id="seg-r73" anchors="278 286"/>
    <region xml:id="seg-r74" anchors="286 295"/>
    <region xml:id="seg-r75" anchors="295 303"/>
    <region xml:id="seg-r76" anchors="303 304"/>
    <region xml:id="seg-r78" anchors="305 306"/>
    <region xml:id="seg-r79" anchors="306 309"/>
    <region xml:id="seg-r81" anchors="312 313"/>
    <region xml:id="seg-r83" anchors="314 319"/>
    <region xml:id="seg-r85" anchors="320 321"/>
    <region xml:id="seg-r87" anchors="322 325"/>
    <region xml:id="seg-r89" anchors="326 330"/>
    <region xml:id="seg-r91" anchors="331 339"/>
    <region xml:id="seg-r92" anchors="339 340"/>
    <region xml:id="seg-r94" anchors="341 344"/>
    <region xml:id="seg-r96" anchors="345 348"/>
    <region xml:id="seg-r98" anchors="349 352"/>
    <region xml:id="seg-r100" anchors="353 356"/>
    <region xml:id="seg-r102" anchors="357 362"/>
    <region xml:id="seg-r103" anchors="362 363"/>
    <region xml:id="seg-r105" anchors="364 368"/>
    <region xml:id="seg-r107" anchors="369 374"/>
    <region xml:id="seg-r108" anchors="374 382"/>
    <region xml:id="seg-r110" anchors="383 395"/>
    <region xml:id="seg-r112" anchors="396 400"/>
    <region xml:id="seg-r113" anchors="400 401"/>
    <region xml:id="seg-r115" anchors="402 408"/>
    <region xml:id="seg-r117" anchors="409 411"/>
    <region xml:id="seg-r119" anchors="412 415"/>
    <region xml:id="seg-r121" anchors="416 424"/>
    <region xml:id="seg-r123" anchors="425 426"/>
    <region xml:id="seg-r125" anchors="427 432"/>
    <region xml:id="seg-r127" anchors="433 442"/>
    <region xml:id="seg-r129" anchors="443 451"/>
    <region xml:id="seg-r131" anchors="452 453"/>
    <region xml:id="seg-r132" anchors="453 459"/>
    <region xml:id="seg-r133" anchors="459 460"/>
    <region xml:id="seg-r134" anchors="460 492"/>
    <region xml:id="seg-r135" anchors="492 493"/>
    <region xml:id="seg-r137" anchors="494 498"/>
    <region xml:id="seg-r138" anchors="498 499"/>
    <region xml:id="seg-r140" anchors="500 509"/>
    <region xml:id="seg-r141" anchors="509 510"/>
    <region xml:id="seg-r143" anchors="511 515"/>
    <region xml:id="seg-r145" anchors="516 518"/>
    <region xml:id="seg-r146" anchors="518 519"/>
    <region xml:id="seg-r148" anchors="520 524"/>
    <region xml:id="seg-r150" anchors="525 530"/>
    <region xml:id="seg-r152" anchors="531 533"/>
    <region xml:id="seg-r154" anchors="534 536"/>
    <region xml:id="seg-r155" anchors="536 537"/>
    <region xml:id="seg-r157" anchors="538 559"/>
    <region xml:id="seg-r158" anchors="559 560"/>
    <region xml:id="seg-r160" anchors="561 564"/>
    <region xml:id="seg-r161" anchors="564 565"/>
    <region xml:id="seg-r163" anchors="566 570"/>
    <region xml:id="seg-r165" anchors="571 578"/>
    <region xml:id="seg-r166" anchors="578 579"/>
    <region xml:id="seg-r168" anchors="580 592"/>
    <region xml:id="seg-r170" anchors="593 604"/>
    <region xml:id="seg-r172" anchors="605 608"/>
    <region xml:id="seg-r174" anchors="609 619"/>
    <region xml:id="seg-r176" anchors="620 627"/>
    <region xml:id="seg-r178" anchors="629 631"/>
    <region xml:id="seg-r179" anchors="631 632"/>
    <region xml:id="seg-r180" anchors="632 635"/>
    <region xml:id="seg-r181" anchors="635 636"/>
    <region xml:id="seg-r183" anchors="637 644"/>
    <region xml:id="seg-r185" anchors="645 650"/>
    <region xml:id="seg-r186" anchors="650 651"/>
    <region xml:id="seg-r187" anchors="651 669"/>
    <region xml:id="seg-r189" anchors="670 671"/>
    <region xml:id="seg-r191" anchors="672 682"/>
    <region xml:id="seg-r193" anchors="684 689"/>
    <region xml:id="seg-r195" anchors="690 699"/>
    <region xml:id="seg-r197" anchors="700 708"/>
    <region xml:id="seg-r199" anchors="709 710"/>
    <region xml:id="seg-r201" anchors="711 717"/>
    <region xml:id="seg-r203" anchors="718 720"/>
    <region xml:id="seg-r205" anchors="721 724"/>
    <region xml:id="seg-r207" anchors="725 733"/>
    <region xml:id="seg-r209" anchors="737 741"/>
    <region xml:id="seg-r210" anchors="741 742"/>
    <region xml:id="seg-r212" anchors="743 747"/>
    <region xml:id="seg-r214" anchors="748 755"/>
    <region xml:id="seg-r215" anchors="755 756"/>
    <region xml:id="seg-r217" anchors="757 765"/>
    <region xml:id="seg-r219" anchors="766 767"/>
    <region xml:id="seg-r221" anchors="768 771"/>
    <region xml:id="seg-r223" anchors="775 779"/>
    <region xml:id="seg-r225" anchors="780 788"/>
    <region xml:id="seg-r226" anchors="788 789"/>
    <region xml:id="seg-r228" anchors="790 798"/>
    <region xml:id="seg-r230" anchors="799 807"/>
    <region xml:id="seg-r232" anchors="808 809"/>
    <region xml:id="seg-r234" anchors="810 817"/>
    <region xml:id="seg-r236" anchors="818 825"/>
    <region xml:id="seg-r238" anchors="827 834"/>
    <region xml:id="seg-r239" anchors="834 835"/>
    <region xml:id="seg-r241" anchors="836 848"/>
    <region xml:id="seg-r243" anchors="849 860"/>
    <region xml:id="seg-r245" anchors="861 864"/>
    <region xml:id="seg-r247" anchors="865 875"/>
    <region xml:id="seg-r249" anchors="876 883"/>
    <region xml:id="seg-r251" anchors="885 887"/>
    <region xml:id="seg-r253" anchors="888 892"/>
    <region xml:id="seg-r255" anchors="893 897"/>
    <region xml:id="seg-r257" anchors="898 902"/>
    <region xml:id="seg-r259" anchors="903 906"/>
    <region xml:id="seg-r261" anchors="907 912"/>
    <region xml:id="seg-r263" anchors="913 916"/>
    <region xml:id="seg-r265" anchors="917 930"/>
    <region xml:id="seg-r267" anchors="931 938"/>
    <region xml:id="seg-r269" anchors="939 941"/>
    <region xml:id="seg-r271" anchors="942 945"/>
    <region xml:id="seg-r273" anchors="946 952"/>
    <region xml:id="seg-r275" anchors="953 960"/>
    <region xml:id="seg-r277" anchors="961 971"/>
    <region xml:id="seg-r278" anchors="971 972"/>
    <region xml:id="seg-r280" anchors="973 978"/>
    <region xml:id="seg-r282" anchors="979 988"/>
    <region xml:id="seg-r284" anchors="989 997"/>
    <region xml:id="seg-r286" anchors="998 999"/>
    <region xml:id="seg-r287" anchors="999 1000"/>
    <region xml:id="seg-r288" anchors="1000 1003"/>
    <region xml:id="seg-r289" anchors="1003 1004"/>
    <region xml:id="seg-r290" anchors="1004 1005"/>
    <region xml:id="seg-r292" anchors="1006 1009"/>
    <region xml:id="seg-r294" anchors="1010 1018"/>
    <region xml:id="seg-r296" anchors="1019 1026"/>
    <region xml:id="seg-r298" anchors="1027 1030"/>
    <region xml:id="seg-r300" anchors="1031 1039"/>
    <region xml:id="seg-r302" anchors="1040 1048"/>
    <region xml:id="seg-r304" anchors="1049 1052"/>
    <region xml:id="seg-r306" anchors="1053 1063"/>
    <region xml:id="seg-r308" anchors="1064 1073"/>
    <region xml:id="seg-r310" anchors="1074 1086"/>
    <region xml:id="seg-r312" anchors="1087 1098"/>
    <region xml:id="seg-r314" anchors="1099 1102"/>
    <region xml:id="seg-r316" anchors="1103 1113"/>
    <region xml:id="seg-r318" anchors="1114 1121"/>
    <region xml:id="seg-r320" anchors="1122 1123"/>
    <region xml:id="seg-r321" anchors="1123 1124"/>
    <region xml:id="seg-r322" anchors="1124 1132"/>
    <region xml:id="seg-r324" anchors="1133 1136"/>
    <region xml:id="seg-r326" anchors="1137 1147"/>
    <region xml:id="seg-r327" anchors="1147 1148"/>
    <region xml:id="seg-r328" anchors="1148 1149"/>
    <region xml:id="seg-r329" anchors="1149 1150"/>
    <region xml:id="seg-r331" anchors="1151 1156"/>
    <region xml:id="seg-r333" anchors="1157 1166"/>
    <region xml:id="seg-r335" anchors="1167 1174"/>
    <region xml:id="seg-r337" anchors="1175 1178"/>
    <region xml:id="seg-r339" anchors="1179 1184"/>
    <region xml:id="seg-r341" anchors="1185 1197"/>
    <region xml:id="seg-r342" anchors="1197 1198"/>
    <region xml:id="seg-r344" anchors="1199 1200"/>
    <region xml:id="seg-r345" anchors="1200 1201"/>
    <region xml:id="seg-r346" anchors="1201 1202"/>
    <region xml:id="seg-r348" anchors="1203 1206"/>
    <region xml:id="seg-r350" anchors="1207 1213"/>
    <region xml:id="seg-r352" anchors="1214 1221"/>
    <region xml:id="seg-r354" anchors="1222 1232"/>
    <region xml:id="seg-r356" anchors="1233 1237"/>
    <region xml:id="seg-r358" anchors="1238 1242"/>
    <region xml:id="seg-r360" anchors="1243 1251"/>
    <region xml:id="seg-r362" anchors="1252 1256"/>
    <region xml:id="seg-r364" anchors="1257 1260"/>
    <region xml:id="seg-r366" anchors="1261 1267"/>
    <region xml:id="seg-r368" anchors="1268 1275"/>
    <region xml:id="seg-r369" anchors="1275 1276"/>
    <region xml:id="seg-r371" anchors="1277 1280"/>
    <region xml:id="seg-r373" anchors="1281 1282"/>
    <region xml:id="seg-r374" anchors="1282 1283"/>
    <region xml:id="seg-r375" anchors="1283 1284"/>
    <region xml:id="seg-r377" anchors="1285 1287"/>
    <region xml:id="seg-r379" anchors="1288 1290"/>
    <region xml:id="seg-r381" anchors="1291 1297"/>
    <region xml:id="seg-r383" anchors="1298 1300"/>
    <region xml:id="seg-r385" anchors="1301 1311"/>
    <region xml:id="seg-r387" anchors="1312 1315"/>
    <region xml:id="seg-r389" anchors="1316 1327"/>
    <region xml:id="seg-r391" anchors="1328 1332"/>
    <region xml:id="seg-r393" anchors="1333 1340"/>
    <region xml:id="seg-r394" anchors="1340 1341"/>
    <region xml:id="seg-r396" anchors="1342 1345"/>
    <region xml:id="seg-r398" anchors="1346 1347"/>
    <region xml:id="seg-r399" anchors="1347 1353"/>
    <region xml:id="seg-r401" anchors="1354 1358"/>
    <region xml:id="seg-r402" anchors="1358 1359"/>
    <region xml:id="seg-r404" anchors="1360 1364"/>
    <region xml:id="seg-r406" anchors="1365 1369"/>
    <region xml:id="seg-r408" anchors="1370 1371"/>
    <region xml:id="seg-r410" anchors="1372 1376"/>
    <region xml:id="seg-r412" anchors="1377 1388"/>
    <region xml:id="seg-r414" anchors="1389 1393"/>
    <region xml:id="seg-r415" anchors="1393 1394"/>
    <region xml:id="seg-r417" anchors="1395 1397"/>
    <region xml:id="seg-r419" anchors="1398 1402"/>
    <region xml:id="seg-r421" anchors="1403 1406"/>
    <region xml:id="seg-r423" anchors="1407 1411"/>
    <region xml:id="seg-r425" anchors="1412 1414"/>
    <region xml:id="seg-r427" anchors="1415 1418"/>
    <region xml:id="seg-r429" anchors="1419 1420"/>
    <region xml:id="seg-r430" anchors="1420 1428"/>
    <region xml:id="seg-r432" anchors="1429 1434"/>
    <region xml:id="seg-r433" anchors="1434 1435"/>
    <region xml:id="seg-r435" anchors="1436 1438"/>
    <region xml:id="seg-r437" anchors="1439 1441"/>
    <region xml:id="seg-r439" anchors="1442 1448"/>
    <region xml:id="seg-r441" anchors="1449 1458"/>
    <region xml:id="seg-r442" anchors="1458 1459"/>
    <region xml:id="seg-r443" anchors="1459 1462"/>
    <region xml:id="seg-r445" anchors="1463 1466"/>
    <region xml:id="seg-r447" anchors="1467 1475"/>
    <region xml:id="seg-r449" anchors="1476 1478"/>
    <region xml:id="seg-r451" anchors="1479 1485"/>
    <region xml:id="seg-r453" anchors="1486 1494"/>
    <region xml:id="seg-r455" anchors="1495 1499"/>
    <region xml:id="seg-r456" anchors="1499 1500"/>
    <region xml:id="seg-r458" anchors="1501 1504"/>
    <region xml:id="seg-r460" anchors="1505 1507"/>
    <region xml:id="seg-r462" anchors="1508 1514"/>
    <region xml:id="seg-r464" anchors="1515 1519"/>
    <region xml:id="seg-r465" anchors="1519 1520"/>
    <region xml:id="seg-r467" anchors="1521 1524"/>
    <region xml:id="seg-r469" anchors="1525 1533"/>
    <region xml:id="seg-r471" anchors="1534 1537"/>
    <region xml:id="seg-r473" anchors="1538 1548"/>
    <region xml:id="seg-r474" anchors="1548 1549"/>
    <region xml:id="seg-r476" anchors="1550 1553"/>
    <region xml:id="seg-r478" anchors="1554 1559"/>
    <region xml:id="seg-r480" anchors="1560 1567"/>
    <region xml:id="seg-r482" anchors="1568 1576"/>
    <region xml:id="seg-r484" anchors="1577 1580"/>
    <region xml:id="seg-r486" anchors="1581 1591"/>
    <region xml:id="seg-r488" anchors="1592 1595"/>
    <region xml:id="seg-r490" anchors="1596 1605"/>
    <region xml:id="seg-r492" anchors="1606 1609"/>
    <region xml:id="seg-r494" anchors="1610 1614"/>
    <region xml:id="seg-r496" anchors="1615 1621"/>
    <region xml:id="seg-r498" anchors="1622 1624"/>
    <region xml:id="seg-r500" anchors="1625 1636"/>
    <region xml:id="seg-r501" anchors="1636 1637"/>
    <region xml:id="seg-r503" anchors="1638 1641"/>
    <region xml:id="seg-r505" anchors="1642 1645"/>
    <region xml:id="seg-r507" anchors="1646 1654"/>
    <region xml:id="seg-r509" anchors="1655 1662"/>
    <region xml:id="seg-r511" anchors="1663 1673"/>
    <region xml:id="seg-r513" anchors="1674 1676"/>
    <region xml:id="seg-r515" anchors="1677 1680"/>
    <region xml:id="seg-r517" anchors="1681 1686"/>
    <region xml:id="seg-r519" anchors="1687 1696"/>
    <region xml:id="seg-r521" anchors="1697 1705"/>
    <region xml:id="seg-r523" anchors="1706 1711"/>
    <region xml:id="seg-r525" anchors="1712 1722"/>
    <region xml:id="seg-r526" anchors="1722 1723"/>
    <region xml:id="seg-r528" anchors="1724 1730"/>
    <region xml:id="seg-r530" anchors="1731 1736"/>
    <region xml:id="seg-r532" anchors="1737 1739"/>
    <region xml:id="seg-r534" anchors="1740 1743"/>
    <region xml:id="seg-r536" anchors="1744 1752"/>
    <region xml:id="seg-r538" anchors="1753 1757"/>
    <region xml:id="seg-r540" anchors="1758 1760"/>
    <region xml:id="seg-r542" anchors="1761 1767"/>
    <region xml:id="seg-r544" anchors="1768 1779"/>
    <region xml:id="seg-r545" anchors="1779 1780"/>
    <region xml:id="seg-r547" anchors="1782 1783"/>
    <region xml:id="seg-r548" anchors="1783 1833"/>
    <region xml:id="seg-r550" anchors="1835 1837"/>
    <region xml:id="seg-r552" anchors="1838 1841"/>
    <region xml:id="seg-r554" anchors="1842 1846"/>
    <region xml:id="seg-r556" anchors="1847 1854"/>
    <region xml:id="seg-r558" anchors="1855 1864"/>
    <region xml:id="seg-r560" anchors="1865 1875"/>
    <region xml:id="seg-r562" anchors="1876 1880"/>
    <region xml:id="seg-r564" anchors="1881 1884"/>
    <region xml:id="seg-r566" anchors="1885 1893"/>
    <region xml:id="seg-r568" anchors="1894 1897"/>
    <region xml:id="seg-r570" anchors="1898 1908"/>
    <region xml:id="seg-r572" anchors="1909 1915"/>
    <region xml:id="seg-r574" anchors="1916 1919"/>
    <region xml:id="seg-r576" anchors="1920 1924"/>
    <region xml:id="seg-r578" anchors="1925 1933"/>
    <region xml:id="seg-r580" anchors="1934 1938"/>
    <region xml:id="seg-r581" anchors="1938 1939"/>
    <region xml:id="seg-r583" anchors="1940 1943"/>
    <region xml:id="seg-r585" anchors="1944 1948"/>
    <region xml:id="seg-r587" anchors="1949 1952"/>
    <region xml:id="seg-r589" anchors="1953 1963"/>
    <region xml:id="seg-r591" anchors="1964 1966"/>
    <region xml:id="seg-r593" anchors="1967 1971"/>
    <region xml:id="seg-r595" anchors="1972 1976"/>
    <region xml:id="seg-r596" anchors="1976 1977"/>
    <region xml:id="seg-r598" anchors="1978 1986"/>
    <region xml:id="seg-r600" anchors="1987 1990"/>
    <region xml:id="seg-r602" anchors="1991 1994"/>
    <region xml:id="seg-r604" anchors="1995 2000"/>
    <region xml:id="seg-r606" anchors="2001 2009"/>
    <region xml:id="seg-r608" anchors="2010 2012"/>
    <region xml:id="seg-r610" anchors="2013 2015"/>
    <region xml:id="seg-r612" anchors="2016 2022"/>
    <region xml:id="seg-r614" anchors="2023 2026"/>
    <region xml:id="seg-r616" anchors="2027 2033"/>
    <region xml:id="seg-r618" anchors="2034 2042"/>
    <region xml:id="seg-r620" anchors="2043 2047"/>
    <region xml:id="seg-r622" anchors="2048 2051"/>
    <region xml:id="seg-r624" anchors="2052 2059"/>
    <region xml:id="seg-r626" anchors="2060 2068"/>
    <region xml:id="seg-r628" anchors="2069 2072"/>
    <region xml:id="seg-r630" anchors="2073 2083"/>
    <region xml:id="seg-r631" anchors="2083 2084"/>
    <region xml:id="seg-r633" anchors="2085 2087"/>
    <region xml:id="seg-r635" anchors="2088 2091"/>
    <region xml:id="seg-r637" anchors="2092 2096"/>
    <region xml:id="seg-r639" anchors="2097 2100"/>
    <region xml:id="seg-r641" anchors="2101 2110"/>
    <region xml:id="seg-r643" anchors="2111 2121"/>
    <region xml:id="seg-r645" anchors="2122 2126"/>
    <region xml:id="seg-r647" anchors="2127 2130"/>
    <region xml:id="seg-r649" anchors="2131 2139"/>
    <region xml:id="seg-r651" anchors="2140 2143"/>
    <region xml:id="seg-r653" anchors="2144 2154"/>
    <region xml:id="seg-r655" anchors="2155 2161"/>
    <region xml:id="seg-r657" anchors="2162 2165"/>
    <region xml:id="seg-r659" anchors="2166 2170"/>
    <region xml:id="seg-r661" anchors="2171 2179"/>
    <region xml:id="seg-r663" anchors="2180 2184"/>
    <region xml:id="seg-r664" anchors="2184 2185"/>
    <region xml:id="seg-r666" anchors="2186 2190"/>
    <region xml:id="seg-r668" anchors="2191 2194"/>
    <region xml:id="seg-r670" anchors="2195 2199"/>
    <region xml:id="seg-r672" anchors="2200 2202"/>
    <region xml:id="seg-r674" anchors="2203 2205"/>
    <region xml:id="seg-r676" anchors="2206 2212"/>
    <region xml:id="seg-r678" anchors="2213 2216"/>
    <region xml:id="seg-r680" anchors="2217 2222"/>
    <region xml:id="seg-r682" anchors="2223 2225"/>
    <region xml:id="seg-r684" anchors="2226 2230"/>
    <region xml:id="seg-r686" anchors="2231 2238"/>
    <region xml:id="seg-r688" anchors="2239 2241"/>
    <region xml:id="seg-r690" anchors="2242 2246"/>
    <region xml:id="seg-r692" anchors="2247 2254"/>
    <region xml:id="seg-r693" anchors="2254 2255"/>
    <region xml:id="seg-r695" anchors="2256 2259"/>
    <region xml:id="seg-r697" anchors="2260 2271"/>
    <region xml:id="seg-r699" anchors="2272 2276"/>
    <region xml:id="seg-r701" anchors="2277 2281"/>
    <region xml:id="seg-r703" anchors="2282 2287"/>
    <region xml:id="seg-r705" anchors="2288 2291"/>
    <region xml:id="seg-r707" anchors="2292 2294"/>
    <region xml:id="seg-r709" anchors="2295 2302"/>
    <region xml:id="seg-r711" anchors="2303 2306"/>
    <region xml:id="seg-r713" anchors="2307 2319"/>
    <region xml:id="seg-r715" anchors="2320 2327"/>
    <region xml:id="seg-r717" anchors="2328 2332"/>
    <region xml:id="seg-r719" anchors="2333 2343"/>
    <region xml:id="seg-r721" anchors="2344 2351"/>
    <region xml:id="seg-r723" anchors="2352 2356"/>
    <region xml:id="seg-r725" anchors="2357 2361"/>
    <region xml:id="seg-r727" anchors="2362 2365"/>
    <region xml:id="seg-r729" anchors="2366 2374"/>
    <region xml:id="seg-r731" anchors="2375 2377"/>
    <region xml:id="seg-r733" anchors="2378 2384"/>
    <region xml:id="seg-r734" anchors="2384 2385"/>
    <region xml:id="seg-r736" anchors="2386 2388"/>
    <region xml:id="seg-r738" anchors="2389 2392"/>
    <region xml:id="seg-r740" anchors="2393 2397"/>
    <region xml:id="seg-r742" anchors="2398 2401"/>
    <region xml:id="seg-r744" anchors="2402 2411"/>
    <region xml:id="seg-r746" anchors="2412 2422"/>
    <region xml:id="seg-r748" anchors="2423 2426"/>
    <region xml:id="seg-r750" anchors="2427 2435"/>
    <region xml:id="seg-r752" anchors="2436 2438"/>
    <region xml:id="seg-r754" anchors="2439 2449"/>
    <region xml:id="seg-r755" anchors="2449 2450"/>
    <region xml:id="seg-r757" anchors="2451 2457"/>
    <region xml:id="seg-r759" anchors="2458 2462"/>
    <region xml:id="seg-r761" anchors="2463 2466"/>
    <region xml:id="seg-r763" anchors="2467 2472"/>
    <region xml:id="seg-r765" anchors="2473 2475"/>
    <region xml:id="seg-r767" anchors="2476 2485"/>
    <region xml:id="seg-r769" anchors="2486 2487"/>
    <region xml:id="seg-r770" anchors="2487 2488"/>
    <region xml:id="seg-r771" anchors="2488 2492"/>
    <region xml:id="seg-r773" anchors="2493 2495"/>
    <region xml:id="seg-r775" anchors="2496 2501"/>
    <region xml:id="seg-r777" anchors="2502 2507"/>
    <region xml:id="seg-r779" anchors="2508 2510"/>
    <region xml:id="seg-r781" anchors="2511 2520"/>
    <region xml:id="seg-r783" anchors="2521 2522"/>
    <region xml:id="seg-r784" anchors="2522 2523"/>
    <region xml:id="seg-r785" anchors="2523 2527"/>
    <region xml:id="seg-r786" anchors="2527 2528"/>
</graph>
