<graph xmlns="http://www.xces.org/ns/GrAF/1.0/" xmlns:graf="http://www.xces.org/ns/GrAF/1.0/">
  <graphHeader>
    <labelsDecl>
      <labelUsage label="Head" occurs="2"/>
      <labelUsage label="s" occurs="15"/>
      <labelUsage label="q" occurs="4"/>
    </labelsDecl>
    <annotationSpaces>
      <annotationSpace as.id="anc"/>
    </annotationSpaces>
  </graphHeader>
  <region xml:id="s-r0" anchors="3 309"/>
  <node xml:id="s-n0">
    <link targets="s-r0"/>
  </node>
  <a xml:id="s-N65577" label="Head" ref="s-n0" as="anc">
    <fs>
      <f name="type" value="email"/>
    </fs>
  </a>
  <region xml:id="s-r1" anchors="312 340"/>
  <node xml:id="s-n1">
    <link targets="s-r1"/>
  </node>
  <a xml:id="s-N65601" label="s" ref="s-n1" as="anc"/>
  <region xml:id="s-r2" anchors="341 363"/>
  <node xml:id="s-n2">
    <link targets="s-r2"/>
  </node>
  <a xml:id="s-N65617" label="s" ref="s-n2" as="anc"/>
  <region xml:id="s-r3" anchors="369 682"/>
  <node xml:id="s-n3">
    <link targets="s-r3"/>
  </node>
  <a xml:id="s-N65633" label="Head" ref="s-n3" as="anc">
    <fs>
      <f name="type" value="email"/>
    </fs>
  </a>
  <region xml:id="s-r4" anchors="684 733"/>
  <node xml:id="s-n4">
    <link targets="s-r4"/>
  </node>
  <a xml:id="s-N65657" label="s" ref="s-n4" as="anc"/>
  <region xml:id="s-r5" anchors="737 771"/>
  <node xml:id="s-n5">
    <link targets="s-r5"/>
  </node>
  <a xml:id="s-N65673" label="s" ref="s-n5" as="anc"/>
  <region xml:id="s-r6" anchors="775 825"/>
  <node xml:id="s-n6">
    <link targets="s-r6"/>
  </node>
  <a xml:id="s-N65689" label="s" ref="s-n6" as="anc"/>
  <region xml:id="s-r7" anchors="827 883"/>
  <node xml:id="s-n7">
    <link targets="s-r7"/>
  </node>
  <a xml:id="s-N65705" label="s" ref="s-n7" as="anc"/>
  <region xml:id="s-r8" anchors="885 1150"/>
  <node xml:id="s-n8">
    <link targets="s-r8"/>
  </node>
  <a xml:id="s-N65721" label="s" ref="s-n8" as="anc"/>
  <region xml:id="s-r9" anchors="999 1004"/>
  <node xml:id="s-n9">
    <link targets="s-r9"/>
  </node>
  <a xml:id="s-N65737" label="q" ref="s-n9" as="anc"/>
  <region xml:id="s-r10" anchors="1123 1148"/>
  <node xml:id="s-n10">
    <link targets="s-r10"/>
  </node>
  <a xml:id="s-N65753" label="q" ref="s-n10" as="anc"/>
  <region xml:id="s-r11" anchors="1151 1459"/>
  <node xml:id="s-n11">
    <link targets="s-r11"/>
  </node>
  <a xml:id="s-N65769" label="s" ref="s-n11" as="anc"/>
  <region xml:id="s-r12" anchors="1346 1359"/>
  <node xml:id="s-n12">
    <link targets="s-r12"/>
  </node>
  <a xml:id="s-N65785" label="q" ref="s-n12" as="anc"/>
  <region xml:id="s-r13" anchors="1419 1435"/>
  <node xml:id="s-n13">
    <link targets="s-r13"/>
  </node>
  <a xml:id="s-N65801" label="q" ref="s-n13" as="anc"/>
  <region xml:id="s-r14" anchors="1459 1549"/>
  <node xml:id="s-n14">
    <link targets="s-r14"/>
  </node>
  <a xml:id="s-N65817" label="s" ref="s-n14" as="anc"/>
  <region xml:id="s-r15" anchors="1550 1723"/>
  <node xml:id="s-n15">
    <link targets="s-r15"/>
  </node>
  <a xml:id="s-N65833" label="s" ref="s-n15" as="anc"/>
  <region xml:id="s-r16" anchors="1724 1833"/>
  <node xml:id="s-n16">
    <link targets="s-r16"/>
  </node>
  <a xml:id="s-N65849" label="s" ref="s-n16" as="anc"/>
  <region xml:id="s-r17" anchors="1835 2084"/>
  <node xml:id="s-n17">
    <link targets="s-r17"/>
  </node>
  <a xml:id="s-N65865" label="s" ref="s-n17" as="anc"/>
  <region xml:id="s-r18" anchors="2085 2255"/>
  <node xml:id="s-n18">
    <link targets="s-r18"/>
  </node>
  <a xml:id="s-N65881" label="s" ref="s-n18" as="anc"/>
  <region xml:id="s-r19" anchors="2256 2385"/>
  <node xml:id="s-n19">
    <link targets="s-r19"/>
  </node>
  <a xml:id="s-N65897" label="s" ref="s-n19" as="anc"/>
  <region xml:id="s-r20" anchors="2386 2528"/>
  <node xml:id="s-n20">
    <link targets="s-r20"/>
  </node>
  <a xml:id="s-N65913" label="s" ref="s-n20" as="anc"/>
</graph>
