<?xml version="1.0" encoding="UTF-8"?><graph xmlns="http://www.xces.org/ns/GrAF/1.0/" xmlns:graf="http://www.xces.org/ns/GrAF/1.0/">
    <graphHeader>
        <labelsDecl>
            <labelUsage label="nchunk" occurs="41"/>
        </labelsDecl>
        <dependencies>
            <dependsOn f.id="f.penn"/>
        </dependencies>
        <annotationSpaces>
            <annotationSpace as.id="anc"/>
        </annotationSpaces>
    </graphHeader>
    <node xml:id="nc-n0"/>
    <a xml:id="nc-N65567" label="nchunk" ref="nc-n0" as="anc"/>
    <node xml:id="nc-n1"/>
    <a xml:id="nc-N65583" label="nchunk" ref="nc-n1" as="anc"/>
    <node xml:id="nc-n10"/>
    <a xml:id="nc-N65599" label="nchunk" ref="nc-n10" as="anc"/>
    <node xml:id="nc-n11"/>
    <a xml:id="nc-N65615" label="nchunk" ref="nc-n11" as="anc"/>
    <node xml:id="nc-n12"/>
    <a xml:id="nc-N65631" label="nchunk" ref="nc-n12" as="anc"/>
    <node xml:id="nc-n13"/>
    <a xml:id="nc-N65647" label="nchunk" ref="nc-n13" as="anc"/>
    <node xml:id="nc-n14"/>
    <a xml:id="nc-N65663" label="nchunk" ref="nc-n14" as="anc"/>
    <node xml:id="nc-n15"/>
    <a xml:id="nc-N65679" label="nchunk" ref="nc-n15" as="anc"/>
    <node xml:id="nc-n16"/>
    <a xml:id="nc-N65695" label="nchunk" ref="nc-n16" as="anc"/>
    <node xml:id="nc-n17"/>
    <a xml:id="nc-N65711" label="nchunk" ref="nc-n17" as="anc"/>
    <node xml:id="nc-n18"/>
    <a xml:id="nc-N65727" label="nchunk" ref="nc-n18" as="anc"/>
    <node xml:id="nc-n19"/>
    <a xml:id="nc-N65743" label="nchunk" ref="nc-n19" as="anc"/>
    <node xml:id="nc-n2"/>
    <a xml:id="nc-N65759" label="nchunk" ref="nc-n2" as="anc"/>
    <node xml:id="nc-n20"/>
    <a xml:id="nc-N65775" label="nchunk" ref="nc-n20" as="anc"/>
    <node xml:id="nc-n21"/>
    <a xml:id="nc-N65791" label="nchunk" ref="nc-n21" as="anc"/>
    <node xml:id="nc-n22"/>
    <a xml:id="nc-N65807" label="nchunk" ref="nc-n22" as="anc"/>
    <node xml:id="nc-n23"/>
    <a xml:id="nc-N65823" label="nchunk" ref="nc-n23" as="anc"/>
    <node xml:id="nc-n24"/>
    <a xml:id="nc-N65839" label="nchunk" ref="nc-n24" as="anc"/>
    <node xml:id="nc-n25"/>
    <a xml:id="nc-N65855" label="nchunk" ref="nc-n25" as="anc"/>
    <node xml:id="nc-n26"/>
    <a xml:id="nc-N65871" label="nchunk" ref="nc-n26" as="anc"/>
    <node xml:id="nc-n27"/>
    <a xml:id="nc-N65887" label="nchunk" ref="nc-n27" as="anc"/>
    <node xml:id="nc-n28"/>
    <a xml:id="nc-N65903" label="nchunk" ref="nc-n28" as="anc"/>
    <node xml:id="nc-n29"/>
    <a xml:id="nc-N65919" label="nchunk" ref="nc-n29" as="anc"/>
    <node xml:id="nc-n3"/>
    <a xml:id="nc-N65935" label="nchunk" ref="nc-n3" as="anc"/>
    <node xml:id="nc-n30"/>
    <a xml:id="nc-N65955" label="nchunk" ref="nc-n30" as="anc"/>
    <node xml:id="nc-n31"/>
    <a xml:id="nc-N65971" label="nchunk" ref="nc-n31" as="anc"/>
    <node xml:id="nc-n32"/>
    <a xml:id="nc-N65987" label="nchunk" ref="nc-n32" as="anc"/>
    <node xml:id="nc-n33"/>
    <a xml:id="nc-N66003" label="nchunk" ref="nc-n33" as="anc"/>
    <node xml:id="nc-n34"/>
    <a xml:id="nc-N66019" label="nchunk" ref="nc-n34" as="anc"/>
    <node xml:id="nc-n35"/>
    <a xml:id="nc-N66035" label="nchunk" ref="nc-n35" as="anc"/>
    <node xml:id="nc-n36"/>
    <a xml:id="nc-N66051" label="nchunk" ref="nc-n36" as="anc"/>
    <node xml:id="nc-n37"/>
    <a xml:id="nc-N66067" label="nchunk" ref="nc-n37" as="anc"/>
    <node xml:id="nc-n38"/>
    <a xml:id="nc-N66083" label="nchunk" ref="nc-n38" as="anc"/>
    <node xml:id="nc-n39"/>
    <a xml:id="nc-N66099" label="nchunk" ref="nc-n39" as="anc"/>
    <node xml:id="nc-n4"/>
    <a xml:id="nc-N66115" label="nchunk" ref="nc-n4" as="anc"/>
    <node xml:id="nc-n40"/>
    <a xml:id="nc-N66135" label="nchunk" ref="nc-n40" as="anc"/>
    <node xml:id="nc-n5"/>
    <a xml:id="nc-N66151" label="nchunk" ref="nc-n5" as="anc"/>
    <node xml:id="nc-n6"/>
    <a xml:id="nc-N66171" label="nchunk" ref="nc-n6" as="anc"/>
    <node xml:id="nc-n7"/>
    <a xml:id="nc-N66191" label="nchunk" ref="nc-n7" as="anc"/>
    <node xml:id="nc-n8"/>
    <a xml:id="nc-N66211" label="nchunk" ref="nc-n8" as="anc"/>
    <node xml:id="nc-n9"/>
    <a xml:id="nc-N66227" label="nchunk" ref="nc-n9" as="anc"/>
    <edge xml:id="nc-lnk59" from="nc-n33" to="penn-n132"/>
    <edge xml:id="nc-lnk58" from="nc-n32" to="penn-n128"/>
    <edge xml:id="nc-lnk57" from="nc-n31" to="penn-n121"/>
    <edge xml:id="nc-lnk56" from="nc-n30" to="penn-n119"/>
    <edge xml:id="nc-lnk55" from="nc-n29" to="penn-n117"/>
    <edge xml:id="nc-lnk54" from="nc-n28" to="penn-n112"/>
    <edge xml:id="nc-lnk53" from="nc-n27" to="penn-n109"/>
    <edge xml:id="nc-lnk52" from="nc-n27" to="penn-n108"/>
    <edge xml:id="nc-lnk51" from="nc-n26" to="penn-n106"/>
    <edge xml:id="nc-lnk50" from="nc-n25" to="penn-n104"/>
    <edge xml:id="nc-lnk9" from="nc-n3" to="penn-n13"/>
    <edge xml:id="nc-lnk8" from="nc-n3" to="penn-n12"/>
    <edge xml:id="nc-lnk7" from="nc-n3" to="penn-n11"/>
    <edge xml:id="nc-lnk6" from="nc-n3" to="penn-n10"/>
    <edge xml:id="nc-lnk5" from="nc-n3" to="penn-n9"/>
    <edge xml:id="nc-lnk4" from="nc-n3" to="penn-n8"/>
    <edge xml:id="nc-lnk3" from="nc-n3" to="penn-n7"/>
    <edge xml:id="nc-lnk2" from="nc-n2" to="penn-n5"/>
    <edge xml:id="nc-lnk1" from="nc-n1" to="penn-n3"/>
    <edge xml:id="nc-lnk0" from="nc-n0" to="penn-n0"/>
    <edge xml:id="nc-lnk49" from="nc-n24" to="penn-n101"/>
    <edge xml:id="nc-lnk48" from="nc-n23" to="penn-n99"/>
    <edge xml:id="nc-lnk47" from="nc-n22" to="penn-n87"/>
    <edge xml:id="nc-lnk46" from="nc-n22" to="penn-n86"/>
    <edge xml:id="nc-lnk45" from="nc-n21" to="penn-n82"/>
    <edge xml:id="nc-lnk44" from="nc-n20" to="penn-n78"/>
    <edge xml:id="nc-lnk43" from="nc-n19" to="penn-n73"/>
    <edge xml:id="nc-lnk42" from="nc-n18" to="penn-n72"/>
    <edge xml:id="nc-lnk41" from="nc-n17" to="penn-n70"/>
    <edge xml:id="nc-lnk40" from="nc-n17" to="penn-n69"/>
    <edge xml:id="nc-lnk39" from="nc-n17" to="penn-n68"/>
    <edge xml:id="nc-lnk38" from="nc-n17" to="penn-n67"/>
    <edge xml:id="nc-lnk37" from="nc-n16" to="penn-n65"/>
    <edge xml:id="nc-lnk36" from="nc-n16" to="penn-n64"/>
    <edge xml:id="nc-lnk35" from="nc-n15" to="penn-n58"/>
    <edge xml:id="nc-lnk34" from="nc-n15" to="penn-n57"/>
    <edge xml:id="nc-lnk33" from="nc-n15" to="penn-n56"/>
    <edge xml:id="nc-lnk32" from="nc-n14" to="penn-n47"/>
    <edge xml:id="nc-lnk31" from="nc-n14" to="penn-n46"/>
    <edge xml:id="nc-lnk30" from="nc-n13" to="penn-n45"/>
    <edge xml:id="nc-lnk29" from="nc-n12" to="penn-n43"/>
    <edge xml:id="nc-lnk28" from="nc-n12" to="penn-n42"/>
    <edge xml:id="nc-lnk27" from="nc-n11" to="penn-n41"/>
    <edge xml:id="nc-lnk26" from="nc-n11" to="penn-n40"/>
    <edge xml:id="nc-lnk25" from="nc-n10" to="penn-n38"/>
    <edge xml:id="nc-lnk24" from="nc-n10" to="penn-n37"/>
    <edge xml:id="nc-lnk23" from="nc-n10" to="penn-n36"/>
    <edge xml:id="nc-lnk22" from="nc-n9" to="penn-n33"/>
    <edge xml:id="nc-lnk21" from="nc-n8" to="penn-n31"/>
    <edge xml:id="nc-lnk20" from="nc-n7" to="penn-n30"/>
    <edge xml:id="nc-lnk19" from="nc-n6" to="penn-n28"/>
    <edge xml:id="nc-lnk18" from="nc-n5" to="penn-n26"/>
    <edge xml:id="nc-lnk17" from="nc-n5" to="penn-n25"/>
    <edge xml:id="nc-lnk16" from="nc-n5" to="penn-n24"/>
    <edge xml:id="nc-lnk15" from="nc-n5" to="penn-n23"/>
    <edge xml:id="nc-lnk14" from="nc-n4" to="penn-n20"/>
    <edge xml:id="nc-lnk13" from="nc-n3" to="penn-n17"/>
    <edge xml:id="nc-lnk12" from="nc-n3" to="penn-n16"/>
    <edge xml:id="nc-lnk11" from="nc-n3" to="penn-n15"/>
    <edge xml:id="nc-lnk10" from="nc-n3" to="penn-n14"/>
    <edge xml:id="nc-lnk72" from="nc-n40" to="penn-n158"/>
    <edge xml:id="nc-lnk71" from="nc-n39" to="penn-n156"/>
    <edge xml:id="nc-lnk70" from="nc-n39" to="penn-n155"/>
    <edge xml:id="nc-lnk69" from="nc-n38" to="penn-n154"/>
    <edge xml:id="nc-lnk68" from="nc-n37" to="penn-n152"/>
    <edge xml:id="nc-lnk67" from="nc-n37" to="penn-n151"/>
    <edge xml:id="nc-lnk66" from="nc-n36" to="penn-n145"/>
    <edge xml:id="nc-lnk65" from="nc-n36" to="penn-n144"/>
    <edge xml:id="nc-lnk64" from="nc-n36" to="penn-n143"/>
    <edge xml:id="nc-lnk63" from="nc-n36" to="penn-n142"/>
    <edge xml:id="nc-lnk62" from="nc-n35" to="penn-n140"/>
    <edge xml:id="nc-lnk61" from="nc-n34" to="penn-n136"/>
    <edge xml:id="nc-lnk60" from="nc-n34" to="penn-n135"/>
</graph>
