<?xml version="1.0" encoding="UTF-8"?><graph xmlns="http://www.xces.org/ns/GrAF/1.0/" xmlns:graf="http://www.xces.org/ns/GrAF/1.0/">
    <graphHeader>
        <labelsDecl>
        </labelsDecl>
    </graphHeader>
    <region xml:id="seg-r0" anchors="3 13"/>
    <region xml:id="seg-r1" anchors="13 14"/>
    <region xml:id="seg-r3" anchors="15 16"/>
    <region xml:id="seg-r4" anchors="16 58"/>
    <region xml:id="seg-r5" anchors="58 59"/>
    <region xml:id="seg-r7" anchors="60 64"/>
    <region xml:id="seg-r8" anchors="64 65"/>
    <region xml:id="seg-r10" anchors="66 69"/>
    <region xml:id="seg-r11" anchors="69 70"/>
    <region xml:id="seg-r13" anchors="71 73"/>
    <region xml:id="seg-r15" anchors="74 77"/>
    <region xml:id="seg-r17" anchors="78 82"/>
    <region xml:id="seg-r19" anchors="83 91"/>
    <region xml:id="seg-r21" anchors="92 93"/>
    <region xml:id="seg-r22" anchors="93 97"/>
    <region xml:id="seg-r24" anchors="98 99"/>
    <region xml:id="seg-r25" anchors="99 102"/>
    <region xml:id="seg-r26" anchors="102 103"/>
    <region xml:id="seg-r28" anchors="104 108"/>
    <region xml:id="seg-r29" anchors="108 109"/>
    <region xml:id="seg-r31" anchors="110 130"/>
    <region xml:id="seg-r33" anchors="131 133"/>
    <region xml:id="seg-r34" anchors="133 134"/>
    <region xml:id="seg-r36" anchors="135 136"/>
    <region xml:id="seg-r37" anchors="136 137"/>
    <region xml:id="seg-r38" anchors="137 138"/>
    <region xml:id="seg-r39" anchors="138 155"/>
    <region xml:id="seg-r40" anchors="155 156"/>
    <region xml:id="seg-r42" anchors="157 180"/>
    <region xml:id="seg-r43" anchors="180 181"/>
    <region xml:id="seg-r45" anchors="182 205"/>
    <region xml:id="seg-r47" anchors="206 213"/>
    <region xml:id="seg-r48" anchors="213 214"/>
    <region xml:id="seg-r50" anchors="215 223"/>
    <region xml:id="seg-r52" anchors="224 229"/>
    <region xml:id="seg-r54" anchors="230 232"/>
    <region xml:id="seg-r56" anchors="233 238"/>
    <region xml:id="seg-r58" anchors="239 244"/>
    <region xml:id="seg-r60" anchors="245 253"/>
    <region xml:id="seg-r62" anchors="254 256"/>
    <region xml:id="seg-r64" anchors="257 261"/>
    <region xml:id="seg-r66" anchors="262 266"/>
    <region xml:id="seg-r68" anchors="267 272"/>
    <region xml:id="seg-r69" anchors="272 279"/>
    <region xml:id="seg-r70" anchors="279 280"/>
    <region xml:id="seg-r72" anchors="281 284"/>
    <region xml:id="seg-r74" anchors="285 293"/>
    <region xml:id="seg-r75" anchors="293 297"/>
    <region xml:id="seg-r76" anchors="297 298"/>
    <region xml:id="seg-r78" anchors="299 303"/>
    <region xml:id="seg-r79" anchors="303 304"/>
    <region xml:id="seg-r80" anchors="304 309"/>
    <region xml:id="seg-r81" anchors="309 310"/>
    <region xml:id="seg-r83" anchors="311 318"/>
    <region xml:id="seg-r84" anchors="318 319"/>
    <region xml:id="seg-r85" anchors="319 327"/>
    <region xml:id="seg-r87" anchors="328 336"/>
    <region xml:id="seg-r88" anchors="336 345"/>
    <region xml:id="seg-r89" anchors="345 353"/>
    <region xml:id="seg-r90" anchors="353 354"/>
    <region xml:id="seg-r92" anchors="355 356"/>
    <region xml:id="seg-r93" anchors="356 359"/>
    <region xml:id="seg-r95" anchors="362 370"/>
    <region xml:id="seg-r97" anchors="371 374"/>
    <region xml:id="seg-r99" anchors="375 384"/>
    <region xml:id="seg-r101" anchors="385 393"/>
    <region xml:id="seg-r103" anchors="394 396"/>
    <region xml:id="seg-r105" anchors="397 400"/>
    <region xml:id="seg-r107" anchors="401 406"/>
    <region xml:id="seg-r109" anchors="407 411"/>
    <region xml:id="seg-r111" anchors="412 416"/>
    <region xml:id="seg-r113" anchors="417 420"/>
    <region xml:id="seg-r115" anchors="421 426"/>
    <region xml:id="seg-r117" anchors="427 429"/>
    <region xml:id="seg-r119" anchors="430 434"/>
    <region xml:id="seg-r121" anchors="435 440"/>
    <region xml:id="seg-r123" anchors="441 443"/>
    <region xml:id="seg-r125" anchors="444 451"/>
    <region xml:id="seg-r127" anchors="452 460"/>
    <region xml:id="seg-r129" anchors="461 463"/>
    <region xml:id="seg-r131" anchors="464 469"/>
    <region xml:id="seg-r132" anchors="469 470"/>
    <region xml:id="seg-r134" anchors="472 475"/>
    <region xml:id="seg-r136" anchors="476 480"/>
    <region xml:id="seg-r138" anchors="481 484"/>
    <region xml:id="seg-r140" anchors="485 489"/>
    <region xml:id="seg-r142" anchors="490 493"/>
    <region xml:id="seg-r144" anchors="494 502"/>
    <region xml:id="seg-r146" anchors="503 505"/>
    <region xml:id="seg-r148" anchors="506 507"/>
    <region xml:id="seg-r150" anchors="508 512"/>
    <region xml:id="seg-r151" anchors="512 513"/>
    <region xml:id="seg-r153" anchors="514 517"/>
    <region xml:id="seg-r155" anchors="518 524"/>
    <region xml:id="seg-r157" anchors="525 527"/>
    <region xml:id="seg-r159" anchors="528 530"/>
    <region xml:id="seg-r161" anchors="531 537"/>
    <region xml:id="seg-r162" anchors="537 538"/>
    <region xml:id="seg-r164" anchors="540 545"/>
    <region xml:id="seg-r166" anchors="546 547"/>
    <region xml:id="seg-r168" anchors="548 553"/>
    <region xml:id="seg-r170" anchors="554 558"/>
    <region xml:id="seg-r172" anchors="559 566"/>
    <region xml:id="seg-r174" anchors="567 571"/>
    <region xml:id="seg-r176" anchors="572 579"/>
    <region xml:id="seg-r178" anchors="580 585"/>
    <region xml:id="seg-r180" anchors="586 593"/>
    <region xml:id="seg-r182" anchors="594 596"/>
    <region xml:id="seg-r184" anchors="597 602"/>
    <region xml:id="seg-r186" anchors="603 611"/>
    <region xml:id="seg-r188" anchors="612 617"/>
    <region xml:id="seg-r189" anchors="617 618"/>
    <region xml:id="seg-r191" anchors="619 620"/>
    <region xml:id="seg-r193" anchors="621 626"/>
    <region xml:id="seg-r195" anchors="627 631"/>
    <region xml:id="seg-r197" anchors="632 634"/>
    <region xml:id="seg-r199" anchors="635 638"/>
    <region xml:id="seg-r201" anchors="639 648"/>
    <region xml:id="seg-r203" anchors="649 651"/>
    <region xml:id="seg-r205" anchors="652 656"/>
    <region xml:id="seg-r207" anchors="657 659"/>
    <region xml:id="seg-r209" anchors="660 663"/>
    <region xml:id="seg-r211" anchors="664 666"/>
    <region xml:id="seg-r213" anchors="667 669"/>
    <region xml:id="seg-r215" anchors="670 673"/>
    <region xml:id="seg-r217" anchors="674 682"/>
    <region xml:id="seg-r218" anchors="682 683"/>
    <region xml:id="seg-r220" anchors="685 686"/>
    <region xml:id="seg-r221" anchors="686 687"/>
    <region xml:id="seg-r223" anchors="688 692"/>
    <region xml:id="seg-r225" anchors="693 695"/>
    <region xml:id="seg-r227" anchors="696 698"/>
    <region xml:id="seg-r229" anchors="699 707"/>
    <region xml:id="seg-r231" anchors="708 716"/>
    <region xml:id="seg-r233" anchors="717 719"/>
    <region xml:id="seg-r235" anchors="720 723"/>
    <region xml:id="seg-r237" anchors="724 729"/>
    <region xml:id="seg-r238" anchors="729 730"/>
    <region xml:id="seg-r239" anchors="730 731"/>
    <region xml:id="seg-r241" anchors="733 737"/>
    <region xml:id="seg-r243" anchors="738 747"/>
    <region xml:id="seg-r245" anchors="748 751"/>
    <region xml:id="seg-r247" anchors="752 755"/>
    <region xml:id="seg-r249" anchors="756 761"/>
    <region xml:id="seg-r251" anchors="762 766"/>
    <region xml:id="seg-r253" anchors="767 773"/>
    <region xml:id="seg-r254" anchors="773 774"/>
    <region xml:id="seg-r256" anchors="775 781"/>
    <region xml:id="seg-r258" anchors="782 786"/>
    <region xml:id="seg-r260" anchors="787 789"/>
    <region xml:id="seg-r262" anchors="790 796"/>
    <region xml:id="seg-r264" anchors="797 801"/>
    <region xml:id="seg-r266" anchors="802 810"/>
    <region xml:id="seg-r268" anchors="811 813"/>
    <region xml:id="seg-r270" anchors="814 816"/>
    <region xml:id="seg-r272" anchors="817 821"/>
    <region xml:id="seg-r274" anchors="822 831"/>
    <region xml:id="seg-r275" anchors="831 832"/>
    <region xml:id="seg-r277" anchors="834 838"/>
</graph>
