<graph xmlns="http://www.xces.org/ns/GrAF/1.0/" xmlns:graf="http://www.xces.org/ns/GrAF/1.0/">
  <graphHeader>
    <labelsDecl>
      <labelUsage label="person" occurs="1"/>
      <labelUsage label="org" occurs="4"/>
      <labelUsage label="date" occurs="5"/>
    </labelsDecl>
    <dependencies>
      <dependsOn f.id="f.penn"/>
    </dependencies>
    <annotationSpaces>
      <annotationSpace as.id="anc"/>
    </annotationSpaces>
  </graphHeader>
  <node xml:id="ne-n0"/>
  <a xml:id="ne-N65575" label="date" ref="ne-n0" as="anc">
    <fs>
      <f name="kind" value="dateTime"/>
    </fs>
  </a>
  <node xml:id="ne-n1"/>
  <a xml:id="ne-N65591" label="org" ref="ne-n1" as="anc">
    <fs>
      <f name="type" value="company"/>
      <f name="id" value="231"/>
    </fs>
  </a>
  <node xml:id="ne-n2"/>
  <a xml:id="ne-N65611" label="org" ref="ne-n2" as="anc">
    <fs>
      <f name="id" value="23"/>
      <f name="type" value="company"/>
    </fs>
  </a>
  <node xml:id="ne-n3"/>
  <a xml:id="ne-N65631" label="org" ref="ne-n3" as="anc">
    <fs>
      <f name="id" value="22"/>
      <f name="type" value="company"/>
    </fs>
  </a>
  <node xml:id="ne-n4"/>
  <a xml:id="ne-N65651" label="date" ref="ne-n4" as="anc">
    <fs>
      <f name="kind" value="date"/>
    </fs>
  </a>
  <node xml:id="ne-n5"/>
  <a xml:id="ne-N65667" label="org" ref="ne-n5" as="anc">
    <fs>
      <f name="id" value="211"/>
      <f name="type" value="company"/>
    </fs>
  </a>
  <node xml:id="ne-n6"/>
  <a xml:id="ne-N65687" label="date" ref="ne-n6" as="anc">
    <fs>
      <f name="kind" value="date"/>
    </fs>
  </a>
  <node xml:id="ne-n7"/>
  <a xml:id="ne-N65703" label="date" ref="ne-n7" as="anc">
    <fs>
      <f name="kind" value="date"/>
    </fs>
  </a>
  <node xml:id="ne-n8"/>
  <a xml:id="ne-N65719" label="date" ref="ne-n8" as="anc">
    <fs>
      <f name="kind" value="date"/>
    </fs>
  </a>
  <node xml:id="ne-n9"/>
  <a xml:id="ne-N65735" label="person" ref="ne-n9" as="anc">
    <fs>
      <f name="sex" value="male"/>
      <f name="id" value="235"/>
    </fs>
  </a>
  <edge xml:id="ne-lnk19" from="ne-n8" to="penn-n156"/>
  <edge xml:id="ne-lnk18" from="ne-n8" to="penn-n155"/>
  <edge xml:id="ne-lnk17" from="ne-n7" to="penn-n133"/>
  <edge xml:id="ne-lnk16" from="ne-n6" to="penn-n110"/>
  <edge xml:id="ne-lnk15" from="ne-n5" to="penn-n101"/>
  <edge xml:id="ne-lnk14" from="ne-n4" to="penn-n80"/>
  <edge xml:id="ne-lnk13" from="ne-n3" to="penn-n69"/>
  <edge xml:id="ne-lnk12" from="ne-n2" to="penn-n40"/>
  <edge xml:id="ne-lnk11" from="ne-n1" to="penn-n37"/>
  <edge xml:id="ne-lnk10" from="ne-n0" to="penn-n17"/>
  <edge xml:id="ne-lnk9" from="ne-n0" to="penn-n16"/>
  <edge xml:id="ne-lnk8" from="ne-n0" to="penn-n15"/>
  <edge xml:id="ne-lnk7" from="ne-n0" to="penn-n14"/>
  <edge xml:id="ne-lnk6" from="ne-n0" to="penn-n13"/>
  <edge xml:id="ne-lnk5" from="ne-n0" to="penn-n12"/>
  <edge xml:id="ne-lnk4" from="ne-n0" to="penn-n11"/>
  <edge xml:id="ne-lnk3" from="ne-n0" to="penn-n10"/>
  <edge xml:id="ne-lnk2" from="ne-n0" to="penn-n9"/>
  <edge xml:id="ne-lnk1" from="ne-n0" to="penn-n8"/>
  <edge xml:id="ne-lnk20" from="ne-n9" to="penn-n158"/>
  <edge xml:id="ne-lnk0" from="ne-n0" to="penn-n7"/>
</graph>
