<?xml version="1.0" encoding="UTF-8"?><graph xmlns="http://www.xces.org/ns/GrAF/1.0/" xmlns:graf="http://www.xces.org/ns/GrAF/1.0/">
    <graphHeader>
        <labelsDecl>
        </labelsDecl>
    </graphHeader>
    <region xml:id="seg-r0" anchors="3 13"/>
    <region xml:id="seg-r1" anchors="13 14"/>
    <region xml:id="seg-r3" anchors="15 16"/>
    <region xml:id="seg-r4" anchors="16 58"/>
    <region xml:id="seg-r5" anchors="58 59"/>
    <region xml:id="seg-r7" anchors="60 64"/>
    <region xml:id="seg-r8" anchors="64 65"/>
    <region xml:id="seg-r10" anchors="66 69"/>
    <region xml:id="seg-r11" anchors="69 70"/>
    <region xml:id="seg-r13" anchors="71 73"/>
    <region xml:id="seg-r15" anchors="74 77"/>
    <region xml:id="seg-r17" anchors="78 82"/>
    <region xml:id="seg-r19" anchors="83 91"/>
    <region xml:id="seg-r21" anchors="92 93"/>
    <region xml:id="seg-r22" anchors="93 97"/>
    <region xml:id="seg-r24" anchors="98 99"/>
    <region xml:id="seg-r25" anchors="99 102"/>
    <region xml:id="seg-r26" anchors="102 103"/>
    <region xml:id="seg-r28" anchors="104 108"/>
    <region xml:id="seg-r29" anchors="108 109"/>
    <region xml:id="seg-r31" anchors="110 131"/>
    <region xml:id="seg-r33" anchors="132 139"/>
    <region xml:id="seg-r34" anchors="139 140"/>
    <region xml:id="seg-r36" anchors="141 151"/>
    <region xml:id="seg-r38" anchors="152 155"/>
    <region xml:id="seg-r40" anchors="156 168"/>
    <region xml:id="seg-r42" anchors="169 170"/>
    <region xml:id="seg-r44" anchors="171 176"/>
    <region xml:id="seg-r46" anchors="177 182"/>
    <region xml:id="seg-r48" anchors="183 188"/>
    <region xml:id="seg-r50" anchors="189 194"/>
    <region xml:id="seg-r51" anchors="194 201"/>
    <region xml:id="seg-r52" anchors="201 202"/>
    <region xml:id="seg-r54" anchors="203 206"/>
    <region xml:id="seg-r56" anchors="207 215"/>
    <region xml:id="seg-r57" anchors="215 219"/>
    <region xml:id="seg-r58" anchors="219 220"/>
    <region xml:id="seg-r60" anchors="221 225"/>
    <region xml:id="seg-r61" anchors="225 226"/>
    <region xml:id="seg-r62" anchors="226 231"/>
    <region xml:id="seg-r63" anchors="231 232"/>
    <region xml:id="seg-r65" anchors="233 240"/>
    <region xml:id="seg-r66" anchors="240 241"/>
    <region xml:id="seg-r67" anchors="241 249"/>
    <region xml:id="seg-r69" anchors="250 258"/>
    <region xml:id="seg-r70" anchors="258 267"/>
    <region xml:id="seg-r71" anchors="267 275"/>
    <region xml:id="seg-r72" anchors="275 276"/>
    <region xml:id="seg-r74" anchors="277 278"/>
    <region xml:id="seg-r75" anchors="278 281"/>
    <region xml:id="seg-r77" anchors="284 292"/>
    <region xml:id="seg-r79" anchors="293 295"/>
    <region xml:id="seg-r81" anchors="296 299"/>
    <region xml:id="seg-r83" anchors="300 305"/>
    <region xml:id="seg-r85" anchors="306 315"/>
    <region xml:id="seg-r87" anchors="316 318"/>
    <region xml:id="seg-r89" anchors="319 324"/>
    <region xml:id="seg-r91" anchors="325 330"/>
    <region xml:id="seg-r92" anchors="330 331"/>
    <region xml:id="seg-r94" anchors="333 341"/>
    <region xml:id="seg-r96" anchors="342 348"/>
    <region xml:id="seg-r98" anchors="349 351"/>
    <region xml:id="seg-r100" anchors="352 360"/>
    <region xml:id="seg-r102" anchors="361 363"/>
    <region xml:id="seg-r104" anchors="364 369"/>
    <region xml:id="seg-r106" anchors="370 374"/>
    <region xml:id="seg-r108" anchors="375 379"/>
    <region xml:id="seg-r110" anchors="380 382"/>
    <region xml:id="seg-r112" anchors="383 386"/>
    <region xml:id="seg-r114" anchors="387 389"/>
    <region xml:id="seg-r116" anchors="390 396"/>
    <region xml:id="seg-r117" anchors="396 397"/>
    <region xml:id="seg-r119" anchors="398 404"/>
    <region xml:id="seg-r121" anchors="405 407"/>
    <region xml:id="seg-r122" anchors="407 408"/>
    <region xml:id="seg-r124" anchors="409 412"/>
    <region xml:id="seg-r126" anchors="413 421"/>
    <region xml:id="seg-r128" anchors="422 425"/>
    <region xml:id="seg-r130" anchors="426 437"/>
    <region xml:id="seg-r132" anchors="438 442"/>
    <region xml:id="seg-r134" anchors="443 445"/>
    <region xml:id="seg-r136" anchors="446 448"/>
    <region xml:id="seg-r138" anchors="449 451"/>
    <region xml:id="seg-r140" anchors="452 459"/>
    <region xml:id="seg-r142" anchors="460 463"/>
    <region xml:id="seg-r144" anchors="464 467"/>
    <region xml:id="seg-r146" anchors="468 470"/>
    <region xml:id="seg-r148" anchors="471 476"/>
    <region xml:id="seg-r150" anchors="477 478"/>
    <region xml:id="seg-r151" anchors="478 481"/>
    <region xml:id="seg-r153" anchors="482 484"/>
    <region xml:id="seg-r154" anchors="484 490"/>
    <region xml:id="seg-r155" anchors="490 491"/>
    <region xml:id="seg-r157" anchors="492 494"/>
    <region xml:id="seg-r159" anchors="495 498"/>
    <region xml:id="seg-r161" anchors="499 506"/>
    <region xml:id="seg-r163" anchors="507 509"/>
    <region xml:id="seg-r165" anchors="510 513"/>
    <region xml:id="seg-r166" anchors="513 514"/>
    <region xml:id="seg-r167" anchors="514 517"/>
    <region xml:id="seg-r168" anchors="517 518"/>
    <region xml:id="seg-r169" anchors="518 522"/>
    <region xml:id="seg-r170" anchors="522 523"/>
    <region xml:id="seg-r172" anchors="525 529"/>
    <region xml:id="seg-r173" anchors="529 530"/>
    <region xml:id="seg-r175" anchors="531 533"/>
    <region xml:id="seg-r177" anchors="534 538"/>
    <region xml:id="seg-r179" anchors="539 549"/>
    <region xml:id="seg-r181" anchors="550 552"/>
    <region xml:id="seg-r183" anchors="553 554"/>
    <region xml:id="seg-r185" anchors="555 563"/>
    <region xml:id="seg-r187" anchors="564 572"/>
    <region xml:id="seg-r188" anchors="572 573"/>
    <region xml:id="seg-r190" anchors="574 580"/>
    <region xml:id="seg-r192" anchors="581 586"/>
    <region xml:id="seg-r194" anchors="587 590"/>
    <region xml:id="seg-r196" anchors="591 594"/>
    <region xml:id="seg-r198" anchors="595 600"/>
    <region xml:id="seg-r200" anchors="601 609"/>
    <region xml:id="seg-r202" anchors="610 613"/>
    <region xml:id="seg-r204" anchors="614 619"/>
    <region xml:id="seg-r206" anchors="620 627"/>
    <region xml:id="seg-r208" anchors="628 630"/>
    <region xml:id="seg-r210" anchors="631 642"/>
    <region xml:id="seg-r212" anchors="643 647"/>
    <region xml:id="seg-r214" anchors="648 651"/>
    <region xml:id="seg-r216" anchors="652 661"/>
    <region xml:id="seg-r218" anchors="662 665"/>
    <region xml:id="seg-r220" anchors="666 671"/>
    <region xml:id="seg-r222" anchors="672 675"/>
    <region xml:id="seg-r224" anchors="676 681"/>
    <region xml:id="seg-r226" anchors="682 687"/>
    <region xml:id="seg-r228" anchors="688 691"/>
    <region xml:id="seg-r230" anchors="692 700"/>
    <region xml:id="seg-r231" anchors="700 701"/>
    <region xml:id="seg-r233" anchors="703 709"/>
    <region xml:id="seg-r235" anchors="710 712"/>
    <region xml:id="seg-r237" anchors="713 719"/>
    <region xml:id="seg-r238" anchors="719 720"/>
    <region xml:id="seg-r240" anchors="721 725"/>
    <region xml:id="seg-r242" anchors="726 733"/>
    <region xml:id="seg-r244" anchors="734 739"/>
    <region xml:id="seg-r246" anchors="740 745"/>
    <region xml:id="seg-r248" anchors="746 747"/>
    <region xml:id="seg-r250" anchors="750 758"/>
    <region xml:id="seg-r252" anchors="759 764"/>
    <region xml:id="seg-r254" anchors="765 768"/>
    <region xml:id="seg-r256" anchors="769 774"/>
    <region xml:id="seg-r258" anchors="775 778"/>
    <region xml:id="seg-r260" anchors="779 783"/>
    <region xml:id="seg-r262" anchors="784 787"/>
    <region xml:id="seg-r264" anchors="788 792"/>
    <region xml:id="seg-r266" anchors="793 799"/>
    <region xml:id="seg-r267" anchors="799 800"/>
    <region xml:id="seg-r269" anchors="801 805"/>
    <region xml:id="seg-r271" anchors="806 816"/>
    <region xml:id="seg-r272" anchors="816 817"/>
    <region xml:id="seg-r274" anchors="818 822"/>
    <region xml:id="seg-r276" anchors="824 829"/>
    <region xml:id="seg-r278" anchors="830 832"/>
    <region xml:id="seg-r279" anchors="832 833"/>
    <region xml:id="seg-r281" anchors="834 835"/>
    <region xml:id="seg-r282" anchors="835 838"/>
    <region xml:id="seg-r283" anchors="838 839"/>
    <region xml:id="seg-r285" anchors="840 843"/>
    <region xml:id="seg-r286" anchors="843 844"/>
    <region xml:id="seg-r287" anchors="844 848"/>
    <region xml:id="seg-r289" anchors="849 852"/>
    <region xml:id="seg-r290" anchors="852 853"/>
    <region xml:id="seg-r292" anchors="854 855"/>
    <region xml:id="seg-r293" anchors="855 858"/>
    <region xml:id="seg-r294" anchors="858 859"/>
    <region xml:id="seg-r296" anchors="860 863"/>
    <region xml:id="seg-r297" anchors="863 864"/>
    <region xml:id="seg-r298" anchors="864 868"/>
    <region xml:id="seg-r300" anchors="869 890"/>
    <region xml:id="seg-r302" anchors="892 893"/>
    <region xml:id="seg-r303" anchors="893 896"/>
    <region xml:id="seg-r305" anchors="897 905"/>
    <region xml:id="seg-r307" anchors="906 910"/>
    <region xml:id="seg-r308" anchors="910 911"/>
    <region xml:id="seg-r310" anchors="912 915"/>
    <region xml:id="seg-r312" anchors="916 922"/>
    <region xml:id="seg-r314" anchors="923 928"/>
    <region xml:id="seg-r316" anchors="929 930"/>
    <region xml:id="seg-r317" anchors="930 931"/>
    <region xml:id="seg-r318" anchors="931 933"/>
    <region xml:id="seg-r319" anchors="933 934"/>
    <region xml:id="seg-r320" anchors="934 936"/>
    <region xml:id="seg-r321" anchors="936 937"/>
    <region xml:id="seg-r322" anchors="937 940"/>
    <region xml:id="seg-r323" anchors="940 941"/>
    <region xml:id="seg-r324" anchors="941 942"/>
    <region xml:id="seg-r325" anchors="942 945"/>
    <region xml:id="seg-r327" anchors="946 954"/>
    <region xml:id="seg-r329" anchors="955 959"/>
    <region xml:id="seg-r330" anchors="959 960"/>
    <region xml:id="seg-r332" anchors="961 968"/>
    <region xml:id="seg-r334" anchors="969 978"/>
    <region xml:id="seg-r335" anchors="978 979"/>
    <region xml:id="seg-r336" anchors="979 980"/>
    <region xml:id="seg-r337" anchors="980 983"/>
    <region xml:id="seg-r339" anchors="984 992"/>
    <region xml:id="seg-r341" anchors="993 997"/>
    <region xml:id="seg-r342" anchors="997 998"/>
    <region xml:id="seg-r344" anchors="999 1006"/>
    <region xml:id="seg-r346" anchors="1007 1016"/>
    <region xml:id="seg-r347" anchors="1016 1017"/>
    <region xml:id="seg-r348" anchors="1017 1018"/>
    <region xml:id="seg-r349" anchors="1018 1021"/>
    <region xml:id="seg-r351" anchors="1022 1030"/>
    <region xml:id="seg-r353" anchors="1031 1035"/>
    <region xml:id="seg-r354" anchors="1035 1036"/>
    <region xml:id="seg-r356" anchors="1037 1044"/>
    <region xml:id="seg-r358" anchors="1045 1054"/>
    <region xml:id="seg-r359" anchors="1054 1055"/>
    <region xml:id="seg-r360" anchors="1055 1056"/>
    <region xml:id="seg-r361" anchors="1056 1059"/>
    <region xml:id="seg-r363" anchors="1060 1068"/>
    <region xml:id="seg-r365" anchors="1069 1073"/>
    <region xml:id="seg-r366" anchors="1073 1074"/>
    <region xml:id="seg-r368" anchors="1075 1082"/>
    <region xml:id="seg-r370" anchors="1083 1092"/>
    <region xml:id="seg-r371" anchors="1092 1093"/>
    <region xml:id="seg-r372" anchors="1093 1094"/>
    <region xml:id="seg-r373" anchors="1094 1097"/>
    <region xml:id="seg-r375" anchors="1098 1106"/>
    <region xml:id="seg-r377" anchors="1107 1111"/>
    <region xml:id="seg-r378" anchors="1111 1112"/>
    <region xml:id="seg-r380" anchors="1113 1120"/>
    <region xml:id="seg-r382" anchors="1121 1130"/>
    <region xml:id="seg-r383" anchors="1130 1131"/>
    <region xml:id="seg-r385" anchors="1133 1148"/>
    <region xml:id="seg-r387" anchors="1149 1153"/>
    <region xml:id="seg-r388" anchors="1153 1154"/>
    <region xml:id="seg-r390" anchors="1155 1159"/>
    <region xml:id="seg-r392" anchors="1160 1165"/>
    <region xml:id="seg-r394" anchors="1166 1173"/>
    <region xml:id="seg-r396" anchors="1174 1176"/>
    <region xml:id="seg-r398" anchors="1177 1185"/>
    <region xml:id="seg-r400" anchors="1186 1192"/>
    <region xml:id="seg-r402" anchors="1193 1196"/>
    <region xml:id="seg-r404" anchors="1197 1200"/>
    <region xml:id="seg-r406" anchors="1201 1211"/>
    <region xml:id="seg-r408" anchors="1212 1214"/>
    <region xml:id="seg-r410" anchors="1215 1226"/>
    <region xml:id="seg-r412" anchors="1227 1232"/>
    <region xml:id="seg-r414" anchors="1233 1238"/>
    <region xml:id="seg-r415" anchors="1238 1239"/>
    <region xml:id="seg-r417" anchors="1241 1243"/>
    <region xml:id="seg-r419" anchors="1244 1247"/>
    <region xml:id="seg-r421" anchors="1248 1255"/>
    <region xml:id="seg-r423" anchors="1256 1268"/>
    <region xml:id="seg-r425" anchors="1269 1284"/>
    <region xml:id="seg-r427" anchors="1285 1295"/>
    <region xml:id="seg-r429" anchors="1296 1307"/>
    <region xml:id="seg-r431" anchors="1308 1311"/>
    <region xml:id="seg-r432" anchors="1311 1312"/>
    <region xml:id="seg-r433" anchors="1312 1314"/>
    <region xml:id="seg-r435" anchors="1315 1323"/>
    <region xml:id="seg-r437" anchors="1324 1328"/>
    <region xml:id="seg-r439" anchors="1329 1336"/>
    <region xml:id="seg-r440" anchors="1336 1337"/>
    <region xml:id="seg-r442" anchors="1339 1341"/>
    <region xml:id="seg-r444" anchors="1342 1345"/>
    <region xml:id="seg-r446" anchors="1346 1352"/>
    <region xml:id="seg-r448" anchors="1353 1355"/>
    <region xml:id="seg-r450" anchors="1356 1360"/>
    <region xml:id="seg-r452" anchors="1361 1368"/>
    <region xml:id="seg-r454" anchors="1369 1371"/>
    <region xml:id="seg-r456" anchors="1372 1375"/>
    <region xml:id="seg-r458" anchors="1376 1379"/>
    <region xml:id="seg-r460" anchors="1380 1388"/>
    <region xml:id="seg-r462" anchors="1389 1398"/>
    <region xml:id="seg-r463" anchors="1398 1399"/>
    <region xml:id="seg-r465" anchors="1400 1403"/>
    <region xml:id="seg-r467" anchors="1404 1407"/>
    <region xml:id="seg-r469" anchors="1408 1417"/>
    <region xml:id="seg-r471" anchors="1418 1421"/>
    <region xml:id="seg-r473" anchors="1422 1424"/>
    <region xml:id="seg-r475" anchors="1425 1429"/>
    <region xml:id="seg-r476" anchors="1429 1430"/>
    <region xml:id="seg-r478" anchors="1431 1435"/>
    <region xml:id="seg-r480" anchors="1436 1438"/>
    <region xml:id="seg-r482" anchors="1439 1449"/>
    <region xml:id="seg-r484" anchors="1450 1452"/>
    <region xml:id="seg-r486" anchors="1453 1455"/>
    <region xml:id="seg-r488" anchors="1456 1459"/>
    <region xml:id="seg-r490" anchors="1460 1462"/>
    <region xml:id="seg-r492" anchors="1463 1466"/>
    <region xml:id="seg-r494" anchors="1467 1478"/>
    <region xml:id="seg-r496" anchors="1479 1481"/>
    <region xml:id="seg-r498" anchors="1482 1490"/>
    <region xml:id="seg-r499" anchors="1490 1491"/>
    <region xml:id="seg-r501" anchors="1493 1499"/>
    <region xml:id="seg-r503" anchors="1500 1506"/>
    <region xml:id="seg-r505" anchors="1507 1509"/>
    <region xml:id="seg-r507" anchors="1510 1521"/>
    <region xml:id="seg-r509" anchors="1522 1525"/>
    <region xml:id="seg-r511" anchors="1526 1532"/>
    <region xml:id="seg-r513" anchors="1533 1536"/>
    <region xml:id="seg-r515" anchors="1537 1543"/>
    <region xml:id="seg-r517" anchors="1544 1546"/>
    <region xml:id="seg-r519" anchors="1547 1553"/>
    <region xml:id="seg-r521" anchors="1554 1559"/>
    <region xml:id="seg-r523" anchors="1560 1562"/>
    <region xml:id="seg-r525" anchors="1563 1565"/>
    <region xml:id="seg-r527" anchors="1566 1575"/>
    <region xml:id="seg-r528" anchors="1575 1576"/>
    <region xml:id="seg-r530" anchors="1578 1583"/>
    <region xml:id="seg-r532" anchors="1584 1587"/>
    <region xml:id="seg-r533" anchors="1587 1588"/>
    <region xml:id="seg-r535" anchors="1592 1593"/>
    <region xml:id="seg-r536" anchors="1593 1594"/>
    <region xml:id="seg-r537" anchors="1594 1597"/>
    <region xml:id="seg-r539" anchors="1598 1604"/>
    <region xml:id="seg-r541" anchors="1605 1610"/>
    <region xml:id="seg-r543" anchors="1611 1612"/>
    <region xml:id="seg-r544" anchors="1612 1613"/>
    <region xml:id="seg-r545" anchors="1613 1615"/>
    <region xml:id="seg-r546" anchors="1615 1616"/>
    <region xml:id="seg-r547" anchors="1616 1618"/>
    <region xml:id="seg-r548" anchors="1618 1619"/>
    <region xml:id="seg-r549" anchors="1619 1622"/>
    <region xml:id="seg-r550" anchors="1622 1623"/>
    <region xml:id="seg-r551" anchors="1623 1624"/>
    <region xml:id="seg-r553" anchors="1626 1627"/>
    <region xml:id="seg-r554" anchors="1627 1628"/>
    <region xml:id="seg-r555" anchors="1628 1635"/>
    <region xml:id="seg-r557" anchors="1636 1645"/>
    <region xml:id="seg-r558" anchors="1645 1646"/>
    <region xml:id="seg-r559" anchors="1646 1647"/>
    <region xml:id="seg-r561" anchors="1649 1650"/>
    <region xml:id="seg-r562" anchors="1650 1651"/>
    <region xml:id="seg-r563" anchors="1651 1658"/>
    <region xml:id="seg-r565" anchors="1661 1670"/>
    <region xml:id="seg-r566" anchors="1670 1671"/>
    <region xml:id="seg-r567" anchors="1671 1672"/>
    <region xml:id="seg-r569" anchors="1674 1675"/>
    <region xml:id="seg-r570" anchors="1675 1676"/>
    <region xml:id="seg-r571" anchors="1676 1683"/>
    <region xml:id="seg-r573" anchors="1684 1693"/>
    <region xml:id="seg-r574" anchors="1693 1694"/>
    <region xml:id="seg-r575" anchors="1694 1695"/>
    <region xml:id="seg-r577" anchors="1697 1698"/>
    <region xml:id="seg-r578" anchors="1698 1699"/>
    <region xml:id="seg-r579" anchors="1699 1706"/>
    <region xml:id="seg-r581" anchors="1707 1716"/>
    <region xml:id="seg-r582" anchors="1716 1717"/>
    <region xml:id="seg-r583" anchors="1717 1718"/>
    <region xml:id="seg-r585" anchors="1720 1721"/>
    <region xml:id="seg-r586" anchors="1721 1722"/>
    <region xml:id="seg-r587" anchors="1722 1729"/>
    <region xml:id="seg-r589" anchors="1732 1741"/>
    <region xml:id="seg-r590" anchors="1741 1742"/>
    <region xml:id="seg-r591" anchors="1742 1743"/>
    <region xml:id="seg-r593" anchors="1746 1747"/>
    <region xml:id="seg-r595" anchors="1748 1751"/>
    <region xml:id="seg-r597" anchors="1752 1758"/>
    <region xml:id="seg-r599" anchors="1759 1764"/>
    <region xml:id="seg-r601" anchors="1765 1766"/>
    <region xml:id="seg-r602" anchors="1766 1767"/>
    <region xml:id="seg-r603" anchors="1767 1769"/>
    <region xml:id="seg-r604" anchors="1769 1770"/>
    <region xml:id="seg-r605" anchors="1770 1772"/>
    <region xml:id="seg-r606" anchors="1772 1773"/>
    <region xml:id="seg-r607" anchors="1773 1776"/>
    <region xml:id="seg-r609" anchors="1779 1780"/>
    <region xml:id="seg-r611" anchors="1781 1788"/>
    <region xml:id="seg-r613" anchors="1789 1798"/>
    <region xml:id="seg-r615" anchors="1801 1802"/>
    <region xml:id="seg-r617" anchors="1803 1810"/>
    <region xml:id="seg-r619" anchors="1811 1820"/>
    <region xml:id="seg-r621" anchors="1823 1824"/>
    <region xml:id="seg-r623" anchors="1825 1832"/>
    <region xml:id="seg-r625" anchors="1833 1842"/>
    <region xml:id="seg-r627" anchors="1845 1846"/>
    <region xml:id="seg-r629" anchors="1847 1854"/>
    <region xml:id="seg-r631" anchors="1855 1864"/>
    <region xml:id="seg-r633" anchors="1867 1868"/>
    <region xml:id="seg-r635" anchors="1869 1876"/>
    <region xml:id="seg-r637" anchors="1877 1886"/>
</graph>
