<graph xmlns="http://www.xces.org/ns/GrAF/1.0/" xmlns:graf="http://www.xces.org/ns/GrAF/1.0/">
  <graphHeader>
    <labelsDecl>
      <labelUsage label="person" occurs="12"/>
      <labelUsage label="location" occurs="2"/>
      <labelUsage label="date" occurs="5"/>
      <labelUsage label="org" occurs="1"/>
    </labelsDecl>
    <dependencies>
      <dependsOn f.id="f.penn"/>
    </dependencies>
    <annotationSpaces>
      <annotationSpace as.id="anc"/>
    </annotationSpaces>
  </graphHeader>
  <node xml:id="ne-n0"/>
  <a xml:id="ne-N65579" label="date" ref="ne-n0" as="anc">
    <fs>
      <f name="id" value="2939438"/>
      <f name="kind" value="dateTime"/>
    </fs>
  </a>
  <node xml:id="ne-n1"/>
  <a xml:id="ne-N65599" label="person" ref="ne-n1" as="anc">
    <fs>
      <f name="id" value="523"/>
      <f name="sex" value="male"/>
    </fs>
  </a>
  <node xml:id="ne-n10"/>
  <a xml:id="ne-N65619" label="person" ref="ne-n10" as="anc">
    <fs>
      <f name="id" value="5298888"/>
      <f name="sex" value="male"/>
    </fs>
  </a>
  <node xml:id="ne-n11"/>
  <a xml:id="ne-N65639" label="person" ref="ne-n11" as="anc">
    <fs>
      <f name="id" value="5308"/>
      <f name="sex" value="male"/>
    </fs>
  </a>
  <node xml:id="ne-n12"/>
  <a xml:id="ne-N65659" label="location" ref="ne-n12" as="anc">
    <fs>
      <f name="id" value="9901"/>
      <f name="type" value="highway_street"/>
    </fs>
  </a>
  <node xml:id="ne-n13"/>
  <a xml:id="ne-N65679" label="location" ref="ne-n13" as="anc">
    <fs>
      <f name="type" value="city"/>
      <f name="id" value="530"/>
    </fs>
  </a>
  <node xml:id="ne-n14"/>
  <a xml:id="ne-N65699" label="person" ref="ne-n14" as="anc">
    <fs>
      <f name="sex" value="male"/>
      <f name="id" value="4688"/>
    </fs>
  </a>
  <node xml:id="ne-n15"/>
  <a xml:id="ne-N65719" label="date" ref="ne-n15" as="anc">
    <fs>
      <f name="kind" value="date"/>
      <f name="id" value="334688"/>
    </fs>
  </a>
  <node xml:id="ne-n16"/>
  <a xml:id="ne-N65739" label="person" ref="ne-n16" as="anc">
    <fs>
      <f name="sex" value="male"/>
      <f name="id" value="5038"/>
    </fs>
  </a>
  <node xml:id="ne-n17"/>
  <a xml:id="ne-N65759" label="date" ref="ne-n17" as="anc">
    <fs>
      <f name="kind" value="date"/>
      <f name="id" value="33503"/>
    </fs>
  </a>
  <node xml:id="ne-n18"/>
  <a xml:id="ne-N65779" label="person" ref="ne-n18" as="anc">
    <fs>
      <f name="id" value="5108"/>
      <f name="sex" value="male"/>
    </fs>
  </a>
  <node xml:id="ne-n19"/>
  <a xml:id="ne-N65799" label="date" ref="ne-n19" as="anc">
    <fs>
      <f name="kind" value="date"/>
      <f name="id" value="33510"/>
    </fs>
  </a>
  <node xml:id="ne-n2"/>
  <a xml:id="ne-N65819" label="person" ref="ne-n2" as="anc">
    <fs>
      <f name="sex" value="male"/>
      <f name="person" value="third"/>
      <f name="number" value="singular"/>
      <f name="case" value="objective"/>
      <f name="id" value="524"/>
    </fs>
  </a>
  <node xml:id="ne-n3"/>
  <a xml:id="ne-N65851" label="date" ref="ne-n3" as="anc">
    <fs>
      <f name="id" value="39399"/>
      <f name="kind" value="dateTime"/>
    </fs>
  </a>
  <node xml:id="ne-n4"/>
  <a xml:id="ne-N65871" label="person" ref="ne-n4" as="anc">
    <fs>
      <f name="sex" value="male"/>
      <f name="case" value="objective"/>
      <f name="person" value="third"/>
      <f name="number" value="singular"/>
      <f name="id" value="527"/>
    </fs>
  </a>
  <node xml:id="ne-n5"/>
  <a xml:id="ne-N65903" label="person" ref="ne-n5" as="anc">
    <fs>
      <f name="sex" value="male"/>
      <f name="id" value="528"/>
    </fs>
  </a>
  <node xml:id="ne-n6"/>
  <a xml:id="ne-N65923" label="org" ref="ne-n6" as="anc">
    <fs>
      <f name="id" value="529"/>
      <f name="type" value="company"/>
    </fs>
  </a>
  <node xml:id="ne-n7"/>
  <a xml:id="ne-N65943" label="person" ref="ne-n7" as="anc">
    <fs>
      <f name="id" value="5298"/>
      <f name="sex" value="male"/>
    </fs>
  </a>
  <node xml:id="ne-n8"/>
  <a xml:id="ne-N65963" label="person" ref="ne-n8" as="anc">
    <fs>
      <f name="id" value="52988"/>
      <f name="sex" value="male"/>
    </fs>
  </a>
  <node xml:id="ne-n9"/>
  <a xml:id="ne-N65983" label="person" ref="ne-n9" as="anc">
    <fs>
      <f name="sex" value="male"/>
      <f name="id" value="529888"/>
    </fs>
  </a>
  <edge xml:id="ne-lnk39" from="ne-n11" to="penn-n145"/>
  <edge xml:id="ne-lnk38" from="ne-n10" to="penn-n144"/>
  <edge xml:id="ne-lnk37" from="ne-n9" to="penn-n142"/>
  <edge xml:id="ne-lnk36" from="ne-n8" to="penn-n141"/>
  <edge xml:id="ne-lnk35" from="ne-n7" to="penn-n140"/>
  <edge xml:id="ne-lnk66" from="ne-n19" to="penn-n364"/>
  <edge xml:id="ne-lnk34" from="ne-n6" to="penn-n146"/>
  <edge xml:id="ne-lnk65" from="ne-n19" to="penn-n363"/>
  <edge xml:id="ne-lnk33" from="ne-n6" to="penn-n145"/>
  <edge xml:id="ne-lnk64" from="ne-n19" to="penn-n362"/>
  <edge xml:id="ne-lnk32" from="ne-n6" to="penn-n144"/>
  <edge xml:id="ne-lnk63" from="ne-n19" to="penn-n361"/>
  <edge xml:id="ne-lnk31" from="ne-n6" to="penn-n143"/>
  <edge xml:id="ne-lnk62" from="ne-n19" to="penn-n360"/>
  <edge xml:id="ne-lnk30" from="ne-n6" to="penn-n142"/>
  <edge xml:id="ne-lnk61" from="ne-n18" to="penn-n358"/>
  <edge xml:id="ne-lnk60" from="ne-n17" to="penn-n321"/>
  <edge xml:id="ne-lnk9" from="ne-n0" to="penn-n16"/>
  <edge xml:id="ne-lnk8" from="ne-n0" to="penn-n15"/>
  <edge xml:id="ne-lnk7" from="ne-n0" to="penn-n14"/>
  <edge xml:id="ne-lnk6" from="ne-n0" to="penn-n13"/>
  <edge xml:id="ne-lnk5" from="ne-n0" to="penn-n12"/>
  <edge xml:id="ne-lnk4" from="ne-n0" to="penn-n11"/>
  <edge xml:id="ne-lnk3" from="ne-n0" to="penn-n10"/>
  <edge xml:id="ne-lnk2" from="ne-n0" to="penn-n9"/>
  <edge xml:id="ne-lnk1" from="ne-n0" to="penn-n8"/>
  <edge xml:id="ne-lnk0" from="ne-n0" to="penn-n7"/>
  <edge xml:id="ne-lnk29" from="ne-n6" to="penn-n141"/>
  <edge xml:id="ne-lnk28" from="ne-n6" to="penn-n140"/>
  <edge xml:id="ne-lnk59" from="ne-n17" to="penn-n320"/>
  <edge xml:id="ne-lnk27" from="ne-n5" to="penn-n137"/>
  <edge xml:id="ne-lnk58" from="ne-n17" to="penn-n319"/>
  <edge xml:id="ne-lnk26" from="ne-n5" to="penn-n136"/>
  <edge xml:id="ne-lnk57" from="ne-n17" to="penn-n318"/>
  <edge xml:id="ne-lnk25" from="ne-n5" to="penn-n135"/>
  <edge xml:id="ne-lnk56" from="ne-n17" to="penn-n317"/>
  <edge xml:id="ne-lnk24" from="ne-n4" to="penn-n95"/>
  <edge xml:id="ne-lnk55" from="ne-n16" to="penn-n315"/>
  <edge xml:id="ne-lnk23" from="ne-n4" to="penn-n94"/>
  <edge xml:id="ne-lnk54" from="ne-n15" to="penn-n188"/>
  <edge xml:id="ne-lnk22" from="ne-n3" to="penn-n73"/>
  <edge xml:id="ne-lnk53" from="ne-n15" to="penn-n187"/>
  <edge xml:id="ne-lnk21" from="ne-n3" to="penn-n72"/>
  <edge xml:id="ne-lnk52" from="ne-n15" to="penn-n186"/>
  <edge xml:id="ne-lnk20" from="ne-n3" to="penn-n71"/>
  <edge xml:id="ne-lnk51" from="ne-n15" to="penn-n185"/>
  <edge xml:id="ne-lnk50" from="ne-n15" to="penn-n184"/>
  <edge xml:id="ne-lnk19" from="ne-n3" to="penn-n70"/>
  <edge xml:id="ne-lnk18" from="ne-n3" to="penn-n69"/>
  <edge xml:id="ne-lnk49" from="ne-n14" to="penn-n182"/>
  <edge xml:id="ne-lnk17" from="ne-n3" to="penn-n68"/>
  <edge xml:id="ne-lnk48" from="ne-n13" to="penn-n157"/>
  <edge xml:id="ne-lnk16" from="ne-n3" to="penn-n67"/>
  <edge xml:id="ne-lnk47" from="ne-n13" to="penn-n156"/>
  <edge xml:id="ne-lnk15" from="ne-n3" to="penn-n66"/>
  <edge xml:id="ne-lnk46" from="ne-n13" to="penn-n155"/>
  <edge xml:id="ne-lnk14" from="ne-n2" to="penn-n57"/>
  <edge xml:id="ne-lnk45" from="ne-n12" to="penn-n154"/>
  <edge xml:id="ne-lnk13" from="ne-n2" to="penn-n56"/>
  <edge xml:id="ne-lnk44" from="ne-n12" to="penn-n153"/>
  <edge xml:id="ne-lnk12" from="ne-n1" to="penn-n28"/>
  <edge xml:id="ne-lnk43" from="ne-n12" to="penn-n152"/>
  <edge xml:id="ne-lnk11" from="ne-n1" to="penn-n27"/>
  <edge xml:id="ne-lnk42" from="ne-n12" to="penn-n151"/>
  <edge xml:id="ne-lnk10" from="ne-n0" to="penn-n17"/>
  <edge xml:id="ne-lnk41" from="ne-n12" to="penn-n150"/>
  <edge xml:id="ne-lnk40" from="ne-n12" to="penn-n149"/>
</graph>
