<?xml version="1.0" encoding="UTF-8"?><graph xmlns="http://www.xces.org/ns/GrAF/1.0/" xmlns:graf="http://www.xces.org/ns/GrAF/1.0/">
    <graphHeader>
        <labelsDecl>
        </labelsDecl>
    </graphHeader>
    <region xml:id="seg-r0" anchors="3 13"/>
    <region xml:id="seg-r1" anchors="13 14"/>
    <region xml:id="seg-r3" anchors="15 16"/>
    <region xml:id="seg-r4" anchors="16 58"/>
    <region xml:id="seg-r5" anchors="58 59"/>
    <region xml:id="seg-r7" anchors="60 64"/>
    <region xml:id="seg-r8" anchors="64 65"/>
    <region xml:id="seg-r10" anchors="66 69"/>
    <region xml:id="seg-r11" anchors="69 70"/>
    <region xml:id="seg-r13" anchors="71 73"/>
    <region xml:id="seg-r15" anchors="74 77"/>
    <region xml:id="seg-r17" anchors="78 82"/>
    <region xml:id="seg-r19" anchors="83 91"/>
    <region xml:id="seg-r21" anchors="92 93"/>
    <region xml:id="seg-r22" anchors="93 97"/>
    <region xml:id="seg-r24" anchors="98 99"/>
    <region xml:id="seg-r25" anchors="99 102"/>
    <region xml:id="seg-r26" anchors="102 103"/>
    <region xml:id="seg-r28" anchors="104 108"/>
    <region xml:id="seg-r29" anchors="108 109"/>
    <region xml:id="seg-r31" anchors="110 121"/>
    <region xml:id="seg-r33" anchors="122 124"/>
    <region xml:id="seg-r34" anchors="124 125"/>
    <region xml:id="seg-r36" anchors="126 151"/>
    <region xml:id="seg-r38" anchors="152 159"/>
    <region xml:id="seg-r39" anchors="159 160"/>
    <region xml:id="seg-r41" anchors="161 171"/>
    <region xml:id="seg-r43" anchors="172 175"/>
    <region xml:id="seg-r45" anchors="176 188"/>
    <region xml:id="seg-r47" anchors="189 190"/>
    <region xml:id="seg-r49" anchors="191 202"/>
    <region xml:id="seg-r51" anchors="203 210"/>
    <region xml:id="seg-r53" anchors="211 216"/>
    <region xml:id="seg-r55" anchors="217 222"/>
    <region xml:id="seg-r56" anchors="222 229"/>
    <region xml:id="seg-r57" anchors="229 230"/>
    <region xml:id="seg-r59" anchors="231 234"/>
    <region xml:id="seg-r61" anchors="235 243"/>
    <region xml:id="seg-r62" anchors="243 247"/>
    <region xml:id="seg-r63" anchors="247 248"/>
    <region xml:id="seg-r65" anchors="249 253"/>
    <region xml:id="seg-r66" anchors="253 254"/>
    <region xml:id="seg-r67" anchors="254 259"/>
    <region xml:id="seg-r68" anchors="259 260"/>
    <region xml:id="seg-r70" anchors="261 268"/>
    <region xml:id="seg-r71" anchors="268 269"/>
    <region xml:id="seg-r72" anchors="269 277"/>
    <region xml:id="seg-r74" anchors="278 286"/>
    <region xml:id="seg-r75" anchors="286 295"/>
    <region xml:id="seg-r76" anchors="295 303"/>
    <region xml:id="seg-r77" anchors="303 304"/>
    <region xml:id="seg-r79" anchors="305 306"/>
    <region xml:id="seg-r80" anchors="306 309"/>
    <region xml:id="seg-r82" anchors="312 320"/>
    <region xml:id="seg-r84" anchors="321 323"/>
    <region xml:id="seg-r86" anchors="324 327"/>
    <region xml:id="seg-r88" anchors="328 333"/>
    <region xml:id="seg-r90" anchors="334 343"/>
    <region xml:id="seg-r92" anchors="344 346"/>
    <region xml:id="seg-r94" anchors="347 358"/>
    <region xml:id="seg-r96" anchors="359 366"/>
    <region xml:id="seg-r97" anchors="366 367"/>
    <region xml:id="seg-r99" anchors="368 370"/>
    <region xml:id="seg-r101" anchors="371 377"/>
    <region xml:id="seg-r103" anchors="378 380"/>
    <region xml:id="seg-r105" anchors="381 387"/>
    <region xml:id="seg-r107" anchors="388 394"/>
    <region xml:id="seg-r108" anchors="394 395"/>
    <region xml:id="seg-r110" anchors="397 399"/>
    <region xml:id="seg-r112" anchors="400 408"/>
    <region xml:id="seg-r113" anchors="408 409"/>
    <region xml:id="seg-r115" anchors="410 412"/>
    <region xml:id="seg-r117" anchors="413 418"/>
    <region xml:id="seg-r119" anchors="419 429"/>
    <region xml:id="seg-r121" anchors="430 438"/>
    <region xml:id="seg-r123" anchors="439 441"/>
    <region xml:id="seg-r125" anchors="442 447"/>
    <region xml:id="seg-r127" anchors="448 452"/>
    <region xml:id="seg-r129" anchors="453 457"/>
    <region xml:id="seg-r131" anchors="458 460"/>
    <region xml:id="seg-r133" anchors="461 464"/>
    <region xml:id="seg-r135" anchors="465 467"/>
    <region xml:id="seg-r137" anchors="468 474"/>
    <region xml:id="seg-r138" anchors="474 475"/>
    <region xml:id="seg-r140" anchors="476 482"/>
    <region xml:id="seg-r142" anchors="483 485"/>
    <region xml:id="seg-r143" anchors="485 486"/>
    <region xml:id="seg-r145" anchors="488 496"/>
    <region xml:id="seg-r147" anchors="497 500"/>
    <region xml:id="seg-r149" anchors="501 503"/>
    <region xml:id="seg-r151" anchors="504 509"/>
    <region xml:id="seg-r153" anchors="510 512"/>
    <region xml:id="seg-r155" anchors="513 515"/>
    <region xml:id="seg-r157" anchors="516 525"/>
    <region xml:id="seg-r159" anchors="526 528"/>
    <region xml:id="seg-r161" anchors="529 536"/>
    <region xml:id="seg-r162" anchors="536 537"/>
    <region xml:id="seg-r163" anchors="537 541"/>
    <region xml:id="seg-r165" anchors="542 544"/>
    <region xml:id="seg-r167" anchors="545 552"/>
    <region xml:id="seg-r169" anchors="553 555"/>
    <region xml:id="seg-r171" anchors="556 567"/>
    <region xml:id="seg-r173" anchors="568 570"/>
    <region xml:id="seg-r175" anchors="571 582"/>
    <region xml:id="seg-r177" anchors="583 584"/>
    <region xml:id="seg-r178" anchors="584 588"/>
    <region xml:id="seg-r180" anchors="589 596"/>
    <region xml:id="seg-r181" anchors="596 597"/>
    <region xml:id="seg-r182" anchors="597 598"/>
    <region xml:id="seg-r184" anchors="600 605"/>
    <region xml:id="seg-r186" anchors="606 609"/>
    <region xml:id="seg-r187" anchors="609 610"/>
    <region xml:id="seg-r189" anchors="612 618"/>
    <region xml:id="seg-r191" anchors="619 623"/>
    <region xml:id="seg-r193" anchors="624 628"/>
    <region xml:id="seg-r195" anchors="629 632"/>
    <region xml:id="seg-r197" anchors="633 637"/>
    <region xml:id="seg-r199" anchors="638 645"/>
    <region xml:id="seg-r200" anchors="645 646"/>
    <region xml:id="seg-r202" anchors="647 651"/>
    <region xml:id="seg-r204" anchors="652 656"/>
    <region xml:id="seg-r206" anchors="657 663"/>
    <region xml:id="seg-r208" anchors="664 673"/>
    <region xml:id="seg-r210" anchors="674 680"/>
    <region xml:id="seg-r212" anchors="681 683"/>
    <region xml:id="seg-r214" anchors="684 694"/>
    <region xml:id="seg-r216" anchors="695 697"/>
    <region xml:id="seg-r218" anchors="698 703"/>
    <region xml:id="seg-r220" anchors="704 711"/>
    <region xml:id="seg-r221" anchors="711 712"/>
    <region xml:id="seg-r222" anchors="712 716"/>
    <region xml:id="seg-r224" anchors="717 728"/>
    <region xml:id="seg-r226" anchors="730 734"/>
    <region xml:id="seg-r228" anchors="735 740"/>
    <region xml:id="seg-r230" anchors="741 748"/>
    <region xml:id="seg-r232" anchors="749 751"/>
    <region xml:id="seg-r234" anchors="752 760"/>
    <region xml:id="seg-r236" anchors="761 767"/>
    <region xml:id="seg-r238" anchors="768 771"/>
    <region xml:id="seg-r240" anchors="772 775"/>
    <region xml:id="seg-r242" anchors="776 786"/>
    <region xml:id="seg-r244" anchors="787 789"/>
    <region xml:id="seg-r246" anchors="790 801"/>
    <region xml:id="seg-r248" anchors="802 807"/>
    <region xml:id="seg-r250" anchors="808 813"/>
    <region xml:id="seg-r251" anchors="813 814"/>
    <region xml:id="seg-r253" anchors="816 818"/>
    <region xml:id="seg-r255" anchors="819 822"/>
    <region xml:id="seg-r257" anchors="823 830"/>
    <region xml:id="seg-r259" anchors="831 843"/>
    <region xml:id="seg-r261" anchors="844 859"/>
    <region xml:id="seg-r263" anchors="860 870"/>
    <region xml:id="seg-r265" anchors="871 882"/>
    <region xml:id="seg-r267" anchors="883 886"/>
    <region xml:id="seg-r268" anchors="886 887"/>
    <region xml:id="seg-r269" anchors="887 889"/>
    <region xml:id="seg-r271" anchors="890 898"/>
    <region xml:id="seg-r273" anchors="899 903"/>
    <region xml:id="seg-r275" anchors="904 911"/>
    <region xml:id="seg-r276" anchors="911 912"/>
    <region xml:id="seg-r278" anchors="914 916"/>
    <region xml:id="seg-r280" anchors="917 920"/>
    <region xml:id="seg-r282" anchors="921 927"/>
    <region xml:id="seg-r284" anchors="928 930"/>
    <region xml:id="seg-r286" anchors="931 935"/>
    <region xml:id="seg-r288" anchors="936 943"/>
    <region xml:id="seg-r290" anchors="944 946"/>
    <region xml:id="seg-r292" anchors="947 950"/>
    <region xml:id="seg-r294" anchors="951 954"/>
    <region xml:id="seg-r296" anchors="955 963"/>
    <region xml:id="seg-r298" anchors="964 973"/>
    <region xml:id="seg-r299" anchors="973 974"/>
    <region xml:id="seg-r301" anchors="975 978"/>
    <region xml:id="seg-r303" anchors="979 982"/>
    <region xml:id="seg-r305" anchors="983 992"/>
    <region xml:id="seg-r307" anchors="993 996"/>
    <region xml:id="seg-r309" anchors="997 999"/>
    <region xml:id="seg-r311" anchors="1000 1004"/>
    <region xml:id="seg-r312" anchors="1004 1005"/>
    <region xml:id="seg-r314" anchors="1006 1010"/>
    <region xml:id="seg-r316" anchors="1011 1013"/>
    <region xml:id="seg-r318" anchors="1014 1024"/>
    <region xml:id="seg-r320" anchors="1025 1027"/>
    <region xml:id="seg-r322" anchors="1028 1030"/>
    <region xml:id="seg-r324" anchors="1031 1034"/>
    <region xml:id="seg-r326" anchors="1035 1037"/>
    <region xml:id="seg-r328" anchors="1038 1041"/>
    <region xml:id="seg-r330" anchors="1042 1053"/>
    <region xml:id="seg-r332" anchors="1054 1056"/>
    <region xml:id="seg-r334" anchors="1057 1065"/>
    <region xml:id="seg-r335" anchors="1065 1066"/>
    <region xml:id="seg-r337" anchors="1068 1074"/>
    <region xml:id="seg-r339" anchors="1075 1081"/>
    <region xml:id="seg-r341" anchors="1082 1084"/>
    <region xml:id="seg-r343" anchors="1085 1096"/>
    <region xml:id="seg-r345" anchors="1097 1100"/>
    <region xml:id="seg-r347" anchors="1101 1107"/>
    <region xml:id="seg-r349" anchors="1108 1111"/>
    <region xml:id="seg-r351" anchors="1112 1118"/>
    <region xml:id="seg-r353" anchors="1119 1121"/>
    <region xml:id="seg-r355" anchors="1122 1128"/>
    <region xml:id="seg-r357" anchors="1129 1134"/>
    <region xml:id="seg-r359" anchors="1135 1137"/>
    <region xml:id="seg-r361" anchors="1138 1140"/>
    <region xml:id="seg-r363" anchors="1141 1150"/>
    <region xml:id="seg-r364" anchors="1150 1151"/>
    <region xml:id="seg-r366" anchors="1153 1158"/>
    <region xml:id="seg-r368" anchors="1159 1162"/>
    <region xml:id="seg-r369" anchors="1162 1163"/>
    <region xml:id="seg-r371" anchors="1166 1167"/>
    <region xml:id="seg-r373" anchors="1168 1174"/>
    <region xml:id="seg-r374" anchors="1174 1175"/>
    <region xml:id="seg-r375" anchors="1175 1176"/>
    <region xml:id="seg-r376" anchors="1176 1177"/>
    <region xml:id="seg-r377" anchors="1177 1180"/>
</graph>
