<?xml version="1.0" encoding="UTF-8"?><graph xmlns="http://www.xces.org/ns/GrAF/1.0/" xmlns:graf="http://www.xces.org/ns/GrAF/1.0/">
    <graphHeader>
        <labelsDecl>
        </labelsDecl>
    </graphHeader>
    <region xml:id="seg-r0" anchors="3 13"/>
    <region xml:id="seg-r1" anchors="13 14"/>
    <region xml:id="seg-r3" anchors="15 16"/>
    <region xml:id="seg-r4" anchors="16 59"/>
    <region xml:id="seg-r5" anchors="59 60"/>
    <region xml:id="seg-r7" anchors="61 65"/>
    <region xml:id="seg-r8" anchors="65 66"/>
    <region xml:id="seg-r10" anchors="67 70"/>
    <region xml:id="seg-r11" anchors="70 71"/>
    <region xml:id="seg-r13" anchors="72 74"/>
    <region xml:id="seg-r15" anchors="75 78"/>
    <region xml:id="seg-r17" anchors="79 83"/>
    <region xml:id="seg-r19" anchors="84 92"/>
    <region xml:id="seg-r21" anchors="93 94"/>
    <region xml:id="seg-r22" anchors="94 98"/>
    <region xml:id="seg-r24" anchors="99 100"/>
    <region xml:id="seg-r25" anchors="100 103"/>
    <region xml:id="seg-r26" anchors="103 104"/>
    <region xml:id="seg-r28" anchors="105 109"/>
    <region xml:id="seg-r29" anchors="109 110"/>
    <region xml:id="seg-r31" anchors="111 132"/>
    <region xml:id="seg-r33" anchors="133 135"/>
    <region xml:id="seg-r34" anchors="135 136"/>
    <region xml:id="seg-r36" anchors="137 143"/>
    <region xml:id="seg-r38" anchors="144 145"/>
    <region xml:id="seg-r39" anchors="145 146"/>
    <region xml:id="seg-r40" anchors="146 160"/>
    <region xml:id="seg-r41" anchors="160 161"/>
    <region xml:id="seg-r42" anchors="161 162"/>
    <region xml:id="seg-r44" anchors="163 184"/>
    <region xml:id="seg-r45" anchors="184 185"/>
    <region xml:id="seg-r47" anchors="186 208"/>
    <region xml:id="seg-r48" anchors="208 209"/>
    <region xml:id="seg-r50" anchors="212 232"/>
    <region xml:id="seg-r52" anchors="233 240"/>
    <region xml:id="seg-r53" anchors="240 241"/>
    <region xml:id="seg-r55" anchors="242 248"/>
    <region xml:id="seg-r57" anchors="249 254"/>
    <region xml:id="seg-r59" anchors="255 266"/>
    <region xml:id="seg-r60" anchors="266 278"/>
    <region xml:id="seg-r62" anchors="279 283"/>
    <region xml:id="seg-r64" anchors="284 290"/>
    <region xml:id="seg-r66" anchors="291 295"/>
    <region xml:id="seg-r68" anchors="296 303"/>
    <region xml:id="seg-r70" anchors="304 306"/>
    <region xml:id="seg-r71" anchors="306 307"/>
    <region xml:id="seg-r73" anchors="308 309"/>
    <region xml:id="seg-r74" anchors="309 310"/>
    <region xml:id="seg-r75" anchors="310 311"/>
    <region xml:id="seg-r76" anchors="311 328"/>
    <region xml:id="seg-r78" anchors="329 334"/>
    <region xml:id="seg-r79" anchors="334 341"/>
    <region xml:id="seg-r80" anchors="341 342"/>
    <region xml:id="seg-r82" anchors="343 346"/>
    <region xml:id="seg-r84" anchors="347 355"/>
    <region xml:id="seg-r85" anchors="355 359"/>
    <region xml:id="seg-r86" anchors="359 360"/>
    <region xml:id="seg-r88" anchors="361 365"/>
    <region xml:id="seg-r89" anchors="365 366"/>
    <region xml:id="seg-r90" anchors="366 371"/>
    <region xml:id="seg-r91" anchors="371 372"/>
    <region xml:id="seg-r93" anchors="373 380"/>
    <region xml:id="seg-r94" anchors="380 381"/>
    <region xml:id="seg-r95" anchors="381 389"/>
    <region xml:id="seg-r97" anchors="390 398"/>
    <region xml:id="seg-r98" anchors="398 407"/>
    <region xml:id="seg-r99" anchors="407 415"/>
    <region xml:id="seg-r100" anchors="415 416"/>
    <region xml:id="seg-r102" anchors="417 418"/>
    <region xml:id="seg-r103" anchors="418 421"/>
    <region xml:id="seg-r105" anchors="422 425"/>
    <region xml:id="seg-r106" anchors="425 426"/>
    <region xml:id="seg-r108" anchors="427 428"/>
    <region xml:id="seg-r109" anchors="428 429"/>
    <region xml:id="seg-r110" anchors="429 430"/>
    <region xml:id="seg-r111" anchors="430 447"/>
    <region xml:id="seg-r113" anchors="450 453"/>
    <region xml:id="seg-r114" anchors="453 454"/>
    <region xml:id="seg-r116" anchors="456 459"/>
    <region xml:id="seg-r118" anchors="460 464"/>
    <region xml:id="seg-r120" anchors="465 472"/>
    <region xml:id="seg-r121" anchors="472 473"/>
    <region xml:id="seg-r123" anchors="475 484"/>
    <region xml:id="seg-r125" anchors="485 489"/>
    <region xml:id="seg-r126" anchors="489 490"/>
    <region xml:id="seg-r128" anchors="492 498"/>
    <region xml:id="seg-r130" anchors="499 506"/>
    <region xml:id="seg-r132" anchors="507 518"/>
    <region xml:id="seg-r133" anchors="518 519"/>
    <region xml:id="seg-r134" anchors="519 526"/>
    <region xml:id="seg-r136" anchors="527 529"/>
    <region xml:id="seg-r138" anchors="530 532"/>
    <region xml:id="seg-r139" anchors="532 533"/>
    <region xml:id="seg-r141" anchors="535 541"/>
    <region xml:id="seg-r142" anchors="541 542"/>
    <region xml:id="seg-r144" anchors="544 548"/>
    <region xml:id="seg-r146" anchors="549 555"/>
</graph>
