<?xml version="1.0" encoding="UTF-8"?><graph xmlns="http://www.xces.org/ns/GrAF/1.0/" xmlns:graf="http://www.xces.org/ns/GrAF/1.0/">
    <graphHeader>
        <labelsDecl>
            <labelUsage label="s" occurs="5"/>
        </labelsDecl>
        <annotationSpaces>
            <annotationSpace as.id="anc"/>
        </annotationSpaces>
    </graphHeader>
    <region xml:id="s-r0" anchors="450 454"/>
    <node xml:id="s-n0">
        <link targets="s-r0"/>
    </node>
    <a xml:id="s-N65569" label="s" ref="s-n0" as="anc"/>
    <region xml:id="s-r1" anchors="456 473"/>
    <node xml:id="s-n1">
        <link targets="s-r1"/>
    </node>
    <a xml:id="s-N65585" label="s" ref="s-n1" as="anc"/>
    <region xml:id="s-r2" anchors="475 533"/>
    <node xml:id="s-n2">
        <link targets="s-r2"/>
    </node>
    <a xml:id="s-N65601" label="s" ref="s-n2" as="anc"/>
    <region xml:id="s-r3" anchors="535 542"/>
    <node xml:id="s-n3">
        <link targets="s-r3"/>
    </node>
    <a xml:id="s-N65617" label="s" ref="s-n3" as="anc"/>
    <region xml:id="s-r4" anchors="544 555"/>
    <node xml:id="s-n4">
        <link targets="s-r4"/>
    </node>
    <a xml:id="s-N65633" label="s" ref="s-n4" as="anc"/>
</graph>
