<?xml version="1.0" encoding="UTF-8"?><graph xmlns="http://www.xces.org/ns/GrAF/1.0/" xmlns:graf="http://www.xces.org/ns/GrAF/1.0/">
    <graphHeader>
        <labelsDecl>
            <labelUsage label="s" occurs="10"/>
        </labelsDecl>
        <annotationSpaces>
            <annotationSpace as.id="anc"/>
        </annotationSpaces>
    </graphHeader>
    <region xml:id="s-r0" anchors="285 288"/>
    <node xml:id="s-n0">
        <link targets="s-r0"/>
    </node>
    <a xml:id="s-N65569" label="s" ref="s-n0" as="anc"/>
    <region xml:id="s-r1" anchors="290 367"/>
    <node xml:id="s-n1">
        <link targets="s-r1"/>
    </node>
    <a xml:id="s-N65585" label="s" ref="s-n1" as="anc"/>
    <region xml:id="s-r2" anchors="369 414"/>
    <node xml:id="s-n2">
        <link targets="s-r2"/>
    </node>
    <a xml:id="s-N65601" label="s" ref="s-n2" as="anc"/>
    <region xml:id="s-r3" anchors="416 462"/>
    <node xml:id="s-n3">
        <link targets="s-r3"/>
    </node>
    <a xml:id="s-N65617" label="s" ref="s-n3" as="anc"/>
    <region xml:id="s-r4" anchors="464 536"/>
    <node xml:id="s-n4">
        <link targets="s-r4"/>
    </node>
    <a xml:id="s-N65633" label="s" ref="s-n4" as="anc"/>
    <region xml:id="s-r5" anchors="573 721"/>
    <node xml:id="s-n5">
        <link targets="s-r5"/>
    </node>
    <a xml:id="s-N65649" label="s" ref="s-n5" as="anc"/>
    <region xml:id="s-r6" anchors="806 950"/>
    <node xml:id="s-n6">
        <link targets="s-r6"/>
    </node>
    <a xml:id="s-N65665" label="s" ref="s-n6" as="anc"/>
    <region xml:id="s-r7" anchors="952 1032"/>
    <node xml:id="s-n7">
        <link targets="s-r7"/>
    </node>
    <a xml:id="s-N65681" label="s" ref="s-n7" as="anc"/>
    <region xml:id="s-r8" anchors="1033 1181"/>
    <node xml:id="s-n8">
        <link targets="s-r8"/>
    </node>
    <a xml:id="s-N65697" label="s" ref="s-n8" as="anc"/>
    <region xml:id="s-r9" anchors="1183 1335"/>
    <node xml:id="s-n9">
        <link targets="s-r9"/>
    </node>
    <a xml:id="s-N65713" label="s" ref="s-n9" as="anc"/>
</graph>
