<graph xmlns="http://www.xces.org/ns/GrAF/1.0/" xmlns:graf="http://www.xces.org/ns/GrAF/1.0/">
  <graphHeader>
    <labelsDecl>
      <labelUsage label="person" occurs="4"/>
      <labelUsage label="location" occurs="2"/>
      <labelUsage label="date" occurs="1"/>
      <labelUsage label="org" occurs="2"/>
    </labelsDecl>
    <dependencies>
      <dependsOn f.id="f.penn"/>
    </dependencies>
    <annotationSpaces>
      <annotationSpace as.id="anc"/>
    </annotationSpaces>
  </graphHeader>
  <node xml:id="ne-n0"/>
  <a xml:id="ne-N65579" label="date" ref="ne-n0" as="anc">
    <fs>
      <f name="id" value="1000"/>
      <f name="kind" value="dateTime"/>
    </fs>
  </a>
  <node xml:id="ne-n1"/>
  <a xml:id="ne-N65599" label="person" ref="ne-n1" as="anc">
    <fs>
      <f name="id" value="356"/>
      <f name="sex" value="male"/>
    </fs>
  </a>
  <node xml:id="ne-n2"/>
  <a xml:id="ne-N65619" label="person" ref="ne-n2" as="anc">
    <fs>
      <f name="sex" value="male"/>
      <f name="person" value="third"/>
      <f name="number" value="singular"/>
      <f name="case" value="nominative"/>
      <f name="id" value="357"/>
    </fs>
  </a>
  <node xml:id="ne-n3"/>
  <a xml:id="ne-N65651" label="person" ref="ne-n3" as="anc">
    <fs>
      <f name="sex" value="male"/>
      <f name="id" value="358"/>
      <f name="person" value="third"/>
      <f name="case" value="objective"/>
      <f name="number" value="singular"/>
    </fs>
  </a>
  <node xml:id="ne-n4"/>
  <a xml:id="ne-N65683" label="person" ref="ne-n4" as="anc">
    <fs>
      <f name="sex" value="female"/>
      <f name="case" value="nominative"/>
      <f name="person" value="third"/>
      <f name="number" value="singular"/>
      <f name="id" value="359"/>
    </fs>
  </a>
  <node xml:id="ne-n5"/>
  <a xml:id="ne-N65715" label="org" ref="ne-n5" as="anc">
    <fs>
      <f name="id" value="360"/>
      <f name="person" value="third"/>
      <f name="case" value="nominative"/>
      <f name="number" value="plural"/>
      <f name="type" value="company"/>
    </fs>
  </a>
  <node xml:id="ne-n6"/>
  <a xml:id="ne-N65747" label="location" ref="ne-n6" as="anc">
    <fs>
      <f name="id" value="1001"/>
      <f name="type" value="highway_street"/>
    </fs>
  </a>
  <node xml:id="ne-n7"/>
  <a xml:id="ne-N65767" label="location" ref="ne-n7" as="anc">
    <fs>
      <f name="id" value="361"/>
      <f name="person" value="third"/>
      <f name="case" value="nominative"/>
      <f name="number" value="singular"/>
      <f name="type" value="city"/>
    </fs>
  </a>
  <node xml:id="ne-n8"/>
  <a xml:id="ne-N65799" label="org" ref="ne-n8" as="anc">
    <fs>
      <f name="person" value="third"/>
      <f name="case" value="objective"/>
      <f name="type" value="company"/>
      <f name="id" value="363"/>
    </fs>
  </a>
  <edge xml:id="ne-lnk34" from="ne-n8" to="penn-n160"/>
  <edge xml:id="ne-lnk33" from="ne-n8" to="penn-n159"/>
  <edge xml:id="ne-lnk32" from="ne-n8" to="penn-n158"/>
  <edge xml:id="ne-lnk31" from="ne-n7" to="penn-n129"/>
  <edge xml:id="ne-lnk30" from="ne-n7" to="penn-n128"/>
  <edge xml:id="ne-lnk19" from="ne-n5" to="penn-n117"/>
  <edge xml:id="ne-lnk18" from="ne-n5" to="penn-n116"/>
  <edge xml:id="ne-lnk17" from="ne-n4" to="penn-n113"/>
  <edge xml:id="ne-lnk16" from="ne-n4" to="penn-n112"/>
  <edge xml:id="ne-lnk15" from="ne-n4" to="penn-n111"/>
  <edge xml:id="ne-lnk14" from="ne-n3" to="penn-n59"/>
  <edge xml:id="ne-lnk13" from="ne-n2" to="penn-n50"/>
  <edge xml:id="ne-lnk12" from="ne-n1" to="penn-n29"/>
  <edge xml:id="ne-lnk11" from="ne-n1" to="penn-n28"/>
  <edge xml:id="ne-lnk10" from="ne-n0" to="penn-n17"/>
  <edge xml:id="ne-lnk29" from="ne-n7" to="penn-n127"/>
  <edge xml:id="ne-lnk9" from="ne-n0" to="penn-n16"/>
  <edge xml:id="ne-lnk28" from="ne-n6" to="penn-n126"/>
  <edge xml:id="ne-lnk8" from="ne-n0" to="penn-n15"/>
  <edge xml:id="ne-lnk27" from="ne-n6" to="penn-n125"/>
  <edge xml:id="ne-lnk7" from="ne-n0" to="penn-n14"/>
  <edge xml:id="ne-lnk26" from="ne-n6" to="penn-n124"/>
  <edge xml:id="ne-lnk6" from="ne-n0" to="penn-n13"/>
  <edge xml:id="ne-lnk25" from="ne-n6" to="penn-n123"/>
  <edge xml:id="ne-lnk5" from="ne-n0" to="penn-n12"/>
  <edge xml:id="ne-lnk24" from="ne-n6" to="penn-n122"/>
  <edge xml:id="ne-lnk4" from="ne-n0" to="penn-n11"/>
  <edge xml:id="ne-lnk23" from="ne-n6" to="penn-n121"/>
  <edge xml:id="ne-lnk3" from="ne-n0" to="penn-n10"/>
  <edge xml:id="ne-lnk22" from="ne-n6" to="penn-n120"/>
  <edge xml:id="ne-lnk2" from="ne-n0" to="penn-n9"/>
  <edge xml:id="ne-lnk21" from="ne-n6" to="penn-n119"/>
  <edge xml:id="ne-lnk1" from="ne-n0" to="penn-n8"/>
  <edge xml:id="ne-lnk20" from="ne-n5" to="penn-n118"/>
  <edge xml:id="ne-lnk0" from="ne-n0" to="penn-n7"/>
</graph>
