<graph xmlns="http://www.xces.org/ns/GrAF/1.0/" xmlns:graf="http://www.xces.org/ns/GrAF/1.0/">
  <graphHeader>
    <labelsDecl>
      <labelUsage label="vchunk" occurs="16"/>
    </labelsDecl>
    <dependencies>
      <dependsOn f.id="f.penn"/>
    </dependencies>
    <annotationSpaces>
      <annotationSpace as.id="anc"/>
    </annotationSpaces>
  </graphHeader>
  <node xml:id="vc-n0"/>
  <a xml:id="vc-N65567" label="vchunk" ref="vc-n0" as="anc">
    <fs>
      <f name="voice" value="none"/>
      <f name="tense" value="Pre"/>
      <f name="type" value="SPECIAL"/>
    </fs>
  </a>
  <node xml:id="vc-n1"/>
  <a xml:id="vc-N65591" label="vchunk" ref="vc-n1" as="anc">
    <fs>
      <f name="voice" value="none"/>
      <f name="tense" value="none"/>
      <f name="type" value="MODAL"/>
    </fs>
  </a>
  <node xml:id="vc-n10"/>
  <a xml:id="vc-N65615" label="vchunk" ref="vc-n10" as="anc">
    <fs>
      <f name="type" value="FVG"/>
      <f name="tense" value="SimPre"/>
      <f name="voice" value="active"/>
      <f name="neg" value="yes"/>
    </fs>
  </a>
  <node xml:id="vc-n11"/>
  <a xml:id="vc-N65643" label="vchunk" ref="vc-n11" as="anc">
    <fs>
      <f name="voice" value="active"/>
      <f name="tense" value="Inf"/>
      <f name="type" value="NFVG"/>
    </fs>
  </a>
  <node xml:id="vc-n12"/>
  <a xml:id="vc-N65667" label="vchunk" ref="vc-n12" as="anc">
    <fs>
      <f name="voice" value="passive"/>
      <f name="tense" value="SimPre"/>
      <f name="type" value="FVG"/>
    </fs>
  </a>
  <node xml:id="vc-n13"/>
  <a xml:id="vc-N65691" label="vchunk" ref="vc-n13" as="anc">
    <fs>
      <f name="voice" value="active"/>
      <f name="tense" value="PrePer"/>
      <f name="type" value="FVG"/>
    </fs>
  </a>
  <node xml:id="vc-n14"/>
  <a xml:id="vc-N65715" label="vchunk" ref="vc-n14" as="anc">
    <fs>
      <f name="voice" value="active"/>
      <f name="tense" value="Inf"/>
      <f name="type" value="NFVG"/>
    </fs>
  </a>
  <node xml:id="vc-n15"/>
  <a xml:id="vc-N65739" label="vchunk" ref="vc-n15" as="anc">
    <fs>
      <f name="voice" value="active"/>
      <f name="tense" value="Inf"/>
      <f name="type" value="NFVG"/>
    </fs>
  </a>
  <node xml:id="vc-n2"/>
  <a xml:id="vc-N65763" label="vchunk" ref="vc-n2" as="anc">
    <fs>
      <f name="voice" value="none"/>
      <f name="tense" value="none"/>
      <f name="type" value="MODAL"/>
    </fs>
  </a>
  <node xml:id="vc-n3"/>
  <a xml:id="vc-N65787" label="vchunk" ref="vc-n3" as="anc">
    <fs>
      <f name="voice" value="active"/>
      <f name="tense" value="Inf"/>
      <f name="type" value="NFVG"/>
    </fs>
  </a>
  <node xml:id="vc-n4"/>
  <a xml:id="vc-N65811" label="vchunk" ref="vc-n4" as="anc">
    <fs>
      <f name="voice" value="passive"/>
      <f name="tense" value="SimPre"/>
      <f name="type" value="FVG"/>
    </fs>
  </a>
  <node xml:id="vc-n5"/>
  <a xml:id="vc-N65835" label="vchunk" ref="vc-n5" as="anc">
    <fs>
      <f name="voice" value="passive"/>
      <f name="tense" value="SimPas"/>
      <f name="type" value="FVG"/>
    </fs>
  </a>
  <node xml:id="vc-n6"/>
  <a xml:id="vc-N65859" label="vchunk" ref="vc-n6" as="anc">
    <fs>
      <f name="voice" value="active"/>
      <f name="tense" value="SimPre"/>
      <f name="type" value="FVG"/>
    </fs>
  </a>
  <node xml:id="vc-n7"/>
  <a xml:id="vc-N65883" label="vchunk" ref="vc-n7" as="anc">
    <fs>
      <f name="voice" value="none"/>
      <f name="tense" value="none"/>
      <f name="type" value="MODAL"/>
    </fs>
  </a>
  <node xml:id="vc-n8"/>
  <a xml:id="vc-N65907" label="vchunk" ref="vc-n8" as="anc">
    <fs>
      <f name="voice" value="passive"/>
      <f name="tense" value="SimPre"/>
      <f name="type" value="FVG"/>
    </fs>
  </a>
  <node xml:id="vc-n9"/>
  <a xml:id="vc-N65931" label="vchunk" ref="vc-n9" as="anc">
    <fs>
      <f name="voice" value="none"/>
      <f name="tense" value="Pas"/>
      <f name="type" value="PART"/>
    </fs>
  </a>
  <edge xml:id="vc-lnk2" from="vc-n0" to="penn-n55"/>
  <edge xml:id="vc-lnk1" from="vc-n0" to="penn-n54"/>
  <edge xml:id="vc-lnk0" from="vc-n0" to="penn-n53"/>
  <edge xml:id="vc-lnk19" from="vc-n8" to="penn-n173"/>
  <edge xml:id="vc-lnk18" from="vc-n8" to="penn-n172"/>
  <edge xml:id="vc-lnk17" from="vc-n7" to="penn-n165"/>
  <edge xml:id="vc-lnk16" from="vc-n7" to="penn-n164"/>
  <edge xml:id="vc-lnk15" from="vc-n6" to="penn-n151"/>
  <edge xml:id="vc-lnk14" from="vc-n5" to="penn-n95"/>
  <edge xml:id="vc-lnk13" from="vc-n5" to="penn-n94"/>
  <edge xml:id="vc-lnk12" from="vc-n4" to="penn-n81"/>
  <edge xml:id="vc-lnk11" from="vc-n4" to="penn-n80"/>
  <edge xml:id="vc-lnk10" from="vc-n3" to="penn-n73"/>
  <edge xml:id="vc-lnk29" from="vc-n15" to="penn-n224"/>
  <edge xml:id="vc-lnk28" from="vc-n14" to="penn-n223"/>
  <edge xml:id="vc-lnk27" from="vc-n13" to="penn-n216"/>
  <edge xml:id="vc-lnk26" from="vc-n13" to="penn-n215"/>
  <edge xml:id="vc-lnk25" from="vc-n12" to="penn-n211"/>
  <edge xml:id="vc-lnk9" from="vc-n3" to="penn-n72"/>
  <edge xml:id="vc-lnk24" from="vc-n12" to="penn-n210"/>
  <edge xml:id="vc-lnk8" from="vc-n2" to="penn-n71"/>
  <edge xml:id="vc-lnk23" from="vc-n11" to="penn-n193"/>
  <edge xml:id="vc-lnk7" from="vc-n2" to="penn-n70"/>
  <edge xml:id="vc-lnk22" from="vc-n10" to="penn-n188"/>
  <edge xml:id="vc-lnk6" from="vc-n2" to="penn-n69"/>
  <edge xml:id="vc-lnk21" from="vc-n10" to="penn-n187"/>
  <edge xml:id="vc-lnk5" from="vc-n1" to="penn-n65"/>
  <edge xml:id="vc-lnk20" from="vc-n9" to="penn-n182"/>
  <edge xml:id="vc-lnk4" from="vc-n1" to="penn-n64"/>
  <edge xml:id="vc-lnk3" from="vc-n0" to="penn-n56"/>
</graph>
