<?xml version="1.0" encoding="UTF-8"?><graph xmlns="http://www.xces.org/ns/GrAF/1.0/" xmlns:graf="http://www.xces.org/ns/GrAF/1.0/">
    <graphHeader>
        <labelsDecl>
            <labelUsage label="s" occurs="13"/>
        </labelsDecl>
        <annotationSpaces>
            <annotationSpace as.id="anc"/>
        </annotationSpaces>
    </graphHeader>
    <region xml:id="s-r0" anchors="325 364"/>
    <node xml:id="s-n0">
        <link targets="s-r0"/>
    </node>
    <a xml:id="s-N65569" label="s" ref="s-n0" as="anc"/>
    <region xml:id="s-r1" anchors="366 389"/>
    <node xml:id="s-n1">
        <link targets="s-r1"/>
    </node>
    <a xml:id="s-N65585" label="s" ref="s-n1" as="anc"/>
    <region xml:id="s-r2" anchors="391 398"/>
    <node xml:id="s-n2">
        <link targets="s-r2"/>
    </node>
    <a xml:id="s-N65601" label="s" ref="s-n2" as="anc"/>
    <region xml:id="s-r3" anchors="401 409"/>
    <node xml:id="s-n3">
        <link targets="s-r3"/>
    </node>
    <a xml:id="s-N65617" label="s" ref="s-n3" as="anc"/>
    <region xml:id="s-r4" anchors="770 868"/>
    <node xml:id="s-n4">
        <link targets="s-r4"/>
    </node>
    <a xml:id="s-N65633" label="s" ref="s-n4" as="anc"/>
    <region xml:id="s-r5" anchors="870 1072"/>
    <node xml:id="s-n5">
        <link targets="s-r5"/>
    </node>
    <a xml:id="s-N65649" label="s" ref="s-n5" as="anc"/>
    <region xml:id="s-r6" anchors="1075 1216"/>
    <node xml:id="s-n6">
        <link targets="s-r6"/>
    </node>
    <a xml:id="s-N65665" label="s" ref="s-n6" as="anc"/>
    <region xml:id="s-r7" anchors="1219 1349"/>
    <node xml:id="s-n7">
        <link targets="s-r7"/>
    </node>
    <a xml:id="s-N65681" label="s" ref="s-n7" as="anc"/>
    <region xml:id="s-r8" anchors="1356 1452"/>
    <node xml:id="s-n8">
        <link targets="s-r8"/>
    </node>
    <a xml:id="s-N65697" label="s" ref="s-n8" as="anc"/>
    <region xml:id="s-r9" anchors="1454 1525"/>
    <node xml:id="s-n9">
        <link targets="s-r9"/>
    </node>
    <a xml:id="s-N65713" label="s" ref="s-n9" as="anc"/>
    <region xml:id="s-r10" anchors="1532 1761"/>
    <node xml:id="s-n10">
        <link targets="s-r10"/>
    </node>
    <a xml:id="s-N65729" label="s" ref="s-n10" as="anc"/>
    <region xml:id="s-r11" anchors="1768 1852"/>
    <node xml:id="s-n11">
        <link targets="s-r11"/>
    </node>
    <a xml:id="s-N65745" label="s" ref="s-n11" as="anc"/>
    <region xml:id="s-r12" anchors="1859 1863"/>
    <node xml:id="s-n12">
        <link targets="s-r12"/>
    </node>
    <a xml:id="s-N65761" label="s" ref="s-n12" as="anc"/>
</graph>
