<graph xmlns="http://www.xces.org/ns/GrAF/1.0/" xmlns:graf="http://www.xces.org/ns/GrAF/1.0/">
  <graphHeader>
    <labelsDecl>
      <labelUsage label="body" occurs="1"/>
      <labelUsage label="text" occurs="1"/>
      <labelUsage label="p" occurs="8"/>
      <labelUsage label="cesDoc" occurs="1"/>
      <labelUsage label="head" occurs="1"/>
    </labelsDecl>
    <annotationSpaces>
      <annotationSpace as.id="xces"/>
    </annotationSpaces>
  </graphHeader>
  <region xml:id="logical-r0" anchors="0 1867"/>
  <node xml:id="logical-n0">
    <link targets="logical-r0"/>
  </node>
  <a xml:id="logical-N65585" label="cesDoc" ref="logical-n0" as="xces"/>
  <region xml:id="logical-r1" anchors="1 1866"/>
  <node xml:id="logical-n1">
    <link targets="logical-r1"/>
  </node>
  <a xml:id="logical-N65601" label="text" ref="logical-n1" as="xces"/>
  <region xml:id="logical-r2" anchors="2 323"/>
  <node xml:id="logical-n2">
    <link targets="logical-r2"/>
  </node>
  <a xml:id="logical-N65617" label="head" ref="logical-n2" as="xces">
    <fs>
      <f name="type" value="email"/>
    </fs>
  </a>
  <region xml:id="logical-r3" anchors="324 1865"/>
  <node xml:id="logical-n3">
    <link targets="logical-r3"/>
  </node>
  <a xml:id="logical-N65641" label="body" ref="logical-n3" as="xces"/>
  <region xml:id="logical-r4" anchors="325 410"/>
  <node xml:id="logical-n4">
    <link targets="logical-r4"/>
  </node>
  <a xml:id="logical-N65657" label="p" ref="logical-n4" as="xces"/>
  <region xml:id="logical-r5" anchors="411 521"/>
  <node xml:id="logical-n5">
    <link targets="logical-r5"/>
  </node>
  <a xml:id="logical-N65673" label="p" ref="logical-n5" as="xces"/>
  <region xml:id="logical-r6" anchors="522 764"/>
  <node xml:id="logical-n6">
    <link targets="logical-r6"/>
  </node>
  <a xml:id="logical-N65689" label="p" ref="logical-n6" as="xces"/>
  <region xml:id="logical-r7" anchors="765 1350"/>
  <node xml:id="logical-n7">
    <link targets="logical-r7"/>
  </node>
  <a xml:id="logical-N65705" label="p" ref="logical-n7" as="xces"/>
  <region xml:id="logical-r8" anchors="1351 1526"/>
  <node xml:id="logical-n8">
    <link targets="logical-r8"/>
  </node>
  <a xml:id="logical-N65721" label="p" ref="logical-n8" as="xces"/>
  <region xml:id="logical-r9" anchors="1527 1762"/>
  <node xml:id="logical-n9">
    <link targets="logical-r9"/>
  </node>
  <a xml:id="logical-N65737" label="p" ref="logical-n9" as="xces"/>
  <region xml:id="logical-r10" anchors="1763 1853"/>
  <node xml:id="logical-n10">
    <link targets="logical-r10"/>
  </node>
  <a xml:id="logical-N65753" label="p" ref="logical-n10" as="xces"/>
  <region xml:id="logical-r11" anchors="1854 1864"/>
  <node xml:id="logical-n11">
    <link targets="logical-r11"/>
  </node>
  <a xml:id="logical-N65769" label="p" ref="logical-n11" as="xces"/>
</graph>
