<?xml version="1.0" encoding="UTF-8"?><graph xmlns="http://www.xces.org/ns/GrAF/1.0/" xmlns:graf="http://www.xces.org/ns/GrAF/1.0/">
    <graphHeader>
        <labelsDecl>
            <labelUsage label="s" occurs="2"/>
        </labelsDecl>
        <annotationSpaces>
            <annotationSpace as.id="anc"/>
        </annotationSpaces>
    </graphHeader>
    <region xml:id="s-r0" anchors="465 494"/>
    <node xml:id="s-n0">
        <link targets="s-r0"/>
    </node>
    <a xml:id="s-N65569" label="s" ref="s-n0" as="anc"/>
    <region xml:id="s-r1" anchors="496 556"/>
    <node xml:id="s-n1">
        <link targets="s-r1"/>
    </node>
    <a xml:id="s-N65585" label="s" ref="s-n1" as="anc"/>
</graph>
