<?xml version="1.0" encoding="UTF-8"?><graph xmlns="http://www.xces.org/ns/GrAF/1.0/" xmlns:graf="http://www.xces.org/ns/GrAF/1.0/">
    <graphHeader>
        <labelsDecl>
            <labelUsage label="nchunk" occurs="26"/>
        </labelsDecl>
        <dependencies>
            <dependsOn f.id="f.penn"/>
        </dependencies>
        <annotationSpaces>
            <annotationSpace as.id="anc"/>
        </annotationSpaces>
    </graphHeader>
    <node xml:id="nc-n0"/>
    <a xml:id="nc-N65567" label="nchunk" ref="nc-n0" as="anc"/>
    <node xml:id="nc-n1"/>
    <a xml:id="nc-N65583" label="nchunk" ref="nc-n1" as="anc"/>
    <node xml:id="nc-n10"/>
    <a xml:id="nc-N65599" label="nchunk" ref="nc-n10" as="anc"/>
    <node xml:id="nc-n11"/>
    <a xml:id="nc-N65619" label="nchunk" ref="nc-n11" as="anc"/>
    <node xml:id="nc-n12"/>
    <a xml:id="nc-N65639" label="nchunk" ref="nc-n12" as="anc"/>
    <node xml:id="nc-n13"/>
    <a xml:id="nc-N65659" label="nchunk" ref="nc-n13" as="anc"/>
    <node xml:id="nc-n14"/>
    <a xml:id="nc-N65675" label="nchunk" ref="nc-n14" as="anc"/>
    <node xml:id="nc-n15"/>
    <a xml:id="nc-N65691" label="nchunk" ref="nc-n15" as="anc"/>
    <node xml:id="nc-n16"/>
    <a xml:id="nc-N65707" label="nchunk" ref="nc-n16" as="anc"/>
    <node xml:id="nc-n17"/>
    <a xml:id="nc-N65723" label="nchunk" ref="nc-n17" as="anc"/>
    <node xml:id="nc-n18"/>
    <a xml:id="nc-N65743" label="nchunk" ref="nc-n18" as="anc"/>
    <node xml:id="nc-n19"/>
    <a xml:id="nc-N65763" label="nchunk" ref="nc-n19" as="anc"/>
    <node xml:id="nc-n2"/>
    <a xml:id="nc-N65783" label="nchunk" ref="nc-n2" as="anc"/>
    <node xml:id="nc-n20"/>
    <a xml:id="nc-N65799" label="nchunk" ref="nc-n20" as="anc"/>
    <node xml:id="nc-n21"/>
    <a xml:id="nc-N65819" label="nchunk" ref="nc-n21" as="anc"/>
    <node xml:id="nc-n22"/>
    <a xml:id="nc-N65835" label="nchunk" ref="nc-n22" as="anc"/>
    <node xml:id="nc-n23"/>
    <a xml:id="nc-N65851" label="nchunk" ref="nc-n23" as="anc"/>
    <node xml:id="nc-n24"/>
    <a xml:id="nc-N65867" label="nchunk" ref="nc-n24" as="anc"/>
    <node xml:id="nc-n25"/>
    <a xml:id="nc-N65883" label="nchunk" ref="nc-n25" as="anc"/>
    <node xml:id="nc-n3"/>
    <a xml:id="nc-N65899" label="nchunk" ref="nc-n3" as="anc"/>
    <node xml:id="nc-n4"/>
    <a xml:id="nc-N65919" label="nchunk" ref="nc-n4" as="anc"/>
    <node xml:id="nc-n5"/>
    <a xml:id="nc-N65935" label="nchunk" ref="nc-n5" as="anc"/>
    <node xml:id="nc-n6"/>
    <a xml:id="nc-N65955" label="nchunk" ref="nc-n6" as="anc"/>
    <node xml:id="nc-n7"/>
    <a xml:id="nc-N65975" label="nchunk" ref="nc-n7" as="anc"/>
    <node xml:id="nc-n8"/>
    <a xml:id="nc-N65991" label="nchunk" ref="nc-n8" as="anc"/>
    <node xml:id="nc-n9"/>
    <a xml:id="nc-N66007" label="nchunk" ref="nc-n9" as="anc"/>
    <edge xml:id="nc-lnk39" from="nc-n22" to="penn-n78"/>
    <edge xml:id="nc-lnk38" from="nc-n21" to="penn-n73"/>
    <edge xml:id="nc-lnk37" from="nc-n21" to="penn-n72"/>
    <edge xml:id="nc-lnk36" from="nc-n21" to="penn-n71"/>
    <edge xml:id="nc-lnk35" from="nc-n20" to="penn-n68"/>
    <edge xml:id="nc-lnk34" from="nc-n20" to="penn-n67"/>
    <edge xml:id="nc-lnk33" from="nc-n20" to="penn-n66"/>
    <edge xml:id="nc-lnk32" from="nc-n19" to="penn-n64"/>
    <edge xml:id="nc-lnk31" from="nc-n18" to="penn-n62"/>
    <edge xml:id="nc-lnk30" from="nc-n17" to="penn-n60"/>
    <edge xml:id="nc-lnk9" from="nc-n3" to="penn-n13"/>
    <edge xml:id="nc-lnk8" from="nc-n3" to="penn-n12"/>
    <edge xml:id="nc-lnk7" from="nc-n3" to="penn-n11"/>
    <edge xml:id="nc-lnk6" from="nc-n3" to="penn-n10"/>
    <edge xml:id="nc-lnk5" from="nc-n3" to="penn-n9"/>
    <edge xml:id="nc-lnk4" from="nc-n3" to="penn-n8"/>
    <edge xml:id="nc-lnk3" from="nc-n3" to="penn-n7"/>
    <edge xml:id="nc-lnk2" from="nc-n2" to="penn-n5"/>
    <edge xml:id="nc-lnk1" from="nc-n1" to="penn-n3"/>
    <edge xml:id="nc-lnk0" from="nc-n0" to="penn-n0"/>
    <edge xml:id="nc-lnk29" from="nc-n16" to="penn-n54"/>
    <edge xml:id="nc-lnk28" from="nc-n16" to="penn-n53"/>
    <edge xml:id="nc-lnk27" from="nc-n16" to="penn-n52"/>
    <edge xml:id="nc-lnk26" from="nc-n15" to="penn-n43"/>
    <edge xml:id="nc-lnk25" from="nc-n15" to="penn-n42"/>
    <edge xml:id="nc-lnk24" from="nc-n14" to="penn-n41"/>
    <edge xml:id="nc-lnk23" from="nc-n13" to="penn-n39"/>
    <edge xml:id="nc-lnk22" from="nc-n13" to="penn-n38"/>
    <edge xml:id="nc-lnk21" from="nc-n12" to="penn-n37"/>
    <edge xml:id="nc-lnk20" from="nc-n12" to="penn-n36"/>
    <edge xml:id="nc-lnk19" from="nc-n12" to="penn-n35"/>
    <edge xml:id="nc-lnk18" from="nc-n11" to="penn-n33"/>
    <edge xml:id="nc-lnk17" from="nc-n10" to="penn-n31"/>
    <edge xml:id="nc-lnk16" from="nc-n9" to="penn-n29"/>
    <edge xml:id="nc-lnk15" from="nc-n8" to="penn-n26"/>
    <edge xml:id="nc-lnk46" from="nc-n25" to="penn-n88"/>
    <edge xml:id="nc-lnk14" from="nc-n7" to="penn-n24"/>
    <edge xml:id="nc-lnk45" from="nc-n25" to="penn-n87"/>
    <edge xml:id="nc-lnk13" from="nc-n6" to="penn-n23"/>
    <edge xml:id="nc-lnk44" from="nc-n24" to="penn-n85"/>
    <edge xml:id="nc-lnk12" from="nc-n5" to="penn-n20"/>
    <edge xml:id="nc-lnk43" from="nc-n24" to="penn-n84"/>
    <edge xml:id="nc-lnk11" from="nc-n4" to="penn-n16"/>
    <edge xml:id="nc-lnk42" from="nc-n23" to="penn-n82"/>
    <edge xml:id="nc-lnk10" from="nc-n3" to="penn-n14"/>
    <edge xml:id="nc-lnk41" from="nc-n23" to="penn-n81"/>
    <edge xml:id="nc-lnk40" from="nc-n23" to="penn-n80"/>
</graph>
