<graph xmlns="http://www.xces.org/ns/GrAF/1.0/" xmlns:graf="http://www.xces.org/ns/GrAF/1.0/">
  <graphHeader>
    <labelsDecl>
      <labelUsage label="date" occurs="1"/>
    </labelsDecl>
    <dependencies>
      <dependsOn f.id="f.penn"/>
    </dependencies>
    <annotationSpaces>
      <annotationSpace as.id="anc"/>
    </annotationSpaces>
  </graphHeader>
  <node xml:id="ne-n0"/>
  <a xml:id="ne-N65567" label="date" ref="ne-n0" as="anc">
    <fs>
      <f name="kind" value="dateTime"/>
    </fs>
  </a>
  <edge xml:id="ne-lnk3" from="ne-n0" to="penn-n10"/>
  <edge xml:id="ne-lnk2" from="ne-n0" to="penn-n9"/>
  <edge xml:id="ne-lnk1" from="ne-n0" to="penn-n8"/>
  <edge xml:id="ne-lnk0" from="ne-n0" to="penn-n7"/>
  <edge xml:id="ne-lnk5" from="ne-n0" to="penn-n12"/>
  <edge xml:id="ne-lnk4" from="ne-n0" to="penn-n11"/>
</graph>
