<graph xmlns="http://www.xces.org/ns/GrAF/1.0/" xmlns:graf="http://www.xces.org/ns/GrAF/1.0/">
  <graphHeader>
    <labelsDecl>
      <labelUsage label="body" occurs="1"/>
      <labelUsage label="text" occurs="1"/>
      <labelUsage label="p" occurs="8"/>
      <labelUsage label="cesDoc" occurs="1"/>
      <labelUsage label="head" occurs="1"/>
      <labelUsage label="signature" occurs="1"/>
    </labelsDecl>
    <annotationSpaces>
      <annotationSpace as.id="xces"/>
    </annotationSpaces>
  </graphHeader>
  <region xml:id="logical-r0" anchors="0 2507"/>
  <node xml:id="logical-n0">
    <link targets="logical-r0"/>
  </node>
  <a xml:id="logical-N65589" label="cesDoc" ref="logical-n0" as="xces"/>
  <region xml:id="logical-r1" anchors="1 2506"/>
  <node xml:id="logical-n1">
    <link targets="logical-r1"/>
  </node>
  <a xml:id="logical-N65605" label="text" ref="logical-n1" as="xces"/>
  <region xml:id="logical-r2" anchors="2 977"/>
  <node xml:id="logical-n2">
    <link targets="logical-r2"/>
  </node>
  <a xml:id="logical-N65621" label="head" ref="logical-n2" as="xces">
    <fs>
      <f name="type" value="email"/>
    </fs>
  </a>
  <region xml:id="logical-r3" anchors="978 2505"/>
  <node xml:id="logical-n3">
    <link targets="logical-r3"/>
  </node>
  <a xml:id="logical-N65645" label="body" ref="logical-n3" as="xces"/>
  <region xml:id="logical-r4" anchors="979 1290"/>
  <node xml:id="logical-n4">
    <link targets="logical-r4"/>
  </node>
  <a xml:id="logical-N65661" label="p" ref="logical-n4" as="xces"/>
  <region xml:id="logical-r5" anchors="1291 1495"/>
  <node xml:id="logical-n5">
    <link targets="logical-r5"/>
  </node>
  <a xml:id="logical-N65677" label="p" ref="logical-n5" as="xces"/>
  <region xml:id="logical-r6" anchors="1496 1738"/>
  <node xml:id="logical-n6">
    <link targets="logical-r6"/>
  </node>
  <a xml:id="logical-N65693" label="p" ref="logical-n6" as="xces"/>
  <region xml:id="logical-r7" anchors="1739 1833"/>
  <node xml:id="logical-n7">
    <link targets="logical-r7"/>
  </node>
  <a xml:id="logical-N65709" label="p" ref="logical-n7" as="xces"/>
  <region xml:id="logical-r8" anchors="1836 1910"/>
  <node xml:id="logical-n8">
    <link targets="logical-r8"/>
  </node>
  <a xml:id="logical-N65725" label="p" ref="logical-n8" as="xces"/>
  <region xml:id="logical-r9" anchors="1911 2422"/>
  <node xml:id="logical-n9">
    <link targets="logical-r9"/>
  </node>
  <a xml:id="logical-N65741" label="p" ref="logical-n9" as="xces"/>
  <region xml:id="logical-r10" anchors="2423 2492"/>
  <node xml:id="logical-n10">
    <link targets="logical-r10"/>
  </node>
  <a xml:id="logical-N65757" label="p" ref="logical-n10" as="xces"/>
  <region xml:id="logical-r12" anchors="2493 2504"/>
  <node xml:id="logical-n12">
    <link targets="logical-r12"/>
  </node>
  <a xml:id="logical-N65773" label="p" ref="logical-n12" as="xces"/>
  <region xml:id="logical-r11" anchors="2493 2504"/>
  <node xml:id="logical-n11">
    <link targets="logical-r11"/>
  </node>
  <a xml:id="logical-N65789" label="signature" ref="logical-n11" as="xces"/>
</graph>
