<?xml version="1.0" encoding="UTF-8"?><graph xmlns="http://www.xces.org/ns/GrAF/1.0/" xmlns:graf="http://www.xces.org/ns/GrAF/1.0/">
    <graphHeader>
        <labelsDecl>
            <labelUsage label="nchunk" occurs="108"/>
        </labelsDecl>
        <dependencies>
            <dependsOn f.id="f.penn"/>
        </dependencies>
        <annotationSpaces>
            <annotationSpace as.id="anc"/>
        </annotationSpaces>
    </graphHeader>
    <node xml:id="nc-n0"/>
    <a xml:id="nc-N65567" label="nchunk" ref="nc-n0" as="anc"/>
    <node xml:id="nc-n1"/>
    <a xml:id="nc-N65583" label="nchunk" ref="nc-n1" as="anc"/>
    <node xml:id="nc-n10"/>
    <a xml:id="nc-N65599" label="nchunk" ref="nc-n10" as="anc"/>
    <node xml:id="nc-n100"/>
    <a xml:id="nc-N65619" label="nchunk" ref="nc-n100" as="anc"/>
    <node xml:id="nc-n101"/>
    <a xml:id="nc-N65635" label="nchunk" ref="nc-n101" as="anc"/>
    <node xml:id="nc-n102"/>
    <a xml:id="nc-N65651" label="nchunk" ref="nc-n102" as="anc"/>
    <node xml:id="nc-n103"/>
    <a xml:id="nc-N65667" label="nchunk" ref="nc-n103" as="anc"/>
    <node xml:id="nc-n104"/>
    <a xml:id="nc-N65683" label="nchunk" ref="nc-n104" as="anc"/>
    <node xml:id="nc-n105"/>
    <a xml:id="nc-N65699" label="nchunk" ref="nc-n105" as="anc"/>
    <node xml:id="nc-n106"/>
    <a xml:id="nc-N65715" label="nchunk" ref="nc-n106" as="anc"/>
    <node xml:id="nc-n107"/>
    <a xml:id="nc-N65731" label="nchunk" ref="nc-n107" as="anc"/>
    <node xml:id="nc-n11"/>
    <a xml:id="nc-N65747" label="nchunk" ref="nc-n11" as="anc"/>
    <node xml:id="nc-n12"/>
    <a xml:id="nc-N65767" label="nchunk" ref="nc-n12" as="anc"/>
    <node xml:id="nc-n13"/>
    <a xml:id="nc-N65787" label="nchunk" ref="nc-n13" as="anc"/>
    <node xml:id="nc-n14"/>
    <a xml:id="nc-N65807" label="nchunk" ref="nc-n14" as="anc"/>
    <node xml:id="nc-n15"/>
    <a xml:id="nc-N65827" label="nchunk" ref="nc-n15" as="anc"/>
    <node xml:id="nc-n16"/>
    <a xml:id="nc-N65843" label="nchunk" ref="nc-n16" as="anc"/>
    <node xml:id="nc-n17"/>
    <a xml:id="nc-N65859" label="nchunk" ref="nc-n17" as="anc"/>
    <node xml:id="nc-n18"/>
    <a xml:id="nc-N65875" label="nchunk" ref="nc-n18" as="anc"/>
    <node xml:id="nc-n19"/>
    <a xml:id="nc-N65891" label="nchunk" ref="nc-n19" as="anc"/>
    <node xml:id="nc-n2"/>
    <a xml:id="nc-N65911" label="nchunk" ref="nc-n2" as="anc"/>
    <node xml:id="nc-n20"/>
    <a xml:id="nc-N65927" label="nchunk" ref="nc-n20" as="anc"/>
    <node xml:id="nc-n21"/>
    <a xml:id="nc-N65947" label="nchunk" ref="nc-n21" as="anc"/>
    <node xml:id="nc-n22"/>
    <a xml:id="nc-N65967" label="nchunk" ref="nc-n22" as="anc"/>
    <node xml:id="nc-n23"/>
    <a xml:id="nc-N65987" label="nchunk" ref="nc-n23" as="anc"/>
    <node xml:id="nc-n24"/>
    <a xml:id="nc-N66007" label="nchunk" ref="nc-n24" as="anc"/>
    <node xml:id="nc-n25"/>
    <a xml:id="nc-N66027" label="nchunk" ref="nc-n25" as="anc"/>
    <node xml:id="nc-n26"/>
    <a xml:id="nc-N66047" label="nchunk" ref="nc-n26" as="anc"/>
    <node xml:id="nc-n27"/>
    <a xml:id="nc-N66063" label="nchunk" ref="nc-n27" as="anc"/>
    <node xml:id="nc-n28"/>
    <a xml:id="nc-N66079" label="nchunk" ref="nc-n28" as="anc"/>
    <node xml:id="nc-n29"/>
    <a xml:id="nc-N66095" label="nchunk" ref="nc-n29" as="anc"/>
    <node xml:id="nc-n3"/>
    <a xml:id="nc-N66111" label="nchunk" ref="nc-n3" as="anc"/>
    <node xml:id="nc-n30"/>
    <a xml:id="nc-N66131" label="nchunk" ref="nc-n30" as="anc"/>
    <node xml:id="nc-n31"/>
    <a xml:id="nc-N66151" label="nchunk" ref="nc-n31" as="anc"/>
    <node xml:id="nc-n32"/>
    <a xml:id="nc-N66171" label="nchunk" ref="nc-n32" as="anc"/>
    <node xml:id="nc-n33"/>
    <a xml:id="nc-N66191" label="nchunk" ref="nc-n33" as="anc"/>
    <node xml:id="nc-n34"/>
    <a xml:id="nc-N66211" label="nchunk" ref="nc-n34" as="anc"/>
    <node xml:id="nc-n35"/>
    <a xml:id="nc-N66231" label="nchunk" ref="nc-n35" as="anc"/>
    <node xml:id="nc-n36"/>
    <a xml:id="nc-N66251" label="nchunk" ref="nc-n36" as="anc"/>
    <node xml:id="nc-n37"/>
    <a xml:id="nc-N66271" label="nchunk" ref="nc-n37" as="anc"/>
    <node xml:id="nc-n38"/>
    <a xml:id="nc-N66287" label="nchunk" ref="nc-n38" as="anc"/>
    <node xml:id="nc-n39"/>
    <a xml:id="nc-N66303" label="nchunk" ref="nc-n39" as="anc"/>
    <node xml:id="nc-n4"/>
    <a xml:id="nc-N66319" label="nchunk" ref="nc-n4" as="anc"/>
    <node xml:id="nc-n40"/>
    <a xml:id="nc-N66339" label="nchunk" ref="nc-n40" as="anc"/>
    <node xml:id="nc-n41"/>
    <a xml:id="nc-N66355" label="nchunk" ref="nc-n41" as="anc"/>
    <node xml:id="nc-n42"/>
    <a xml:id="nc-N66371" label="nchunk" ref="nc-n42" as="anc"/>
    <node xml:id="nc-n43"/>
    <a xml:id="nc-N66387" label="nchunk" ref="nc-n43" as="anc"/>
    <node xml:id="nc-n44"/>
    <a xml:id="nc-N66403" label="nchunk" ref="nc-n44" as="anc"/>
    <node xml:id="nc-n45"/>
    <a xml:id="nc-N66419" label="nchunk" ref="nc-n45" as="anc"/>
    <node xml:id="nc-n46"/>
    <a xml:id="nc-N66435" label="nchunk" ref="nc-n46" as="anc"/>
    <node xml:id="nc-n47"/>
    <a xml:id="nc-N66451" label="nchunk" ref="nc-n47" as="anc"/>
    <node xml:id="nc-n48"/>
    <a xml:id="nc-N66467" label="nchunk" ref="nc-n48" as="anc"/>
    <node xml:id="nc-n49"/>
    <a xml:id="nc-N66483" label="nchunk" ref="nc-n49" as="anc"/>
    <node xml:id="nc-n5"/>
    <a xml:id="nc-N66499" label="nchunk" ref="nc-n5" as="anc"/>
    <node xml:id="nc-n50"/>
    <a xml:id="nc-N66519" label="nchunk" ref="nc-n50" as="anc"/>
    <node xml:id="nc-n51"/>
    <a xml:id="nc-N66535" label="nchunk" ref="nc-n51" as="anc"/>
    <node xml:id="nc-n52"/>
    <a xml:id="nc-N66551" label="nchunk" ref="nc-n52" as="anc"/>
    <node xml:id="nc-n53"/>
    <a xml:id="nc-N66567" label="nchunk" ref="nc-n53" as="anc"/>
    <node xml:id="nc-n54"/>
    <a xml:id="nc-N66583" label="nchunk" ref="nc-n54" as="anc"/>
    <node xml:id="nc-n55"/>
    <a xml:id="nc-N66599" label="nchunk" ref="nc-n55" as="anc"/>
    <node xml:id="nc-n56"/>
    <a xml:id="nc-N66615" label="nchunk" ref="nc-n56" as="anc"/>
    <node xml:id="nc-n57"/>
    <a xml:id="nc-N66631" label="nchunk" ref="nc-n57" as="anc"/>
    <node xml:id="nc-n58"/>
    <a xml:id="nc-N66647" label="nchunk" ref="nc-n58" as="anc"/>
    <node xml:id="nc-n59"/>
    <a xml:id="nc-N66663" label="nchunk" ref="nc-n59" as="anc"/>
    <node xml:id="nc-n6"/>
    <a xml:id="nc-N66679" label="nchunk" ref="nc-n6" as="anc"/>
    <node xml:id="nc-n60"/>
    <a xml:id="nc-N66699" label="nchunk" ref="nc-n60" as="anc"/>
    <node xml:id="nc-n61"/>
    <a xml:id="nc-N66715" label="nchunk" ref="nc-n61" as="anc"/>
    <node xml:id="nc-n62"/>
    <a xml:id="nc-N66731" label="nchunk" ref="nc-n62" as="anc"/>
    <node xml:id="nc-n63"/>
    <a xml:id="nc-N66747" label="nchunk" ref="nc-n63" as="anc"/>
    <node xml:id="nc-n64"/>
    <a xml:id="nc-N66763" label="nchunk" ref="nc-n64" as="anc"/>
    <node xml:id="nc-n65"/>
    <a xml:id="nc-N66779" label="nchunk" ref="nc-n65" as="anc"/>
    <node xml:id="nc-n66"/>
    <a xml:id="nc-N66795" label="nchunk" ref="nc-n66" as="anc"/>
    <node xml:id="nc-n67"/>
    <a xml:id="nc-N66811" label="nchunk" ref="nc-n67" as="anc"/>
    <node xml:id="nc-n68"/>
    <a xml:id="nc-N66827" label="nchunk" ref="nc-n68" as="anc"/>
    <node xml:id="nc-n69"/>
    <a xml:id="nc-N66843" label="nchunk" ref="nc-n69" as="anc"/>
    <node xml:id="nc-n7"/>
    <a xml:id="nc-N66859" label="nchunk" ref="nc-n7" as="anc"/>
    <node xml:id="nc-n70"/>
    <a xml:id="nc-N66879" label="nchunk" ref="nc-n70" as="anc"/>
    <node xml:id="nc-n71"/>
    <a xml:id="nc-N66895" label="nchunk" ref="nc-n71" as="anc"/>
    <node xml:id="nc-n72"/>
    <a xml:id="nc-N66911" label="nchunk" ref="nc-n72" as="anc"/>
    <node xml:id="nc-n73"/>
    <a xml:id="nc-N66927" label="nchunk" ref="nc-n73" as="anc"/>
    <node xml:id="nc-n74"/>
    <a xml:id="nc-N66943" label="nchunk" ref="nc-n74" as="anc"/>
    <node xml:id="nc-n75"/>
    <a xml:id="nc-N66959" label="nchunk" ref="nc-n75" as="anc"/>
    <node xml:id="nc-n76"/>
    <a xml:id="nc-N66975" label="nchunk" ref="nc-n76" as="anc"/>
    <node xml:id="nc-n77"/>
    <a xml:id="nc-N66991" label="nchunk" ref="nc-n77" as="anc"/>
    <node xml:id="nc-n78"/>
    <a xml:id="nc-N67007" label="nchunk" ref="nc-n78" as="anc"/>
    <node xml:id="nc-n79"/>
    <a xml:id="nc-N67023" label="nchunk" ref="nc-n79" as="anc"/>
    <node xml:id="nc-n8"/>
    <a xml:id="nc-N67039" label="nchunk" ref="nc-n8" as="anc"/>
    <node xml:id="nc-n80"/>
    <a xml:id="nc-N67059" label="nchunk" ref="nc-n80" as="anc"/>
    <node xml:id="nc-n81"/>
    <a xml:id="nc-N67075" label="nchunk" ref="nc-n81" as="anc"/>
    <node xml:id="nc-n82"/>
    <a xml:id="nc-N67091" label="nchunk" ref="nc-n82" as="anc"/>
    <node xml:id="nc-n83"/>
    <a xml:id="nc-N67107" label="nchunk" ref="nc-n83" as="anc"/>
    <node xml:id="nc-n84"/>
    <a xml:id="nc-N67123" label="nchunk" ref="nc-n84" as="anc"/>
    <node xml:id="nc-n85"/>
    <a xml:id="nc-N67139" label="nchunk" ref="nc-n85" as="anc"/>
    <node xml:id="nc-n86"/>
    <a xml:id="nc-N67155" label="nchunk" ref="nc-n86" as="anc"/>
    <node xml:id="nc-n87"/>
    <a xml:id="nc-N67171" label="nchunk" ref="nc-n87" as="anc"/>
    <node xml:id="nc-n88"/>
    <a xml:id="nc-N67187" label="nchunk" ref="nc-n88" as="anc"/>
    <node xml:id="nc-n89"/>
    <a xml:id="nc-N67203" label="nchunk" ref="nc-n89" as="anc"/>
    <node xml:id="nc-n9"/>
    <a xml:id="nc-N67219" label="nchunk" ref="nc-n9" as="anc"/>
    <node xml:id="nc-n90"/>
    <a xml:id="nc-N67239" label="nchunk" ref="nc-n90" as="anc"/>
    <node xml:id="nc-n91"/>
    <a xml:id="nc-N67255" label="nchunk" ref="nc-n91" as="anc"/>
    <node xml:id="nc-n92"/>
    <a xml:id="nc-N67271" label="nchunk" ref="nc-n92" as="anc"/>
    <node xml:id="nc-n93"/>
    <a xml:id="nc-N67287" label="nchunk" ref="nc-n93" as="anc"/>
    <node xml:id="nc-n94"/>
    <a xml:id="nc-N67303" label="nchunk" ref="nc-n94" as="anc"/>
    <node xml:id="nc-n95"/>
    <a xml:id="nc-N67319" label="nchunk" ref="nc-n95" as="anc"/>
    <node xml:id="nc-n96"/>
    <a xml:id="nc-N67335" label="nchunk" ref="nc-n96" as="anc"/>
    <node xml:id="nc-n97"/>
    <a xml:id="nc-N67351" label="nchunk" ref="nc-n97" as="anc"/>
    <node xml:id="nc-n98"/>
    <a xml:id="nc-N67371" label="nchunk" ref="nc-n98" as="anc"/>
    <node xml:id="nc-n99"/>
    <a xml:id="nc-N67387" label="nchunk" ref="nc-n99" as="anc"/>
    <edge xml:id="nc-lnk189" from="nc-n103" to="penn-n373"/>
    <edge xml:id="nc-lnk188" from="nc-n102" to="penn-n369"/>
    <edge xml:id="nc-lnk187" from="nc-n102" to="penn-n368"/>
    <edge xml:id="nc-lnk186" from="nc-n102" to="penn-n367"/>
    <edge xml:id="nc-lnk185" from="nc-n102" to="penn-n366"/>
    <edge xml:id="nc-lnk184" from="nc-n102" to="penn-n365"/>
    <edge xml:id="nc-lnk183" from="nc-n101" to="penn-n363"/>
    <edge xml:id="nc-lnk182" from="nc-n101" to="penn-n362"/>
    <edge xml:id="nc-lnk181" from="nc-n101" to="penn-n361"/>
    <edge xml:id="nc-lnk180" from="nc-n101" to="penn-n360"/>
    <edge xml:id="nc-lnk49" from="nc-n31" to="penn-n94"/>
    <edge xml:id="nc-lnk48" from="nc-n30" to="penn-n92"/>
    <edge xml:id="nc-lnk47" from="nc-n29" to="penn-n86"/>
    <edge xml:id="nc-lnk46" from="nc-n29" to="penn-n85"/>
    <edge xml:id="nc-lnk45" from="nc-n29" to="penn-n84"/>
    <edge xml:id="nc-lnk44" from="nc-n28" to="penn-n75"/>
    <edge xml:id="nc-lnk43" from="nc-n28" to="penn-n74"/>
    <edge xml:id="nc-lnk42" from="nc-n27" to="penn-n73"/>
    <edge xml:id="nc-lnk41" from="nc-n26" to="penn-n71"/>
    <edge xml:id="nc-lnk40" from="nc-n26" to="penn-n70"/>
    <edge xml:id="nc-lnk179" from="nc-n100" to="penn-n358"/>
    <edge xml:id="nc-lnk178" from="nc-n99" to="penn-n356"/>
    <edge xml:id="nc-lnk177" from="nc-n99" to="penn-n355"/>
    <edge xml:id="nc-lnk176" from="nc-n98" to="penn-n349"/>
    <edge xml:id="nc-lnk175" from="nc-n98" to="penn-n348"/>
    <edge xml:id="nc-lnk174" from="nc-n97" to="penn-n347"/>
    <edge xml:id="nc-lnk173" from="nc-n96" to="penn-n345"/>
    <edge xml:id="nc-lnk172" from="nc-n96" to="penn-n344"/>
    <edge xml:id="nc-lnk171" from="nc-n96" to="penn-n343"/>
    <edge xml:id="nc-lnk170" from="nc-n96" to="penn-n342"/>
    <edge xml:id="nc-lnk39" from="nc-n25" to="penn-n69"/>
    <edge xml:id="nc-lnk38" from="nc-n24" to="penn-n67"/>
    <edge xml:id="nc-lnk37" from="nc-n23" to="penn-n65"/>
    <edge xml:id="nc-lnk36" from="nc-n22" to="penn-n63"/>
    <edge xml:id="nc-lnk35" from="nc-n21" to="penn-n61"/>
    <edge xml:id="nc-lnk34" from="nc-n20" to="penn-n59"/>
    <edge xml:id="nc-lnk33" from="nc-n19" to="penn-n57"/>
    <edge xml:id="nc-lnk32" from="nc-n18" to="penn-n54"/>
    <edge xml:id="nc-lnk31" from="nc-n18" to="penn-n53"/>
    <edge xml:id="nc-lnk30" from="nc-n17" to="penn-n51"/>
    <edge xml:id="nc-lnk169" from="nc-n95" to="penn-n340"/>
    <edge xml:id="nc-lnk168" from="nc-n95" to="penn-n339"/>
    <edge xml:id="nc-lnk167" from="nc-n94" to="penn-n336"/>
    <edge xml:id="nc-lnk166" from="nc-n94" to="penn-n335"/>
    <edge xml:id="nc-lnk165" from="nc-n93" to="penn-n333"/>
    <edge xml:id="nc-lnk164" from="nc-n92" to="penn-n331"/>
    <edge xml:id="nc-lnk163" from="nc-n91" to="penn-n328"/>
    <edge xml:id="nc-lnk162" from="nc-n91" to="penn-n327"/>
    <edge xml:id="nc-lnk161" from="nc-n91" to="penn-n326"/>
    <edge xml:id="nc-lnk160" from="nc-n91" to="penn-n325"/>
    <edge xml:id="nc-lnk29" from="nc-n16" to="penn-n47"/>
    <edge xml:id="nc-lnk28" from="nc-n16" to="penn-n46"/>
    <edge xml:id="nc-lnk27" from="nc-n15" to="penn-n44"/>
    <edge xml:id="nc-lnk26" from="nc-n14" to="penn-n43"/>
    <edge xml:id="nc-lnk25" from="nc-n13" to="penn-n41"/>
    <edge xml:id="nc-lnk24" from="nc-n12" to="penn-n39"/>
    <edge xml:id="nc-lnk23" from="nc-n11" to="penn-n37"/>
    <edge xml:id="nc-lnk22" from="nc-n11" to="penn-n36"/>
    <edge xml:id="nc-lnk21" from="nc-n11" to="penn-n35"/>
    <edge xml:id="nc-lnk20" from="nc-n10" to="penn-n33"/>
    <edge xml:id="nc-lnk159" from="nc-n90" to="penn-n323"/>
    <edge xml:id="nc-lnk158" from="nc-n90" to="penn-n322"/>
    <edge xml:id="nc-lnk157" from="nc-n89" to="penn-n318"/>
    <edge xml:id="nc-lnk156" from="nc-n89" to="penn-n317"/>
    <edge xml:id="nc-lnk155" from="nc-n88" to="penn-n315"/>
    <edge xml:id="nc-lnk154" from="nc-n88" to="penn-n314"/>
    <edge xml:id="nc-lnk153" from="nc-n88" to="penn-n313"/>
    <edge xml:id="nc-lnk152" from="nc-n87" to="penn-n308"/>
    <edge xml:id="nc-lnk151" from="nc-n86" to="penn-n307"/>
    <edge xml:id="nc-lnk150" from="nc-n86" to="penn-n306"/>
    <edge xml:id="nc-lnk19" from="nc-n9" to="penn-n31"/>
    <edge xml:id="nc-lnk18" from="nc-n8" to="penn-n29"/>
    <edge xml:id="nc-lnk17" from="nc-n7" to="penn-n27"/>
    <edge xml:id="nc-lnk16" from="nc-n6" to="penn-n25"/>
    <edge xml:id="nc-lnk15" from="nc-n5" to="penn-n23"/>
    <edge xml:id="nc-lnk14" from="nc-n4" to="penn-n20"/>
    <edge xml:id="nc-lnk13" from="nc-n3" to="penn-n17"/>
    <edge xml:id="nc-lnk12" from="nc-n3" to="penn-n16"/>
    <edge xml:id="nc-lnk11" from="nc-n3" to="penn-n15"/>
    <edge xml:id="nc-lnk10" from="nc-n3" to="penn-n14"/>
    <edge xml:id="nc-lnk149" from="nc-n86" to="penn-n305"/>
    <edge xml:id="nc-lnk148" from="nc-n86" to="penn-n304"/>
    <edge xml:id="nc-lnk147" from="nc-n86" to="penn-n303"/>
    <edge xml:id="nc-lnk146" from="nc-n85" to="penn-n301"/>
    <edge xml:id="nc-lnk145" from="nc-n84" to="penn-n299"/>
    <edge xml:id="nc-lnk144" from="nc-n84" to="penn-n298"/>
    <edge xml:id="nc-lnk143" from="nc-n84" to="penn-n297"/>
    <edge xml:id="nc-lnk142" from="nc-n83" to="penn-n295"/>
    <edge xml:id="nc-lnk141" from="nc-n82" to="penn-n293"/>
    <edge xml:id="nc-lnk140" from="nc-n82" to="penn-n292"/>
    <edge xml:id="nc-lnk139" from="nc-n82" to="penn-n291"/>
    <edge xml:id="nc-lnk138" from="nc-n82" to="penn-n290"/>
    <edge xml:id="nc-lnk137" from="nc-n82" to="penn-n289"/>
    <edge xml:id="nc-lnk136" from="nc-n81" to="penn-n283"/>
    <edge xml:id="nc-lnk135" from="nc-n81" to="penn-n282"/>
    <edge xml:id="nc-lnk134" from="nc-n81" to="penn-n281"/>
    <edge xml:id="nc-lnk133" from="nc-n80" to="penn-n279"/>
    <edge xml:id="nc-lnk132" from="nc-n79" to="penn-n276"/>
    <edge xml:id="nc-lnk131" from="nc-n79" to="penn-n275"/>
    <edge xml:id="nc-lnk130" from="nc-n78" to="penn-n272"/>
    <edge xml:id="nc-lnk129" from="nc-n77" to="penn-n271"/>
    <edge xml:id="nc-lnk128" from="nc-n76" to="penn-n265"/>
    <edge xml:id="nc-lnk127" from="nc-n75" to="penn-n260"/>
    <edge xml:id="nc-lnk126" from="nc-n74" to="penn-n257"/>
    <edge xml:id="nc-lnk125" from="nc-n74" to="penn-n256"/>
    <edge xml:id="nc-lnk124" from="nc-n73" to="penn-n254"/>
    <edge xml:id="nc-lnk123" from="nc-n72" to="penn-n253"/>
    <edge xml:id="nc-lnk122" from="nc-n72" to="penn-n252"/>
    <edge xml:id="nc-lnk121" from="nc-n71" to="penn-n250"/>
    <edge xml:id="nc-lnk120" from="nc-n70" to="penn-n248"/>
    <edge xml:id="nc-lnk119" from="nc-n70" to="penn-n247"/>
    <edge xml:id="nc-lnk118" from="nc-n69" to="penn-n239"/>
    <edge xml:id="nc-lnk117" from="nc-n68" to="penn-n237"/>
    <edge xml:id="nc-lnk116" from="nc-n68" to="penn-n236"/>
    <edge xml:id="nc-lnk115" from="nc-n67" to="penn-n234"/>
    <edge xml:id="nc-lnk114" from="nc-n67" to="penn-n233"/>
    <edge xml:id="nc-lnk113" from="nc-n66" to="penn-n231"/>
    <edge xml:id="nc-lnk112" from="nc-n66" to="penn-n230"/>
    <edge xml:id="nc-lnk111" from="nc-n65" to="penn-n226"/>
    <edge xml:id="nc-lnk110" from="nc-n64" to="penn-n222"/>
    <edge xml:id="nc-lnk99" from="nc-n58" to="penn-n198"/>
    <edge xml:id="nc-lnk98" from="nc-n57" to="penn-n192"/>
    <edge xml:id="nc-lnk109" from="nc-n64" to="penn-n221"/>
    <edge xml:id="nc-lnk97" from="nc-n56" to="penn-n191"/>
    <edge xml:id="nc-lnk108" from="nc-n63" to="penn-n218"/>
    <edge xml:id="nc-lnk96" from="nc-n56" to="penn-n190"/>
    <edge xml:id="nc-lnk107" from="nc-n62" to="penn-n216"/>
    <edge xml:id="nc-lnk95" from="nc-n56" to="penn-n189"/>
    <edge xml:id="nc-lnk106" from="nc-n61" to="penn-n213"/>
    <edge xml:id="nc-lnk94" from="nc-n55" to="penn-n186"/>
    <edge xml:id="nc-lnk105" from="nc-n60" to="penn-n210"/>
    <edge xml:id="nc-lnk93" from="nc-n55" to="penn-n185"/>
    <edge xml:id="nc-lnk104" from="nc-n60" to="penn-n209"/>
    <edge xml:id="nc-lnk92" from="nc-n55" to="penn-n184"/>
    <edge xml:id="nc-lnk103" from="nc-n60" to="penn-n208"/>
    <edge xml:id="nc-lnk91" from="nc-n54" to="penn-n179"/>
    <edge xml:id="nc-lnk102" from="nc-n59" to="penn-n204"/>
    <edge xml:id="nc-lnk90" from="nc-n53" to="penn-n176"/>
    <edge xml:id="nc-lnk101" from="nc-n58" to="penn-n200"/>
    <edge xml:id="nc-lnk100" from="nc-n58" to="penn-n199"/>
    <edge xml:id="nc-lnk89" from="nc-n52" to="penn-n173"/>
    <edge xml:id="nc-lnk88" from="nc-n51" to="penn-n170"/>
    <edge xml:id="nc-lnk87" from="nc-n51" to="penn-n169"/>
    <edge xml:id="nc-lnk86" from="nc-n50" to="penn-n164"/>
    <edge xml:id="nc-lnk85" from="nc-n50" to="penn-n163"/>
    <edge xml:id="nc-lnk84" from="nc-n49" to="penn-n159"/>
    <edge xml:id="nc-lnk83" from="nc-n49" to="penn-n158"/>
    <edge xml:id="nc-lnk82" from="nc-n49" to="penn-n157"/>
    <edge xml:id="nc-lnk81" from="nc-n49" to="penn-n156"/>
    <edge xml:id="nc-lnk80" from="nc-n48" to="penn-n155"/>
    <edge xml:id="nc-lnk79" from="nc-n47" to="penn-n153"/>
    <edge xml:id="nc-lnk78" from="nc-n46" to="penn-n149"/>
    <edge xml:id="nc-lnk77" from="nc-n45" to="penn-n144"/>
    <edge xml:id="nc-lnk76" from="nc-n45" to="penn-n143"/>
    <edge xml:id="nc-lnk75" from="nc-n45" to="penn-n142"/>
    <edge xml:id="nc-lnk74" from="nc-n45" to="penn-n141"/>
    <edge xml:id="nc-lnk73" from="nc-n45" to="penn-n140"/>
    <edge xml:id="nc-lnk72" from="nc-n44" to="penn-n138"/>
    <edge xml:id="nc-lnk71" from="nc-n44" to="penn-n137"/>
    <edge xml:id="nc-lnk70" from="nc-n43" to="penn-n135"/>
    <edge xml:id="nc-lnk69" from="nc-n43" to="penn-n134"/>
    <edge xml:id="nc-lnk68" from="nc-n42" to="penn-n132"/>
    <edge xml:id="nc-lnk67" from="nc-n42" to="penn-n131"/>
    <edge xml:id="nc-lnk66" from="nc-n41" to="penn-n124"/>
    <edge xml:id="nc-lnk65" from="nc-n41" to="penn-n123"/>
    <edge xml:id="nc-lnk64" from="nc-n41" to="penn-n122"/>
    <edge xml:id="nc-lnk63" from="nc-n41" to="penn-n121"/>
    <edge xml:id="nc-lnk62" from="nc-n40" to="penn-n119"/>
    <edge xml:id="nc-lnk61" from="nc-n39" to="penn-n117"/>
    <edge xml:id="nc-lnk60" from="nc-n39" to="penn-n116"/>
    <edge xml:id="nc-lnk196" from="nc-n107" to="penn-n383"/>
    <edge xml:id="nc-lnk195" from="nc-n107" to="penn-n382"/>
    <edge xml:id="nc-lnk194" from="nc-n106" to="penn-n381"/>
    <edge xml:id="nc-lnk193" from="nc-n105" to="penn-n379"/>
    <edge xml:id="nc-lnk192" from="nc-n105" to="penn-n378"/>
    <edge xml:id="nc-lnk191" from="nc-n104" to="penn-n376"/>
    <edge xml:id="nc-lnk190" from="nc-n103" to="penn-n374"/>
    <edge xml:id="nc-lnk9" from="nc-n3" to="penn-n13"/>
    <edge xml:id="nc-lnk8" from="nc-n3" to="penn-n12"/>
    <edge xml:id="nc-lnk7" from="nc-n3" to="penn-n11"/>
    <edge xml:id="nc-lnk6" from="nc-n3" to="penn-n10"/>
    <edge xml:id="nc-lnk5" from="nc-n3" to="penn-n9"/>
    <edge xml:id="nc-lnk59" from="nc-n39" to="penn-n115"/>
    <edge xml:id="nc-lnk4" from="nc-n3" to="penn-n8"/>
    <edge xml:id="nc-lnk58" from="nc-n39" to="penn-n114"/>
    <edge xml:id="nc-lnk3" from="nc-n3" to="penn-n7"/>
    <edge xml:id="nc-lnk57" from="nc-n38" to="penn-n112"/>
    <edge xml:id="nc-lnk2" from="nc-n2" to="penn-n5"/>
    <edge xml:id="nc-lnk56" from="nc-n38" to="penn-n111"/>
    <edge xml:id="nc-lnk1" from="nc-n1" to="penn-n3"/>
    <edge xml:id="nc-lnk55" from="nc-n37" to="penn-n105"/>
    <edge xml:id="nc-lnk0" from="nc-n0" to="penn-n0"/>
    <edge xml:id="nc-lnk54" from="nc-n36" to="penn-n104"/>
    <edge xml:id="nc-lnk53" from="nc-n35" to="penn-n102"/>
    <edge xml:id="nc-lnk52" from="nc-n34" to="penn-n100"/>
    <edge xml:id="nc-lnk51" from="nc-n33" to="penn-n98"/>
    <edge xml:id="nc-lnk50" from="nc-n32" to="penn-n96"/>
</graph>
