<graph xmlns="http://www.xces.org/ns/GrAF/1.0/" xmlns:graf="http://www.xces.org/ns/GrAF/1.0/">
  <graphHeader>
    <labelsDecl>
      <labelUsage label="body" occurs="1"/>
      <labelUsage label="author" occurs="1"/>
      <labelUsage label="text" occurs="1"/>
      <labelUsage label="a" occurs="2"/>
      <labelUsage label="p" occurs="17"/>
      <labelUsage label="div" occurs="8"/>
      <labelUsage label="hi" occurs="3"/>
      <labelUsage label="cesDoc" occurs="1"/>
      <labelUsage label="date" occurs="1"/>
      <labelUsage label="head" occurs="2"/>
    </labelsDecl>
    <annotationSpaces>
      <annotationSpace as.id="xces"/>
    </annotationSpaces>
  </graphHeader>
  <region xml:id="logical-r0" anchors="0 3614"/>
  <node xml:id="logical-n0">
    <link targets="logical-r0"/>
  </node>
  <a xml:id="logical-N65605" label="cesDoc" ref="logical-n0" as="xces">
    <fs>
      <f name="xmlns" value="http://www.xces.org/schema/2003"/>
      <f name="version" value="1.0.4"/>
    </fs>
  </a>
  <region xml:id="logical-r1" anchors="1 3613"/>
  <node xml:id="logical-n1">
    <link targets="logical-r1"/>
  </node>
  <a xml:id="logical-N65633" label="text" ref="logical-n1" as="xces"/>
  <region xml:id="logical-r2" anchors="2 3612"/>
  <node xml:id="logical-n2">
    <link targets="logical-r2"/>
  </node>
  <a xml:id="logical-N65649" label="body" ref="logical-n2" as="xces"/>
  <region xml:id="logical-r3" anchors="4 47"/>
  <node xml:id="logical-n3">
    <link targets="logical-r3"/>
  </node>
  <a xml:id="logical-N65665" label="head" ref="logical-n3" as="xces">
    <fs>
      <f name="type" value="title"/>
    </fs>
  </a>
  <region xml:id="logical-r4" anchors="48 58"/>
  <node xml:id="logical-n4">
    <link targets="logical-r4"/>
  </node>
  <a xml:id="logical-N65689" label="author" ref="logical-n4" as="xces"/>
  <region xml:id="logical-r5" anchors="60 79"/>
  <node xml:id="logical-n5">
    <link targets="logical-r5"/>
  </node>
  <a xml:id="logical-N65705" label="date" ref="logical-n5" as="xces"/>
  <region xml:id="logical-r6" anchors="82 1251"/>
  <node xml:id="logical-n6">
    <link targets="logical-r6"/>
  </node>
  <a xml:id="logical-N65721" label="div" ref="logical-n6" as="xces">
    <fs>
      <f name="class" value="entry"/>
    </fs>
  </a>
  <region xml:id="logical-r7" anchors="83 516"/>
  <node xml:id="logical-n7">
    <link targets="logical-r7"/>
  </node>
  <a xml:id="logical-N65745" label="p" ref="logical-n7" as="xces"/>
  <region xml:id="logical-r8" anchors="332 343"/>
  <node xml:id="logical-n8">
    <link targets="logical-r8"/>
  </node>
  <a xml:id="logical-N65761" label="hi" ref="logical-n8" as="xces">
    <fs>
      <f name="rend" value="italic"/>
    </fs>
  </a>
  <region xml:id="logical-r9" anchors="517 1161"/>
  <node xml:id="logical-n9">
    <link targets="logical-r9"/>
  </node>
  <a xml:id="logical-N65785" label="p" ref="logical-n9" as="xces"/>
  <region xml:id="logical-r10" anchors="922 927"/>
  <node xml:id="logical-n10">
    <link targets="logical-r10"/>
  </node>
  <a xml:id="logical-N65801" label="hi" ref="logical-n10" as="xces">
    <fs>
      <f name="rend" value="italic"/>
    </fs>
  </a>
  <region xml:id="logical-r11" anchors="1075 1091"/>
  <node xml:id="logical-n11">
    <link targets="logical-r11"/>
  </node>
  <a xml:id="logical-N65825" label="a" ref="logical-n11" as="xces">
    <fs>
      <f name="href" value="http://acephalous.typepad.com/acephalous/2009/01/index.html"/>
    </fs>
  </a>
  <region xml:id="logical-r12" anchors="1162 1230"/>
  <node xml:id="logical-n12">
    <link targets="logical-r12"/>
  </node>
  <a xml:id="logical-N65849" label="p" ref="logical-n12" as="xces"/>
  <region xml:id="logical-r13" anchors="1222 1227"/>
  <node xml:id="logical-n13">
    <link targets="logical-r13"/>
  </node>
  <a xml:id="logical-N65865" label="hi" ref="logical-n13" as="xces">
    <fs>
      <f name="rend" value="italic"/>
    </fs>
  </a>
  <region xml:id="logical-r14" anchors="1232 1250"/>
  <node xml:id="logical-n14">
    <link targets="logical-r14"/>
  </node>
  <a xml:id="logical-N65889" label="p" ref="logical-n14" as="xces"/>
  <region xml:id="logical-r15" anchors="1253 3610"/>
  <node xml:id="logical-n15">
    <link targets="logical-r15"/>
  </node>
  <a xml:id="logical-N65905" label="div" ref="logical-n15" as="xces">
    <fs>
      <f name="type" value="comments"/>
    </fs>
  </a>
  <region xml:id="logical-r16" anchors="1255 1263"/>
  <node xml:id="logical-n16">
    <link targets="logical-r16"/>
  </node>
  <a xml:id="logical-N65929" label="head" ref="logical-n16" as="xces"/>
  <region xml:id="logical-r17" anchors="1265 1723"/>
  <node xml:id="logical-n17">
    <link targets="logical-r17"/>
  </node>
  <a xml:id="logical-N65945" label="div" ref="logical-n17" as="xces">
    <fs>
      <f name="type" value="comment"/>
    </fs>
  </a>
  <region xml:id="logical-r18" anchors="1266 1667"/>
  <node xml:id="logical-n18">
    <link targets="logical-r18"/>
  </node>
  <a xml:id="logical-N65969" label="p" ref="logical-n18" as="xces"/>
  <region xml:id="logical-r19" anchors="1668 1722"/>
  <node xml:id="logical-n19">
    <link targets="logical-r19"/>
  </node>
  <a xml:id="logical-N65985" label="p" ref="logical-n19" as="xces"/>
  <region xml:id="logical-r20" anchors="1724 2279"/>
  <node xml:id="logical-n20">
    <link targets="logical-r20"/>
  </node>
  <a xml:id="logical-N66001" label="div" ref="logical-n20" as="xces">
    <fs>
      <f name="type" value="comment"/>
    </fs>
  </a>
  <region xml:id="logical-r21" anchors="1725 2221"/>
  <node xml:id="logical-n21">
    <link targets="logical-r21"/>
  </node>
  <a xml:id="logical-N66025" label="p" ref="logical-n21" as="xces"/>
  <region xml:id="logical-r22" anchors="1767 1815"/>
  <node xml:id="logical-n22">
    <link targets="logical-r22"/>
  </node>
  <a xml:id="logical-N66041" label="a" ref="logical-n22" as="xces">
    <fs>
      <f name="href" value="http://acephalous.typepad.com/acephalous/2009/02/like-what-i-did-with-the-dark-knight-only-this-time-about-the- fourth-issue-of-watchmenin-making-comics-scott-mccloud-argue.html"/>
      <f name="rel" value="nofollow"/>
    </fs>
  </a>
  <region xml:id="logical-r23" anchors="2222 2278"/>
  <node xml:id="logical-n23">
    <link targets="logical-r23"/>
  </node>
  <a xml:id="logical-N66069" label="p" ref="logical-n23" as="xces"/>
  <region xml:id="logical-r24" anchors="2280 2982"/>
  <node xml:id="logical-n24">
    <link targets="logical-r24"/>
  </node>
  <a xml:id="logical-N66085" label="div" ref="logical-n24" as="xces">
    <fs>
      <f name="type" value="comment"/>
    </fs>
  </a>
  <region xml:id="logical-r25" anchors="2281 2838"/>
  <node xml:id="logical-n25">
    <link targets="logical-r25"/>
  </node>
  <a xml:id="logical-N66109" label="p" ref="logical-n25" as="xces"/>
  <region xml:id="logical-r26" anchors="2840 2928"/>
  <node xml:id="logical-n26">
    <link targets="logical-r26"/>
  </node>
  <a xml:id="logical-N66125" label="p" ref="logical-n26" as="xces"/>
  <region xml:id="logical-r27" anchors="2929 2981"/>
  <node xml:id="logical-n27">
    <link targets="logical-r27"/>
  </node>
  <a xml:id="logical-N66141" label="p" ref="logical-n27" as="xces"/>
  <region xml:id="logical-r28" anchors="2984 3212"/>
  <node xml:id="logical-n28">
    <link targets="logical-r28"/>
  </node>
  <a xml:id="logical-N66157" label="div" ref="logical-n28" as="xces">
    <fs>
      <f name="type" value="comment"/>
    </fs>
  </a>
  <region xml:id="logical-r29" anchors="2985 3152"/>
  <node xml:id="logical-n29">
    <link targets="logical-r29"/>
  </node>
  <a xml:id="logical-N66181" label="p" ref="logical-n29" as="xces"/>
  <region xml:id="logical-r30" anchors="3153 3211"/>
  <node xml:id="logical-n30">
    <link targets="logical-r30"/>
  </node>
  <a xml:id="logical-N66197" label="p" ref="logical-n30" as="xces"/>
  <region xml:id="logical-r31" anchors="3214 3338"/>
  <node xml:id="logical-n31">
    <link targets="logical-r31"/>
  </node>
  <a xml:id="logical-N66213" label="div" ref="logical-n31" as="xces">
    <fs>
      <f name="type" value="comment"/>
    </fs>
  </a>
  <region xml:id="logical-r32" anchors="3215 3283"/>
  <node xml:id="logical-n32">
    <link targets="logical-r32"/>
  </node>
  <a xml:id="logical-N66237" label="p" ref="logical-n32" as="xces"/>
  <region xml:id="logical-r33" anchors="3284 3337"/>
  <node xml:id="logical-n33">
    <link targets="logical-r33"/>
  </node>
  <a xml:id="logical-N66253" label="p" ref="logical-n33" as="xces"/>
  <region xml:id="logical-r34" anchors="3340 3608"/>
  <node xml:id="logical-n34">
    <link targets="logical-r34"/>
  </node>
  <a xml:id="logical-N66269" label="div" ref="logical-n34" as="xces">
    <fs>
      <f name="type" value="comment"/>
    </fs>
  </a>
  <region xml:id="logical-r35" anchors="3342 3547"/>
  <node xml:id="logical-n35">
    <link targets="logical-r35"/>
  </node>
  <a xml:id="logical-N66293" label="p" ref="logical-n35" as="xces"/>
  <region xml:id="logical-r36" anchors="3548 3607"/>
  <node xml:id="logical-n36">
    <link targets="logical-r36"/>
  </node>
  <a xml:id="logical-N66309" label="p" ref="logical-n36" as="xces"/>
</graph>
