<graph xmlns="http://www.xces.org/ns/GrAF/1.0/" xmlns:graf="http://www.xces.org/ns/GrAF/1.0/">
  <graphHeader>
    <labelsDecl>
      <labelUsage label="body" occurs="1"/>
      <labelUsage label="text" occurs="1"/>
      <labelUsage label="a" occurs="5"/>
      <labelUsage label="p" occurs="22"/>
      <labelUsage label="div" occurs="10"/>
      <labelUsage label="hi" occurs="2"/>
      <labelUsage label="cesDoc" occurs="1"/>
      <labelUsage label="date" occurs="1"/>
      <labelUsage label="head" occurs="1"/>
      <labelUsage label="i" occurs="1"/>
    </labelsDecl>
    <annotationSpaces>
      <annotationSpace as.id="xces"/>
    </annotationSpaces>
  </graphHeader>
  <region xml:id="logical-r0" anchors="0 4386"/>
  <node xml:id="logical-n0">
    <link targets="logical-r0"/>
  </node>
  <a xml:id="logical-N65605" label="cesDoc" ref="logical-n0" as="xces">
    <fs>
      <f name="xmlns" value="http://www.xces.org/schema/2003"/>
      <f name="version" value="1.0.4"/>
    </fs>
  </a>
  <region xml:id="logical-r1" anchors="1 4385"/>
  <node xml:id="logical-n1">
    <link targets="logical-r1"/>
  </node>
  <a xml:id="logical-N65633" label="text" ref="logical-n1" as="xces"/>
  <region xml:id="logical-r2" anchors="2 4384"/>
  <node xml:id="logical-n2">
    <link targets="logical-r2"/>
  </node>
  <a xml:id="logical-N65649" label="body" ref="logical-n2" as="xces"/>
  <region xml:id="logical-r3" anchors="4 1777"/>
  <node xml:id="logical-n3">
    <link targets="logical-r3"/>
  </node>
  <a xml:id="logical-N65665" label="div" ref="logical-n3" as="xces">
    <fs>
      <f name="type" value="entry"/>
    </fs>
  </a>
  <region xml:id="logical-r4" anchors="5 27"/>
  <node xml:id="logical-n4">
    <link targets="logical-r4"/>
  </node>
  <a xml:id="logical-N65689" label="date" ref="logical-n4" as="xces"/>
  <region xml:id="logical-r5" anchors="29 105"/>
  <node xml:id="logical-n5">
    <link targets="logical-r5"/>
  </node>
  <a xml:id="logical-N65705" label="head" ref="logical-n5" as="xces">
    <fs>
      <f name="type" value="title"/>
    </fs>
  </a>
  <region xml:id="logical-r6" anchors="107 745"/>
  <node xml:id="logical-n6">
    <link targets="logical-r6"/>
  </node>
  <a xml:id="logical-N65729" label="p" ref="logical-n6" as="xces"/>
  <region xml:id="logical-r7" anchors="109 126"/>
  <node xml:id="logical-n7">
    <link targets="logical-r7"/>
  </node>
  <a xml:id="logical-N65745" label="a" ref="logical-n7" as="xces">
    <fs>
      <f name="href" value="http://www.facebook.com/profile.php?id=6021853&amp;v=wall&amp;story_fbid=105036059543362&amp;ref=mf"/>
    </fs>
  </a>
  <region xml:id="logical-r8" anchors="554 566"/>
  <node xml:id="logical-n8">
    <link targets="logical-r8"/>
  </node>
  <a xml:id="logical-N65769" label="a" ref="logical-n8" as="xces">
    <fs>
      <f name="href" value="http://haquelebac.wordpress.com/"/>
    </fs>
  </a>
  <region xml:id="logical-r9" anchors="674 677"/>
  <node xml:id="logical-n9">
    <link targets="logical-r9"/>
  </node>
  <a xml:id="logical-N65793" label="hi" ref="logical-n9" as="xces">
    <fs>
      <f name="rend" value="italic"/>
    </fs>
  </a>
  <region xml:id="logical-r10" anchors="746 1269"/>
  <node xml:id="logical-n10">
    <link targets="logical-r10"/>
  </node>
  <a xml:id="logical-N65817" label="p" ref="logical-n10" as="xces"/>
  <region xml:id="logical-r11" anchors="914 927"/>
  <node xml:id="logical-n11">
    <link targets="logical-r11"/>
  </node>
  <a xml:id="logical-N65833" label="hi" ref="logical-n11" as="xces">
    <fs>
      <f name="rend" value="italic"/>
    </fs>
  </a>
  <region xml:id="logical-r12" anchors="936 977"/>
  <node xml:id="logical-n12">
    <link targets="logical-r12"/>
  </node>
  <a xml:id="logical-N65857" label="a" ref="logical-n12" as="xces">
    <fs>
      <f name="href" value="http://www.baseball-reference.com/boxes/NYN/NYN198506092.shtml"/>
    </fs>
  </a>
  <region xml:id="logical-r13" anchors="1270 1776"/>
  <node xml:id="logical-n13">
    <link targets="logical-r13"/>
  </node>
  <a xml:id="logical-N65881" label="p" ref="logical-n13" as="xces"/>
  <region xml:id="logical-r14" anchors="1599 1656"/>
  <node xml:id="logical-n14">
    <link targets="logical-r14"/>
  </node>
  <a xml:id="logical-N65897" label="a" ref="logical-n14" as="xces">
    <fs>
      <f name="href" value="http://acephalous.typepad.com/acephalous/2005/12/contemporary_fi.html"/>
    </fs>
  </a>
  <region xml:id="logical-r15" anchors="1779 4383"/>
  <node xml:id="logical-n15">
    <link targets="logical-r15"/>
  </node>
  <a xml:id="logical-N65921" label="div" ref="logical-n15" as="xces">
    <fs>
      <f name="type" value="comments"/>
    </fs>
  </a>
  <region xml:id="logical-r16" anchors="1781 2093"/>
  <node xml:id="logical-n16">
    <link targets="logical-r16"/>
  </node>
  <a xml:id="logical-N65945" label="div" ref="logical-n16" as="xces">
    <fs>
      <f name="type" value="comment"/>
    </fs>
  </a>
  <region xml:id="logical-r17" anchors="1782 2036"/>
  <node xml:id="logical-n17">
    <link targets="logical-r17"/>
  </node>
  <a xml:id="logical-N65969" label="p" ref="logical-n17" as="xces"/>
  <region xml:id="logical-r18" anchors="2037 2092"/>
  <node xml:id="logical-n18">
    <link targets="logical-r18"/>
  </node>
  <a xml:id="logical-N65985" label="p" ref="logical-n18" as="xces"/>
  <region xml:id="logical-r19" anchors="2094 2650"/>
  <node xml:id="logical-n19">
    <link targets="logical-r19"/>
  </node>
  <a xml:id="logical-N66001" label="div" ref="logical-n19" as="xces">
    <fs>
      <f name="type" value="comment"/>
    </fs>
  </a>
  <region xml:id="logical-r20" anchors="2095 2597"/>
  <node xml:id="logical-n20">
    <link targets="logical-r20"/>
  </node>
  <a xml:id="logical-N66025" label="p" ref="logical-n20" as="xces"/>
  <region xml:id="logical-r21" anchors="2290 2296"/>
  <node xml:id="logical-n21">
    <link targets="logical-r21"/>
  </node>
  <a xml:id="logical-N66041" label="a" ref="logical-n21" as="xces">
    <fs>
      <f name="href" value="http://www.baseball-reference.com/players/s/sambijo01.shtml"/>
      <f name="rel" value="nofollow"/>
    </fs>
  </a>
  <region xml:id="logical-r22" anchors="2598 2649"/>
  <node xml:id="logical-n22">
    <link targets="logical-r22"/>
  </node>
  <a xml:id="logical-N66069" label="p" ref="logical-n22" as="xces"/>
  <region xml:id="logical-r23" anchors="2651 3037"/>
  <node xml:id="logical-n23">
    <link targets="logical-r23"/>
  </node>
  <a xml:id="logical-N66085" label="div" ref="logical-n23" as="xces">
    <fs>
      <f name="type" value="comment"/>
    </fs>
  </a>
  <region xml:id="logical-r24" anchors="2652 2750"/>
  <node xml:id="logical-n24">
    <link targets="logical-r24"/>
  </node>
  <a xml:id="logical-N66109" label="p" ref="logical-n24" as="xces"/>
  <region xml:id="logical-r25" anchors="2752 2843"/>
  <node xml:id="logical-n25">
    <link targets="logical-r25"/>
  </node>
  <a xml:id="logical-N66125" label="p" ref="logical-n25" as="xces"/>
  <region xml:id="logical-r26" anchors="2798 2802"/>
  <node xml:id="logical-n26">
    <link targets="logical-r26"/>
  </node>
  <a xml:id="logical-N66141" label="i" ref="logical-n26" as="xces"/>
  <region xml:id="logical-r27" anchors="2845 2974"/>
  <node xml:id="logical-n27">
    <link targets="logical-r27"/>
  </node>
  <a xml:id="logical-N66157" label="p" ref="logical-n27" as="xces"/>
  <region xml:id="logical-r28" anchors="2976 3036"/>
  <node xml:id="logical-n28">
    <link targets="logical-r28"/>
  </node>
  <a xml:id="logical-N66173" label="p" ref="logical-n28" as="xces"/>
  <region xml:id="logical-r29" anchors="3038 3199"/>
  <node xml:id="logical-n29">
    <link targets="logical-r29"/>
  </node>
  <a xml:id="logical-N66189" label="div" ref="logical-n29" as="xces">
    <fs>
      <f name="type" value="comment"/>
    </fs>
  </a>
  <region xml:id="logical-r30" anchors="3039 3136"/>
  <node xml:id="logical-n30">
    <link targets="logical-r30"/>
  </node>
  <a xml:id="logical-N66213" label="p" ref="logical-n30" as="xces"/>
  <region xml:id="logical-r31" anchors="3138 3198"/>
  <node xml:id="logical-n31">
    <link targets="logical-r31"/>
  </node>
  <a xml:id="logical-N66229" label="p" ref="logical-n31" as="xces"/>
  <region xml:id="logical-r32" anchors="3200 3317"/>
  <node xml:id="logical-n32">
    <link targets="logical-r32"/>
  </node>
  <a xml:id="logical-N66245" label="div" ref="logical-n32" as="xces">
    <fs>
      <f name="type" value="comment"/>
    </fs>
  </a>
  <region xml:id="logical-r33" anchors="3201 3258"/>
  <node xml:id="logical-n33">
    <link targets="logical-r33"/>
  </node>
  <a xml:id="logical-N66269" label="p" ref="logical-n33" as="xces"/>
  <region xml:id="logical-r34" anchors="3259 3316"/>
  <node xml:id="logical-n34">
    <link targets="logical-r34"/>
  </node>
  <a xml:id="logical-N66285" label="p" ref="logical-n34" as="xces">
    <fs>
      <f name="class" value="comment-footer"/>
    </fs>
  </a>
  <region xml:id="logical-r35" anchors="3319 3650"/>
  <node xml:id="logical-n35">
    <link targets="logical-r35"/>
  </node>
  <a xml:id="logical-N66309" label="div" ref="logical-n35" as="xces">
    <fs>
      <f name="type" value="comment"/>
    </fs>
  </a>
  <region xml:id="logical-r36" anchors="3320 3594"/>
  <node xml:id="logical-n36">
    <link targets="logical-r36"/>
  </node>
  <a xml:id="logical-N66333" label="p" ref="logical-n36" as="xces"/>
  <region xml:id="logical-r37" anchors="3595 3649"/>
  <node xml:id="logical-n37">
    <link targets="logical-r37"/>
  </node>
  <a xml:id="logical-N66349" label="p" ref="logical-n37" as="xces"/>
  <region xml:id="logical-r38" anchors="3651 3725"/>
  <node xml:id="logical-n38">
    <link targets="logical-r38"/>
  </node>
  <a xml:id="logical-N66365" label="div" ref="logical-n38" as="xces">
    <fs>
      <f name="type" value="comment"/>
    </fs>
  </a>
  <region xml:id="logical-r39" anchors="3653 3671"/>
  <node xml:id="logical-n39">
    <link targets="logical-r39"/>
  </node>
  <a xml:id="logical-N66389" label="p" ref="logical-n39" as="xces"/>
  <region xml:id="logical-r40" anchors="3671 3724"/>
  <node xml:id="logical-n40">
    <link targets="logical-r40"/>
  </node>
  <a xml:id="logical-N66405" label="p" ref="logical-n40" as="xces"/>
  <region xml:id="logical-r41" anchors="3727 4381"/>
  <node xml:id="logical-n41">
    <link targets="logical-r41"/>
  </node>
  <a xml:id="logical-N66421" label="div" ref="logical-n41" as="xces">
    <fs>
      <f name="type" value="comment"/>
    </fs>
  </a>
  <region xml:id="logical-r42" anchors="3728 4254"/>
  <node xml:id="logical-n42">
    <link targets="logical-r42"/>
  </node>
  <a xml:id="logical-N66445" label="p" ref="logical-n42" as="xces"/>
  <region xml:id="logical-r43" anchors="4256 4322"/>
  <node xml:id="logical-n43">
    <link targets="logical-r43"/>
  </node>
  <a xml:id="logical-N66461" label="p" ref="logical-n43" as="xces"/>
  <region xml:id="logical-r44" anchors="4323 4380"/>
  <node xml:id="logical-n44">
    <link targets="logical-r44"/>
  </node>
  <a xml:id="logical-N66477" label="p" ref="logical-n44" as="xces"/>
</graph>
