<?xml version="1.0" encoding="UTF-8"?><graph xmlns="http://www.xces.org/ns/GrAF/1.0/" xmlns:graf="http://www.xces.org/ns/GrAF/1.0/">
    <graphHeader>
        <labelsDecl>
        </labelsDecl>
    </graphHeader>
    <region xml:id="seg-r0" anchors="4 7"/>
    <region xml:id="seg-r2" anchors="8 13"/>
    <region xml:id="seg-r3" anchors="13 22"/>
    <region xml:id="seg-r5" anchors="23 24"/>
    <region xml:id="seg-r7" anchors="25 36"/>
    <region xml:id="seg-r9" anchors="37 40"/>
    <region xml:id="seg-r11" anchors="41 51"/>
    <region xml:id="seg-r13" anchors="52 55"/>
    <region xml:id="seg-r15" anchors="56 65"/>
    <region xml:id="seg-r17" anchors="68 70"/>
    <region xml:id="seg-r19" anchors="71 74"/>
    <region xml:id="seg-r20" anchors="74 75"/>
    <region xml:id="seg-r22" anchors="76 80"/>
    <region xml:id="seg-r24" anchors="81 89"/>
    <region xml:id="seg-r26" anchors="90 91"/>
    <region xml:id="seg-r28" anchors="92 100"/>
    <region xml:id="seg-r30" anchors="101 102"/>
    <region xml:id="seg-r32" anchors="103 120"/>
    <region xml:id="seg-r34" anchors="123 127"/>
    <region xml:id="seg-r36" anchors="128 135"/>
    <region xml:id="seg-r38" anchors="136 139"/>
    <region xml:id="seg-r40" anchors="140 150"/>
    <region xml:id="seg-r42" anchors="151 153"/>
    <region xml:id="seg-r44" anchors="154 156"/>
    <region xml:id="seg-r46" anchors="157 159"/>
    <region xml:id="seg-r48" anchors="160 162"/>
    <region xml:id="seg-r50" anchors="163 166"/>
    <region xml:id="seg-r52" anchors="167 173"/>
    <region xml:id="seg-r54" anchors="174 180"/>
    <region xml:id="seg-r55" anchors="180 181"/>
    <region xml:id="seg-r57" anchors="182 184"/>
    <region xml:id="seg-r59" anchors="185 188"/>
    <region xml:id="seg-r61" anchors="189 192"/>
    <region xml:id="seg-r63" anchors="193 196"/>
    <region xml:id="seg-r65" anchors="197 199"/>
    <region xml:id="seg-r67" anchors="200 206"/>
    <region xml:id="seg-r68" anchors="206 207"/>
    <region xml:id="seg-r70" anchors="208 212"/>
    <region xml:id="seg-r72" anchors="213 220"/>
    <region xml:id="seg-r74" anchors="221 232"/>
    <region xml:id="seg-r75" anchors="232 233"/>
    <region xml:id="seg-r77" anchors="239 249"/>
    <region xml:id="seg-r79" anchors="250 251"/>
    <region xml:id="seg-r81" anchors="252 261"/>
    <region xml:id="seg-r83" anchors="262 264"/>
    <region xml:id="seg-r84" anchors="264 265"/>
    <region xml:id="seg-r86" anchors="266 270"/>
    <region xml:id="seg-r88" anchors="272 277"/>
    <region xml:id="seg-r90" anchors="278 283"/>
    <region xml:id="seg-r92" anchors="284 288"/>
    <region xml:id="seg-r94" anchors="289 292"/>
    <region xml:id="seg-r96" anchors="293 297"/>
    <region xml:id="seg-r98" anchors="298 300"/>
    <region xml:id="seg-r100" anchors="301 306"/>
    <region xml:id="seg-r102" anchors="307 310"/>
    <region xml:id="seg-r104" anchors="311 320"/>
    <region xml:id="seg-r106" anchors="321 325"/>
    <region xml:id="seg-r108" anchors="326 333"/>
    <region xml:id="seg-r110" anchors="334 336"/>
    <region xml:id="seg-r112" anchors="337 341"/>
    <region xml:id="seg-r113" anchors="341 342"/>
    <region xml:id="seg-r115" anchors="343 346"/>
    <region xml:id="seg-r117" anchors="347 356"/>
    <region xml:id="seg-r119" anchors="357 359"/>
    <region xml:id="seg-r121" anchors="360 361"/>
    <region xml:id="seg-r123" anchors="362 365"/>
    <region xml:id="seg-r125" anchors="366 373"/>
    <region xml:id="seg-r127" anchors="374 380"/>
    <region xml:id="seg-r129" anchors="381 383"/>
    <region xml:id="seg-r131" anchors="384 386"/>
    <region xml:id="seg-r133" anchors="387 390"/>
    <region xml:id="seg-r135" anchors="391 395"/>
    <region xml:id="seg-r137" anchors="396 398"/>
    <region xml:id="seg-r139" anchors="399 402"/>
    <region xml:id="seg-r141" anchors="403 407"/>
    <region xml:id="seg-r142" anchors="407 408"/>
    <region xml:id="seg-r144" anchors="409 412"/>
    <region xml:id="seg-r146" anchors="413 419"/>
    <region xml:id="seg-r148" anchors="420 423"/>
    <region xml:id="seg-r150" anchors="424 432"/>
    <region xml:id="seg-r152" anchors="433 435"/>
    <region xml:id="seg-r154" anchors="436 445"/>
    <region xml:id="seg-r156" anchors="446 453"/>
    <region xml:id="seg-r158" anchors="454 463"/>
    <region xml:id="seg-r160" anchors="464 467"/>
    <region xml:id="seg-r162" anchors="468 477"/>
    <region xml:id="seg-r164" anchors="478 490"/>
    <region xml:id="seg-r165" anchors="490 491"/>
    <region xml:id="seg-r167" anchors="492 494"/>
    <region xml:id="seg-r169" anchors="495 498"/>
    <region xml:id="seg-r171" anchors="499 502"/>
    <region xml:id="seg-r173" anchors="503 509"/>
    <region xml:id="seg-r175" anchors="510 512"/>
    <region xml:id="seg-r177" anchors="513 519"/>
    <region xml:id="seg-r179" anchors="520 530"/>
    <region xml:id="seg-r180" anchors="530 531"/>
    <region xml:id="seg-r182" anchors="532 538"/>
    <region xml:id="seg-r184" anchors="539 543"/>
    <region xml:id="seg-r185" anchors="543 544"/>
    <region xml:id="seg-r187" anchors="545 554"/>
    <region xml:id="seg-r189" anchors="555 558"/>
    <region xml:id="seg-r191" anchors="559 567"/>
    <region xml:id="seg-r193" anchors="568 570"/>
    <region xml:id="seg-r195" anchors="571 572"/>
    <region xml:id="seg-r197" anchors="573 578"/>
    <region xml:id="seg-r199" anchors="579 585"/>
    <region xml:id="seg-r201" anchors="586 588"/>
    <region xml:id="seg-r203" anchors="589 598"/>
    <region xml:id="seg-r205" anchors="599 610"/>
    <region xml:id="seg-r206" anchors="610 611"/>
    <region xml:id="seg-r208" anchors="612 619"/>
    <region xml:id="seg-r210" anchors="620 626"/>
    <region xml:id="seg-r212" anchors="627 629"/>
    <region xml:id="seg-r214" anchors="630 637"/>
    <region xml:id="seg-r216" anchors="638 643"/>
    <region xml:id="seg-r218" anchors="644 647"/>
    <region xml:id="seg-r220" anchors="648 654"/>
    <region xml:id="seg-r222" anchors="655 657"/>
    <region xml:id="seg-r224" anchors="658 664"/>
    <region xml:id="seg-r226" anchors="665 668"/>
    <region xml:id="seg-r228" anchors="669 672"/>
    <region xml:id="seg-r230" anchors="673 677"/>
    <region xml:id="seg-r232" anchors="678 687"/>
    <region xml:id="seg-r233" anchors="687 688"/>
    <region xml:id="seg-r235" anchors="689 692"/>
    <region xml:id="seg-r237" anchors="693 696"/>
    <region xml:id="seg-r238" anchors="696 697"/>
    <region xml:id="seg-r240" anchors="698 701"/>
    <region xml:id="seg-r241" anchors="701 702"/>
    <region xml:id="seg-r243" anchors="703 707"/>
    <region xml:id="seg-r245" anchors="708 712"/>
    <region xml:id="seg-r247" anchors="713 721"/>
    <region xml:id="seg-r249" anchors="722 729"/>
    <region xml:id="seg-r251" anchors="730 734"/>
    <region xml:id="seg-r253" anchors="735 741"/>
    <region xml:id="seg-r255" anchors="742 753"/>
    <region xml:id="seg-r256" anchors="753 754"/>
    <region xml:id="seg-r258" anchors="755 765"/>
    <region xml:id="seg-r259" anchors="765 766"/>
    <region xml:id="seg-r261" anchors="767 774"/>
    <region xml:id="seg-r263" anchors="775 777"/>
    <region xml:id="seg-r265" anchors="778 782"/>
    <region xml:id="seg-r267" anchors="783 791"/>
    <region xml:id="seg-r269" anchors="792 801"/>
    <region xml:id="seg-r271" anchors="802 804"/>
    <region xml:id="seg-r273" anchors="805 810"/>
    <region xml:id="seg-r275" anchors="811 813"/>
    <region xml:id="seg-r277" anchors="814 821"/>
    <region xml:id="seg-r279" anchors="822 827"/>
    <region xml:id="seg-r281" anchors="828 836"/>
    <region xml:id="seg-r282" anchors="836 837"/>
    <region xml:id="seg-r284" anchors="838 841"/>
    <region xml:id="seg-r286" anchors="842 845"/>
    <region xml:id="seg-r288" anchors="846 853"/>
    <region xml:id="seg-r290" anchors="854 861"/>
    <region xml:id="seg-r292" anchors="862 866"/>
    <region xml:id="seg-r294" anchors="867 875"/>
    <region xml:id="seg-r296" anchors="876 878"/>
    <region xml:id="seg-r298" anchors="879 886"/>
    <region xml:id="seg-r300" anchors="887 896"/>
    <region xml:id="seg-r302" anchors="897 899"/>
    <region xml:id="seg-r304" anchors="900 906"/>
    <region xml:id="seg-r305" anchors="906 907"/>
    <region xml:id="seg-r307" anchors="908 913"/>
    <region xml:id="seg-r308" anchors="913 914"/>
    <region xml:id="seg-r310" anchors="915 923"/>
    <region xml:id="seg-r311" anchors="923 924"/>
    <region xml:id="seg-r313" anchors="925 928"/>
    <region xml:id="seg-r315" anchors="929 940"/>
    <region xml:id="seg-r316" anchors="940 941"/>
    <region xml:id="seg-r318" anchors="942 947"/>
    <region xml:id="seg-r319" anchors="947 948"/>
    <region xml:id="seg-r321" anchors="949 952"/>
    <region xml:id="seg-r323" anchors="953 962"/>
    <region xml:id="seg-r324" anchors="962 963"/>
    <region xml:id="seg-r326" anchors="964 966"/>
    <region xml:id="seg-r328" anchors="967 971"/>
    <region xml:id="seg-r330" anchors="972 974"/>
    <region xml:id="seg-r332" anchors="975 981"/>
    <region xml:id="seg-r334" anchors="982 985"/>
    <region xml:id="seg-r336" anchors="986 989"/>
    <region xml:id="seg-r338" anchors="990 994"/>
    <region xml:id="seg-r340" anchors="995 1004"/>
    <region xml:id="seg-r341" anchors="1004 1005"/>
    <region xml:id="seg-r343" anchors="1006 1009"/>
    <region xml:id="seg-r345" anchors="1010 1016"/>
    <region xml:id="seg-r347" anchors="1017 1023"/>
    <region xml:id="seg-r348" anchors="1023 1024"/>
    <region xml:id="seg-r350" anchors="1025 1029"/>
    <region xml:id="seg-r351" anchors="1029 1030"/>
    <region xml:id="seg-r353" anchors="1031 1034"/>
    <region xml:id="seg-r355" anchors="1035 1038"/>
    <region xml:id="seg-r357" anchors="1039 1042"/>
    <region xml:id="seg-r359" anchors="1043 1046"/>
    <region xml:id="seg-r361" anchors="1047 1055"/>
    <region xml:id="seg-r363" anchors="1056 1057"/>
    <region xml:id="seg-r365" anchors="1058 1068"/>
    <region xml:id="seg-r367" anchors="1069 1074"/>
    <region xml:id="seg-r369" anchors="1075 1081"/>
    <region xml:id="seg-r371" anchors="1082 1087"/>
    <region xml:id="seg-r373" anchors="1088 1092"/>
    <region xml:id="seg-r374" anchors="1092 1093"/>
    <region xml:id="seg-r376" anchors="1094 1097"/>
    <region xml:id="seg-r378" anchors="1098 1102"/>
    <region xml:id="seg-r380" anchors="1103 1107"/>
    <region xml:id="seg-r382" anchors="1108 1111"/>
    <region xml:id="seg-r384" anchors="1112 1116"/>
    <region xml:id="seg-r386" anchors="1117 1121"/>
    <region xml:id="seg-r388" anchors="1122 1124"/>
    <region xml:id="seg-r390" anchors="1125 1128"/>
    <region xml:id="seg-r392" anchors="1129 1134"/>
    <region xml:id="seg-r393" anchors="1134 1135"/>
    <region xml:id="seg-r395" anchors="1136 1139"/>
    <region xml:id="seg-r397" anchors="1140 1150"/>
    <region xml:id="seg-r399" anchors="1151 1156"/>
    <region xml:id="seg-r401" anchors="1157 1163"/>
    <region xml:id="seg-r403" anchors="1164 1167"/>
    <region xml:id="seg-r405" anchors="1168 1172"/>
    <region xml:id="seg-r407" anchors="1173 1177"/>
    <region xml:id="seg-r409" anchors="1178 1184"/>
    <region xml:id="seg-r410" anchors="1184 1185"/>
    <region xml:id="seg-r412" anchors="1186 1193"/>
    <region xml:id="seg-r414" anchors="1194 1197"/>
    <region xml:id="seg-r416" anchors="1198 1200"/>
    <region xml:id="seg-r418" anchors="1201 1204"/>
    <region xml:id="seg-r420" anchors="1205 1213"/>
    <region xml:id="seg-r422" anchors="1214 1223"/>
    <region xml:id="seg-r424" anchors="1224 1226"/>
    <region xml:id="seg-r426" anchors="1227 1231"/>
    <region xml:id="seg-r428" anchors="1232 1240"/>
    <region xml:id="seg-r430" anchors="1241 1243"/>
    <region xml:id="seg-r432" anchors="1244 1247"/>
    <region xml:id="seg-r434" anchors="1248 1253"/>
    <region xml:id="seg-r435" anchors="1253 1254"/>
    <region xml:id="seg-r437" anchors="1255 1258"/>
    <region xml:id="seg-r439" anchors="1259 1263"/>
    <region xml:id="seg-r441" anchors="1264 1268"/>
    <region xml:id="seg-r443" anchors="1269 1275"/>
    <region xml:id="seg-r445" anchors="1276 1279"/>
    <region xml:id="seg-r447" anchors="1280 1282"/>
    <region xml:id="seg-r449" anchors="1283 1289"/>
    <region xml:id="seg-r450" anchors="1289 1290"/>
    <region xml:id="seg-r452" anchors="1291 1298"/>
    <region xml:id="seg-r454" anchors="1299 1306"/>
    <region xml:id="seg-r456" anchors="1307 1311"/>
    <region xml:id="seg-r458" anchors="1312 1315"/>
    <region xml:id="seg-r460" anchors="1316 1323"/>
    <region xml:id="seg-r462" anchors="1324 1326"/>
    <region xml:id="seg-r464" anchors="1327 1334"/>
    <region xml:id="seg-r466" anchors="1335 1337"/>
    <region xml:id="seg-r468" anchors="1338 1344"/>
    <region xml:id="seg-r470" anchors="1345 1349"/>
    <region xml:id="seg-r472" anchors="1350 1357"/>
    <region xml:id="seg-r474" anchors="1358 1362"/>
    <region xml:id="seg-r476" anchors="1363 1366"/>
    <region xml:id="seg-r478" anchors="1367 1371"/>
    <region xml:id="seg-r480" anchors="1372 1379"/>
    <region xml:id="seg-r481" anchors="1379 1380"/>
    <region xml:id="seg-r483" anchors="1381 1383"/>
    <region xml:id="seg-r485" anchors="1384 1388"/>
    <region xml:id="seg-r487" anchors="1389 1391"/>
    <region xml:id="seg-r489" anchors="1392 1395"/>
    <region xml:id="seg-r491" anchors="1396 1402"/>
    <region xml:id="seg-r493" anchors="1403 1405"/>
    <region xml:id="seg-r495" anchors="1406 1408"/>
    <region xml:id="seg-r497" anchors="1409 1415"/>
    <region xml:id="seg-r499" anchors="1416 1424"/>
    <region xml:id="seg-r500" anchors="1424 1425"/>
    <region xml:id="seg-r502" anchors="1426 1430"/>
    <region xml:id="seg-r504" anchors="1431 1436"/>
    <region xml:id="seg-r506" anchors="1437 1439"/>
    <region xml:id="seg-r508" anchors="1440 1444"/>
    <region xml:id="seg-r510" anchors="1445 1456"/>
    <region xml:id="seg-r512" anchors="1457 1461"/>
    <region xml:id="seg-r514" anchors="1462 1465"/>
    <region xml:id="seg-r516" anchors="1466 1470"/>
    <region xml:id="seg-r518" anchors="1471 1478"/>
    <region xml:id="seg-r519" anchors="1478 1479"/>
    <region xml:id="seg-r521" anchors="1480 1487"/>
    <region xml:id="seg-r522" anchors="1487 1488"/>
    <region xml:id="seg-r524" anchors="1489 1491"/>
    <region xml:id="seg-r526" anchors="1492 1499"/>
    <region xml:id="seg-r528" anchors="1500 1512"/>
    <region xml:id="seg-r530" anchors="1513 1519"/>
    <region xml:id="seg-r531" anchors="1519 1520"/>
    <region xml:id="seg-r533" anchors="1521 1524"/>
    <region xml:id="seg-r535" anchors="1525 1526"/>
    <region xml:id="seg-r537" anchors="1527 1532"/>
    <region xml:id="seg-r539" anchors="1533 1537"/>
    <region xml:id="seg-r541" anchors="1538 1540"/>
    <region xml:id="seg-r543" anchors="1541 1545"/>
    <region xml:id="seg-r545" anchors="1546 1550"/>
    <region xml:id="seg-r547" anchors="1551 1554"/>
    <region xml:id="seg-r549" anchors="1555 1562"/>
    <region xml:id="seg-r551" anchors="1563 1566"/>
    <region xml:id="seg-r552" anchors="1566 1567"/>
    <region xml:id="seg-r554" anchors="1568 1571"/>
    <region xml:id="seg-r556" anchors="1572 1574"/>
    <region xml:id="seg-r558" anchors="1575 1578"/>
    <region xml:id="seg-r560" anchors="1579 1586"/>
    <region xml:id="seg-r562" anchors="1587 1599"/>
    <region xml:id="seg-r564" anchors="1600 1603"/>
    <region xml:id="seg-r566" anchors="1604 1608"/>
    <region xml:id="seg-r568" anchors="1609 1612"/>
    <region xml:id="seg-r570" anchors="1613 1617"/>
    <region xml:id="seg-r572" anchors="1618 1624"/>
    <region xml:id="seg-r574" anchors="1625 1627"/>
    <region xml:id="seg-r576" anchors="1628 1638"/>
    <region xml:id="seg-r578" anchors="1639 1649"/>
    <region xml:id="seg-r580" anchors="1650 1656"/>
    <region xml:id="seg-r582" anchors="1657 1664"/>
    <region xml:id="seg-r583" anchors="1664 1665"/>
    <region xml:id="seg-r585" anchors="1666 1669"/>
    <region xml:id="seg-r587" anchors="1670 1674"/>
    <region xml:id="seg-r589" anchors="1675 1678"/>
    <region xml:id="seg-r590" anchors="1678 1681"/>
    <region xml:id="seg-r592" anchors="1682 1686"/>
    <region xml:id="seg-r594" anchors="1687 1688"/>
    <region xml:id="seg-r596" anchors="1689 1696"/>
    <region xml:id="seg-r598" anchors="1697 1704"/>
    <region xml:id="seg-r600" anchors="1705 1711"/>
    <region xml:id="seg-r601" anchors="1711 1712"/>
    <region xml:id="seg-r603" anchors="1713 1716"/>
    <region xml:id="seg-r605" anchors="1717 1721"/>
    <region xml:id="seg-r607" anchors="1722 1726"/>
    <region xml:id="seg-r609" anchors="1727 1728"/>
    <region xml:id="seg-r611" anchors="1729 1733"/>
    <region xml:id="seg-r613" anchors="1734 1738"/>
    <region xml:id="seg-r615" anchors="1739 1743"/>
    <region xml:id="seg-r617" anchors="1744 1747"/>
    <region xml:id="seg-r619" anchors="1748 1752"/>
    <region xml:id="seg-r621" anchors="1753 1754"/>
    <region xml:id="seg-r623" anchors="1755 1762"/>
    <region xml:id="seg-r625" anchors="1763 1769"/>
    <region xml:id="seg-r627" anchors="1770 1773"/>
    <region xml:id="seg-r629" anchors="1774 1780"/>
    <region xml:id="seg-r631" anchors="1781 1786"/>
    <region xml:id="seg-r633" anchors="1787 1789"/>
    <region xml:id="seg-r635" anchors="1790 1793"/>
    <region xml:id="seg-r637" anchors="1794 1798"/>
    <region xml:id="seg-r639" anchors="1799 1803"/>
    <region xml:id="seg-r641" anchors="1804 1809"/>
    <region xml:id="seg-r642" anchors="1809 1810"/>
    <region xml:id="seg-r644" anchors="1812 1814"/>
    <region xml:id="seg-r646" anchors="1815 1818"/>
    <region xml:id="seg-r648" anchors="1819 1823"/>
    <region xml:id="seg-r650" anchors="1824 1838"/>
    <region xml:id="seg-r652" anchors="1839 1842"/>
    <region xml:id="seg-r654" anchors="1843 1847"/>
    <region xml:id="seg-r656" anchors="1848 1856"/>
    <region xml:id="seg-r658" anchors="1857 1861"/>
    <region xml:id="seg-r660" anchors="1862 1864"/>
    <region xml:id="seg-r662" anchors="1865 1868"/>
    <region xml:id="seg-r664" anchors="1869 1874"/>
    <region xml:id="seg-r666" anchors="1875 1878"/>
    <region xml:id="seg-r667" anchors="1878 1879"/>
    <region xml:id="seg-r669" anchors="1880 1885"/>
    <region xml:id="seg-r671" anchors="1886 1891"/>
    <region xml:id="seg-r673" anchors="1892 1900"/>
    <region xml:id="seg-r674" anchors="1900 1901"/>
    <region xml:id="seg-r676" anchors="1902 1905"/>
    <region xml:id="seg-r678" anchors="1906 1910"/>
    <region xml:id="seg-r680" anchors="1911 1916"/>
    <region xml:id="seg-r682" anchors="1917 1919"/>
    <region xml:id="seg-r684" anchors="1920 1926"/>
    <region xml:id="seg-r686" anchors="1927 1936"/>
    <region xml:id="seg-r688" anchors="1937 1947"/>
    <region xml:id="seg-r689" anchors="1947 1948"/>
    <region xml:id="seg-r691" anchors="1949 1957"/>
    <region xml:id="seg-r693" anchors="1958 1960"/>
    <region xml:id="seg-r695" anchors="1961 1965"/>
    <region xml:id="seg-r697" anchors="1966 1969"/>
    <region xml:id="seg-r699" anchors="1970 1978"/>
    <region xml:id="seg-r701" anchors="1979 1981"/>
    <region xml:id="seg-r703" anchors="1982 1987"/>
    <region xml:id="seg-r704" anchors="1987 1988"/>
    <region xml:id="seg-r706" anchors="1989 1991"/>
    <region xml:id="seg-r708" anchors="1992 1995"/>
    <region xml:id="seg-r709" anchors="1995 1998"/>
    <region xml:id="seg-r711" anchors="1999 2008"/>
    <region xml:id="seg-r713" anchors="2009 2021"/>
    <region xml:id="seg-r715" anchors="2022 2030"/>
    <region xml:id="seg-r716" anchors="2030 2031"/>
    <region xml:id="seg-r718" anchors="2032 2035"/>
    <region xml:id="seg-r720" anchors="2036 2040"/>
    <region xml:id="seg-r722" anchors="2041 2043"/>
    <region xml:id="seg-r723" anchors="2043 2044"/>
    <region xml:id="seg-r725" anchors="2045 2049"/>
    <region xml:id="seg-r727" anchors="2050 2058"/>
    <region xml:id="seg-r729" anchors="2059 2063"/>
    <region xml:id="seg-r731" anchors="2064 2070"/>
    <region xml:id="seg-r733" anchors="2071 2081"/>
    <region xml:id="seg-r735" anchors="2082 2086"/>
    <region xml:id="seg-r737" anchors="2087 2089"/>
    <region xml:id="seg-r739" anchors="2090 2098"/>
    <region xml:id="seg-r741" anchors="2099 2108"/>
    <region xml:id="seg-r742" anchors="2108 2109"/>
    <region xml:id="seg-r744" anchors="2110 2114"/>
    <region xml:id="seg-r746" anchors="2115 2119"/>
    <region xml:id="seg-r748" anchors="2120 2126"/>
    <region xml:id="seg-r750" anchors="2127 2129"/>
    <region xml:id="seg-r751" anchors="2129 2130"/>
    <region xml:id="seg-r753" anchors="2131 2133"/>
    <region xml:id="seg-r755" anchors="2134 2140"/>
    <region xml:id="seg-r757" anchors="2141 2143"/>
    <region xml:id="seg-r759" anchors="2144 2145"/>
    <region xml:id="seg-r760" anchors="2145 2150"/>
    <region xml:id="seg-r762" anchors="2151 2154"/>
    <region xml:id="seg-r763" anchors="2154 2155"/>
    <region xml:id="seg-r765" anchors="2156 2165"/>
    <region xml:id="seg-r767" anchors="2166 2168"/>
    <region xml:id="seg-r769" anchors="2169 2176"/>
    <region xml:id="seg-r771" anchors="2177 2187"/>
    <region xml:id="seg-r772" anchors="2187 2188"/>
    <region xml:id="seg-r774" anchors="2189 2193"/>
    <region xml:id="seg-r776" anchors="2194 2197"/>
    <region xml:id="seg-r778" anchors="2198 2204"/>
    <region xml:id="seg-r780" anchors="2205 2209"/>
    <region xml:id="seg-r782" anchors="2210 2214"/>
    <region xml:id="seg-r784" anchors="2215 2221"/>
    <region xml:id="seg-r786" anchors="2222 2232"/>
    <region xml:id="seg-r788" anchors="2233 2238"/>
    <region xml:id="seg-r790" anchors="2239 2242"/>
    <region xml:id="seg-r792" anchors="2243 2245"/>
    <region xml:id="seg-r793" anchors="2245 2246"/>
    <region xml:id="seg-r795" anchors="2247 2251"/>
    <region xml:id="seg-r797" anchors="2252 2261"/>
    <region xml:id="seg-r798" anchors="2261 2262"/>
    <region xml:id="seg-r800" anchors="2263 2266"/>
    <region xml:id="seg-r802" anchors="2267 2272"/>
    <region xml:id="seg-r803" anchors="2272 2273"/>
    <region xml:id="seg-r805" anchors="2274 2277"/>
    <region xml:id="seg-r807" anchors="2278 2283"/>
    <region xml:id="seg-r809" anchors="2284 2288"/>
    <region xml:id="seg-r811" anchors="2289 2293"/>
    <region xml:id="seg-r813" anchors="2294 2297"/>
    <region xml:id="seg-r815" anchors="2298 2304"/>
    <region xml:id="seg-r817" anchors="2305 2308"/>
    <region xml:id="seg-r819" anchors="2309 2313"/>
    <region xml:id="seg-r821" anchors="2314 2316"/>
    <region xml:id="seg-r823" anchors="2317 2320"/>
    <region xml:id="seg-r825" anchors="2321 2327"/>
    <region xml:id="seg-r826" anchors="2327 2328"/>
    <region xml:id="seg-r828" anchors="2329 2340"/>
    <region xml:id="seg-r829" anchors="2340 2341"/>
    <region xml:id="seg-r831" anchors="2342 2346"/>
    <region xml:id="seg-r833" anchors="2347 2350"/>
    <region xml:id="seg-r835" anchors="2351 2354"/>
    <region xml:id="seg-r837" anchors="2355 2365"/>
    <region xml:id="seg-r839" anchors="2366 2372"/>
    <region xml:id="seg-r841" anchors="2373 2377"/>
    <region xml:id="seg-r843" anchors="2378 2380"/>
    <region xml:id="seg-r845" anchors="2381 2384"/>
    <region xml:id="seg-r847" anchors="2385 2388"/>
    <region xml:id="seg-r848" anchors="2388 2389"/>
    <region xml:id="seg-r850" anchors="2391 2394"/>
    <region xml:id="seg-r852" anchors="2395 2398"/>
    <region xml:id="seg-r854" anchors="2399 2403"/>
    <region xml:id="seg-r856" anchors="2404 2406"/>
    <region xml:id="seg-r858" anchors="2407 2410"/>
    <region xml:id="seg-r859" anchors="2410 2411"/>
    <region xml:id="seg-r861" anchors="2413 2417"/>
    <region xml:id="seg-r863" anchors="2418 2420"/>
    <region xml:id="seg-r865" anchors="2421 2430"/>
    <region xml:id="seg-r866" anchors="2430 2431"/>
    <region xml:id="seg-r868" anchors="2433 2442"/>
    <region xml:id="seg-r870" anchors="2443 2445"/>
    <region xml:id="seg-r872" anchors="2446 2447"/>
    <region xml:id="seg-r873" anchors="2447 2450"/>
    <region xml:id="seg-r875" anchors="2451 2461"/>
    <region xml:id="seg-r877" anchors="2462 2465"/>
    <region xml:id="seg-r879" anchors="2466 2468"/>
    <region xml:id="seg-r881" anchors="2469 2477"/>
    <region xml:id="seg-r883" anchors="2478 2480"/>
    <region xml:id="seg-r885" anchors="2481 2487"/>
    <region xml:id="seg-r887" anchors="2488 2489"/>
    <region xml:id="seg-r889" anchors="2490 2497"/>
    <region xml:id="seg-r891" anchors="2498 2505"/>
    <region xml:id="seg-r893" anchors="2506 2508"/>
    <region xml:id="seg-r895" anchors="2509 2513"/>
    <region xml:id="seg-r897" anchors="2514 2516"/>
    <region xml:id="seg-r899" anchors="2517 2518"/>
    <region xml:id="seg-r901" anchors="2519 2529"/>
    <region xml:id="seg-r903" anchors="2530 2533"/>
    <region xml:id="seg-r905" anchors="2534 2541"/>
    <region xml:id="seg-r907" anchors="2542 2544"/>
    <region xml:id="seg-r909" anchors="2545 2550"/>
    <region xml:id="seg-r911" anchors="2551 2556"/>
    <region xml:id="seg-r913" anchors="2557 2558"/>
    <region xml:id="seg-r915" anchors="2559 2569"/>
    <region xml:id="seg-r917" anchors="2570 2579"/>
    <region xml:id="seg-r919" anchors="2580 2589"/>
    <region xml:id="seg-r920" anchors="2589 2590"/>
    <region xml:id="seg-r921" anchors="2590 2591"/>
    <region xml:id="seg-r923" anchors="2592 2598"/>
    <region xml:id="seg-r924" anchors="2598 2599"/>
    <region xml:id="seg-r926" anchors="2600 2614"/>
    <region xml:id="seg-r928" anchors="2615 2667"/>
    <region xml:id="seg-r930" anchors="2669 2671"/>
    <region xml:id="seg-r932" anchors="2672 2679"/>
    <region xml:id="seg-r934" anchors="2680 2684"/>
    <region xml:id="seg-r936" anchors="2685 2688"/>
    <region xml:id="seg-r938" anchors="2689 2698"/>
    <region xml:id="seg-r940" anchors="2699 2702"/>
    <region xml:id="seg-r942" anchors="2703 2705"/>
    <region xml:id="seg-r944" anchors="2706 2707"/>
    <region xml:id="seg-r946" anchors="2708 2713"/>
    <region xml:id="seg-r948" anchors="2714 2721"/>
    <region xml:id="seg-r950" anchors="2722 2730"/>
    <region xml:id="seg-r952" anchors="2731 2734"/>
    <region xml:id="seg-r954" anchors="2735 2742"/>
    <region xml:id="seg-r956" anchors="2743 2746"/>
    <region xml:id="seg-r958" anchors="2747 2751"/>
    <region xml:id="seg-r960" anchors="2752 2754"/>
    <region xml:id="seg-r962" anchors="2755 2758"/>
    <region xml:id="seg-r963" anchors="2758 2759"/>
    <region xml:id="seg-r965" anchors="2760 2767"/>
    <region xml:id="seg-r967" anchors="2768 2770"/>
    <region xml:id="seg-r969" anchors="2771 2783"/>
    <region xml:id="seg-r971" anchors="2784 2791"/>
    <region xml:id="seg-r973" anchors="2792 2794"/>
    <region xml:id="seg-r975" anchors="2795 2801"/>
    <region xml:id="seg-r977" anchors="2802 2805"/>
    <region xml:id="seg-r979" anchors="2806 2810"/>
    <region xml:id="seg-r981" anchors="2811 2819"/>
    <region xml:id="seg-r983" anchors="2820 2826"/>
    <region xml:id="seg-r984" anchors="2826 2827"/>
    <region xml:id="seg-r986" anchors="2830 2842"/>
    <region xml:id="seg-r988" anchors="2843 2852"/>
    <region xml:id="seg-r990" anchors="2854 2857"/>
    <region xml:id="seg-r992" anchors="2858 2865"/>
    <region xml:id="seg-r994" anchors="2866 2870"/>
    <region xml:id="seg-r996" anchors="2871 2873"/>
    <region xml:id="seg-r998" anchors="2874 2876"/>
    <region xml:id="seg-r1000" anchors="2877 2887"/>
    <region xml:id="seg-r1002" anchors="2888 2897"/>
    <region xml:id="seg-r1004" anchors="2898 2900"/>
    <region xml:id="seg-r1006" anchors="2901 2909"/>
    <region xml:id="seg-r1008" anchors="2910 2913"/>
    <region xml:id="seg-r1010" anchors="2914 2924"/>
    <region xml:id="seg-r1012" anchors="2925 2928"/>
    <region xml:id="seg-r1014" anchors="2929 2931"/>
    <region xml:id="seg-r1015" anchors="2931 2932"/>
    <region xml:id="seg-r1017" anchors="2933 2940"/>
    <region xml:id="seg-r1019" anchors="2941 2951"/>
    <region xml:id="seg-r1020" anchors="2951 2952"/>
    <region xml:id="seg-r1022" anchors="2953 2962"/>
    <region xml:id="seg-r1024" anchors="2963 2967"/>
    <region xml:id="seg-r1026" anchors="2968 2975"/>
    <region xml:id="seg-r1028" anchors="2976 2979"/>
    <region xml:id="seg-r1030" anchors="2980 2984"/>
    <region xml:id="seg-r1031" anchors="2984 2985"/>
    <region xml:id="seg-r1033" anchors="2986 2990"/>
    <region xml:id="seg-r1035" anchors="2991 2992"/>
    <region xml:id="seg-r1037" anchors="2993 2998"/>
    <region xml:id="seg-r1039" anchors="2999 3006"/>
    <region xml:id="seg-r1041" anchors="3007 3012"/>
    <region xml:id="seg-r1042" anchors="3012 3013"/>
    <region xml:id="seg-r1044" anchors="3016 3018"/>
    <region xml:id="seg-r1046" anchors="3019 3029"/>
    <region xml:id="seg-r1048" anchors="3030 3036"/>
    <region xml:id="seg-r1050" anchors="3037 3040"/>
    <region xml:id="seg-r1052" anchors="3041 3045"/>
    <region xml:id="seg-r1054" anchors="3046 3050"/>
    <region xml:id="seg-r1056" anchors="3051 3060"/>
    <region xml:id="seg-r1058" anchors="3061 3064"/>
    <region xml:id="seg-r1060" anchors="3065 3067"/>
    <region xml:id="seg-r1062" anchors="3068 3076"/>
    <region xml:id="seg-r1064" anchors="3077 3079"/>
    <region xml:id="seg-r1066" anchors="3080 3085"/>
    <region xml:id="seg-r1068" anchors="3086 3091"/>
    <region xml:id="seg-r1069" anchors="3091 3092"/>
    <region xml:id="seg-r1071" anchors="3093 3100"/>
    <region xml:id="seg-r1073" anchors="3101 3106"/>
    <region xml:id="seg-r1075" anchors="3107 3112"/>
    <region xml:id="seg-r1077" anchors="3113 3124"/>
    <region xml:id="seg-r1079" anchors="3125 3128"/>
    <region xml:id="seg-r1081" anchors="3129 3138"/>
    <region xml:id="seg-r1082" anchors="3138 3139"/>
    <region xml:id="seg-r1084" anchors="3140 3143"/>
    <region xml:id="seg-r1086" anchors="3144 3148"/>
    <region xml:id="seg-r1088" anchors="3149 3153"/>
    <region xml:id="seg-r1090" anchors="3154 3158"/>
    <region xml:id="seg-r1092" anchors="3159 3162"/>
    <region xml:id="seg-r1094" anchors="3163 3173"/>
    <region xml:id="seg-r1095" anchors="3173 3174"/>
    <region xml:id="seg-r1097" anchors="3175 3177"/>
    <region xml:id="seg-r1099" anchors="3178 3181"/>
    <region xml:id="seg-r1101" anchors="3182 3185"/>
    <region xml:id="seg-r1103" anchors="3186 3188"/>
    <region xml:id="seg-r1105" anchors="3189 3197"/>
    <region xml:id="seg-r1107" anchors="3198 3201"/>
    <region xml:id="seg-r1109" anchors="3202 3208"/>
    <region xml:id="seg-r1111" anchors="3209 3219"/>
    <region xml:id="seg-r1112" anchors="3219 3220"/>
    <region xml:id="seg-r1114" anchors="3221 3226"/>
    <region xml:id="seg-r1116" anchors="3227 3232"/>
    <region xml:id="seg-r1118" anchors="3233 3236"/>
    <region xml:id="seg-r1120" anchors="3237 3243"/>
    <region xml:id="seg-r1122" anchors="3244 3246"/>
    <region xml:id="seg-r1124" anchors="3247 3256"/>
    <region xml:id="seg-r1125" anchors="3256 3257"/>
    <region xml:id="seg-r1127" anchors="3258 3261"/>
    <region xml:id="seg-r1129" anchors="3262 3264"/>
    <region xml:id="seg-r1131" anchors="3265 3267"/>
    <region xml:id="seg-r1133" anchors="3268 3275"/>
    <region xml:id="seg-r1135" anchors="3276 3278"/>
    <region xml:id="seg-r1137" anchors="3279 3283"/>
    <region xml:id="seg-r1138" anchors="3283 3284"/>
    <region xml:id="seg-r1140" anchors="3287 3289"/>
    <region xml:id="seg-r1142" anchors="3290 3293"/>
    <region xml:id="seg-r1144" anchors="3294 3296"/>
    <region xml:id="seg-r1146" anchors="3297 3299"/>
    <region xml:id="seg-r1148" anchors="3300 3311"/>
    <region xml:id="seg-r1150" anchors="3312 3314"/>
    <region xml:id="seg-r1152" anchors="3315 3323"/>
    <region xml:id="seg-r1154" anchors="3324 3327"/>
    <region xml:id="seg-r1156" anchors="3328 3337"/>
    <region xml:id="seg-r1157" anchors="3337 3338"/>
    <region xml:id="seg-r1159" anchors="3339 3347"/>
    <region xml:id="seg-r1161" anchors="3348 3350"/>
    <region xml:id="seg-r1163" anchors="3351 3360"/>
    <region xml:id="seg-r1165" anchors="3361 3365"/>
    <region xml:id="seg-r1167" anchors="3366 3369"/>
    <region xml:id="seg-r1169" anchors="3370 3378"/>
    <region xml:id="seg-r1171" anchors="3379 3388"/>
    <region xml:id="seg-r1173" anchors="3389 3395"/>
    <region xml:id="seg-r1175" anchors="3396 3398"/>
    <region xml:id="seg-r1177" anchors="3399 3402"/>
    <region xml:id="seg-r1179" anchors="3403 3408"/>
    <region xml:id="seg-r1181" anchors="3409 3414"/>
    <region xml:id="seg-r1183" anchors="3415 3420"/>
    <region xml:id="seg-r1185" anchors="3421 3425"/>
    <region xml:id="seg-r1187" anchors="3426 3433"/>
    <region xml:id="seg-r1189" anchors="3434 3441"/>
    <region xml:id="seg-r1191" anchors="3442 3445"/>
    <region xml:id="seg-r1193" anchors="3446 3453"/>
    <region xml:id="seg-r1195" anchors="3454 3461"/>
    <region xml:id="seg-r1197" anchors="3462 3466"/>
    <region xml:id="seg-r1199" anchors="3467 3472"/>
    <region xml:id="seg-r1201" anchors="3473 3481"/>
    <region xml:id="seg-r1203" anchors="3482 3484"/>
    <region xml:id="seg-r1205" anchors="3485 3490"/>
    <region xml:id="seg-r1207" anchors="3491 3499"/>
    <region xml:id="seg-r1209" anchors="3500 3508"/>
    <region xml:id="seg-r1211" anchors="3509 3516"/>
    <region xml:id="seg-r1213" anchors="3517 3523"/>
    <region xml:id="seg-r1214" anchors="3523 3524"/>
    <region xml:id="seg-r1216" anchors="3525 3528"/>
    <region xml:id="seg-r1218" anchors="3529 3535"/>
    <region xml:id="seg-r1220" anchors="3536 3542"/>
    <region xml:id="seg-r1221" anchors="3542 3543"/>
    <region xml:id="seg-r1223" anchors="3544 3550"/>
    <region xml:id="seg-r1224" anchors="3550 3551"/>
    <region xml:id="seg-r1226" anchors="3552 3557"/>
    <region xml:id="seg-r1227" anchors="3557 3558"/>
    <region xml:id="seg-r1229" anchors="3559 3562"/>
    <region xml:id="seg-r1231" anchors="3563 3574"/>
    <region xml:id="seg-r1232" anchors="3574 3575"/>
    <region xml:id="seg-r1234" anchors="3576 3585"/>
    <region xml:id="seg-r1235" anchors="3585 3586"/>
    <region xml:id="seg-r1237" anchors="3587 3590"/>
    <region xml:id="seg-r1239" anchors="3591 3597"/>
    <region xml:id="seg-r1241" anchors="3598 3602"/>
    <region xml:id="seg-r1243" anchors="3603 3607"/>
    <region xml:id="seg-r1245" anchors="3608 3615"/>
    <region xml:id="seg-r1247" anchors="3616 3623"/>
    <region xml:id="seg-r1249" anchors="3624 3626"/>
    <region xml:id="seg-r1251" anchors="3627 3629"/>
    <region xml:id="seg-r1253" anchors="3630 3631"/>
    <region xml:id="seg-r1254" anchors="3631 3637"/>
    <region xml:id="seg-r1256" anchors="3638 3641"/>
    <region xml:id="seg-r1258" anchors="3642 3649"/>
    <region xml:id="seg-r1260" anchors="3650 3655"/>
    <region xml:id="seg-r1261" anchors="3655 3656"/>
    <region xml:id="seg-r1262" anchors="3656 3657"/>
    <region xml:id="seg-r1264" anchors="3658 3661"/>
    <region xml:id="seg-r1266" anchors="3662 3665"/>
    <region xml:id="seg-r1268" anchors="3666 3681"/>
    <region xml:id="seg-r1270" anchors="3682 3691"/>
    <region xml:id="seg-r1272" anchors="3692 3698"/>
    <region xml:id="seg-r1274" anchors="3699 3704"/>
    <region xml:id="seg-r1276" anchors="3705 3709"/>
    <region xml:id="seg-r1278" anchors="3710 3717"/>
    <region xml:id="seg-r1280" anchors="3718 3727"/>
    <region xml:id="seg-r1281" anchors="3727 3728"/>
    <region xml:id="seg-r1283" anchors="3729 3735"/>
    <region xml:id="seg-r1285" anchors="3736 3742"/>
    <region xml:id="seg-r1286" anchors="3742 3743"/>
    <region xml:id="seg-r1288" anchors="3744 3747"/>
    <region xml:id="seg-r1290" anchors="3748 3757"/>
    <region xml:id="seg-r1292" anchors="3758 3764"/>
    <region xml:id="seg-r1294" anchors="3765 3767"/>
    <region xml:id="seg-r1296" anchors="3768 3777"/>
    <region xml:id="seg-r1298" anchors="3778 3788"/>
    <region xml:id="seg-r1299" anchors="3788 3789"/>
    <region xml:id="seg-r1301" anchors="3790 3798"/>
    <region xml:id="seg-r1303" anchors="3799 3800"/>
    <region xml:id="seg-r1304" anchors="3800 3812"/>
    <region xml:id="seg-r1305" anchors="3812 3813"/>
    <region xml:id="seg-r1306" anchors="3813 3814"/>
    <region xml:id="seg-r1308" anchors="3815 3817"/>
    <region xml:id="seg-r1310" anchors="3818 3822"/>
    <region xml:id="seg-r1312" anchors="3823 3834"/>
    <region xml:id="seg-r1314" anchors="3835 3838"/>
    <region xml:id="seg-r1316" anchors="3839 3841"/>
    <region xml:id="seg-r1318" anchors="3842 3849"/>
    <region xml:id="seg-r1320" anchors="3850 3857"/>
    <region xml:id="seg-r1322" anchors="3858 3865"/>
    <region xml:id="seg-r1324" anchors="3866 3868"/>
    <region xml:id="seg-r1326" anchors="3869 3876"/>
    <region xml:id="seg-r1328" anchors="3877 3884"/>
    <region xml:id="seg-r1329" anchors="3884 3885"/>
    <region xml:id="seg-r1331" anchors="3886 3888"/>
    <region xml:id="seg-r1333" anchors="3889 3892"/>
    <region xml:id="seg-r1335" anchors="3893 3895"/>
    <region xml:id="seg-r1337" anchors="3896 3901"/>
    <region xml:id="seg-r1339" anchors="3902 3907"/>
    <region xml:id="seg-r1341" anchors="3908 3913"/>
    <region xml:id="seg-r1342" anchors="3913 3914"/>
    <region xml:id="seg-r1344" anchors="3915 3917"/>
    <region xml:id="seg-r1346" anchors="3918 3921"/>
    <region xml:id="seg-r1348" anchors="3922 3929"/>
    <region xml:id="seg-r1350" anchors="3930 3937"/>
    <region xml:id="seg-r1352" anchors="3938 3943"/>
    <region xml:id="seg-r1354" anchors="3944 3949"/>
    <region xml:id="seg-r1356" anchors="3950 3955"/>
    <region xml:id="seg-r1358" anchors="3956 3963"/>
    <region xml:id="seg-r1359" anchors="3963 3964"/>
    <region xml:id="seg-r1361" anchors="3965 3968"/>
    <region xml:id="seg-r1363" anchors="3969 3978"/>
    <region xml:id="seg-r1365" anchors="3979 3981"/>
    <region xml:id="seg-r1367" anchors="3982 3986"/>
    <region xml:id="seg-r1369" anchors="3987 3992"/>
    <region xml:id="seg-r1371" anchors="3993 3995"/>
    <region xml:id="seg-r1373" anchors="3996 4001"/>
    <region xml:id="seg-r1375" anchors="4002 4009"/>
    <region xml:id="seg-r1377" anchors="4010 4015"/>
    <region xml:id="seg-r1379" anchors="4016 4023"/>
    <region xml:id="seg-r1381" anchors="4024 4027"/>
    <region xml:id="seg-r1382" anchors="4027 4028"/>
    <region xml:id="seg-r1384" anchors="4031 4037"/>
    <region xml:id="seg-r1386" anchors="4038 4043"/>
    <region xml:id="seg-r1388" anchors="4044 4047"/>
    <region xml:id="seg-r1390" anchors="4048 4055"/>
    <region xml:id="seg-r1391" anchors="4055 4056"/>
    <region xml:id="seg-r1393" anchors="4057 4062"/>
    <region xml:id="seg-r1395" anchors="4063 4065"/>
    <region xml:id="seg-r1397" anchors="4066 4075"/>
    <region xml:id="seg-r1399" anchors="4076 4078"/>
    <region xml:id="seg-r1401" anchors="4079 4088"/>
    <region xml:id="seg-r1403" anchors="4089 4097"/>
    <region xml:id="seg-r1405" anchors="4098 4100"/>
    <region xml:id="seg-r1407" anchors="4101 4104"/>
    <region xml:id="seg-r1409" anchors="4105 4110"/>
    <region xml:id="seg-r1410" anchors="4110 4111"/>
    <region xml:id="seg-r1412" anchors="4112 4116"/>
    <region xml:id="seg-r1414" anchors="4117 4120"/>
    <region xml:id="seg-r1416" anchors="4121 4129"/>
    <region xml:id="seg-r1418" anchors="4130 4139"/>
    <region xml:id="seg-r1420" anchors="4140 4142"/>
    <region xml:id="seg-r1422" anchors="4143 4152"/>
    <region xml:id="seg-r1424" anchors="4153 4161"/>
    <region xml:id="seg-r1426" anchors="4162 4166"/>
    <region xml:id="seg-r1428" anchors="4167 4169"/>
    <region xml:id="seg-r1430" anchors="4170 4172"/>
    <region xml:id="seg-r1432" anchors="4173 4181"/>
    <region xml:id="seg-r1434" anchors="4182 4189"/>
    <region xml:id="seg-r1436" anchors="4190 4193"/>
    <region xml:id="seg-r1438" anchors="4194 4204"/>
    <region xml:id="seg-r1440" anchors="4205 4213"/>
    <region xml:id="seg-r1442" anchors="4214 4222"/>
    <region xml:id="seg-r1444" anchors="4223 4225"/>
    <region xml:id="seg-r1446" anchors="4226 4233"/>
    <region xml:id="seg-r1448" anchors="4234 4240"/>
    <region xml:id="seg-r1450" anchors="4241 4250"/>
    <region xml:id="seg-r1452" anchors="4251 4259"/>
    <region xml:id="seg-r1454" anchors="4260 4271"/>
    <region xml:id="seg-r1456" anchors="4272 4278"/>
    <region xml:id="seg-r1457" anchors="4278 4279"/>
    <region xml:id="seg-r1459" anchors="4282 4285"/>
    <region xml:id="seg-r1461" anchors="4286 4291"/>
    <region xml:id="seg-r1463" anchors="4292 4295"/>
    <region xml:id="seg-r1465" anchors="4296 4305"/>
    <region xml:id="seg-r1467" anchors="4306 4314"/>
    <region xml:id="seg-r1469" anchors="4315 4320"/>
    <region xml:id="seg-r1471" anchors="4321 4328"/>
    <region xml:id="seg-r1473" anchors="4329 4338"/>
    <region xml:id="seg-r1475" anchors="4339 4342"/>
    <region xml:id="seg-r1477" anchors="4343 4348"/>
    <region xml:id="seg-r1479" anchors="4349 4355"/>
    <region xml:id="seg-r1481" anchors="4356 4359"/>
    <region xml:id="seg-r1483" anchors="4360 4369"/>
    <region xml:id="seg-r1484" anchors="4369 4370"/>
    <region xml:id="seg-r1486" anchors="4371 4375"/>
    <region xml:id="seg-r1488" anchors="4376 4380"/>
    <region xml:id="seg-r1490" anchors="4381 4383"/>
    <region xml:id="seg-r1492" anchors="4384 4386"/>
    <region xml:id="seg-r1494" anchors="4387 4397"/>
    <region xml:id="seg-r1496" anchors="4398 4401"/>
    <region xml:id="seg-r1498" anchors="4402 4410"/>
    <region xml:id="seg-r1499" anchors="4410 4411"/>
    <region xml:id="seg-r1501" anchors="4412 4414"/>
    <region xml:id="seg-r1503" anchors="4415 4418"/>
    <region xml:id="seg-r1505" anchors="4419 4428"/>
    <region xml:id="seg-r1507" anchors="4429 4434"/>
    <region xml:id="seg-r1509" anchors="4435 4440"/>
    <region xml:id="seg-r1511" anchors="4441 4443"/>
    <region xml:id="seg-r1513" anchors="4444 4447"/>
    <region xml:id="seg-r1515" anchors="4448 4461"/>
    <region xml:id="seg-r1517" anchors="4462 4464"/>
    <region xml:id="seg-r1519" anchors="4465 4468"/>
    <region xml:id="seg-r1521" anchors="4469 4473"/>
    <region xml:id="seg-r1522" anchors="4473 4474"/>
    <region xml:id="seg-r1524" anchors="4475 4477"/>
    <region xml:id="seg-r1526" anchors="4478 4480"/>
    <region xml:id="seg-r1528" anchors="4481 4485"/>
    <region xml:id="seg-r1530" anchors="4486 4492"/>
    <region xml:id="seg-r1532" anchors="4493 4495"/>
    <region xml:id="seg-r1534" anchors="4496 4503"/>
    <region xml:id="seg-r1536" anchors="4504 4508"/>
    <region xml:id="seg-r1537" anchors="4508 4509"/>
    <region xml:id="seg-r1539" anchors="4513 4520"/>
    <region xml:id="seg-r1541" anchors="4521 4522"/>
    <region xml:id="seg-r1542" anchors="4522 4523"/>
    <region xml:id="seg-r1544" anchors="4524 4525"/>
    <region xml:id="seg-r1545" anchors="4525 4535"/>
    <region xml:id="seg-r1547" anchors="4536 4542"/>
    <region xml:id="seg-r1549" anchors="4543 4548"/>
    <region xml:id="seg-r1550" anchors="4548 4549"/>
    <region xml:id="seg-r1551" anchors="4549 4550"/>
    <region xml:id="seg-r1553" anchors="4553 4560"/>
    <region xml:id="seg-r1555" anchors="4561 4562"/>
    <region xml:id="seg-r1556" anchors="4562 4563"/>
    <region xml:id="seg-r1558" anchors="4564 4565"/>
    <region xml:id="seg-r1559" anchors="4565 4574"/>
    <region xml:id="seg-r1561" anchors="4575 4584"/>
    <region xml:id="seg-r1563" anchors="4585 4591"/>
    <region xml:id="seg-r1565" anchors="4592 4597"/>
    <region xml:id="seg-r1566" anchors="4597 4598"/>
    <region xml:id="seg-r1568" anchors="4599 4604"/>
    <region xml:id="seg-r1570" anchors="4605 4610"/>
    <region xml:id="seg-r1572" anchors="4611 4613"/>
    <region xml:id="seg-r1574" anchors="4614 4619"/>
    <region xml:id="seg-r1575" anchors="4619 4620"/>
    <region xml:id="seg-r1577" anchors="4623 4630"/>
    <region xml:id="seg-r1579" anchors="4631 4632"/>
    <region xml:id="seg-r1581" anchors="4633 4634"/>
    <region xml:id="seg-r1582" anchors="4634 4640"/>
    <region xml:id="seg-r1584" anchors="4641 4644"/>
    <region xml:id="seg-r1586" anchors="4645 4649"/>
    <region xml:id="seg-r1587" anchors="4649 4650"/>
    <region xml:id="seg-r1589" anchors="4651 4652"/>
    <region xml:id="seg-r1591" anchors="4653 4659"/>
    <region xml:id="seg-r1593" anchors="4660 4665"/>
    <region xml:id="seg-r1594" anchors="4665 4666"/>
    <region xml:id="seg-r1595" anchors="4666 4667"/>
    <region xml:id="seg-r1597" anchors="4668 4669"/>
    <region xml:id="seg-r1598" anchors="4669 4672"/>
    <region xml:id="seg-r1599" anchors="4672 4673"/>
    <region xml:id="seg-r1600" anchors="4673 4675"/>
    <region xml:id="seg-r1602" anchors="4676 4683"/>
    <region xml:id="seg-r1604" anchors="4684 4693"/>
    <region xml:id="seg-r1605" anchors="4693 4694"/>
    <region xml:id="seg-r1607" anchors="4697 4699"/>
    <region xml:id="seg-r1609" anchors="4700 4705"/>
    <region xml:id="seg-r1611" anchors="4706 4710"/>
    <region xml:id="seg-r1613" anchors="4711 4713"/>
    <region xml:id="seg-r1615" anchors="4714 4723"/>
    <region xml:id="seg-r1616" anchors="4723 4724"/>
    <region xml:id="seg-r1618" anchors="4725 4727"/>
    <region xml:id="seg-r1620" anchors="4728 4732"/>
    <region xml:id="seg-r1622" anchors="4733 4737"/>
    <region xml:id="seg-r1624" anchors="4738 4742"/>
    <region xml:id="seg-r1626" anchors="4743 4747"/>
    <region xml:id="seg-r1628" anchors="4748 4750"/>
    <region xml:id="seg-r1630" anchors="4751 4761"/>
    <region xml:id="seg-r1632" anchors="4762 4772"/>
    <region xml:id="seg-r1634" anchors="4773 4782"/>
    <region xml:id="seg-r1635" anchors="4782 4783"/>
    <region xml:id="seg-r1637" anchors="4784 4786"/>
    <region xml:id="seg-r1639" anchors="4787 4789"/>
    <region xml:id="seg-r1641" anchors="4790 4799"/>
    <region xml:id="seg-r1643" anchors="4800 4803"/>
    <region xml:id="seg-r1645" anchors="4804 4814"/>
    <region xml:id="seg-r1647" anchors="4815 4825"/>
    <region xml:id="seg-r1648" anchors="4825 4826"/>
    <region xml:id="seg-r1650" anchors="4827 4829"/>
    <region xml:id="seg-r1652" anchors="4830 4834"/>
    <region xml:id="seg-r1654" anchors="4835 4845"/>
    <region xml:id="seg-r1656" anchors="4846 4850"/>
    <region xml:id="seg-r1658" anchors="4851 4853"/>
    <region xml:id="seg-r1660" anchors="4854 4857"/>
    <region xml:id="seg-r1662" anchors="4858 4868"/>
    <region xml:id="seg-r1663" anchors="4868 4869"/>
    <region xml:id="seg-r1665" anchors="4872 4874"/>
    <region xml:id="seg-r1667" anchors="4875 4879"/>
    <region xml:id="seg-r1669" anchors="4880 4881"/>
    <region xml:id="seg-r1670" anchors="4881 4892"/>
    <region xml:id="seg-r1672" anchors="4893 4897"/>
    <region xml:id="seg-r1674" anchors="4898 4908"/>
    <region xml:id="seg-r1675" anchors="4908 4909"/>
    <region xml:id="seg-r1677" anchors="4910 4912"/>
    <region xml:id="seg-r1679" anchors="4913 4914"/>
    <region xml:id="seg-r1680" anchors="4914 4920"/>
    <region xml:id="seg-r1682" anchors="4921 4923"/>
    <region xml:id="seg-r1684" anchors="4924 4931"/>
    <region xml:id="seg-r1686" anchors="4932 4935"/>
    <region xml:id="seg-r1688" anchors="4936 4946"/>
    <region xml:id="seg-r1689" anchors="4946 4947"/>
    <region xml:id="seg-r1690" anchors="4947 4948"/>
    <region xml:id="seg-r1692" anchors="4949 4951"/>
    <region xml:id="seg-r1694" anchors="4952 4956"/>
    <region xml:id="seg-r1696" anchors="4957 4964"/>
    <region xml:id="seg-r1697" anchors="4964 4965"/>
    <region xml:id="seg-r1698" anchors="4965 4972"/>
    <region xml:id="seg-r1700" anchors="4973 4978"/>
    <region xml:id="seg-r1702" anchors="4979 4982"/>
    <region xml:id="seg-r1704" anchors="4983 4985"/>
    <region xml:id="seg-r1706" anchors="4986 4989"/>
    <region xml:id="seg-r1707" anchors="4989 4990"/>
    <region xml:id="seg-r1709" anchors="4991 4994"/>
    <region xml:id="seg-r1711" anchors="4995 4997"/>
    <region xml:id="seg-r1713" anchors="4998 5000"/>
    <region xml:id="seg-r1715" anchors="5001 5007"/>
    <region xml:id="seg-r1717" anchors="5008 5019"/>
    <region xml:id="seg-r1719" anchors="5020 5023"/>
    <region xml:id="seg-r1721" anchors="5024 5033"/>
    <region xml:id="seg-r1723" anchors="5034 5036"/>
    <region xml:id="seg-r1725" anchors="5037 5042"/>
    <region xml:id="seg-r1727" anchors="5043 5053"/>
    <region xml:id="seg-r1728" anchors="5053 5054"/>
    <region xml:id="seg-r1730" anchors="5055 5060"/>
    <region xml:id="seg-r1732" anchors="5061 5063"/>
    <region xml:id="seg-r1734" anchors="5064 5069"/>
    <region xml:id="seg-r1735" anchors="5069 5070"/>
    <region xml:id="seg-r1737" anchors="5071 5073"/>
    <region xml:id="seg-r1739" anchors="5074 5078"/>
    <region xml:id="seg-r1741" anchors="5079 5086"/>
    <region xml:id="seg-r1742" anchors="5086 5087"/>
    <region xml:id="seg-r1744" anchors="5088 5090"/>
    <region xml:id="seg-r1746" anchors="5091 5094"/>
    <region xml:id="seg-r1748" anchors="5095 5102"/>
    <region xml:id="seg-r1749" anchors="5102 5103"/>
    <region xml:id="seg-r1750" anchors="5103 5110"/>
    <region xml:id="seg-r1752" anchors="5111 5113"/>
    <region xml:id="seg-r1753" anchors="5113 5114"/>
    <region xml:id="seg-r1755" anchors="5115 5117"/>
    <region xml:id="seg-r1757" anchors="5118 5120"/>
    <region xml:id="seg-r1759" anchors="5121 5127"/>
    <region xml:id="seg-r1761" anchors="5128 5136"/>
    <region xml:id="seg-r1762" anchors="5136 5137"/>
    <region xml:id="seg-r1764" anchors="5138 5140"/>
    <region xml:id="seg-r1766" anchors="5141 5145"/>
    <region xml:id="seg-r1768" anchors="5146 5150"/>
    <region xml:id="seg-r1770" anchors="5151 5155"/>
    <region xml:id="seg-r1771" anchors="5155 5156"/>
    <region xml:id="seg-r1773" anchors="5159 5162"/>
    <region xml:id="seg-r1775" anchors="5163 5170"/>
    <region xml:id="seg-r1777" anchors="5172 5173"/>
    <region xml:id="seg-r1779" anchors="5174 5177"/>
    <region xml:id="seg-r1781" anchors="5178 5185"/>
    <region xml:id="seg-r1783" anchors="5186 5188"/>
    <region xml:id="seg-r1785" anchors="5189 5192"/>
    <region xml:id="seg-r1787" anchors="5193 5199"/>
    <region xml:id="seg-r1789" anchors="5200 5205"/>
    <region xml:id="seg-r1790" anchors="5205 5214"/>
    <region xml:id="seg-r1792" anchors="5215 5223"/>
    <region xml:id="seg-r1794" anchors="5224 5227"/>
    <region xml:id="seg-r1796" anchors="5228 5230"/>
    <region xml:id="seg-r1798" anchors="5231 5236"/>
    <region xml:id="seg-r1800" anchors="5237 5239"/>
    <region xml:id="seg-r1802" anchors="5240 5243"/>
    <region xml:id="seg-r1804" anchors="5244 5251"/>
    <region xml:id="seg-r1806" anchors="5252 5253"/>
    <region xml:id="seg-r1807" anchors="5253 5254"/>
    <region xml:id="seg-r1809" anchors="5255 5307"/>
    <region xml:id="seg-r1811" anchors="5308 5309"/>
    <region xml:id="seg-r1813" anchors="5315 5324"/>
    <region xml:id="seg-r1815" anchors="5325 5327"/>
    <region xml:id="seg-r1817" anchors="5328 5331"/>
    <region xml:id="seg-r1818" anchors="5331 5332"/>
    <region xml:id="seg-r1820" anchors="5333 5336"/>
    <region xml:id="seg-r1822" anchors="5337 5340"/>
    <region xml:id="seg-r1824" anchors="5341 5345"/>
    <region xml:id="seg-r1826" anchors="5346 5348"/>
    <region xml:id="seg-r1828" anchors="5349 5352"/>
    <region xml:id="seg-r1829" anchors="5352 5353"/>
    <region xml:id="seg-r1831" anchors="5356 5365"/>
    <region xml:id="seg-r1833" anchors="5366 5368"/>
    <region xml:id="seg-r1835" anchors="5369 5372"/>
    <region xml:id="seg-r1836" anchors="5372 5373"/>
    <region xml:id="seg-r1838" anchors="5374 5377"/>
    <region xml:id="seg-r1840" anchors="5378 5381"/>
    <region xml:id="seg-r1842" anchors="5382 5386"/>
    <region xml:id="seg-r1844" anchors="5387 5389"/>
    <region xml:id="seg-r1846" anchors="5390 5393"/>
    <region xml:id="seg-r1847" anchors="5393 5394"/>
    <region xml:id="seg-r1849" anchors="5398 5401"/>
    <region xml:id="seg-r1850" anchors="5401 5402"/>
    <region xml:id="seg-r1852" anchors="5403 5407"/>
    <region xml:id="seg-r1854" anchors="5408 5416"/>
    <region xml:id="seg-r1855" anchors="5416 5417"/>
    <region xml:id="seg-r1857" anchors="5418 5426"/>
    <region xml:id="seg-r1859" anchors="5427 5428"/>
    <region xml:id="seg-r1861" anchors="5429 5446"/>
</graph>
