<graph xmlns="http://www.xces.org/ns/GrAF/1.0/" xmlns:graf="http://www.xces.org/ns/GrAF/1.0/">
  <graphHeader>
    <labelsDecl>
      <labelUsage label="vchunk" occurs="114"/>
    </labelsDecl>
    <dependencies>
      <dependsOn f.id="f.penn"/>
    </dependencies>
    <annotationSpaces>
      <annotationSpace as.id="anc"/>
    </annotationSpaces>
  </graphHeader>
  <node xml:id="vc-n0"/>
  <a xml:id="vc-N65567" label="vchunk" ref="vc-n0" as="anc">
    <fs>
      <f name="voice" value="active"/>
      <f name="tense" value="SimPre"/>
      <f name="type" value="FVG"/>
    </fs>
  </a>
  <node xml:id="vc-n1"/>
  <a xml:id="vc-N65591" label="vchunk" ref="vc-n1" as="anc">
    <fs>
      <f name="voice" value="none"/>
      <f name="tense" value="none"/>
      <f name="type" value="MODAL"/>
    </fs>
  </a>
  <node xml:id="vc-n10"/>
  <a xml:id="vc-N65615" label="vchunk" ref="vc-n10" as="anc">
    <fs>
      <f name="voice" value="active"/>
      <f name="tense" value="Inf"/>
      <f name="type" value="NFVG"/>
    </fs>
  </a>
  <node xml:id="vc-n100"/>
  <a xml:id="vc-N65639" label="vchunk" ref="vc-n100" as="anc">
    <fs>
      <f name="voice" value="active"/>
      <f name="tense" value="SimPre"/>
      <f name="type" value="FVG"/>
    </fs>
  </a>
  <node xml:id="vc-n101"/>
  <a xml:id="vc-N65663" label="vchunk" ref="vc-n101" as="anc">
    <fs>
      <f name="voice" value="active"/>
      <f name="tense" value="Pre"/>
      <f name="type" value="PART"/>
    </fs>
  </a>
  <node xml:id="vc-n102"/>
  <a xml:id="vc-N65687" label="vchunk" ref="vc-n102" as="anc">
    <fs>
      <f name="voice" value="active"/>
      <f name="tense" value="Pre"/>
      <f name="type" value="PART"/>
    </fs>
  </a>
  <node xml:id="vc-n103"/>
  <a xml:id="vc-N65711" label="vchunk" ref="vc-n103" as="anc">
    <fs>
      <f name="voice" value="active"/>
      <f name="tense" value="Inf"/>
      <f name="type" value="NFVG"/>
    </fs>
  </a>
  <node xml:id="vc-n104"/>
  <a xml:id="vc-N65735" label="vchunk" ref="vc-n104" as="anc">
    <fs>
      <f name="voice" value="none"/>
      <f name="tense" value="none"/>
      <f name="type" value="MODAL"/>
    </fs>
  </a>
  <node xml:id="vc-n105"/>
  <a xml:id="vc-N65759" label="vchunk" ref="vc-n105" as="anc">
    <fs>
      <f name="voice" value="active"/>
      <f name="tense" value="Inf"/>
      <f name="type" value="NFVG"/>
    </fs>
  </a>
  <node xml:id="vc-n106"/>
  <a xml:id="vc-N65783" label="vchunk" ref="vc-n106" as="anc">
    <fs>
      <f name="voice" value="active"/>
      <f name="tense" value="PreCon"/>
      <f name="type" value="FVG"/>
    </fs>
  </a>
  <node xml:id="vc-n107"/>
  <a xml:id="vc-N65807" label="vchunk" ref="vc-n107" as="anc">
    <fs>
      <f name="voice" value="active"/>
      <f name="tense" value="Inf"/>
      <f name="type" value="NFVG"/>
    </fs>
  </a>
  <node xml:id="vc-n108"/>
  <a xml:id="vc-N65831" label="vchunk" ref="vc-n108" as="anc">
    <fs>
      <f name="voice" value="active"/>
      <f name="tense" value="SimPre"/>
      <f name="type" value="FVG"/>
    </fs>
  </a>
  <node xml:id="vc-n109"/>
  <a xml:id="vc-N65855" label="vchunk" ref="vc-n109" as="anc">
    <fs>
      <f name="voice" value="none"/>
      <f name="tense" value="Pre"/>
      <f name="type" value="SPECIAL"/>
    </fs>
  </a>
  <node xml:id="vc-n11"/>
  <a xml:id="vc-N65879" label="vchunk" ref="vc-n11" as="anc">
    <fs>
      <f name="voice" value="active"/>
      <f name="tense" value="Inf"/>
      <f name="type" value="NFVG"/>
    </fs>
  </a>
  <node xml:id="vc-n110"/>
  <a xml:id="vc-N65903" label="vchunk" ref="vc-n110" as="anc">
    <fs>
      <f name="voice" value="active"/>
      <f name="tense" value="PrePer"/>
      <f name="type" value="FVG"/>
    </fs>
  </a>
  <node xml:id="vc-n111"/>
  <a xml:id="vc-N65927" label="vchunk" ref="vc-n111" as="anc">
    <fs>
      <f name="voice" value="none"/>
      <f name="tense" value="BeVBN"/>
      <f name="type" value="MODAL"/>
    </fs>
  </a>
  <node xml:id="vc-n112"/>
  <a xml:id="vc-N65951" label="vchunk" ref="vc-n112" as="anc">
    <fs>
      <f name="voice" value="active"/>
      <f name="tense" value="Inf"/>
      <f name="type" value="NFVG"/>
    </fs>
  </a>
  <node xml:id="vc-n113"/>
  <a xml:id="vc-N65975" label="vchunk" ref="vc-n113" as="anc">
    <fs>
      <f name="voice" value="active"/>
      <f name="tense" value="Inf"/>
      <f name="type" value="NFVG"/>
    </fs>
  </a>
  <node xml:id="vc-n12"/>
  <a xml:id="vc-N65999" label="vchunk" ref="vc-n12" as="anc">
    <fs>
      <f name="voice" value="active"/>
      <f name="tense" value="PrePer"/>
      <f name="type" value="FVG"/>
    </fs>
  </a>
  <node xml:id="vc-n13"/>
  <a xml:id="vc-N66023" label="vchunk" ref="vc-n13" as="anc">
    <fs>
      <f name="voice" value="active"/>
      <f name="tense" value="Inf"/>
      <f name="type" value="NFVG"/>
    </fs>
  </a>
  <node xml:id="vc-n14"/>
  <a xml:id="vc-N66047" label="vchunk" ref="vc-n14" as="anc">
    <fs>
      <f name="type" value="FVG"/>
      <f name="tense" value="PrePer"/>
      <f name="voice" value="active"/>
      <f name="neg" value="yes"/>
    </fs>
  </a>
  <node xml:id="vc-n15"/>
  <a xml:id="vc-N66075" label="vchunk" ref="vc-n15" as="anc">
    <fs>
      <f name="type" value="FVG"/>
      <f name="tense" value="SimPre"/>
      <f name="voice" value="active"/>
      <f name="neg" value="yes"/>
    </fs>
  </a>
  <node xml:id="vc-n16"/>
  <a xml:id="vc-N66103" label="vchunk" ref="vc-n16" as="anc">
    <fs>
      <f name="voice" value="active"/>
      <f name="tense" value="SimPre"/>
      <f name="type" value="FVG"/>
    </fs>
  </a>
  <node xml:id="vc-n17"/>
  <a xml:id="vc-N66127" label="vchunk" ref="vc-n17" as="anc">
    <fs>
      <f name="voice" value="none"/>
      <f name="tense" value="none"/>
      <f name="type" value="MODAL"/>
    </fs>
  </a>
  <node xml:id="vc-n18"/>
  <a xml:id="vc-N66151" label="vchunk" ref="vc-n18" as="anc">
    <fs>
      <f name="voice" value="active"/>
      <f name="tense" value="SimPre"/>
      <f name="type" value="FVG"/>
    </fs>
  </a>
  <node xml:id="vc-n19"/>
  <a xml:id="vc-N66175" label="vchunk" ref="vc-n19" as="anc">
    <fs>
      <f name="voice" value="active"/>
      <f name="tense" value="SimPas"/>
      <f name="type" value="FVG"/>
    </fs>
  </a>
  <node xml:id="vc-n2"/>
  <a xml:id="vc-N66199" label="vchunk" ref="vc-n2" as="anc">
    <fs>
      <f name="voice" value="active"/>
      <f name="tense" value="PrePer"/>
      <f name="type" value="FVG"/>
    </fs>
  </a>
  <node xml:id="vc-n20"/>
  <a xml:id="vc-N66223" label="vchunk" ref="vc-n20" as="anc">
    <fs>
      <f name="voice" value="active"/>
      <f name="tense" value="PrePer"/>
      <f name="type" value="FVG"/>
    </fs>
  </a>
  <node xml:id="vc-n21"/>
  <a xml:id="vc-N66247" label="vchunk" ref="vc-n21" as="anc">
    <fs>
      <f name="voice" value="active"/>
      <f name="tense" value="Inf"/>
      <f name="type" value="NFVG"/>
    </fs>
  </a>
  <node xml:id="vc-n22"/>
  <a xml:id="vc-N66271" label="vchunk" ref="vc-n22" as="anc">
    <fs>
      <f name="voice" value="active"/>
      <f name="tense" value="PreCon"/>
      <f name="type" value="FVG"/>
    </fs>
  </a>
  <node xml:id="vc-n23"/>
  <a xml:id="vc-N66295" label="vchunk" ref="vc-n23" as="anc">
    <fs>
      <f name="voice" value="active"/>
      <f name="tense" value="Inf"/>
      <f name="type" value="NFVG"/>
    </fs>
  </a>
  <node xml:id="vc-n24"/>
  <a xml:id="vc-N66319" label="vchunk" ref="vc-n24" as="anc">
    <fs>
      <f name="type" value="FVG"/>
      <f name="tense" value="SimPre"/>
      <f name="voice" value="active"/>
      <f name="neg" value="yes"/>
    </fs>
  </a>
  <node xml:id="vc-n25"/>
  <a xml:id="vc-N66347" label="vchunk" ref="vc-n25" as="anc">
    <fs>
      <f name="voice" value="active"/>
      <f name="tense" value="PreCon"/>
      <f name="type" value="NFVG"/>
    </fs>
  </a>
  <node xml:id="vc-n26"/>
  <a xml:id="vc-N66371" label="vchunk" ref="vc-n26" as="anc">
    <fs>
      <f name="voice" value="none"/>
      <f name="tense" value="none"/>
      <f name="type" value="MODAL"/>
    </fs>
  </a>
  <node xml:id="vc-n27"/>
  <a xml:id="vc-N66395" label="vchunk" ref="vc-n27" as="anc">
    <fs>
      <f name="voice" value="active"/>
      <f name="tense" value="SimPre"/>
      <f name="type" value="FVG"/>
    </fs>
  </a>
  <node xml:id="vc-n28"/>
  <a xml:id="vc-N66419" label="vchunk" ref="vc-n28" as="anc">
    <fs>
      <f name="voice" value="active"/>
      <f name="tense" value="SimPre"/>
      <f name="type" value="FVG"/>
    </fs>
  </a>
  <node xml:id="vc-n29"/>
  <a xml:id="vc-N66443" label="vchunk" ref="vc-n29" as="anc">
    <fs>
      <f name="voice" value="active"/>
      <f name="tense" value="PreCon"/>
      <f name="type" value="FVG"/>
    </fs>
  </a>
  <node xml:id="vc-n3"/>
  <a xml:id="vc-N66467" label="vchunk" ref="vc-n3" as="anc">
    <fs>
      <f name="voice" value="active"/>
      <f name="tense" value="SimPre"/>
      <f name="type" value="FVG"/>
    </fs>
  </a>
  <node xml:id="vc-n30"/>
  <a xml:id="vc-N66491" label="vchunk" ref="vc-n30" as="anc">
    <fs>
      <f name="voice" value="none"/>
      <f name="tense" value="HaveVBN"/>
      <f name="type" value="MODAL"/>
    </fs>
  </a>
  <node xml:id="vc-n31"/>
  <a xml:id="vc-N66515" label="vchunk" ref="vc-n31" as="anc">
    <fs>
      <f name="voice" value="active"/>
      <f name="tense" value="SimPre"/>
      <f name="type" value="FVG"/>
    </fs>
  </a>
  <node xml:id="vc-n32"/>
  <a xml:id="vc-N66539" label="vchunk" ref="vc-n32" as="anc">
    <fs>
      <f name="voice" value="none"/>
      <f name="tense" value="none"/>
      <f name="type" value="MODAL"/>
    </fs>
  </a>
  <node xml:id="vc-n33"/>
  <a xml:id="vc-N66563" label="vchunk" ref="vc-n33" as="anc">
    <fs>
      <f name="voice" value="active"/>
      <f name="tense" value="SimPre"/>
      <f name="type" value="FVG"/>
    </fs>
  </a>
  <node xml:id="vc-n34"/>
  <a xml:id="vc-N66587" label="vchunk" ref="vc-n34" as="anc">
    <fs>
      <f name="voice" value="active"/>
      <f name="tense" value="Inf"/>
      <f name="type" value="NFVG"/>
    </fs>
  </a>
  <node xml:id="vc-n35"/>
  <a xml:id="vc-N66611" label="vchunk" ref="vc-n35" as="anc">
    <fs>
      <f name="voice" value="none"/>
      <f name="tense" value="none"/>
      <f name="type" value="MODAL"/>
    </fs>
  </a>
  <node xml:id="vc-n36"/>
  <a xml:id="vc-N66635" label="vchunk" ref="vc-n36" as="anc">
    <fs>
      <f name="voice" value="active"/>
      <f name="tense" value="Pre"/>
      <f name="type" value="PART"/>
    </fs>
  </a>
  <node xml:id="vc-n37"/>
  <a xml:id="vc-N66659" label="vchunk" ref="vc-n37" as="anc">
    <fs>
      <f name="voice" value="active"/>
      <f name="tense" value="SimPre"/>
      <f name="type" value="FVG"/>
    </fs>
  </a>
  <node xml:id="vc-n38"/>
  <a xml:id="vc-N66683" label="vchunk" ref="vc-n38" as="anc">
    <fs>
      <f name="voice" value="active"/>
      <f name="tense" value="SimPre"/>
      <f name="type" value="FVG"/>
    </fs>
  </a>
  <node xml:id="vc-n39"/>
  <a xml:id="vc-N66707" label="vchunk" ref="vc-n39" as="anc">
    <fs>
      <f name="voice" value="none"/>
      <f name="tense" value="Pas"/>
      <f name="type" value="PART"/>
    </fs>
  </a>
  <node xml:id="vc-n4"/>
  <a xml:id="vc-N66731" label="vchunk" ref="vc-n4" as="anc">
    <fs>
      <f name="voice" value="active"/>
      <f name="tense" value="SimPas"/>
      <f name="type" value="FVG"/>
    </fs>
  </a>
  <node xml:id="vc-n40"/>
  <a xml:id="vc-N66755" label="vchunk" ref="vc-n40" as="anc">
    <fs>
      <f name="voice" value="active"/>
      <f name="tense" value="Inf"/>
      <f name="type" value="NFVG"/>
    </fs>
  </a>
  <node xml:id="vc-n41"/>
  <a xml:id="vc-N66779" label="vchunk" ref="vc-n41" as="anc">
    <fs>
      <f name="voice" value="active"/>
      <f name="tense" value="Inf"/>
      <f name="type" value="NFVG"/>
    </fs>
  </a>
  <node xml:id="vc-n42"/>
  <a xml:id="vc-N66803" label="vchunk" ref="vc-n42" as="anc">
    <fs>
      <f name="voice" value="active"/>
      <f name="tense" value="SimPre"/>
      <f name="type" value="FVG"/>
    </fs>
  </a>
  <node xml:id="vc-n43"/>
  <a xml:id="vc-N66827" label="vchunk" ref="vc-n43" as="anc">
    <fs>
      <f name="voice" value="active"/>
      <f name="tense" value="PrePer"/>
      <f name="type" value="FVG"/>
    </fs>
  </a>
  <node xml:id="vc-n44"/>
  <a xml:id="vc-N66851" label="vchunk" ref="vc-n44" as="anc">
    <fs>
      <f name="voice" value="active"/>
      <f name="tense" value="Inf"/>
      <f name="type" value="NFVG"/>
    </fs>
  </a>
  <node xml:id="vc-n45"/>
  <a xml:id="vc-N66875" label="vchunk" ref="vc-n45" as="anc">
    <fs>
      <f name="neg" value="no"/>
      <f name="tense" value="Inf"/>
      <f name="type" value="NFVG"/>
      <f name="voice" value="active"/>
    </fs>
  </a>
  <node xml:id="vc-n46"/>
  <a xml:id="vc-N66903" label="vchunk" ref="vc-n46" as="anc">
    <fs>
      <f name="voice" value="active"/>
      <f name="tense" value="Pre"/>
      <f name="type" value="PART"/>
    </fs>
  </a>
  <node xml:id="vc-n47"/>
  <a xml:id="vc-N66927" label="vchunk" ref="vc-n47" as="anc">
    <fs>
      <f name="voice" value="active"/>
      <f name="tense" value="Pre"/>
      <f name="type" value="PART"/>
    </fs>
  </a>
  <node xml:id="vc-n48"/>
  <a xml:id="vc-N66951" label="vchunk" ref="vc-n48" as="anc">
    <fs>
      <f name="voice" value="active"/>
      <f name="tense" value="PrePer"/>
      <f name="type" value="FVG"/>
    </fs>
  </a>
  <node xml:id="vc-n49"/>
  <a xml:id="vc-N66975" label="vchunk" ref="vc-n49" as="anc">
    <fs>
      <f name="voice" value="active"/>
      <f name="tense" value="PrePer"/>
      <f name="type" value="FVG"/>
    </fs>
  </a>
  <node xml:id="vc-n5"/>
  <a xml:id="vc-N66999" label="vchunk" ref="vc-n5" as="anc">
    <fs>
      <f name="voice" value="active"/>
      <f name="tense" value="PrePer"/>
      <f name="type" value="FVG"/>
    </fs>
  </a>
  <node xml:id="vc-n50"/>
  <a xml:id="vc-N67023" label="vchunk" ref="vc-n50" as="anc">
    <fs>
      <f name="voice" value="none"/>
      <f name="tense" value="none"/>
      <f name="type" value="MODAL"/>
    </fs>
  </a>
  <node xml:id="vc-n51"/>
  <a xml:id="vc-N67047" label="vchunk" ref="vc-n51" as="anc">
    <fs>
      <f name="voice" value="active"/>
      <f name="tense" value="Inf"/>
      <f name="type" value="NFVG"/>
    </fs>
  </a>
  <node xml:id="vc-n52"/>
  <a xml:id="vc-N67071" label="vchunk" ref="vc-n52" as="anc">
    <fs>
      <f name="voice" value="active"/>
      <f name="tense" value="SimPre"/>
      <f name="type" value="FVG"/>
    </fs>
  </a>
  <node xml:id="vc-n53"/>
  <a xml:id="vc-N67095" label="vchunk" ref="vc-n53" as="anc">
    <fs>
      <f name="voice" value="active"/>
      <f name="tense" value="Inf"/>
      <f name="type" value="NFVG"/>
    </fs>
  </a>
  <node xml:id="vc-n54"/>
  <a xml:id="vc-N67119" label="vchunk" ref="vc-n54" as="anc">
    <fs>
      <f name="voice" value="active"/>
      <f name="tense" value="Inf"/>
      <f name="type" value="NFVG"/>
    </fs>
  </a>
  <node xml:id="vc-n55"/>
  <a xml:id="vc-N67143" label="vchunk" ref="vc-n55" as="anc">
    <fs>
      <f name="voice" value="active"/>
      <f name="tense" value="SimPre"/>
      <f name="type" value="FVG"/>
    </fs>
  </a>
  <node xml:id="vc-n56"/>
  <a xml:id="vc-N67167" label="vchunk" ref="vc-n56" as="anc">
    <fs>
      <f name="voice" value="active"/>
      <f name="tense" value="SimPre"/>
      <f name="type" value="FVG"/>
    </fs>
  </a>
  <node xml:id="vc-n57"/>
  <a xml:id="vc-N67191" label="vchunk" ref="vc-n57" as="anc">
    <fs>
      <f name="voice" value="active"/>
      <f name="tense" value="SimPre"/>
      <f name="type" value="FVG"/>
    </fs>
  </a>
  <node xml:id="vc-n58"/>
  <a xml:id="vc-N67215" label="vchunk" ref="vc-n58" as="anc">
    <fs>
      <f name="voice" value="active"/>
      <f name="tense" value="Inf"/>
      <f name="type" value="NFVG"/>
    </fs>
  </a>
  <node xml:id="vc-n59"/>
  <a xml:id="vc-N67239" label="vchunk" ref="vc-n59" as="anc">
    <fs>
      <f name="voice" value="active"/>
      <f name="tense" value="Inf"/>
      <f name="type" value="NFVG"/>
    </fs>
  </a>
  <node xml:id="vc-n6"/>
  <a xml:id="vc-N67263" label="vchunk" ref="vc-n6" as="anc">
    <fs>
      <f name="voice" value="active"/>
      <f name="tense" value="SimPre"/>
      <f name="type" value="FVG"/>
    </fs>
  </a>
  <node xml:id="vc-n60"/>
  <a xml:id="vc-N67287" label="vchunk" ref="vc-n60" as="anc">
    <fs>
      <f name="voice" value="active"/>
      <f name="tense" value="SimPre"/>
      <f name="type" value="FVG"/>
    </fs>
  </a>
  <node xml:id="vc-n61"/>
  <a xml:id="vc-N67311" label="vchunk" ref="vc-n61" as="anc">
    <fs>
      <f name="neg" value="no"/>
      <f name="tense" value="Inf"/>
      <f name="type" value="NFVG"/>
      <f name="voice" value="active"/>
    </fs>
  </a>
  <node xml:id="vc-n62"/>
  <a xml:id="vc-N67339" label="vchunk" ref="vc-n62" as="anc">
    <fs>
      <f name="voice" value="active"/>
      <f name="tense" value="Pre"/>
      <f name="type" value="PART"/>
    </fs>
  </a>
  <node xml:id="vc-n63"/>
  <a xml:id="vc-N67363" label="vchunk" ref="vc-n63" as="anc">
    <fs>
      <f name="voice" value="active"/>
      <f name="tense" value="SimFut"/>
      <f name="type" value="FVG"/>
    </fs>
  </a>
  <node xml:id="vc-n64"/>
  <a xml:id="vc-N67387" label="vchunk" ref="vc-n64" as="anc">
    <fs>
      <f name="voice" value="active"/>
      <f name="tense" value="SimPre"/>
      <f name="type" value="FVG"/>
    </fs>
  </a>
  <node xml:id="vc-n65"/>
  <a xml:id="vc-N67411" label="vchunk" ref="vc-n65" as="anc">
    <fs>
      <f name="voice" value="none"/>
      <f name="tense" value="BeVBN"/>
      <f name="type" value="MODAL"/>
    </fs>
  </a>
  <node xml:id="vc-n66"/>
  <a xml:id="vc-N67435" label="vchunk" ref="vc-n66" as="anc">
    <fs>
      <f name="voice" value="active"/>
      <f name="tense" value="SimPre"/>
      <f name="type" value="FVG"/>
    </fs>
  </a>
  <node xml:id="vc-n67"/>
  <a xml:id="vc-N67459" label="vchunk" ref="vc-n67" as="anc">
    <fs>
      <f name="voice" value="active"/>
      <f name="tense" value="SimPre"/>
      <f name="type" value="FVG"/>
    </fs>
  </a>
  <node xml:id="vc-n68"/>
  <a xml:id="vc-N67483" label="vchunk" ref="vc-n68" as="anc">
    <fs>
      <f name="voice" value="active"/>
      <f name="tense" value="Pre"/>
      <f name="type" value="PART"/>
    </fs>
  </a>
  <node xml:id="vc-n69"/>
  <a xml:id="vc-N67507" label="vchunk" ref="vc-n69" as="anc">
    <fs>
      <f name="voice" value="active"/>
      <f name="tense" value="PrePer"/>
      <f name="type" value="FVG"/>
    </fs>
  </a>
  <node xml:id="vc-n7"/>
  <a xml:id="vc-N67531" label="vchunk" ref="vc-n7" as="anc">
    <fs>
      <f name="voice" value="passive"/>
      <f name="tense" value="SimPas"/>
      <f name="type" value="FVG"/>
    </fs>
  </a>
  <node xml:id="vc-n70"/>
  <a xml:id="vc-N67555" label="vchunk" ref="vc-n70" as="anc">
    <fs>
      <f name="voice" value="active"/>
      <f name="tense" value="PreCon"/>
      <f name="type" value="FVG"/>
    </fs>
  </a>
  <node xml:id="vc-n71"/>
  <a xml:id="vc-N67579" label="vchunk" ref="vc-n71" as="anc">
    <fs>
      <f name="voice" value="active"/>
      <f name="tense" value="SimPre"/>
      <f name="type" value="FVG"/>
    </fs>
  </a>
  <node xml:id="vc-n72"/>
  <a xml:id="vc-N67603" label="vchunk" ref="vc-n72" as="anc">
    <fs>
      <f name="voice" value="active"/>
      <f name="tense" value="Inf"/>
      <f name="type" value="NFVG"/>
    </fs>
  </a>
  <node xml:id="vc-n73"/>
  <a xml:id="vc-N67627" label="vchunk" ref="vc-n73" as="anc">
    <fs>
      <f name="voice" value="active"/>
      <f name="tense" value="Pre"/>
      <f name="type" value="PART"/>
    </fs>
  </a>
  <node xml:id="vc-n74"/>
  <a xml:id="vc-N67651" label="vchunk" ref="vc-n74" as="anc">
    <fs>
      <f name="voice" value="active"/>
      <f name="tense" value="SimPre"/>
      <f name="type" value="FVG"/>
    </fs>
  </a>
  <node xml:id="vc-n75"/>
  <a xml:id="vc-N67675" label="vchunk" ref="vc-n75" as="anc">
    <fs>
      <f name="voice" value="active"/>
      <f name="tense" value="SimPre"/>
      <f name="type" value="FVG"/>
    </fs>
  </a>
  <node xml:id="vc-n76"/>
  <a xml:id="vc-N67699" label="vchunk" ref="vc-n76" as="anc">
    <fs>
      <f name="voice" value="active"/>
      <f name="tense" value="SimPre"/>
      <f name="type" value="FVG"/>
    </fs>
  </a>
  <node xml:id="vc-n77"/>
  <a xml:id="vc-N67723" label="vchunk" ref="vc-n77" as="anc">
    <fs>
      <f name="voice" value="active"/>
      <f name="tense" value="SimPre"/>
      <f name="type" value="FVG"/>
    </fs>
  </a>
  <node xml:id="vc-n78"/>
  <a xml:id="vc-N67747" label="vchunk" ref="vc-n78" as="anc">
    <fs>
      <f name="voice" value="active"/>
      <f name="tense" value="SimPre"/>
      <f name="type" value="FVG"/>
    </fs>
  </a>
  <node xml:id="vc-n79"/>
  <a xml:id="vc-N67771" label="vchunk" ref="vc-n79" as="anc">
    <fs>
      <f name="voice" value="active"/>
      <f name="tense" value="Inf"/>
      <f name="type" value="NFVG"/>
    </fs>
  </a>
  <node xml:id="vc-n8"/>
  <a xml:id="vc-N67795" label="vchunk" ref="vc-n8" as="anc">
    <fs>
      <f name="voice" value="none"/>
      <f name="tense" value="Pas"/>
      <f name="type" value="PART"/>
    </fs>
  </a>
  <node xml:id="vc-n80"/>
  <a xml:id="vc-N67819" label="vchunk" ref="vc-n80" as="anc">
    <fs>
      <f name="voice" value="active"/>
      <f name="tense" value="Pre"/>
      <f name="type" value="PART"/>
    </fs>
  </a>
  <node xml:id="vc-n81"/>
  <a xml:id="vc-N67843" label="vchunk" ref="vc-n81" as="anc">
    <fs>
      <f name="voice" value="active"/>
      <f name="tense" value="SimPre"/>
      <f name="type" value="FVG"/>
    </fs>
  </a>
  <node xml:id="vc-n82"/>
  <a xml:id="vc-N67867" label="vchunk" ref="vc-n82" as="anc">
    <fs>
      <f name="voice" value="active"/>
      <f name="tense" value="Pre"/>
      <f name="type" value="PART"/>
    </fs>
  </a>
  <node xml:id="vc-n83"/>
  <a xml:id="vc-N67891" label="vchunk" ref="vc-n83" as="anc">
    <fs>
      <f name="voice" value="active"/>
      <f name="tense" value="SimPre"/>
      <f name="type" value="FVG"/>
    </fs>
  </a>
  <node xml:id="vc-n84"/>
  <a xml:id="vc-N67915" label="vchunk" ref="vc-n84" as="anc">
    <fs>
      <f name="voice" value="active"/>
      <f name="tense" value="Inf"/>
      <f name="type" value="NFVG"/>
    </fs>
  </a>
  <node xml:id="vc-n85"/>
  <a xml:id="vc-N67939" label="vchunk" ref="vc-n85" as="anc">
    <fs>
      <f name="voice" value="none"/>
      <f name="tense" value="none"/>
      <f name="type" value="MODAL"/>
    </fs>
  </a>
  <node xml:id="vc-n86"/>
  <a xml:id="vc-N67963" label="vchunk" ref="vc-n86" as="anc">
    <fs>
      <f name="voice" value="none"/>
      <f name="tense" value="none"/>
      <f name="type" value="MODAL"/>
    </fs>
  </a>
  <node xml:id="vc-n87"/>
  <a xml:id="vc-N67987" label="vchunk" ref="vc-n87" as="anc">
    <fs>
      <f name="voice" value="active"/>
      <f name="tense" value="SimPre"/>
      <f name="type" value="FVG"/>
    </fs>
  </a>
  <node xml:id="vc-n88"/>
  <a xml:id="vc-N68011" label="vchunk" ref="vc-n88" as="anc">
    <fs>
      <f name="voice" value="active"/>
      <f name="tense" value="Pre"/>
      <f name="type" value="PART"/>
    </fs>
  </a>
  <node xml:id="vc-n89"/>
  <a xml:id="vc-N68035" label="vchunk" ref="vc-n89" as="anc">
    <fs>
      <f name="voice" value="active"/>
      <f name="tense" value="SimPre"/>
      <f name="type" value="FVG"/>
    </fs>
  </a>
  <node xml:id="vc-n9"/>
  <a xml:id="vc-N68059" label="vchunk" ref="vc-n9" as="anc">
    <fs>
      <f name="voice" value="active"/>
      <f name="tense" value="PrePer"/>
      <f name="type" value="FVG"/>
    </fs>
  </a>
  <node xml:id="vc-n90"/>
  <a xml:id="vc-N68083" label="vchunk" ref="vc-n90" as="anc">
    <fs>
      <f name="voice" value="active"/>
      <f name="tense" value="SimPre"/>
      <f name="type" value="FVG"/>
    </fs>
  </a>
  <node xml:id="vc-n91"/>
  <a xml:id="vc-N68107" label="vchunk" ref="vc-n91" as="anc">
    <fs>
      <f name="voice" value="active"/>
      <f name="tense" value="SimPre"/>
      <f name="type" value="FVG"/>
    </fs>
  </a>
  <node xml:id="vc-n92"/>
  <a xml:id="vc-N68131" label="vchunk" ref="vc-n92" as="anc">
    <fs>
      <f name="voice" value="passive"/>
      <f name="tense" value="Inf"/>
      <f name="type" value="NFVG"/>
    </fs>
  </a>
  <node xml:id="vc-n93"/>
  <a xml:id="vc-N68155" label="vchunk" ref="vc-n93" as="anc">
    <fs>
      <f name="voice" value="none"/>
      <f name="tense" value="Pas"/>
      <f name="type" value="PART"/>
    </fs>
  </a>
  <node xml:id="vc-n94"/>
  <a xml:id="vc-N68179" label="vchunk" ref="vc-n94" as="anc">
    <fs>
      <f name="voice" value="active"/>
      <f name="tense" value="SimPre"/>
      <f name="type" value="FVG"/>
    </fs>
  </a>
  <node xml:id="vc-n95"/>
  <a xml:id="vc-N68203" label="vchunk" ref="vc-n95" as="anc">
    <fs>
      <f name="voice" value="active"/>
      <f name="tense" value="SimPre"/>
      <f name="type" value="FVG"/>
    </fs>
  </a>
  <node xml:id="vc-n96"/>
  <a xml:id="vc-N68227" label="vchunk" ref="vc-n96" as="anc">
    <fs>
      <f name="voice" value="active"/>
      <f name="tense" value="Inf"/>
      <f name="type" value="NFVG"/>
    </fs>
  </a>
  <node xml:id="vc-n97"/>
  <a xml:id="vc-N68251" label="vchunk" ref="vc-n97" as="anc">
    <fs>
      <f name="voice" value="active"/>
      <f name="tense" value="SimFut"/>
      <f name="type" value="FVG"/>
    </fs>
  </a>
  <node xml:id="vc-n98"/>
  <a xml:id="vc-N68275" label="vchunk" ref="vc-n98" as="anc">
    <fs>
      <f name="voice" value="active"/>
      <f name="tense" value="SimPre"/>
      <f name="type" value="FVG"/>
    </fs>
  </a>
  <node xml:id="vc-n99"/>
  <a xml:id="vc-N68299" label="vchunk" ref="vc-n99" as="anc">
    <fs>
      <f name="voice" value="active"/>
      <f name="tense" value="PrePer"/>
      <f name="type" value="FVG"/>
    </fs>
  </a>
  <edge xml:id="vc-lnk99" from="vc-n60" to="penn-n532"/>
  <edge xml:id="vc-lnk98" from="vc-n59" to="penn-n523"/>
  <edge xml:id="vc-lnk97" from="vc-n58" to="penn-n521"/>
  <edge xml:id="vc-lnk96" from="vc-n58" to="penn-n520"/>
  <edge xml:id="vc-lnk95" from="vc-n57" to="penn-n519"/>
  <edge xml:id="vc-lnk94" from="vc-n56" to="penn-n504"/>
  <edge xml:id="vc-lnk93" from="vc-n55" to="penn-n499"/>
  <edge xml:id="vc-lnk92" from="vc-n54" to="penn-n486"/>
  <edge xml:id="vc-lnk129" from="vc-n81" to="penn-n681"/>
  <edge xml:id="vc-lnk91" from="vc-n54" to="penn-n485"/>
  <edge xml:id="vc-lnk128" from="vc-n80" to="penn-n670"/>
  <edge xml:id="vc-lnk90" from="vc-n53" to="penn-n474"/>
  <edge xml:id="vc-lnk127" from="vc-n79" to="penn-n668"/>
  <edge xml:id="vc-lnk126" from="vc-n79" to="penn-n667"/>
  <edge xml:id="vc-lnk125" from="vc-n78" to="penn-n666"/>
  <edge xml:id="vc-lnk124" from="vc-n77" to="penn-n640"/>
  <edge xml:id="vc-lnk123" from="vc-n76" to="penn-n637"/>
  <edge xml:id="vc-lnk122" from="vc-n75" to="penn-n631"/>
  <edge xml:id="vc-lnk121" from="vc-n74" to="penn-n621"/>
  <edge xml:id="vc-lnk120" from="vc-n73" to="penn-n615"/>
  <edge xml:id="vc-lnk89" from="vc-n53" to="penn-n473"/>
  <edge xml:id="vc-lnk88" from="vc-n52" to="penn-n466"/>
  <edge xml:id="vc-lnk87" from="vc-n51" to="penn-n457"/>
  <edge xml:id="vc-lnk86" from="vc-n50" to="penn-n438"/>
  <edge xml:id="vc-lnk85" from="vc-n50" to="penn-n437"/>
  <edge xml:id="vc-lnk84" from="vc-n49" to="penn-n436"/>
  <edge xml:id="vc-lnk83" from="vc-n49" to="penn-n435"/>
  <edge xml:id="vc-lnk82" from="vc-n48" to="penn-n418"/>
  <edge xml:id="vc-lnk119" from="vc-n72" to="penn-n612"/>
  <edge xml:id="vc-lnk81" from="vc-n48" to="penn-n417"/>
  <edge xml:id="vc-lnk118" from="vc-n72" to="penn-n611"/>
  <edge xml:id="vc-lnk80" from="vc-n47" to="penn-n411"/>
  <edge xml:id="vc-lnk117" from="vc-n71" to="penn-n610"/>
  <edge xml:id="vc-lnk116" from="vc-n70" to="penn-n605"/>
  <edge xml:id="vc-lnk115" from="vc-n70" to="penn-n604"/>
  <edge xml:id="vc-lnk114" from="vc-n69" to="penn-n598"/>
  <edge xml:id="vc-lnk113" from="vc-n69" to="penn-n597"/>
  <edge xml:id="vc-lnk112" from="vc-n68" to="penn-n590"/>
  <edge xml:id="vc-lnk111" from="vc-n67" to="penn-n588"/>
  <edge xml:id="vc-lnk110" from="vc-n66" to="penn-n582"/>
  <edge xml:id="vc-lnk79" from="vc-n46" to="penn-n403"/>
  <edge xml:id="vc-lnk78" from="vc-n45" to="penn-n399"/>
  <edge xml:id="vc-lnk77" from="vc-n44" to="penn-n394"/>
  <edge xml:id="vc-lnk76" from="vc-n44" to="penn-n393"/>
  <edge xml:id="vc-lnk75" from="vc-n43" to="penn-n390"/>
  <edge xml:id="vc-lnk74" from="vc-n43" to="penn-n389"/>
  <edge xml:id="vc-lnk73" from="vc-n42" to="penn-n385"/>
  <edge xml:id="vc-lnk72" from="vc-n41" to="penn-n379"/>
  <edge xml:id="vc-lnk109" from="vc-n65" to="penn-n567"/>
  <edge xml:id="vc-lnk71" from="vc-n40" to="penn-n370"/>
  <edge xml:id="vc-lnk108" from="vc-n65" to="penn-n566"/>
  <edge xml:id="vc-lnk70" from="vc-n40" to="penn-n369"/>
  <edge xml:id="vc-lnk107" from="vc-n65" to="penn-n565"/>
  <edge xml:id="vc-lnk106" from="vc-n64" to="penn-n560"/>
  <edge xml:id="vc-lnk105" from="vc-n63" to="penn-n549"/>
  <edge xml:id="vc-lnk104" from="vc-n63" to="penn-n548"/>
  <edge xml:id="vc-lnk103" from="vc-n63" to="penn-n547"/>
  <edge xml:id="vc-lnk102" from="vc-n62" to="penn-n537"/>
  <edge xml:id="vc-lnk101" from="vc-n61" to="penn-n534"/>
  <edge xml:id="vc-lnk100" from="vc-n61" to="penn-n533"/>
  <edge xml:id="vc-lnk69" from="vc-n39" to="penn-n368"/>
  <edge xml:id="vc-lnk68" from="vc-n38" to="penn-n363"/>
  <edge xml:id="vc-lnk67" from="vc-n37" to="penn-n352"/>
  <edge xml:id="vc-lnk66" from="vc-n36" to="penn-n349"/>
  <edge xml:id="vc-lnk65" from="vc-n35" to="penn-n348"/>
  <edge xml:id="vc-lnk64" from="vc-n35" to="penn-n347"/>
  <edge xml:id="vc-lnk63" from="vc-n34" to="penn-n338"/>
  <edge xml:id="vc-lnk62" from="vc-n34" to="penn-n337"/>
  <edge xml:id="vc-lnk61" from="vc-n33" to="penn-n336"/>
  <edge xml:id="vc-lnk60" from="vc-n32" to="penn-n330"/>
  <edge xml:id="vc-lnk59" from="vc-n32" to="penn-n329"/>
  <edge xml:id="vc-lnk58" from="vc-n31" to="penn-n316"/>
  <edge xml:id="vc-lnk57" from="vc-n30" to="penn-n303"/>
  <edge xml:id="vc-lnk56" from="vc-n30" to="penn-n302"/>
  <edge xml:id="vc-lnk55" from="vc-n30" to="penn-n301"/>
  <edge xml:id="vc-lnk54" from="vc-n29" to="penn-n293"/>
  <edge xml:id="vc-lnk53" from="vc-n29" to="penn-n292"/>
  <edge xml:id="vc-lnk52" from="vc-n28" to="penn-n289"/>
  <edge xml:id="vc-lnk51" from="vc-n27" to="penn-n287"/>
  <edge xml:id="vc-lnk50" from="vc-n26" to="penn-n270"/>
  <edge xml:id="vc-lnk49" from="vc-n26" to="penn-n269"/>
  <edge xml:id="vc-lnk48" from="vc-n25" to="penn-n265"/>
  <edge xml:id="vc-lnk47" from="vc-n25" to="penn-n264"/>
  <edge xml:id="vc-lnk46" from="vc-n25" to="penn-n263"/>
  <edge xml:id="vc-lnk45" from="vc-n24" to="penn-n262"/>
  <edge xml:id="vc-lnk44" from="vc-n24" to="penn-n261"/>
  <edge xml:id="vc-lnk43" from="vc-n24" to="penn-n260"/>
  <edge xml:id="vc-lnk42" from="vc-n23" to="penn-n248"/>
  <edge xml:id="vc-lnk41" from="vc-n23" to="penn-n247"/>
  <edge xml:id="vc-lnk40" from="vc-n22" to="penn-n246"/>
  <edge xml:id="vc-lnk39" from="vc-n22" to="penn-n245"/>
  <edge xml:id="vc-lnk38" from="vc-n21" to="penn-n240"/>
  <edge xml:id="vc-lnk37" from="vc-n21" to="penn-n239"/>
  <edge xml:id="vc-lnk36" from="vc-n20" to="penn-n237"/>
  <edge xml:id="vc-lnk35" from="vc-n20" to="penn-n236"/>
  <edge xml:id="vc-lnk34" from="vc-n19" to="penn-n229"/>
  <edge xml:id="vc-lnk33" from="vc-n18" to="penn-n219"/>
  <edge xml:id="vc-lnk32" from="vc-n17" to="penn-n215"/>
  <edge xml:id="vc-lnk31" from="vc-n17" to="penn-n214"/>
  <edge xml:id="vc-lnk30" from="vc-n16" to="penn-n209"/>
  <edge xml:id="vc-lnk180" from="vc-n113" to="penn-n994"/>
  <edge xml:id="vc-lnk29" from="vc-n15" to="penn-n206"/>
  <edge xml:id="vc-lnk28" from="vc-n15" to="penn-n205"/>
  <edge xml:id="vc-lnk27" from="vc-n15" to="penn-n204"/>
  <edge xml:id="vc-lnk26" from="vc-n14" to="penn-n194"/>
  <edge xml:id="vc-lnk25" from="vc-n14" to="penn-n193"/>
  <edge xml:id="vc-lnk24" from="vc-n14" to="penn-n192"/>
  <edge xml:id="vc-lnk23" from="vc-n13" to="penn-n158"/>
  <edge xml:id="vc-lnk22" from="vc-n13" to="penn-n157"/>
  <edge xml:id="vc-lnk21" from="vc-n12" to="penn-n156"/>
  <edge xml:id="vc-lnk20" from="vc-n12" to="penn-n155"/>
  <edge xml:id="vc-lnk179" from="vc-n112" to="penn-n984"/>
  <edge xml:id="vc-lnk178" from="vc-n111" to="penn-n970"/>
  <edge xml:id="vc-lnk177" from="vc-n111" to="penn-n969"/>
  <edge xml:id="vc-lnk176" from="vc-n111" to="penn-n968"/>
  <edge xml:id="vc-lnk175" from="vc-n110" to="penn-n955"/>
  <edge xml:id="vc-lnk174" from="vc-n110" to="penn-n954"/>
  <edge xml:id="vc-lnk173" from="vc-n109" to="penn-n949"/>
  <edge xml:id="vc-lnk172" from="vc-n109" to="penn-n948"/>
  <edge xml:id="vc-lnk171" from="vc-n109" to="penn-n947"/>
  <edge xml:id="vc-lnk170" from="vc-n108" to="penn-n945"/>
  <edge xml:id="vc-lnk19" from="vc-n11" to="penn-n147"/>
  <edge xml:id="vc-lnk18" from="vc-n11" to="penn-n146"/>
  <edge xml:id="vc-lnk17" from="vc-n10" to="penn-n141"/>
  <edge xml:id="vc-lnk16" from="vc-n10" to="penn-n140"/>
  <edge xml:id="vc-lnk15" from="vc-n9" to="penn-n134"/>
  <edge xml:id="vc-lnk14" from="vc-n9" to="penn-n133"/>
  <edge xml:id="vc-lnk13" from="vc-n8" to="penn-n111"/>
  <edge xml:id="vc-lnk12" from="vc-n7" to="penn-n101"/>
  <edge xml:id="vc-lnk11" from="vc-n7" to="penn-n100"/>
  <edge xml:id="vc-lnk10" from="vc-n6" to="penn-n89"/>
  <edge xml:id="vc-lnk169" from="vc-n107" to="penn-n937"/>
  <edge xml:id="vc-lnk168" from="vc-n106" to="penn-n925"/>
  <edge xml:id="vc-lnk167" from="vc-n106" to="penn-n924"/>
  <edge xml:id="vc-lnk166" from="vc-n106" to="penn-n923"/>
  <edge xml:id="vc-lnk165" from="vc-n105" to="penn-n919"/>
  <edge xml:id="vc-lnk164" from="vc-n105" to="penn-n918"/>
  <edge xml:id="vc-lnk9" from="vc-n5" to="penn-n85"/>
  <edge xml:id="vc-lnk163" from="vc-n104" to="penn-n917"/>
  <edge xml:id="vc-lnk8" from="vc-n5" to="penn-n84"/>
  <edge xml:id="vc-lnk162" from="vc-n104" to="penn-n916"/>
  <edge xml:id="vc-lnk7" from="vc-n4" to="penn-n73"/>
  <edge xml:id="vc-lnk161" from="vc-n103" to="penn-n906"/>
  <edge xml:id="vc-lnk6" from="vc-n3" to="penn-n63"/>
  <edge xml:id="vc-lnk160" from="vc-n103" to="penn-n905"/>
  <edge xml:id="vc-lnk5" from="vc-n2" to="penn-n51"/>
  <edge xml:id="vc-lnk4" from="vc-n2" to="penn-n50"/>
  <edge xml:id="vc-lnk3" from="vc-n2" to="penn-n49"/>
  <edge xml:id="vc-lnk2" from="vc-n1" to="penn-n33"/>
  <edge xml:id="vc-lnk1" from="vc-n1" to="penn-n32"/>
  <edge xml:id="vc-lnk0" from="vc-n0" to="penn-n24"/>
  <edge xml:id="vc-lnk159" from="vc-n102" to="penn-n904"/>
  <edge xml:id="vc-lnk158" from="vc-n101" to="penn-n898"/>
  <edge xml:id="vc-lnk157" from="vc-n100" to="penn-n895"/>
  <edge xml:id="vc-lnk156" from="vc-n99" to="penn-n889"/>
  <edge xml:id="vc-lnk155" from="vc-n99" to="penn-n888"/>
  <edge xml:id="vc-lnk154" from="vc-n98" to="penn-n882"/>
  <edge xml:id="vc-lnk153" from="vc-n97" to="penn-n872"/>
  <edge xml:id="vc-lnk152" from="vc-n97" to="penn-n871"/>
  <edge xml:id="vc-lnk151" from="vc-n96" to="penn-n819"/>
  <edge xml:id="vc-lnk150" from="vc-n96" to="penn-n818"/>
  <edge xml:id="vc-lnk149" from="vc-n95" to="penn-n815"/>
  <edge xml:id="vc-lnk148" from="vc-n94" to="penn-n805"/>
  <edge xml:id="vc-lnk147" from="vc-n93" to="penn-n800"/>
  <edge xml:id="vc-lnk146" from="vc-n92" to="penn-n798"/>
  <edge xml:id="vc-lnk145" from="vc-n92" to="penn-n797"/>
  <edge xml:id="vc-lnk144" from="vc-n92" to="penn-n796"/>
  <edge xml:id="vc-lnk143" from="vc-n91" to="penn-n795"/>
  <edge xml:id="vc-lnk142" from="vc-n90" to="penn-n788"/>
  <edge xml:id="vc-lnk141" from="vc-n89" to="penn-n786"/>
  <edge xml:id="vc-lnk140" from="vc-n88" to="penn-n775"/>
  <edge xml:id="vc-lnk139" from="vc-n87" to="penn-n747"/>
  <edge xml:id="vc-lnk138" from="vc-n86" to="penn-n739"/>
  <edge xml:id="vc-lnk137" from="vc-n86" to="penn-n738"/>
  <edge xml:id="vc-lnk136" from="vc-n86" to="penn-n737"/>
  <edge xml:id="vc-lnk135" from="vc-n85" to="penn-n725"/>
  <edge xml:id="vc-lnk134" from="vc-n85" to="penn-n724"/>
  <edge xml:id="vc-lnk133" from="vc-n84" to="penn-n706"/>
  <edge xml:id="vc-lnk132" from="vc-n84" to="penn-n705"/>
  <edge xml:id="vc-lnk131" from="vc-n83" to="penn-n704"/>
  <edge xml:id="vc-lnk130" from="vc-n82" to="penn-n696"/>
</graph>
