<graph xmlns="http://www.xces.org/ns/GrAF/1.0/" xmlns:graf="http://www.xces.org/ns/GrAF/1.0/">
  <graphHeader>
    <labelsDecl>
      <labelUsage label="body" occurs="1"/>
      <labelUsage label="author" occurs="1"/>
      <labelUsage label="text" occurs="1"/>
      <labelUsage label="A" occurs="4"/>
      <labelUsage label="p" occurs="18"/>
      <labelUsage label="hi" occurs="5"/>
      <labelUsage label="cesDoc" occurs="1"/>
      <labelUsage label="head" occurs="5"/>
    </labelsDecl>
    <annotationSpaces>
      <annotationSpace as.id="xces"/>
    </annotationSpaces>
  </graphHeader>
  <region xml:id="logical-r0" anchors="0 5449"/>
  <node xml:id="logical-n0">
    <link targets="logical-r0"/>
  </node>
  <a xml:id="logical-N65597" label="cesDoc" ref="logical-n0" as="xces">
    <fs>
      <f name="xmlns" value="http://www.xces.org/schema/2003"/>
      <f name="version" value="1.0.4"/>
    </fs>
  </a>
  <region xml:id="logical-r1" anchors="1 5448"/>
  <node xml:id="logical-n1">
    <link targets="logical-r1"/>
  </node>
  <a xml:id="logical-N65625" label="text" ref="logical-n1" as="xces"/>
  <region xml:id="logical-r2" anchors="2 5447"/>
  <node xml:id="logical-n2">
    <link targets="logical-r2"/>
  </node>
  <a xml:id="logical-N65641" label="body" ref="logical-n2" as="xces"/>
  <region xml:id="logical-r3" anchors="4 65"/>
  <node xml:id="logical-n3">
    <link targets="logical-r3"/>
  </node>
  <a xml:id="logical-N65657" label="head" ref="logical-n3" as="xces">
    <fs>
      <f name="type" value="title"/>
    </fs>
  </a>
  <region xml:id="logical-r4" anchors="67 120"/>
  <node xml:id="logical-n4">
    <link targets="logical-r4"/>
  </node>
  <a xml:id="logical-N65681" label="p" ref="logical-n4" as="xces"/>
  <region xml:id="logical-r5" anchors="71 89"/>
  <node xml:id="logical-n5">
    <link targets="logical-r5"/>
  </node>
  <a xml:id="logical-N65697" label="author" ref="logical-n5" as="xces"/>
  <region xml:id="logical-r6" anchors="122 234"/>
  <node xml:id="logical-n6">
    <link targets="logical-r6"/>
  </node>
  <a xml:id="logical-N65713" label="p" ref="logical-n6" as="xces"/>
  <region xml:id="logical-r7" anchors="238 270"/>
  <node xml:id="logical-n7">
    <link targets="logical-r7"/>
  </node>
  <a xml:id="logical-N65729" label="head" ref="logical-n7" as="xces"/>
  <region xml:id="logical-r8" anchors="239 249"/>
  <node xml:id="logical-n8">
    <link targets="logical-r8"/>
  </node>
  <a xml:id="logical-N65745" label="hi" ref="logical-n8" as="xces">
    <fs>
      <f name="rend" value="bold"/>
    </fs>
  </a>
  <region xml:id="logical-r9" anchors="272 2411"/>
  <node xml:id="logical-n9">
    <link targets="logical-r9"/>
  </node>
  <a xml:id="logical-N65769" label="p" ref="logical-n9" as="xces"/>
  <region xml:id="logical-r10" anchors="2413 2431"/>
  <node xml:id="logical-n10">
    <link targets="logical-r10"/>
  </node>
  <a xml:id="logical-N65785" label="head" ref="logical-n10" as="xces"/>
  <region xml:id="logical-r11" anchors="2433 2827"/>
  <node xml:id="logical-n11">
    <link targets="logical-r11"/>
  </node>
  <a xml:id="logical-N65801" label="p" ref="logical-n11" as="xces"/>
  <region xml:id="logical-r12" anchors="2830 2852"/>
  <node xml:id="logical-n12">
    <link targets="logical-r12"/>
  </node>
  <a xml:id="logical-N65817" label="head" ref="logical-n12" as="xces"/>
  <region xml:id="logical-r13" anchors="2853 3014"/>
  <node xml:id="logical-n13">
    <link targets="logical-r13"/>
  </node>
  <a xml:id="logical-N65833" label="p" ref="logical-n13" as="xces"/>
  <region xml:id="logical-r14" anchors="3015 3285"/>
  <node xml:id="logical-n14">
    <link targets="logical-r14"/>
  </node>
  <a xml:id="logical-N65849" label="p" ref="logical-n14" as="xces"/>
  <region xml:id="logical-r15" anchors="3286 4029"/>
  <node xml:id="logical-n15">
    <link targets="logical-r15"/>
  </node>
  <a xml:id="logical-N65865" label="p" ref="logical-n15" as="xces"/>
  <region xml:id="logical-r16" anchors="4030 4280"/>
  <node xml:id="logical-n16">
    <link targets="logical-r16"/>
  </node>
  <a xml:id="logical-N65881" label="p" ref="logical-n16" as="xces"/>
  <region xml:id="logical-r17" anchors="4281 4510"/>
  <node xml:id="logical-n17">
    <link targets="logical-r17"/>
  </node>
  <a xml:id="logical-N65897" label="p" ref="logical-n17" as="xces"/>
  <region xml:id="logical-r18" anchors="4282 4370"/>
  <node xml:id="logical-n18">
    <link targets="logical-r18"/>
  </node>
  <a xml:id="logical-N65913" label="hi" ref="logical-n18" as="xces">
    <fs>
      <f name="rend" value="bold"/>
    </fs>
  </a>
  <region xml:id="logical-r19" anchors="4511 4551"/>
  <node xml:id="logical-n19">
    <link targets="logical-r19"/>
  </node>
  <a xml:id="logical-N65937" label="p" ref="logical-n19" as="xces"/>
  <region xml:id="logical-r20" anchors="4513 4550"/>
  <node xml:id="logical-n20">
    <link targets="logical-r20"/>
  </node>
  <a xml:id="logical-N65953" label="A" ref="logical-n20" as="xces">
    <fs>
      <f name="HREF" value="http://patriot.net/users/bmcgin/terroristsoffendallah.txt"/>
    </fs>
  </a>
  <region xml:id="logical-r21" anchors="4552 4621"/>
  <node xml:id="logical-n21">
    <link targets="logical-r21"/>
  </node>
  <a xml:id="logical-N65977" label="p" ref="logical-n21" as="xces"/>
  <region xml:id="logical-r22" anchors="4553 4620"/>
  <node xml:id="logical-n22">
    <link targets="logical-r22"/>
  </node>
  <a xml:id="logical-N65993" label="A" ref="logical-n22" as="xces">
    <fs>
      <f name="HREF" value="http://patriot.net/users/bmcgin/terroristmurderers1.html"/>
    </fs>
  </a>
  <region xml:id="logical-r23" anchors="4622 4695"/>
  <node xml:id="logical-n23">
    <link targets="logical-r23"/>
  </node>
  <a xml:id="logical-N66017" label="p" ref="logical-n23" as="xces"/>
  <region xml:id="logical-r24" anchors="4623 4694"/>
  <node xml:id="logical-n24">
    <link targets="logical-r24"/>
  </node>
  <a xml:id="logical-N66033" label="A" ref="logical-n24" as="xces">
    <fs>
      <f name="HREF" value="http://patriot.net/users/bmcgin/quranforbidsterrorism.html"/>
    </fs>
  </a>
  <region xml:id="logical-r25" anchors="4696 4870"/>
  <node xml:id="logical-n25">
    <link targets="logical-r25"/>
  </node>
  <a xml:id="logical-N66057" label="p" ref="logical-n25" as="xces"/>
  <region xml:id="logical-r26" anchors="4697 4783"/>
  <node xml:id="logical-n26">
    <link targets="logical-r26"/>
  </node>
  <a xml:id="logical-N66073" label="hi" ref="logical-n26" as="xces">
    <fs>
      <f name="rend" value="bold"/>
    </fs>
  </a>
  <region xml:id="logical-r27" anchors="4871 5157"/>
  <node xml:id="logical-n27">
    <link targets="logical-r27"/>
  </node>
  <a xml:id="logical-N66097" label="p" ref="logical-n27" as="xces"/>
  <region xml:id="logical-r28" anchors="5159 5170"/>
  <node xml:id="logical-n28">
    <link targets="logical-r28"/>
  </node>
  <a xml:id="logical-N66113" label="head" ref="logical-n28" as="xces"/>
  <region xml:id="logical-r29" anchors="5171 5313"/>
  <node xml:id="logical-n29">
    <link targets="logical-r29"/>
  </node>
  <a xml:id="logical-N66129" label="p" ref="logical-n29" as="xces"/>
  <region xml:id="logical-r30" anchors="5172 5310"/>
  <node xml:id="logical-n30">
    <link targets="logical-r30"/>
  </node>
  <a xml:id="logical-N66145" label="hi" ref="logical-n30" as="xces">
    <fs>
      <f name="rend" value="bold"/>
    </fs>
  </a>
  <region xml:id="logical-r31" anchors="5255 5308"/>
  <node xml:id="logical-n31">
    <link targets="logical-r31"/>
  </node>
  <a xml:id="logical-N66169" label="A" ref="logical-n31" as="xces">
    <fs>
      <f name="HREF" value="http://www.loveallpeople.org/defeatingterrorism.html"/>
    </fs>
  </a>
  <region xml:id="logical-r32" anchors="5314 5354"/>
  <node xml:id="logical-n32">
    <link targets="logical-r32"/>
  </node>
  <a xml:id="logical-N66193" label="p" ref="logical-n32" as="xces"/>
  <region xml:id="logical-r33" anchors="5355 5396"/>
  <node xml:id="logical-n33">
    <link targets="logical-r33"/>
  </node>
  <a xml:id="logical-N66209" label="p" ref="logical-n33" as="xces"/>
  <region xml:id="logical-r34" anchors="5356 5395"/>
  <node xml:id="logical-n34">
    <link targets="logical-r34"/>
  </node>
  <a xml:id="logical-N66225" label="hi" ref="logical-n34" as="xces">
    <fs>
      <f name="rend" value="bold"/>
    </fs>
  </a>
  <region xml:id="logical-r35" anchors="5397 5446"/>
  <node xml:id="logical-n35">
    <link targets="logical-r35"/>
  </node>
  <a xml:id="logical-N66249" label="p" ref="logical-n35" as="xces"/>
</graph>
