<?xml version="1.0" encoding="UTF-8"?><graph xmlns="http://www.xces.org/ns/GrAF/1.0/" xmlns:graf="http://www.xces.org/ns/GrAF/1.0/">
    <graphHeader>
        <labelsDecl>
            <labelUsage label="Head" occurs="1"/>
            <labelUsage label="s" occurs="43"/>
            <labelUsage label="q" occurs="1"/>
        </labelsDecl>
        <annotationSpaces>
            <annotationSpace as.id="anc"/>
        </annotationSpaces>
    </graphHeader>
    <region xml:id="s-r0" anchors="21 96"/>
    <node xml:id="s-n0">
        <link targets="s-r0"/>
    </node>
    <a xml:id="s-N65577" label="Head" ref="s-n0" as="anc"/>
    <region xml:id="s-r1" anchors="107 150"/>
    <node xml:id="s-n1">
        <link targets="s-r1"/>
    </node>
    <a xml:id="s-N65593" label="s" ref="s-n1" as="anc"/>
    <region xml:id="s-r2" anchors="152 423"/>
    <node xml:id="s-n2">
        <link targets="s-r2"/>
    </node>
    <a xml:id="s-N65609" label="s" ref="s-n2" as="anc"/>
    <region xml:id="s-r3" anchors="424 627"/>
    <node xml:id="s-n3">
        <link targets="s-r3"/>
    </node>
    <a xml:id="s-N65625" label="s" ref="s-n3" as="anc"/>
    <region xml:id="s-r4" anchors="629 672"/>
    <node xml:id="s-n4">
        <link targets="s-r4"/>
    </node>
    <a xml:id="s-N65641" label="s" ref="s-n4" as="anc"/>
    <region xml:id="s-r5" anchors="674 948"/>
    <node xml:id="s-n5">
        <link targets="s-r5"/>
    </node>
    <a xml:id="s-N65657" label="s" ref="s-n5" as="anc"/>
    <region xml:id="s-r6" anchors="949 1071"/>
    <node xml:id="s-n6">
        <link targets="s-r6"/>
    </node>
    <a xml:id="s-N65673" label="s" ref="s-n6" as="anc"/>
    <region xml:id="s-r7" anchors="1072 1172"/>
    <node xml:id="s-n7">
        <link targets="s-r7"/>
    </node>
    <a xml:id="s-N65689" label="s" ref="s-n7" as="anc"/>
    <region xml:id="s-r8" anchors="1174 1240"/>
    <node xml:id="s-n8">
        <link targets="s-r8"/>
    </node>
    <a xml:id="s-N65705" label="s" ref="s-n8" as="anc"/>
    <region xml:id="s-r9" anchors="1188 1202"/>
    <node xml:id="s-n9">
        <link targets="s-r9"/>
    </node>
    <a xml:id="s-N65721" label="q" ref="s-n9" as="anc"/>
    <region xml:id="s-r10" anchors="1241 1572"/>
    <node xml:id="s-n10">
        <link targets="s-r10"/>
    </node>
    <a xml:id="s-N65737" label="s" ref="s-n10" as="anc"/>
    <region xml:id="s-r11" anchors="1573 1737"/>
    <node xml:id="s-n11">
        <link targets="s-r11"/>
    </node>
    <a xml:id="s-N65753" label="s" ref="s-n11" as="anc"/>
    <region xml:id="s-r12" anchors="1738 1817"/>
    <node xml:id="s-n12">
        <link targets="s-r12"/>
    </node>
    <a xml:id="s-N65769" label="s" ref="s-n12" as="anc"/>
    <region xml:id="s-r13" anchors="1818 1972"/>
    <node xml:id="s-n13">
        <link targets="s-r13"/>
    </node>
    <a xml:id="s-N65785" label="s" ref="s-n13" as="anc"/>
    <region xml:id="s-r14" anchors="1973 2050"/>
    <node xml:id="s-n14">
        <link targets="s-r14"/>
    </node>
    <a xml:id="s-N65801" label="s" ref="s-n14" as="anc"/>
    <region xml:id="s-r15" anchors="2052 2190"/>
    <node xml:id="s-n15">
        <link targets="s-r15"/>
    </node>
    <a xml:id="s-N65817" label="s" ref="s-n15" as="anc"/>
    <region xml:id="s-r16" anchors="2191 2524"/>
    <node xml:id="s-n16">
        <link targets="s-r16"/>
    </node>
    <a xml:id="s-N65833" label="s" ref="s-n16" as="anc"/>
    <region xml:id="s-r17" anchors="2526 2537"/>
    <node xml:id="s-n17">
        <link targets="s-r17"/>
    </node>
    <a xml:id="s-N65849" label="s" ref="s-n17" as="anc"/>
    <region xml:id="s-r18" anchors="2539 2669"/>
    <node xml:id="s-n18">
        <link targets="s-r18"/>
    </node>
    <a xml:id="s-N65865" label="s" ref="s-n18" as="anc"/>
    <region xml:id="s-r19" anchors="2670 2844"/>
    <node xml:id="s-n19">
        <link targets="s-r19"/>
    </node>
    <a xml:id="s-N65881" label="s" ref="s-n19" as="anc"/>
    <region xml:id="s-r20" anchors="2845 3042"/>
    <node xml:id="s-n20">
        <link targets="s-r20"/>
    </node>
    <a xml:id="s-N65897" label="s" ref="s-n20" as="anc"/>
    <region xml:id="s-r21" anchors="3044 3189"/>
    <node xml:id="s-n21">
        <link targets="s-r21"/>
    </node>
    <a xml:id="s-N65913" label="s" ref="s-n21" as="anc"/>
    <region xml:id="s-r22" anchors="3190 3411"/>
    <node xml:id="s-n22">
        <link targets="s-r22"/>
    </node>
    <a xml:id="s-N65929" label="s" ref="s-n22" as="anc"/>
    <region xml:id="s-r23" anchors="3412 3655"/>
    <node xml:id="s-n23">
        <link targets="s-r23"/>
    </node>
    <a xml:id="s-N65945" label="s" ref="s-n23" as="anc"/>
    <region xml:id="s-r24" anchors="3656 3680"/>
    <node xml:id="s-n24">
        <link targets="s-r24"/>
    </node>
    <a xml:id="s-N65961" label="s" ref="s-n24" as="anc"/>
    <region xml:id="s-r25" anchors="3681 3741"/>
    <node xml:id="s-n25">
        <link targets="s-r25"/>
    </node>
    <a xml:id="s-N65977" label="s" ref="s-n25" as="anc"/>
    <region xml:id="s-r26" anchors="3742 3818"/>
    <node xml:id="s-n26">
        <link targets="s-r26"/>
    </node>
    <a xml:id="s-N65993" label="s" ref="s-n26" as="anc"/>
    <region xml:id="s-r27" anchors="3820 3916"/>
    <node xml:id="s-n27">
        <link targets="s-r27"/>
    </node>
    <a xml:id="s-N66009" label="s" ref="s-n27" as="anc"/>
    <region xml:id="s-r28" anchors="3917 3971"/>
    <node xml:id="s-n28">
        <link targets="s-r28"/>
    </node>
    <a xml:id="s-N66025" label="s" ref="s-n28" as="anc"/>
    <region xml:id="s-r29" anchors="3972 4362"/>
    <node xml:id="s-n29">
        <link targets="s-r29"/>
    </node>
    <a xml:id="s-N66041" label="s" ref="s-n29" as="anc"/>
    <region xml:id="s-r30" anchors="4363 4517"/>
    <node xml:id="s-n30">
        <link targets="s-r30"/>
    </node>
    <a xml:id="s-N66057" label="s" ref="s-n30" as="anc"/>
    <region xml:id="s-r31" anchors="4519 4560"/>
    <node xml:id="s-n31">
        <link targets="s-r31"/>
    </node>
    <a xml:id="s-N66073" label="s" ref="s-n31" as="anc"/>
    <region xml:id="s-r32" anchors="4562 4750"/>
    <node xml:id="s-n32">
        <link targets="s-r32"/>
    </node>
    <a xml:id="s-N66089" label="s" ref="s-n32" as="anc"/>
    <region xml:id="s-r33" anchors="4751 5009"/>
    <node xml:id="s-n33">
        <link targets="s-r33"/>
    </node>
    <a xml:id="s-N66105" label="s" ref="s-n33" as="anc"/>
    <region xml:id="s-r34" anchors="5010 5074"/>
    <node xml:id="s-n34">
        <link targets="s-r34"/>
    </node>
    <a xml:id="s-N66121" label="s" ref="s-n34" as="anc"/>
    <region xml:id="s-r35" anchors="5076 5174"/>
    <node xml:id="s-n35">
        <link targets="s-r35"/>
    </node>
    <a xml:id="s-N66137" label="s" ref="s-n35" as="anc"/>
    <region xml:id="s-r36" anchors="5175 5321"/>
    <node xml:id="s-n36">
        <link targets="s-r36"/>
    </node>
    <a xml:id="s-N66153" label="s" ref="s-n36" as="anc"/>
    <region xml:id="s-r37" anchors="5322 5535"/>
    <node xml:id="s-n37">
        <link targets="s-r37"/>
    </node>
    <a xml:id="s-N66169" label="s" ref="s-n37" as="anc"/>
    <region xml:id="s-r38" anchors="5537 5788"/>
    <node xml:id="s-n38">
        <link targets="s-r38"/>
    </node>
    <a xml:id="s-N66185" label="s" ref="s-n38" as="anc"/>
    <region xml:id="s-r39" anchors="5789 5999"/>
    <node xml:id="s-n39">
        <link targets="s-r39"/>
    </node>
    <a xml:id="s-N66201" label="s" ref="s-n39" as="anc"/>
    <region xml:id="s-r40" anchors="6001 6011"/>
    <node xml:id="s-n40">
        <link targets="s-r40"/>
    </node>
    <a xml:id="s-N66217" label="s" ref="s-n40" as="anc"/>
    <region xml:id="s-r41" anchors="6022 6060"/>
    <node xml:id="s-n41">
        <link targets="s-r41"/>
    </node>
    <a xml:id="s-N66233" label="s" ref="s-n41" as="anc"/>
    <region xml:id="s-r42" anchors="6061 6099"/>
    <node xml:id="s-n42">
        <link targets="s-r42"/>
    </node>
    <a xml:id="s-N66249" label="s" ref="s-n42" as="anc"/>
    <region xml:id="s-r43" anchors="6100 6175"/>
    <node xml:id="s-n43">
        <link targets="s-r43"/>
    </node>
    <a xml:id="s-N66265" label="s" ref="s-n43" as="anc"/>
    <region xml:id="s-r44" anchors="6176 6226"/>
    <node xml:id="s-n44">
        <link targets="s-r44"/>
    </node>
    <a xml:id="s-N66281" label="s" ref="s-n44" as="anc"/>
</graph>
