<graph xmlns="http://www.xces.org/ns/GrAF/1.0/" xmlns:graf="http://www.xces.org/ns/GrAF/1.0/">
  <graphHeader>
    <labelsDecl>
      <labelUsage label="person" occurs="6"/>
      <labelUsage label="location" occurs="6"/>
      <labelUsage label="org" occurs="1"/>
      <labelUsage label="date" occurs="31"/>
    </labelsDecl>
    <dependencies>
      <dependsOn f.id="f.penn"/>
    </dependencies>
    <annotationSpaces>
      <annotationSpace as.id="anc"/>
    </annotationSpaces>
  </graphHeader>
  <node xml:id="ne-n0"/>
  <a xml:id="ne-N65579" label="date" ref="ne-n0" as="anc">
    <fs>
      <f name="kind" value="date"/>
      <f name="id" value="9001"/>
    </fs>
  </a>
  <node xml:id="ne-n1"/>
  <a xml:id="ne-N65599" label="location" ref="ne-n1" as="anc">
    <fs>
      <f name="id" value="1647"/>
      <f name="person" value="third"/>
      <f name="case" value="objective"/>
      <f name="number" value="singular"/>
      <f name="type" value="country"/>
    </fs>
  </a>
  <node xml:id="ne-n10"/>
  <a xml:id="ne-N65631" label="location" ref="ne-n10" as="anc">
    <fs>
      <f name="id" value="1654"/>
      <f name="person" value="third"/>
      <f name="case" value="objective"/>
      <f name="number" value="singular"/>
      <f name="type" value="country"/>
    </fs>
  </a>
  <node xml:id="ne-n11"/>
  <a xml:id="ne-N65663" label="date" ref="ne-n11" as="anc">
    <fs>
      <f name="kind" value="duration"/>
      <f name="id" value="331383"/>
    </fs>
  </a>
  <node xml:id="ne-n12"/>
  <a xml:id="ne-N65683" label="date" ref="ne-n12" as="anc">
    <fs>
      <f name="kind" value="time"/>
      <f name="id" value="991384"/>
    </fs>
  </a>
  <node xml:id="ne-n13"/>
  <a xml:id="ne-N65703" label="date" ref="ne-n13" as="anc">
    <fs>
      <f name="kind" value="time"/>
      <f name="id" value="991396"/>
    </fs>
  </a>
  <node xml:id="ne-n14"/>
  <a xml:id="ne-N65723" label="date" ref="ne-n14" as="anc">
    <fs>
      <f name="kind" value="time"/>
      <f name="id" value="331398"/>
    </fs>
  </a>
  <node xml:id="ne-n15"/>
  <a xml:id="ne-N65743" label="date" ref="ne-n15" as="anc">
    <fs>
      <f name="kind" value="time"/>
      <f name="id" value="9006"/>
    </fs>
  </a>
  <node xml:id="ne-n16"/>
  <a xml:id="ne-N65763" label="date" ref="ne-n16" as="anc">
    <fs>
      <f name="kind" value="time"/>
      <f name="id" value="991409"/>
    </fs>
  </a>
  <node xml:id="ne-n17"/>
  <a xml:id="ne-N65783" label="person" ref="ne-n17" as="anc">
    <fs>
      <f name="id" value="1657"/>
      <f name="case" value="nominative"/>
      <f name="number" value="singular"/>
      <f name="person" value="third"/>
      <f name="sex" value="male"/>
    </fs>
  </a>
  <node xml:id="ne-n18"/>
  <a xml:id="ne-N65815" label="date" ref="ne-n18" as="anc">
    <fs>
      <f name="kind" value="time"/>
      <f name="id" value="9010"/>
    </fs>
  </a>
  <node xml:id="ne-n19"/>
  <a xml:id="ne-N65835" label="date" ref="ne-n19" as="anc">
    <fs>
      <f name="kind" value="time"/>
      <f name="id" value="9110"/>
    </fs>
  </a>
  <node xml:id="ne-n2"/>
  <a xml:id="ne-N65855" label="location" ref="ne-n2" as="anc">
    <fs>
      <f name="type" value="country"/>
      <f name="number" value="singular"/>
      <f name="case" value="objective"/>
      <f name="person" value="third"/>
      <f name="id" value="1648"/>
    </fs>
  </a>
  <node xml:id="ne-n20"/>
  <a xml:id="ne-N65887" label="date" ref="ne-n20" as="anc">
    <fs>
      <f name="kind" value="time"/>
      <f name="id" value="9111"/>
    </fs>
  </a>
  <node xml:id="ne-n21"/>
  <a xml:id="ne-N65907" label="person" ref="ne-n21" as="anc">
    <fs>
      <f name="id" value="1658"/>
      <f name="number" value="singular"/>
      <f name="sex" value="male"/>
      <f name="case" value="nominative"/>
      <f name="person" value="third"/>
    </fs>
  </a>
  <node xml:id="ne-n22"/>
  <a xml:id="ne-N65939" label="date" ref="ne-n22" as="anc">
    <fs>
      <f name="kind" value="time"/>
      <f name="id" value="331443"/>
    </fs>
  </a>
  <node xml:id="ne-n23"/>
  <a xml:id="ne-N65959" label="date" ref="ne-n23" as="anc">
    <fs>
      <f name="kind" value="duration"/>
      <f name="id" value="331469"/>
    </fs>
  </a>
  <node xml:id="ne-n24"/>
  <a xml:id="ne-N65979" label="date" ref="ne-n24" as="anc">
    <fs>
      <f name="kind" value="duration"/>
      <f name="id" value="331470"/>
    </fs>
  </a>
  <node xml:id="ne-n25"/>
  <a xml:id="ne-N65999" label="date" ref="ne-n25" as="anc">
    <fs>
      <f name="kind" value="time"/>
      <f name="id" value="991473"/>
    </fs>
  </a>
  <node xml:id="ne-n26"/>
  <a xml:id="ne-N66019" label="date" ref="ne-n26" as="anc">
    <fs>
      <f name="kind" value="time"/>
      <f name="id" value="991478"/>
    </fs>
  </a>
  <node xml:id="ne-n27"/>
  <a xml:id="ne-N66039" label="date" ref="ne-n27" as="anc">
    <fs>
      <f name="kind" value="time"/>
      <f name="id" value="9021"/>
    </fs>
  </a>
  <node xml:id="ne-n28"/>
  <a xml:id="ne-N66059" label="date" ref="ne-n28" as="anc">
    <fs>
      <f name="kind" value="time"/>
      <f name="id" value="9022"/>
    </fs>
  </a>
  <node xml:id="ne-n29"/>
  <a xml:id="ne-N66079" label="date" ref="ne-n29" as="anc">
    <fs>
      <f name="kind" value="time"/>
      <f name="id" value="9023"/>
    </fs>
  </a>
  <node xml:id="ne-n3"/>
  <a xml:id="ne-N66099" label="date" ref="ne-n3" as="anc">
    <fs>
      <f name="kind" value="duration"/>
      <f name="id" value="331341"/>
    </fs>
  </a>
  <node xml:id="ne-n30"/>
  <a xml:id="ne-N66119" label="date" ref="ne-n30" as="anc">
    <fs>
      <f name="kind" value="time"/>
      <f name="id" value="9024"/>
    </fs>
  </a>
  <node xml:id="ne-n31"/>
  <a xml:id="ne-N66139" label="date" ref="ne-n31" as="anc">
    <fs>
      <f name="kind" value="time"/>
      <f name="id" value="9995"/>
    </fs>
  </a>
  <node xml:id="ne-n32"/>
  <a xml:id="ne-N66159" label="date" ref="ne-n32" as="anc">
    <fs>
      <f name="kind" value="date"/>
      <f name="id" value="331538"/>
    </fs>
  </a>
  <node xml:id="ne-n33"/>
  <a xml:id="ne-N66179" label="date" ref="ne-n33" as="anc">
    <fs>
      <f name="kind" value="date"/>
      <f name="id" value="331540"/>
    </fs>
  </a>
  <node xml:id="ne-n34"/>
  <a xml:id="ne-N66199" label="date" ref="ne-n34" as="anc">
    <fs>
      <f name="id" value="222343"/>
      <f name="kind" value="time"/>
    </fs>
  </a>
  <node xml:id="ne-n35"/>
  <a xml:id="ne-N66219" label="date" ref="ne-n35" as="anc">
    <fs>
      <f name="kind" value="time"/>
      <f name="id" value="9026"/>
    </fs>
  </a>
  <node xml:id="ne-n36"/>
  <a xml:id="ne-N66239" label="date" ref="ne-n36" as="anc">
    <fs>
      <f name="kind" value="time"/>
      <f name="id" value="9028"/>
    </fs>
  </a>
  <node xml:id="ne-n37"/>
  <a xml:id="ne-N66259" label="date" ref="ne-n37" as="anc">
    <fs>
      <f name="kind" value="duration"/>
      <f name="id" value="331634"/>
    </fs>
  </a>
  <node xml:id="ne-n38"/>
  <a xml:id="ne-N66279" label="date" ref="ne-n38" as="anc">
    <fs>
      <f name="kind" value="time"/>
      <f name="id" value="9997"/>
    </fs>
  </a>
  <node xml:id="ne-n39"/>
  <a xml:id="ne-N66299" label="person" ref="ne-n39" as="anc">
    <fs>
      <f name="id" value="1664"/>
      <f name="person" value="third"/>
      <f name="case" value="nominative"/>
      <f name="number" value="singular"/>
      <f name="sex" value="unknown"/>
    </fs>
  </a>
  <node xml:id="ne-n4"/>
  <a xml:id="ne-N66331" label="date" ref="ne-n4" as="anc">
    <fs>
      <f name="kind" value="dateTime"/>
      <f name="id" value="9002"/>
    </fs>
  </a>
  <node xml:id="ne-n40"/>
  <a xml:id="ne-N66351" label="person" ref="ne-n40" as="anc">
    <fs>
      <f name="id" value="1665"/>
      <f name="number" value="singular"/>
      <f name="sex" value="unknown"/>
      <f name="case" value="nominative"/>
      <f name="person" value="third"/>
    </fs>
  </a>
  <node xml:id="ne-n41"/>
  <a xml:id="ne-N66383" label="person" ref="ne-n41" as="anc">
    <fs>
      <f name="id" value="1666"/>
      <f name="person" value="third"/>
      <f name="case" value="nominative"/>
      <f name="number" value="singular"/>
      <f name="sex" value="unknown"/>
    </fs>
  </a>
  <node xml:id="ne-n42"/>
  <a xml:id="ne-N66415" label="org" ref="ne-n42" as="anc">
    <fs>
      <f name="id" value="1667"/>
      <f name="type" value="newspaper/media"/>
      <f name="number" value="singular"/>
      <f name="case" value="objective"/>
      <f name="person" value="third"/>
    </fs>
  </a>
  <node xml:id="ne-n43"/>
  <a xml:id="ne-N66447" label="person" ref="ne-n43" as="anc">
    <fs>
      <f name="sex" value="unknown"/>
      <f name="number" value="singular"/>
      <f name="case" value="objective"/>
      <f name="id" value="1668"/>
      <f name="person" value="third"/>
      <f name="type" value="company"/>
    </fs>
  </a>
  <node xml:id="ne-n5"/>
  <a xml:id="ne-N66483" label="location" ref="ne-n5" as="anc">
    <fs>
      <f name="id" value="1650"/>
      <f name="person" value="third"/>
      <f name="case" value="objective"/>
      <f name="number" value="singular"/>
      <f name="type" value="city"/>
    </fs>
  </a>
  <node xml:id="ne-n6"/>
  <a xml:id="ne-N66515" label="date" ref="ne-n6" as="anc">
    <fs>
      <f name="kind" value="dateTime"/>
      <f name="id" value="9003"/>
    </fs>
  </a>
  <node xml:id="ne-n7"/>
  <a xml:id="ne-N66535" label="location" ref="ne-n7" as="anc">
    <fs>
      <f name="id" value="1652"/>
      <f name="person" value="third"/>
      <f name="case" value="objective"/>
      <f name="number" value="singular"/>
      <f name="type" value="city"/>
    </fs>
  </a>
  <node xml:id="ne-n8"/>
  <a xml:id="ne-N66567" label="location" ref="ne-n8" as="anc">
    <fs>
      <f name="type" value="province_state"/>
      <f name="number" value="singular"/>
      <f name="case" value="objective"/>
      <f name="person" value="third"/>
      <f name="id" value="1653"/>
    </fs>
  </a>
  <node xml:id="ne-n9"/>
  <a xml:id="ne-N66599" label="date" ref="ne-n9" as="anc">
    <fs>
      <f name="kind" value="duration"/>
      <f name="id" value="331368"/>
    </fs>
  </a>
  <edge xml:id="ne-lnk32" from="ne-n21" to="penn-n403"/>
  <edge xml:id="ne-lnk31" from="ne-n21" to="penn-n402"/>
  <edge xml:id="ne-lnk30" from="ne-n20" to="penn-n373"/>
  <edge xml:id="ne-lnk29" from="ne-n19" to="penn-n369"/>
  <edge xml:id="ne-lnk28" from="ne-n18" to="penn-n362"/>
  <edge xml:id="ne-lnk27" from="ne-n17" to="penn-n293"/>
  <edge xml:id="ne-lnk26" from="ne-n17" to="penn-n292"/>
  <edge xml:id="ne-lnk25" from="ne-n16" to="penn-n270"/>
  <edge xml:id="ne-lnk24" from="ne-n15" to="penn-n265"/>
  <edge xml:id="ne-lnk23" from="ne-n14" to="penn-n236"/>
  <edge xml:id="ne-lnk22" from="ne-n14" to="penn-n235"/>
  <edge xml:id="ne-lnk21" from="ne-n14" to="penn-n234"/>
  <edge xml:id="ne-lnk20" from="ne-n14" to="penn-n233"/>
  <edge xml:id="ne-lnk19" from="ne-n14" to="penn-n232"/>
  <edge xml:id="ne-lnk18" from="ne-n14" to="penn-n231"/>
  <edge xml:id="ne-lnk17" from="ne-n13" to="penn-n221"/>
  <edge xml:id="ne-lnk16" from="ne-n13" to="penn-n220"/>
  <edge xml:id="ne-lnk15" from="ne-n12" to="penn-n176"/>
  <edge xml:id="ne-lnk14" from="ne-n12" to="penn-n175"/>
  <edge xml:id="ne-lnk13" from="ne-n11" to="penn-n170"/>
  <edge xml:id="ne-lnk12" from="ne-n10" to="penn-n128"/>
  <edge xml:id="ne-lnk11" from="ne-n9" to="penn-n121"/>
  <edge xml:id="ne-lnk10" from="ne-n8" to="penn-n71"/>
  <edge xml:id="ne-lnk74" from="ne-n43" to="penn-n1234"/>
  <edge xml:id="ne-lnk73" from="ne-n42" to="penn-n1220"/>
  <edge xml:id="ne-lnk72" from="ne-n41" to="penn-n1212"/>
  <edge xml:id="ne-lnk71" from="ne-n40" to="penn-n1209"/>
  <edge xml:id="ne-lnk70" from="ne-n39" to="penn-n1207"/>
  <edge xml:id="ne-lnk9" from="ne-n7" to="penn-n38"/>
  <edge xml:id="ne-lnk8" from="ne-n6" to="penn-n33"/>
  <edge xml:id="ne-lnk7" from="ne-n6" to="penn-n32"/>
  <edge xml:id="ne-lnk6" from="ne-n5" to="penn-n30"/>
  <edge xml:id="ne-lnk5" from="ne-n4" to="penn-n28"/>
  <edge xml:id="ne-lnk4" from="ne-n4" to="penn-n27"/>
  <edge xml:id="ne-lnk3" from="ne-n3" to="penn-n22"/>
  <edge xml:id="ne-lnk2" from="ne-n2" to="penn-n19"/>
  <edge xml:id="ne-lnk1" from="ne-n1" to="penn-n17"/>
  <edge xml:id="ne-lnk0" from="ne-n0" to="penn-n8"/>
  <edge xml:id="ne-lnk69" from="ne-n38" to="penn-n1204"/>
  <edge xml:id="ne-lnk68" from="ne-n37" to="penn-n1188"/>
  <edge xml:id="ne-lnk67" from="ne-n37" to="penn-n1187"/>
  <edge xml:id="ne-lnk66" from="ne-n37" to="penn-n1186"/>
  <edge xml:id="ne-lnk65" from="ne-n37" to="penn-n1185"/>
  <edge xml:id="ne-lnk64" from="ne-n37" to="penn-n1184"/>
  <edge xml:id="ne-lnk63" from="ne-n36" to="penn-n983"/>
  <edge xml:id="ne-lnk62" from="ne-n35" to="penn-n944"/>
  <edge xml:id="ne-lnk61" from="ne-n35" to="penn-n943"/>
  <edge xml:id="ne-lnk60" from="ne-n34" to="penn-n937"/>
  <edge xml:id="ne-lnk59" from="ne-n34" to="penn-n936"/>
  <edge xml:id="ne-lnk58" from="ne-n33" to="penn-n810"/>
  <edge xml:id="ne-lnk57" from="ne-n33" to="penn-n809"/>
  <edge xml:id="ne-lnk56" from="ne-n33" to="penn-n808"/>
  <edge xml:id="ne-lnk55" from="ne-n33" to="penn-n807"/>
  <edge xml:id="ne-lnk54" from="ne-n32" to="penn-n805"/>
  <edge xml:id="ne-lnk53" from="ne-n32" to="penn-n804"/>
  <edge xml:id="ne-lnk52" from="ne-n32" to="penn-n803"/>
  <edge xml:id="ne-lnk51" from="ne-n32" to="penn-n802"/>
  <edge xml:id="ne-lnk50" from="ne-n31" to="penn-n753"/>
  <edge xml:id="ne-lnk49" from="ne-n30" to="penn-n744"/>
  <edge xml:id="ne-lnk48" from="ne-n30" to="penn-n743"/>
  <edge xml:id="ne-lnk47" from="ne-n29" to="penn-n710"/>
  <edge xml:id="ne-lnk46" from="ne-n28" to="penn-n670"/>
  <edge xml:id="ne-lnk45" from="ne-n27" to="penn-n668"/>
  <edge xml:id="ne-lnk44" from="ne-n26" to="penn-n568"/>
  <edge xml:id="ne-lnk43" from="ne-n26" to="penn-n567"/>
  <edge xml:id="ne-lnk42" from="ne-n25" to="penn-n548"/>
  <edge xml:id="ne-lnk41" from="ne-n25" to="penn-n547"/>
  <edge xml:id="ne-lnk40" from="ne-n25" to="penn-n546"/>
  <edge xml:id="ne-lnk39" from="ne-n25" to="penn-n545"/>
  <edge xml:id="ne-lnk38" from="ne-n24" to="penn-n535"/>
  <edge xml:id="ne-lnk37" from="ne-n24" to="penn-n534"/>
  <edge xml:id="ne-lnk36" from="ne-n24" to="penn-n533"/>
  <edge xml:id="ne-lnk35" from="ne-n23" to="penn-n529"/>
  <edge xml:id="ne-lnk34" from="ne-n23" to="penn-n528"/>
  <edge xml:id="ne-lnk33" from="ne-n22" to="penn-n419"/>
</graph>
