<graph xmlns="http://www.xces.org/ns/GrAF/1.0/" xmlns:graf="http://www.xces.org/ns/GrAF/1.0/">
  <graphHeader>
    <labelsDecl>
      <labelUsage label="body" occurs="1"/>
      <labelUsage label="text" occurs="1"/>
      <labelUsage label="p" occurs="13"/>
      <labelUsage label="a" occurs="5"/>
      <labelUsage label="emph" occurs="1"/>
      <labelUsage label="hi" occurs="1"/>
      <labelUsage label="cesDoc" occurs="1"/>
      <labelUsage label="head" occurs="5"/>
    </labelsDecl>
    <annotationSpaces>
      <annotationSpace as.id="xces"/>
    </annotationSpaces>
  </graphHeader>
  <region xml:id="logical-r0" anchors="0 6238"/>
  <node xml:id="logical-n0">
    <link targets="logical-r0"/>
  </node>
  <a xml:id="logical-N65597" label="cesDoc" ref="logical-n0" as="xces"/>
  <region xml:id="logical-r1" anchors="4 6237"/>
  <node xml:id="logical-n1">
    <link targets="logical-r1"/>
  </node>
  <a xml:id="logical-N65613" label="text" ref="logical-n1" as="xces"/>
  <region xml:id="logical-r2" anchors="11 6233"/>
  <node xml:id="logical-n2">
    <link targets="logical-r2"/>
  </node>
  <a xml:id="logical-N65629" label="body" ref="logical-n2" as="xces"/>
  <region xml:id="logical-r3" anchors="21 76"/>
  <node xml:id="logical-n3">
    <link targets="logical-r3"/>
  </node>
  <a xml:id="logical-N65645" label="head" ref="logical-n3" as="xces">
    <fs>
      <f name="type" value="title"/>
    </fs>
  </a>
  <region xml:id="logical-r4" anchors="86 96"/>
  <node xml:id="logical-n4">
    <link targets="logical-r4"/>
  </node>
  <a xml:id="logical-N65669" label="head" ref="logical-n4" as="xces">
    <fs>
      <f name="type" value="subtitle"/>
    </fs>
  </a>
  <region xml:id="logical-r5" anchors="107 150"/>
  <node xml:id="logical-n5">
    <link targets="logical-r5"/>
  </node>
  <a xml:id="logical-N65693" label="p" ref="logical-n5" as="xces"/>
  <region xml:id="logical-r6" anchors="152 627"/>
  <node xml:id="logical-n6">
    <link targets="logical-r6"/>
  </node>
  <a xml:id="logical-N65709" label="p" ref="logical-n6" as="xces"/>
  <region xml:id="logical-r7" anchors="190 220"/>
  <node xml:id="logical-n7">
    <link targets="logical-r7"/>
  </node>
  <a xml:id="logical-N65725" label="a" ref="logical-n7" as="xces">
    <fs>
      <f name="href" value="http://www.usa.gov/Citizen/Topics/New_Years_Resolutions.shtml"/>
      <f name="name" value="Popular New Year's Resolutions on USA.gov"/>
    </fs>
  </a>
  <region xml:id="logical-r8" anchors="500 510"/>
  <node xml:id="logical-n8">
    <link targets="logical-r8"/>
  </node>
  <a xml:id="logical-N65753" label="a" ref="logical-n8" as="xces">
    <fs>
      <f name="href" value="http://www.dorthy.com"/>
      <f name="name" value="Dorthy.com"/>
    </fs>
  </a>
  <region xml:id="logical-r9" anchors="522 552"/>
  <node xml:id="logical-n9">
    <link targets="logical-r9"/>
  </node>
  <a xml:id="logical-N65781" label="a" ref="logical-n9" as="xces">
    <fs>
      <f name="href" value="http://www.businesswire.com/portal/site/home/permalink/?ndmViewId=news_view&amp;newsId=20081229005180&amp;newsLang =en"/>
      <f name="name" value="Dorthy.com survey reveals findings around New Year's resolutions"/>
    </fs>
  </a>
  <region xml:id="logical-r10" anchors="629 672"/>
  <node xml:id="logical-n10">
    <link targets="logical-r10"/>
  </node>
  <a xml:id="logical-N65809" label="head" ref="logical-n10" as="xces">
    <fs>
      <f name="type" value="subtitle"/>
    </fs>
  </a>
  <region xml:id="logical-r11" anchors="674 1172"/>
  <node xml:id="logical-n11">
    <link targets="logical-r11"/>
  </node>
  <a xml:id="logical-N65833" label="p" ref="logical-n11" as="xces"/>
  <region xml:id="logical-r12" anchors="837 948"/>
  <node xml:id="logical-n12">
    <link targets="logical-r12"/>
  </node>
  <a xml:id="logical-N65849" label="hi" ref="logical-n12" as="xces">
    <fs>
      <f name="rend" value="italic"/>
    </fs>
  </a>
  <region xml:id="logical-r13" anchors="1092 1165"/>
  <node xml:id="logical-n13">
    <link targets="logical-r13"/>
  </node>
  <a xml:id="logical-N65873" label="a" ref="logical-n13" as="xces">
    <fs>
      <f name="href" value="http://www.bm.ust.hk/mark/staff/Anirban%20JCR-Mar%202005.pdf"/>
      <f name="name" value="Where There Is a Will, Is there a Way? Effects of Lay Theories of Self-Control on Setting and Keeping Resolutions"/>
    </fs>
  </a>
  <region xml:id="logical-r14" anchors="1174 2050"/>
  <node xml:id="logical-n14">
    <link targets="logical-r14"/>
  </node>
  <a xml:id="logical-N65901" label="p" ref="logical-n14" as="xces"/>
  <region xml:id="logical-r15" anchors="2052 2524"/>
  <node xml:id="logical-n15">
    <link targets="logical-r15"/>
  </node>
  <a xml:id="logical-N65917" label="p" ref="logical-n15" as="xces"/>
  <region xml:id="logical-r16" anchors="2526 2537"/>
  <node xml:id="logical-n16">
    <link targets="logical-r16"/>
  </node>
  <a xml:id="logical-N65933" label="head" ref="logical-n16" as="xces">
    <fs>
      <f name="type" value="subtitle"/>
    </fs>
  </a>
  <region xml:id="logical-r17" anchors="2539 3042"/>
  <node xml:id="logical-n17">
    <link targets="logical-r17"/>
  </node>
  <a xml:id="logical-N65957" label="p" ref="logical-n17" as="xces"/>
  <region xml:id="logical-r18" anchors="3044 3818"/>
  <node xml:id="logical-n18">
    <link targets="logical-r18"/>
  </node>
  <a xml:id="logical-N65973" label="p" ref="logical-n18" as="xces"/>
  <region xml:id="logical-r19" anchors="3820 4517"/>
  <node xml:id="logical-n19">
    <link targets="logical-r19"/>
  </node>
  <a xml:id="logical-N65989" label="p" ref="logical-n19" as="xces"/>
  <region xml:id="logical-r20" anchors="4519 4560"/>
  <node xml:id="logical-n20">
    <link targets="logical-r20"/>
  </node>
  <a xml:id="logical-N66005" label="head" ref="logical-n20" as="xces">
    <fs>
      <f name="type" value="subtitle"/>
    </fs>
  </a>
  <region xml:id="logical-r21" anchors="4562 5074"/>
  <node xml:id="logical-n21">
    <link targets="logical-r21"/>
  </node>
  <a xml:id="logical-N66029" label="p" ref="logical-n21" as="xces"/>
  <region xml:id="logical-r22" anchors="5076 5535"/>
  <node xml:id="logical-n22">
    <link targets="logical-r22"/>
  </node>
  <a xml:id="logical-N66045" label="p" ref="logical-n22" as="xces"/>
  <region xml:id="logical-r23" anchors="5537 5999"/>
  <node xml:id="logical-n23">
    <link targets="logical-r23"/>
  </node>
  <a xml:id="logical-N66061" label="p" ref="logical-n23" as="xces"/>
  <region xml:id="logical-r24" anchors="6001 6011"/>
  <node xml:id="logical-n24">
    <link targets="logical-r24"/>
  </node>
  <a xml:id="logical-N66077" label="p" ref="logical-n24" as="xces"/>
  <region xml:id="logical-r25" anchors="6022 6226"/>
  <node xml:id="logical-n25">
    <link targets="logical-r25"/>
  </node>
  <a xml:id="logical-N66093" label="p" ref="logical-n25" as="xces"/>
  <region xml:id="logical-r26" anchors="6176 6204"/>
  <node xml:id="logical-n26">
    <link targets="logical-r26"/>
  </node>
  <a xml:id="logical-N66109" label="emph" ref="logical-n26" as="xces"/>
  <region xml:id="logical-r27" anchors="6221 6224"/>
  <node xml:id="logical-n27">
    <link targets="logical-r27"/>
  </node>
  <a xml:id="logical-N66125" label="a" ref="logical-n27" as="xces">
    <fs>
      <f name="href" value="http://www.bm.ust.hk/mark/staff/Anirban%20JCR-Mar%202005.pdf"/>
      <f name="name" value="Where There Is a Will, Is there a Way? Effects of Lay Theories of Self-Control on Setting and Keeping Resolutions"/>
    </fs>
  </a>
</graph>
