<graph xmlns="http://www.xces.org/ns/GrAF/1.0/" xmlns:graf="http://www.xces.org/ns/GrAF/1.0/">
  <graphHeader>
    <labelsDecl>
      <labelUsage label="Head" occurs="4"/>
      <labelUsage label="s" occurs="61"/>
      <labelUsage label="q" occurs="10"/>
    </labelsDecl>
    <annotationSpaces>
      <annotationSpace as.id="anc"/>
    </annotationSpaces>
  </graphHeader>
  <region xml:id="s-r0" anchors="22 46"/>
  <node xml:id="s-n0">
    <link targets="s-r0"/>
  </node>
  <a xml:id="s-N65577" label="Head" ref="s-n0" as="anc"/>
  <region xml:id="s-r1" anchors="58 193"/>
  <node xml:id="s-n1">
    <link targets="s-r1"/>
  </node>
  <a xml:id="s-N65593" label="s" ref="s-n1" as="anc"/>
  <region xml:id="s-r2" anchors="194 229"/>
  <node xml:id="s-n2">
    <link targets="s-r2"/>
  </node>
  <a xml:id="s-N65609" label="s" ref="s-n2" as="anc"/>
  <region xml:id="s-r3" anchors="230 339"/>
  <node xml:id="s-n3">
    <link targets="s-r3"/>
  </node>
  <a xml:id="s-N65625" label="s" ref="s-n3" as="anc"/>
  <region xml:id="s-r4" anchors="340 407"/>
  <node xml:id="s-n4">
    <link targets="s-r4"/>
  </node>
  <a xml:id="s-N65641" label="s" ref="s-n4" as="anc"/>
  <region xml:id="s-r5" anchors="408 536"/>
  <node xml:id="s-n5">
    <link targets="s-r5"/>
  </node>
  <a xml:id="s-N65657" label="s" ref="s-n5" as="anc"/>
  <region xml:id="s-r6" anchors="538 569"/>
  <node xml:id="s-n6">
    <link targets="s-r6"/>
  </node>
  <a xml:id="s-N65673" label="s" ref="s-n6" as="anc"/>
  <region xml:id="s-r7" anchors="570 643"/>
  <node xml:id="s-n7">
    <link targets="s-r7"/>
  </node>
  <a xml:id="s-N65689" label="s" ref="s-n7" as="anc"/>
  <region xml:id="s-r8" anchors="644 802"/>
  <node xml:id="s-n8">
    <link targets="s-r8"/>
  </node>
  <a xml:id="s-N65705" label="s" ref="s-n8" as="anc"/>
  <region xml:id="s-r9" anchors="803 846"/>
  <node xml:id="s-n9">
    <link targets="s-r9"/>
  </node>
  <a xml:id="s-N65721" label="s" ref="s-n9" as="anc"/>
  <region xml:id="s-r10" anchors="847 1074"/>
  <node xml:id="s-n10">
    <link targets="s-r10"/>
  </node>
  <a xml:id="s-N65737" label="s" ref="s-n10" as="anc"/>
  <region xml:id="s-r11" anchors="1076 1099"/>
  <node xml:id="s-n11">
    <link targets="s-r11"/>
  </node>
  <a xml:id="s-N65753" label="Head" ref="s-n11" as="anc">
    <fs>
      <f name="type" value="subhead"/>
    </fs>
  </a>
  <region xml:id="s-r12" anchors="1101 1325"/>
  <node xml:id="s-n12">
    <link targets="s-r12"/>
  </node>
  <a xml:id="s-N65777" label="s" ref="s-n12" as="anc"/>
  <region xml:id="s-r13" anchors="1326 1390"/>
  <node xml:id="s-n13">
    <link targets="s-r13"/>
  </node>
  <a xml:id="s-N65793" label="s" ref="s-n13" as="anc"/>
  <region xml:id="s-r14" anchors="1350 1457"/>
  <node xml:id="s-n14">
    <link targets="s-r14"/>
  </node>
  <a xml:id="s-N65809" label="q" ref="s-n14" as="anc"/>
  <region xml:id="s-r15" anchors="1391 1457"/>
  <node xml:id="s-n15">
    <link targets="s-r15"/>
  </node>
  <a xml:id="s-N65825" label="s" ref="s-n15" as="anc"/>
  <region xml:id="s-r16" anchors="1458 1514"/>
  <node xml:id="s-n16">
    <link targets="s-r16"/>
  </node>
  <a xml:id="s-N65841" label="s" ref="s-n16" as="anc"/>
  <region xml:id="s-r17" anchors="1515 1621"/>
  <node xml:id="s-n17">
    <link targets="s-r17"/>
  </node>
  <a xml:id="s-N65857" label="s" ref="s-n17" as="anc"/>
  <region xml:id="s-r18" anchors="1622 1720"/>
  <node xml:id="s-n18">
    <link targets="s-r18"/>
  </node>
  <a xml:id="s-N65873" label="s" ref="s-n18" as="anc"/>
  <region xml:id="s-r19" anchors="1722 1858"/>
  <node xml:id="s-n19">
    <link targets="s-r19"/>
  </node>
  <a xml:id="s-N65889" label="s" ref="s-n19" as="anc"/>
  <region xml:id="s-r20" anchors="1859 2159"/>
  <node xml:id="s-n20">
    <link targets="s-r20"/>
  </node>
  <a xml:id="s-N65905" label="s" ref="s-n20" as="anc"/>
  <region xml:id="s-r21" anchors="2160 2249"/>
  <node xml:id="s-n21">
    <link targets="s-r21"/>
  </node>
  <a xml:id="s-N65921" label="s" ref="s-n21" as="anc"/>
  <region xml:id="s-r22" anchors="2160 2165"/>
  <node xml:id="s-n22">
    <link targets="s-r22"/>
  </node>
  <a xml:id="s-N65937" label="q" ref="s-n22" as="anc"/>
  <region xml:id="s-r23" anchors="2190 2249"/>
  <node xml:id="s-n23">
    <link targets="s-r23"/>
  </node>
  <a xml:id="s-N65953" label="q" ref="s-n23" as="anc"/>
  <region xml:id="s-r24" anchors="2251 2297"/>
  <node xml:id="s-n24">
    <link targets="s-r24"/>
  </node>
  <a xml:id="s-N65969" label="s" ref="s-n24" as="anc"/>
  <region xml:id="s-r25" anchors="2298 2336"/>
  <node xml:id="s-n25">
    <link targets="s-r25"/>
  </node>
  <a xml:id="s-N65985" label="s" ref="s-n25" as="anc"/>
  <region xml:id="s-r26" anchors="2298 2327"/>
  <node xml:id="s-n26">
    <link targets="s-r26"/>
  </node>
  <a xml:id="s-N66001" label="q" ref="s-n26" as="anc"/>
  <region xml:id="s-r28" anchors="2337 2381"/>
  <node xml:id="s-n28">
    <link targets="s-r28"/>
  </node>
  <a xml:id="s-N66017" label="q" ref="s-n28" as="anc"/>
  <region xml:id="s-r27" anchors="2337 2381"/>
  <node xml:id="s-n27">
    <link targets="s-r27"/>
  </node>
  <a xml:id="s-N66033" label="s" ref="s-n27" as="anc"/>
  <region xml:id="s-r29" anchors="2382 2476"/>
  <node xml:id="s-n29">
    <link targets="s-r29"/>
  </node>
  <a xml:id="s-N66049" label="s" ref="s-n29" as="anc"/>
  <region xml:id="s-r30" anchors="2477 2497"/>
  <node xml:id="s-n30">
    <link targets="s-r30"/>
  </node>
  <a xml:id="s-N66065" label="s" ref="s-n30" as="anc"/>
  <region xml:id="s-r31" anchors="2498 2566"/>
  <node xml:id="s-n31">
    <link targets="s-r31"/>
  </node>
  <a xml:id="s-N66081" label="s" ref="s-n31" as="anc"/>
  <region xml:id="s-r32" anchors="2568 2593"/>
  <node xml:id="s-n32">
    <link targets="s-r32"/>
  </node>
  <a xml:id="s-N66097" label="Head" ref="s-n32" as="anc">
    <fs>
      <f name="type" value="subhead"/>
    </fs>
  </a>
  <region xml:id="s-r33" anchors="2595 2682"/>
  <node xml:id="s-n33">
    <link targets="s-r33"/>
  </node>
  <a xml:id="s-N66121" label="s" ref="s-n33" as="anc"/>
  <region xml:id="s-r34" anchors="2683 2882"/>
  <node xml:id="s-n34">
    <link targets="s-r34"/>
  </node>
  <a xml:id="s-N66137" label="s" ref="s-n34" as="anc"/>
  <region xml:id="s-r35" anchors="2883 2951"/>
  <node xml:id="s-n35">
    <link targets="s-r35"/>
  </node>
  <a xml:id="s-N66153" label="s" ref="s-n35" as="anc"/>
  <region xml:id="s-r36" anchors="2883 2899"/>
  <node xml:id="s-n36">
    <link targets="s-r36"/>
  </node>
  <a xml:id="s-N66169" label="q" ref="s-n36" as="anc"/>
  <region xml:id="s-r37" anchors="2910 3153"/>
  <node xml:id="s-n37">
    <link targets="s-r37"/>
  </node>
  <a xml:id="s-N66185" label="q" ref="s-n37" as="anc"/>
  <region xml:id="s-r38" anchors="2952 3084"/>
  <node xml:id="s-n38">
    <link targets="s-r38"/>
  </node>
  <a xml:id="s-N66201" label="s" ref="s-n38" as="anc"/>
  <region xml:id="s-r39" anchors="3085 3153"/>
  <node xml:id="s-n39">
    <link targets="s-r39"/>
  </node>
  <a xml:id="s-N66217" label="s" ref="s-n39" as="anc"/>
  <region xml:id="s-r40" anchors="3154 3251"/>
  <node xml:id="s-n40">
    <link targets="s-r40"/>
  </node>
  <a xml:id="s-N66233" label="s" ref="s-n40" as="anc"/>
  <region xml:id="s-r41" anchors="3253 3333"/>
  <node xml:id="s-n41">
    <link targets="s-r41"/>
  </node>
  <a xml:id="s-N66249" label="s" ref="s-n41" as="anc"/>
  <region xml:id="s-r42" anchors="3334 3467"/>
  <node xml:id="s-n42">
    <link targets="s-r42"/>
  </node>
  <a xml:id="s-N66265" label="s" ref="s-n42" as="anc"/>
  <region xml:id="s-r43" anchors="3468 3574"/>
  <node xml:id="s-n43">
    <link targets="s-r43"/>
  </node>
  <a xml:id="s-N66281" label="s" ref="s-n43" as="anc"/>
  <region xml:id="s-r44" anchors="3575 3688"/>
  <node xml:id="s-n44">
    <link targets="s-r44"/>
  </node>
  <a xml:id="s-N66297" label="s" ref="s-n44" as="anc"/>
  <region xml:id="s-r45" anchors="3690 3772"/>
  <node xml:id="s-n45">
    <link targets="s-r45"/>
  </node>
  <a xml:id="s-N66313" label="s" ref="s-n45" as="anc"/>
  <region xml:id="s-r46" anchors="3773 3891"/>
  <node xml:id="s-n46">
    <link targets="s-r46"/>
  </node>
  <a xml:id="s-N66329" label="s" ref="s-n46" as="anc"/>
  <region xml:id="s-r47" anchors="3892 4037"/>
  <node xml:id="s-n47">
    <link targets="s-r47"/>
  </node>
  <a xml:id="s-N66345" label="s" ref="s-n47" as="anc"/>
  <region xml:id="s-r48" anchors="4038 4096"/>
  <node xml:id="s-n48">
    <link targets="s-r48"/>
  </node>
  <a xml:id="s-N66361" label="s" ref="s-n48" as="anc"/>
  <region xml:id="s-r49" anchors="4098 4134"/>
  <node xml:id="s-n49">
    <link targets="s-r49"/>
  </node>
  <a xml:id="s-N66377" label="s" ref="s-n49" as="anc"/>
  <region xml:id="s-r50" anchors="4136 4225"/>
  <node xml:id="s-n50">
    <link targets="s-r50"/>
  </node>
  <a xml:id="s-N66393" label="s" ref="s-n50" as="anc"/>
  <region xml:id="s-r51" anchors="4226 4359"/>
  <node xml:id="s-n51">
    <link targets="s-r51"/>
  </node>
  <a xml:id="s-N66409" label="s" ref="s-n51" as="anc"/>
  <region xml:id="s-r52" anchors="4360 4407"/>
  <node xml:id="s-n52">
    <link targets="s-r52"/>
  </node>
  <a xml:id="s-N66425" label="s" ref="s-n52" as="anc"/>
  <region xml:id="s-r53" anchors="4408 4424"/>
  <node xml:id="s-n53">
    <link targets="s-r53"/>
  </node>
  <a xml:id="s-N66441" label="s" ref="s-n53" as="anc"/>
  <region xml:id="s-r54" anchors="4427 4546"/>
  <node xml:id="s-n54">
    <link targets="s-r54"/>
  </node>
  <a xml:id="s-N66457" label="q" ref="s-n54" as="anc"/>
  <region xml:id="s-r55" anchors="4427 4481"/>
  <node xml:id="s-n55">
    <link targets="s-r55"/>
  </node>
  <a xml:id="s-N66473" label="s" ref="s-n55" as="anc"/>
  <region xml:id="s-r56" anchors="4482 4493"/>
  <node xml:id="s-n56">
    <link targets="s-r56"/>
  </node>
  <a xml:id="s-N66489" label="s" ref="s-n56" as="anc"/>
  <region xml:id="s-r57" anchors="4494 4546"/>
  <node xml:id="s-n57">
    <link targets="s-r57"/>
  </node>
  <a xml:id="s-N66505" label="s" ref="s-n57" as="anc"/>
  <region xml:id="s-r58" anchors="4548 4707"/>
  <node xml:id="s-n58">
    <link targets="s-r58"/>
  </node>
  <a xml:id="s-N66521" label="s" ref="s-n58" as="anc"/>
  <region xml:id="s-r59" anchors="4708 4822"/>
  <node xml:id="s-n59">
    <link targets="s-r59"/>
  </node>
  <a xml:id="s-N66537" label="s" ref="s-n59" as="anc"/>
  <region xml:id="s-r60" anchors="4823 4872"/>
  <node xml:id="s-n60">
    <link targets="s-r60"/>
  </node>
  <a xml:id="s-N66553" label="s" ref="s-n60" as="anc"/>
  <region xml:id="s-r61" anchors="4874 4930"/>
  <node xml:id="s-n61">
    <link targets="s-r61"/>
  </node>
  <a xml:id="s-N66569" label="s" ref="s-n61" as="anc"/>
  <region xml:id="s-r62" anchors="4931 5040"/>
  <node xml:id="s-n62">
    <link targets="s-r62"/>
  </node>
  <a xml:id="s-N66585" label="s" ref="s-n62" as="anc"/>
  <region xml:id="s-r63" anchors="4955 5361"/>
  <node xml:id="s-n63">
    <link targets="s-r63"/>
  </node>
  <a xml:id="s-N66601" label="q" ref="s-n63" as="anc"/>
  <region xml:id="s-r64" anchors="5041 5116"/>
  <node xml:id="s-n64">
    <link targets="s-r64"/>
  </node>
  <a xml:id="s-N66617" label="s" ref="s-n64" as="anc"/>
  <region xml:id="s-r65" anchors="5117 5234"/>
  <node xml:id="s-n65">
    <link targets="s-r65"/>
  </node>
  <a xml:id="s-N66633" label="s" ref="s-n65" as="anc"/>
  <region xml:id="s-r66" anchors="5235 5246"/>
  <node xml:id="s-n66">
    <link targets="s-r66"/>
  </node>
  <a xml:id="s-N66649" label="s" ref="s-n66" as="anc"/>
  <region xml:id="s-r67" anchors="5247 5312"/>
  <node xml:id="s-n67">
    <link targets="s-r67"/>
  </node>
  <a xml:id="s-N66665" label="s" ref="s-n67" as="anc"/>
  <region xml:id="s-r68" anchors="5313 5361"/>
  <node xml:id="s-n68">
    <link targets="s-r68"/>
  </node>
  <a xml:id="s-N66681" label="s" ref="s-n68" as="anc"/>
  <region xml:id="s-r69" anchors="5363 5373"/>
  <node xml:id="s-n69">
    <link targets="s-r69"/>
  </node>
  <a xml:id="s-N66697" label="Head" ref="s-n69" as="anc">
    <fs>
      <f name="type" value="subhead"/>
    </fs>
  </a>
  <region xml:id="s-r70" anchors="5375 5427"/>
  <node xml:id="s-n70">
    <link targets="s-r70"/>
  </node>
  <a xml:id="s-N66721" label="s" ref="s-n70" as="anc"/>
  <region xml:id="s-r71" anchors="5428 5656"/>
  <node xml:id="s-n71">
    <link targets="s-r71"/>
  </node>
  <a xml:id="s-N66737" label="s" ref="s-n71" as="anc"/>
  <region xml:id="s-r72" anchors="5657 5837"/>
  <node xml:id="s-n72">
    <link targets="s-r72"/>
  </node>
  <a xml:id="s-N66753" label="s" ref="s-n72" as="anc"/>
  <region xml:id="s-r73" anchors="5675 5682"/>
  <node xml:id="s-n73">
    <link targets="s-r73"/>
  </node>
  <a xml:id="s-N66769" label="q" ref="s-n73" as="anc"/>
  <region xml:id="s-r74" anchors="5839 5867"/>
  <node xml:id="s-n74">
    <link targets="s-r74"/>
  </node>
  <a xml:id="s-N66785" label="s" ref="s-n74" as="anc"/>
</graph>
