<graph xmlns="http://www.xces.org/ns/GrAF/1.0/" xmlns:graf="http://www.xces.org/ns/GrAF/1.0/">
  <graphHeader>
    <labelsDecl>
      <labelUsage label="vchunk" occurs="156"/>
    </labelsDecl>
    <dependencies>
      <dependsOn f.id="f.penn"/>
    </dependencies>
    <annotationSpaces>
      <annotationSpace as.id="anc"/>
    </annotationSpaces>
  </graphHeader>
  <node xml:id="vc-n0"/>
  <a xml:id="vc-N65567" label="vchunk" ref="vc-n0" as="anc">
    <fs>
      <f name="neg" value="no"/>
      <f name="tense" value="SimPas"/>
      <f name="type" value="FVG"/>
      <f name="voice" value="passive"/>
    </fs>
  </a>
  <node xml:id="vc-n1"/>
  <a xml:id="vc-N65595" label="vchunk" ref="vc-n1" as="anc">
    <fs>
      <f name="neg" value="no"/>
      <f name="tense" value="SimPre"/>
      <f name="type" value="FVG"/>
      <f name="voice" value="active"/>
    </fs>
  </a>
  <node xml:id="vc-n10"/>
  <a xml:id="vc-N65623" label="vchunk" ref="vc-n10" as="anc">
    <fs>
      <f name="voice" value="none"/>
      <f name="tense" value="Pas"/>
      <f name="type" value="PART"/>
    </fs>
  </a>
  <node xml:id="vc-n100"/>
  <a xml:id="vc-N65647" label="vchunk" ref="vc-n100" as="anc">
    <fs>
      <f name="voice" value="active"/>
      <f name="tense" value="SimPre"/>
      <f name="type" value="FVG"/>
    </fs>
  </a>
  <node xml:id="vc-n101"/>
  <a xml:id="vc-N65671" label="vchunk" ref="vc-n101" as="anc">
    <fs>
      <f name="voice" value="active"/>
      <f name="tense" value="SimPre"/>
      <f name="type" value="FVG"/>
    </fs>
  </a>
  <node xml:id="vc-n102"/>
  <a xml:id="vc-N65695" label="vchunk" ref="vc-n102" as="anc">
    <fs>
      <f name="voice" value="active"/>
      <f name="tense" value="Inf"/>
      <f name="type" value="NFVG"/>
    </fs>
  </a>
  <node xml:id="vc-n103"/>
  <a xml:id="vc-N65719" label="vchunk" ref="vc-n103" as="anc">
    <fs>
      <f name="voice" value="active"/>
      <f name="tense" value="Inf"/>
      <f name="type" value="NFVG"/>
    </fs>
  </a>
  <node xml:id="vc-n104"/>
  <a xml:id="vc-N65743" label="vchunk" ref="vc-n104" as="anc">
    <fs>
      <f name="voice" value="none"/>
      <f name="tense" value="Pas"/>
      <f name="type" value="PART"/>
    </fs>
  </a>
  <node xml:id="vc-n105"/>
  <a xml:id="vc-N65767" label="vchunk" ref="vc-n105" as="anc">
    <fs>
      <f name="voice" value="active"/>
      <f name="tense" value="SimPas"/>
      <f name="type" value="FVG"/>
    </fs>
  </a>
  <node xml:id="vc-n106"/>
  <a xml:id="vc-N65791" label="vchunk" ref="vc-n106" as="anc">
    <fs>
      <f name="neg" value="no"/>
      <f name="tense" value="SimPas"/>
      <f name="type" value="FVG"/>
      <f name="voice" value="active"/>
    </fs>
  </a>
  <node xml:id="vc-n107"/>
  <a xml:id="vc-N65819" label="vchunk" ref="vc-n107" as="anc">
    <fs>
      <f name="voice" value="active"/>
      <f name="tense" value="Pre"/>
      <f name="type" value="PART"/>
    </fs>
  </a>
  <node xml:id="vc-n108"/>
  <a xml:id="vc-N65843" label="vchunk" ref="vc-n108" as="anc">
    <fs>
      <f name="voice" value="active"/>
      <f name="tense" value="SimPas"/>
      <f name="type" value="FVG"/>
    </fs>
  </a>
  <node xml:id="vc-n109"/>
  <a xml:id="vc-N65867" label="vchunk" ref="vc-n109" as="anc">
    <fs>
      <f name="voice" value="active"/>
      <f name="tense" value="SimPre"/>
      <f name="type" value="FVG"/>
    </fs>
  </a>
  <node xml:id="vc-n11"/>
  <a xml:id="vc-N65891" label="vchunk" ref="vc-n11" as="anc">
    <fs>
      <f name="voice" value="active"/>
      <f name="tense" value="PrePer"/>
      <f name="type" value="FVG"/>
    </fs>
  </a>
  <node xml:id="vc-n110"/>
  <a xml:id="vc-N65915" label="vchunk" ref="vc-n110" as="anc">
    <fs>
      <f name="voice" value="none"/>
      <f name="tense" value="none"/>
      <f name="type" value="MODAL"/>
    </fs>
  </a>
  <node xml:id="vc-n111"/>
  <a xml:id="vc-N65939" label="vchunk" ref="vc-n111" as="anc">
    <fs>
      <f name="voice" value="active"/>
      <f name="tense" value="SimPre"/>
      <f name="type" value="FVG"/>
    </fs>
  </a>
  <node xml:id="vc-n112"/>
  <a xml:id="vc-N65963" label="vchunk" ref="vc-n112" as="anc">
    <fs>
      <f name="voice" value="active"/>
      <f name="tense" value="SimPre"/>
      <f name="type" value="FVG"/>
    </fs>
  </a>
  <node xml:id="vc-n113"/>
  <a xml:id="vc-N65987" label="vchunk" ref="vc-n113" as="anc">
    <fs>
      <f name="voice" value="active"/>
      <f name="tense" value="SimPre"/>
      <f name="type" value="FVG"/>
    </fs>
  </a>
  <node xml:id="vc-n114"/>
  <a xml:id="vc-N66011" label="vchunk" ref="vc-n114" as="anc">
    <fs>
      <f name="voice" value="none"/>
      <f name="tense" value="none"/>
      <f name="type" value="MODAL"/>
    </fs>
  </a>
  <node xml:id="vc-n115"/>
  <a xml:id="vc-N66035" label="vchunk" ref="vc-n115" as="anc">
    <fs>
      <f name="voice" value="active"/>
      <f name="tense" value="SimPre"/>
      <f name="type" value="FVG"/>
    </fs>
  </a>
  <node xml:id="vc-n116"/>
  <a xml:id="vc-N66059" label="vchunk" ref="vc-n116" as="anc">
    <fs>
      <f name="voice" value="active"/>
      <f name="tense" value="SimPas"/>
      <f name="type" value="FVG"/>
    </fs>
  </a>
  <node xml:id="vc-n117"/>
  <a xml:id="vc-N66083" label="vchunk" ref="vc-n117" as="anc">
    <fs>
      <f name="voice" value="active"/>
      <f name="tense" value="Pre"/>
      <f name="type" value="PART"/>
    </fs>
  </a>
  <node xml:id="vc-n118"/>
  <a xml:id="vc-N66107" label="vchunk" ref="vc-n118" as="anc">
    <fs>
      <f name="voice" value="none"/>
      <f name="tense" value="Pas"/>
      <f name="type" value="PART"/>
    </fs>
  </a>
  <node xml:id="vc-n119"/>
  <a xml:id="vc-N66131" label="vchunk" ref="vc-n119" as="anc">
    <fs>
      <f name="voice" value="active"/>
      <f name="tense" value="SimPre"/>
      <f name="type" value="FVG"/>
    </fs>
  </a>
  <node xml:id="vc-n12"/>
  <a xml:id="vc-N66155" label="vchunk" ref="vc-n12" as="anc">
    <fs>
      <f name="voice" value="active"/>
      <f name="tense" value="SimPre"/>
      <f name="type" value="FVG"/>
    </fs>
  </a>
  <node xml:id="vc-n120"/>
  <a xml:id="vc-N66179" label="vchunk" ref="vc-n120" as="anc">
    <fs>
      <f name="voice" value="active"/>
      <f name="tense" value="SimPre"/>
      <f name="type" value="FVG"/>
    </fs>
  </a>
  <node xml:id="vc-n121"/>
  <a xml:id="vc-N66203" label="vchunk" ref="vc-n121" as="anc">
    <fs>
      <f name="voice" value="none"/>
      <f name="tense" value="none"/>
      <f name="type" value="MODAL"/>
    </fs>
  </a>
  <node xml:id="vc-n122"/>
  <a xml:id="vc-N66227" label="vchunk" ref="vc-n122" as="anc">
    <fs>
      <f name="voice" value="none"/>
      <f name="tense" value="Pas"/>
      <f name="type" value="PART"/>
    </fs>
  </a>
  <node xml:id="vc-n123"/>
  <a xml:id="vc-N66251" label="vchunk" ref="vc-n123" as="anc">
    <fs>
      <f name="voice" value="active"/>
      <f name="tense" value="PasCon"/>
      <f name="type" value="FVG"/>
    </fs>
  </a>
  <node xml:id="vc-n124"/>
  <a xml:id="vc-N66275" label="vchunk" ref="vc-n124" as="anc">
    <fs>
      <f name="voice" value="active"/>
      <f name="tense" value="SimPas"/>
      <f name="type" value="FVG"/>
    </fs>
  </a>
  <node xml:id="vc-n125"/>
  <a xml:id="vc-N66299" label="vchunk" ref="vc-n125" as="anc">
    <fs>
      <f name="voice" value="none"/>
      <f name="tense" value="none"/>
      <f name="type" value="MODAL"/>
    </fs>
  </a>
  <node xml:id="vc-n126"/>
  <a xml:id="vc-N66323" label="vchunk" ref="vc-n126" as="anc">
    <fs>
      <f name="voice" value="active"/>
      <f name="tense" value="SimPre"/>
      <f name="type" value="FVG"/>
    </fs>
  </a>
  <node xml:id="vc-n127"/>
  <a xml:id="vc-N66347" label="vchunk" ref="vc-n127" as="anc">
    <fs>
      <f name="voice" value="none"/>
      <f name="tense" value="none"/>
      <f name="type" value="MODAL"/>
    </fs>
  </a>
  <node xml:id="vc-n128"/>
  <a xml:id="vc-N66371" label="vchunk" ref="vc-n128" as="anc">
    <fs>
      <f name="voice" value="active"/>
      <f name="tense" value="SimPre"/>
      <f name="type" value="FVG"/>
    </fs>
  </a>
  <node xml:id="vc-n129"/>
  <a xml:id="vc-N66395" label="vchunk" ref="vc-n129" as="anc">
    <fs>
      <f name="voice" value="active"/>
      <f name="tense" value="SimPre"/>
      <f name="type" value="FVG"/>
    </fs>
  </a>
  <node xml:id="vc-n13"/>
  <a xml:id="vc-N66419" label="vchunk" ref="vc-n13" as="anc">
    <fs>
      <f name="voice" value="active"/>
      <f name="tense" value="SimPas"/>
      <f name="type" value="FVG"/>
    </fs>
  </a>
  <node xml:id="vc-n130"/>
  <a xml:id="vc-N66443" label="vchunk" ref="vc-n130" as="anc">
    <fs>
      <f name="voice" value="active"/>
      <f name="tense" value="SimPre"/>
      <f name="type" value="FVG"/>
    </fs>
  </a>
  <node xml:id="vc-n131"/>
  <a xml:id="vc-N66467" label="vchunk" ref="vc-n131" as="anc">
    <fs>
      <f name="voice" value="active"/>
      <f name="tense" value="SimPre"/>
      <f name="type" value="FVG"/>
    </fs>
  </a>
  <node xml:id="vc-n132"/>
  <a xml:id="vc-N66491" label="vchunk" ref="vc-n132" as="anc">
    <fs>
      <f name="voice" value="active"/>
      <f name="tense" value="SimFut"/>
      <f name="type" value="FVG"/>
    </fs>
  </a>
  <node xml:id="vc-n133"/>
  <a xml:id="vc-N66515" label="vchunk" ref="vc-n133" as="anc">
    <fs>
      <f name="voice" value="active"/>
      <f name="tense" value="SimPre"/>
      <f name="type" value="FVG"/>
    </fs>
  </a>
  <node xml:id="vc-n134"/>
  <a xml:id="vc-N66539" label="vchunk" ref="vc-n134" as="anc">
    <fs>
      <f name="voice" value="active"/>
      <f name="tense" value="SimFut"/>
      <f name="type" value="FVG"/>
    </fs>
  </a>
  <node xml:id="vc-n135"/>
  <a xml:id="vc-N66563" label="vchunk" ref="vc-n135" as="anc">
    <fs>
      <f name="voice" value="active"/>
      <f name="tense" value="SimFut"/>
      <f name="type" value="FVG"/>
    </fs>
  </a>
  <node xml:id="vc-n136"/>
  <a xml:id="vc-N66587" label="vchunk" ref="vc-n136" as="anc">
    <fs>
      <f name="voice" value="active"/>
      <f name="tense" value="SimPas"/>
      <f name="type" value="FVG"/>
    </fs>
  </a>
  <node xml:id="vc-n137"/>
  <a xml:id="vc-N66611" label="vchunk" ref="vc-n137" as="anc">
    <fs>
      <f name="voice" value="active"/>
      <f name="tense" value="SimPre"/>
      <f name="type" value="FVG"/>
    </fs>
  </a>
  <node xml:id="vc-n138"/>
  <a xml:id="vc-N66635" label="vchunk" ref="vc-n138" as="anc">
    <fs>
      <f name="voice" value="active"/>
      <f name="tense" value="Pre"/>
      <f name="type" value="PART"/>
    </fs>
  </a>
  <node xml:id="vc-n139"/>
  <a xml:id="vc-N66659" label="vchunk" ref="vc-n139" as="anc">
    <fs>
      <f name="voice" value="active"/>
      <f name="tense" value="SimPre"/>
      <f name="type" value="FVG"/>
    </fs>
  </a>
  <node xml:id="vc-n14"/>
  <a xml:id="vc-N66683" label="vchunk" ref="vc-n14" as="anc">
    <fs>
      <f name="voice" value="active"/>
      <f name="tense" value="PasCon"/>
      <f name="type" value="FVG"/>
    </fs>
  </a>
  <node xml:id="vc-n140"/>
  <a xml:id="vc-N66707" label="vchunk" ref="vc-n140" as="anc">
    <fs>
      <f name="voice" value="active"/>
      <f name="tense" value="SimPre"/>
      <f name="type" value="FVG"/>
    </fs>
  </a>
  <node xml:id="vc-n141"/>
  <a xml:id="vc-N66731" label="vchunk" ref="vc-n141" as="anc">
    <fs>
      <f name="voice" value="none"/>
      <f name="tense" value="Pas"/>
      <f name="type" value="PART"/>
    </fs>
  </a>
  <node xml:id="vc-n142"/>
  <a xml:id="vc-N66755" label="vchunk" ref="vc-n142" as="anc">
    <fs>
      <f name="voice" value="active"/>
      <f name="tense" value="SimPre"/>
      <f name="type" value="FVG"/>
    </fs>
  </a>
  <node xml:id="vc-n143"/>
  <a xml:id="vc-N66779" label="vchunk" ref="vc-n143" as="anc">
    <fs>
      <f name="voice" value="none"/>
      <f name="tense" value="none"/>
      <f name="type" value="MODAL"/>
    </fs>
  </a>
  <node xml:id="vc-n144"/>
  <a xml:id="vc-N66803" label="vchunk" ref="vc-n144" as="anc">
    <fs>
      <f name="voice" value="active"/>
      <f name="tense" value="Inf"/>
      <f name="type" value="NFVG"/>
    </fs>
  </a>
  <node xml:id="vc-n145"/>
  <a xml:id="vc-N66827" label="vchunk" ref="vc-n145" as="anc">
    <fs>
      <f name="voice" value="active"/>
      <f name="tense" value="Inf"/>
      <f name="type" value="NFVG"/>
    </fs>
  </a>
  <node xml:id="vc-n146"/>
  <a xml:id="vc-N66851" label="vchunk" ref="vc-n146" as="anc">
    <fs>
      <f name="voice" value="active"/>
      <f name="tense" value="SimPre"/>
      <f name="type" value="FVG"/>
    </fs>
  </a>
  <node xml:id="vc-n147"/>
  <a xml:id="vc-N66875" label="vchunk" ref="vc-n147" as="anc">
    <fs>
      <f name="voice" value="active"/>
      <f name="tense" value="SimFut"/>
      <f name="type" value="FVG"/>
    </fs>
  </a>
  <node xml:id="vc-n148"/>
  <a xml:id="vc-N66899" label="vchunk" ref="vc-n148" as="anc">
    <fs>
      <f name="voice" value="active"/>
      <f name="tense" value="Inf"/>
      <f name="type" value="NFVG"/>
    </fs>
  </a>
  <node xml:id="vc-n149"/>
  <a xml:id="vc-N66923" label="vchunk" ref="vc-n149" as="anc">
    <fs>
      <f name="voice" value="active"/>
      <f name="tense" value="Inf"/>
      <f name="type" value="NFVG"/>
    </fs>
  </a>
  <node xml:id="vc-n15"/>
  <a xml:id="vc-N66947" label="vchunk" ref="vc-n15" as="anc">
    <fs>
      <f name="voice" value="none"/>
      <f name="tense" value="none"/>
      <f name="type" value="MODAL"/>
    </fs>
  </a>
  <node xml:id="vc-n150"/>
  <a xml:id="vc-N66971" label="vchunk" ref="vc-n150" as="anc">
    <fs>
      <f name="voice" value="active"/>
      <f name="tense" value="Inf"/>
      <f name="type" value="NFVG"/>
    </fs>
  </a>
  <node xml:id="vc-n151"/>
  <a xml:id="vc-N66995" label="vchunk" ref="vc-n151" as="anc">
    <fs>
      <f name="voice" value="active"/>
      <f name="tense" value="Pre"/>
      <f name="type" value="PART"/>
    </fs>
  </a>
  <node xml:id="vc-n152"/>
  <a xml:id="vc-N67019" label="vchunk" ref="vc-n152" as="anc">
    <fs>
      <f name="voice" value="active"/>
      <f name="tense" value="Inf"/>
      <f name="type" value="NFVG"/>
    </fs>
  </a>
  <node xml:id="vc-n153"/>
  <a xml:id="vc-N67043" label="vchunk" ref="vc-n153" as="anc">
    <fs>
      <f name="voice" value="active"/>
      <f name="tense" value="SimFut"/>
      <f name="type" value="FVG"/>
    </fs>
  </a>
  <node xml:id="vc-n154"/>
  <a xml:id="vc-N67067" label="vchunk" ref="vc-n154" as="anc">
    <fs>
      <f name="voice" value="active"/>
      <f name="tense" value="Pre"/>
      <f name="type" value="PART"/>
    </fs>
  </a>
  <node xml:id="vc-n155"/>
  <a xml:id="vc-N67091" label="vchunk" ref="vc-n155" as="anc">
    <fs>
      <f name="voice" value="active"/>
      <f name="tense" value="Inf"/>
      <f name="type" value="NFVG"/>
    </fs>
  </a>
  <node xml:id="vc-n16"/>
  <a xml:id="vc-N67115" label="vchunk" ref="vc-n16" as="anc">
    <fs>
      <f name="voice" value="active"/>
      <f name="tense" value="SimPre"/>
      <f name="type" value="FVG"/>
    </fs>
  </a>
  <node xml:id="vc-n17"/>
  <a xml:id="vc-N67139" label="vchunk" ref="vc-n17" as="anc">
    <fs>
      <f name="voice" value="active"/>
      <f name="tense" value="Pre"/>
      <f name="type" value="PART"/>
    </fs>
  </a>
  <node xml:id="vc-n18"/>
  <a xml:id="vc-N67163" label="vchunk" ref="vc-n18" as="anc">
    <fs>
      <f name="voice" value="active"/>
      <f name="tense" value="SimPas"/>
      <f name="type" value="FVG"/>
    </fs>
  </a>
  <node xml:id="vc-n19"/>
  <a xml:id="vc-N67187" label="vchunk" ref="vc-n19" as="anc">
    <fs>
      <f name="type" value="FVG"/>
      <f name="tense" value="SimPas"/>
      <f name="voice" value="active"/>
      <f name="neg" value="yes"/>
    </fs>
  </a>
  <node xml:id="vc-n2"/>
  <a xml:id="vc-N67215" label="vchunk" ref="vc-n2" as="anc">
    <fs>
      <f name="voice" value="active"/>
      <f name="tense" value="SimPre"/>
      <f name="type" value="FVG"/>
    </fs>
  </a>
  <node xml:id="vc-n20"/>
  <a xml:id="vc-N67239" label="vchunk" ref="vc-n20" as="anc">
    <fs>
      <f name="voice" value="active"/>
      <f name="tense" value="SimPas"/>
      <f name="type" value="FVG"/>
    </fs>
  </a>
  <node xml:id="vc-n21"/>
  <a xml:id="vc-N67263" label="vchunk" ref="vc-n21" as="anc">
    <fs>
      <f name="voice" value="active"/>
      <f name="tense" value="SimPas"/>
      <f name="type" value="FVG"/>
    </fs>
  </a>
  <node xml:id="vc-n22"/>
  <a xml:id="vc-N67287" label="vchunk" ref="vc-n22" as="anc">
    <fs>
      <f name="voice" value="active"/>
      <f name="tense" value="SimPas"/>
      <f name="type" value="FVG"/>
    </fs>
  </a>
  <node xml:id="vc-n23"/>
  <a xml:id="vc-N67311" label="vchunk" ref="vc-n23" as="anc">
    <fs>
      <f name="voice" value="active"/>
      <f name="tense" value="Inf"/>
      <f name="type" value="NFVG"/>
    </fs>
  </a>
  <node xml:id="vc-n24"/>
  <a xml:id="vc-N67335" label="vchunk" ref="vc-n24" as="anc">
    <fs>
      <f name="voice" value="active"/>
      <f name="tense" value="SimPas"/>
      <f name="type" value="FVG"/>
    </fs>
  </a>
  <node xml:id="vc-n25"/>
  <a xml:id="vc-N67359" label="vchunk" ref="vc-n25" as="anc">
    <fs>
      <f name="neg" value="no"/>
      <f name="tense" value="SimPas"/>
      <f name="type" value="FVG"/>
      <f name="voice" value="active"/>
    </fs>
  </a>
  <node xml:id="vc-n26"/>
  <a xml:id="vc-N67387" label="vchunk" ref="vc-n26" as="anc">
    <fs>
      <f name="voice" value="active"/>
      <f name="tense" value="Pre"/>
      <f name="type" value="PART"/>
    </fs>
  </a>
  <node xml:id="vc-n27"/>
  <a xml:id="vc-N67411" label="vchunk" ref="vc-n27" as="anc">
    <fs>
      <f name="voice" value="active"/>
      <f name="tense" value="SimPas"/>
      <f name="type" value="FVG"/>
    </fs>
  </a>
  <node xml:id="vc-n28"/>
  <a xml:id="vc-N67435" label="vchunk" ref="vc-n28" as="anc">
    <fs>
      <f name="voice" value="active"/>
      <f name="tense" value="Inf"/>
      <f name="type" value="NFVG"/>
    </fs>
  </a>
  <node xml:id="vc-n29"/>
  <a xml:id="vc-N67459" label="vchunk" ref="vc-n29" as="anc">
    <fs>
      <f name="voice" value="active"/>
      <f name="tense" value="SimPas"/>
      <f name="type" value="FVG"/>
    </fs>
  </a>
  <node xml:id="vc-n3"/>
  <a xml:id="vc-N67483" label="vchunk" ref="vc-n3" as="anc">
    <fs>
      <f name="neg" value="no"/>
      <f name="tense" value="SimPre"/>
      <f name="type" value="FVG"/>
      <f name="voice" value="active"/>
    </fs>
  </a>
  <node xml:id="vc-n30"/>
  <a xml:id="vc-N67511" label="vchunk" ref="vc-n30" as="anc">
    <fs>
      <f name="voice" value="active"/>
      <f name="tense" value="Pre"/>
      <f name="type" value="PART"/>
    </fs>
  </a>
  <node xml:id="vc-n31"/>
  <a xml:id="vc-N67535" label="vchunk" ref="vc-n31" as="anc">
    <fs>
      <f name="voice" value="active"/>
      <f name="tense" value="SimPre"/>
      <f name="type" value="FVG"/>
    </fs>
  </a>
  <node xml:id="vc-n32"/>
  <a xml:id="vc-N67559" label="vchunk" ref="vc-n32" as="anc">
    <fs>
      <f name="voice" value="active"/>
      <f name="tense" value="Inf"/>
      <f name="type" value="NFVG"/>
    </fs>
  </a>
  <node xml:id="vc-n33"/>
  <a xml:id="vc-N67583" label="vchunk" ref="vc-n33" as="anc">
    <fs>
      <f name="voice" value="active"/>
      <f name="tense" value="SimPre"/>
      <f name="type" value="FVG"/>
    </fs>
  </a>
  <node xml:id="vc-n34"/>
  <a xml:id="vc-N67607" label="vchunk" ref="vc-n34" as="anc">
    <fs>
      <f name="voice" value="active"/>
      <f name="tense" value="Inf"/>
      <f name="type" value="NFVG"/>
    </fs>
  </a>
  <node xml:id="vc-n35"/>
  <a xml:id="vc-N67631" label="vchunk" ref="vc-n35" as="anc">
    <fs>
      <f name="voice" value="active"/>
      <f name="tense" value="SimPre"/>
      <f name="type" value="FVG"/>
    </fs>
  </a>
  <node xml:id="vc-n36"/>
  <a xml:id="vc-N67655" label="vchunk" ref="vc-n36" as="anc">
    <fs>
      <f name="voice" value="active"/>
      <f name="tense" value="SimPas"/>
      <f name="type" value="FVG"/>
    </fs>
  </a>
  <node xml:id="vc-n37"/>
  <a xml:id="vc-N67679" label="vchunk" ref="vc-n37" as="anc">
    <fs>
      <f name="voice" value="active"/>
      <f name="tense" value="SimPre"/>
      <f name="type" value="FVG"/>
    </fs>
  </a>
  <node xml:id="vc-n38"/>
  <a xml:id="vc-N67703" label="vchunk" ref="vc-n38" as="anc">
    <fs>
      <f name="type" value="FVG"/>
      <f name="tense" value="SimPre"/>
      <f name="voice" value="active"/>
      <f name="neg" value="yes"/>
    </fs>
  </a>
  <node xml:id="vc-n39"/>
  <a xml:id="vc-N67731" label="vchunk" ref="vc-n39" as="anc">
    <fs>
      <f name="voice" value="active"/>
      <f name="tense" value="Inf"/>
      <f name="type" value="NFVG"/>
    </fs>
  </a>
  <node xml:id="vc-n4"/>
  <a xml:id="vc-N67755" label="vchunk" ref="vc-n4" as="anc">
    <fs>
      <f name="voice" value="active"/>
      <f name="tense" value="Pre"/>
      <f name="type" value="PART"/>
    </fs>
  </a>
  <node xml:id="vc-n40"/>
  <a xml:id="vc-N67779" label="vchunk" ref="vc-n40" as="anc">
    <fs>
      <f name="voice" value="active"/>
      <f name="tense" value="Inf"/>
      <f name="type" value="NFVG"/>
    </fs>
  </a>
  <node xml:id="vc-n41"/>
  <a xml:id="vc-N67803" label="vchunk" ref="vc-n41" as="anc">
    <fs>
      <f name="voice" value="none"/>
      <f name="tense" value="none"/>
      <f name="type" value="MODAL"/>
    </fs>
  </a>
  <node xml:id="vc-n42"/>
  <a xml:id="vc-N67827" label="vchunk" ref="vc-n42" as="anc">
    <fs>
      <f name="voice" value="active"/>
      <f name="tense" value="SimPre"/>
      <f name="type" value="FVG"/>
    </fs>
  </a>
  <node xml:id="vc-n43"/>
  <a xml:id="vc-N67851" label="vchunk" ref="vc-n43" as="anc">
    <fs>
      <f name="voice" value="none"/>
      <f name="tense" value="none"/>
      <f name="type" value="MODAL"/>
    </fs>
  </a>
  <node xml:id="vc-n44"/>
  <a xml:id="vc-N67875" label="vchunk" ref="vc-n44" as="anc">
    <fs>
      <f name="voice" value="active"/>
      <f name="tense" value="SimPas"/>
      <f name="type" value="FVG"/>
    </fs>
  </a>
  <node xml:id="vc-n45"/>
  <a xml:id="vc-N67899" label="vchunk" ref="vc-n45" as="anc">
    <fs>
      <f name="voice" value="active"/>
      <f name="tense" value="SimPas"/>
      <f name="type" value="FVG"/>
    </fs>
  </a>
  <node xml:id="vc-n46"/>
  <a xml:id="vc-N67923" label="vchunk" ref="vc-n46" as="anc">
    <fs>
      <f name="voice" value="none"/>
      <f name="tense" value="none"/>
      <f name="type" value="MODAL"/>
    </fs>
  </a>
  <node xml:id="vc-n47"/>
  <a xml:id="vc-N67947" label="vchunk" ref="vc-n47" as="anc">
    <fs>
      <f name="voice" value="active"/>
      <f name="tense" value="Inf"/>
      <f name="type" value="NFVG"/>
    </fs>
  </a>
  <node xml:id="vc-n48"/>
  <a xml:id="vc-N67971" label="vchunk" ref="vc-n48" as="anc">
    <fs>
      <f name="voice" value="active"/>
      <f name="tense" value="SimPas"/>
      <f name="type" value="FVG"/>
    </fs>
  </a>
  <node xml:id="vc-n49"/>
  <a xml:id="vc-N67995" label="vchunk" ref="vc-n49" as="anc">
    <fs>
      <f name="voice" value="active"/>
      <f name="tense" value="PasPer"/>
      <f name="type" value="FVG"/>
    </fs>
  </a>
  <node xml:id="vc-n5"/>
  <a xml:id="vc-N68019" label="vchunk" ref="vc-n5" as="anc">
    <fs>
      <f name="voice" value="active"/>
      <f name="tense" value="SimPre"/>
      <f name="type" value="FVG"/>
    </fs>
  </a>
  <node xml:id="vc-n50"/>
  <a xml:id="vc-N68043" label="vchunk" ref="vc-n50" as="anc">
    <fs>
      <f name="voice" value="none"/>
      <f name="tense" value="none"/>
      <f name="type" value="MODAL"/>
    </fs>
  </a>
  <node xml:id="vc-n51"/>
  <a xml:id="vc-N68067" label="vchunk" ref="vc-n51" as="anc">
    <fs>
      <f name="voice" value="active"/>
      <f name="tense" value="SimPas"/>
      <f name="type" value="FVG"/>
    </fs>
  </a>
  <node xml:id="vc-n52"/>
  <a xml:id="vc-N68091" label="vchunk" ref="vc-n52" as="anc">
    <fs>
      <f name="voice" value="active"/>
      <f name="tense" value="Pre"/>
      <f name="type" value="PART"/>
    </fs>
  </a>
  <node xml:id="vc-n53"/>
  <a xml:id="vc-N68115" label="vchunk" ref="vc-n53" as="anc">
    <fs>
      <f name="voice" value="active"/>
      <f name="tense" value="Pre"/>
      <f name="type" value="PART"/>
    </fs>
  </a>
  <node xml:id="vc-n54"/>
  <a xml:id="vc-N68139" label="vchunk" ref="vc-n54" as="anc">
    <fs>
      <f name="voice" value="active"/>
      <f name="tense" value="SimPre"/>
      <f name="type" value="FVG"/>
    </fs>
  </a>
  <node xml:id="vc-n55"/>
  <a xml:id="vc-N68163" label="vchunk" ref="vc-n55" as="anc">
    <fs>
      <f name="voice" value="active"/>
      <f name="tense" value="SimPas"/>
      <f name="type" value="FVG"/>
    </fs>
  </a>
  <node xml:id="vc-n56"/>
  <a xml:id="vc-N68187" label="vchunk" ref="vc-n56" as="anc">
    <fs>
      <f name="voice" value="active"/>
      <f name="tense" value="SimPas"/>
      <f name="type" value="FVG"/>
    </fs>
  </a>
  <node xml:id="vc-n57"/>
  <a xml:id="vc-N68211" label="vchunk" ref="vc-n57" as="anc">
    <fs>
      <f name="voice" value="active"/>
      <f name="tense" value="SimPre"/>
      <f name="type" value="FVG"/>
    </fs>
  </a>
  <node xml:id="vc-n58"/>
  <a xml:id="vc-N68235" label="vchunk" ref="vc-n58" as="anc">
    <fs>
      <f name="voice" value="active"/>
      <f name="tense" value="SimPas"/>
      <f name="type" value="FVG"/>
    </fs>
  </a>
  <node xml:id="vc-n59"/>
  <a xml:id="vc-N68259" label="vchunk" ref="vc-n59" as="anc">
    <fs>
      <f name="voice" value="active"/>
      <f name="tense" value="SimPre"/>
      <f name="type" value="FVG"/>
    </fs>
  </a>
  <node xml:id="vc-n6"/>
  <a xml:id="vc-N68283" label="vchunk" ref="vc-n6" as="anc">
    <fs>
      <f name="voice" value="active"/>
      <f name="tense" value="SimPas"/>
      <f name="type" value="FVG"/>
    </fs>
  </a>
  <node xml:id="vc-n60"/>
  <a xml:id="vc-N68307" label="vchunk" ref="vc-n60" as="anc">
    <fs>
      <f name="voice" value="active"/>
      <f name="tense" value="SimPre"/>
      <f name="type" value="FVG"/>
    </fs>
  </a>
  <node xml:id="vc-n61"/>
  <a xml:id="vc-N68331" label="vchunk" ref="vc-n61" as="anc">
    <fs>
      <f name="voice" value="active"/>
      <f name="tense" value="Inf"/>
      <f name="type" value="NFVG"/>
    </fs>
  </a>
  <node xml:id="vc-n62"/>
  <a xml:id="vc-N68355" label="vchunk" ref="vc-n62" as="anc">
    <fs>
      <f name="type" value="FVG"/>
      <f name="tense" value="SimPre"/>
      <f name="voice" value="active"/>
      <f name="neg" value="yes"/>
    </fs>
  </a>
  <node xml:id="vc-n63"/>
  <a xml:id="vc-N68383" label="vchunk" ref="vc-n63" as="anc">
    <fs>
      <f name="voice" value="none"/>
      <f name="tense" value="none"/>
      <f name="type" value="MODAL"/>
    </fs>
  </a>
  <node xml:id="vc-n64"/>
  <a xml:id="vc-N68407" label="vchunk" ref="vc-n64" as="anc">
    <fs>
      <f name="voice" value="active"/>
      <f name="tense" value="SimPre"/>
      <f name="type" value="FVG"/>
    </fs>
  </a>
  <node xml:id="vc-n65"/>
  <a xml:id="vc-N68431" label="vchunk" ref="vc-n65" as="anc">
    <fs>
      <f name="voice" value="active"/>
      <f name="tense" value="SimPas"/>
      <f name="type" value="FVG"/>
    </fs>
  </a>
  <node xml:id="vc-n66"/>
  <a xml:id="vc-N68455" label="vchunk" ref="vc-n66" as="anc">
    <fs>
      <f name="voice" value="active"/>
      <f name="tense" value="SimPre"/>
      <f name="type" value="FVG"/>
    </fs>
  </a>
  <node xml:id="vc-n67"/>
  <a xml:id="vc-N68479" label="vchunk" ref="vc-n67" as="anc">
    <fs>
      <f name="voice" value="active"/>
      <f name="tense" value="Pre"/>
      <f name="type" value="PART"/>
    </fs>
  </a>
  <node xml:id="vc-n68"/>
  <a xml:id="vc-N68503" label="vchunk" ref="vc-n68" as="anc">
    <fs>
      <f name="voice" value="active"/>
      <f name="tense" value="Pre"/>
      <f name="type" value="PART"/>
    </fs>
  </a>
  <node xml:id="vc-n69"/>
  <a xml:id="vc-N68527" label="vchunk" ref="vc-n69" as="anc">
    <fs>
      <f name="voice" value="active"/>
      <f name="tense" value="SimPas"/>
      <f name="type" value="FVG"/>
    </fs>
  </a>
  <node xml:id="vc-n7"/>
  <a xml:id="vc-N68551" label="vchunk" ref="vc-n7" as="anc">
    <fs>
      <f name="voice" value="active"/>
      <f name="tense" value="SimPas"/>
      <f name="type" value="FVG"/>
    </fs>
  </a>
  <node xml:id="vc-n70"/>
  <a xml:id="vc-N68575" label="vchunk" ref="vc-n70" as="anc">
    <fs>
      <f name="voice" value="active"/>
      <f name="tense" value="PasPer"/>
      <f name="type" value="FVG"/>
    </fs>
  </a>
  <node xml:id="vc-n71"/>
  <a xml:id="vc-N68599" label="vchunk" ref="vc-n71" as="anc">
    <fs>
      <f name="voice" value="active"/>
      <f name="tense" value="SimPre"/>
      <f name="type" value="FVG"/>
    </fs>
  </a>
  <node xml:id="vc-n72"/>
  <a xml:id="vc-N68623" label="vchunk" ref="vc-n72" as="anc">
    <fs>
      <f name="voice" value="active"/>
      <f name="tense" value="PreCon"/>
      <f name="type" value="FVG"/>
    </fs>
  </a>
  <node xml:id="vc-n73"/>
  <a xml:id="vc-N68647" label="vchunk" ref="vc-n73" as="anc">
    <fs>
      <f name="voice" value="active"/>
      <f name="tense" value="Pre"/>
      <f name="type" value="PART"/>
    </fs>
  </a>
  <node xml:id="vc-n74"/>
  <a xml:id="vc-N68671" label="vchunk" ref="vc-n74" as="anc">
    <fs>
      <f name="voice" value="active"/>
      <f name="tense" value="Pre"/>
      <f name="type" value="PART"/>
    </fs>
  </a>
  <node xml:id="vc-n75"/>
  <a xml:id="vc-N68695" label="vchunk" ref="vc-n75" as="anc">
    <fs>
      <f name="voice" value="active"/>
      <f name="tense" value="Pre"/>
      <f name="type" value="PART"/>
    </fs>
  </a>
  <node xml:id="vc-n76"/>
  <a xml:id="vc-N68719" label="vchunk" ref="vc-n76" as="anc">
    <fs>
      <f name="voice" value="active"/>
      <f name="tense" value="SimPre"/>
      <f name="type" value="FVG"/>
    </fs>
  </a>
  <node xml:id="vc-n77"/>
  <a xml:id="vc-N68743" label="vchunk" ref="vc-n77" as="anc">
    <fs>
      <f name="voice" value="active"/>
      <f name="tense" value="SimPas"/>
      <f name="type" value="FVG"/>
    </fs>
  </a>
  <node xml:id="vc-n78"/>
  <a xml:id="vc-N68767" label="vchunk" ref="vc-n78" as="anc">
    <fs>
      <f name="neg" value="no"/>
      <f name="tense" value="SimPre"/>
      <f name="type" value="FVG"/>
      <f name="voice" value="active"/>
    </fs>
  </a>
  <node xml:id="vc-n79"/>
  <a xml:id="vc-N68795" label="vchunk" ref="vc-n79" as="anc">
    <fs>
      <f name="voice" value="active"/>
      <f name="tense" value="PrePer"/>
      <f name="type" value="FVG"/>
    </fs>
  </a>
  <node xml:id="vc-n8"/>
  <a xml:id="vc-N68819" label="vchunk" ref="vc-n8" as="anc">
    <fs>
      <f name="voice" value="active"/>
      <f name="tense" value="SimPre"/>
      <f name="type" value="FVG"/>
    </fs>
  </a>
  <node xml:id="vc-n80"/>
  <a xml:id="vc-N68843" label="vchunk" ref="vc-n80" as="anc">
    <fs>
      <f name="voice" value="none"/>
      <f name="tense" value="BeVBN"/>
      <f name="type" value="MODAL"/>
    </fs>
  </a>
  <node xml:id="vc-n81"/>
  <a xml:id="vc-N68867" label="vchunk" ref="vc-n81" as="anc">
    <fs>
      <f name="voice" value="active"/>
      <f name="tense" value="SimPre"/>
      <f name="type" value="FVG"/>
    </fs>
  </a>
  <node xml:id="vc-n82"/>
  <a xml:id="vc-N68891" label="vchunk" ref="vc-n82" as="anc">
    <fs>
      <f name="voice" value="active"/>
      <f name="tense" value="PasCon"/>
      <f name="type" value="FVG"/>
    </fs>
  </a>
  <node xml:id="vc-n83"/>
  <a xml:id="vc-N68915" label="vchunk" ref="vc-n83" as="anc">
    <fs>
      <f name="voice" value="active"/>
      <f name="tense" value="Pre"/>
      <f name="type" value="PART"/>
    </fs>
  </a>
  <node xml:id="vc-n84"/>
  <a xml:id="vc-N68939" label="vchunk" ref="vc-n84" as="anc">
    <fs>
      <f name="voice" value="active"/>
      <f name="tense" value="Inf"/>
      <f name="type" value="NFVG"/>
    </fs>
  </a>
  <node xml:id="vc-n85"/>
  <a xml:id="vc-N68963" label="vchunk" ref="vc-n85" as="anc">
    <fs>
      <f name="voice" value="active"/>
      <f name="tense" value="SimPre"/>
      <f name="type" value="FVG"/>
    </fs>
  </a>
  <node xml:id="vc-n86"/>
  <a xml:id="vc-N68987" label="vchunk" ref="vc-n86" as="anc">
    <fs>
      <f name="voice" value="active"/>
      <f name="tense" value="Inf"/>
      <f name="type" value="NFVG"/>
    </fs>
  </a>
  <node xml:id="vc-n87"/>
  <a xml:id="vc-N69011" label="vchunk" ref="vc-n87" as="anc">
    <fs>
      <f name="voice" value="active"/>
      <f name="tense" value="Pre"/>
      <f name="type" value="PART"/>
    </fs>
  </a>
  <node xml:id="vc-n88"/>
  <a xml:id="vc-N69035" label="vchunk" ref="vc-n88" as="anc">
    <fs>
      <f name="voice" value="active"/>
      <f name="tense" value="SimPre"/>
      <f name="type" value="FVG"/>
    </fs>
  </a>
  <node xml:id="vc-n89"/>
  <a xml:id="vc-N69059" label="vchunk" ref="vc-n89" as="anc">
    <fs>
      <f name="voice" value="none"/>
      <f name="tense" value="BeVBN"/>
      <f name="type" value="MODAL"/>
    </fs>
  </a>
  <node xml:id="vc-n9"/>
  <a xml:id="vc-N69083" label="vchunk" ref="vc-n9" as="anc">
    <fs>
      <f name="voice" value="active"/>
      <f name="tense" value="SimPre"/>
      <f name="type" value="FVG"/>
    </fs>
  </a>
  <node xml:id="vc-n90"/>
  <a xml:id="vc-N69107" label="vchunk" ref="vc-n90" as="anc">
    <fs>
      <f name="type" value="FVG"/>
      <f name="tense" value="SimPre"/>
      <f name="voice" value="active"/>
      <f name="neg" value="yes"/>
    </fs>
  </a>
  <node xml:id="vc-n91"/>
  <a xml:id="vc-N69135" label="vchunk" ref="vc-n91" as="anc">
    <fs>
      <f name="type" value="FVG"/>
      <f name="tense" value="SimPre"/>
      <f name="voice" value="active"/>
      <f name="neg" value="yes"/>
    </fs>
  </a>
  <node xml:id="vc-n92"/>
  <a xml:id="vc-N69163" label="vchunk" ref="vc-n92" as="anc">
    <fs>
      <f name="voice" value="active"/>
      <f name="tense" value="Inf"/>
      <f name="type" value="NFVG"/>
    </fs>
  </a>
  <node xml:id="vc-n93"/>
  <a xml:id="vc-N69187" label="vchunk" ref="vc-n93" as="anc">
    <fs>
      <f name="voice" value="none"/>
      <f name="tense" value="BeVBN"/>
      <f name="type" value="MODAL"/>
    </fs>
  </a>
  <node xml:id="vc-n94"/>
  <a xml:id="vc-N69211" label="vchunk" ref="vc-n94" as="anc">
    <fs>
      <f name="voice" value="active"/>
      <f name="tense" value="SimPre"/>
      <f name="type" value="FVG"/>
    </fs>
  </a>
  <node xml:id="vc-n95"/>
  <a xml:id="vc-N69235" label="vchunk" ref="vc-n95" as="anc">
    <fs>
      <f name="voice" value="none"/>
      <f name="tense" value="Pas"/>
      <f name="type" value="PART"/>
    </fs>
  </a>
  <node xml:id="vc-n96"/>
  <a xml:id="vc-N69259" label="vchunk" ref="vc-n96" as="anc">
    <fs>
      <f name="voice" value="active"/>
      <f name="tense" value="SimPas"/>
      <f name="type" value="FVG"/>
    </fs>
  </a>
  <node xml:id="vc-n97"/>
  <a xml:id="vc-N69283" label="vchunk" ref="vc-n97" as="anc">
    <fs>
      <f name="voice" value="none"/>
      <f name="tense" value="Pas"/>
      <f name="type" value="PART"/>
    </fs>
  </a>
  <node xml:id="vc-n98"/>
  <a xml:id="vc-N69307" label="vchunk" ref="vc-n98" as="anc">
    <fs>
      <f name="voice" value="active"/>
      <f name="tense" value="SimPre"/>
      <f name="type" value="FVG"/>
    </fs>
  </a>
  <node xml:id="vc-n99"/>
  <a xml:id="vc-N69331" label="vchunk" ref="vc-n99" as="anc">
    <fs>
      <f name="voice" value="active"/>
      <f name="tense" value="Pre"/>
      <f name="type" value="PART"/>
    </fs>
  </a>
  <edge xml:id="vc-lnk99" from="vc-n77" to="penn-n574"/>
  <edge xml:id="vc-lnk98" from="vc-n76" to="penn-n564"/>
  <edge xml:id="vc-lnk97" from="vc-n75" to="penn-n563"/>
  <edge xml:id="vc-lnk96" from="vc-n74" to="penn-n558"/>
  <edge xml:id="vc-lnk95" from="vc-n73" to="penn-n554"/>
  <edge xml:id="vc-lnk94" from="vc-n72" to="penn-n552"/>
  <edge xml:id="vc-lnk93" from="vc-n72" to="penn-n551"/>
  <edge xml:id="vc-lnk92" from="vc-n71" to="penn-n546"/>
  <edge xml:id="vc-lnk129" from="vc-n95" to="penn-n747"/>
  <edge xml:id="vc-lnk91" from="vc-n70" to="penn-n535"/>
  <edge xml:id="vc-lnk128" from="vc-n94" to="penn-n729"/>
  <edge xml:id="vc-lnk90" from="vc-n70" to="penn-n534"/>
  <edge xml:id="vc-lnk127" from="vc-n93" to="penn-n720"/>
  <edge xml:id="vc-lnk126" from="vc-n93" to="penn-n719"/>
  <edge xml:id="vc-lnk125" from="vc-n93" to="penn-n718"/>
  <edge xml:id="vc-lnk124" from="vc-n92" to="penn-n708"/>
  <edge xml:id="vc-lnk123" from="vc-n91" to="penn-n707"/>
  <edge xml:id="vc-lnk122" from="vc-n91" to="penn-n706"/>
  <edge xml:id="vc-lnk121" from="vc-n90" to="penn-n703"/>
  <edge xml:id="vc-lnk120" from="vc-n90" to="penn-n702"/>
  <edge xml:id="vc-lnk89" from="vc-n69" to="penn-n518"/>
  <edge xml:id="vc-lnk88" from="vc-n68" to="penn-n514"/>
  <edge xml:id="vc-lnk87" from="vc-n67" to="penn-n512"/>
  <edge xml:id="vc-lnk86" from="vc-n66" to="penn-n510"/>
  <edge xml:id="vc-lnk85" from="vc-n65" to="penn-n497"/>
  <edge xml:id="vc-lnk84" from="vc-n64" to="penn-n494"/>
  <edge xml:id="vc-lnk83" from="vc-n63" to="penn-n492"/>
  <edge xml:id="vc-lnk82" from="vc-n63" to="penn-n491"/>
  <edge xml:id="vc-lnk119" from="vc-n90" to="penn-n701"/>
  <edge xml:id="vc-lnk81" from="vc-n62" to="penn-n487"/>
  <edge xml:id="vc-lnk118" from="vc-n89" to="penn-n691"/>
  <edge xml:id="vc-lnk80" from="vc-n62" to="penn-n486"/>
  <edge xml:id="vc-lnk117" from="vc-n89" to="penn-n690"/>
  <edge xml:id="vc-lnk116" from="vc-n89" to="penn-n689"/>
  <edge xml:id="vc-lnk115" from="vc-n88" to="penn-n680"/>
  <edge xml:id="vc-lnk114" from="vc-n87" to="penn-n674"/>
  <edge xml:id="vc-lnk113" from="vc-n86" to="penn-n657"/>
  <edge xml:id="vc-lnk112" from="vc-n85" to="penn-n645"/>
  <edge xml:id="vc-lnk111" from="vc-n84" to="penn-n644"/>
  <edge xml:id="vc-lnk110" from="vc-n83" to="penn-n635"/>
  <edge xml:id="vc-lnk79" from="vc-n62" to="penn-n485"/>
  <edge xml:id="vc-lnk78" from="vc-n61" to="penn-n479"/>
  <edge xml:id="vc-lnk77" from="vc-n60" to="penn-n471"/>
  <edge xml:id="vc-lnk76" from="vc-n59" to="penn-n467"/>
  <edge xml:id="vc-lnk75" from="vc-n58" to="penn-n462"/>
  <edge xml:id="vc-lnk74" from="vc-n57" to="penn-n456"/>
  <edge xml:id="vc-lnk73" from="vc-n56" to="penn-n448"/>
  <edge xml:id="vc-lnk72" from="vc-n55" to="penn-n445"/>
  <edge xml:id="vc-lnk109" from="vc-n82" to="penn-n631"/>
  <edge xml:id="vc-lnk71" from="vc-n54" to="penn-n435"/>
  <edge xml:id="vc-lnk108" from="vc-n82" to="penn-n630"/>
  <edge xml:id="vc-lnk70" from="vc-n53" to="penn-n434"/>
  <edge xml:id="vc-lnk107" from="vc-n81" to="penn-n622"/>
  <edge xml:id="vc-lnk106" from="vc-n80" to="penn-n613"/>
  <edge xml:id="vc-lnk105" from="vc-n80" to="penn-n612"/>
  <edge xml:id="vc-lnk104" from="vc-n80" to="penn-n611"/>
  <edge xml:id="vc-lnk103" from="vc-n80" to="penn-n610"/>
  <edge xml:id="vc-lnk102" from="vc-n79" to="penn-n593"/>
  <edge xml:id="vc-lnk101" from="vc-n79" to="penn-n592"/>
  <edge xml:id="vc-lnk100" from="vc-n78" to="penn-n577"/>
  <edge xml:id="vc-lnk69" from="vc-n52" to="penn-n428"/>
  <edge xml:id="vc-lnk68" from="vc-n51" to="penn-n425"/>
  <edge xml:id="vc-lnk67" from="vc-n50" to="penn-n416"/>
  <edge xml:id="vc-lnk66" from="vc-n50" to="penn-n415"/>
  <edge xml:id="vc-lnk65" from="vc-n49" to="penn-n405"/>
  <edge xml:id="vc-lnk64" from="vc-n49" to="penn-n404"/>
  <edge xml:id="vc-lnk63" from="vc-n48" to="penn-n393"/>
  <edge xml:id="vc-lnk62" from="vc-n47" to="penn-n365"/>
  <edge xml:id="vc-lnk61" from="vc-n47" to="penn-n364"/>
  <edge xml:id="vc-lnk60" from="vc-n46" to="penn-n363"/>
  <edge xml:id="vc-lnk59" from="vc-n46" to="penn-n362"/>
  <edge xml:id="vc-lnk58" from="vc-n45" to="penn-n354"/>
  <edge xml:id="vc-lnk57" from="vc-n44" to="penn-n326"/>
  <edge xml:id="vc-lnk56" from="vc-n43" to="penn-n310"/>
  <edge xml:id="vc-lnk55" from="vc-n43" to="penn-n309"/>
  <edge xml:id="vc-lnk54" from="vc-n42" to="penn-n305"/>
  <edge xml:id="vc-lnk53" from="vc-n41" to="penn-n298"/>
  <edge xml:id="vc-lnk52" from="vc-n41" to="penn-n297"/>
  <edge xml:id="vc-lnk51" from="vc-n40" to="penn-n295"/>
  <edge xml:id="vc-lnk50" from="vc-n40" to="penn-n294"/>
  <edge xml:id="vc-lnk49" from="vc-n39" to="penn-n290"/>
  <edge xml:id="vc-lnk48" from="vc-n38" to="penn-n285"/>
  <edge xml:id="vc-lnk47" from="vc-n38" to="penn-n284"/>
  <edge xml:id="vc-lnk46" from="vc-n38" to="penn-n283"/>
  <edge xml:id="vc-lnk45" from="vc-n37" to="penn-n274"/>
  <edge xml:id="vc-lnk44" from="vc-n36" to="penn-n272"/>
  <edge xml:id="vc-lnk43" from="vc-n35" to="penn-n260"/>
  <edge xml:id="vc-lnk42" from="vc-n34" to="penn-n253"/>
  <edge xml:id="vc-lnk41" from="vc-n33" to="penn-n249"/>
  <edge xml:id="vc-lnk40" from="vc-n32" to="penn-n244"/>
  <edge xml:id="vc-lnk199" from="vc-n149" to="penn-n1141"/>
  <edge xml:id="vc-lnk198" from="vc-n148" to="penn-n1139"/>
  <edge xml:id="vc-lnk197" from="vc-n148" to="penn-n1138"/>
  <edge xml:id="vc-lnk196" from="vc-n147" to="penn-n1137"/>
  <edge xml:id="vc-lnk195" from="vc-n147" to="penn-n1136"/>
  <edge xml:id="vc-lnk194" from="vc-n146" to="penn-n1126"/>
  <edge xml:id="vc-lnk193" from="vc-n145" to="penn-n1117"/>
  <edge xml:id="vc-lnk192" from="vc-n144" to="penn-n1109"/>
  <edge xml:id="vc-lnk191" from="vc-n144" to="penn-n1108"/>
  <edge xml:id="vc-lnk190" from="vc-n143" to="penn-n1107"/>
  <edge xml:id="vc-lnk39" from="vc-n32" to="penn-n243"/>
  <edge xml:id="vc-lnk38" from="vc-n31" to="penn-n242"/>
  <edge xml:id="vc-lnk37" from="vc-n30" to="penn-n238"/>
  <edge xml:id="vc-lnk36" from="vc-n29" to="penn-n236"/>
  <edge xml:id="vc-lnk35" from="vc-n28" to="penn-n230"/>
  <edge xml:id="vc-lnk34" from="vc-n27" to="penn-n226"/>
  <edge xml:id="vc-lnk33" from="vc-n26" to="penn-n220"/>
  <edge xml:id="vc-lnk32" from="vc-n25" to="penn-n215"/>
  <edge xml:id="vc-lnk31" from="vc-n24" to="penn-n184"/>
  <edge xml:id="vc-lnk30" from="vc-n23" to="penn-n180"/>
  <edge xml:id="vc-lnk189" from="vc-n143" to="penn-n1106"/>
  <edge xml:id="vc-lnk188" from="vc-n142" to="penn-n1101"/>
  <edge xml:id="vc-lnk187" from="vc-n141" to="penn-n1090"/>
  <edge xml:id="vc-lnk186" from="vc-n140" to="penn-n1089"/>
  <edge xml:id="vc-lnk185" from="vc-n139" to="penn-n1082"/>
  <edge xml:id="vc-lnk184" from="vc-n138" to="penn-n1078"/>
  <edge xml:id="vc-lnk183" from="vc-n137" to="penn-n1075"/>
  <edge xml:id="vc-lnk182" from="vc-n136" to="penn-n1071"/>
  <edge xml:id="vc-lnk181" from="vc-n135" to="penn-n1061"/>
  <edge xml:id="vc-lnk180" from="vc-n135" to="penn-n1060"/>
  <edge xml:id="vc-lnk29" from="vc-n23" to="penn-n179"/>
  <edge xml:id="vc-lnk28" from="vc-n22" to="penn-n172"/>
  <edge xml:id="vc-lnk27" from="vc-n21" to="penn-n167"/>
  <edge xml:id="vc-lnk26" from="vc-n20" to="penn-n163"/>
  <edge xml:id="vc-lnk25" from="vc-n19" to="penn-n154"/>
  <edge xml:id="vc-lnk24" from="vc-n19" to="penn-n153"/>
  <edge xml:id="vc-lnk23" from="vc-n19" to="penn-n152"/>
  <edge xml:id="vc-lnk22" from="vc-n18" to="penn-n144"/>
  <edge xml:id="vc-lnk21" from="vc-n17" to="penn-n138"/>
  <edge xml:id="vc-lnk20" from="vc-n16" to="penn-n137"/>
  <edge xml:id="vc-lnk179" from="vc-n134" to="penn-n1050"/>
  <edge xml:id="vc-lnk178" from="vc-n134" to="penn-n1049"/>
  <edge xml:id="vc-lnk177" from="vc-n134" to="penn-n1048"/>
  <edge xml:id="vc-lnk176" from="vc-n133" to="penn-n1043"/>
  <edge xml:id="vc-lnk175" from="vc-n132" to="penn-n1032"/>
  <edge xml:id="vc-lnk174" from="vc-n132" to="penn-n1031"/>
  <edge xml:id="vc-lnk173" from="vc-n131" to="penn-n1027"/>
  <edge xml:id="vc-lnk172" from="vc-n130" to="penn-n1025"/>
  <edge xml:id="vc-lnk171" from="vc-n129" to="penn-n1023"/>
  <edge xml:id="vc-lnk170" from="vc-n128" to="penn-n1021"/>
  <edge xml:id="vc-lnk19" from="vc-n15" to="penn-n133"/>
  <edge xml:id="vc-lnk18" from="vc-n15" to="penn-n132"/>
  <edge xml:id="vc-lnk17" from="vc-n14" to="penn-n129"/>
  <edge xml:id="vc-lnk16" from="vc-n14" to="penn-n128"/>
  <edge xml:id="vc-lnk15" from="vc-n13" to="penn-n125"/>
  <edge xml:id="vc-lnk14" from="vc-n12" to="penn-n112"/>
  <edge xml:id="vc-lnk13" from="vc-n11" to="penn-n111"/>
  <edge xml:id="vc-lnk12" from="vc-n11" to="penn-n110"/>
  <edge xml:id="vc-lnk11" from="vc-n11" to="penn-n109"/>
  <edge xml:id="vc-lnk10" from="vc-n10" to="penn-n106"/>
  <edge xml:id="vc-lnk208" from="vc-n155" to="penn-n1159"/>
  <edge xml:id="vc-lnk207" from="vc-n155" to="penn-n1158"/>
  <edge xml:id="vc-lnk206" from="vc-n154" to="penn-n1157"/>
  <edge xml:id="vc-lnk205" from="vc-n153" to="penn-n1154"/>
  <edge xml:id="vc-lnk204" from="vc-n153" to="penn-n1153"/>
  <edge xml:id="vc-lnk203" from="vc-n152" to="penn-n1147"/>
  <edge xml:id="vc-lnk202" from="vc-n152" to="penn-n1146"/>
  <edge xml:id="vc-lnk201" from="vc-n151" to="penn-n1145"/>
  <edge xml:id="vc-lnk200" from="vc-n150" to="penn-n1143"/>
  <edge xml:id="vc-lnk169" from="vc-n127" to="penn-n1011"/>
  <edge xml:id="vc-lnk168" from="vc-n127" to="penn-n1010"/>
  <edge xml:id="vc-lnk167" from="vc-n126" to="penn-n999"/>
  <edge xml:id="vc-lnk166" from="vc-n125" to="penn-n990"/>
  <edge xml:id="vc-lnk165" from="vc-n125" to="penn-n989"/>
  <edge xml:id="vc-lnk164" from="vc-n124" to="penn-n975"/>
  <edge xml:id="vc-lnk9" from="vc-n9" to="penn-n105"/>
  <edge xml:id="vc-lnk163" from="vc-n123" to="penn-n968"/>
  <edge xml:id="vc-lnk8" from="vc-n8" to="penn-n97"/>
  <edge xml:id="vc-lnk162" from="vc-n123" to="penn-n967"/>
  <edge xml:id="vc-lnk7" from="vc-n7" to="penn-n84"/>
  <edge xml:id="vc-lnk161" from="vc-n122" to="penn-n951"/>
  <edge xml:id="vc-lnk6" from="vc-n6" to="penn-n78"/>
  <edge xml:id="vc-lnk160" from="vc-n121" to="penn-n946"/>
  <edge xml:id="vc-lnk5" from="vc-n5" to="penn-n60"/>
  <edge xml:id="vc-lnk4" from="vc-n4" to="penn-n37"/>
  <edge xml:id="vc-lnk3" from="vc-n3" to="penn-n31"/>
  <edge xml:id="vc-lnk2" from="vc-n2" to="penn-n25"/>
  <edge xml:id="vc-lnk1" from="vc-n1" to="penn-n15"/>
  <edge xml:id="vc-lnk0" from="vc-n0" to="penn-n8"/>
  <edge xml:id="vc-lnk159" from="vc-n121" to="penn-n945"/>
  <edge xml:id="vc-lnk158" from="vc-n120" to="penn-n939"/>
  <edge xml:id="vc-lnk157" from="vc-n119" to="penn-n934"/>
  <edge xml:id="vc-lnk156" from="vc-n118" to="penn-n928"/>
  <edge xml:id="vc-lnk155" from="vc-n117" to="penn-n905"/>
  <edge xml:id="vc-lnk154" from="vc-n116" to="penn-n897"/>
  <edge xml:id="vc-lnk153" from="vc-n115" to="penn-n890"/>
  <edge xml:id="vc-lnk152" from="vc-n114" to="penn-n887"/>
  <edge xml:id="vc-lnk151" from="vc-n114" to="penn-n886"/>
  <edge xml:id="vc-lnk150" from="vc-n113" to="penn-n883"/>
  <edge xml:id="vc-lnk149" from="vc-n112" to="penn-n878"/>
  <edge xml:id="vc-lnk148" from="vc-n111" to="penn-n873"/>
  <edge xml:id="vc-lnk147" from="vc-n110" to="penn-n870"/>
  <edge xml:id="vc-lnk146" from="vc-n110" to="penn-n869"/>
  <edge xml:id="vc-lnk145" from="vc-n109" to="penn-n866"/>
  <edge xml:id="vc-lnk144" from="vc-n108" to="penn-n853"/>
  <edge xml:id="vc-lnk143" from="vc-n107" to="penn-n838"/>
  <edge xml:id="vc-lnk142" from="vc-n106" to="penn-n828"/>
  <edge xml:id="vc-lnk141" from="vc-n105" to="penn-n817"/>
  <edge xml:id="vc-lnk140" from="vc-n104" to="penn-n802"/>
  <edge xml:id="vc-lnk139" from="vc-n103" to="penn-n801"/>
  <edge xml:id="vc-lnk138" from="vc-n103" to="penn-n800"/>
  <edge xml:id="vc-lnk137" from="vc-n102" to="penn-n793"/>
  <edge xml:id="vc-lnk136" from="vc-n102" to="penn-n792"/>
  <edge xml:id="vc-lnk135" from="vc-n101" to="penn-n791"/>
  <edge xml:id="vc-lnk134" from="vc-n100" to="penn-n786"/>
  <edge xml:id="vc-lnk133" from="vc-n99" to="penn-n783"/>
  <edge xml:id="vc-lnk132" from="vc-n98" to="penn-n776"/>
  <edge xml:id="vc-lnk131" from="vc-n97" to="penn-n762"/>
  <edge xml:id="vc-lnk130" from="vc-n96" to="penn-n754"/>
</graph>
