<graph xmlns="http://www.xces.org/ns/GrAF/1.0/" xmlns:graf="http://www.xces.org/ns/GrAF/1.0/">
  <graphHeader>
    <labelsDecl>
      <labelUsage label="vchunk" occurs="165"/>
    </labelsDecl>
    <dependencies>
      <dependsOn f.id="f.penn"/>
    </dependencies>
    <annotationSpaces>
      <annotationSpace as.id="anc"/>
    </annotationSpaces>
  </graphHeader>
  <node xml:id="vc-n0"/>
  <a xml:id="vc-N65567" label="vchunk" ref="vc-n0" as="anc">
    <fs>
      <f name="voice" value="active"/>
      <f name="tense" value="SimPre"/>
      <f name="type" value="FVG"/>
    </fs>
  </a>
  <node xml:id="vc-n1"/>
  <a xml:id="vc-N65591" label="vchunk" ref="vc-n1" as="anc">
    <fs>
      <f name="voice" value="active"/>
      <f name="tense" value="Inf"/>
      <f name="type" value="NFVG"/>
    </fs>
  </a>
  <node xml:id="vc-n10"/>
  <a xml:id="vc-N65615" label="vchunk" ref="vc-n10" as="anc">
    <fs>
      <f name="voice" value="active"/>
      <f name="tense" value="SimPas"/>
      <f name="type" value="FVG"/>
    </fs>
  </a>
  <node xml:id="vc-n100"/>
  <a xml:id="vc-N65639" label="vchunk" ref="vc-n100" as="anc">
    <fs>
      <f name="voice" value="active"/>
      <f name="tense" value="SimPas"/>
      <f name="type" value="FVG"/>
    </fs>
  </a>
  <node xml:id="vc-n101"/>
  <a xml:id="vc-N65663" label="vchunk" ref="vc-n101" as="anc">
    <fs>
      <f name="voice" value="passive"/>
      <f name="tense" value="SimPre"/>
      <f name="type" value="FVG"/>
    </fs>
  </a>
  <node xml:id="vc-n102"/>
  <a xml:id="vc-N65687" label="vchunk" ref="vc-n102" as="anc">
    <fs>
      <f name="voice" value="active"/>
      <f name="tense" value="SimPas"/>
      <f name="type" value="FVG"/>
    </fs>
  </a>
  <node xml:id="vc-n103"/>
  <a xml:id="vc-N65711" label="vchunk" ref="vc-n103" as="anc">
    <fs>
      <f name="voice" value="active"/>
      <f name="tense" value="SimPas"/>
      <f name="type" value="FVG"/>
    </fs>
  </a>
  <node xml:id="vc-n104"/>
  <a xml:id="vc-N65735" label="vchunk" ref="vc-n104" as="anc">
    <fs>
      <f name="voice" value="active"/>
      <f name="tense" value="Inf"/>
      <f name="type" value="NFVG"/>
    </fs>
  </a>
  <node xml:id="vc-n105"/>
  <a xml:id="vc-N65759" label="vchunk" ref="vc-n105" as="anc">
    <fs>
      <f name="voice" value="active"/>
      <f name="tense" value="Pre"/>
      <f name="type" value="PART"/>
    </fs>
  </a>
  <node xml:id="vc-n106"/>
  <a xml:id="vc-N65783" label="vchunk" ref="vc-n106" as="anc">
    <fs>
      <f name="voice" value="active"/>
      <f name="tense" value="Inf"/>
      <f name="type" value="NFVG"/>
    </fs>
  </a>
  <node xml:id="vc-n107"/>
  <a xml:id="vc-N65807" label="vchunk" ref="vc-n107" as="anc">
    <fs>
      <f name="voice" value="active"/>
      <f name="tense" value="SimPas"/>
      <f name="type" value="FVG"/>
    </fs>
  </a>
  <node xml:id="vc-n108"/>
  <a xml:id="vc-N65831" label="vchunk" ref="vc-n108" as="anc">
    <fs>
      <f name="voice" value="active"/>
      <f name="tense" value="SimPre"/>
      <f name="type" value="FVG"/>
    </fs>
  </a>
  <node xml:id="vc-n109"/>
  <a xml:id="vc-N65855" label="vchunk" ref="vc-n109" as="anc">
    <fs>
      <f name="voice" value="active"/>
      <f name="tense" value="Inf"/>
      <f name="type" value="NFVG"/>
    </fs>
  </a>
  <node xml:id="vc-n11"/>
  <a xml:id="vc-N65879" label="vchunk" ref="vc-n11" as="anc">
    <fs>
      <f name="voice" value="active"/>
      <f name="tense" value="Inf"/>
      <f name="type" value="NFVG"/>
    </fs>
  </a>
  <node xml:id="vc-n110"/>
  <a xml:id="vc-N65903" label="vchunk" ref="vc-n110" as="anc">
    <fs>
      <f name="voice" value="active"/>
      <f name="tense" value="SimPas"/>
      <f name="type" value="FVG"/>
    </fs>
  </a>
  <node xml:id="vc-n111"/>
  <a xml:id="vc-N65927" label="vchunk" ref="vc-n111" as="anc">
    <fs>
      <f name="voice" value="active"/>
      <f name="tense" value="PasCon"/>
      <f name="type" value="FVG"/>
    </fs>
  </a>
  <node xml:id="vc-n112"/>
  <a xml:id="vc-N65951" label="vchunk" ref="vc-n112" as="anc">
    <fs>
      <f name="voice" value="active"/>
      <f name="tense" value="Pre"/>
      <f name="type" value="PART"/>
    </fs>
  </a>
  <node xml:id="vc-n113"/>
  <a xml:id="vc-N65975" label="vchunk" ref="vc-n113" as="anc">
    <fs>
      <f name="voice" value="none"/>
      <f name="tense" value="Pas"/>
      <f name="type" value="PART"/>
    </fs>
  </a>
  <node xml:id="vc-n114"/>
  <a xml:id="vc-N65999" label="vchunk" ref="vc-n114" as="anc">
    <fs>
      <f name="voice" value="none"/>
      <f name="tense" value="Pas"/>
      <f name="type" value="PART"/>
    </fs>
  </a>
  <node xml:id="vc-n115"/>
  <a xml:id="vc-N66023" label="vchunk" ref="vc-n115" as="anc">
    <fs>
      <f name="voice" value="none"/>
      <f name="tense" value="none"/>
      <f name="type" value="MODAL"/>
    </fs>
  </a>
  <node xml:id="vc-n116"/>
  <a xml:id="vc-N66047" label="vchunk" ref="vc-n116" as="anc">
    <fs>
      <f name="voice" value="active"/>
      <f name="tense" value="SimPas"/>
      <f name="type" value="FVG"/>
    </fs>
  </a>
  <node xml:id="vc-n117"/>
  <a xml:id="vc-N66071" label="vchunk" ref="vc-n117" as="anc">
    <fs>
      <f name="voice" value="active"/>
      <f name="tense" value="Inf"/>
      <f name="type" value="NFVG"/>
    </fs>
  </a>
  <node xml:id="vc-n118"/>
  <a xml:id="vc-N66095" label="vchunk" ref="vc-n118" as="anc">
    <fs>
      <f name="voice" value="active"/>
      <f name="tense" value="SimPas"/>
      <f name="type" value="FVG"/>
    </fs>
  </a>
  <node xml:id="vc-n119"/>
  <a xml:id="vc-N66119" label="vchunk" ref="vc-n119" as="anc">
    <fs>
      <f name="voice" value="active"/>
      <f name="tense" value="SimPas"/>
      <f name="type" value="FVG"/>
    </fs>
  </a>
  <node xml:id="vc-n12"/>
  <a xml:id="vc-N66143" label="vchunk" ref="vc-n12" as="anc">
    <fs>
      <f name="voice" value="none"/>
      <f name="tense" value="none"/>
      <f name="type" value="MODAL"/>
      <f name="neg" value="no"/>
    </fs>
  </a>
  <node xml:id="vc-n120"/>
  <a xml:id="vc-N66171" label="vchunk" ref="vc-n120" as="anc">
    <fs>
      <f name="voice" value="active"/>
      <f name="tense" value="SimPas"/>
      <f name="type" value="FVG"/>
    </fs>
  </a>
  <node xml:id="vc-n121"/>
  <a xml:id="vc-N66195" label="vchunk" ref="vc-n121" as="anc">
    <fs>
      <f name="voice" value="active"/>
      <f name="tense" value="SimPas"/>
      <f name="type" value="FVG"/>
    </fs>
  </a>
  <node xml:id="vc-n122"/>
  <a xml:id="vc-N66219" label="vchunk" ref="vc-n122" as="anc">
    <fs>
      <f name="voice" value="active"/>
      <f name="tense" value="PasPer"/>
      <f name="type" value="FVG"/>
    </fs>
  </a>
  <node xml:id="vc-n123"/>
  <a xml:id="vc-N66243" label="vchunk" ref="vc-n123" as="anc">
    <fs>
      <f name="voice" value="active"/>
      <f name="tense" value="Pre"/>
      <f name="type" value="PART"/>
    </fs>
  </a>
  <node xml:id="vc-n124"/>
  <a xml:id="vc-N66267" label="vchunk" ref="vc-n124" as="anc">
    <fs>
      <f name="voice" value="active"/>
      <f name="tense" value="SimPre"/>
      <f name="type" value="FVG"/>
    </fs>
  </a>
  <node xml:id="vc-n125"/>
  <a xml:id="vc-N66291" label="vchunk" ref="vc-n125" as="anc">
    <fs>
      <f name="voice" value="none"/>
      <f name="tense" value="Pas"/>
      <f name="type" value="PART"/>
    </fs>
  </a>
  <node xml:id="vc-n126"/>
  <a xml:id="vc-N66315" label="vchunk" ref="vc-n126" as="anc">
    <fs>
      <f name="voice" value="active"/>
      <f name="tense" value="SimPas"/>
      <f name="type" value="FVG"/>
    </fs>
  </a>
  <node xml:id="vc-n127"/>
  <a xml:id="vc-N66339" label="vchunk" ref="vc-n127" as="anc">
    <fs>
      <f name="voice" value="active"/>
      <f name="tense" value="Inf"/>
      <f name="type" value="NFVG"/>
    </fs>
  </a>
  <node xml:id="vc-n128"/>
  <a xml:id="vc-N66363" label="vchunk" ref="vc-n128" as="anc">
    <fs>
      <f name="voice" value="active"/>
      <f name="tense" value="SimFut"/>
      <f name="type" value="FVG"/>
    </fs>
  </a>
  <node xml:id="vc-n129"/>
  <a xml:id="vc-N66387" label="vchunk" ref="vc-n129" as="anc">
    <fs>
      <f name="voice" value="none"/>
      <f name="tense" value="Pas"/>
      <f name="type" value="PART"/>
    </fs>
  </a>
  <node xml:id="vc-n13"/>
  <a xml:id="vc-N66411" label="vchunk" ref="vc-n13" as="anc">
    <fs>
      <f name="voice" value="active"/>
      <f name="tense" value="SimPas"/>
      <f name="type" value="FVG"/>
    </fs>
  </a>
  <node xml:id="vc-n130"/>
  <a xml:id="vc-N66435" label="vchunk" ref="vc-n130" as="anc">
    <fs>
      <f name="voice" value="passive"/>
      <f name="tense" value="SimPas"/>
      <f name="type" value="FVG"/>
    </fs>
  </a>
  <node xml:id="vc-n131"/>
  <a xml:id="vc-N66459" label="vchunk" ref="vc-n131" as="anc">
    <fs>
      <f name="voice" value="active"/>
      <f name="tense" value="SimPre"/>
      <f name="type" value="FVG"/>
    </fs>
  </a>
  <node xml:id="vc-n132"/>
  <a xml:id="vc-N66483" label="vchunk" ref="vc-n132" as="anc">
    <fs>
      <f name="voice" value="active"/>
      <f name="tense" value="SimPre"/>
      <f name="type" value="FVG"/>
    </fs>
  </a>
  <node xml:id="vc-n133"/>
  <a xml:id="vc-N66507" label="vchunk" ref="vc-n133" as="anc">
    <fs>
      <f name="voice" value="active"/>
      <f name="tense" value="SimPre"/>
      <f name="type" value="FVG"/>
    </fs>
  </a>
  <node xml:id="vc-n134"/>
  <a xml:id="vc-N66531" label="vchunk" ref="vc-n134" as="anc">
    <fs>
      <f name="voice" value="active"/>
      <f name="tense" value="SimPre"/>
      <f name="type" value="FVG"/>
    </fs>
  </a>
  <node xml:id="vc-n135"/>
  <a xml:id="vc-N66555" label="vchunk" ref="vc-n135" as="anc">
    <fs>
      <f name="voice" value="none"/>
      <f name="tense" value="none"/>
      <f name="type" value="MODAL"/>
    </fs>
  </a>
  <node xml:id="vc-n136"/>
  <a xml:id="vc-N66579" label="vchunk" ref="vc-n136" as="anc">
    <fs>
      <f name="voice" value="active"/>
      <f name="tense" value="SimPas"/>
      <f name="type" value="FVG"/>
    </fs>
  </a>
  <node xml:id="vc-n137"/>
  <a xml:id="vc-N66603" label="vchunk" ref="vc-n137" as="anc">
    <fs>
      <f name="type" value="FVG"/>
      <f name="tense" value="SimPas"/>
      <f name="voice" value="active"/>
      <f name="neg" value="yes"/>
    </fs>
  </a>
  <node xml:id="vc-n138"/>
  <a xml:id="vc-N66631" label="vchunk" ref="vc-n138" as="anc">
    <fs>
      <f name="voice" value="active"/>
      <f name="tense" value="SimPre"/>
      <f name="type" value="FVG"/>
    </fs>
  </a>
  <node xml:id="vc-n139"/>
  <a xml:id="vc-N66655" label="vchunk" ref="vc-n139" as="anc">
    <fs>
      <f name="neg" value="no"/>
      <f name="tense" value="SimPas"/>
      <f name="type" value="FVG"/>
      <f name="voice" value="active"/>
    </fs>
  </a>
  <node xml:id="vc-n14"/>
  <a xml:id="vc-N66683" label="vchunk" ref="vc-n14" as="anc">
    <fs>
      <f name="voice" value="none"/>
      <f name="tense" value="Pas"/>
      <f name="type" value="PART"/>
    </fs>
  </a>
  <node xml:id="vc-n140"/>
  <a xml:id="vc-N66707" label="vchunk" ref="vc-n140" as="anc">
    <fs>
      <f name="voice" value="none"/>
      <f name="tense" value="Pas"/>
      <f name="type" value="PART"/>
    </fs>
  </a>
  <node xml:id="vc-n141"/>
  <a xml:id="vc-N66731" label="vchunk" ref="vc-n141" as="anc">
    <fs>
      <f name="voice" value="active"/>
      <f name="tense" value="SimPas"/>
      <f name="type" value="FVG"/>
    </fs>
  </a>
  <node xml:id="vc-n142"/>
  <a xml:id="vc-N66755" label="vchunk" ref="vc-n142" as="anc">
    <fs>
      <f name="voice" value="active"/>
      <f name="tense" value="SimPas"/>
      <f name="type" value="FVG"/>
    </fs>
  </a>
  <node xml:id="vc-n143"/>
  <a xml:id="vc-N66779" label="vchunk" ref="vc-n143" as="anc">
    <fs>
      <f name="voice" value="active"/>
      <f name="tense" value="Inf"/>
      <f name="type" value="NFVG"/>
    </fs>
  </a>
  <node xml:id="vc-n144"/>
  <a xml:id="vc-N66803" label="vchunk" ref="vc-n144" as="anc">
    <fs>
      <f name="voice" value="active"/>
      <f name="tense" value="Pre"/>
      <f name="type" value="PART"/>
    </fs>
  </a>
  <node xml:id="vc-n145"/>
  <a xml:id="vc-N66827" label="vchunk" ref="vc-n145" as="anc">
    <fs>
      <f name="voice" value="active"/>
      <f name="tense" value="Inf"/>
      <f name="type" value="NFVG"/>
    </fs>
  </a>
  <node xml:id="vc-n146"/>
  <a xml:id="vc-N66851" label="vchunk" ref="vc-n146" as="anc">
    <fs>
      <f name="voice" value="none"/>
      <f name="tense" value="Pas"/>
      <f name="type" value="PART"/>
    </fs>
  </a>
  <node xml:id="vc-n147"/>
  <a xml:id="vc-N66875" label="vchunk" ref="vc-n147" as="anc">
    <fs>
      <f name="voice" value="active"/>
      <f name="tense" value="SimPas"/>
      <f name="type" value="FVG"/>
    </fs>
  </a>
  <node xml:id="vc-n148"/>
  <a xml:id="vc-N66899" label="vchunk" ref="vc-n148" as="anc">
    <fs>
      <f name="voice" value="none"/>
      <f name="tense" value="Pas"/>
      <f name="type" value="PART"/>
    </fs>
  </a>
  <node xml:id="vc-n149"/>
  <a xml:id="vc-N66923" label="vchunk" ref="vc-n149" as="anc">
    <fs>
      <f name="voice" value="active"/>
      <f name="tense" value="SimPas"/>
      <f name="type" value="FVG"/>
    </fs>
  </a>
  <node xml:id="vc-n15"/>
  <a xml:id="vc-N66947" label="vchunk" ref="vc-n15" as="anc">
    <fs>
      <f name="voice" value="active"/>
      <f name="tense" value="PasPer"/>
      <f name="type" value="FVG"/>
    </fs>
  </a>
  <node xml:id="vc-n150"/>
  <a xml:id="vc-N66971" label="vchunk" ref="vc-n150" as="anc">
    <fs>
      <f name="voice" value="active"/>
      <f name="tense" value="SimPas"/>
      <f name="type" value="FVG"/>
    </fs>
  </a>
  <node xml:id="vc-n151"/>
  <a xml:id="vc-N66995" label="vchunk" ref="vc-n151" as="anc">
    <fs>
      <f name="voice" value="active"/>
      <f name="tense" value="Inf"/>
      <f name="type" value="NFVG"/>
    </fs>
  </a>
  <node xml:id="vc-n152"/>
  <a xml:id="vc-N67019" label="vchunk" ref="vc-n152" as="anc">
    <fs>
      <f name="voice" value="active"/>
      <f name="tense" value="SimPre"/>
      <f name="type" value="FVG"/>
    </fs>
  </a>
  <node xml:id="vc-n153"/>
  <a xml:id="vc-N67043" label="vchunk" ref="vc-n153" as="anc">
    <fs>
      <f name="type" value="FVG"/>
      <f name="tense" value="SimPre"/>
      <f name="voice" value="active"/>
      <f name="neg" value="yes"/>
    </fs>
  </a>
  <node xml:id="vc-n154"/>
  <a xml:id="vc-N67071" label="vchunk" ref="vc-n154" as="anc">
    <fs>
      <f name="voice" value="active"/>
      <f name="tense" value="Inf"/>
      <f name="type" value="NFVG"/>
    </fs>
  </a>
  <node xml:id="vc-n155"/>
  <a xml:id="vc-N67095" label="vchunk" ref="vc-n155" as="anc">
    <fs>
      <f name="voice" value="active"/>
      <f name="tense" value="Inf"/>
      <f name="type" value="NFVG"/>
    </fs>
  </a>
  <node xml:id="vc-n156"/>
  <a xml:id="vc-N67119" label="vchunk" ref="vc-n156" as="anc">
    <fs>
      <f name="voice" value="none"/>
      <f name="tense" value="none"/>
      <f name="type" value="MODAL"/>
    </fs>
  </a>
  <node xml:id="vc-n157"/>
  <a xml:id="vc-N67143" label="vchunk" ref="vc-n157" as="anc">
    <fs>
      <f name="voice" value="active"/>
      <f name="tense" value="SimFut"/>
      <f name="type" value="FVG"/>
    </fs>
  </a>
  <node xml:id="vc-n158"/>
  <a xml:id="vc-N67167" label="vchunk" ref="vc-n158" as="anc">
    <fs>
      <f name="voice" value="active"/>
      <f name="tense" value="SimFut"/>
      <f name="type" value="FVG"/>
    </fs>
  </a>
  <node xml:id="vc-n159"/>
  <a xml:id="vc-N67191" label="vchunk" ref="vc-n159" as="anc">
    <fs>
      <f name="voice" value="none"/>
      <f name="tense" value="none"/>
      <f name="type" value="MODAL"/>
    </fs>
  </a>
  <node xml:id="vc-n16"/>
  <a xml:id="vc-N67215" label="vchunk" ref="vc-n16" as="anc">
    <fs>
      <f name="voice" value="none"/>
      <f name="tense" value="Pas"/>
      <f name="type" value="PART"/>
    </fs>
  </a>
  <node xml:id="vc-n160"/>
  <a xml:id="vc-N67239" label="vchunk" ref="vc-n160" as="anc">
    <fs>
      <f name="voice" value="active"/>
      <f name="tense" value="SimFut"/>
      <f name="type" value="FVG"/>
    </fs>
  </a>
  <node xml:id="vc-n161"/>
  <a xml:id="vc-N67263" label="vchunk" ref="vc-n161" as="anc">
    <fs>
      <f name="voice" value="active"/>
      <f name="tense" value="SimPre"/>
      <f name="type" value="FVG"/>
    </fs>
  </a>
  <node xml:id="vc-n162"/>
  <a xml:id="vc-N67287" label="vchunk" ref="vc-n162" as="anc">
    <fs>
      <f name="voice" value="active"/>
      <f name="tense" value="SimPre"/>
      <f name="type" value="FVG"/>
    </fs>
  </a>
  <node xml:id="vc-n163"/>
  <a xml:id="vc-N67311" label="vchunk" ref="vc-n163" as="anc">
    <fs>
      <f name="voice" value="active"/>
      <f name="tense" value="Pre"/>
      <f name="type" value="PART"/>
    </fs>
  </a>
  <node xml:id="vc-n164"/>
  <a xml:id="vc-N67335" label="vchunk" ref="vc-n164" as="anc">
    <fs>
      <f name="voice" value="active"/>
      <f name="tense" value="Pre"/>
      <f name="type" value="PART"/>
    </fs>
  </a>
  <node xml:id="vc-n17"/>
  <a xml:id="vc-N67359" label="vchunk" ref="vc-n17" as="anc">
    <fs>
      <f name="voice" value="active"/>
      <f name="tense" value="Inf"/>
      <f name="type" value="NFVG"/>
    </fs>
  </a>
  <node xml:id="vc-n18"/>
  <a xml:id="vc-N67383" label="vchunk" ref="vc-n18" as="anc">
    <fs>
      <f name="voice" value="active"/>
      <f name="tense" value="Pre"/>
      <f name="type" value="PART"/>
    </fs>
  </a>
  <node xml:id="vc-n19"/>
  <a xml:id="vc-N67407" label="vchunk" ref="vc-n19" as="anc">
    <fs>
      <f name="voice" value="active"/>
      <f name="tense" value="SimPre"/>
      <f name="type" value="FVG"/>
    </fs>
  </a>
  <node xml:id="vc-n2"/>
  <a xml:id="vc-N67431" label="vchunk" ref="vc-n2" as="anc">
    <fs>
      <f name="voice" value="active"/>
      <f name="tense" value="SimPre"/>
      <f name="type" value="FVG"/>
    </fs>
  </a>
  <node xml:id="vc-n20"/>
  <a xml:id="vc-N67455" label="vchunk" ref="vc-n20" as="anc">
    <fs>
      <f name="voice" value="active"/>
      <f name="tense" value="SimPas"/>
      <f name="type" value="FVG"/>
    </fs>
  </a>
  <node xml:id="vc-n21"/>
  <a xml:id="vc-N67479" label="vchunk" ref="vc-n21" as="anc">
    <fs>
      <f name="voice" value="active"/>
      <f name="tense" value="SimPre"/>
      <f name="type" value="FVG"/>
    </fs>
  </a>
  <node xml:id="vc-n22"/>
  <a xml:id="vc-N67503" label="vchunk" ref="vc-n22" as="anc">
    <fs>
      <f name="voice" value="active"/>
      <f name="tense" value="SimPre"/>
      <f name="type" value="FVG"/>
    </fs>
  </a>
  <node xml:id="vc-n23"/>
  <a xml:id="vc-N67527" label="vchunk" ref="vc-n23" as="anc">
    <fs>
      <f name="voice" value="active"/>
      <f name="tense" value="SimFut"/>
      <f name="type" value="FVG"/>
    </fs>
  </a>
  <node xml:id="vc-n24"/>
  <a xml:id="vc-N67551" label="vchunk" ref="vc-n24" as="anc">
    <fs>
      <f name="voice" value="active"/>
      <f name="tense" value="SimFut"/>
      <f name="type" value="FVG"/>
    </fs>
  </a>
  <node xml:id="vc-n25"/>
  <a xml:id="vc-N67575" label="vchunk" ref="vc-n25" as="anc">
    <fs>
      <f name="voice" value="active"/>
      <f name="tense" value="Pre"/>
      <f name="type" value="PART"/>
    </fs>
  </a>
  <node xml:id="vc-n26"/>
  <a xml:id="vc-N67599" label="vchunk" ref="vc-n26" as="anc">
    <fs>
      <f name="voice" value="active"/>
      <f name="tense" value="SimPas"/>
      <f name="type" value="FVG"/>
    </fs>
  </a>
  <node xml:id="vc-n27"/>
  <a xml:id="vc-N67623" label="vchunk" ref="vc-n27" as="anc">
    <fs>
      <f name="voice" value="active"/>
      <f name="tense" value="Inf"/>
      <f name="type" value="NFVG"/>
    </fs>
  </a>
  <node xml:id="vc-n28"/>
  <a xml:id="vc-N67647" label="vchunk" ref="vc-n28" as="anc">
    <fs>
      <f name="voice" value="active"/>
      <f name="tense" value="SimPas"/>
      <f name="type" value="FVG"/>
    </fs>
  </a>
  <node xml:id="vc-n29"/>
  <a xml:id="vc-N67671" label="vchunk" ref="vc-n29" as="anc">
    <fs>
      <f name="voice" value="active"/>
      <f name="tense" value="SimPre"/>
      <f name="type" value="FVG"/>
    </fs>
  </a>
  <node xml:id="vc-n3"/>
  <a xml:id="vc-N67695" label="vchunk" ref="vc-n3" as="anc">
    <fs>
      <f name="voice" value="none"/>
      <f name="tense" value="none"/>
      <f name="type" value="MODAL"/>
    </fs>
  </a>
  <node xml:id="vc-n30"/>
  <a xml:id="vc-N67719" label="vchunk" ref="vc-n30" as="anc">
    <fs>
      <f name="voice" value="active"/>
      <f name="tense" value="SimPre"/>
      <f name="type" value="FVG"/>
    </fs>
  </a>
  <node xml:id="vc-n31"/>
  <a xml:id="vc-N67743" label="vchunk" ref="vc-n31" as="anc">
    <fs>
      <f name="voice" value="active"/>
      <f name="tense" value="SimPas"/>
      <f name="type" value="FVG"/>
    </fs>
  </a>
  <node xml:id="vc-n32"/>
  <a xml:id="vc-N67767" label="vchunk" ref="vc-n32" as="anc">
    <fs>
      <f name="voice" value="active"/>
      <f name="tense" value="Inf"/>
      <f name="type" value="NFVG"/>
    </fs>
  </a>
  <node xml:id="vc-n33"/>
  <a xml:id="vc-N67791" label="vchunk" ref="vc-n33" as="anc">
    <fs>
      <f name="voice" value="passive"/>
      <f name="tense" value="SimPre"/>
      <f name="type" value="FVG"/>
    </fs>
  </a>
  <node xml:id="vc-n34"/>
  <a xml:id="vc-N67815" label="vchunk" ref="vc-n34" as="anc">
    <fs>
      <f name="voice" value="active"/>
      <f name="tense" value="Inf"/>
      <f name="type" value="NFVG"/>
    </fs>
  </a>
  <node xml:id="vc-n35"/>
  <a xml:id="vc-N67839" label="vchunk" ref="vc-n35" as="anc">
    <fs>
      <f name="voice" value="active"/>
      <f name="tense" value="SimPre"/>
      <f name="type" value="FVG"/>
    </fs>
  </a>
  <node xml:id="vc-n36"/>
  <a xml:id="vc-N67863" label="vchunk" ref="vc-n36" as="anc">
    <fs>
      <f name="voice" value="active"/>
      <f name="tense" value="Pre"/>
      <f name="type" value="PART"/>
    </fs>
  </a>
  <node xml:id="vc-n37"/>
  <a xml:id="vc-N67887" label="vchunk" ref="vc-n37" as="anc">
    <fs>
      <f name="voice" value="active"/>
      <f name="tense" value="SimPre"/>
      <f name="type" value="FVG"/>
    </fs>
  </a>
  <node xml:id="vc-n38"/>
  <a xml:id="vc-N67911" label="vchunk" ref="vc-n38" as="anc">
    <fs>
      <f name="voice" value="none"/>
      <f name="tense" value="BeVBN"/>
      <f name="type" value="MODAL"/>
    </fs>
  </a>
  <node xml:id="vc-n39"/>
  <a xml:id="vc-N67935" label="vchunk" ref="vc-n39" as="anc">
    <fs>
      <f name="voice" value="none"/>
      <f name="tense" value="BeVBN"/>
      <f name="type" value="MODAL"/>
    </fs>
  </a>
  <node xml:id="vc-n4"/>
  <a xml:id="vc-N67959" label="vchunk" ref="vc-n4" as="anc">
    <fs>
      <f name="voice" value="none"/>
      <f name="tense" value="none"/>
      <f name="type" value="MODAL"/>
    </fs>
  </a>
  <node xml:id="vc-n40"/>
  <a xml:id="vc-N67983" label="vchunk" ref="vc-n40" as="anc">
    <fs>
      <f name="voice" value="none"/>
      <f name="tense" value="Pas"/>
      <f name="type" value="PART"/>
    </fs>
  </a>
  <node xml:id="vc-n41"/>
  <a xml:id="vc-N68007" label="vchunk" ref="vc-n41" as="anc">
    <fs>
      <f name="voice" value="active"/>
      <f name="tense" value="SimPre"/>
      <f name="type" value="FVG"/>
    </fs>
  </a>
  <node xml:id="vc-n42"/>
  <a xml:id="vc-N68031" label="vchunk" ref="vc-n42" as="anc">
    <fs>
      <f name="voice" value="none"/>
      <f name="tense" value="none"/>
      <f name="type" value="MODAL"/>
    </fs>
  </a>
  <node xml:id="vc-n43"/>
  <a xml:id="vc-N68055" label="vchunk" ref="vc-n43" as="anc">
    <fs>
      <f name="voice" value="active"/>
      <f name="tense" value="Inf"/>
      <f name="type" value="NFVG"/>
    </fs>
  </a>
  <node xml:id="vc-n44"/>
  <a xml:id="vc-N68079" label="vchunk" ref="vc-n44" as="anc">
    <fs>
      <f name="voice" value="active"/>
      <f name="tense" value="SimPre"/>
      <f name="type" value="FVG"/>
    </fs>
  </a>
  <node xml:id="vc-n45"/>
  <a xml:id="vc-N68103" label="vchunk" ref="vc-n45" as="anc">
    <fs>
      <f name="voice" value="active"/>
      <f name="tense" value="Pre"/>
      <f name="type" value="PART"/>
    </fs>
  </a>
  <node xml:id="vc-n46"/>
  <a xml:id="vc-N68127" label="vchunk" ref="vc-n46" as="anc">
    <fs>
      <f name="voice" value="active"/>
      <f name="tense" value="Pre"/>
      <f name="type" value="PART"/>
    </fs>
  </a>
  <node xml:id="vc-n47"/>
  <a xml:id="vc-N68151" label="vchunk" ref="vc-n47" as="anc">
    <fs>
      <f name="voice" value="active"/>
      <f name="tense" value="SimPre"/>
      <f name="type" value="FVG"/>
    </fs>
  </a>
  <node xml:id="vc-n48"/>
  <a xml:id="vc-N68175" label="vchunk" ref="vc-n48" as="anc">
    <fs>
      <f name="voice" value="none"/>
      <f name="tense" value="BeVBN"/>
      <f name="type" value="MODAL"/>
    </fs>
  </a>
  <node xml:id="vc-n49"/>
  <a xml:id="vc-N68199" label="vchunk" ref="vc-n49" as="anc">
    <fs>
      <f name="voice" value="active"/>
      <f name="tense" value="SimPre"/>
      <f name="type" value="FVG"/>
    </fs>
  </a>
  <node xml:id="vc-n5"/>
  <a xml:id="vc-N68223" label="vchunk" ref="vc-n5" as="anc">
    <fs>
      <f name="voice" value="active"/>
      <f name="tense" value="SimFut"/>
      <f name="type" value="FVG"/>
    </fs>
  </a>
  <node xml:id="vc-n50"/>
  <a xml:id="vc-N68247" label="vchunk" ref="vc-n50" as="anc">
    <fs>
      <f name="voice" value="active"/>
      <f name="tense" value="SimFut"/>
      <f name="type" value="FVG"/>
    </fs>
  </a>
  <node xml:id="vc-n51"/>
  <a xml:id="vc-N68271" label="vchunk" ref="vc-n51" as="anc">
    <fs>
      <f name="voice" value="active"/>
      <f name="tense" value="Inf"/>
      <f name="type" value="NFVG"/>
    </fs>
  </a>
  <node xml:id="vc-n52"/>
  <a xml:id="vc-N68295" label="vchunk" ref="vc-n52" as="anc">
    <fs>
      <f name="voice" value="active"/>
      <f name="tense" value="SimPre"/>
      <f name="type" value="FVG"/>
    </fs>
  </a>
  <node xml:id="vc-n53"/>
  <a xml:id="vc-N68319" label="vchunk" ref="vc-n53" as="anc">
    <fs>
      <f name="voice" value="active"/>
      <f name="tense" value="Inf"/>
      <f name="type" value="NFVG"/>
    </fs>
  </a>
  <node xml:id="vc-n54"/>
  <a xml:id="vc-N68343" label="vchunk" ref="vc-n54" as="anc">
    <fs>
      <f name="voice" value="active"/>
      <f name="tense" value="SimPre"/>
      <f name="type" value="FVG"/>
    </fs>
  </a>
  <node xml:id="vc-n55"/>
  <a xml:id="vc-N68367" label="vchunk" ref="vc-n55" as="anc">
    <fs>
      <f name="voice" value="active"/>
      <f name="tense" value="SimPre"/>
      <f name="type" value="FVG"/>
    </fs>
  </a>
  <node xml:id="vc-n56"/>
  <a xml:id="vc-N68391" label="vchunk" ref="vc-n56" as="anc">
    <fs>
      <f name="voice" value="active"/>
      <f name="tense" value="SimFut"/>
      <f name="type" value="FVG"/>
    </fs>
  </a>
  <node xml:id="vc-n57"/>
  <a xml:id="vc-N68415" label="vchunk" ref="vc-n57" as="anc">
    <fs>
      <f name="voice" value="active"/>
      <f name="tense" value="SimPre"/>
      <f name="type" value="FVG"/>
    </fs>
  </a>
  <node xml:id="vc-n58"/>
  <a xml:id="vc-N68439" label="vchunk" ref="vc-n58" as="anc">
    <fs>
      <f name="voice" value="active"/>
      <f name="tense" value="SimPre"/>
      <f name="type" value="FVG"/>
    </fs>
  </a>
  <node xml:id="vc-n59"/>
  <a xml:id="vc-N68463" label="vchunk" ref="vc-n59" as="anc">
    <fs>
      <f name="voice" value="active"/>
      <f name="tense" value="SimFut"/>
      <f name="type" value="FVG"/>
    </fs>
  </a>
  <node xml:id="vc-n6"/>
  <a xml:id="vc-N68487" label="vchunk" ref="vc-n6" as="anc">
    <fs>
      <f name="voice" value="active"/>
      <f name="tense" value="Pre"/>
      <f name="type" value="PART"/>
    </fs>
  </a>
  <node xml:id="vc-n60"/>
  <a xml:id="vc-N68511" label="vchunk" ref="vc-n60" as="anc">
    <fs>
      <f name="voice" value="active"/>
      <f name="tense" value="SimPre"/>
      <f name="type" value="FVG"/>
    </fs>
  </a>
  <node xml:id="vc-n61"/>
  <a xml:id="vc-N68535" label="vchunk" ref="vc-n61" as="anc">
    <fs>
      <f name="voice" value="active"/>
      <f name="tense" value="Inf"/>
      <f name="type" value="NFVG"/>
    </fs>
  </a>
  <node xml:id="vc-n62"/>
  <a xml:id="vc-N68559" label="vchunk" ref="vc-n62" as="anc">
    <fs>
      <f name="voice" value="active"/>
      <f name="tense" value="SimPre"/>
      <f name="type" value="FVG"/>
    </fs>
  </a>
  <node xml:id="vc-n63"/>
  <a xml:id="vc-N68583" label="vchunk" ref="vc-n63" as="anc">
    <fs>
      <f name="voice" value="active"/>
      <f name="tense" value="SimPre"/>
      <f name="type" value="FVG"/>
    </fs>
  </a>
  <node xml:id="vc-n64"/>
  <a xml:id="vc-N68607" label="vchunk" ref="vc-n64" as="anc">
    <fs>
      <f name="voice" value="active"/>
      <f name="tense" value="SimPre"/>
      <f name="type" value="FVG"/>
    </fs>
  </a>
  <node xml:id="vc-n65"/>
  <a xml:id="vc-N68631" label="vchunk" ref="vc-n65" as="anc">
    <fs>
      <f name="voice" value="active"/>
      <f name="tense" value="Inf"/>
      <f name="type" value="NFVG"/>
    </fs>
  </a>
  <node xml:id="vc-n66"/>
  <a xml:id="vc-N68655" label="vchunk" ref="vc-n66" as="anc">
    <fs>
      <f name="voice" value="active"/>
      <f name="tense" value="SimPas"/>
      <f name="type" value="FVG"/>
    </fs>
  </a>
  <node xml:id="vc-n67"/>
  <a xml:id="vc-N68679" label="vchunk" ref="vc-n67" as="anc">
    <fs>
      <f name="voice" value="active"/>
      <f name="tense" value="Inf"/>
      <f name="type" value="NFVG"/>
    </fs>
  </a>
  <node xml:id="vc-n68"/>
  <a xml:id="vc-N68703" label="vchunk" ref="vc-n68" as="anc">
    <fs>
      <f name="voice" value="active"/>
      <f name="tense" value="SimPre"/>
      <f name="type" value="FVG"/>
    </fs>
  </a>
  <node xml:id="vc-n69"/>
  <a xml:id="vc-N68727" label="vchunk" ref="vc-n69" as="anc">
    <fs>
      <f name="voice" value="active"/>
      <f name="tense" value="Inf"/>
      <f name="type" value="NFVG"/>
    </fs>
  </a>
  <node xml:id="vc-n7"/>
  <a xml:id="vc-N68751" label="vchunk" ref="vc-n7" as="anc">
    <fs>
      <f name="voice" value="active"/>
      <f name="tense" value="Pre"/>
      <f name="type" value="PART"/>
    </fs>
  </a>
  <node xml:id="vc-n70"/>
  <a xml:id="vc-N68775" label="vchunk" ref="vc-n70" as="anc">
    <fs>
      <f name="voice" value="none"/>
      <f name="tense" value="none"/>
      <f name="type" value="MODAL"/>
    </fs>
  </a>
  <node xml:id="vc-n71"/>
  <a xml:id="vc-N68799" label="vchunk" ref="vc-n71" as="anc">
    <fs>
      <f name="neg" value="no"/>
      <f name="tense" value="SimPas"/>
      <f name="type" value="FVG"/>
      <f name="voice" value="active"/>
    </fs>
  </a>
  <node xml:id="vc-n72"/>
  <a xml:id="vc-N68827" label="vchunk" ref="vc-n72" as="anc">
    <fs>
      <f name="voice" value="active"/>
      <f name="tense" value="Pre"/>
      <f name="type" value="PART"/>
    </fs>
  </a>
  <node xml:id="vc-n73"/>
  <a xml:id="vc-N68851" label="vchunk" ref="vc-n73" as="anc">
    <fs>
      <f name="voice" value="active"/>
      <f name="tense" value="SimPas"/>
      <f name="type" value="FVG"/>
    </fs>
  </a>
  <node xml:id="vc-n74"/>
  <a xml:id="vc-N68875" label="vchunk" ref="vc-n74" as="anc">
    <fs>
      <f name="neg" value="no"/>
      <f name="tense" value="SimPre"/>
      <f name="type" value="FVG"/>
      <f name="voice" value="active"/>
    </fs>
  </a>
  <node xml:id="vc-n75"/>
  <a xml:id="vc-N68903" label="vchunk" ref="vc-n75" as="anc">
    <fs>
      <f name="voice" value="none"/>
      <f name="tense" value="Pas"/>
      <f name="type" value="PART"/>
    </fs>
  </a>
  <node xml:id="vc-n76"/>
  <a xml:id="vc-N68927" label="vchunk" ref="vc-n76" as="anc">
    <fs>
      <f name="voice" value="none"/>
      <f name="tense" value="Pas"/>
      <f name="type" value="PART"/>
    </fs>
  </a>
  <node xml:id="vc-n77"/>
  <a xml:id="vc-N68951" label="vchunk" ref="vc-n77" as="anc">
    <fs>
      <f name="voice" value="none"/>
      <f name="tense" value="Pas"/>
      <f name="type" value="PART"/>
    </fs>
  </a>
  <node xml:id="vc-n78"/>
  <a xml:id="vc-N68975" label="vchunk" ref="vc-n78" as="anc">
    <fs>
      <f name="voice" value="none"/>
      <f name="tense" value="Pas"/>
      <f name="type" value="PART"/>
    </fs>
  </a>
  <node xml:id="vc-n79"/>
  <a xml:id="vc-N68999" label="vchunk" ref="vc-n79" as="anc">
    <fs>
      <f name="voice" value="none"/>
      <f name="tense" value="Pas"/>
      <f name="type" value="PART"/>
    </fs>
  </a>
  <node xml:id="vc-n8"/>
  <a xml:id="vc-N69023" label="vchunk" ref="vc-n8" as="anc">
    <fs>
      <f name="voice" value="active"/>
      <f name="tense" value="SimFut"/>
      <f name="type" value="FVG"/>
    </fs>
  </a>
  <node xml:id="vc-n80"/>
  <a xml:id="vc-N69047" label="vchunk" ref="vc-n80" as="anc">
    <fs>
      <f name="voice" value="active"/>
      <f name="tense" value="Inf"/>
      <f name="type" value="NFVG"/>
    </fs>
  </a>
  <node xml:id="vc-n81"/>
  <a xml:id="vc-N69071" label="vchunk" ref="vc-n81" as="anc">
    <fs>
      <f name="voice" value="active"/>
      <f name="tense" value="SimPas"/>
      <f name="type" value="FVG"/>
    </fs>
  </a>
  <node xml:id="vc-n82"/>
  <a xml:id="vc-N69095" label="vchunk" ref="vc-n82" as="anc">
    <fs>
      <f name="voice" value="active"/>
      <f name="tense" value="PasCon"/>
      <f name="type" value="FVG"/>
    </fs>
  </a>
  <node xml:id="vc-n83"/>
  <a xml:id="vc-N69119" label="vchunk" ref="vc-n83" as="anc">
    <fs>
      <f name="voice" value="none"/>
      <f name="tense" value="none"/>
      <f name="type" value="MODAL"/>
    </fs>
  </a>
  <node xml:id="vc-n84"/>
  <a xml:id="vc-N69143" label="vchunk" ref="vc-n84" as="anc">
    <fs>
      <f name="voice" value="active"/>
      <f name="tense" value="SimPre"/>
      <f name="type" value="FVG"/>
    </fs>
  </a>
  <node xml:id="vc-n85"/>
  <a xml:id="vc-N69167" label="vchunk" ref="vc-n85" as="anc">
    <fs>
      <f name="voice" value="passive"/>
      <f name="tense" value="SimPas"/>
      <f name="type" value="FVG"/>
    </fs>
  </a>
  <node xml:id="vc-n86"/>
  <a xml:id="vc-N69191" label="vchunk" ref="vc-n86" as="anc">
    <fs>
      <f name="voice" value="active"/>
      <f name="tense" value="SimPas"/>
      <f name="type" value="FVG"/>
    </fs>
  </a>
  <node xml:id="vc-n87"/>
  <a xml:id="vc-N69215" label="vchunk" ref="vc-n87" as="anc">
    <fs>
      <f name="voice" value="active"/>
      <f name="tense" value="SimPre"/>
      <f name="type" value="FVG"/>
    </fs>
  </a>
  <node xml:id="vc-n88"/>
  <a xml:id="vc-N69239" label="vchunk" ref="vc-n88" as="anc">
    <fs>
      <f name="voice" value="passive"/>
      <f name="tense" value="SimPas"/>
      <f name="type" value="FVG"/>
    </fs>
  </a>
  <node xml:id="vc-n89"/>
  <a xml:id="vc-N69263" label="vchunk" ref="vc-n89" as="anc">
    <fs>
      <f name="voice" value="active"/>
      <f name="tense" value="SimPas"/>
      <f name="type" value="FVG"/>
    </fs>
  </a>
  <node xml:id="vc-n9"/>
  <a xml:id="vc-N69287" label="vchunk" ref="vc-n9" as="anc">
    <fs>
      <f name="voice" value="active"/>
      <f name="tense" value="SimFut"/>
      <f name="type" value="FVG"/>
    </fs>
  </a>
  <node xml:id="vc-n90"/>
  <a xml:id="vc-N69311" label="vchunk" ref="vc-n90" as="anc">
    <fs>
      <f name="voice" value="none"/>
      <f name="tense" value="Pas"/>
      <f name="type" value="PART"/>
    </fs>
  </a>
  <node xml:id="vc-n91"/>
  <a xml:id="vc-N69335" label="vchunk" ref="vc-n91" as="anc">
    <fs>
      <f name="voice" value="passive"/>
      <f name="tense" value="SimPas"/>
      <f name="type" value="FVG"/>
    </fs>
  </a>
  <node xml:id="vc-n92"/>
  <a xml:id="vc-N69359" label="vchunk" ref="vc-n92" as="anc">
    <fs>
      <f name="voice" value="active"/>
      <f name="tense" value="SimPas"/>
      <f name="type" value="FVG"/>
    </fs>
  </a>
  <node xml:id="vc-n93"/>
  <a xml:id="vc-N69383" label="vchunk" ref="vc-n93" as="anc">
    <fs>
      <f name="voice" value="active"/>
      <f name="tense" value="SimPre"/>
      <f name="type" value="FVG"/>
    </fs>
  </a>
  <node xml:id="vc-n94"/>
  <a xml:id="vc-N69407" label="vchunk" ref="vc-n94" as="anc">
    <fs>
      <f name="voice" value="none"/>
      <f name="tense" value="Pas"/>
      <f name="type" value="PART"/>
    </fs>
  </a>
  <node xml:id="vc-n95"/>
  <a xml:id="vc-N69431" label="vchunk" ref="vc-n95" as="anc">
    <fs>
      <f name="voice" value="active"/>
      <f name="tense" value="Inf"/>
      <f name="type" value="NFVG"/>
    </fs>
  </a>
  <node xml:id="vc-n96"/>
  <a xml:id="vc-N69455" label="vchunk" ref="vc-n96" as="anc">
    <fs>
      <f name="voice" value="none"/>
      <f name="tense" value="Pas"/>
      <f name="type" value="PART"/>
    </fs>
  </a>
  <node xml:id="vc-n97"/>
  <a xml:id="vc-N69479" label="vchunk" ref="vc-n97" as="anc">
    <fs>
      <f name="voice" value="active"/>
      <f name="tense" value="Inf"/>
      <f name="type" value="NFVG"/>
    </fs>
  </a>
  <node xml:id="vc-n98"/>
  <a xml:id="vc-N69503" label="vchunk" ref="vc-n98" as="anc">
    <fs>
      <f name="voice" value="passive"/>
      <f name="tense" value="SimPas"/>
      <f name="type" value="FVG"/>
    </fs>
  </a>
  <node xml:id="vc-n99"/>
  <a xml:id="vc-N69527" label="vchunk" ref="vc-n99" as="anc">
    <fs>
      <f name="voice" value="active"/>
      <f name="tense" value="SimPas"/>
      <f name="type" value="FVG"/>
    </fs>
  </a>
  <edge xml:id="vc-lnk99" from="vc-n69" to="penn-n464"/>
  <edge xml:id="vc-lnk98" from="vc-n68" to="penn-n463"/>
  <edge xml:id="vc-lnk97" from="vc-n67" to="penn-n451"/>
  <edge xml:id="vc-lnk96" from="vc-n66" to="penn-n447"/>
  <edge xml:id="vc-lnk95" from="vc-n65" to="penn-n446"/>
  <edge xml:id="vc-lnk94" from="vc-n65" to="penn-n445"/>
  <edge xml:id="vc-lnk93" from="vc-n64" to="penn-n437"/>
  <edge xml:id="vc-lnk92" from="vc-n63" to="penn-n434"/>
  <edge xml:id="vc-lnk129" from="vc-n91" to="penn-n655"/>
  <edge xml:id="vc-lnk91" from="vc-n62" to="penn-n427"/>
  <edge xml:id="vc-lnk128" from="vc-n90" to="penn-n647"/>
  <edge xml:id="vc-lnk90" from="vc-n61" to="penn-n420"/>
  <edge xml:id="vc-lnk127" from="vc-n89" to="penn-n643"/>
  <edge xml:id="vc-lnk126" from="vc-n88" to="penn-n636"/>
  <edge xml:id="vc-lnk125" from="vc-n88" to="penn-n635"/>
  <edge xml:id="vc-lnk124" from="vc-n87" to="penn-n611"/>
  <edge xml:id="vc-lnk123" from="vc-n86" to="penn-n597"/>
  <edge xml:id="vc-lnk122" from="vc-n85" to="penn-n593"/>
  <edge xml:id="vc-lnk121" from="vc-n85" to="penn-n592"/>
  <edge xml:id="vc-lnk120" from="vc-n84" to="penn-n590"/>
  <edge xml:id="vc-lnk89" from="vc-n61" to="penn-n419"/>
  <edge xml:id="vc-lnk88" from="vc-n60" to="penn-n407"/>
  <edge xml:id="vc-lnk87" from="vc-n59" to="penn-n399"/>
  <edge xml:id="vc-lnk86" from="vc-n59" to="penn-n398"/>
  <edge xml:id="vc-lnk85" from="vc-n58" to="penn-n392"/>
  <edge xml:id="vc-lnk84" from="vc-n57" to="penn-n390"/>
  <edge xml:id="vc-lnk83" from="vc-n56" to="penn-n381"/>
  <edge xml:id="vc-lnk82" from="vc-n56" to="penn-n380"/>
  <edge xml:id="vc-lnk119" from="vc-n83" to="penn-n581"/>
  <edge xml:id="vc-lnk81" from="vc-n55" to="penn-n373"/>
  <edge xml:id="vc-lnk118" from="vc-n83" to="penn-n580"/>
  <edge xml:id="vc-lnk80" from="vc-n54" to="penn-n371"/>
  <edge xml:id="vc-lnk117" from="vc-n82" to="penn-n571"/>
  <edge xml:id="vc-lnk116" from="vc-n82" to="penn-n570"/>
  <edge xml:id="vc-lnk115" from="vc-n81" to="penn-n562"/>
  <edge xml:id="vc-lnk114" from="vc-n80" to="penn-n556"/>
  <edge xml:id="vc-lnk113" from="vc-n80" to="penn-n555"/>
  <edge xml:id="vc-lnk112" from="vc-n79" to="penn-n550"/>
  <edge xml:id="vc-lnk111" from="vc-n78" to="penn-n548"/>
  <edge xml:id="vc-lnk110" from="vc-n77" to="penn-n538"/>
  <edge xml:id="vc-lnk79" from="vc-n53" to="penn-n355"/>
  <edge xml:id="vc-lnk78" from="vc-n53" to="penn-n354"/>
  <edge xml:id="vc-lnk77" from="vc-n52" to="penn-n351"/>
  <edge xml:id="vc-lnk76" from="vc-n51" to="penn-n346"/>
  <edge xml:id="vc-lnk75" from="vc-n51" to="penn-n345"/>
  <edge xml:id="vc-lnk74" from="vc-n50" to="penn-n343"/>
  <edge xml:id="vc-lnk73" from="vc-n50" to="penn-n342"/>
  <edge xml:id="vc-lnk72" from="vc-n49" to="penn-n340"/>
  <edge xml:id="vc-lnk109" from="vc-n76" to="penn-n533"/>
  <edge xml:id="vc-lnk71" from="vc-n48" to="penn-n335"/>
  <edge xml:id="vc-lnk108" from="vc-n75" to="penn-n527"/>
  <edge xml:id="vc-lnk70" from="vc-n48" to="penn-n334"/>
  <edge xml:id="vc-lnk107" from="vc-n74" to="penn-n515"/>
  <edge xml:id="vc-lnk106" from="vc-n73" to="penn-n509"/>
  <edge xml:id="vc-lnk105" from="vc-n72" to="penn-n501"/>
  <edge xml:id="vc-lnk104" from="vc-n71" to="penn-n496"/>
  <edge xml:id="vc-lnk103" from="vc-n70" to="penn-n478"/>
  <edge xml:id="vc-lnk102" from="vc-n70" to="penn-n477"/>
  <edge xml:id="vc-lnk101" from="vc-n70" to="penn-n476"/>
  <edge xml:id="vc-lnk100" from="vc-n69" to="penn-n465"/>
  <edge xml:id="vc-lnk69" from="vc-n48" to="penn-n333"/>
  <edge xml:id="vc-lnk68" from="vc-n47" to="penn-n330"/>
  <edge xml:id="vc-lnk67" from="vc-n46" to="penn-n323"/>
  <edge xml:id="vc-lnk66" from="vc-n45" to="penn-n319"/>
  <edge xml:id="vc-lnk65" from="vc-n44" to="penn-n312"/>
  <edge xml:id="vc-lnk64" from="vc-n43" to="penn-n310"/>
  <edge xml:id="vc-lnk63" from="vc-n43" to="penn-n309"/>
  <edge xml:id="vc-lnk62" from="vc-n42" to="penn-n298"/>
  <edge xml:id="vc-lnk61" from="vc-n42" to="penn-n297"/>
  <edge xml:id="vc-lnk60" from="vc-n41" to="penn-n296"/>
  <edge xml:id="vc-lnk59" from="vc-n40" to="penn-n288"/>
  <edge xml:id="vc-lnk58" from="vc-n39" to="penn-n282"/>
  <edge xml:id="vc-lnk57" from="vc-n39" to="penn-n281"/>
  <edge xml:id="vc-lnk56" from="vc-n39" to="penn-n280"/>
  <edge xml:id="vc-lnk55" from="vc-n38" to="penn-n266"/>
  <edge xml:id="vc-lnk54" from="vc-n38" to="penn-n265"/>
  <edge xml:id="vc-lnk53" from="vc-n38" to="penn-n264"/>
  <edge xml:id="vc-lnk52" from="vc-n37" to="penn-n263"/>
  <edge xml:id="vc-lnk51" from="vc-n36" to="penn-n255"/>
  <edge xml:id="vc-lnk50" from="vc-n35" to="penn-n248"/>
  <edge xml:id="vc-lnk49" from="vc-n34" to="penn-n239"/>
  <edge xml:id="vc-lnk48" from="vc-n34" to="penn-n238"/>
  <edge xml:id="vc-lnk47" from="vc-n33" to="penn-n237"/>
  <edge xml:id="vc-lnk46" from="vc-n33" to="penn-n236"/>
  <edge xml:id="vc-lnk45" from="vc-n32" to="penn-n224"/>
  <edge xml:id="vc-lnk44" from="vc-n31" to="penn-n222"/>
  <edge xml:id="vc-lnk43" from="vc-n30" to="penn-n218"/>
  <edge xml:id="vc-lnk42" from="vc-n29" to="penn-n215"/>
  <edge xml:id="vc-lnk41" from="vc-n28" to="penn-n211"/>
  <edge xml:id="vc-lnk40" from="vc-n27" to="penn-n196"/>
  <edge xml:id="vc-lnk230" from="vc-n164" to="penn-n1128"/>
  <edge xml:id="vc-lnk199" from="vc-n144" to="penn-n973"/>
  <edge xml:id="vc-lnk198" from="vc-n143" to="penn-n968"/>
  <edge xml:id="vc-lnk197" from="vc-n143" to="penn-n967"/>
  <edge xml:id="vc-lnk196" from="vc-n142" to="penn-n966"/>
  <edge xml:id="vc-lnk195" from="vc-n141" to="penn-n960"/>
  <edge xml:id="vc-lnk194" from="vc-n140" to="penn-n955"/>
  <edge xml:id="vc-lnk193" from="vc-n139" to="penn-n950"/>
  <edge xml:id="vc-lnk192" from="vc-n138" to="penn-n940"/>
  <edge xml:id="vc-lnk191" from="vc-n137" to="penn-n929"/>
  <edge xml:id="vc-lnk190" from="vc-n137" to="penn-n928"/>
  <edge xml:id="vc-lnk39" from="vc-n27" to="penn-n195"/>
  <edge xml:id="vc-lnk38" from="vc-n26" to="penn-n189"/>
  <edge xml:id="vc-lnk37" from="vc-n25" to="penn-n184"/>
  <edge xml:id="vc-lnk36" from="vc-n24" to="penn-n182"/>
  <edge xml:id="vc-lnk35" from="vc-n24" to="penn-n181"/>
  <edge xml:id="vc-lnk34" from="vc-n23" to="penn-n174"/>
  <edge xml:id="vc-lnk33" from="vc-n23" to="penn-n173"/>
  <edge xml:id="vc-lnk32" from="vc-n22" to="penn-n167"/>
  <edge xml:id="vc-lnk31" from="vc-n21" to="penn-n163"/>
  <edge xml:id="vc-lnk30" from="vc-n20" to="penn-n162"/>
  <edge xml:id="vc-lnk229" from="vc-n163" to="penn-n1126"/>
  <edge xml:id="vc-lnk228" from="vc-n162" to="penn-n1113"/>
  <edge xml:id="vc-lnk227" from="vc-n161" to="penn-n1109"/>
  <edge xml:id="vc-lnk226" from="vc-n160" to="penn-n1093"/>
  <edge xml:id="vc-lnk225" from="vc-n160" to="penn-n1092"/>
  <edge xml:id="vc-lnk224" from="vc-n160" to="penn-n1091"/>
  <edge xml:id="vc-lnk223" from="vc-n159" to="penn-n1086"/>
  <edge xml:id="vc-lnk222" from="vc-n159" to="penn-n1085"/>
  <edge xml:id="vc-lnk221" from="vc-n158" to="penn-n1079"/>
  <edge xml:id="vc-lnk220" from="vc-n158" to="penn-n1078"/>
  <edge xml:id="vc-lnk189" from="vc-n137" to="penn-n927"/>
  <edge xml:id="vc-lnk188" from="vc-n136" to="penn-n922"/>
  <edge xml:id="vc-lnk187" from="vc-n135" to="penn-n913"/>
  <edge xml:id="vc-lnk186" from="vc-n135" to="penn-n912"/>
  <edge xml:id="vc-lnk185" from="vc-n134" to="penn-n907"/>
  <edge xml:id="vc-lnk184" from="vc-n133" to="penn-n903"/>
  <edge xml:id="vc-lnk183" from="vc-n132" to="penn-n894"/>
  <edge xml:id="vc-lnk182" from="vc-n131" to="penn-n892"/>
  <edge xml:id="vc-lnk181" from="vc-n130" to="penn-n888"/>
  <edge xml:id="vc-lnk180" from="vc-n130" to="penn-n887"/>
  <edge xml:id="vc-lnk29" from="vc-n19" to="penn-n137"/>
  <edge xml:id="vc-lnk28" from="vc-n18" to="penn-n133"/>
  <edge xml:id="vc-lnk27" from="vc-n17" to="penn-n129"/>
  <edge xml:id="vc-lnk26" from="vc-n17" to="penn-n128"/>
  <edge xml:id="vc-lnk25" from="vc-n16" to="penn-n127"/>
  <edge xml:id="vc-lnk24" from="vc-n15" to="penn-n117"/>
  <edge xml:id="vc-lnk23" from="vc-n15" to="penn-n116"/>
  <edge xml:id="vc-lnk22" from="vc-n14" to="penn-n115"/>
  <edge xml:id="vc-lnk21" from="vc-n13" to="penn-n106"/>
  <edge xml:id="vc-lnk20" from="vc-n12" to="penn-n96"/>
  <edge xml:id="vc-lnk219" from="vc-n157" to="penn-n1069"/>
  <edge xml:id="vc-lnk218" from="vc-n157" to="penn-n1068"/>
  <edge xml:id="vc-lnk217" from="vc-n156" to="penn-n1063"/>
  <edge xml:id="vc-lnk216" from="vc-n156" to="penn-n1062"/>
  <edge xml:id="vc-lnk215" from="vc-n155" to="penn-n1058"/>
  <edge xml:id="vc-lnk214" from="vc-n154" to="penn-n1045"/>
  <edge xml:id="vc-lnk213" from="vc-n153" to="penn-n1023"/>
  <edge xml:id="vc-lnk212" from="vc-n153" to="penn-n1022"/>
  <edge xml:id="vc-lnk211" from="vc-n153" to="penn-n1021"/>
  <edge xml:id="vc-lnk210" from="vc-n153" to="penn-n1020"/>
  <edge xml:id="vc-lnk179" from="vc-n129" to="penn-n878"/>
  <edge xml:id="vc-lnk178" from="vc-n128" to="penn-n869"/>
  <edge xml:id="vc-lnk177" from="vc-n128" to="penn-n868"/>
  <edge xml:id="vc-lnk176" from="vc-n127" to="penn-n853"/>
  <edge xml:id="vc-lnk175" from="vc-n126" to="penn-n849"/>
  <edge xml:id="vc-lnk174" from="vc-n125" to="penn-n843"/>
  <edge xml:id="vc-lnk173" from="vc-n124" to="penn-n834"/>
  <edge xml:id="vc-lnk172" from="vc-n123" to="penn-n829"/>
  <edge xml:id="vc-lnk171" from="vc-n122" to="penn-n827"/>
  <edge xml:id="vc-lnk170" from="vc-n122" to="penn-n826"/>
  <edge xml:id="vc-lnk19" from="vc-n12" to="penn-n95"/>
  <edge xml:id="vc-lnk18" from="vc-n11" to="penn-n91"/>
  <edge xml:id="vc-lnk17" from="vc-n11" to="penn-n90"/>
  <edge xml:id="vc-lnk16" from="vc-n10" to="penn-n89"/>
  <edge xml:id="vc-lnk15" from="vc-n9" to="penn-n81"/>
  <edge xml:id="vc-lnk14" from="vc-n9" to="penn-n80"/>
  <edge xml:id="vc-lnk13" from="vc-n8" to="penn-n68"/>
  <edge xml:id="vc-lnk12" from="vc-n8" to="penn-n67"/>
  <edge xml:id="vc-lnk11" from="vc-n7" to="penn-n61"/>
  <edge xml:id="vc-lnk10" from="vc-n6" to="penn-n58"/>
  <edge xml:id="vc-lnk209" from="vc-n152" to="penn-n1016"/>
  <edge xml:id="vc-lnk208" from="vc-n151" to="penn-n1011"/>
  <edge xml:id="vc-lnk207" from="vc-n151" to="penn-n1010"/>
  <edge xml:id="vc-lnk206" from="vc-n150" to="penn-n1006"/>
  <edge xml:id="vc-lnk205" from="vc-n149" to="penn-n1003"/>
  <edge xml:id="vc-lnk204" from="vc-n148" to="penn-n993"/>
  <edge xml:id="vc-lnk203" from="vc-n147" to="penn-n988"/>
  <edge xml:id="vc-lnk202" from="vc-n146" to="penn-n982"/>
  <edge xml:id="vc-lnk201" from="vc-n145" to="penn-n975"/>
  <edge xml:id="vc-lnk200" from="vc-n145" to="penn-n974"/>
  <edge xml:id="vc-lnk169" from="vc-n121" to="penn-n821"/>
  <edge xml:id="vc-lnk168" from="vc-n120" to="penn-n812"/>
  <edge xml:id="vc-lnk167" from="vc-n119" to="penn-n802"/>
  <edge xml:id="vc-lnk166" from="vc-n118" to="penn-n795"/>
  <edge xml:id="vc-lnk165" from="vc-n117" to="penn-n790"/>
  <edge xml:id="vc-lnk164" from="vc-n117" to="penn-n789"/>
  <edge xml:id="vc-lnk9" from="vc-n5" to="penn-n57"/>
  <edge xml:id="vc-lnk163" from="vc-n116" to="penn-n788"/>
  <edge xml:id="vc-lnk8" from="vc-n5" to="penn-n56"/>
  <edge xml:id="vc-lnk162" from="vc-n115" to="penn-n785"/>
  <edge xml:id="vc-lnk7" from="vc-n4" to="penn-n40"/>
  <edge xml:id="vc-lnk161" from="vc-n115" to="penn-n784"/>
  <edge xml:id="vc-lnk6" from="vc-n4" to="penn-n39"/>
  <edge xml:id="vc-lnk160" from="vc-n114" to="penn-n782"/>
  <edge xml:id="vc-lnk5" from="vc-n3" to="penn-n28"/>
  <edge xml:id="vc-lnk4" from="vc-n3" to="penn-n27"/>
  <edge xml:id="vc-lnk3" from="vc-n2" to="penn-n22"/>
  <edge xml:id="vc-lnk2" from="vc-n1" to="penn-n15"/>
  <edge xml:id="vc-lnk1" from="vc-n1" to="penn-n14"/>
  <edge xml:id="vc-lnk0" from="vc-n0" to="penn-n11"/>
  <edge xml:id="vc-lnk159" from="vc-n113" to="penn-n780"/>
  <edge xml:id="vc-lnk158" from="vc-n112" to="penn-n775"/>
  <edge xml:id="vc-lnk157" from="vc-n111" to="penn-n773"/>
  <edge xml:id="vc-lnk156" from="vc-n111" to="penn-n772"/>
  <edge xml:id="vc-lnk155" from="vc-n110" to="penn-n768"/>
  <edge xml:id="vc-lnk154" from="vc-n109" to="penn-n763"/>
  <edge xml:id="vc-lnk153" from="vc-n109" to="penn-n762"/>
  <edge xml:id="vc-lnk152" from="vc-n108" to="penn-n746"/>
  <edge xml:id="vc-lnk151" from="vc-n107" to="penn-n729"/>
  <edge xml:id="vc-lnk150" from="vc-n106" to="penn-n723"/>
  <edge xml:id="vc-lnk149" from="vc-n106" to="penn-n722"/>
  <edge xml:id="vc-lnk148" from="vc-n105" to="penn-n719"/>
  <edge xml:id="vc-lnk147" from="vc-n104" to="penn-n715"/>
  <edge xml:id="vc-lnk146" from="vc-n104" to="penn-n714"/>
  <edge xml:id="vc-lnk145" from="vc-n103" to="penn-n712"/>
  <edge xml:id="vc-lnk144" from="vc-n102" to="penn-n704"/>
  <edge xml:id="vc-lnk143" from="vc-n101" to="penn-n703"/>
  <edge xml:id="vc-lnk142" from="vc-n101" to="penn-n702"/>
  <edge xml:id="vc-lnk141" from="vc-n100" to="penn-n699"/>
  <edge xml:id="vc-lnk140" from="vc-n99" to="penn-n694"/>
  <edge xml:id="vc-lnk139" from="vc-n98" to="penn-n689"/>
  <edge xml:id="vc-lnk138" from="vc-n98" to="penn-n688"/>
  <edge xml:id="vc-lnk137" from="vc-n97" to="penn-n686"/>
  <edge xml:id="vc-lnk136" from="vc-n96" to="penn-n681"/>
  <edge xml:id="vc-lnk135" from="vc-n95" to="penn-n675"/>
  <edge xml:id="vc-lnk134" from="vc-n95" to="penn-n674"/>
  <edge xml:id="vc-lnk133" from="vc-n94" to="penn-n672"/>
  <edge xml:id="vc-lnk132" from="vc-n93" to="penn-n666"/>
  <edge xml:id="vc-lnk131" from="vc-n92" to="penn-n664"/>
  <edge xml:id="vc-lnk130" from="vc-n91" to="penn-n656"/>
</graph>
