<graph xmlns="http://www.xces.org/ns/GrAF/1.0/" xmlns:graf="http://www.xces.org/ns/GrAF/1.0/">
  <graphHeader>
    <labelsDecl>
      <labelUsage label="person" occurs="10"/>
      <labelUsage label="location" occurs="1"/>
      <labelUsage label="date" occurs="12"/>
      <labelUsage label="org" occurs="4"/>
    </labelsDecl>
    <dependencies>
      <dependsOn f.id="f.penn"/>
    </dependencies>
    <annotationSpaces>
      <annotationSpace as.id="anc"/>
    </annotationSpaces>
  </graphHeader>
  <node xml:id="ne-n0"/>
  <a xml:id="ne-N65579" label="date" ref="ne-n0" as="anc">
    <fs>
      <f name="type" value="holiday"/>
      <f name="kind" value="date"/>
      <f name="id" value="6002"/>
    </fs>
  </a>
  <node xml:id="ne-n1"/>
  <a xml:id="ne-N65603" label="date" ref="ne-n1" as="anc">
    <fs>
      <f name="type" value="holiday"/>
      <f name="kind" value="date"/>
      <f name="id" value="6001"/>
    </fs>
  </a>
  <node xml:id="ne-n10"/>
  <a xml:id="ne-N65627" label="org" ref="ne-n10" as="anc">
    <fs>
      <f name="type" value="educational"/>
      <f name="number" value="singular"/>
      <f name="case" value="nominative"/>
      <f name="person" value="third"/>
      <f name="id" value="1520"/>
    </fs>
  </a>
  <node xml:id="ne-n11"/>
  <a xml:id="ne-N65659" label="org" ref="ne-n11" as="anc">
    <fs>
      <f name="person" value="third"/>
      <f name="case" value="objective"/>
      <f name="number" value="singular"/>
      <f name="type" value="educational"/>
      <f name="id" value="1521"/>
    </fs>
  </a>
  <node xml:id="ne-n12"/>
  <a xml:id="ne-N65691" label="date" ref="ne-n12" as="anc">
    <fs>
      <f name="id" value="6006"/>
      <f name="kind" value="date"/>
    </fs>
  </a>
  <node xml:id="ne-n13"/>
  <a xml:id="ne-N65711" label="person" ref="ne-n13" as="anc">
    <fs>
      <f name="id" value="1523"/>
      <f name="person" value="third"/>
      <f name="case" value="nominative"/>
      <f name="number" value="singular"/>
      <f name="sex" value="male"/>
    </fs>
  </a>
  <node xml:id="ne-n14"/>
  <a xml:id="ne-N65743" label="person" ref="ne-n14" as="anc">
    <fs>
      <f name="id" value="1524"/>
      <f name="person" value="third"/>
      <f name="case" value="nominative"/>
      <f name="number" value="singular"/>
      <f name="sex" value="female"/>
    </fs>
  </a>
  <node xml:id="ne-n15"/>
  <a xml:id="ne-N65775" label="person" ref="ne-n15" as="anc">
    <fs>
      <f name="id" value="1525"/>
      <f name="person" value="third"/>
      <f name="case" value="nominative"/>
      <f name="number" value="singular"/>
      <f name="sex" value="male"/>
    </fs>
  </a>
  <node xml:id="ne-n16"/>
  <a xml:id="ne-N65807" label="person" ref="ne-n16" as="anc">
    <fs>
      <f name="id" value="1526"/>
      <f name="person" value="third"/>
      <f name="case" value="nominative"/>
      <f name="number" value="singular"/>
      <f name="sex" value="female"/>
    </fs>
  </a>
  <node xml:id="ne-n17"/>
  <a xml:id="ne-N65839" label="date" ref="ne-n17" as="anc">
    <fs>
      <f name="kind" value="date"/>
      <f name="id" value="6030"/>
    </fs>
  </a>
  <node xml:id="ne-n18"/>
  <a xml:id="ne-N65859" label="date" ref="ne-n18" as="anc">
    <fs>
      <f name="kind" value="date"/>
      <f name="id" value="6031"/>
    </fs>
  </a>
  <node xml:id="ne-n19"/>
  <a xml:id="ne-N65879" label="date" ref="ne-n19" as="anc">
    <fs>
      <f name="type" value="holiday"/>
      <f name="kind" value="date"/>
      <f name="id" value="6032"/>
    </fs>
  </a>
  <node xml:id="ne-n2"/>
  <a xml:id="ne-N65903" label="date" ref="ne-n2" as="anc">
    <fs>
      <f name="type" value="holiday"/>
      <f name="kind" value="date"/>
      <f name="id" value="6040"/>
    </fs>
  </a>
  <node xml:id="ne-n20"/>
  <a xml:id="ne-N65927" label="date" ref="ne-n20" as="anc">
    <fs>
      <f name="id" value="6033"/>
      <f name="kind" value="date"/>
    </fs>
  </a>
  <node xml:id="ne-n21"/>
  <a xml:id="ne-N65947" label="person" ref="ne-n21" as="anc">
    <fs>
      <f name="id" value="1530"/>
      <f name="person" value="third"/>
      <f name="case" value="nominative"/>
      <f name="number" value="singular"/>
      <f name="sex" value="male"/>
    </fs>
  </a>
  <node xml:id="ne-n22"/>
  <a xml:id="ne-N65979" label="person" ref="ne-n22" as="anc">
    <fs>
      <f name="id" value="1531"/>
      <f name="person" value="third"/>
      <f name="case" value="nominative"/>
      <f name="number" value="singular"/>
      <f name="sex" value="female"/>
    </fs>
  </a>
  <node xml:id="ne-n23"/>
  <a xml:id="ne-N66011" label="person" ref="ne-n23" as="anc">
    <fs>
      <f name="id" value="1532"/>
      <f name="case" value="nominative"/>
      <f name="number" value="singular"/>
      <f name="sex" value="male"/>
      <f name="person" value="third"/>
    </fs>
  </a>
  <node xml:id="ne-n24"/>
  <a xml:id="ne-N66043" label="person" ref="ne-n24" as="anc">
    <fs>
      <f name="person" value="third"/>
      <f name="case" value="nominative"/>
      <f name="sex" value="female"/>
      <f name="number" value="singular"/>
      <f name="id" value="1533"/>
    </fs>
  </a>
  <node xml:id="ne-n25"/>
  <a xml:id="ne-N66075" label="date" ref="ne-n25" as="anc">
    <fs>
      <f name="id" value="15011"/>
      <f name="kind" value="date"/>
    </fs>
  </a>
  <node xml:id="ne-n26"/>
  <a xml:id="ne-N66095" label="org" ref="ne-n26" as="anc">
    <fs>
      <f name="id" value="1535"/>
      <f name="person" value="third"/>
      <f name="case" value="nominative"/>
      <f name="number" value="singular"/>
      <f name="type" value="newspaper/media"/>
    </fs>
  </a>
  <node xml:id="ne-n3"/>
  <a xml:id="ne-N66127" label="date" ref="ne-n3" as="anc">
    <fs>
      <f name="id" value="6003"/>
      <f name="kind" value="date"/>
    </fs>
  </a>
  <node xml:id="ne-n4"/>
  <a xml:id="ne-N66147" label="date" ref="ne-n4" as="anc">
    <fs>
      <f name="kind" value="date"/>
      <f name="id" value="6004"/>
    </fs>
  </a>
  <node xml:id="ne-n5"/>
  <a xml:id="ne-N66167" label="date" ref="ne-n5" as="anc">
    <fs>
      <f name="kind" value="date"/>
      <f name="id" value="6005"/>
    </fs>
  </a>
  <node xml:id="ne-n6"/>
  <a xml:id="ne-N66187" label="person" ref="ne-n6" as="anc">
    <fs>
      <f name="id" value="1517"/>
      <f name="person" value="third"/>
      <f name="case" value="nominative"/>
      <f name="number" value="singular"/>
      <f name="sex" value="male"/>
    </fs>
  </a>
  <node xml:id="ne-n7"/>
  <a xml:id="ne-N66219" label="org" ref="ne-n7" as="anc">
    <fs>
      <f name="type" value="educational"/>
      <f name="number" value="singular"/>
      <f name="case" value="nominative"/>
      <f name="person" value="third"/>
      <f name="id" value="1518"/>
    </fs>
  </a>
  <node xml:id="ne-n8"/>
  <a xml:id="ne-N66251" label="location" ref="ne-n8" as="anc">
    <fs>
      <f name="id" value="15187"/>
      <f name="type" value="city"/>
    </fs>
  </a>
  <node xml:id="ne-n9"/>
  <a xml:id="ne-N66271" label="person" ref="ne-n9" as="anc">
    <fs>
      <f name="id" value="1519"/>
      <f name="case" value="nominative"/>
      <f name="number" value="singular"/>
      <f name="sex" value="female"/>
      <f name="person" value="third"/>
    </fs>
  </a>
  <edge xml:id="ne-lnk39" from="ne-n19" to="penn-n777"/>
  <edge xml:id="ne-lnk38" from="ne-n18" to="penn-n736"/>
  <edge xml:id="ne-lnk37" from="ne-n17" to="penn-n734"/>
  <edge xml:id="ne-lnk36" from="ne-n16" to="penn-n405"/>
  <edge xml:id="ne-lnk35" from="ne-n15" to="penn-n403"/>
  <edge xml:id="ne-lnk34" from="ne-n14" to="penn-n247"/>
  <edge xml:id="ne-lnk33" from="ne-n13" to="penn-n245"/>
  <edge xml:id="ne-lnk32" from="ne-n12" to="penn-n194"/>
  <edge xml:id="ne-lnk31" from="ne-n11" to="penn-n161"/>
  <edge xml:id="ne-lnk30" from="ne-n11" to="penn-n160"/>
  <edge xml:id="ne-lnk9" from="ne-n3" to="penn-n46"/>
  <edge xml:id="ne-lnk8" from="ne-n3" to="penn-n45"/>
  <edge xml:id="ne-lnk7" from="ne-n3" to="penn-n44"/>
  <edge xml:id="ne-lnk6" from="ne-n3" to="penn-n43"/>
  <edge xml:id="ne-lnk5" from="ne-n2" to="penn-n34"/>
  <edge xml:id="ne-lnk4" from="ne-n2" to="penn-n33"/>
  <edge xml:id="ne-lnk3" from="ne-n1" to="penn-n17"/>
  <edge xml:id="ne-lnk2" from="ne-n1" to="penn-n16"/>
  <edge xml:id="ne-lnk1" from="ne-n0" to="penn-n6"/>
  <edge xml:id="ne-lnk0" from="ne-n0" to="penn-n5"/>
  <edge xml:id="ne-lnk29" from="ne-n10" to="penn-n158"/>
  <edge xml:id="ne-lnk28" from="ne-n10" to="penn-n157"/>
  <edge xml:id="ne-lnk27" from="ne-n10" to="penn-n156"/>
  <edge xml:id="ne-lnk26" from="ne-n10" to="penn-n155"/>
  <edge xml:id="ne-lnk25" from="ne-n9" to="penn-n152"/>
  <edge xml:id="ne-lnk24" from="ne-n9" to="penn-n151"/>
  <edge xml:id="ne-lnk23" from="ne-n9" to="penn-n150"/>
  <edge xml:id="ne-lnk22" from="ne-n8" to="penn-n147"/>
  <edge xml:id="ne-lnk53" from="ne-n26" to="penn-n1134"/>
  <edge xml:id="ne-lnk21" from="ne-n8" to="penn-n146"/>
  <edge xml:id="ne-lnk52" from="ne-n26" to="penn-n1133"/>
  <edge xml:id="ne-lnk20" from="ne-n7" to="penn-n148"/>
  <edge xml:id="ne-lnk51" from="ne-n26" to="penn-n1132"/>
  <edge xml:id="ne-lnk50" from="ne-n26" to="penn-n1131"/>
  <edge xml:id="ne-lnk19" from="ne-n7" to="penn-n147"/>
  <edge xml:id="ne-lnk18" from="ne-n7" to="penn-n146"/>
  <edge xml:id="ne-lnk49" from="ne-n25" to="penn-n1104"/>
  <edge xml:id="ne-lnk17" from="ne-n6" to="penn-n143"/>
  <edge xml:id="ne-lnk48" from="ne-n24" to="penn-n1101"/>
  <edge xml:id="ne-lnk16" from="ne-n6" to="penn-n142"/>
  <edge xml:id="ne-lnk47" from="ne-n24" to="penn-n1100"/>
  <edge xml:id="ne-lnk15" from="ne-n5" to="penn-n100"/>
  <edge xml:id="ne-lnk46" from="ne-n23" to="penn-n1097"/>
  <edge xml:id="ne-lnk14" from="ne-n4" to="penn-n53"/>
  <edge xml:id="ne-lnk45" from="ne-n23" to="penn-n1096"/>
  <edge xml:id="ne-lnk13" from="ne-n4" to="penn-n52"/>
  <edge xml:id="ne-lnk44" from="ne-n22" to="penn-n1015"/>
  <edge xml:id="ne-lnk12" from="ne-n3" to="penn-n49"/>
  <edge xml:id="ne-lnk43" from="ne-n21" to="penn-n1013"/>
  <edge xml:id="ne-lnk11" from="ne-n3" to="penn-n48"/>
  <edge xml:id="ne-lnk42" from="ne-n20" to="penn-n862"/>
  <edge xml:id="ne-lnk10" from="ne-n3" to="penn-n47"/>
  <edge xml:id="ne-lnk41" from="ne-n20" to="penn-n861"/>
  <edge xml:id="ne-lnk40" from="ne-n19" to="penn-n778"/>
</graph>
