<graph xmlns="http://www.xces.org/ns/GrAF/1.0/" xmlns:graf="http://www.xces.org/ns/GrAF/1.0/">
  <graphHeader>
    <labelsDecl>
      <labelUsage label="body" occurs="1"/>
      <labelUsage label="text" occurs="1"/>
      <labelUsage label="a" occurs="4"/>
      <labelUsage label="p" occurs="16"/>
      <labelUsage label="emph" occurs="3"/>
      <labelUsage label="cesDoc" occurs="1"/>
      <labelUsage label="head" occurs="2"/>
    </labelsDecl>
    <annotationSpaces>
      <annotationSpace as.id="xces"/>
    </annotationSpaces>
  </graphHeader>
  <region xml:id="logical-r0" anchors="0 5999"/>
  <node xml:id="logical-n0">
    <link targets="logical-r0"/>
  </node>
  <a xml:id="logical-N65593" label="cesDoc" ref="logical-n0" as="xces"/>
  <region xml:id="logical-r1" anchors="4 5998"/>
  <node xml:id="logical-n1">
    <link targets="logical-r1"/>
  </node>
  <a xml:id="logical-N65609" label="text" ref="logical-n1" as="xces"/>
  <region xml:id="logical-r2" anchors="11 5994"/>
  <node xml:id="logical-n2">
    <link targets="logical-r2"/>
  </node>
  <a xml:id="logical-N65625" label="body" ref="logical-n2" as="xces"/>
  <region xml:id="logical-r3" anchors="21 53"/>
  <node xml:id="logical-n3">
    <link targets="logical-r3"/>
  </node>
  <a xml:id="logical-N65641" label="head" ref="logical-n3" as="xces">
    <fs>
      <f name="type" value="title"/>
    </fs>
  </a>
  <region xml:id="logical-r4" anchors="65 89"/>
  <node xml:id="logical-n4">
    <link targets="logical-r4"/>
  </node>
  <a xml:id="logical-N65665" label="head" ref="logical-n4" as="xces">
    <fs>
      <f name="type" value="subtitle"/>
    </fs>
  </a>
  <region xml:id="logical-r5" anchors="100 381"/>
  <node xml:id="logical-n5">
    <link targets="logical-r5"/>
  </node>
  <a xml:id="logical-N65689" label="p" ref="logical-n5" as="xces"/>
  <region xml:id="logical-r6" anchors="135 215"/>
  <node xml:id="logical-n6">
    <link targets="logical-r6"/>
  </node>
  <a xml:id="logical-N65705" label="a" ref="logical-n6" as="xces">
    <fs>
      <f name="href" value="http://www.miscellanynews.com/2.1577/faculty-must-vote-in-favor-of-athletics-proposal-at-next-meeting-1.2167790"/>
      <f name="title" value="Faculty must vote in favor of athletics proposal at next meeting"/>
    </fs>
  </a>
  <region xml:id="logical-r7" anchors="383 1017"/>
  <node xml:id="logical-n7">
    <link targets="logical-r7"/>
  </node>
  <a xml:id="logical-N65733" label="p" ref="logical-n7" as="xces"/>
  <region xml:id="logical-r8" anchors="1019 1333"/>
  <node xml:id="logical-n8">
    <link targets="logical-r8"/>
  </node>
  <a xml:id="logical-N65749" label="p" ref="logical-n8" as="xces"/>
  <region xml:id="logical-r9" anchors="1037 1050"/>
  <node xml:id="logical-n9">
    <link targets="logical-r9"/>
  </node>
  <a xml:id="logical-N65765" label="a" ref="logical-n9" as="xces">
    <fs>
      <f name="href" value="http://blog.carolynworks.com/"/>
      <f name="title" value="Carolyn Blogs"/>
    </fs>
  </a>
  <region xml:id="logical-r10" anchors="1059 1132"/>
  <node xml:id="logical-n10">
    <link targets="logical-r10"/>
  </node>
  <a xml:id="logical-N65793" label="a" ref="logical-n10" as="xces">
    <fs>
      <f name="href" value="http://blog.carolynworks.com/?p=346"/>
    </fs>
  </a>
  <region xml:id="logical-r11" anchors="1335 1752"/>
  <node xml:id="logical-n11">
    <link targets="logical-r11"/>
  </node>
  <a xml:id="logical-N65817" label="p" ref="logical-n11" as="xces"/>
  <region xml:id="logical-r12" anchors="1754 2547"/>
  <node xml:id="logical-n12">
    <link targets="logical-r12"/>
  </node>
  <a xml:id="logical-N65833" label="p" ref="logical-n12" as="xces"/>
  <region xml:id="logical-r13" anchors="2497 2545"/>
  <node xml:id="logical-n13">
    <link targets="logical-r13"/>
  </node>
  <a xml:id="logical-N65849" label="a" ref="logical-n13" as="xces">
    <fs>
      <f name="href" value="http://www.miscellanynews.com/2.1578/why-vassar-chose-units-over-credit-hours-1.2167777"/>
    </fs>
  </a>
  <region xml:id="logical-r14" anchors="2549 2749"/>
  <node xml:id="logical-n14">
    <link targets="logical-r14"/>
  </node>
  <a xml:id="logical-N65873" label="p" ref="logical-n14" as="xces"/>
  <region xml:id="logical-r15" anchors="2751 2988"/>
  <node xml:id="logical-n15">
    <link targets="logical-r15"/>
  </node>
  <a xml:id="logical-N65889" label="p" ref="logical-n15" as="xces"/>
  <region xml:id="logical-r16" anchors="2990 3545"/>
  <node xml:id="logical-n16">
    <link targets="logical-r16"/>
  </node>
  <a xml:id="logical-N65905" label="p" ref="logical-n16" as="xces"/>
  <region xml:id="logical-r17" anchors="3547 3905"/>
  <node xml:id="logical-n17">
    <link targets="logical-r17"/>
  </node>
  <a xml:id="logical-N65921" label="p" ref="logical-n17" as="xces"/>
  <region xml:id="logical-r18" anchors="3561 3565"/>
  <node xml:id="logical-n18">
    <link targets="logical-r18"/>
  </node>
  <a xml:id="logical-N65937" label="emph" ref="logical-n18" as="xces"/>
  <region xml:id="logical-r19" anchors="3907 3952"/>
  <node xml:id="logical-n19">
    <link targets="logical-r19"/>
  </node>
  <a xml:id="logical-N65953" label="p" ref="logical-n19" as="xces"/>
  <region xml:id="logical-r20" anchors="3954 3974"/>
  <node xml:id="logical-n20">
    <link targets="logical-r20"/>
  </node>
  <a xml:id="logical-N65969" label="p" ref="logical-n20" as="xces"/>
  <region xml:id="logical-r21" anchors="3976 3998"/>
  <node xml:id="logical-n21">
    <link targets="logical-r21"/>
  </node>
  <a xml:id="logical-N65985" label="p" ref="logical-n21" as="xces"/>
  <region xml:id="logical-r22" anchors="4000 4225"/>
  <node xml:id="logical-n22">
    <link targets="logical-r22"/>
  </node>
  <a xml:id="logical-N66001" label="p" ref="logical-n22" as="xces"/>
  <region xml:id="logical-r23" anchors="4227 4479"/>
  <node xml:id="logical-n23">
    <link targets="logical-r23"/>
  </node>
  <a xml:id="logical-N66017" label="p" ref="logical-n23" as="xces"/>
  <region xml:id="logical-r24" anchors="4481 5073"/>
  <node xml:id="logical-n24">
    <link targets="logical-r24"/>
  </node>
  <a xml:id="logical-N66033" label="p" ref="logical-n24" as="xces"/>
  <region xml:id="logical-r25" anchors="4603 4609"/>
  <node xml:id="logical-n25">
    <link targets="logical-r25"/>
  </node>
  <a xml:id="logical-N66049" label="emph" ref="logical-n25" as="xces"/>
  <region xml:id="logical-r26" anchors="4961 4965"/>
  <node xml:id="logical-n26">
    <link targets="logical-r26"/>
  </node>
  <a xml:id="logical-N66065" label="emph" ref="logical-n26" as="xces"/>
  <region xml:id="logical-r27" anchors="5075 5987"/>
  <node xml:id="logical-n27">
    <link targets="logical-r27"/>
  </node>
  <a xml:id="logical-N66081" label="p" ref="logical-n27" as="xces"/>
</graph>
