<?xml version="1.0" encoding="UTF-8"?><graph xmlns="http://www.xces.org/ns/GrAF/1.0/" xmlns:graf="http://www.xces.org/ns/GrAF/1.0/">
    <graphHeader>
        <labelsDecl>
        </labelsDecl>
    </graphHeader>
    <region xml:id="seg-r0" anchors="21 33"/>
    <region xml:id="seg-r1" anchors="33 34"/>
    <region xml:id="seg-r3" anchors="35 48"/>
    <region xml:id="seg-r4" anchors="48 49"/>
    <region xml:id="seg-r6" anchors="50 53"/>
    <region xml:id="seg-r8" anchors="54 57"/>
    <region xml:id="seg-r10" anchors="58 62"/>
    <region xml:id="seg-r11" anchors="62 64"/>
    <region xml:id="seg-r13" anchors="65 76"/>
    <region xml:id="seg-r15" anchors="86 96"/>
    <region xml:id="seg-r17" anchors="107 108"/>
    <region xml:id="seg-r18" anchors="108 110"/>
    <region xml:id="seg-r20" anchors="111 114"/>
    <region xml:id="seg-r22" anchors="115 118"/>
    <region xml:id="seg-r24" anchors="119 121"/>
    <region xml:id="seg-r26" anchors="122 126"/>
    <region xml:id="seg-r28" anchors="127 130"/>
    <region xml:id="seg-r30" anchors="131 135"/>
    <region xml:id="seg-r31" anchors="135 137"/>
    <region xml:id="seg-r33" anchors="138 149"/>
    <region xml:id="seg-r34" anchors="149 150"/>
    <region xml:id="seg-r36" anchors="152 153"/>
    <region xml:id="seg-r38" anchors="154 158"/>
    <region xml:id="seg-r39" anchors="158 159"/>
    <region xml:id="seg-r41" anchors="160 164"/>
    <region xml:id="seg-r42" anchors="164 165"/>
    <region xml:id="seg-r44" anchors="166 167"/>
    <region xml:id="seg-r46" anchors="168 173"/>
    <region xml:id="seg-r48" anchors="174 178"/>
    <region xml:id="seg-r50" anchors="179 181"/>
    <region xml:id="seg-r52" anchors="182 186"/>
    <region xml:id="seg-r54" anchors="187 189"/>
    <region xml:id="seg-r56" anchors="190 197"/>
    <region xml:id="seg-r58" anchors="198 201"/>
    <region xml:id="seg-r60" anchors="202 206"/>
    <region xml:id="seg-r61" anchors="206 208"/>
    <region xml:id="seg-r63" anchors="209 220"/>
    <region xml:id="seg-r65" anchors="221 222"/>
    <region xml:id="seg-r67" anchors="223 224"/>
    <region xml:id="seg-r69" anchors="225 230"/>
    <region xml:id="seg-r71" anchors="231 237"/>
    <region xml:id="seg-r72" anchors="237 238"/>
    <region xml:id="seg-r74" anchors="239 241"/>
    <region xml:id="seg-r76" anchors="242 245"/>
    <region xml:id="seg-r78" anchors="246 251"/>
    <region xml:id="seg-r80" anchors="252 255"/>
    <region xml:id="seg-r82" anchors="256 258"/>
    <region xml:id="seg-r84" anchors="259 262"/>
    <region xml:id="seg-r86" anchors="263 266"/>
    <region xml:id="seg-r88" anchors="267 271"/>
    <region xml:id="seg-r89" anchors="271 272"/>
    <region xml:id="seg-r91" anchors="273 277"/>
    <region xml:id="seg-r93" anchors="278 282"/>
    <region xml:id="seg-r95" anchors="283 287"/>
    <region xml:id="seg-r96" anchors="287 288"/>
    <region xml:id="seg-r98" anchors="289 290"/>
    <region xml:id="seg-r99" anchors="290 293"/>
    <region xml:id="seg-r101" anchors="294 299"/>
    <region xml:id="seg-r103" anchors="300 310"/>
    <region xml:id="seg-r105" anchors="311 315"/>
    <region xml:id="seg-r107" anchors="316 319"/>
    <region xml:id="seg-r109" anchors="320 326"/>
    <region xml:id="seg-r111" anchors="327 333"/>
    <region xml:id="seg-r112" anchors="333 334"/>
    <region xml:id="seg-r114" anchors="335 337"/>
    <region xml:id="seg-r116" anchors="338 342"/>
    <region xml:id="seg-r118" anchors="343 344"/>
    <region xml:id="seg-r119" anchors="344 347"/>
    <region xml:id="seg-r121" anchors="348 353"/>
    <region xml:id="seg-r123" anchors="354 358"/>
    <region xml:id="seg-r125" anchors="359 363"/>
    <region xml:id="seg-r127" anchors="364 368"/>
    <region xml:id="seg-r129" anchors="369 371"/>
    <region xml:id="seg-r131" anchors="372 378"/>
    <region xml:id="seg-r133" anchors="379 382"/>
    <region xml:id="seg-r135" anchors="383 390"/>
    <region xml:id="seg-r136" anchors="390 391"/>
    <region xml:id="seg-r138" anchors="392 394"/>
    <region xml:id="seg-r140" anchors="395 399"/>
    <region xml:id="seg-r142" anchors="400 401"/>
    <region xml:id="seg-r143" anchors="401 404"/>
    <region xml:id="seg-r145" anchors="405 410"/>
    <region xml:id="seg-r147" anchors="411 412"/>
    <region xml:id="seg-r149" anchors="413 416"/>
    <region xml:id="seg-r151" anchors="417 422"/>
    <region xml:id="seg-r152" anchors="422 423"/>
    <region xml:id="seg-r154" anchors="424 427"/>
    <region xml:id="seg-r156" anchors="428 430"/>
    <region xml:id="seg-r158" anchors="431 432"/>
    <region xml:id="seg-r160" anchors="433 438"/>
    <region xml:id="seg-r162" anchors="439 441"/>
    <region xml:id="seg-r164" anchors="442 446"/>
    <region xml:id="seg-r166" anchors="447 458"/>
    <region xml:id="seg-r167" anchors="458 459"/>
    <region xml:id="seg-r169" anchors="460 461"/>
    <region xml:id="seg-r170" anchors="461 463"/>
    <region xml:id="seg-r172" anchors="464 466"/>
    <region xml:id="seg-r174" anchors="467 470"/>
    <region xml:id="seg-r176" anchors="471 475"/>
    <region xml:id="seg-r178" anchors="476 484"/>
    <region xml:id="seg-r180" anchors="485 489"/>
    <region xml:id="seg-r182" anchors="490 496"/>
    <region xml:id="seg-r184" anchors="497 499"/>
    <region xml:id="seg-r186" anchors="500 506"/>
    <region xml:id="seg-r187" anchors="506 507"/>
    <region xml:id="seg-r188" anchors="507 510"/>
    <region xml:id="seg-r190" anchors="511 516"/>
    <region xml:id="seg-r192" anchors="517 521"/>
    <region xml:id="seg-r194" anchors="522 524"/>
    <region xml:id="seg-r195" anchors="524 525"/>
    <region xml:id="seg-r197" anchors="526 528"/>
    <region xml:id="seg-r199" anchors="529 532"/>
    <region xml:id="seg-r201" anchors="533 537"/>
    <region xml:id="seg-r202" anchors="537 538"/>
    <region xml:id="seg-r204" anchors="539 545"/>
    <region xml:id="seg-r206" anchors="546 552"/>
    <region xml:id="seg-r208" anchors="553 556"/>
    <region xml:id="seg-r210" anchors="557 561"/>
    <region xml:id="seg-r212" anchors="562 573"/>
    <region xml:id="seg-r214" anchors="574 576"/>
    <region xml:id="seg-r216" anchors="577 581"/>
    <region xml:id="seg-r218" anchors="582 587"/>
    <region xml:id="seg-r220" anchors="588 589"/>
    <region xml:id="seg-r221" anchors="589 595"/>
    <region xml:id="seg-r223" anchors="596 600"/>
    <region xml:id="seg-r225" anchors="601 603"/>
    <region xml:id="seg-r226" anchors="603 604"/>
    <region xml:id="seg-r228" anchors="605 612"/>
    <region xml:id="seg-r230" anchors="613 615"/>
    <region xml:id="seg-r232" anchors="616 620"/>
    <region xml:id="seg-r234" anchors="621 625"/>
    <region xml:id="seg-r235" anchors="625 626"/>
    <region xml:id="seg-r236" anchors="626 627"/>
    <region xml:id="seg-r238" anchors="629 635"/>
    <region xml:id="seg-r240" anchors="636 647"/>
    <region xml:id="seg-r241" anchors="647 648"/>
    <region xml:id="seg-r243" anchors="649 651"/>
    <region xml:id="seg-r244" anchors="651 653"/>
    <region xml:id="seg-r246" anchors="654 659"/>
    <region xml:id="seg-r248" anchors="660 672"/>
    <region xml:id="seg-r250" anchors="674 677"/>
    <region xml:id="seg-r252" anchors="678 686"/>
    <region xml:id="seg-r254" anchors="687 694"/>
    <region xml:id="seg-r256" anchors="695 707"/>
    <region xml:id="seg-r258" anchors="708 710"/>
    <region xml:id="seg-r260" anchors="711 714"/>
    <region xml:id="seg-r262" anchors="715 719"/>
    <region xml:id="seg-r264" anchors="720 724"/>
    <region xml:id="seg-r266" anchors="725 735"/>
    <region xml:id="seg-r268" anchors="736 739"/>
    <region xml:id="seg-r270" anchors="740 744"/>
    <region xml:id="seg-r272" anchors="745 757"/>
    <region xml:id="seg-r274" anchors="758 763"/>
    <region xml:id="seg-r276" anchors="764 766"/>
    <region xml:id="seg-r278" anchors="767 770"/>
    <region xml:id="seg-r280" anchors="771 779"/>
    <region xml:id="seg-r282" anchors="780 786"/>
    <region xml:id="seg-r284" anchors="787 789"/>
    <region xml:id="seg-r286" anchors="790 798"/>
    <region xml:id="seg-r288" anchors="799 801"/>
    <region xml:id="seg-r290" anchors="802 810"/>
    <region xml:id="seg-r292" anchors="811 821"/>
    <region xml:id="seg-r294" anchors="822 827"/>
    <region xml:id="seg-r296" anchors="828 830"/>
    <region xml:id="seg-r298" anchors="831 835"/>
    <region xml:id="seg-r299" anchors="835 836"/>
    <region xml:id="seg-r301" anchors="837 841"/>
    <region xml:id="seg-r303" anchors="842 852"/>
    <region xml:id="seg-r305" anchors="853 856"/>
    <region xml:id="seg-r307" anchors="857 861"/>
    <region xml:id="seg-r309" anchors="862 867"/>
    <region xml:id="seg-r311" anchors="868 869"/>
    <region xml:id="seg-r313" anchors="870 876"/>
    <region xml:id="seg-r315" anchors="877 881"/>
    <region xml:id="seg-r317" anchors="882 885"/>
    <region xml:id="seg-r318" anchors="885 886"/>
    <region xml:id="seg-r320" anchors="887 890"/>
    <region xml:id="seg-r322" anchors="891 894"/>
    <region xml:id="seg-r324" anchors="895 905"/>
    <region xml:id="seg-r326" anchors="906 907"/>
    <region xml:id="seg-r328" anchors="908 914"/>
    <region xml:id="seg-r330" anchors="915 919"/>
    <region xml:id="seg-r332" anchors="920 922"/>
    <region xml:id="seg-r334" anchors="923 925"/>
    <region xml:id="seg-r336" anchors="926 935"/>
    <region xml:id="seg-r338" anchors="936 941"/>
    <region xml:id="seg-r340" anchors="942 947"/>
    <region xml:id="seg-r341" anchors="947 948"/>
    <region xml:id="seg-r343" anchors="949 953"/>
    <region xml:id="seg-r345" anchors="954 963"/>
    <region xml:id="seg-r347" anchors="964 965"/>
    <region xml:id="seg-r349" anchors="966 969"/>
    <region xml:id="seg-r351" anchors="970 977"/>
    <region xml:id="seg-r353" anchors="978 980"/>
    <region xml:id="seg-r355" anchors="981 985"/>
    <region xml:id="seg-r357" anchors="986 988"/>
    <region xml:id="seg-r359" anchors="989 993"/>
    <region xml:id="seg-r361" anchors="994 996"/>
    <region xml:id="seg-r363" anchors="997 1000"/>
    <region xml:id="seg-r365" anchors="1001 1013"/>
    <region xml:id="seg-r367" anchors="1014 1021"/>
    <region xml:id="seg-r369" anchors="1022 1034"/>
    <region xml:id="seg-r370" anchors="1034 1035"/>
    <region xml:id="seg-r372" anchors="1036 1040"/>
    <region xml:id="seg-r374" anchors="1041 1048"/>
    <region xml:id="seg-r375" anchors="1048 1049"/>
    <region xml:id="seg-r377" anchors="1050 1053"/>
    <region xml:id="seg-r379" anchors="1054 1058"/>
    <region xml:id="seg-r381" anchors="1059 1070"/>
    <region xml:id="seg-r382" anchors="1070 1071"/>
    <region xml:id="seg-r384" anchors="1072 1076"/>
    <region xml:id="seg-r386" anchors="1077 1086"/>
    <region xml:id="seg-r388" anchors="1087 1091"/>
    <region xml:id="seg-r390" anchors="1092 1096"/>
    <region xml:id="seg-r392" anchors="1097 1100"/>
    <region xml:id="seg-r394" anchors="1101 1108"/>
    <region xml:id="seg-r396" anchors="1109 1114"/>
    <region xml:id="seg-r398" anchors="1115 1127"/>
    <region xml:id="seg-r400" anchors="1128 1135"/>
    <region xml:id="seg-r402" anchors="1136 1139"/>
    <region xml:id="seg-r404" anchors="1140 1145"/>
    <region xml:id="seg-r406" anchors="1146 1149"/>
    <region xml:id="seg-r408" anchors="1150 1153"/>
    <region xml:id="seg-r410" anchors="1154 1157"/>
    <region xml:id="seg-r412" anchors="1158 1165"/>
    <region xml:id="seg-r414" anchors="1166 1167"/>
    <region xml:id="seg-r415" anchors="1167 1170"/>
    <region xml:id="seg-r416" anchors="1170 1171"/>
    <region xml:id="seg-r417" anchors="1171 1172"/>
    <region xml:id="seg-r419" anchors="1174 1176"/>
    <region xml:id="seg-r421" anchors="1177 1180"/>
    <region xml:id="seg-r423" anchors="1181 1186"/>
    <region xml:id="seg-r424" anchors="1186 1187"/>
    <region xml:id="seg-r426" anchors="1188 1189"/>
    <region xml:id="seg-r427" anchors="1189 1201"/>
    <region xml:id="seg-r428" anchors="1201 1202"/>
    <region xml:id="seg-r430" anchors="1203 1205"/>
    <region xml:id="seg-r432" anchors="1206 1210"/>
    <region xml:id="seg-r434" anchors="1211 1213"/>
    <region xml:id="seg-r436" anchors="1214 1218"/>
    <region xml:id="seg-r438" anchors="1219 1220"/>
    <region xml:id="seg-r440" anchors="1221 1226"/>
    <region xml:id="seg-r442" anchors="1227 1229"/>
    <region xml:id="seg-r444" anchors="1230 1239"/>
    <region xml:id="seg-r445" anchors="1239 1240"/>
    <region xml:id="seg-r447" anchors="1241 1253"/>
    <region xml:id="seg-r449" anchors="1254 1255"/>
    <region xml:id="seg-r451" anchors="1256 1268"/>
    <region xml:id="seg-r453" anchors="1269 1276"/>
    <region xml:id="seg-r455" anchors="1277 1284"/>
    <region xml:id="seg-r457" anchors="1285 1288"/>
    <region xml:id="seg-r459" anchors="1289 1297"/>
    <region xml:id="seg-r461" anchors="1298 1300"/>
    <region xml:id="seg-r463" anchors="1301 1313"/>
    <region xml:id="seg-r464" anchors="1313 1314"/>
    <region xml:id="seg-r466" anchors="1315 1321"/>
    <region xml:id="seg-r468" anchors="1322 1326"/>
    <region xml:id="seg-r470" anchors="1327 1330"/>
    <region xml:id="seg-r472" anchors="1331 1337"/>
    <region xml:id="seg-r474" anchors="1338 1340"/>
    <region xml:id="seg-r476" anchors="1341 1353"/>
    <region xml:id="seg-r478" anchors="1354 1355"/>
    <region xml:id="seg-r480" anchors="1356 1362"/>
    <region xml:id="seg-r482" anchors="1363 1366"/>
    <region xml:id="seg-r484" anchors="1367 1370"/>
    <region xml:id="seg-r486" anchors="1371 1373"/>
    <region xml:id="seg-r488" anchors="1374 1378"/>
    <region xml:id="seg-r490" anchors="1379 1381"/>
    <region xml:id="seg-r492" anchors="1382 1388"/>
    <region xml:id="seg-r494" anchors="1389 1391"/>
    <region xml:id="seg-r496" anchors="1392 1402"/>
    <region xml:id="seg-r498" anchors="1403 1410"/>
    <region xml:id="seg-r500" anchors="1411 1413"/>
    <region xml:id="seg-r502" anchors="1414 1423"/>
    <region xml:id="seg-r504" anchors="1424 1432"/>
    <region xml:id="seg-r505" anchors="1432 1433"/>
    <region xml:id="seg-r507" anchors="1434 1437"/>
    <region xml:id="seg-r509" anchors="1438 1442"/>
    <region xml:id="seg-r511" anchors="1443 1447"/>
    <region xml:id="seg-r513" anchors="1448 1456"/>
    <region xml:id="seg-r515" anchors="1457 1460"/>
    <region xml:id="seg-r517" anchors="1461 1463"/>
    <region xml:id="seg-r519" anchors="1464 1468"/>
    <region xml:id="seg-r521" anchors="1469 1475"/>
    <region xml:id="seg-r523" anchors="1476 1478"/>
    <region xml:id="seg-r525" anchors="1479 1488"/>
    <region xml:id="seg-r527" anchors="1489 1491"/>
    <region xml:id="seg-r529" anchors="1492 1494"/>
    <region xml:id="seg-r531" anchors="1495 1500"/>
    <region xml:id="seg-r533" anchors="1501 1502"/>
    <region xml:id="seg-r534" anchors="1502 1505"/>
    <region xml:id="seg-r536" anchors="1506 1512"/>
    <region xml:id="seg-r538" anchors="1513 1515"/>
    <region xml:id="seg-r540" anchors="1516 1528"/>
    <region xml:id="seg-r542" anchors="1529 1530"/>
    <region xml:id="seg-r544" anchors="1531 1537"/>
    <region xml:id="seg-r546" anchors="1538 1541"/>
    <region xml:id="seg-r548" anchors="1542 1545"/>
    <region xml:id="seg-r550" anchors="1546 1552"/>
    <region xml:id="seg-r552" anchors="1553 1557"/>
    <region xml:id="seg-r554" anchors="1558 1562"/>
    <region xml:id="seg-r555" anchors="1562 1563"/>
    <region xml:id="seg-r557" anchors="1564 1566"/>
    <region xml:id="seg-r559" anchors="1567 1570"/>
    <region xml:id="seg-r560" anchors="1570 1571"/>
    <region xml:id="seg-r561" anchors="1571 1572"/>
    <region xml:id="seg-r563" anchors="1573 1575"/>
    <region xml:id="seg-r565" anchors="1576 1585"/>
    <region xml:id="seg-r567" anchors="1586 1593"/>
    <region xml:id="seg-r569" anchors="1594 1596"/>
    <region xml:id="seg-r571" anchors="1597 1601"/>
    <region xml:id="seg-r573" anchors="1602 1606"/>
    <region xml:id="seg-r575" anchors="1607 1609"/>
    <region xml:id="seg-r577" anchors="1610 1613"/>
    <region xml:id="seg-r579" anchors="1614 1618"/>
    <region xml:id="seg-r581" anchors="1619 1623"/>
    <region xml:id="seg-r583" anchors="1624 1627"/>
    <region xml:id="seg-r585" anchors="1628 1639"/>
    <region xml:id="seg-r587" anchors="1640 1642"/>
    <region xml:id="seg-r589" anchors="1643 1651"/>
    <region xml:id="seg-r591" anchors="1652 1653"/>
    <region xml:id="seg-r593" anchors="1654 1658"/>
    <region xml:id="seg-r595" anchors="1659 1661"/>
    <region xml:id="seg-r597" anchors="1662 1668"/>
    <region xml:id="seg-r599" anchors="1669 1670"/>
    <region xml:id="seg-r601" anchors="1671 1681"/>
    <region xml:id="seg-r603" anchors="1682 1691"/>
    <region xml:id="seg-r605" anchors="1692 1694"/>
    <region xml:id="seg-r607" anchors="1695 1696"/>
    <region xml:id="seg-r609" anchors="1697 1703"/>
    <region xml:id="seg-r611" anchors="1704 1710"/>
    <region xml:id="seg-r613" anchors="1711 1715"/>
    <region xml:id="seg-r615" anchors="1716 1720"/>
    <region xml:id="seg-r617" anchors="1721 1724"/>
    <region xml:id="seg-r619" anchors="1725 1727"/>
    <region xml:id="seg-r621" anchors="1728 1736"/>
    <region xml:id="seg-r622" anchors="1736 1737"/>
    <region xml:id="seg-r624" anchors="1738 1740"/>
    <region xml:id="seg-r626" anchors="1741 1743"/>
    <region xml:id="seg-r628" anchors="1744 1747"/>
    <region xml:id="seg-r630" anchors="1748 1753"/>
    <region xml:id="seg-r632" anchors="1754 1757"/>
    <region xml:id="seg-r633" anchors="1757 1760"/>
    <region xml:id="seg-r635" anchors="1761 1763"/>
    <region xml:id="seg-r637" anchors="1764 1768"/>
    <region xml:id="seg-r639" anchors="1769 1771"/>
    <region xml:id="seg-r641" anchors="1772 1779"/>
    <region xml:id="seg-r643" anchors="1780 1781"/>
    <region xml:id="seg-r645" anchors="1782 1786"/>
    <region xml:id="seg-r646" anchors="1786 1787"/>
    <region xml:id="seg-r648" anchors="1788 1791"/>
    <region xml:id="seg-r649" anchors="1791 1794"/>
    <region xml:id="seg-r651" anchors="1795 1799"/>
    <region xml:id="seg-r653" anchors="1800 1806"/>
    <region xml:id="seg-r655" anchors="1807 1809"/>
    <region xml:id="seg-r657" anchors="1810 1813"/>
    <region xml:id="seg-r659" anchors="1814 1816"/>
    <region xml:id="seg-r660" anchors="1816 1817"/>
    <region xml:id="seg-r662" anchors="1818 1825"/>
    <region xml:id="seg-r664" anchors="1826 1830"/>
    <region xml:id="seg-r666" anchors="1831 1835"/>
    <region xml:id="seg-r668" anchors="1836 1844"/>
    <region xml:id="seg-r670" anchors="1845 1847"/>
    <region xml:id="seg-r672" anchors="1848 1860"/>
    <region xml:id="seg-r673" anchors="1860 1861"/>
    <region xml:id="seg-r675" anchors="1862 1865"/>
    <region xml:id="seg-r677" anchors="1866 1868"/>
    <region xml:id="seg-r679" anchors="1869 1876"/>
    <region xml:id="seg-r680" anchors="1876 1877"/>
    <region xml:id="seg-r682" anchors="1878 1880"/>
    <region xml:id="seg-r684" anchors="1881 1884"/>
    <region xml:id="seg-r686" anchors="1885 1892"/>
    <region xml:id="seg-r688" anchors="1893 1896"/>
    <region xml:id="seg-r690" anchors="1897 1901"/>
    <region xml:id="seg-r692" anchors="1902 1911"/>
    <region xml:id="seg-r694" anchors="1912 1918"/>
    <region xml:id="seg-r696" anchors="1919 1921"/>
    <region xml:id="seg-r698" anchors="1922 1934"/>
    <region xml:id="seg-r699" anchors="1934 1935"/>
    <region xml:id="seg-r701" anchors="1936 1939"/>
    <region xml:id="seg-r702" anchors="1939 1942"/>
    <region xml:id="seg-r704" anchors="1943 1946"/>
    <region xml:id="seg-r706" anchors="1947 1948"/>
    <region xml:id="seg-r708" anchors="1949 1955"/>
    <region xml:id="seg-r710" anchors="1956 1962"/>
    <region xml:id="seg-r712" anchors="1963 1965"/>
    <region xml:id="seg-r714" anchors="1966 1971"/>
    <region xml:id="seg-r715" anchors="1971 1972"/>
    <region xml:id="seg-r717" anchors="1973 1975"/>
    <region xml:id="seg-r719" anchors="1976 1979"/>
    <region xml:id="seg-r721" anchors="1980 1987"/>
    <region xml:id="seg-r723" anchors="1988 2000"/>
    <region xml:id="seg-r725" anchors="2001 2003"/>
    <region xml:id="seg-r727" anchors="2004 2013"/>
    <region xml:id="seg-r729" anchors="2014 2017"/>
    <region xml:id="seg-r731" anchors="2018 2025"/>
    <region xml:id="seg-r732" anchors="2025 2026"/>
    <region xml:id="seg-r734" anchors="2027 2030"/>
    <region xml:id="seg-r735" anchors="2030 2033"/>
    <region xml:id="seg-r737" anchors="2034 2037"/>
    <region xml:id="seg-r739" anchors="2038 2043"/>
    <region xml:id="seg-r741" anchors="2044 2049"/>
    <region xml:id="seg-r742" anchors="2049 2050"/>
    <region xml:id="seg-r744" anchors="2052 2064"/>
    <region xml:id="seg-r746" anchors="2065 2066"/>
    <region xml:id="seg-r748" anchors="2067 2079"/>
    <region xml:id="seg-r750" anchors="2080 2084"/>
    <region xml:id="seg-r752" anchors="2085 2092"/>
    <region xml:id="seg-r754" anchors="2093 2106"/>
    <region xml:id="seg-r755" anchors="2106 2107"/>
    <region xml:id="seg-r757" anchors="2108 2114"/>
    <region xml:id="seg-r759" anchors="2115 2117"/>
    <region xml:id="seg-r761" anchors="2118 2121"/>
    <region xml:id="seg-r762" anchors="2121 2123"/>
    <region xml:id="seg-r764" anchors="2124 2136"/>
    <region xml:id="seg-r765" anchors="2136 2137"/>
    <region xml:id="seg-r767" anchors="2138 2141"/>
    <region xml:id="seg-r769" anchors="2142 2151"/>
    <region xml:id="seg-r771" anchors="2152 2159"/>
    <region xml:id="seg-r773" anchors="2160 2162"/>
    <region xml:id="seg-r775" anchors="2163 2168"/>
    <region xml:id="seg-r777" anchors="2169 2172"/>
    <region xml:id="seg-r779" anchors="2173 2174"/>
    <region xml:id="seg-r781" anchors="2175 2182"/>
    <region xml:id="seg-r783" anchors="2183 2189"/>
    <region xml:id="seg-r784" anchors="2189 2190"/>
    <region xml:id="seg-r786" anchors="2191 2195"/>
    <region xml:id="seg-r788" anchors="2196 2203"/>
    <region xml:id="seg-r790" anchors="2204 2208"/>
    <region xml:id="seg-r792" anchors="2209 2215"/>
    <region xml:id="seg-r794" anchors="2216 2220"/>
    <region xml:id="seg-r796" anchors="2221 2225"/>
    <region xml:id="seg-r798" anchors="2226 2247"/>
    <region xml:id="seg-r800" anchors="2248 2251"/>
    <region xml:id="seg-r802" anchors="2252 2259"/>
    <region xml:id="seg-r804" anchors="2260 2264"/>
    <region xml:id="seg-r806" anchors="2265 2272"/>
    <region xml:id="seg-r808" anchors="2273 2275"/>
    <region xml:id="seg-r810" anchors="2276 2279"/>
    <region xml:id="seg-r812" anchors="2280 2286"/>
    <region xml:id="seg-r814" anchors="2287 2289"/>
    <region xml:id="seg-r816" anchors="2290 2302"/>
    <region xml:id="seg-r818" anchors="2303 2309"/>
    <region xml:id="seg-r819" anchors="2309 2310"/>
    <region xml:id="seg-r821" anchors="2311 2314"/>
    <region xml:id="seg-r823" anchors="2315 2319"/>
    <region xml:id="seg-r825" anchors="2320 2327"/>
    <region xml:id="seg-r827" anchors="2328 2337"/>
    <region xml:id="seg-r829" anchors="2338 2348"/>
    <region xml:id="seg-r831" anchors="2349 2352"/>
    <region xml:id="seg-r833" anchors="2353 2370"/>
    <region xml:id="seg-r835" anchors="2371 2378"/>
    <region xml:id="seg-r837" anchors="2379 2383"/>
    <region xml:id="seg-r839" anchors="2384 2386"/>
    <region xml:id="seg-r841" anchors="2387 2392"/>
    <region xml:id="seg-r843" anchors="2393 2398"/>
    <region xml:id="seg-r845" anchors="2399 2403"/>
    <region xml:id="seg-r847" anchors="2404 2410"/>
    <region xml:id="seg-r849" anchors="2411 2415"/>
    <region xml:id="seg-r851" anchors="2416 2419"/>
    <region xml:id="seg-r853" anchors="2420 2433"/>
    <region xml:id="seg-r854" anchors="2433 2434"/>
    <region xml:id="seg-r856" anchors="2435 2438"/>
    <region xml:id="seg-r858" anchors="2439 2443"/>
    <region xml:id="seg-r860" anchors="2444 2446"/>
    <region xml:id="seg-r862" anchors="2447 2451"/>
    <region xml:id="seg-r864" anchors="2452 2459"/>
    <region xml:id="seg-r866" anchors="2460 2462"/>
    <region xml:id="seg-r868" anchors="2463 2466"/>
    <region xml:id="seg-r870" anchors="2467 2473"/>
    <region xml:id="seg-r872" anchors="2474 2476"/>
    <region xml:id="seg-r874" anchors="2477 2486"/>
    <region xml:id="seg-r876" anchors="2487 2494"/>
    <region xml:id="seg-r877" anchors="2494 2495"/>
    <region xml:id="seg-r879" anchors="2496 2499"/>
    <region xml:id="seg-r881" anchors="2500 2504"/>
    <region xml:id="seg-r883" anchors="2505 2508"/>
    <region xml:id="seg-r885" anchors="2509 2515"/>
    <region xml:id="seg-r887" anchors="2516 2520"/>
    <region xml:id="seg-r889" anchors="2521 2523"/>
    <region xml:id="seg-r890" anchors="2523 2524"/>
    <region xml:id="seg-r892" anchors="2526 2529"/>
    <region xml:id="seg-r894" anchors="2530 2537"/>
    <region xml:id="seg-r896" anchors="2539 2541"/>
    <region xml:id="seg-r898" anchors="2542 2545"/>
    <region xml:id="seg-r900" anchors="2546 2551"/>
    <region xml:id="seg-r902" anchors="2552 2557"/>
    <region xml:id="seg-r903" anchors="2557 2558"/>
    <region xml:id="seg-r905" anchors="2559 2561"/>
    <region xml:id="seg-r907" anchors="2562 2574"/>
    <region xml:id="seg-r909" anchors="2575 2576"/>
    <region xml:id="seg-r910" anchors="2576 2579"/>
    <region xml:id="seg-r912" anchors="2580 2587"/>
    <region xml:id="seg-r914" anchors="2588 2596"/>
    <region xml:id="seg-r915" anchors="2596 2597"/>
    <region xml:id="seg-r917" anchors="2598 2602"/>
    <region xml:id="seg-r919" anchors="2603 2607"/>
    <region xml:id="seg-r921" anchors="2608 2611"/>
    <region xml:id="seg-r923" anchors="2612 2614"/>
    <region xml:id="seg-r925" anchors="2615 2619"/>
    <region xml:id="seg-r927" anchors="2620 2628"/>
    <region xml:id="seg-r929" anchors="2629 2639"/>
    <region xml:id="seg-r931" anchors="2640 2643"/>
    <region xml:id="seg-r933" anchors="2644 2652"/>
    <region xml:id="seg-r935" anchors="2653 2655"/>
    <region xml:id="seg-r937" anchors="2656 2668"/>
    <region xml:id="seg-r938" anchors="2668 2669"/>
    <region xml:id="seg-r940" anchors="2670 2674"/>
    <region xml:id="seg-r942" anchors="2675 2682"/>
    <region xml:id="seg-r944" anchors="2683 2692"/>
    <region xml:id="seg-r946" anchors="2693 2696"/>
    <region xml:id="seg-r948" anchors="2697 2707"/>
    <region xml:id="seg-r949" anchors="2707 2708"/>
    <region xml:id="seg-r951" anchors="2709 2712"/>
    <region xml:id="seg-r953" anchors="2713 2718"/>
    <region xml:id="seg-r955" anchors="2719 2728"/>
    <region xml:id="seg-r957" anchors="2729 2741"/>
    <region xml:id="seg-r959" anchors="2742 2748"/>
    <region xml:id="seg-r961" anchors="2749 2751"/>
    <region xml:id="seg-r963" anchors="2752 2759"/>
    <region xml:id="seg-r965" anchors="2760 2762"/>
    <region xml:id="seg-r967" anchors="2763 2765"/>
    <region xml:id="seg-r969" anchors="2766 2775"/>
    <region xml:id="seg-r970" anchors="2775 2776"/>
    <region xml:id="seg-r972" anchors="2777 2780"/>
    <region xml:id="seg-r974" anchors="2781 2784"/>
    <region xml:id="seg-r976" anchors="2785 2791"/>
    <region xml:id="seg-r978" anchors="2792 2801"/>
    <region xml:id="seg-r980" anchors="2802 2814"/>
    <region xml:id="seg-r982" anchors="2815 2817"/>
    <region xml:id="seg-r984" anchors="2818 2824"/>
    <region xml:id="seg-r986" anchors="2825 2834"/>
    <region xml:id="seg-r988" anchors="2835 2837"/>
    <region xml:id="seg-r990" anchors="2838 2843"/>
    <region xml:id="seg-r991" anchors="2843 2844"/>
    <region xml:id="seg-r993" anchors="2845 2848"/>
    <region xml:id="seg-r995" anchors="2849 2861"/>
    <region xml:id="seg-r997" anchors="2862 2866"/>
    <region xml:id="seg-r999" anchors="2867 2875"/>
    <region xml:id="seg-r1001" anchors="2876 2885"/>
    <region xml:id="seg-r1003" anchors="2886 2891"/>
    <region xml:id="seg-r1005" anchors="2892 2897"/>
    <region xml:id="seg-r1007" anchors="2898 2904"/>
    <region xml:id="seg-r1009" anchors="2905 2907"/>
    <region xml:id="seg-r1011" anchors="2908 2912"/>
    <region xml:id="seg-r1013" anchors="2913 2915"/>
    <region xml:id="seg-r1015" anchors="2916 2919"/>
    <region xml:id="seg-r1017" anchors="2920 2928"/>
    <region xml:id="seg-r1019" anchors="2929 2938"/>
    <region xml:id="seg-r1020" anchors="2938 2939"/>
    <region xml:id="seg-r1022" anchors="2940 2948"/>
    <region xml:id="seg-r1024" anchors="2949 2951"/>
    <region xml:id="seg-r1026" anchors="2952 2953"/>
    <region xml:id="seg-r1028" anchors="2954 2960"/>
    <region xml:id="seg-r1030" anchors="2961 2974"/>
    <region xml:id="seg-r1032" anchors="2975 2977"/>
    <region xml:id="seg-r1034" anchors="2978 2984"/>
    <region xml:id="seg-r1036" anchors="2985 2995"/>
    <region xml:id="seg-r1037" anchors="2995 2996"/>
    <region xml:id="seg-r1039" anchors="2997 2999"/>
    <region xml:id="seg-r1041" anchors="3000 3005"/>
    <region xml:id="seg-r1043" anchors="3006 3010"/>
    <region xml:id="seg-r1045" anchors="3011 3017"/>
    <region xml:id="seg-r1047" anchors="3018 3021"/>
    <region xml:id="seg-r1049" anchors="3022 3027"/>
    <region xml:id="seg-r1051" anchors="3028 3035"/>
    <region xml:id="seg-r1053" anchors="3036 3041"/>
    <region xml:id="seg-r1054" anchors="3041 3042"/>
    <region xml:id="seg-r1056" anchors="3044 3047"/>
    <region xml:id="seg-r1058" anchors="3048 3053"/>
    <region xml:id="seg-r1060" anchors="3054 3057"/>
    <region xml:id="seg-r1062" anchors="3058 3065"/>
    <region xml:id="seg-r1064" anchors="3066 3073"/>
    <region xml:id="seg-r1066" anchors="3074 3075"/>
    <region xml:id="seg-r1068" anchors="3076 3082"/>
    <region xml:id="seg-r1070" anchors="3083 3085"/>
    <region xml:id="seg-r1072" anchors="3086 3095"/>
    <region xml:id="seg-r1073" anchors="3095 3096"/>
    <region xml:id="seg-r1075" anchors="3097 3106"/>
    <region xml:id="seg-r1077" anchors="3107 3119"/>
    <region xml:id="seg-r1079" anchors="3120 3125"/>
    <region xml:id="seg-r1081" anchors="3126 3132"/>
    <region xml:id="seg-r1083" anchors="3133 3135"/>
    <region xml:id="seg-r1085" anchors="3136 3140"/>
    <region xml:id="seg-r1087" anchors="3141 3152"/>
    <region xml:id="seg-r1088" anchors="3152 3153"/>
    <region xml:id="seg-r1090" anchors="3154 3157"/>
    <region xml:id="seg-r1092" anchors="3158 3164"/>
    <region xml:id="seg-r1093" anchors="3164 3165"/>
    <region xml:id="seg-r1095" anchors="3166 3170"/>
    <region xml:id="seg-r1097" anchors="3171 3173"/>
    <region xml:id="seg-r1099" anchors="3174 3178"/>
    <region xml:id="seg-r1101" anchors="3179 3182"/>
    <region xml:id="seg-r1103" anchors="3183 3188"/>
    <region xml:id="seg-r1104" anchors="3188 3189"/>
    <region xml:id="seg-r1106" anchors="3190 3193"/>
    <region xml:id="seg-r1108" anchors="3194 3207"/>
    <region xml:id="seg-r1110" anchors="3208 3211"/>
    <region xml:id="seg-r1112" anchors="3212 3216"/>
    <region xml:id="seg-r1114" anchors="3217 3225"/>
    <region xml:id="seg-r1116" anchors="3226 3231"/>
    <region xml:id="seg-r1118" anchors="3232 3244"/>
    <region xml:id="seg-r1119" anchors="3244 3245"/>
    <region xml:id="seg-r1121" anchors="3246 3253"/>
    <region xml:id="seg-r1123" anchors="3254 3261"/>
    <region xml:id="seg-r1125" anchors="3262 3264"/>
    <region xml:id="seg-r1127" anchors="3265 3273"/>
    <region xml:id="seg-r1129" anchors="3274 3276"/>
    <region xml:id="seg-r1131" anchors="3277 3280"/>
    <region xml:id="seg-r1133" anchors="3281 3289"/>
    <region xml:id="seg-r1135" anchors="3290 3294"/>
    <region xml:id="seg-r1137" anchors="3295 3299"/>
    <region xml:id="seg-r1138" anchors="3299 3300"/>
    <region xml:id="seg-r1140" anchors="3301 3308"/>
    <region xml:id="seg-r1141" anchors="3308 3309"/>
    <region xml:id="seg-r1143" anchors="3310 3312"/>
    <region xml:id="seg-r1145" anchors="3313 3315"/>
    <region xml:id="seg-r1147" anchors="3316 3321"/>
    <region xml:id="seg-r1149" anchors="3322 3325"/>
    <region xml:id="seg-r1150" anchors="3325 3326"/>
    <region xml:id="seg-r1152" anchors="3327 3330"/>
    <region xml:id="seg-r1154" anchors="3331 3336"/>
    <region xml:id="seg-r1156" anchors="3337 3339"/>
    <region xml:id="seg-r1158" anchors="3340 3343"/>
    <region xml:id="seg-r1160" anchors="3344 3347"/>
    <region xml:id="seg-r1162" anchors="3348 3356"/>
    <region xml:id="seg-r1164" anchors="3357 3358"/>
    <region xml:id="seg-r1165" anchors="3358 3361"/>
    <region xml:id="seg-r1167" anchors="3362 3370"/>
    <region xml:id="seg-r1169" anchors="3371 3374"/>
    <region xml:id="seg-r1171" anchors="3375 3385"/>
    <region xml:id="seg-r1172" anchors="3385 3386"/>
    <region xml:id="seg-r1173" anchors="3386 3390"/>
    <region xml:id="seg-r1175" anchors="3391 3398"/>
    <region xml:id="seg-r1176" anchors="3398 3399"/>
    <region xml:id="seg-r1178" anchors="3400 3403"/>
    <region xml:id="seg-r1180" anchors="3404 3410"/>
    <region xml:id="seg-r1181" anchors="3410 3411"/>
    <region xml:id="seg-r1183" anchors="3412 3416"/>
    <region xml:id="seg-r1185" anchors="3417 3421"/>
    <region xml:id="seg-r1187" anchors="3422 3425"/>
    <region xml:id="seg-r1189" anchors="3426 3429"/>
    <region xml:id="seg-r1191" anchors="3430 3442"/>
    <region xml:id="seg-r1193" anchors="3443 3451"/>
    <region xml:id="seg-r1195" anchors="3452 3456"/>
    <region xml:id="seg-r1196" anchors="3456 3457"/>
    <region xml:id="seg-r1198" anchors="3458 3460"/>
    <region xml:id="seg-r1200" anchors="3461 3473"/>
    <region xml:id="seg-r1201" anchors="3473 3474"/>
    <region xml:id="seg-r1203" anchors="3475 3477"/>
    <region xml:id="seg-r1205" anchors="3478 3481"/>
    <region xml:id="seg-r1207" anchors="3482 3492"/>
    <region xml:id="seg-r1209" anchors="3493 3494"/>
    <region xml:id="seg-r1211" anchors="3495 3500"/>
    <region xml:id="seg-r1213" anchors="3501 3514"/>
    <region xml:id="seg-r1215" anchors="3515 3519"/>
    <region xml:id="seg-r1217" anchors="3520 3528"/>
    <region xml:id="seg-r1219" anchors="3529 3534"/>
    <region xml:id="seg-r1220" anchors="3534 3535"/>
    <region xml:id="seg-r1222" anchors="3536 3540"/>
    <region xml:id="seg-r1224" anchors="3541 3546"/>
    <region xml:id="seg-r1226" anchors="3547 3550"/>
    <region xml:id="seg-r1228" anchors="3551 3557"/>
    <region xml:id="seg-r1230" anchors="3558 3561"/>
    <region xml:id="seg-r1232" anchors="3562 3570"/>
    <region xml:id="seg-r1234" anchors="3571 3583"/>
    <region xml:id="seg-r1236" anchors="3584 3586"/>
    <region xml:id="seg-r1238" anchors="3587 3596"/>
    <region xml:id="seg-r1239" anchors="3596 3597"/>
    <region xml:id="seg-r1241" anchors="3598 3603"/>
    <region xml:id="seg-r1243" anchors="3604 3607"/>
    <region xml:id="seg-r1245" anchors="3608 3612"/>
    <region xml:id="seg-r1247" anchors="3613 3621"/>
    <region xml:id="seg-r1249" anchors="3622 3634"/>
    <region xml:id="seg-r1251" anchors="3635 3637"/>
    <region xml:id="seg-r1253" anchors="3638 3640"/>
    <region xml:id="seg-r1255" anchors="3641 3650"/>
    <region xml:id="seg-r1257" anchors="3651 3652"/>
    <region xml:id="seg-r1258" anchors="3652 3655"/>
    <region xml:id="seg-r1260" anchors="3656 3663"/>
    <region xml:id="seg-r1261" anchors="3663 3664"/>
    <region xml:id="seg-r1263" anchors="3665 3668"/>
    <region xml:id="seg-r1265" anchors="3669 3673"/>
    <region xml:id="seg-r1267" anchors="3674 3679"/>
    <region xml:id="seg-r1268" anchors="3679 3680"/>
    <region xml:id="seg-r1270" anchors="3681 3685"/>
    <region xml:id="seg-r1272" anchors="3686 3689"/>
    <region xml:id="seg-r1274" anchors="3690 3698"/>
    <region xml:id="seg-r1276" anchors="3699 3703"/>
    <region xml:id="seg-r1278" anchors="3704 3712"/>
    <region xml:id="seg-r1280" anchors="3713 3718"/>
    <region xml:id="seg-r1281" anchors="3718 3719"/>
    <region xml:id="seg-r1283" anchors="3720 3724"/>
    <region xml:id="seg-r1285" anchors="3725 3731"/>
    <region xml:id="seg-r1287" anchors="3732 3740"/>
    <region xml:id="seg-r1288" anchors="3740 3741"/>
    <region xml:id="seg-r1290" anchors="3742 3745"/>
    <region xml:id="seg-r1292" anchors="3746 3752"/>
    <region xml:id="seg-r1294" anchors="3753 3756"/>
    <region xml:id="seg-r1296" anchors="3757 3765"/>
    <region xml:id="seg-r1298" anchors="3766 3770"/>
    <region xml:id="seg-r1300" anchors="3771 3783"/>
    <region xml:id="seg-r1302" anchors="3784 3786"/>
    <region xml:id="seg-r1304" anchors="3787 3792"/>
    <region xml:id="seg-r1306" anchors="3793 3797"/>
    <region xml:id="seg-r1308" anchors="3798 3808"/>
    <region xml:id="seg-r1310" anchors="3809 3811"/>
    <region xml:id="seg-r1312" anchors="3812 3817"/>
    <region xml:id="seg-r1313" anchors="3817 3818"/>
    <region xml:id="seg-r1315" anchors="3820 3823"/>
    <region xml:id="seg-r1317" anchors="3824 3829"/>
    <region xml:id="seg-r1319" anchors="3830 3835"/>
    <region xml:id="seg-r1321" anchors="3836 3841"/>
    <region xml:id="seg-r1323" anchors="3842 3844"/>
    <region xml:id="seg-r1325" anchors="3845 3847"/>
    <region xml:id="seg-r1327" anchors="3848 3855"/>
    <region xml:id="seg-r1329" anchors="3856 3860"/>
    <region xml:id="seg-r1331" anchors="3861 3872"/>
    <region xml:id="seg-r1332" anchors="3872 3873"/>
    <region xml:id="seg-r1334" anchors="3874 3880"/>
    <region xml:id="seg-r1336" anchors="3881 3882"/>
    <region xml:id="seg-r1338" anchors="3883 3890"/>
    <region xml:id="seg-r1340" anchors="3891 3893"/>
    <region xml:id="seg-r1342" anchors="3894 3898"/>
    <region xml:id="seg-r1344" anchors="3899 3901"/>
    <region xml:id="seg-r1346" anchors="3902 3915"/>
    <region xml:id="seg-r1347" anchors="3915 3916"/>
    <region xml:id="seg-r1349" anchors="3917 3920"/>
    <region xml:id="seg-r1351" anchors="3921 3926"/>
    <region xml:id="seg-r1353" anchors="3927 3930"/>
    <region xml:id="seg-r1355" anchors="3931 3934"/>
    <region xml:id="seg-r1357" anchors="3935 3943"/>
    <region xml:id="seg-r1358" anchors="3943 3944"/>
    <region xml:id="seg-r1360" anchors="3945 3947"/>
    <region xml:id="seg-r1362" anchors="3948 3956"/>
    <region xml:id="seg-r1364" anchors="3957 3961"/>
    <region xml:id="seg-r1366" anchors="3962 3970"/>
    <region xml:id="seg-r1367" anchors="3970 3971"/>
    <region xml:id="seg-r1369" anchors="3972 3974"/>
    <region xml:id="seg-r1371" anchors="3975 3978"/>
    <region xml:id="seg-r1373" anchors="3979 3984"/>
    <region xml:id="seg-r1375" anchors="3985 3992"/>
    <region xml:id="seg-r1377" anchors="3993 3994"/>
    <region xml:id="seg-r1379" anchors="3995 3998"/>
    <region xml:id="seg-r1381" anchors="3999 4002"/>
    <region xml:id="seg-r1383" anchors="4003 4015"/>
    <region xml:id="seg-r1385" anchors="4016 4020"/>
    <region xml:id="seg-r1387" anchors="4021 4029"/>
    <region xml:id="seg-r1389" anchors="4030 4035"/>
    <region xml:id="seg-r1391" anchors="4036 4039"/>
    <region xml:id="seg-r1393" anchors="4040 4048"/>
    <region xml:id="seg-r1395" anchors="4049 4050"/>
    <region xml:id="seg-r1396" anchors="4050 4054"/>
    <region xml:id="seg-r1398" anchors="4055 4059"/>
    <region xml:id="seg-r1400" anchors="4060 4062"/>
    <region xml:id="seg-r1402" anchors="4063 4068"/>
    <region xml:id="seg-r1404" anchors="4069 4072"/>
    <region xml:id="seg-r1405" anchors="4072 4073"/>
    <region xml:id="seg-r1407" anchors="4074 4077"/>
    <region xml:id="seg-r1409" anchors="4078 4082"/>
    <region xml:id="seg-r1411" anchors="4083 4089"/>
    <region xml:id="seg-r1413" anchors="4090 4098"/>
    <region xml:id="seg-r1415" anchors="4099 4101"/>
    <region xml:id="seg-r1417" anchors="4102 4112"/>
    <region xml:id="seg-r1419" anchors="4113 4116"/>
    <region xml:id="seg-r1421" anchors="4117 4129"/>
    <region xml:id="seg-r1422" anchors="4129 4130"/>
    <region xml:id="seg-r1423" anchors="4130 4131"/>
    <region xml:id="seg-r1425" anchors="4132 4138"/>
    <region xml:id="seg-r1427" anchors="4139 4142"/>
    <region xml:id="seg-r1429" anchors="4143 4154"/>
    <region xml:id="seg-r1431" anchors="4155 4159"/>
    <region xml:id="seg-r1433" anchors="4160 4164"/>
    <region xml:id="seg-r1435" anchors="4165 4173"/>
    <region xml:id="seg-r1437" anchors="4174 4176"/>
    <region xml:id="seg-r1439" anchors="4177 4183"/>
    <region xml:id="seg-r1441" anchors="4184 4186"/>
    <region xml:id="seg-r1443" anchors="4187 4190"/>
    <region xml:id="seg-r1445" anchors="4191 4196"/>
    <region xml:id="seg-r1446" anchors="4196 4197"/>
    <region xml:id="seg-r1448" anchors="4198 4203"/>
    <region xml:id="seg-r1450" anchors="4204 4207"/>
    <region xml:id="seg-r1452" anchors="4208 4220"/>
    <region xml:id="seg-r1454" anchors="4221 4225"/>
    <region xml:id="seg-r1456" anchors="4226 4231"/>
    <region xml:id="seg-r1458" anchors="4232 4234"/>
    <region xml:id="seg-r1460" anchors="4235 4237"/>
    <region xml:id="seg-r1462" anchors="4238 4242"/>
    <region xml:id="seg-r1464" anchors="4243 4249"/>
    <region xml:id="seg-r1466" anchors="4250 4252"/>
    <region xml:id="seg-r1468" anchors="4253 4257"/>
    <region xml:id="seg-r1470" anchors="4258 4263"/>
    <region xml:id="seg-r1472" anchors="4264 4275"/>
    <region xml:id="seg-r1473" anchors="4275 4276"/>
    <region xml:id="seg-r1475" anchors="4277 4280"/>
    <region xml:id="seg-r1477" anchors="4281 4287"/>
    <region xml:id="seg-r1479" anchors="4288 4291"/>
    <region xml:id="seg-r1481" anchors="4292 4302"/>
    <region xml:id="seg-r1483" anchors="4303 4313"/>
    <region xml:id="seg-r1485" anchors="4314 4322"/>
    <region xml:id="seg-r1487" anchors="4323 4324"/>
    <region xml:id="seg-r1488" anchors="4324 4329"/>
    <region xml:id="seg-r1490" anchors="4330 4338"/>
    <region xml:id="seg-r1492" anchors="4339 4340"/>
    <region xml:id="seg-r1494" anchors="4341 4354"/>
    <region xml:id="seg-r1496" anchors="4355 4360"/>
    <region xml:id="seg-r1497" anchors="4360 4361"/>
    <region xml:id="seg-r1498" anchors="4361 4362"/>
    <region xml:id="seg-r1500" anchors="4363 4367"/>
    <region xml:id="seg-r1502" anchors="4368 4370"/>
    <region xml:id="seg-r1504" anchors="4371 4383"/>
    <region xml:id="seg-r1506" anchors="4384 4396"/>
    <region xml:id="seg-r1508" anchors="4397 4405"/>
    <region xml:id="seg-r1510" anchors="4406 4409"/>
    <region xml:id="seg-r1512" anchors="4410 4413"/>
    <region xml:id="seg-r1514" anchors="4414 4420"/>
    <region xml:id="seg-r1516" anchors="4421 4428"/>
    <region xml:id="seg-r1517" anchors="4428 4429"/>
    <region xml:id="seg-r1519" anchors="4430 4436"/>
    <region xml:id="seg-r1521" anchors="4437 4442"/>
    <region xml:id="seg-r1523" anchors="4443 4447"/>
    <region xml:id="seg-r1525" anchors="4448 4457"/>
    <region xml:id="seg-r1527" anchors="4458 4461"/>
    <region xml:id="seg-r1529" anchors="4462 4466"/>
    <region xml:id="seg-r1531" anchors="4467 4474"/>
    <region xml:id="seg-r1533" anchors="4475 4479"/>
    <region xml:id="seg-r1535" anchors="4480 4483"/>
    <region xml:id="seg-r1537" anchors="4484 4487"/>
    <region xml:id="seg-r1539" anchors="4488 4490"/>
    <region xml:id="seg-r1541" anchors="4491 4498"/>
    <region xml:id="seg-r1543" anchors="4499 4504"/>
    <region xml:id="seg-r1545" anchors="4505 4516"/>
    <region xml:id="seg-r1546" anchors="4516 4517"/>
    <region xml:id="seg-r1548" anchors="4519 4523"/>
    <region xml:id="seg-r1550" anchors="4524 4528"/>
    <region xml:id="seg-r1552" anchors="4529 4533"/>
    <region xml:id="seg-r1554" anchors="4534 4538"/>
    <region xml:id="seg-r1556" anchors="4539 4542"/>
    <region xml:id="seg-r1558" anchors="4543 4547"/>
    <region xml:id="seg-r1560" anchors="4548 4559"/>
    <region xml:id="seg-r1561" anchors="4559 4560"/>
    <region xml:id="seg-r1563" anchors="4562 4565"/>
    <region xml:id="seg-r1565" anchors="4566 4577"/>
    <region xml:id="seg-r1567" anchors="4578 4582"/>
    <region xml:id="seg-r1569" anchors="4583 4585"/>
    <region xml:id="seg-r1571" anchors="4586 4598"/>
    <region xml:id="seg-r1573" anchors="4599 4605"/>
    <region xml:id="seg-r1575" anchors="4606 4609"/>
    <region xml:id="seg-r1577" anchors="4610 4620"/>
    <region xml:id="seg-r1579" anchors="4621 4625"/>
    <region xml:id="seg-r1581" anchors="4626 4639"/>
    <region xml:id="seg-r1583" anchors="4640 4647"/>
    <region xml:id="seg-r1585" anchors="4648 4649"/>
    <region xml:id="seg-r1586" anchors="4649 4653"/>
    <region xml:id="seg-r1588" anchors="4654 4655"/>
    <region xml:id="seg-r1590" anchors="4656 4660"/>
    <region xml:id="seg-r1592" anchors="4661 4663"/>
    <region xml:id="seg-r1594" anchors="4664 4667"/>
    <region xml:id="seg-r1596" anchors="4668 4672"/>
    <region xml:id="seg-r1598" anchors="4673 4675"/>
    <region xml:id="seg-r1600" anchors="4676 4683"/>
    <region xml:id="seg-r1602" anchors="4684 4687"/>
    <region xml:id="seg-r1604" anchors="4688 4692"/>
    <region xml:id="seg-r1605" anchors="4692 4694"/>
    <region xml:id="seg-r1607" anchors="4695 4706"/>
    <region xml:id="seg-r1608" anchors="4706 4707"/>
    <region xml:id="seg-r1610" anchors="4708 4711"/>
    <region xml:id="seg-r1612" anchors="4712 4715"/>
    <region xml:id="seg-r1613" anchors="4715 4718"/>
    <region xml:id="seg-r1615" anchors="4719 4722"/>
    <region xml:id="seg-r1617" anchors="4723 4726"/>
    <region xml:id="seg-r1619" anchors="4727 4735"/>
    <region xml:id="seg-r1621" anchors="4736 4738"/>
    <region xml:id="seg-r1623" anchors="4739 4742"/>
    <region xml:id="seg-r1625" anchors="4743 4748"/>
    <region xml:id="seg-r1626" anchors="4748 4749"/>
    <region xml:id="seg-r1627" anchors="4749 4750"/>
    <region xml:id="seg-r1629" anchors="4751 4753"/>
    <region xml:id="seg-r1631" anchors="4754 4759"/>
    <region xml:id="seg-r1633" anchors="4760 4762"/>
    <region xml:id="seg-r1635" anchors="4763 4766"/>
    <region xml:id="seg-r1637" anchors="4767 4772"/>
    <region xml:id="seg-r1639" anchors="4773 4776"/>
    <region xml:id="seg-r1641" anchors="4777 4784"/>
    <region xml:id="seg-r1642" anchors="4784 4785"/>
    <region xml:id="seg-r1644" anchors="4786 4790"/>
    <region xml:id="seg-r1646" anchors="4791 4796"/>
    <region xml:id="seg-r1648" anchors="4797 4801"/>
    <region xml:id="seg-r1650" anchors="4802 4805"/>
    <region xml:id="seg-r1652" anchors="4806 4808"/>
    <region xml:id="seg-r1654" anchors="4809 4815"/>
    <region xml:id="seg-r1656" anchors="4816 4819"/>
    <region xml:id="seg-r1658" anchors="4820 4827"/>
    <region xml:id="seg-r1660" anchors="4828 4840"/>
    <region xml:id="seg-r1662" anchors="4841 4843"/>
    <region xml:id="seg-r1664" anchors="4844 4853"/>
    <region xml:id="seg-r1666" anchors="4854 4857"/>
    <region xml:id="seg-r1668" anchors="4858 4867"/>
    <region xml:id="seg-r1670" anchors="4868 4872"/>
    <region xml:id="seg-r1672" anchors="4873 4875"/>
    <region xml:id="seg-r1674" anchors="4876 4879"/>
    <region xml:id="seg-r1676" anchors="4880 4885"/>
    <region xml:id="seg-r1678" anchors="4886 4898"/>
    <region xml:id="seg-r1680" anchors="4899 4901"/>
    <region xml:id="seg-r1681" anchors="4901 4902"/>
    <region xml:id="seg-r1683" anchors="4903 4905"/>
    <region xml:id="seg-r1685" anchors="4906 4909"/>
    <region xml:id="seg-r1687" anchors="4910 4916"/>
    <region xml:id="seg-r1689" anchors="4917 4921"/>
    <region xml:id="seg-r1691" anchors="4922 4929"/>
    <region xml:id="seg-r1692" anchors="4929 4930"/>
    <region xml:id="seg-r1694" anchors="4931 4934"/>
    <region xml:id="seg-r1696" anchors="4935 4938"/>
    <region xml:id="seg-r1698" anchors="4939 4947"/>
    <region xml:id="seg-r1700" anchors="4948 4951"/>
    <region xml:id="seg-r1702" anchors="4952 4962"/>
    <region xml:id="seg-r1704" anchors="4963 4966"/>
    <region xml:id="seg-r1706" anchors="4967 4973"/>
    <region xml:id="seg-r1708" anchors="4974 4976"/>
    <region xml:id="seg-r1710" anchors="4977 4982"/>
    <region xml:id="seg-r1712" anchors="4983 4987"/>
    <region xml:id="seg-r1714" anchors="4988 4991"/>
    <region xml:id="seg-r1716" anchors="4992 4995"/>
    <region xml:id="seg-r1718" anchors="4996 4999"/>
    <region xml:id="seg-r1720" anchors="5000 5008"/>
    <region xml:id="seg-r1721" anchors="5008 5009"/>
    <region xml:id="seg-r1723" anchors="5010 5023"/>
    <region xml:id="seg-r1725" anchors="5024 5027"/>
    <region xml:id="seg-r1727" anchors="5028 5031"/>
    <region xml:id="seg-r1729" anchors="5032 5036"/>
    <region xml:id="seg-r1731" anchors="5037 5038"/>
    <region xml:id="seg-r1733" anchors="5039 5050"/>
    <region xml:id="seg-r1735" anchors="5051 5057"/>
    <region xml:id="seg-r1737" anchors="5058 5060"/>
    <region xml:id="seg-r1739" anchors="5061 5073"/>
    <region xml:id="seg-r1740" anchors="5073 5074"/>
    <region xml:id="seg-r1742" anchors="5076 5078"/>
    <region xml:id="seg-r1744" anchors="5079 5082"/>
    <region xml:id="seg-r1746" anchors="5083 5085"/>
    <region xml:id="seg-r1748" anchors="5086 5093"/>
    <region xml:id="seg-r1750" anchors="5094 5098"/>
    <region xml:id="seg-r1751" anchors="5098 5099"/>
    <region xml:id="seg-r1753" anchors="5100 5104"/>
    <region xml:id="seg-r1755" anchors="5105 5108"/>
    <region xml:id="seg-r1757" anchors="5109 5120"/>
    <region xml:id="seg-r1759" anchors="5121 5128"/>
    <region xml:id="seg-r1761" anchors="5129 5132"/>
    <region xml:id="seg-r1763" anchors="5133 5139"/>
    <region xml:id="seg-r1765" anchors="5140 5143"/>
    <region xml:id="seg-r1767" anchors="5144 5157"/>
    <region xml:id="seg-r1769" anchors="5158 5161"/>
    <region xml:id="seg-r1771" anchors="5162 5173"/>
    <region xml:id="seg-r1772" anchors="5173 5174"/>
    <region xml:id="seg-r1774" anchors="5175 5177"/>
    <region xml:id="seg-r1776" anchors="5178 5190"/>
    <region xml:id="seg-r1778" anchors="5191 5199"/>
    <region xml:id="seg-r1780" anchors="5200 5202"/>
    <region xml:id="seg-r1782" anchors="5203 5210"/>
    <region xml:id="seg-r1784" anchors="5211 5223"/>
    <region xml:id="seg-r1786" anchors="5224 5227"/>
    <region xml:id="seg-r1788" anchors="5228 5232"/>
    <region xml:id="seg-r1790" anchors="5233 5236"/>
    <region xml:id="seg-r1792" anchors="5237 5239"/>
    <region xml:id="seg-r1794" anchors="5240 5253"/>
    <region xml:id="seg-r1795" anchors="5253 5254"/>
    <region xml:id="seg-r1797" anchors="5255 5259"/>
    <region xml:id="seg-r1799" anchors="5260 5266"/>
    <region xml:id="seg-r1801" anchors="5267 5269"/>
    <region xml:id="seg-r1803" anchors="5270 5274"/>
    <region xml:id="seg-r1805" anchors="5275 5277"/>
    <region xml:id="seg-r1807" anchors="5278 5282"/>
    <region xml:id="seg-r1809" anchors="5283 5288"/>
    <region xml:id="seg-r1810" anchors="5288 5289"/>
    <region xml:id="seg-r1812" anchors="5290 5297"/>
    <region xml:id="seg-r1814" anchors="5298 5300"/>
    <region xml:id="seg-r1816" anchors="5301 5308"/>
    <region xml:id="seg-r1818" anchors="5309 5314"/>
    <region xml:id="seg-r1820" anchors="5315 5320"/>
    <region xml:id="seg-r1821" anchors="5320 5321"/>
    <region xml:id="seg-r1823" anchors="5322 5325"/>
    <region xml:id="seg-r1825" anchors="5326 5328"/>
    <region xml:id="seg-r1827" anchors="5329 5341"/>
    <region xml:id="seg-r1829" anchors="5342 5350"/>
    <region xml:id="seg-r1831" anchors="5351 5353"/>
    <region xml:id="seg-r1833" anchors="5354 5363"/>
    <region xml:id="seg-r1835" anchors="5364 5376"/>
    <region xml:id="seg-r1836" anchors="5376 5377"/>
    <region xml:id="seg-r1838" anchors="5378 5391"/>
    <region xml:id="seg-r1840" anchors="5392 5395"/>
    <region xml:id="seg-r1842" anchors="5396 5398"/>
    <region xml:id="seg-r1844" anchors="5399 5405"/>
    <region xml:id="seg-r1845" anchors="5405 5406"/>
    <region xml:id="seg-r1847" anchors="5407 5419"/>
    <region xml:id="seg-r1849" anchors="5420 5428"/>
    <region xml:id="seg-r1851" anchors="5429 5433"/>
    <region xml:id="seg-r1853" anchors="5434 5436"/>
    <region xml:id="seg-r1855" anchors="5437 5441"/>
    <region xml:id="seg-r1857" anchors="5442 5447"/>
    <region xml:id="seg-r1859" anchors="5448 5458"/>
    <region xml:id="seg-r1860" anchors="5458 5459"/>
    <region xml:id="seg-r1862" anchors="5460 5463"/>
    <region xml:id="seg-r1864" anchors="5464 5470"/>
    <region xml:id="seg-r1866" anchors="5471 5474"/>
    <region xml:id="seg-r1868" anchors="5475 5478"/>
    <region xml:id="seg-r1870" anchors="5479 5483"/>
    <region xml:id="seg-r1872" anchors="5484 5495"/>
    <region xml:id="seg-r1874" anchors="5496 5500"/>
    <region xml:id="seg-r1876" anchors="5501 5511"/>
    <region xml:id="seg-r1878" anchors="5512 5516"/>
    <region xml:id="seg-r1880" anchors="5517 5523"/>
    <region xml:id="seg-r1882" anchors="5524 5526"/>
    <region xml:id="seg-r1884" anchors="5527 5534"/>
    <region xml:id="seg-r1885" anchors="5534 5535"/>
    <region xml:id="seg-r1887" anchors="5537 5549"/>
    <region xml:id="seg-r1889" anchors="5550 5551"/>
    <region xml:id="seg-r1891" anchors="5552 5564"/>
    <region xml:id="seg-r1893" anchors="5565 5572"/>
    <region xml:id="seg-r1895" anchors="5573 5577"/>
    <region xml:id="seg-r1897" anchors="5578 5583"/>
    <region xml:id="seg-r1899" anchors="5584 5592"/>
    <region xml:id="seg-r1901" anchors="5593 5597"/>
    <region xml:id="seg-r1903" anchors="5598 5601"/>
    <region xml:id="seg-r1905" anchors="5602 5610"/>
    <region xml:id="seg-r1907" anchors="5611 5615"/>
    <region xml:id="seg-r1909" anchors="5616 5618"/>
    <region xml:id="seg-r1911" anchors="5619 5622"/>
    <region xml:id="seg-r1913" anchors="5623 5635"/>
    <region xml:id="seg-r1915" anchors="5636 5643"/>
    <region xml:id="seg-r1917" anchors="5644 5647"/>
    <region xml:id="seg-r1919" anchors="5648 5656"/>
    <region xml:id="seg-r1921" anchors="5657 5659"/>
    <region xml:id="seg-r1923" anchors="5660 5672"/>
    <region xml:id="seg-r1925" anchors="5673 5676"/>
    <region xml:id="seg-r1927" anchors="5677 5684"/>
    <region xml:id="seg-r1929" anchors="5685 5690"/>
    <region xml:id="seg-r1931" anchors="5691 5694"/>
    <region xml:id="seg-r1932" anchors="5694 5696"/>
    <region xml:id="seg-r1934" anchors="5697 5700"/>
    <region xml:id="seg-r1936" anchors="5701 5707"/>
    <region xml:id="seg-r1938" anchors="5708 5710"/>
    <region xml:id="seg-r1940" anchors="5711 5723"/>
    <region xml:id="seg-r1942" anchors="5724 5727"/>
    <region xml:id="seg-r1944" anchors="5728 5741"/>
    <region xml:id="seg-r1945" anchors="5741 5742"/>
    <region xml:id="seg-r1947" anchors="5743 5746"/>
    <region xml:id="seg-r1949" anchors="5747 5754"/>
    <region xml:id="seg-r1951" anchors="5755 5759"/>
    <region xml:id="seg-r1953" anchors="5760 5762"/>
    <region xml:id="seg-r1955" anchors="5763 5765"/>
    <region xml:id="seg-r1957" anchors="5766 5770"/>
    <region xml:id="seg-r1959" anchors="5771 5774"/>
    <region xml:id="seg-r1961" anchors="5775 5781"/>
    <region xml:id="seg-r1963" anchors="5782 5787"/>
    <region xml:id="seg-r1964" anchors="5787 5788"/>
    <region xml:id="seg-r1966" anchors="5789 5792"/>
    <region xml:id="seg-r1968" anchors="5793 5795"/>
    <region xml:id="seg-r1970" anchors="5796 5803"/>
    <region xml:id="seg-r1971" anchors="5803 5804"/>
    <region xml:id="seg-r1973" anchors="5805 5808"/>
    <region xml:id="seg-r1975" anchors="5809 5817"/>
    <region xml:id="seg-r1977" anchors="5818 5823"/>
    <region xml:id="seg-r1979" anchors="5824 5836"/>
    <region xml:id="seg-r1981" anchors="5837 5840"/>
    <region xml:id="seg-r1983" anchors="5841 5850"/>
    <region xml:id="seg-r1985" anchors="5851 5854"/>
    <region xml:id="seg-r1987" anchors="5855 5859"/>
    <region xml:id="seg-r1989" anchors="5860 5867"/>
    <region xml:id="seg-r1991" anchors="5868 5871"/>
    <region xml:id="seg-r1992" anchors="5871 5874"/>
    <region xml:id="seg-r1994" anchors="5875 5881"/>
    <region xml:id="seg-r1996" anchors="5882 5883"/>
    <region xml:id="seg-r1997" anchors="5883 5886"/>
    <region xml:id="seg-r1999" anchors="5887 5891"/>
    <region xml:id="seg-r2000" anchors="5891 5892"/>
    <region xml:id="seg-r2002" anchors="5893 5896"/>
    <region xml:id="seg-r2004" anchors="5897 5901"/>
    <region xml:id="seg-r2006" anchors="5902 5907"/>
    <region xml:id="seg-r2008" anchors="5908 5911"/>
    <region xml:id="seg-r2009" anchors="5911 5914"/>
    <region xml:id="seg-r2011" anchors="5915 5918"/>
    <region xml:id="seg-r2012" anchors="5918 5919"/>
    <region xml:id="seg-r2013" anchors="5919 5920"/>
    <region xml:id="seg-r2015" anchors="5921 5924"/>
    <region xml:id="seg-r2017" anchors="5925 5938"/>
    <region xml:id="seg-r2019" anchors="5939 5946"/>
    <region xml:id="seg-r2021" anchors="5947 5950"/>
    <region xml:id="seg-r2023" anchors="5951 5960"/>
    <region xml:id="seg-r2025" anchors="5961 5964"/>
    <region xml:id="seg-r2027" anchors="5965 5969"/>
    <region xml:id="seg-r2029" anchors="5970 5977"/>
    <region xml:id="seg-r2031" anchors="5978 5981"/>
    <region xml:id="seg-r2032" anchors="5981 5984"/>
    <region xml:id="seg-r2034" anchors="5985 5993"/>
    <region xml:id="seg-r2036" anchors="5994 5998"/>
    <region xml:id="seg-r2037" anchors="5998 5999"/>
    <region xml:id="seg-r2039" anchors="6001 6011"/>
    <region xml:id="seg-r2041" anchors="6022 6034"/>
    <region xml:id="seg-r2042" anchors="6034 6035"/>
    <region xml:id="seg-r2044" anchors="6036 6038"/>
    <region xml:id="seg-r2046" anchors="6039 6040"/>
    <region xml:id="seg-r2048" anchors="6041 6046"/>
    <region xml:id="seg-r2049" anchors="6046 6047"/>
    <region xml:id="seg-r2051" anchors="6048 6052"/>
    <region xml:id="seg-r2053" anchors="6053 6054"/>
    <region xml:id="seg-r2054" anchors="6054 6058"/>
    <region xml:id="seg-r2055" anchors="6058 6059"/>
    <region xml:id="seg-r2056" anchors="6059 6060"/>
    <region xml:id="seg-r2058" anchors="6061 6066"/>
    <region xml:id="seg-r2060" anchors="6067 6072"/>
    <region xml:id="seg-r2062" anchors="6073 6075"/>
    <region xml:id="seg-r2064" anchors="6076 6077"/>
    <region xml:id="seg-r2066" anchors="6078 6082"/>
    <region xml:id="seg-r2067" anchors="6082 6083"/>
    <region xml:id="seg-r2069" anchors="6084 6086"/>
    <region xml:id="seg-r2071" anchors="6087 6092"/>
    <region xml:id="seg-r2073" anchors="6093 6094"/>
    <region xml:id="seg-r2075" anchors="6095 6098"/>
    <region xml:id="seg-r2076" anchors="6098 6099"/>
    <region xml:id="seg-r2078" anchors="6100 6107"/>
    <region xml:id="seg-r2080" anchors="6108 6110"/>
    <region xml:id="seg-r2082" anchors="6111 6114"/>
    <region xml:id="seg-r2084" anchors="6115 6123"/>
    <region xml:id="seg-r2086" anchors="6124 6126"/>
    <region xml:id="seg-r2088" anchors="6127 6132"/>
    <region xml:id="seg-r2089" anchors="6132 6139"/>
    <region xml:id="seg-r2091" anchors="6140 6142"/>
    <region xml:id="seg-r2093" anchors="6143 6150"/>
    <region xml:id="seg-r2095" anchors="6151 6154"/>
    <region xml:id="seg-r2097" anchors="6155 6162"/>
    <region xml:id="seg-r2099" anchors="6163 6174"/>
    <region xml:id="seg-r2100" anchors="6174 6175"/>
    <region xml:id="seg-r2102" anchors="6176 6183"/>
    <region xml:id="seg-r2104" anchors="6184 6186"/>
    <region xml:id="seg-r2106" anchors="6187 6195"/>
    <region xml:id="seg-r2108" anchors="6196 6204"/>
    <region xml:id="seg-r2110" anchors="6205 6206"/>
    <region xml:id="seg-r2112" anchors="6207 6209"/>
    <region xml:id="seg-r2113" anchors="6209 6210"/>
    <region xml:id="seg-r2115" anchors="6211 6214"/>
    <region xml:id="seg-r2116" anchors="6214 6215"/>
    <region xml:id="seg-r2117" anchors="6215 6218"/>
    <region xml:id="seg-r2119" anchors="6219 6220"/>
    <region xml:id="seg-r2121" anchors="6221 6224"/>
    <region xml:id="seg-r2123" anchors="6225 6226"/>
</graph>
