<graph xmlns="http://www.xces.org/ns/GrAF/1.0/" xmlns:graf="http://www.xces.org/ns/GrAF/1.0/">
  <graphHeader>
    <labelsDecl>
      <labelUsage label="body" occurs="1"/>
      <labelUsage label="text" occurs="1"/>
      <labelUsage label="a" occurs="5"/>
      <labelUsage label="p" occurs="78"/>
      <labelUsage label="div" occurs="17"/>
      <labelUsage label="hi" occurs="9"/>
      <labelUsage label="cesDoc" occurs="1"/>
      <labelUsage label="head" occurs="2"/>
    </labelsDecl>
    <annotationSpaces>
      <annotationSpace as.id="xces"/>
    </annotationSpaces>
  </graphHeader>
  <region xml:id="logical-r0" anchors="0 17453"/>
  <node xml:id="logical-n0">
    <link targets="logical-r0"/>
  </node>
  <a xml:id="logical-N65597" label="cesDoc" ref="logical-n0" as="xces">
    <fs>
      <f name="xmlns" value="http://www.xces.org/schema/2003"/>
      <f name="version" value="1.0.4"/>
    </fs>
  </a>
  <region xml:id="logical-r1" anchors="1 17452"/>
  <node xml:id="logical-n1">
    <link targets="logical-r1"/>
  </node>
  <a xml:id="logical-N65625" label="text" ref="logical-n1" as="xces"/>
  <region xml:id="logical-r2" anchors="2 17451"/>
  <node xml:id="logical-n2">
    <link targets="logical-r2"/>
  </node>
  <a xml:id="logical-N65641" label="body" ref="logical-n2" as="xces"/>
  <region xml:id="logical-r3" anchors="4 73"/>
  <node xml:id="logical-n3">
    <link targets="logical-r3"/>
  </node>
  <a xml:id="logical-N65657" label="head" ref="logical-n3" as="xces">
    <fs>
      <f name="type" value="title"/>
    </fs>
  </a>
  <region xml:id="logical-r4" anchors="76 5735"/>
  <node xml:id="logical-n4">
    <link targets="logical-r4"/>
  </node>
  <a xml:id="logical-N65681" label="div" ref="logical-n4" as="xces">
    <fs>
      <f name="type" value="entry"/>
    </fs>
  </a>
  <region xml:id="logical-r5" anchors="77 238"/>
  <node xml:id="logical-n5">
    <link targets="logical-r5"/>
  </node>
  <a xml:id="logical-N65705" label="p" ref="logical-n5" as="xces"/>
  <region xml:id="logical-r6" anchors="239 404"/>
  <node xml:id="logical-n6">
    <link targets="logical-r6"/>
  </node>
  <a xml:id="logical-N65721" label="p" ref="logical-n6" as="xces"/>
  <region xml:id="logical-r7" anchors="406 500"/>
  <node xml:id="logical-n7">
    <link targets="logical-r7"/>
  </node>
  <a xml:id="logical-N65737" label="p" ref="logical-n7" as="xces"/>
  <region xml:id="logical-r8" anchors="502 579"/>
  <node xml:id="logical-n8">
    <link targets="logical-r8"/>
  </node>
  <a xml:id="logical-N65753" label="p" ref="logical-n8" as="xces"/>
  <region xml:id="logical-r9" anchors="581 778"/>
  <node xml:id="logical-n9">
    <link targets="logical-r9"/>
  </node>
  <a xml:id="logical-N65769" label="p" ref="logical-n9" as="xces"/>
  <region xml:id="logical-r10" anchors="592 614"/>
  <node xml:id="logical-n10">
    <link targets="logical-r10"/>
  </node>
  <a xml:id="logical-N65785" label="a" ref="logical-n10" as="xces">
    <fs>
      <f name="href" value="http://www.nytimes.com/2009/03/08/opinion/08barlow.html"/>
    </fs>
  </a>
  <region xml:id="logical-r11" anchors="660 696"/>
  <node xml:id="logical-n11">
    <link targets="logical-r11"/>
  </node>
  <a xml:id="logical-N65809" label="hi" ref="logical-n11" as="xces">
    <fs>
      <f name="rend" value="bold"/>
    </fs>
  </a>
  <region xml:id="logical-r12" anchors="779 923"/>
  <node xml:id="logical-n12">
    <link targets="logical-r12"/>
  </node>
  <a xml:id="logical-N65833" label="p" ref="logical-n12" as="xces"/>
  <region xml:id="logical-r13" anchors="924 1331"/>
  <node xml:id="logical-n13">
    <link targets="logical-r13"/>
  </node>
  <a xml:id="logical-N65849" label="p" ref="logical-n13" as="xces"/>
  <region xml:id="logical-r14" anchors="941 962"/>
  <node xml:id="logical-n14">
    <link targets="logical-r14"/>
  </node>
  <a xml:id="logical-N65865" label="hi" ref="logical-n14" as="xces">
    <fs>
      <f name="rend" value="bold"/>
    </fs>
  </a>
  <region xml:id="logical-r15" anchors="1296 1331"/>
  <node xml:id="logical-n15">
    <link targets="logical-r15"/>
  </node>
  <a xml:id="logical-N65889" label="hi" ref="logical-n15" as="xces">
    <fs>
      <f name="rend" value="bold"/>
    </fs>
  </a>
  <region xml:id="logical-r16" anchors="1333 1812"/>
  <node xml:id="logical-n16">
    <link targets="logical-r16"/>
  </node>
  <a xml:id="logical-N65913" label="p" ref="logical-n16" as="xces"/>
  <region xml:id="logical-r17" anchors="1762 1812"/>
  <node xml:id="logical-n17">
    <link targets="logical-r17"/>
  </node>
  <a xml:id="logical-N65929" label="hi" ref="logical-n17" as="xces">
    <fs>
      <f name="rend" value="bold"/>
    </fs>
  </a>
  <region xml:id="logical-r18" anchors="1813 2061"/>
  <node xml:id="logical-n18">
    <link targets="logical-r18"/>
  </node>
  <a xml:id="logical-N65953" label="p" ref="logical-n18" as="xces"/>
  <region xml:id="logical-r19" anchors="2062 2421"/>
  <node xml:id="logical-n19">
    <link targets="logical-r19"/>
  </node>
  <a xml:id="logical-N65969" label="p" ref="logical-n19" as="xces"/>
  <region xml:id="logical-r20" anchors="2422 2456"/>
  <node xml:id="logical-n20">
    <link targets="logical-r20"/>
  </node>
  <a xml:id="logical-N65985" label="p" ref="logical-n20" as="xces"/>
  <region xml:id="logical-r21" anchors="2458 2871"/>
  <node xml:id="logical-n21">
    <link targets="logical-r21"/>
  </node>
  <a xml:id="logical-N66001" label="p" ref="logical-n21" as="xces"/>
  <region xml:id="logical-r22" anchors="2548 2594"/>
  <node xml:id="logical-n22">
    <link targets="logical-r22"/>
  </node>
  <a xml:id="logical-N66017" label="hi" ref="logical-n22" as="xces">
    <fs>
      <f name="rend" value="bold"/>
    </fs>
  </a>
  <region xml:id="logical-r23" anchors="2873 3307"/>
  <node xml:id="logical-n23">
    <link targets="logical-r23"/>
  </node>
  <a xml:id="logical-N66041" label="p" ref="logical-n23" as="xces"/>
  <region xml:id="logical-r24" anchors="3308 3589"/>
  <node xml:id="logical-n24">
    <link targets="logical-r24"/>
  </node>
  <a xml:id="logical-N66057" label="p" ref="logical-n24" as="xces"/>
  <region xml:id="logical-r25" anchors="3591 3901"/>
  <node xml:id="logical-n25">
    <link targets="logical-r25"/>
  </node>
  <a xml:id="logical-N66073" label="p" ref="logical-n25" as="xces"/>
  <region xml:id="logical-r26" anchors="3902 3986"/>
  <node xml:id="logical-n26">
    <link targets="logical-r26"/>
  </node>
  <a xml:id="logical-N66089" label="p" ref="logical-n26" as="xces"/>
  <region xml:id="logical-r27" anchors="3987 4096"/>
  <node xml:id="logical-n27">
    <link targets="logical-r27"/>
  </node>
  <a xml:id="logical-N66105" label="p" ref="logical-n27" as="xces"/>
  <region xml:id="logical-r28" anchors="4098 4433"/>
  <node xml:id="logical-n28">
    <link targets="logical-r28"/>
  </node>
  <a xml:id="logical-N66121" label="p" ref="logical-n28" as="xces"/>
  <region xml:id="logical-r29" anchors="4377 4433"/>
  <node xml:id="logical-n29">
    <link targets="logical-r29"/>
  </node>
  <a xml:id="logical-N66137" label="hi" ref="logical-n29" as="xces">
    <fs>
      <f name="rend" value="bold-italic"/>
    </fs>
  </a>
  <region xml:id="logical-r30" anchors="4434 4862"/>
  <node xml:id="logical-n30">
    <link targets="logical-r30"/>
  </node>
  <a xml:id="logical-N66161" label="p" ref="logical-n30" as="xces"/>
  <region xml:id="logical-r31" anchors="4863 4951"/>
  <node xml:id="logical-n31">
    <link targets="logical-r31"/>
  </node>
  <a xml:id="logical-N66177" label="p" ref="logical-n31" as="xces"/>
  <region xml:id="logical-r32" anchors="4953 5173"/>
  <node xml:id="logical-n32">
    <link targets="logical-r32"/>
  </node>
  <a xml:id="logical-N66193" label="p" ref="logical-n32" as="xces"/>
  <region xml:id="logical-r33" anchors="5012 5047"/>
  <node xml:id="logical-n33">
    <link targets="logical-r33"/>
  </node>
  <a xml:id="logical-N66209" label="hi" ref="logical-n33" as="xces">
    <fs>
      <f name="rend" value="bold"/>
    </fs>
  </a>
  <region xml:id="logical-r34" anchors="5091 5114"/>
  <node xml:id="logical-n34">
    <link targets="logical-r34"/>
  </node>
  <a xml:id="logical-N66233" label="a" ref="logical-n34" as="xces">
    <fs>
      <f name="href" value="http://detroitunrealestateagency.blogspot.com/"/>
    </fs>
  </a>
  <region xml:id="logical-r35" anchors="5119 5135"/>
  <node xml:id="logical-n35">
    <link targets="logical-r35"/>
  </node>
  <a xml:id="logical-N66257" label="a" ref="logical-n35" as="xces">
    <fs>
      <f name="href" value="http://www.thenation.com/doc/20090921/boggs"/>
    </fs>
  </a>
  <region xml:id="logical-r36" anchors="5174 5222"/>
  <node xml:id="logical-n36">
    <link targets="logical-r36"/>
  </node>
  <a xml:id="logical-N66281" label="p" ref="logical-n36" as="xces"/>
  <region xml:id="logical-r37" anchors="5223 5457"/>
  <node xml:id="logical-n37">
    <link targets="logical-r37"/>
  </node>
  <a xml:id="logical-N66297" label="p" ref="logical-n37" as="xces"/>
  <region xml:id="logical-r38" anchors="5233 5336"/>
  <node xml:id="logical-n38">
    <link targets="logical-r38"/>
  </node>
  <a xml:id="logical-N66313" label="hi" ref="logical-n38" as="xces">
    <fs>
      <f name="rend" value="bold"/>
    </fs>
  </a>
  <region xml:id="logical-r39" anchors="5460 5558"/>
  <node xml:id="logical-n39">
    <link targets="logical-r39"/>
  </node>
  <a xml:id="logical-N66337" label="p" ref="logical-n39" as="xces">
    <fs>
      <f name="style" value="font-weight:bold;"/>
    </fs>
  </a>
  <region xml:id="logical-r40" anchors="5559 5733"/>
  <node xml:id="logical-n40">
    <link targets="logical-r40"/>
  </node>
  <a xml:id="logical-N66361" label="p" ref="logical-n40" as="xces"/>
  <region xml:id="logical-r41" anchors="5560 5732"/>
  <node xml:id="logical-n41">
    <link targets="logical-r41"/>
  </node>
  <a xml:id="logical-N66377" label="hi" ref="logical-n41" as="xces">
    <fs>
      <f name="rend" value="italic"/>
    </fs>
  </a>
  <region xml:id="logical-r42" anchors="5570 5581"/>
  <node xml:id="logical-n42">
    <link targets="logical-r42"/>
  </node>
  <a xml:id="logical-N66401" label="a" ref="logical-n42" as="xces">
    <fs>
      <f name="href" value="http://www.huffingtonpost.com/toby-barlow"/>
    </fs>
  </a>
  <region xml:id="logical-r43" anchors="5738 17450"/>
  <node xml:id="logical-n43">
    <link targets="logical-r43"/>
  </node>
  <a xml:id="logical-N66425" label="div" ref="logical-n43" as="xces">
    <fs>
      <f name="type" value="comments"/>
    </fs>
  </a>
  <region xml:id="logical-r44" anchors="5741 5797"/>
  <node xml:id="logical-n44">
    <link targets="logical-r44"/>
  </node>
  <a xml:id="logical-N66449" label="head" ref="logical-n44" as="xces"/>
  <region xml:id="logical-r45" anchors="5799 5882"/>
  <node xml:id="logical-n45">
    <link targets="logical-r45"/>
  </node>
  <a xml:id="logical-N66465" label="div" ref="logical-n45" as="xces">
    <fs>
      <f name="type" value="comment"/>
    </fs>
  </a>
  <region xml:id="logical-r46" anchors="5800 5832"/>
  <node xml:id="logical-n46">
    <link targets="logical-r46"/>
  </node>
  <a xml:id="logical-N66489" label="p" ref="logical-n46" as="xces"/>
  <region xml:id="logical-r47" anchors="5833 5881"/>
  <node xml:id="logical-n47">
    <link targets="logical-r47"/>
  </node>
  <a xml:id="logical-N66505" label="p" ref="logical-n47" as="xces"/>
  <region xml:id="logical-r48" anchors="5883 8492"/>
  <node xml:id="logical-n48">
    <link targets="logical-r48"/>
  </node>
  <a xml:id="logical-N66521" label="div" ref="logical-n48" as="xces">
    <fs>
      <f name="type" value="comment"/>
    </fs>
  </a>
  <region xml:id="logical-r49" anchors="5884 5918"/>
  <node xml:id="logical-n49">
    <link targets="logical-r49"/>
  </node>
  <a xml:id="logical-N66545" label="p" ref="logical-n49" as="xces"/>
  <region xml:id="logical-r50" anchors="5920 6154"/>
  <node xml:id="logical-n50">
    <link targets="logical-r50"/>
  </node>
  <a xml:id="logical-N66561" label="p" ref="logical-n50" as="xces"/>
  <region xml:id="logical-r51" anchors="6155 6401"/>
  <node xml:id="logical-n51">
    <link targets="logical-r51"/>
  </node>
  <a xml:id="logical-N66577" label="p" ref="logical-n51" as="xces"/>
  <region xml:id="logical-r52" anchors="6402 6674"/>
  <node xml:id="logical-n52">
    <link targets="logical-r52"/>
  </node>
  <a xml:id="logical-N66593" label="p" ref="logical-n52" as="xces"/>
  <region xml:id="logical-r53" anchors="6675 6687"/>
  <node xml:id="logical-n53">
    <link targets="logical-r53"/>
  </node>
  <a xml:id="logical-N66609" label="p" ref="logical-n53" as="xces"/>
  <region xml:id="logical-r54" anchors="6688 7069"/>
  <node xml:id="logical-n54">
    <link targets="logical-r54"/>
  </node>
  <a xml:id="logical-N66625" label="p" ref="logical-n54" as="xces"/>
  <region xml:id="logical-r55" anchors="7070 7616"/>
  <node xml:id="logical-n55">
    <link targets="logical-r55"/>
  </node>
  <a xml:id="logical-N66641" label="p" ref="logical-n55" as="xces"/>
  <region xml:id="logical-r56" anchors="7617 8144"/>
  <node xml:id="logical-n56">
    <link targets="logical-r56"/>
  </node>
  <a xml:id="logical-N66657" label="p" ref="logical-n56" as="xces"/>
  <region xml:id="logical-r57" anchors="8145 8491"/>
  <node xml:id="logical-n57">
    <link targets="logical-r57"/>
  </node>
  <a xml:id="logical-N66673" label="p" ref="logical-n57" as="xces"/>
  <region xml:id="logical-r58" anchors="8493 9142"/>
  <node xml:id="logical-n58">
    <link targets="logical-r58"/>
  </node>
  <a xml:id="logical-N66689" label="div" ref="logical-n58" as="xces">
    <fs>
      <f name="type" value="comment"/>
    </fs>
  </a>
  <region xml:id="logical-r59" anchors="8494 8528"/>
  <node xml:id="logical-n59">
    <link targets="logical-r59"/>
  </node>
  <a xml:id="logical-N66713" label="p" ref="logical-n59" as="xces"/>
  <region xml:id="logical-r60" anchors="8530 8811"/>
  <node xml:id="logical-n60">
    <link targets="logical-r60"/>
  </node>
  <a xml:id="logical-N66729" label="p" ref="logical-n60" as="xces"/>
  <region xml:id="logical-r61" anchors="8812 8911"/>
  <node xml:id="logical-n61">
    <link targets="logical-r61"/>
  </node>
  <a xml:id="logical-N66745" label="p" ref="logical-n61" as="xces"/>
  <region xml:id="logical-r62" anchors="8912 9141"/>
  <node xml:id="logical-n62">
    <link targets="logical-r62"/>
  </node>
  <a xml:id="logical-N66761" label="p" ref="logical-n62" as="xces"/>
  <region xml:id="logical-r63" anchors="9143 10686"/>
  <node xml:id="logical-n63">
    <link targets="logical-r63"/>
  </node>
  <a xml:id="logical-N66777" label="div" ref="logical-n63" as="xces">
    <fs>
      <f name="type" value="comment"/>
    </fs>
  </a>
  <region xml:id="logical-r64" anchors="9144 9188"/>
  <node xml:id="logical-n64">
    <link targets="logical-r64"/>
  </node>
  <a xml:id="logical-N66801" label="p" ref="logical-n64" as="xces"/>
  <region xml:id="logical-r65" anchors="9190 9267"/>
  <node xml:id="logical-n65">
    <link targets="logical-r65"/>
  </node>
  <a xml:id="logical-N66817" label="p" ref="logical-n65" as="xces"/>
  <region xml:id="logical-r66" anchors="9268 9753"/>
  <node xml:id="logical-n66">
    <link targets="logical-r66"/>
  </node>
  <a xml:id="logical-N66833" label="p" ref="logical-n66" as="xces"/>
  <region xml:id="logical-r67" anchors="9754 10319"/>
  <node xml:id="logical-n67">
    <link targets="logical-r67"/>
  </node>
  <a xml:id="logical-N66849" label="p" ref="logical-n67" as="xces"/>
  <region xml:id="logical-r68" anchors="10320 10685"/>
  <node xml:id="logical-n68">
    <link targets="logical-r68"/>
  </node>
  <a xml:id="logical-N66865" label="p" ref="logical-n68" as="xces"/>
  <region xml:id="logical-r69" anchors="10687 11444"/>
  <node xml:id="logical-n69">
    <link targets="logical-r69"/>
  </node>
  <a xml:id="logical-N66881" label="div" ref="logical-n69" as="xces">
    <fs>
      <f name="type" value="comment"/>
    </fs>
  </a>
  <region xml:id="logical-r70" anchors="10688 10730"/>
  <node xml:id="logical-n70">
    <link targets="logical-r70"/>
  </node>
  <a xml:id="logical-N66905" label="p" ref="logical-n70" as="xces"/>
  <region xml:id="logical-r71" anchors="10731 10825"/>
  <node xml:id="logical-n71">
    <link targets="logical-r71"/>
  </node>
  <a xml:id="logical-N66921" label="p" ref="logical-n71" as="xces"/>
  <region xml:id="logical-r72" anchors="10826 11085"/>
  <node xml:id="logical-n72">
    <link targets="logical-r72"/>
  </node>
  <a xml:id="logical-N66937" label="p" ref="logical-n72" as="xces"/>
  <region xml:id="logical-r73" anchors="10972 10987"/>
  <node xml:id="logical-n73">
    <link targets="logical-r73"/>
  </node>
  <a xml:id="logical-N66953" label="a" ref="logical-n73" as="xces">
    <fs>
      <f name="href" value="http://www.spiritualityandpractice.com/films/films.php?id=8803"/>
    </fs>
  </a>
  <region xml:id="logical-r74" anchors="11086 11416"/>
  <node xml:id="logical-n74">
    <link targets="logical-r74"/>
  </node>
  <a xml:id="logical-N66977" label="p" ref="logical-n74" as="xces"/>
  <region xml:id="logical-r75" anchors="11417 11443"/>
  <node xml:id="logical-n75">
    <link targets="logical-r75"/>
  </node>
  <a xml:id="logical-N66993" label="p" ref="logical-n75" as="xces"/>
  <region xml:id="logical-r76" anchors="11445 13628"/>
  <node xml:id="logical-n76">
    <link targets="logical-r76"/>
  </node>
  <a xml:id="logical-N67009" label="div" ref="logical-n76" as="xces">
    <fs>
      <f name="type" value="comment"/>
    </fs>
  </a>
  <region xml:id="logical-r77" anchors="11446 11480"/>
  <node xml:id="logical-n77">
    <link targets="logical-r77"/>
  </node>
  <a xml:id="logical-N67033" label="p" ref="logical-n77" as="xces"/>
  <region xml:id="logical-r78" anchors="11481 13627"/>
  <node xml:id="logical-n78">
    <link targets="logical-r78"/>
  </node>
  <a xml:id="logical-N67049" label="p" ref="logical-n78" as="xces"/>
  <region xml:id="logical-r79" anchors="13629 13900"/>
  <node xml:id="logical-n79">
    <link targets="logical-r79"/>
  </node>
  <a xml:id="logical-N67065" label="div" ref="logical-n79" as="xces">
    <fs>
      <f name="type" value="comment"/>
    </fs>
  </a>
  <region xml:id="logical-r80" anchors="13630 13661"/>
  <node xml:id="logical-n80">
    <link targets="logical-r80"/>
  </node>
  <a xml:id="logical-N67089" label="p" ref="logical-n80" as="xces"/>
  <region xml:id="logical-r81" anchors="13663 13848"/>
  <node xml:id="logical-n81">
    <link targets="logical-r81"/>
  </node>
  <a xml:id="logical-N67105" label="p" ref="logical-n81" as="xces"/>
  <region xml:id="logical-r82" anchors="13849 13899"/>
  <node xml:id="logical-n82">
    <link targets="logical-r82"/>
  </node>
  <a xml:id="logical-N67121" label="p" ref="logical-n82" as="xces"/>
  <region xml:id="logical-r83" anchors="13901 14606"/>
  <node xml:id="logical-n83">
    <link targets="logical-r83"/>
  </node>
  <a xml:id="logical-N67137" label="div" ref="logical-n83" as="xces">
    <fs>
      <f name="type" value="comment"/>
    </fs>
  </a>
  <region xml:id="logical-r84" anchors="13902 13943"/>
  <node xml:id="logical-n84">
    <link targets="logical-r84"/>
  </node>
  <a xml:id="logical-N67161" label="p" ref="logical-n84" as="xces"/>
  <region xml:id="logical-r85" anchors="13944 13996"/>
  <node xml:id="logical-n85">
    <link targets="logical-r85"/>
  </node>
  <a xml:id="logical-N67177" label="p" ref="logical-n85" as="xces"/>
  <region xml:id="logical-r86" anchors="13997 14214"/>
  <node xml:id="logical-n86">
    <link targets="logical-r86"/>
  </node>
  <a xml:id="logical-N67193" label="p" ref="logical-n86" as="xces"/>
  <region xml:id="logical-r87" anchors="14215 14434"/>
  <node xml:id="logical-n87">
    <link targets="logical-r87"/>
  </node>
  <a xml:id="logical-N67209" label="p" ref="logical-n87" as="xces"/>
  <region xml:id="logical-r88" anchors="14435 14605"/>
  <node xml:id="logical-n88">
    <link targets="logical-r88"/>
  </node>
  <a xml:id="logical-N67225" label="p" ref="logical-n88" as="xces"/>
  <region xml:id="logical-r89" anchors="14607 15914"/>
  <node xml:id="logical-n89">
    <link targets="logical-r89"/>
  </node>
  <a xml:id="logical-N67241" label="div" ref="logical-n89" as="xces">
    <fs>
      <f name="type" value="comment"/>
    </fs>
  </a>
  <region xml:id="logical-r90" anchors="14608 14649"/>
  <node xml:id="logical-n90">
    <link targets="logical-r90"/>
  </node>
  <a xml:id="logical-N67265" label="p" ref="logical-n90" as="xces"/>
  <region xml:id="logical-r91" anchors="14651 14828"/>
  <node xml:id="logical-n91">
    <link targets="logical-r91"/>
  </node>
  <a xml:id="logical-N67281" label="p" ref="logical-n91" as="xces"/>
  <region xml:id="logical-r92" anchors="14829 15155"/>
  <node xml:id="logical-n92">
    <link targets="logical-r92"/>
  </node>
  <a xml:id="logical-N67297" label="p" ref="logical-n92" as="xces"/>
  <region xml:id="logical-r93" anchors="15156 15847"/>
  <node xml:id="logical-n93">
    <link targets="logical-r93"/>
  </node>
  <a xml:id="logical-N67313" label="p" ref="logical-n93" as="xces"/>
  <region xml:id="logical-r94" anchors="15848 15913"/>
  <node xml:id="logical-n94">
    <link targets="logical-r94"/>
  </node>
  <a xml:id="logical-N67329" label="p" ref="logical-n94" as="xces"/>
  <region xml:id="logical-r95" anchors="15915 16026"/>
  <node xml:id="logical-n95">
    <link targets="logical-r95"/>
  </node>
  <a xml:id="logical-N67345" label="div" ref="logical-n95" as="xces">
    <fs>
      <f name="type" value="comment"/>
    </fs>
  </a>
  <region xml:id="logical-r96" anchors="15916 15958"/>
  <node xml:id="logical-n96">
    <link targets="logical-r96"/>
  </node>
  <a xml:id="logical-N67369" label="p" ref="logical-n96" as="xces"/>
  <region xml:id="logical-r97" anchors="15959 16017"/>
  <node xml:id="logical-n97">
    <link targets="logical-r97"/>
  </node>
  <a xml:id="logical-N67385" label="p" ref="logical-n97" as="xces"/>
  <region xml:id="logical-r98" anchors="16018 16025"/>
  <node xml:id="logical-n98">
    <link targets="logical-r98"/>
  </node>
  <a xml:id="logical-N67401" label="p" ref="logical-n98" as="xces"/>
  <region xml:id="logical-r99" anchors="16027 16112"/>
  <node xml:id="logical-n99">
    <link targets="logical-r99"/>
  </node>
  <a xml:id="logical-N67417" label="div" ref="logical-n99" as="xces">
    <fs>
      <f name="type" value="comment"/>
    </fs>
  </a>
  <region xml:id="logical-r100" anchors="16028 16060"/>
  <node xml:id="logical-n100">
    <link targets="logical-r100"/>
  </node>
  <a xml:id="logical-N67441" label="p" ref="logical-n100" as="xces"/>
  <region xml:id="logical-r101" anchors="16061 16111"/>
  <node xml:id="logical-n101">
    <link targets="logical-r101"/>
  </node>
  <a xml:id="logical-N67457" label="p" ref="logical-n101" as="xces"/>
  <region xml:id="logical-r102" anchors="16113 16283"/>
  <node xml:id="logical-n102">
    <link targets="logical-r102"/>
  </node>
  <a xml:id="logical-N67473" label="div" ref="logical-n102" as="xces">
    <fs>
      <f name="type" value="comment"/>
    </fs>
  </a>
  <region xml:id="logical-r103" anchors="16114 16147"/>
  <node xml:id="logical-n103">
    <link targets="logical-r103"/>
  </node>
  <a xml:id="logical-N67497" label="p" ref="logical-n103" as="xces"/>
  <region xml:id="logical-r104" anchors="16148 16282"/>
  <node xml:id="logical-n104">
    <link targets="logical-r104"/>
  </node>
  <a xml:id="logical-N67513" label="p" ref="logical-n104" as="xces"/>
  <region xml:id="logical-r105" anchors="16284 16355"/>
  <node xml:id="logical-n105">
    <link targets="logical-r105"/>
  </node>
  <a xml:id="logical-N67529" label="div" ref="logical-n105" as="xces">
    <fs>
      <f name="type" value="comment"/>
    </fs>
  </a>
  <region xml:id="logical-r106" anchors="16285 16319"/>
  <node xml:id="logical-n106">
    <link targets="logical-r106"/>
  </node>
  <a xml:id="logical-N67553" label="p" ref="logical-n106" as="xces"/>
  <region xml:id="logical-r107" anchors="16320 16354"/>
  <node xml:id="logical-n107">
    <link targets="logical-r107"/>
  </node>
  <a xml:id="logical-N67569" label="p" ref="logical-n107" as="xces"/>
  <region xml:id="logical-r108" anchors="16356 16904"/>
  <node xml:id="logical-n108">
    <link targets="logical-r108"/>
  </node>
  <a xml:id="logical-N67585" label="div" ref="logical-n108" as="xces">
    <fs>
      <f name="type" value="comment"/>
    </fs>
  </a>
  <region xml:id="logical-r109" anchors="16357 16390"/>
  <node xml:id="logical-n109">
    <link targets="logical-r109"/>
  </node>
  <a xml:id="logical-N67609" label="p" ref="logical-n109" as="xces"/>
  <region xml:id="logical-r110" anchors="16391 16903"/>
  <node xml:id="logical-n110">
    <link targets="logical-r110"/>
  </node>
  <a xml:id="logical-N67625" label="p" ref="logical-n110" as="xces"/>
  <region xml:id="logical-r111" anchors="16905 17449"/>
  <node xml:id="logical-n111">
    <link targets="logical-r111"/>
  </node>
  <a xml:id="logical-N67641" label="div" ref="logical-n111" as="xces">
    <fs>
      <f name="type" value="comment"/>
    </fs>
  </a>
  <region xml:id="logical-r112" anchors="16906 16937"/>
  <node xml:id="logical-n112">
    <link targets="logical-r112"/>
  </node>
  <a xml:id="logical-N67665" label="p" ref="logical-n112" as="xces"/>
  <region xml:id="logical-r113" anchors="16938 17448"/>
  <node xml:id="logical-n113">
    <link targets="logical-r113"/>
  </node>
  <a xml:id="logical-N67681" label="p" ref="logical-n113" as="xces"/>
</graph>
