<graph xmlns="http://www.xces.org/ns/GrAF/1.0/" xmlns:graf="http://www.xces.org/ns/GrAF/1.0/">
  <graphHeader>
    <labelsDecl>
      <labelUsage label="Head" occurs="17"/>
      <labelUsage label="s" occurs="217"/>
      <labelUsage label="q" occurs="16"/>
    </labelsDecl>
    <annotationSpaces>
      <annotationSpace as.id="anc"/>
    </annotationSpaces>
  </graphHeader>
  <region xml:id="s-r0" anchors="4 73"/>
  <node xml:id="s-n0">
    <link targets="s-r0"/>
  </node>
  <a xml:id="s-N65577" label="Head" ref="s-n0" as="anc"/>
  <region xml:id="s-r1" anchors="78 238"/>
  <node xml:id="s-n1">
    <link targets="s-r1"/>
  </node>
  <a xml:id="s-N65593" label="s" ref="s-n1" as="anc"/>
  <region xml:id="s-r2" anchors="239 280"/>
  <node xml:id="s-n2">
    <link targets="s-r2"/>
  </node>
  <a xml:id="s-N65609" label="s" ref="s-n2" as="anc"/>
  <region xml:id="s-r3" anchors="281 404"/>
  <node xml:id="s-n3">
    <link targets="s-r3"/>
  </node>
  <a xml:id="s-N65625" label="s" ref="s-n3" as="anc"/>
  <region xml:id="s-r4" anchors="406 500"/>
  <node xml:id="s-n4">
    <link targets="s-r4"/>
  </node>
  <a xml:id="s-N65641" label="s" ref="s-n4" as="anc"/>
  <region xml:id="s-r5" anchors="502 547"/>
  <node xml:id="s-n5">
    <link targets="s-r5"/>
  </node>
  <a xml:id="s-N65657" label="s" ref="s-n5" as="anc"/>
  <region xml:id="s-r6" anchors="548 579"/>
  <node xml:id="s-n6">
    <link targets="s-r6"/>
  </node>
  <a xml:id="s-N65673" label="s" ref="s-n6" as="anc"/>
  <region xml:id="s-r7" anchors="581 698"/>
  <node xml:id="s-n7">
    <link targets="s-r7"/>
  </node>
  <a xml:id="s-N65689" label="s" ref="s-n7" as="anc"/>
  <region xml:id="s-r8" anchors="699 706"/>
  <node xml:id="s-n8">
    <link targets="s-r8"/>
  </node>
  <a xml:id="s-N65705" label="s" ref="s-n8" as="anc"/>
  <region xml:id="s-r9" anchors="707 778"/>
  <node xml:id="s-n9">
    <link targets="s-r9"/>
  </node>
  <a xml:id="s-N65721" label="s" ref="s-n9" as="anc"/>
  <region xml:id="s-r10" anchors="779 857"/>
  <node xml:id="s-n10">
    <link targets="s-r10"/>
  </node>
  <a xml:id="s-N65737" label="s" ref="s-n10" as="anc"/>
  <region xml:id="s-r11" anchors="858 923"/>
  <node xml:id="s-n11">
    <link targets="s-r11"/>
  </node>
  <a xml:id="s-N65753" label="s" ref="s-n11" as="anc"/>
  <region xml:id="s-r12" anchors="924 940"/>
  <node xml:id="s-n12">
    <link targets="s-r12"/>
  </node>
  <a xml:id="s-N65769" label="s" ref="s-n12" as="anc"/>
  <region xml:id="s-r13" anchors="941 948"/>
  <node xml:id="s-n13">
    <link targets="s-r13"/>
  </node>
  <a xml:id="s-N65785" label="s" ref="s-n13" as="anc"/>
  <region xml:id="s-r14" anchors="949 962"/>
  <node xml:id="s-n14">
    <link targets="s-r14"/>
  </node>
  <a xml:id="s-N65801" label="s" ref="s-n14" as="anc"/>
  <region xml:id="s-r15" anchors="963 1101"/>
  <node xml:id="s-n15">
    <link targets="s-r15"/>
  </node>
  <a xml:id="s-N65817" label="s" ref="s-n15" as="anc"/>
  <region xml:id="s-r16" anchors="1102 1251"/>
  <node xml:id="s-n16">
    <link targets="s-r16"/>
  </node>
  <a xml:id="s-N65833" label="s" ref="s-n16" as="anc"/>
  <region xml:id="s-r17" anchors="1252 1295"/>
  <node xml:id="s-n17">
    <link targets="s-r17"/>
  </node>
  <a xml:id="s-N65849" label="s" ref="s-n17" as="anc"/>
  <region xml:id="s-r18" anchors="1296 1331"/>
  <node xml:id="s-n18">
    <link targets="s-r18"/>
  </node>
  <a xml:id="s-N65865" label="s" ref="s-n18" as="anc"/>
  <region xml:id="s-r19" anchors="1333 1376"/>
  <node xml:id="s-n19">
    <link targets="s-r19"/>
  </node>
  <a xml:id="s-N65881" label="s" ref="s-n19" as="anc"/>
  <region xml:id="s-r20" anchors="1377 1479"/>
  <node xml:id="s-n20">
    <link targets="s-r20"/>
  </node>
  <a xml:id="s-N65897" label="s" ref="s-n20" as="anc"/>
  <region xml:id="s-r21" anchors="1480 1543"/>
  <node xml:id="s-n21">
    <link targets="s-r21"/>
  </node>
  <a xml:id="s-N65913" label="s" ref="s-n21" as="anc"/>
  <region xml:id="s-r22" anchors="1544 1618"/>
  <node xml:id="s-n22">
    <link targets="s-r22"/>
  </node>
  <a xml:id="s-N65929" label="s" ref="s-n22" as="anc"/>
  <region xml:id="s-r23" anchors="1619 1722"/>
  <node xml:id="s-n23">
    <link targets="s-r23"/>
  </node>
  <a xml:id="s-N65945" label="s" ref="s-n23" as="anc"/>
  <region xml:id="s-r24" anchors="1723 1812"/>
  <node xml:id="s-n24">
    <link targets="s-r24"/>
  </node>
  <a xml:id="s-N65961" label="s" ref="s-n24" as="anc"/>
  <region xml:id="s-r25" anchors="1813 1916"/>
  <node xml:id="s-n25">
    <link targets="s-r25"/>
  </node>
  <a xml:id="s-N65977" label="s" ref="s-n25" as="anc"/>
  <region xml:id="s-r26" anchors="1917 2009"/>
  <node xml:id="s-n26">
    <link targets="s-r26"/>
  </node>
  <a xml:id="s-N65993" label="s" ref="s-n26" as="anc"/>
  <region xml:id="s-r27" anchors="2010 2061"/>
  <node xml:id="s-n27">
    <link targets="s-r27"/>
  </node>
  <a xml:id="s-N66009" label="s" ref="s-n27" as="anc"/>
  <region xml:id="s-r28" anchors="2062 2148"/>
  <node xml:id="s-n28">
    <link targets="s-r28"/>
  </node>
  <a xml:id="s-N66025" label="s" ref="s-n28" as="anc"/>
  <region xml:id="s-r29" anchors="2149 2183"/>
  <node xml:id="s-n29">
    <link targets="s-r29"/>
  </node>
  <a xml:id="s-N66041" label="s" ref="s-n29" as="anc"/>
  <region xml:id="s-r30" anchors="2184 2255"/>
  <node xml:id="s-n30">
    <link targets="s-r30"/>
  </node>
  <a xml:id="s-N66057" label="s" ref="s-n30" as="anc"/>
  <region xml:id="s-r31" anchors="2256 2334"/>
  <node xml:id="s-n31">
    <link targets="s-r31"/>
  </node>
  <a xml:id="s-N66073" label="s" ref="s-n31" as="anc"/>
  <region xml:id="s-r32" anchors="2335 2421"/>
  <node xml:id="s-n32">
    <link targets="s-r32"/>
  </node>
  <a xml:id="s-N66089" label="s" ref="s-n32" as="anc"/>
  <region xml:id="s-r33" anchors="2422 2439"/>
  <node xml:id="s-n33">
    <link targets="s-r33"/>
  </node>
  <a xml:id="s-N66105" label="s" ref="s-n33" as="anc"/>
  <region xml:id="s-r34" anchors="2440 2456"/>
  <node xml:id="s-n34">
    <link targets="s-r34"/>
  </node>
  <a xml:id="s-N66121" label="s" ref="s-n34" as="anc"/>
  <region xml:id="s-r35" anchors="2458 2538"/>
  <node xml:id="s-n35">
    <link targets="s-r35"/>
  </node>
  <a xml:id="s-N66137" label="s" ref="s-n35" as="anc"/>
  <region xml:id="s-r36" anchors="2539 2596"/>
  <node xml:id="s-n36">
    <link targets="s-r36"/>
  </node>
  <a xml:id="s-N66153" label="s" ref="s-n36" as="anc"/>
  <region xml:id="s-r37" anchors="2597 2725"/>
  <node xml:id="s-n37">
    <link targets="s-r37"/>
  </node>
  <a xml:id="s-N66169" label="s" ref="s-n37" as="anc"/>
  <region xml:id="s-r38" anchors="2726 2785"/>
  <node xml:id="s-n38">
    <link targets="s-r38"/>
  </node>
  <a xml:id="s-N66185" label="s" ref="s-n38" as="anc"/>
  <region xml:id="s-r39" anchors="2786 2871"/>
  <node xml:id="s-n39">
    <link targets="s-r39"/>
  </node>
  <a xml:id="s-N66201" label="s" ref="s-n39" as="anc"/>
  <region xml:id="s-r40" anchors="2873 2989"/>
  <node xml:id="s-n40">
    <link targets="s-r40"/>
  </node>
  <a xml:id="s-N66217" label="s" ref="s-n40" as="anc"/>
  <region xml:id="s-r41" anchors="2990 3084"/>
  <node xml:id="s-n41">
    <link targets="s-r41"/>
  </node>
  <a xml:id="s-N66233" label="s" ref="s-n41" as="anc"/>
  <region xml:id="s-r42" anchors="3085 3192"/>
  <node xml:id="s-n42">
    <link targets="s-r42"/>
  </node>
  <a xml:id="s-N66249" label="s" ref="s-n42" as="anc"/>
  <region xml:id="s-r43" anchors="3193 3307"/>
  <node xml:id="s-n43">
    <link targets="s-r43"/>
  </node>
  <a xml:id="s-N66265" label="s" ref="s-n43" as="anc"/>
  <region xml:id="s-r44" anchors="3308 3355"/>
  <node xml:id="s-n44">
    <link targets="s-r44"/>
  </node>
  <a xml:id="s-N66281" label="s" ref="s-n44" as="anc"/>
  <region xml:id="s-r45" anchors="3356 3415"/>
  <node xml:id="s-n45">
    <link targets="s-r45"/>
  </node>
  <a xml:id="s-N66297" label="s" ref="s-n45" as="anc"/>
  <region xml:id="s-r46" anchors="3416 3554"/>
  <node xml:id="s-n46">
    <link targets="s-r46"/>
  </node>
  <a xml:id="s-N66313" label="s" ref="s-n46" as="anc"/>
  <region xml:id="s-r47" anchors="3555 3589"/>
  <node xml:id="s-n47">
    <link targets="s-r47"/>
  </node>
  <a xml:id="s-N66329" label="s" ref="s-n47" as="anc"/>
  <region xml:id="s-r48" anchors="3591 3725"/>
  <node xml:id="s-n48">
    <link targets="s-r48"/>
  </node>
  <a xml:id="s-N66345" label="s" ref="s-n48" as="anc"/>
  <region xml:id="s-r49" anchors="3726 3900"/>
  <node xml:id="s-n49">
    <link targets="s-r49"/>
  </node>
  <a xml:id="s-N66361" label="s" ref="s-n49" as="anc"/>
  <region xml:id="s-r50" anchors="3902 3924"/>
  <node xml:id="s-n50">
    <link targets="s-r50"/>
  </node>
  <a xml:id="s-N66377" label="s" ref="s-n50" as="anc"/>
  <region xml:id="s-r51" anchors="3925 3986"/>
  <node xml:id="s-n51">
    <link targets="s-r51"/>
  </node>
  <a xml:id="s-N66393" label="s" ref="s-n51" as="anc"/>
  <region xml:id="s-r52" anchors="3928 3986"/>
  <node xml:id="s-n52">
    <link targets="s-r52"/>
  </node>
  <a xml:id="s-N66409" label="q" ref="s-n52" as="anc"/>
  <region xml:id="s-r53" anchors="3987 4096"/>
  <node xml:id="s-n53">
    <link targets="s-r53"/>
  </node>
  <a xml:id="s-N66425" label="s" ref="s-n53" as="anc"/>
  <region xml:id="s-r54" anchors="4098 4153"/>
  <node xml:id="s-n54">
    <link targets="s-r54"/>
  </node>
  <a xml:id="s-N66441" label="s" ref="s-n54" as="anc"/>
  <region xml:id="s-r55" anchors="4154 4168"/>
  <node xml:id="s-n55">
    <link targets="s-r55"/>
  </node>
  <a xml:id="s-N66457" label="s" ref="s-n55" as="anc"/>
  <region xml:id="s-r56" anchors="4169 4246"/>
  <node xml:id="s-n56">
    <link targets="s-r56"/>
  </node>
  <a xml:id="s-N66473" label="s" ref="s-n56" as="anc"/>
  <region xml:id="s-r57" anchors="4247 4318"/>
  <node xml:id="s-n57">
    <link targets="s-r57"/>
  </node>
  <a xml:id="s-N66489" label="s" ref="s-n57" as="anc"/>
  <region xml:id="s-r58" anchors="4319 4400"/>
  <node xml:id="s-n58">
    <link targets="s-r58"/>
  </node>
  <a xml:id="s-N66505" label="s" ref="s-n58" as="anc"/>
  <region xml:id="s-r59" anchors="4401 4433"/>
  <node xml:id="s-n59">
    <link targets="s-r59"/>
  </node>
  <a xml:id="s-N66521" label="s" ref="s-n59" as="anc"/>
  <region xml:id="s-r60" anchors="4434 4468"/>
  <node xml:id="s-n60">
    <link targets="s-r60"/>
  </node>
  <a xml:id="s-N66537" label="s" ref="s-n60" as="anc"/>
  <region xml:id="s-r61" anchors="4469 4523"/>
  <node xml:id="s-n61">
    <link targets="s-r61"/>
  </node>
  <a xml:id="s-N66553" label="s" ref="s-n61" as="anc"/>
  <region xml:id="s-r62" anchors="4524 4660"/>
  <node xml:id="s-n62">
    <link targets="s-r62"/>
  </node>
  <a xml:id="s-N66569" label="s" ref="s-n62" as="anc"/>
  <region xml:id="s-r63" anchors="4661 4862"/>
  <node xml:id="s-n63">
    <link targets="s-r63"/>
  </node>
  <a xml:id="s-N66585" label="s" ref="s-n63" as="anc"/>
  <region xml:id="s-r64" anchors="4863 4931"/>
  <node xml:id="s-n64">
    <link targets="s-r64"/>
  </node>
  <a xml:id="s-N66601" label="s" ref="s-n64" as="anc"/>
  <region xml:id="s-r65" anchors="4932 4951"/>
  <node xml:id="s-n65">
    <link targets="s-r65"/>
  </node>
  <a xml:id="s-N66617" label="s" ref="s-n65" as="anc"/>
  <region xml:id="s-r66" anchors="4953 5011"/>
  <node xml:id="s-n66">
    <link targets="s-r66"/>
  </node>
  <a xml:id="s-N66633" label="s" ref="s-n66" as="anc"/>
  <region xml:id="s-r67" anchors="5012 5137"/>
  <node xml:id="s-n67">
    <link targets="s-r67"/>
  </node>
  <a xml:id="s-N66649" label="s" ref="s-n67" as="anc"/>
  <region xml:id="s-r68" anchors="5138 5173"/>
  <node xml:id="s-n68">
    <link targets="s-r68"/>
  </node>
  <a xml:id="s-N66665" label="s" ref="s-n68" as="anc"/>
  <region xml:id="s-r69" anchors="5174 5222"/>
  <node xml:id="s-n69">
    <link targets="s-r69"/>
  </node>
  <a xml:id="s-N66681" label="s" ref="s-n69" as="anc"/>
  <region xml:id="s-r70" anchors="5223 5338"/>
  <node xml:id="s-n70">
    <link targets="s-r70"/>
  </node>
  <a xml:id="s-N66697" label="s" ref="s-n70" as="anc"/>
  <region xml:id="s-r71" anchors="5339 5457"/>
  <node xml:id="s-n71">
    <link targets="s-r71"/>
  </node>
  <a xml:id="s-N66713" label="s" ref="s-n71" as="anc"/>
  <region xml:id="s-r72" anchors="5460 5523"/>
  <node xml:id="s-n72">
    <link targets="s-r72"/>
  </node>
  <a xml:id="s-N66729" label="s" ref="s-n72" as="anc"/>
  <region xml:id="s-r73" anchors="5524 5558"/>
  <node xml:id="s-n73">
    <link targets="s-r73"/>
  </node>
  <a xml:id="s-N66745" label="s" ref="s-n73" as="anc"/>
  <region xml:id="s-r74" anchors="5560 5663"/>
  <node xml:id="s-n74">
    <link targets="s-r74"/>
  </node>
  <a xml:id="s-N66761" label="s" ref="s-n74" as="anc"/>
  <region xml:id="s-r75" anchors="5664 5731"/>
  <node xml:id="s-n75">
    <link targets="s-r75"/>
  </node>
  <a xml:id="s-N66777" label="s" ref="s-n75" as="anc"/>
  <region xml:id="s-r76" anchors="5741 5797"/>
  <node xml:id="s-n76">
    <link targets="s-r76"/>
  </node>
  <a xml:id="s-N66793" label="Head" ref="s-n76" as="anc"/>
  <region xml:id="s-r77" anchors="5800 5831"/>
  <node xml:id="s-n77">
    <link targets="s-r77"/>
  </node>
  <a xml:id="s-N66809" label="Head" ref="s-n77" as="anc">
    <fs>
      <f name="type" value="subhead"/>
    </fs>
  </a>
  <region xml:id="s-r78" anchors="5833 5844"/>
  <node xml:id="s-n78">
    <link targets="s-r78"/>
  </node>
  <a xml:id="s-N66833" label="s" ref="s-n78" as="anc"/>
  <region xml:id="s-r79" anchors="5845 5869"/>
  <node xml:id="s-n79">
    <link targets="s-r79"/>
  </node>
  <a xml:id="s-N66849" label="s" ref="s-n79" as="anc"/>
  <region xml:id="s-r80" anchors="5870 5881"/>
  <node xml:id="s-n80">
    <link targets="s-r80"/>
  </node>
  <a xml:id="s-N66865" label="s" ref="s-n80" as="anc"/>
  <region xml:id="s-r81" anchors="5885 5917"/>
  <node xml:id="s-n81">
    <link targets="s-r81"/>
  </node>
  <a xml:id="s-N66881" label="Head" ref="s-n81" as="anc">
    <fs>
      <f name="type" value="subhead"/>
    </fs>
  </a>
  <region xml:id="s-r82" anchors="5920 6014"/>
  <node xml:id="s-n82">
    <link targets="s-r82"/>
  </node>
  <a xml:id="s-N66905" label="s" ref="s-n82" as="anc"/>
  <region xml:id="s-r83" anchors="5963 5992"/>
  <node xml:id="s-n83">
    <link targets="s-r83"/>
  </node>
  <a xml:id="s-N66921" label="q" ref="s-n83" as="anc"/>
  <region xml:id="s-r84" anchors="6015 6154"/>
  <node xml:id="s-n84">
    <link targets="s-r84"/>
  </node>
  <a xml:id="s-N66937" label="s" ref="s-n84" as="anc"/>
  <region xml:id="s-r85" anchors="6155 6401"/>
  <node xml:id="s-n85">
    <link targets="s-r85"/>
  </node>
  <a xml:id="s-N66953" label="s" ref="s-n85" as="anc"/>
  <region xml:id="s-r86" anchors="6402 6505"/>
  <node xml:id="s-n86">
    <link targets="s-r86"/>
  </node>
  <a xml:id="s-N66969" label="s" ref="s-n86" as="anc"/>
  <region xml:id="s-r87" anchors="6506 6608"/>
  <node xml:id="s-n87">
    <link targets="s-r87"/>
  </node>
  <a xml:id="s-N66985" label="s" ref="s-n87" as="anc"/>
  <region xml:id="s-r88" anchors="6609 6674"/>
  <node xml:id="s-n88">
    <link targets="s-r88"/>
  </node>
  <a xml:id="s-N67001" label="s" ref="s-n88" as="anc"/>
  <region xml:id="s-r89" anchors="6675 6686"/>
  <node xml:id="s-n89">
    <link targets="s-r89"/>
  </node>
  <a xml:id="s-N67017" label="s" ref="s-n89" as="anc"/>
  <region xml:id="s-r90" anchors="6688 6728"/>
  <node xml:id="s-n90">
    <link targets="s-r90"/>
  </node>
  <a xml:id="s-N67033" label="s" ref="s-n90" as="anc"/>
  <region xml:id="s-r91" anchors="6729 6821"/>
  <node xml:id="s-n91">
    <link targets="s-r91"/>
  </node>
  <a xml:id="s-N67049" label="s" ref="s-n91" as="anc"/>
  <region xml:id="s-r92" anchors="6822 6880"/>
  <node xml:id="s-n92">
    <link targets="s-r92"/>
  </node>
  <a xml:id="s-N67065" label="s" ref="s-n92" as="anc"/>
  <region xml:id="s-r93" anchors="6881 6925"/>
  <node xml:id="s-n93">
    <link targets="s-r93"/>
  </node>
  <a xml:id="s-N67081" label="s" ref="s-n93" as="anc"/>
  <region xml:id="s-r94" anchors="6926 6963"/>
  <node xml:id="s-n94">
    <link targets="s-r94"/>
  </node>
  <a xml:id="s-N67097" label="s" ref="s-n94" as="anc"/>
  <region xml:id="s-r95" anchors="6964 7069"/>
  <node xml:id="s-n95">
    <link targets="s-r95"/>
  </node>
  <a xml:id="s-N67113" label="s" ref="s-n95" as="anc"/>
  <region xml:id="s-r96" anchors="7070 7100"/>
  <node xml:id="s-n96">
    <link targets="s-r96"/>
  </node>
  <a xml:id="s-N67129" label="s" ref="s-n96" as="anc"/>
  <region xml:id="s-r97" anchors="7101 7149"/>
  <node xml:id="s-n97">
    <link targets="s-r97"/>
  </node>
  <a xml:id="s-N67145" label="s" ref="s-n97" as="anc"/>
  <region xml:id="s-r98" anchors="7150 7305"/>
  <node xml:id="s-n98">
    <link targets="s-r98"/>
  </node>
  <a xml:id="s-N67161" label="s" ref="s-n98" as="anc"/>
  <region xml:id="s-r99" anchors="7306 7352"/>
  <node xml:id="s-n99">
    <link targets="s-r99"/>
  </node>
  <a xml:id="s-N67177" label="s" ref="s-n99" as="anc"/>
  <region xml:id="s-r100" anchors="7353 7434"/>
  <node xml:id="s-n100">
    <link targets="s-r100"/>
  </node>
  <a xml:id="s-N67193" label="s" ref="s-n100" as="anc"/>
  <region xml:id="s-r101" anchors="7435 7578"/>
  <node xml:id="s-n101">
    <link targets="s-r101"/>
  </node>
  <a xml:id="s-N67209" label="s" ref="s-n101" as="anc"/>
  <region xml:id="s-r102" anchors="7579 7616"/>
  <node xml:id="s-n102">
    <link targets="s-r102"/>
  </node>
  <a xml:id="s-N67225" label="s" ref="s-n102" as="anc"/>
  <region xml:id="s-r103" anchors="7617 7675"/>
  <node xml:id="s-n103">
    <link targets="s-r103"/>
  </node>
  <a xml:id="s-N67241" label="s" ref="s-n103" as="anc"/>
  <region xml:id="s-r104" anchors="7676 7767"/>
  <node xml:id="s-n104">
    <link targets="s-r104"/>
  </node>
  <a xml:id="s-N67257" label="s" ref="s-n104" as="anc"/>
  <region xml:id="s-r105" anchors="7768 7899"/>
  <node xml:id="s-n105">
    <link targets="s-r105"/>
  </node>
  <a xml:id="s-N67273" label="s" ref="s-n105" as="anc"/>
  <region xml:id="s-r106" anchors="7900 7975"/>
  <node xml:id="s-n106">
    <link targets="s-r106"/>
  </node>
  <a xml:id="s-N67289" label="s" ref="s-n106" as="anc"/>
  <region xml:id="s-r107" anchors="7976 8078"/>
  <node xml:id="s-n107">
    <link targets="s-r107"/>
  </node>
  <a xml:id="s-N67305" label="s" ref="s-n107" as="anc"/>
  <region xml:id="s-r108" anchors="8079 8144"/>
  <node xml:id="s-n108">
    <link targets="s-r108"/>
  </node>
  <a xml:id="s-N67321" label="s" ref="s-n108" as="anc"/>
  <region xml:id="s-r109" anchors="8145 8211"/>
  <node xml:id="s-n109">
    <link targets="s-r109"/>
  </node>
  <a xml:id="s-N67337" label="s" ref="s-n109" as="anc"/>
  <region xml:id="s-r110" anchors="8212 8376"/>
  <node xml:id="s-n110">
    <link targets="s-r110"/>
  </node>
  <a xml:id="s-N67353" label="s" ref="s-n110" as="anc"/>
  <region xml:id="s-r111" anchors="8377 8491"/>
  <node xml:id="s-n111">
    <link targets="s-r111"/>
  </node>
  <a xml:id="s-N67369" label="s" ref="s-n111" as="anc"/>
  <region xml:id="s-r112" anchors="8495 8528"/>
  <node xml:id="s-n112">
    <link targets="s-r112"/>
  </node>
  <a xml:id="s-N67385" label="Head" ref="s-n112" as="anc">
    <fs>
      <f name="type" value="subhead"/>
    </fs>
  </a>
  <region xml:id="s-r113" anchors="8530 8589"/>
  <node xml:id="s-n113">
    <link targets="s-r113"/>
  </node>
  <a xml:id="s-N67409" label="s" ref="s-n113" as="anc"/>
  <region xml:id="s-r114" anchors="8590 8679"/>
  <node xml:id="s-n114">
    <link targets="s-r114"/>
  </node>
  <a xml:id="s-N67425" label="s" ref="s-n114" as="anc"/>
  <region xml:id="s-r115" anchors="8680 8811"/>
  <node xml:id="s-n115">
    <link targets="s-r115"/>
  </node>
  <a xml:id="s-N67441" label="s" ref="s-n115" as="anc"/>
  <region xml:id="s-r116" anchors="8812 8911"/>
  <node xml:id="s-n116">
    <link targets="s-r116"/>
  </node>
  <a xml:id="s-N67457" label="s" ref="s-n116" as="anc"/>
  <region xml:id="s-r117" anchors="8912 8989"/>
  <node xml:id="s-n117">
    <link targets="s-r117"/>
  </node>
  <a xml:id="s-N67473" label="s" ref="s-n117" as="anc"/>
  <region xml:id="s-r118" anchors="8990 9141"/>
  <node xml:id="s-n118">
    <link targets="s-r118"/>
  </node>
  <a xml:id="s-N67489" label="s" ref="s-n118" as="anc"/>
  <region xml:id="s-r119" anchors="9145 9188"/>
  <node xml:id="s-n119">
    <link targets="s-r119"/>
  </node>
  <a xml:id="s-N67505" label="Head" ref="s-n119" as="anc">
    <fs>
      <f name="type" value="subhead"/>
    </fs>
  </a>
  <region xml:id="s-r120" anchors="9190 9267"/>
  <node xml:id="s-n120">
    <link targets="s-r120"/>
  </node>
  <a xml:id="s-N67529" label="s" ref="s-n120" as="anc"/>
  <region xml:id="s-r121" anchors="9268 9371"/>
  <node xml:id="s-n121">
    <link targets="s-r121"/>
  </node>
  <a xml:id="s-N67545" label="s" ref="s-n121" as="anc"/>
  <region xml:id="s-r122" anchors="9372 9511"/>
  <node xml:id="s-n122">
    <link targets="s-r122"/>
  </node>
  <a xml:id="s-N67561" label="s" ref="s-n122" as="anc"/>
  <region xml:id="s-r123" anchors="9467 9479"/>
  <node xml:id="s-n123">
    <link targets="s-r123"/>
  </node>
  <a xml:id="s-N67577" label="q" ref="s-n123" as="anc"/>
  <region xml:id="s-r124" anchors="9512 9592"/>
  <node xml:id="s-n124">
    <link targets="s-r124"/>
  </node>
  <a xml:id="s-N67593" label="s" ref="s-n124" as="anc"/>
  <region xml:id="s-r125" anchors="9593 9753"/>
  <node xml:id="s-n125">
    <link targets="s-r125"/>
  </node>
  <a xml:id="s-N67609" label="s" ref="s-n125" as="anc"/>
  <region xml:id="s-r126" anchors="9754 9836"/>
  <node xml:id="s-n126">
    <link targets="s-r126"/>
  </node>
  <a xml:id="s-N67625" label="s" ref="s-n126" as="anc"/>
  <region xml:id="s-r127" anchors="9837 9953"/>
  <node xml:id="s-n127">
    <link targets="s-r127"/>
  </node>
  <a xml:id="s-N67641" label="s" ref="s-n127" as="anc"/>
  <region xml:id="s-r128" anchors="9954 10030"/>
  <node xml:id="s-n128">
    <link targets="s-r128"/>
  </node>
  <a xml:id="s-N67657" label="s" ref="s-n128" as="anc"/>
  <region xml:id="s-r129" anchors="10031 10319"/>
  <node xml:id="s-n129">
    <link targets="s-r129"/>
  </node>
  <a xml:id="s-N67673" label="s" ref="s-n129" as="anc"/>
  <region xml:id="s-r130" anchors="10079 10086"/>
  <node xml:id="s-n130">
    <link targets="s-r130"/>
  </node>
  <a xml:id="s-N67689" label="q" ref="s-n130" as="anc"/>
  <region xml:id="s-r131" anchors="10320 10462"/>
  <node xml:id="s-n131">
    <link targets="s-r131"/>
  </node>
  <a xml:id="s-N67705" label="s" ref="s-n131" as="anc"/>
  <region xml:id="s-r132" anchors="10463 10549"/>
  <node xml:id="s-n132">
    <link targets="s-r132"/>
  </node>
  <a xml:id="s-N67721" label="s" ref="s-n132" as="anc"/>
  <region xml:id="s-r133" anchors="10550 10685"/>
  <node xml:id="s-n133">
    <link targets="s-r133"/>
  </node>
  <a xml:id="s-N67737" label="s" ref="s-n133" as="anc"/>
  <region xml:id="s-r134" anchors="10689 10729"/>
  <node xml:id="s-n134">
    <link targets="s-r134"/>
  </node>
  <a xml:id="s-N67753" label="Head" ref="s-n134" as="anc">
    <fs>
      <f name="type" value="subhead"/>
    </fs>
  </a>
  <region xml:id="s-r135" anchors="10731 10825"/>
  <node xml:id="s-n135">
    <link targets="s-r135"/>
  </node>
  <a xml:id="s-N67777" label="s" ref="s-n135" as="anc"/>
  <region xml:id="s-r136" anchors="10826 10947"/>
  <node xml:id="s-n136">
    <link targets="s-r136"/>
  </node>
  <a xml:id="s-N67793" label="s" ref="s-n136" as="anc"/>
  <region xml:id="s-r137" anchors="10948 11052"/>
  <node xml:id="s-n137">
    <link targets="s-r137"/>
  </node>
  <a xml:id="s-N67809" label="s" ref="s-n137" as="anc"/>
  <region xml:id="s-r138" anchors="11010 11051"/>
  <node xml:id="s-n138">
    <link targets="s-r138"/>
  </node>
  <a xml:id="s-N67825" label="q" ref="s-n138" as="anc"/>
  <region xml:id="s-r139" anchors="11053 11280"/>
  <node xml:id="s-n139">
    <link targets="s-r139"/>
  </node>
  <a xml:id="s-N67841" label="s" ref="s-n139" as="anc"/>
  <region xml:id="s-r140" anchors="11281 11400"/>
  <node xml:id="s-n140">
    <link targets="s-r140"/>
  </node>
  <a xml:id="s-N67857" label="s" ref="s-n140" as="anc"/>
  <region xml:id="s-r141" anchors="11401 11416"/>
  <node xml:id="s-n141">
    <link targets="s-r141"/>
  </node>
  <a xml:id="s-N67873" label="s" ref="s-n141" as="anc"/>
  <region xml:id="s-r142" anchors="11417 11443"/>
  <node xml:id="s-n142">
    <link targets="s-r142"/>
  </node>
  <a xml:id="s-N67889" label="s" ref="s-n142" as="anc"/>
  <region xml:id="s-r143" anchors="11447 11479"/>
  <node xml:id="s-n143">
    <link targets="s-r143"/>
  </node>
  <a xml:id="s-N67905" label="Head" ref="s-n143" as="anc">
    <fs>
      <f name="type" value="subhead"/>
    </fs>
  </a>
  <region xml:id="s-r144" anchors="11481 11567"/>
  <node xml:id="s-n144">
    <link targets="s-r144"/>
  </node>
  <a xml:id="s-N67929" label="s" ref="s-n144" as="anc"/>
  <region xml:id="s-r145" anchors="11568 11610"/>
  <node xml:id="s-n145">
    <link targets="s-r145"/>
  </node>
  <a xml:id="s-N67945" label="s" ref="s-n145" as="anc"/>
  <region xml:id="s-r146" anchors="11611 11721"/>
  <node xml:id="s-n146">
    <link targets="s-r146"/>
  </node>
  <a xml:id="s-N67961" label="s" ref="s-n146" as="anc"/>
  <region xml:id="s-r147" anchors="11722 11769"/>
  <node xml:id="s-n147">
    <link targets="s-r147"/>
  </node>
  <a xml:id="s-N67977" label="s" ref="s-n147" as="anc"/>
  <region xml:id="s-r148" anchors="11770 11791"/>
  <node xml:id="s-n148">
    <link targets="s-r148"/>
  </node>
  <a xml:id="s-N67993" label="s" ref="s-n148" as="anc"/>
  <region xml:id="s-r149" anchors="11792 11816"/>
  <node xml:id="s-n149">
    <link targets="s-r149"/>
  </node>
  <a xml:id="s-N68009" label="s" ref="s-n149" as="anc"/>
  <region xml:id="s-r150" anchors="11817 11884"/>
  <node xml:id="s-n150">
    <link targets="s-r150"/>
  </node>
  <a xml:id="s-N68025" label="s" ref="s-n150" as="anc"/>
  <region xml:id="s-r151" anchors="11885 11951"/>
  <node xml:id="s-n151">
    <link targets="s-r151"/>
  </node>
  <a xml:id="s-N68041" label="s" ref="s-n151" as="anc"/>
  <region xml:id="s-r152" anchors="11952 11973"/>
  <node xml:id="s-n152">
    <link targets="s-r152"/>
  </node>
  <a xml:id="s-N68057" label="s" ref="s-n152" as="anc"/>
  <region xml:id="s-r153" anchors="11974 11991"/>
  <node xml:id="s-n153">
    <link targets="s-r153"/>
  </node>
  <a xml:id="s-N68073" label="s" ref="s-n153" as="anc"/>
  <region xml:id="s-r154" anchors="11992 12207"/>
  <node xml:id="s-n154">
    <link targets="s-r154"/>
  </node>
  <a xml:id="s-N68089" label="s" ref="s-n154" as="anc"/>
  <region xml:id="s-r155" anchors="12015 12030"/>
  <node xml:id="s-n155">
    <link targets="s-r155"/>
  </node>
  <a xml:id="s-N68105" label="q" ref="s-n155" as="anc"/>
  <region xml:id="s-r156" anchors="12208 12263"/>
  <node xml:id="s-n156">
    <link targets="s-r156"/>
  </node>
  <a xml:id="s-N68121" label="s" ref="s-n156" as="anc"/>
  <region xml:id="s-r157" anchors="12264 12345"/>
  <node xml:id="s-n157">
    <link targets="s-r157"/>
  </node>
  <a xml:id="s-N68137" label="s" ref="s-n157" as="anc"/>
  <region xml:id="s-r158" anchors="12346 12426"/>
  <node xml:id="s-n158">
    <link targets="s-r158"/>
  </node>
  <a xml:id="s-N68153" label="s" ref="s-n158" as="anc"/>
  <region xml:id="s-r159" anchors="12427 12552"/>
  <node xml:id="s-n159">
    <link targets="s-r159"/>
  </node>
  <a xml:id="s-N68169" label="s" ref="s-n159" as="anc"/>
  <region xml:id="s-r160" anchors="12553 12770"/>
  <node xml:id="s-n160">
    <link targets="s-r160"/>
  </node>
  <a xml:id="s-N68185" label="s" ref="s-n160" as="anc"/>
  <region xml:id="s-r161" anchors="12596 12606"/>
  <node xml:id="s-n161">
    <link targets="s-r161"/>
  </node>
  <a xml:id="s-N68201" label="q" ref="s-n161" as="anc"/>
  <region xml:id="s-r162" anchors="12732 12738"/>
  <node xml:id="s-n162">
    <link targets="s-r162"/>
  </node>
  <a xml:id="s-N68217" label="q" ref="s-n162" as="anc"/>
  <region xml:id="s-r163" anchors="12771 12815"/>
  <node xml:id="s-n163">
    <link targets="s-r163"/>
  </node>
  <a xml:id="s-N68233" label="s" ref="s-n163" as="anc"/>
  <region xml:id="s-r164" anchors="12816 12897"/>
  <node xml:id="s-n164">
    <link targets="s-r164"/>
  </node>
  <a xml:id="s-N68249" label="s" ref="s-n164" as="anc"/>
  <region xml:id="s-r165" anchors="12898 12920"/>
  <node xml:id="s-n165">
    <link targets="s-r165"/>
  </node>
  <a xml:id="s-N68265" label="s" ref="s-n165" as="anc"/>
  <region xml:id="s-r166" anchors="12913 12919"/>
  <node xml:id="s-n166">
    <link targets="s-r166"/>
  </node>
  <a xml:id="s-N68281" label="q" ref="s-n166" as="anc"/>
  <region xml:id="s-r167" anchors="12921 13082"/>
  <node xml:id="s-n167">
    <link targets="s-r167"/>
  </node>
  <a xml:id="s-N68297" label="s" ref="s-n167" as="anc"/>
  <region xml:id="s-r168" anchors="13083 13143"/>
  <node xml:id="s-n168">
    <link targets="s-r168"/>
  </node>
  <a xml:id="s-N68313" label="s" ref="s-n168" as="anc"/>
  <region xml:id="s-r169" anchors="13121 13134"/>
  <node xml:id="s-n169">
    <link targets="s-r169"/>
  </node>
  <a xml:id="s-N68329" label="q" ref="s-n169" as="anc"/>
  <region xml:id="s-r170" anchors="13144 13216"/>
  <node xml:id="s-n170">
    <link targets="s-r170"/>
  </node>
  <a xml:id="s-N68345" label="s" ref="s-n170" as="anc"/>
  <region xml:id="s-r171" anchors="13206 13215"/>
  <node xml:id="s-n171">
    <link targets="s-r171"/>
  </node>
  <a xml:id="s-N68361" label="q" ref="s-n171" as="anc"/>
  <region xml:id="s-r172" anchors="13217 13260"/>
  <node xml:id="s-n172">
    <link targets="s-r172"/>
  </node>
  <a xml:id="s-N68377" label="s" ref="s-n172" as="anc"/>
  <region xml:id="s-r173" anchors="13261 13294"/>
  <node xml:id="s-n173">
    <link targets="s-r173"/>
  </node>
  <a xml:id="s-N68393" label="s" ref="s-n173" as="anc"/>
  <region xml:id="s-r174" anchors="13295 13307"/>
  <node xml:id="s-n174">
    <link targets="s-r174"/>
  </node>
  <a xml:id="s-N68409" label="s" ref="s-n174" as="anc"/>
  <region xml:id="s-r175" anchors="13308 13320"/>
  <node xml:id="s-n175">
    <link targets="s-r175"/>
  </node>
  <a xml:id="s-N68425" label="s" ref="s-n175" as="anc"/>
  <region xml:id="s-r176" anchors="13321 13348"/>
  <node xml:id="s-n176">
    <link targets="s-r176"/>
  </node>
  <a xml:id="s-N68441" label="s" ref="s-n176" as="anc"/>
  <region xml:id="s-r177" anchors="13349 13361"/>
  <node xml:id="s-n177">
    <link targets="s-r177"/>
  </node>
  <a xml:id="s-N68457" label="s" ref="s-n177" as="anc"/>
  <region xml:id="s-r178" anchors="13362 13402"/>
  <node xml:id="s-n178">
    <link targets="s-r178"/>
  </node>
  <a xml:id="s-N68473" label="s" ref="s-n178" as="anc"/>
  <region xml:id="s-r179" anchors="13374 13385"/>
  <node xml:id="s-n179">
    <link targets="s-r179"/>
  </node>
  <a xml:id="s-N68489" label="q" ref="s-n179" as="anc"/>
  <region xml:id="s-r180" anchors="13403 13422"/>
  <node xml:id="s-n180">
    <link targets="s-r180"/>
  </node>
  <a xml:id="s-N68505" label="s" ref="s-n180" as="anc"/>
  <region xml:id="s-r181" anchors="13423 13501"/>
  <node xml:id="s-n181">
    <link targets="s-r181"/>
  </node>
  <a xml:id="s-N68521" label="s" ref="s-n181" as="anc"/>
  <region xml:id="s-r182" anchors="13502 13508"/>
  <node xml:id="s-n182">
    <link targets="s-r182"/>
  </node>
  <a xml:id="s-N68537" label="s" ref="s-n182" as="anc"/>
  <region xml:id="s-r183" anchors="13509 13515"/>
  <node xml:id="s-n183">
    <link targets="s-r183"/>
  </node>
  <a xml:id="s-N68553" label="s" ref="s-n183" as="anc"/>
  <region xml:id="s-r184" anchors="13516 13533"/>
  <node xml:id="s-n184">
    <link targets="s-r184"/>
  </node>
  <a xml:id="s-N68569" label="s" ref="s-n184" as="anc"/>
  <region xml:id="s-r185" anchors="13534 13597"/>
  <node xml:id="s-n185">
    <link targets="s-r185"/>
  </node>
  <a xml:id="s-N68585" label="s" ref="s-n185" as="anc"/>
  <region xml:id="s-r186" anchors="13598 13622"/>
  <node xml:id="s-n186">
    <link targets="s-r186"/>
  </node>
  <a xml:id="s-N68601" label="s" ref="s-n186" as="anc"/>
  <region xml:id="s-r187" anchors="13623 13627"/>
  <node xml:id="s-n187">
    <link targets="s-r187"/>
  </node>
  <a xml:id="s-N68617" label="s" ref="s-n187" as="anc"/>
  <region xml:id="s-r188" anchors="13631 13661"/>
  <node xml:id="s-n188">
    <link targets="s-r188"/>
  </node>
  <a xml:id="s-N68633" label="Head" ref="s-n188" as="anc">
    <fs>
      <f name="type" value="subhead"/>
    </fs>
  </a>
  <region xml:id="s-r189" anchors="13663 13678"/>
  <node xml:id="s-n189">
    <link targets="s-r189"/>
  </node>
  <a xml:id="s-N68657" label="s" ref="s-n189" as="anc"/>
  <region xml:id="s-r190" anchors="13679 13703"/>
  <node xml:id="s-n190">
    <link targets="s-r190"/>
  </node>
  <a xml:id="s-N68673" label="s" ref="s-n190" as="anc"/>
  <region xml:id="s-r191" anchors="13704 13744"/>
  <node xml:id="s-n191">
    <link targets="s-r191"/>
  </node>
  <a xml:id="s-N68689" label="s" ref="s-n191" as="anc"/>
  <region xml:id="s-r192" anchors="13745 13773"/>
  <node xml:id="s-n192">
    <link targets="s-r192"/>
  </node>
  <a xml:id="s-N68705" label="s" ref="s-n192" as="anc"/>
  <region xml:id="s-r193" anchors="13774 13848"/>
  <node xml:id="s-n193">
    <link targets="s-r193"/>
  </node>
  <a xml:id="s-N68721" label="s" ref="s-n193" as="anc"/>
  <region xml:id="s-r194" anchors="13849 13899"/>
  <node xml:id="s-n194">
    <link targets="s-r194"/>
  </node>
  <a xml:id="s-N68737" label="s" ref="s-n194" as="anc"/>
  <region xml:id="s-r195" anchors="13903 13942"/>
  <node xml:id="s-n195">
    <link targets="s-r195"/>
  </node>
  <a xml:id="s-N68753" label="Head" ref="s-n195" as="anc">
    <fs>
      <f name="type" value="subhead"/>
    </fs>
  </a>
  <region xml:id="s-r196" anchors="13944 13967"/>
  <node xml:id="s-n196">
    <link targets="s-r196"/>
  </node>
  <a xml:id="s-N68777" label="s" ref="s-n196" as="anc"/>
  <region xml:id="s-r197" anchors="13968 13996"/>
  <node xml:id="s-n197">
    <link targets="s-r197"/>
  </node>
  <a xml:id="s-N68793" label="s" ref="s-n197" as="anc"/>
  <region xml:id="s-r198" anchors="13997 14072"/>
  <node xml:id="s-n198">
    <link targets="s-r198"/>
  </node>
  <a xml:id="s-N68809" label="s" ref="s-n198" as="anc"/>
  <region xml:id="s-r199" anchors="14073 14101"/>
  <node xml:id="s-n199">
    <link targets="s-r199"/>
  </node>
  <a xml:id="s-N68825" label="s" ref="s-n199" as="anc"/>
  <region xml:id="s-r200" anchors="14102 14214"/>
  <node xml:id="s-n200">
    <link targets="s-r200"/>
  </node>
  <a xml:id="s-N68841" label="s" ref="s-n200" as="anc"/>
  <region xml:id="s-r201" anchors="14215 14336"/>
  <node xml:id="s-n201">
    <link targets="s-r201"/>
  </node>
  <a xml:id="s-N68857" label="s" ref="s-n201" as="anc"/>
  <region xml:id="s-r202" anchors="14337 14434"/>
  <node xml:id="s-n202">
    <link targets="s-r202"/>
  </node>
  <a xml:id="s-N68873" label="s" ref="s-n202" as="anc"/>
  <region xml:id="s-r203" anchors="14394 14401"/>
  <node xml:id="s-n203">
    <link targets="s-r203"/>
  </node>
  <a xml:id="s-N68889" label="q" ref="s-n203" as="anc"/>
  <region xml:id="s-r204" anchors="14435 14605"/>
  <node xml:id="s-n204">
    <link targets="s-r204"/>
  </node>
  <a xml:id="s-N68905" label="s" ref="s-n204" as="anc"/>
  <region xml:id="s-r205" anchors="14609 14649"/>
  <node xml:id="s-n205">
    <link targets="s-r205"/>
  </node>
  <a xml:id="s-N68921" label="Head" ref="s-n205" as="anc">
    <fs>
      <f name="type" value="subhead"/>
    </fs>
  </a>
  <region xml:id="s-r206" anchors="14651 14828"/>
  <node xml:id="s-n206">
    <link targets="s-r206"/>
  </node>
  <a xml:id="s-N68945" label="s" ref="s-n206" as="anc"/>
  <region xml:id="s-r207" anchors="14829 14947"/>
  <node xml:id="s-n207">
    <link targets="s-r207"/>
  </node>
  <a xml:id="s-N68961" label="s" ref="s-n207" as="anc"/>
  <region xml:id="s-r208" anchors="14948 15031"/>
  <node xml:id="s-n208">
    <link targets="s-r208"/>
  </node>
  <a xml:id="s-N68977" label="s" ref="s-n208" as="anc"/>
  <region xml:id="s-r209" anchors="15032 15064"/>
  <node xml:id="s-n209">
    <link targets="s-r209"/>
  </node>
  <a xml:id="s-N68993" label="s" ref="s-n209" as="anc"/>
  <region xml:id="s-r210" anchors="15065 15155"/>
  <node xml:id="s-n210">
    <link targets="s-r210"/>
  </node>
  <a xml:id="s-N69009" label="s" ref="s-n210" as="anc"/>
  <region xml:id="s-r211" anchors="15156 15206"/>
  <node xml:id="s-n211">
    <link targets="s-r211"/>
  </node>
  <a xml:id="s-N69025" label="s" ref="s-n211" as="anc"/>
  <region xml:id="s-r212" anchors="15207 15294"/>
  <node xml:id="s-n212">
    <link targets="s-r212"/>
  </node>
  <a xml:id="s-N69041" label="s" ref="s-n212" as="anc"/>
  <region xml:id="s-r213" anchors="15295 15429"/>
  <node xml:id="s-n213">
    <link targets="s-r213"/>
  </node>
  <a xml:id="s-N69057" label="s" ref="s-n213" as="anc"/>
  <region xml:id="s-r214" anchors="15430 15583"/>
  <node xml:id="s-n214">
    <link targets="s-r214"/>
  </node>
  <a xml:id="s-N69073" label="s" ref="s-n214" as="anc"/>
  <region xml:id="s-r215" anchors="15584 15660"/>
  <node xml:id="s-n215">
    <link targets="s-r215"/>
  </node>
  <a xml:id="s-N69089" label="s" ref="s-n215" as="anc"/>
  <region xml:id="s-r216" anchors="15661 15690"/>
  <node xml:id="s-n216">
    <link targets="s-r216"/>
  </node>
  <a xml:id="s-N69105" label="s" ref="s-n216" as="anc"/>
  <region xml:id="s-r217" anchors="15691 15847"/>
  <node xml:id="s-n217">
    <link targets="s-r217"/>
  </node>
  <a xml:id="s-N69121" label="s" ref="s-n217" as="anc"/>
  <region xml:id="s-r218" anchors="15848 15868"/>
  <node xml:id="s-n218">
    <link targets="s-r218"/>
  </node>
  <a xml:id="s-N69137" label="s" ref="s-n218" as="anc"/>
  <region xml:id="s-r219" anchors="15869 15913"/>
  <node xml:id="s-n219">
    <link targets="s-r219"/>
  </node>
  <a xml:id="s-N69153" label="s" ref="s-n219" as="anc"/>
  <region xml:id="s-r220" anchors="15917 15957"/>
  <node xml:id="s-n220">
    <link targets="s-r220"/>
  </node>
  <a xml:id="s-N69169" label="Head" ref="s-n220" as="anc">
    <fs>
      <f name="type" value="subhead"/>
    </fs>
  </a>
  <region xml:id="s-r222" anchors="15959 16017"/>
  <node xml:id="s-n222">
    <link targets="s-r222"/>
  </node>
  <a xml:id="s-N69193" label="q" ref="s-n222" as="anc"/>
  <region xml:id="s-r221" anchors="15959 16017"/>
  <node xml:id="s-n221">
    <link targets="s-r221"/>
  </node>
  <a xml:id="s-N69209" label="s" ref="s-n221" as="anc"/>
  <region xml:id="s-r223" anchors="16018 16025"/>
  <node xml:id="s-n223">
    <link targets="s-r223"/>
  </node>
  <a xml:id="s-N69225" label="s" ref="s-n223" as="anc"/>
  <region xml:id="s-r224" anchors="16029 16059"/>
  <node xml:id="s-n224">
    <link targets="s-r224"/>
  </node>
  <a xml:id="s-N69241" label="Head" ref="s-n224" as="anc">
    <fs>
      <f name="type" value="subhead"/>
    </fs>
  </a>
  <region xml:id="s-r225" anchors="16061 16111"/>
  <node xml:id="s-n225">
    <link targets="s-r225"/>
  </node>
  <a xml:id="s-N69265" label="s" ref="s-n225" as="anc"/>
  <region xml:id="s-r226" anchors="16115 16146"/>
  <node xml:id="s-n226">
    <link targets="s-r226"/>
  </node>
  <a xml:id="s-N69281" label="Head" ref="s-n226" as="anc">
    <fs>
      <f name="type" value="subhead"/>
    </fs>
  </a>
  <region xml:id="s-r227" anchors="16148 16242"/>
  <node xml:id="s-n227">
    <link targets="s-r227"/>
  </node>
  <a xml:id="s-N69305" label="s" ref="s-n227" as="anc"/>
  <region xml:id="s-r228" anchors="16243 16283"/>
  <node xml:id="s-n228">
    <link targets="s-r228"/>
  </node>
  <a xml:id="s-N69321" label="s" ref="s-n228" as="anc"/>
  <region xml:id="s-r229" anchors="16286 16318"/>
  <node xml:id="s-n229">
    <link targets="s-r229"/>
  </node>
  <a xml:id="s-N69337" label="Head" ref="s-n229" as="anc">
    <fs>
      <f name="type" value="subhead"/>
    </fs>
  </a>
  <region xml:id="s-r230" anchors="16320 16354"/>
  <node xml:id="s-n230">
    <link targets="s-r230"/>
  </node>
  <a xml:id="s-N69361" label="s" ref="s-n230" as="anc"/>
  <region xml:id="s-r231" anchors="16358 16389"/>
  <node xml:id="s-n231">
    <link targets="s-r231"/>
  </node>
  <a xml:id="s-N69377" label="Head" ref="s-n231" as="anc">
    <fs>
      <f name="type" value="subhead"/>
    </fs>
  </a>
  <region xml:id="s-r232" anchors="16391 16421"/>
  <node xml:id="s-n232">
    <link targets="s-r232"/>
  </node>
  <a xml:id="s-N69401" label="s" ref="s-n232" as="anc"/>
  <region xml:id="s-r233" anchors="16422 16493"/>
  <node xml:id="s-n233">
    <link targets="s-r233"/>
  </node>
  <a xml:id="s-N69417" label="s" ref="s-n233" as="anc"/>
  <region xml:id="s-r234" anchors="16494 16532"/>
  <node xml:id="s-n234">
    <link targets="s-r234"/>
  </node>
  <a xml:id="s-N69433" label="s" ref="s-n234" as="anc"/>
  <region xml:id="s-r235" anchors="16533 16618"/>
  <node xml:id="s-n235">
    <link targets="s-r235"/>
  </node>
  <a xml:id="s-N69449" label="s" ref="s-n235" as="anc"/>
  <region xml:id="s-r236" anchors="16619 16657"/>
  <node xml:id="s-n236">
    <link targets="s-r236"/>
  </node>
  <a xml:id="s-N69465" label="s" ref="s-n236" as="anc"/>
  <region xml:id="s-r237" anchors="16658 16785"/>
  <node xml:id="s-n237">
    <link targets="s-r237"/>
  </node>
  <a xml:id="s-N69481" label="s" ref="s-n237" as="anc"/>
  <region xml:id="s-r238" anchors="16714 16721"/>
  <node xml:id="s-n238">
    <link targets="s-r238"/>
  </node>
  <a xml:id="s-N69497" label="q" ref="s-n238" as="anc"/>
  <region xml:id="s-r239" anchors="16723 16761"/>
  <node xml:id="s-n239">
    <link targets="s-r239"/>
  </node>
  <a xml:id="s-N69513" label="q" ref="s-n239" as="anc"/>
  <region xml:id="s-r240" anchors="16786 16814"/>
  <node xml:id="s-n240">
    <link targets="s-r240"/>
  </node>
  <a xml:id="s-N69529" label="s" ref="s-n240" as="anc"/>
  <region xml:id="s-r241" anchors="16815 16847"/>
  <node xml:id="s-n241">
    <link targets="s-r241"/>
  </node>
  <a xml:id="s-N69545" label="s" ref="s-n241" as="anc"/>
  <region xml:id="s-r242" anchors="16848 16864"/>
  <node xml:id="s-n242">
    <link targets="s-r242"/>
  </node>
  <a xml:id="s-N69561" label="s" ref="s-n242" as="anc"/>
  <region xml:id="s-r243" anchors="16865 16896"/>
  <node xml:id="s-n243">
    <link targets="s-r243"/>
  </node>
  <a xml:id="s-N69577" label="s" ref="s-n243" as="anc"/>
  <region xml:id="s-r244" anchors="16897 16903"/>
  <node xml:id="s-n244">
    <link targets="s-r244"/>
  </node>
  <a xml:id="s-N69593" label="s" ref="s-n244" as="anc"/>
  <region xml:id="s-r245" anchors="16907 16936"/>
  <node xml:id="s-n245">
    <link targets="s-r245"/>
  </node>
  <a xml:id="s-N69609" label="Head" ref="s-n245" as="anc">
    <fs>
      <f name="type" value="subhead"/>
    </fs>
  </a>
  <region xml:id="s-r246" anchors="16938 17038"/>
  <node xml:id="s-n246">
    <link targets="s-r246"/>
  </node>
  <a xml:id="s-N69633" label="s" ref="s-n246" as="anc"/>
  <region xml:id="s-r247" anchors="17039 17149"/>
  <node xml:id="s-n247">
    <link targets="s-r247"/>
  </node>
  <a xml:id="s-N69649" label="s" ref="s-n247" as="anc"/>
  <region xml:id="s-r248" anchors="17150 17230"/>
  <node xml:id="s-n248">
    <link targets="s-r248"/>
  </node>
  <a xml:id="s-N69665" label="s" ref="s-n248" as="anc"/>
  <region xml:id="s-r249" anchors="17231 17448"/>
  <node xml:id="s-n249">
    <link targets="s-r249"/>
  </node>
  <a xml:id="s-N69681" label="s" ref="s-n249" as="anc"/>
</graph>
