<graph xmlns="http://www.xces.org/ns/GrAF/1.0/" xmlns:graf="http://www.xces.org/ns/GrAF/1.0/">
  <graphHeader>
    <labelsDecl>
      <labelUsage label="person" occurs="32"/>
      <labelUsage label="location" occurs="81"/>
      <labelUsage label="date" occurs="27"/>
      <labelUsage label="org" occurs="13"/>
    </labelsDecl>
    <dependencies>
      <dependsOn f.id="f.penn"/>
    </dependencies>
    <annotationSpaces>
      <annotationSpace as.id="anc"/>
    </annotationSpaces>
  </graphHeader>
  <node xml:id="ne-n0"/>
  <a xml:id="ne-N65579" label="location" ref="ne-n0" as="anc">
    <fs>
      <f name="id" value="5110"/>
      <f name="type" value="city"/>
    </fs>
  </a>
  <node xml:id="ne-n1"/>
  <a xml:id="ne-N65599" label="location" ref="ne-n1" as="anc">
    <fs>
      <f name="id" value="5112"/>
      <f name="person" value="third"/>
      <f name="case" value="nominative"/>
      <f name="number" value="singular"/>
      <f name="type" value="country"/>
    </fs>
  </a>
  <node xml:id="ne-n10"/>
  <a xml:id="ne-N65631" label="location" ref="ne-n10" as="anc">
    <fs>
      <f name="person" value="third"/>
      <f name="case" value="objective"/>
      <f name="number" value="singular"/>
      <f name="type" value="province_state"/>
      <f name="id" value="5125"/>
    </fs>
  </a>
  <node xml:id="ne-n100"/>
  <a xml:id="ne-N65663" label="location" ref="ne-n100" as="anc">
    <fs>
      <f name="id" value="5213"/>
      <f name="person" value="third"/>
      <f name="case" value="objective"/>
      <f name="number" value="singular"/>
      <f name="type" value="country"/>
    </fs>
  </a>
  <node xml:id="ne-n101"/>
  <a xml:id="ne-N65695" label="location" ref="ne-n101" as="anc">
    <fs>
      <f name="id" value="5214"/>
      <f name="person" value="third"/>
      <f name="case" value="objective"/>
      <f name="number" value="singular"/>
      <f name="type" value="country"/>
    </fs>
  </a>
  <node xml:id="ne-n102"/>
  <a xml:id="ne-N65727" label="location" ref="ne-n102" as="anc">
    <fs>
      <f name="type" value="continent"/>
      <f name="number" value="singular"/>
      <f name="case" value="nominative"/>
      <f name="person" value="third"/>
      <f name="id" value="5215"/>
    </fs>
  </a>
  <node xml:id="ne-n103"/>
  <a xml:id="ne-N65759" label="location" ref="ne-n103" as="anc">
    <fs>
      <f name="id" value="5217"/>
      <f name="person" value="third"/>
      <f name="case" value="objective"/>
      <f name="number" value="singular"/>
      <f name="type" value="country"/>
    </fs>
  </a>
  <node xml:id="ne-n104"/>
  <a xml:id="ne-N65791" label="location" ref="ne-n104" as="anc">
    <fs>
      <f name="type" value="city"/>
      <f name="number" value="singular"/>
      <f name="case" value="objective"/>
      <f name="person" value="third"/>
      <f name="id" value="5218"/>
    </fs>
  </a>
  <node xml:id="ne-n105"/>
  <a xml:id="ne-N65823" label="location" ref="ne-n105" as="anc">
    <fs>
      <f name="type" value="city"/>
      <f name="number" value="singular"/>
      <f name="case" value="objective"/>
      <f name="person" value="third"/>
      <f name="id" value="5219"/>
    </fs>
  </a>
  <node xml:id="ne-n106"/>
  <a xml:id="ne-N65855" label="org" ref="ne-n106" as="anc">
    <fs>
      <f name="type" value="company'"/>
      <f name="id" value="52196"/>
    </fs>
  </a>
  <node xml:id="ne-n107"/>
  <a xml:id="ne-N65875" label="location" ref="ne-n107" as="anc">
    <fs>
      <f name="id" value="5221"/>
      <f name="person" value="third"/>
      <f name="case" value="objective"/>
      <f name="number" value="singular"/>
      <f name="type" value="country"/>
    </fs>
  </a>
  <node xml:id="ne-n108"/>
  <a xml:id="ne-N65907" label="org" ref="ne-n108" as="anc">
    <fs>
      <f name="type" value="company"/>
      <f name="number" value="singular"/>
      <f name="case" value="objective"/>
      <f name="person" value="third"/>
      <f name="id" value="5222"/>
    </fs>
  </a>
  <node xml:id="ne-n109"/>
  <a xml:id="ne-N65939" label="location" ref="ne-n109" as="anc">
    <fs>
      <f name="type" value="city"/>
      <f name="number" value="singular"/>
      <f name="case" value="objective"/>
      <f name="person" value="third"/>
      <f name="id" value="5223"/>
    </fs>
  </a>
  <node xml:id="ne-n11"/>
  <a xml:id="ne-N65971" label="location" ref="ne-n11" as="anc">
    <fs>
      <f name="id" value="5128"/>
      <f name="person" value="third"/>
      <f name="case" value="objective"/>
      <f name="number" value="singular"/>
      <f name="type" value="city"/>
    </fs>
  </a>
  <node xml:id="ne-n110"/>
  <a xml:id="ne-N66003" label="location" ref="ne-n110" as="anc">
    <fs>
      <f name="type" value="country"/>
      <f name="number" value="singular"/>
      <f name="case" value="objective"/>
      <f name="person" value="third"/>
      <f name="id" value="5224"/>
    </fs>
  </a>
  <node xml:id="ne-n111"/>
  <a xml:id="ne-N66035" label="location" ref="ne-n111" as="anc">
    <fs>
      <f name="person" value="third"/>
      <f name="case" value="objective"/>
      <f name="number" value="singular"/>
      <f name="type" value="country"/>
      <f name="id" value="5225"/>
    </fs>
  </a>
  <node xml:id="ne-n112"/>
  <a xml:id="ne-N66067" label="location" ref="ne-n112" as="anc">
    <fs>
      <f name="type" value="region"/>
      <f name="number" value="singular"/>
      <f name="case" value="objective"/>
      <f name="person" value="third"/>
      <f name="id" value="5226"/>
    </fs>
  </a>
  <node xml:id="ne-n113"/>
  <a xml:id="ne-N66099" label="location" ref="ne-n113" as="anc">
    <fs>
      <f name="type" value="country"/>
      <f name="number" value="singular"/>
      <f name="case" value="objective"/>
      <f name="person" value="third"/>
      <f name="id" value="5227"/>
    </fs>
  </a>
  <node xml:id="ne-n114"/>
  <a xml:id="ne-N66131" label="location" ref="ne-n114" as="anc">
    <fs>
      <f name="id" value="5228"/>
      <f name="person" value="third"/>
      <f name="case" value="objective"/>
      <f name="number" value="singular"/>
      <f name="type" value="us_region"/>
    </fs>
  </a>
  <node xml:id="ne-n115"/>
  <a xml:id="ne-N66163" label="location" ref="ne-n115" as="anc">
    <fs>
      <f name="type" value="country"/>
      <f name="number" value="singular"/>
      <f name="case" value="nominative"/>
      <f name="person" value="third"/>
      <f name="id" value="5229"/>
    </fs>
  </a>
  <node xml:id="ne-n116"/>
  <a xml:id="ne-N66195" label="location" ref="ne-n116" as="anc">
    <fs>
      <f name="id" value="5230"/>
      <f name="person" value="third"/>
      <f name="case" value="nominative"/>
      <f name="number" value="singular"/>
      <f name="type" value="country"/>
    </fs>
  </a>
  <node xml:id="ne-n117"/>
  <a xml:id="ne-N66227" label="location" ref="ne-n117" as="anc">
    <fs>
      <f name="id" value="5231"/>
      <f name="person" value="third"/>
      <f name="case" value="objective"/>
      <f name="number" value="singular"/>
      <f name="type" value="country"/>
    </fs>
  </a>
  <node xml:id="ne-n118"/>
  <a xml:id="ne-N66259" label="person" ref="ne-n118" as="anc">
    <fs>
      <f name="id" value="38449"/>
      <f name="sex" value="unknown"/>
    </fs>
  </a>
  <node xml:id="ne-n119"/>
  <a xml:id="ne-N66279" label="date" ref="ne-n119" as="anc">
    <fs>
      <f name="kind" value="dateTime"/>
      <f name="id" value="88089"/>
    </fs>
  </a>
  <node xml:id="ne-n12"/>
  <a xml:id="ne-N66299" label="location" ref="ne-n12" as="anc">
    <fs>
      <f name="id" value="5130"/>
      <f name="person" value="third"/>
      <f name="case" value="objective"/>
      <f name="number" value="singular"/>
      <f name="type" value="city"/>
    </fs>
  </a>
  <node xml:id="ne-n120"/>
  <a xml:id="ne-N66331" label="location" ref="ne-n120" as="anc">
    <fs>
      <f name="id" value="48757"/>
      <f name="type" value="planet"/>
    </fs>
  </a>
  <node xml:id="ne-n121"/>
  <a xml:id="ne-N66351" label="person" ref="ne-n121" as="anc">
    <fs>
      <f name="id" value="5234"/>
      <f name="number" value="singular"/>
      <f name="sex" value="female"/>
      <f name="case" value="objective"/>
      <f name="person" value="third"/>
    </fs>
  </a>
  <node xml:id="ne-n122"/>
  <a xml:id="ne-N66383" label="location" ref="ne-n122" as="anc">
    <fs>
      <f name="id" value="5235"/>
      <f name="person" value="third"/>
      <f name="case" value="objective"/>
      <f name="number" value="singular"/>
      <f name="type" value="country"/>
    </fs>
  </a>
  <node xml:id="ne-n123"/>
  <a xml:id="ne-N66415" label="person" ref="ne-n123" as="anc">
    <fs>
      <f name="sex" value="female"/>
      <f name="id" value="5236"/>
    </fs>
  </a>
  <node xml:id="ne-n124"/>
  <a xml:id="ne-N66435" label="date" ref="ne-n124" as="anc">
    <fs>
      <f name="kind" value="dateTime"/>
      <f name="id" value="900403"/>
    </fs>
  </a>
  <node xml:id="ne-n125"/>
  <a xml:id="ne-N66455" label="person" ref="ne-n125" as="anc">
    <fs>
      <f name="id" value="9026"/>
      <f name="sex" value="unknown"/>
    </fs>
  </a>
  <node xml:id="ne-n126"/>
  <a xml:id="ne-N66475" label="org" ref="ne-n126" as="anc">
    <fs>
      <f name="person" value="third"/>
      <f name="case" value="objective"/>
      <f name="number" value="singular"/>
      <f name="type" value="political"/>
      <f name="id" value="5239"/>
    </fs>
  </a>
  <node xml:id="ne-n127"/>
  <a xml:id="ne-N66507" label="org" ref="ne-n127" as="anc">
    <fs>
      <f name="person" value="third"/>
      <f name="case" value="objective"/>
      <f name="number" value="singular"/>
      <f name="type" value="company"/>
      <f name="id" value="5240"/>
    </fs>
  </a>
  <node xml:id="ne-n128"/>
  <a xml:id="ne-N66539" label="person" ref="ne-n128" as="anc">
    <fs>
      <f name="id" value="9027"/>
      <f name="sex" value="unknown"/>
    </fs>
  </a>
  <node xml:id="ne-n129"/>
  <a xml:id="ne-N66559" label="date" ref="ne-n129" as="anc">
    <fs>
      <f name="kind" value="dateTime"/>
      <f name="id" value="44505"/>
    </fs>
  </a>
  <node xml:id="ne-n13"/>
  <a xml:id="ne-N66579" label="person" ref="ne-n13" as="anc">
    <fs>
      <f name="id" value="5131"/>
      <f name="person" value="third"/>
      <f name="case" value="nominative"/>
      <f name="number" value="singular"/>
      <f name="sex" value="unknown"/>
    </fs>
  </a>
  <node xml:id="ne-n130"/>
  <a xml:id="ne-N66611" label="org" ref="ne-n130" as="anc">
    <fs>
      <f name="type" value="company"/>
      <f name="number" value="singular"/>
      <f name="case" value="nominative"/>
      <f name="id" value="5243"/>
    </fs>
  </a>
  <node xml:id="ne-n131"/>
  <a xml:id="ne-N66639" label="location" ref="ne-n131" as="anc">
    <fs>
      <f name="type" value="province_state"/>
      <f name="number" value="singular"/>
      <f name="case" value="nominative"/>
      <f name="person" value="third"/>
      <f name="id" value="5244"/>
    </fs>
  </a>
  <node xml:id="ne-n132"/>
  <a xml:id="ne-N66671" label="location" ref="ne-n132" as="anc">
    <fs>
      <f name="type" value="planet"/>
      <f name="id" value="49657"/>
    </fs>
  </a>
  <node xml:id="ne-n133"/>
  <a xml:id="ne-N66691" label="location" ref="ne-n133" as="anc">
    <fs>
      <f name="id" value="499997"/>
      <f name="type" value="planet"/>
    </fs>
  </a>
  <node xml:id="ne-n134"/>
  <a xml:id="ne-N66711" label="person" ref="ne-n134" as="anc">
    <fs>
      <f name="number" value="singular"/>
      <f name="case" value="objective"/>
      <f name="person" value="third"/>
      <f name="id" value="5245"/>
      <f name="sex" value="unknown"/>
    </fs>
  </a>
  <node xml:id="ne-n135"/>
  <a xml:id="ne-N66743" label="person" ref="ne-n135" as="anc">
    <fs>
      <f name="id" value="52458"/>
      <f name="sex" value="unknown"/>
    </fs>
  </a>
  <node xml:id="ne-n136"/>
  <a xml:id="ne-N66763" label="date" ref="ne-n136" as="anc">
    <fs>
      <f name="kind" value="dateTime"/>
      <f name="id" value="44040"/>
    </fs>
  </a>
  <node xml:id="ne-n137"/>
  <a xml:id="ne-N66783" label="person" ref="ne-n137" as="anc">
    <fs>
      <f name="sex" value="male"/>
      <f name="id" value="5248"/>
    </fs>
  </a>
  <node xml:id="ne-n138"/>
  <a xml:id="ne-N66803" label="date" ref="ne-n138" as="anc">
    <fs>
      <f name="kind" value="dateTime"/>
      <f name="id" value="575790"/>
    </fs>
  </a>
  <node xml:id="ne-n139"/>
  <a xml:id="ne-N66823" label="person" ref="ne-n139" as="anc">
    <fs>
      <f name="id" value="5252"/>
      <f name="sex" value="female"/>
    </fs>
  </a>
  <node xml:id="ne-n14"/>
  <a xml:id="ne-N66843" label="location" ref="ne-n14" as="anc">
    <fs>
      <f name="id" value="5132"/>
      <f name="person" value="third"/>
      <f name="case" value="objective"/>
      <f name="number" value="singular"/>
      <f name="type" value="city"/>
    </fs>
  </a>
  <node xml:id="ne-n140"/>
  <a xml:id="ne-N66875" label="date" ref="ne-n140" as="anc">
    <fs>
      <f name="kind" value="dateTime"/>
      <f name="id" value="900706"/>
    </fs>
  </a>
  <node xml:id="ne-n141"/>
  <a xml:id="ne-N66895" label="person" ref="ne-n141" as="anc">
    <fs>
      <f name="sex" value="male"/>
      <f name="id" value="5255"/>
    </fs>
  </a>
  <node xml:id="ne-n142"/>
  <a xml:id="ne-N66915" label="date" ref="ne-n142" as="anc">
    <fs>
      <f name="kind" value="dateTime"/>
      <f name="id" value="475622"/>
    </fs>
  </a>
  <node xml:id="ne-n143"/>
  <a xml:id="ne-N66935" label="person" ref="ne-n143" as="anc">
    <fs>
      <f name="sex" value="male"/>
      <f name="id" value="5258"/>
    </fs>
  </a>
  <node xml:id="ne-n144"/>
  <a xml:id="ne-N66955" label="date" ref="ne-n144" as="anc">
    <fs>
      <f name="kind" value="dateTime"/>
      <f name="id" value="90908709"/>
    </fs>
  </a>
  <node xml:id="ne-n145"/>
  <a xml:id="ne-N66975" label="location" ref="ne-n145" as="anc">
    <fs>
      <f name="id" value="5261"/>
      <f name="type" value="city"/>
      <f name="number" value="singular"/>
      <f name="case" value="objective"/>
      <f name="person" value="third"/>
    </fs>
  </a>
  <node xml:id="ne-n146"/>
  <a xml:id="ne-N67007" label="date" ref="ne-n146" as="anc">
    <fs>
      <f name="kind" value="date"/>
      <f name="id" value="9010"/>
    </fs>
  </a>
  <node xml:id="ne-n147"/>
  <a xml:id="ne-N67027" label="date" ref="ne-n147" as="anc">
    <fs>
      <f name="kind" value="time"/>
      <f name="id" value="9011"/>
    </fs>
  </a>
  <node xml:id="ne-n148"/>
  <a xml:id="ne-N67047" label="person" ref="ne-n148" as="anc">
    <fs>
      <f name="sex" value="unknown"/>
      <f name="id" value="52618"/>
    </fs>
  </a>
  <node xml:id="ne-n149"/>
  <a xml:id="ne-N67067" label="person" ref="ne-n149" as="anc">
    <fs>
      <f name="id" value="5263"/>
      <f name="person" value="third"/>
      <f name="case" value="objective"/>
      <f name="number" value="singular"/>
      <f name="sex" value="unknown"/>
    </fs>
  </a>
  <node xml:id="ne-n15"/>
  <a xml:id="ne-N67099" label="location" ref="ne-n15" as="anc">
    <fs>
      <f name="type" value="city"/>
      <f name="number" value="singular"/>
      <f name="case" value="objective"/>
      <f name="person" value="third"/>
      <f name="id" value="5133"/>
    </fs>
  </a>
  <node xml:id="ne-n150"/>
  <a xml:id="ne-N67131" label="person" ref="ne-n150" as="anc">
    <fs>
      <f name="id" value="5264"/>
      <f name="sex" value="male"/>
    </fs>
  </a>
  <node xml:id="ne-n151"/>
  <a xml:id="ne-N67151" label="date" ref="ne-n151" as="anc">
    <fs>
      <f name="id" value="38495874"/>
      <f name="kind" value="dateTime"/>
    </fs>
  </a>
  <node xml:id="ne-n152"/>
  <a xml:id="ne-N67171" label="location" ref="ne-n152" as="anc">
    <fs>
      <f name="type" value="province_state"/>
      <f name="number" value="singular"/>
      <f name="case" value="objective"/>
      <f name="person" value="third"/>
      <f name="id" value="5274"/>
    </fs>
  </a>
  <node xml:id="ne-n16"/>
  <a xml:id="ne-N67203" label="location" ref="ne-n16" as="anc">
    <fs>
      <f name="person" value="third"/>
      <f name="case" value="nominative"/>
      <f name="number" value="singular"/>
      <f name="type" value="us_region"/>
      <f name="id" value="5134"/>
    </fs>
  </a>
  <node xml:id="ne-n17"/>
  <a xml:id="ne-N67235" label="date" ref="ne-n17" as="anc">
    <fs>
      <f name="kind" value="duration"/>
      <f name="id" value="334236"/>
    </fs>
  </a>
  <node xml:id="ne-n18"/>
  <a xml:id="ne-N67255" label="location" ref="ne-n18" as="anc">
    <fs>
      <f name="id" value="5135"/>
      <f name="person" value="third"/>
      <f name="case" value="objective"/>
      <f name="number" value="singular"/>
      <f name="type" value="city"/>
    </fs>
  </a>
  <node xml:id="ne-n19"/>
  <a xml:id="ne-N67287" label="location" ref="ne-n19" as="anc">
    <fs>
      <f name="id" value="5136"/>
      <f name="person" value="third"/>
      <f name="case" value="nominative"/>
      <f name="number" value="singular"/>
      <f name="type" value="city"/>
    </fs>
  </a>
  <node xml:id="ne-n2"/>
  <a xml:id="ne-N67319" label="location" ref="ne-n2" as="anc">
    <fs>
      <f name="id" value="5113"/>
      <f name="person" value="third"/>
      <f name="case" value="nominative"/>
      <f name="number" value="singular"/>
      <f name="type" value="us_region"/>
    </fs>
  </a>
  <node xml:id="ne-n20"/>
  <a xml:id="ne-N67351" label="org" ref="ne-n20" as="anc">
    <fs>
      <f name="id" value="5137"/>
      <f name="person" value="third"/>
      <f name="case" value="objective"/>
      <f name="number" value="singular"/>
      <f name="type" value="company"/>
    </fs>
  </a>
  <node xml:id="ne-n21"/>
  <a xml:id="ne-N67383" label="person" ref="ne-n21" as="anc">
    <fs>
      <f name="id" value="5138"/>
      <f name="person" value="third"/>
      <f name="case" value="nominative"/>
      <f name="number" value="singular"/>
      <f name="sex" value="unknown"/>
    </fs>
  </a>
  <node xml:id="ne-n22"/>
  <a xml:id="ne-N67415" label="location" ref="ne-n22" as="anc">
    <fs>
      <f name="type" value="us_region"/>
      <f name="number" value="singular"/>
      <f name="case" value="objective"/>
      <f name="person" value="third"/>
      <f name="id" value="5139"/>
    </fs>
  </a>
  <node xml:id="ne-n23"/>
  <a xml:id="ne-N67447" label="location" ref="ne-n23" as="anc">
    <fs>
      <f name="type" value="city"/>
      <f name="id" value="42787"/>
    </fs>
  </a>
  <node xml:id="ne-n24"/>
  <a xml:id="ne-N67467" label="location" ref="ne-n24" as="anc">
    <fs>
      <f name="id" value="5140"/>
      <f name="person" value="third"/>
      <f name="case" value="objective"/>
      <f name="number" value="singular"/>
      <f name="type" value="city"/>
    </fs>
  </a>
  <node xml:id="ne-n25"/>
  <a xml:id="ne-N67499" label="org" ref="ne-n25" as="anc">
    <fs>
      <f name="type" value="newspaper/media"/>
      <f name="person" value="third"/>
      <f name="case" value="nominative"/>
      <f name="id" value="5141"/>
    </fs>
  </a>
  <node xml:id="ne-n26"/>
  <a xml:id="ne-N67527" label="location" ref="ne-n26" as="anc">
    <fs>
      <f name="type" value="province_state"/>
      <f name="id" value="51417"/>
    </fs>
  </a>
  <node xml:id="ne-n27"/>
  <a xml:id="ne-N67547" label="person" ref="ne-n27" as="anc">
    <fs>
      <f name="id" value="5142"/>
      <f name="person" value="third"/>
      <f name="case" value="objective"/>
      <f name="number" value="singular"/>
      <f name="sex" value="male"/>
    </fs>
  </a>
  <node xml:id="ne-n28"/>
  <a xml:id="ne-N67579" label="person" ref="ne-n28" as="anc">
    <fs>
      <f name="sex" value="male"/>
      <f name="number" value="singular"/>
      <f name="case" value="objective"/>
      <f name="person" value="third"/>
      <f name="id" value="5144"/>
    </fs>
  </a>
  <node xml:id="ne-n29"/>
  <a xml:id="ne-N67611" label="location" ref="ne-n29" as="anc">
    <fs>
      <f name="id" value="5146"/>
      <f name="person" value="third"/>
      <f name="case" value="objective"/>
      <f name="number" value="singular"/>
      <f name="type" value="city"/>
    </fs>
  </a>
  <node xml:id="ne-n3"/>
  <a xml:id="ne-N67643" label="location" ref="ne-n3" as="anc">
    <fs>
      <f name="id" value="5114"/>
      <f name="person" value="third"/>
      <f name="case" value="objective"/>
      <f name="number" value="singular"/>
      <f name="type" value="city"/>
    </fs>
  </a>
  <node xml:id="ne-n30"/>
  <a xml:id="ne-N67675" label="location" ref="ne-n30" as="anc">
    <fs>
      <f name="id" value="43287"/>
      <f name="type" value="city"/>
    </fs>
  </a>
  <node xml:id="ne-n31"/>
  <a xml:id="ne-N67695" label="date" ref="ne-n31" as="anc">
    <fs>
      <f name="kind" value="duration"/>
      <f name="id" value="334341"/>
    </fs>
  </a>
  <node xml:id="ne-n32"/>
  <a xml:id="ne-N67715" label="location" ref="ne-n32" as="anc">
    <fs>
      <f name="id" value="5150"/>
      <f name="person" value="third"/>
      <f name="case" value="objective"/>
      <f name="number" value="singular"/>
      <f name="type" value="city"/>
    </fs>
  </a>
  <node xml:id="ne-n33"/>
  <a xml:id="ne-N67747" label="date" ref="ne-n33" as="anc">
    <fs>
      <f name="kind" value="time'"/>
      <f name="id" value="334346"/>
    </fs>
  </a>
  <node xml:id="ne-n34"/>
  <a xml:id="ne-N67767" label="date" ref="ne-n34" as="anc">
    <fs>
      <f name="kind" value="duration"/>
      <f name="id" value="334348"/>
    </fs>
  </a>
  <node xml:id="ne-n35"/>
  <a xml:id="ne-N67787" label="location" ref="ne-n35" as="anc">
    <fs>
      <f name="id" value="5151"/>
      <f name="person" value="third"/>
      <f name="case" value="objective"/>
      <f name="number" value="singular"/>
      <f name="type" value="us_region"/>
    </fs>
  </a>
  <node xml:id="ne-n36"/>
  <a xml:id="ne-N67819" label="location" ref="ne-n36" as="anc">
    <fs>
      <f name="id" value="5152"/>
      <f name="person" value="third"/>
      <f name="case" value="objective"/>
      <f name="number" value="singular"/>
      <f name="type" value="us_region"/>
    </fs>
  </a>
  <node xml:id="ne-n37"/>
  <a xml:id="ne-N67851" label="location" ref="ne-n37" as="anc">
    <fs>
      <f name="id" value="5153"/>
      <f name="type" value="city"/>
      <f name="number" value="singular"/>
      <f name="case" value="objective"/>
      <f name="person" value="third"/>
    </fs>
  </a>
  <node xml:id="ne-n38"/>
  <a xml:id="ne-N67883" label="org" ref="ne-n38" as="anc">
    <fs>
      <f name="id" value="5156"/>
      <f name="person" value="[5119, 5141]"/>
      <f name="case" value="nominative"/>
      <f name="number" value="singular"/>
      <f name="type" value="newspaper/media"/>
    </fs>
  </a>
  <node xml:id="ne-n39"/>
  <a xml:id="ne-N67915" label="org" ref="ne-n39" as="anc">
    <fs>
      <f name="type" value="company"/>
      <f name="id" value="43726"/>
    </fs>
  </a>
  <node xml:id="ne-n4"/>
  <a xml:id="ne-N67935" label="location" ref="ne-n4" as="anc">
    <fs>
      <f name="type" value="city"/>
      <f name="id" value="41077"/>
    </fs>
  </a>
  <node xml:id="ne-n40"/>
  <a xml:id="ne-N67955" label="location" ref="ne-n40" as="anc">
    <fs>
      <f name="id" value="5157"/>
      <f name="person" value="third"/>
      <f name="case" value="objective"/>
      <f name="number" value="singular"/>
      <f name="type" value="city"/>
    </fs>
  </a>
  <node xml:id="ne-n41"/>
  <a xml:id="ne-N67987" label="location" ref="ne-n41" as="anc">
    <fs>
      <f name="id" value="5158"/>
      <f name="person" value="third"/>
      <f name="case" value="objective"/>
      <f name="number" value="singular"/>
      <f name="type" value="city"/>
    </fs>
  </a>
  <node xml:id="ne-n42"/>
  <a xml:id="ne-N68019" label="person" ref="ne-n42" as="anc">
    <fs>
      <f name="sex" value="male"/>
      <f name="number" value="singular"/>
      <f name="case" value="objective"/>
      <f name="id" value="5160"/>
      <f name="person" value="third"/>
    </fs>
  </a>
  <node xml:id="ne-n43"/>
  <a xml:id="ne-N68051" label="location" ref="ne-n43" as="anc">
    <fs>
      <f name="id" value="5161"/>
      <f name="person" value="third"/>
      <f name="case" value="objective"/>
      <f name="number" value="singular"/>
      <f name="type" value="city"/>
    </fs>
  </a>
  <node xml:id="ne-n44"/>
  <a xml:id="ne-N68083" label="location" ref="ne-n44" as="anc">
    <fs>
      <f name="id" value="5162"/>
      <f name="type" value="city"/>
    </fs>
  </a>
  <node xml:id="ne-n45"/>
  <a xml:id="ne-N68103" label="person" ref="ne-n45" as="anc">
    <fs>
      <f name="id" value="51626"/>
      <f name="sex" value="unknown"/>
    </fs>
  </a>
  <node xml:id="ne-n46"/>
  <a xml:id="ne-N68123" label="date" ref="ne-n46" as="anc">
    <fs>
      <f name="kind" value="dateTime"/>
      <f name="id" value="77456"/>
    </fs>
  </a>
  <node xml:id="ne-n47"/>
  <a xml:id="ne-N68143" label="person" ref="ne-n47" as="anc">
    <fs>
      <f name="id" value="51627"/>
      <f name="sex" value="unknown"/>
    </fs>
  </a>
  <node xml:id="ne-n48"/>
  <a xml:id="ne-N68163" label="date" ref="ne-n48" as="anc">
    <fs>
      <f name="kind" value="dateTime"/>
      <f name="id" value="77640"/>
    </fs>
  </a>
  <node xml:id="ne-n49"/>
  <a xml:id="ne-N68183" label="location" ref="ne-n49" as="anc">
    <fs>
      <f name="id" value="5168"/>
      <f name="person" value="third"/>
      <f name="case" value="objective"/>
      <f name="number" value="singular"/>
      <f name="type" value="city"/>
    </fs>
  </a>
  <node xml:id="ne-n5"/>
  <a xml:id="ne-N68215" label="location" ref="ne-n5" as="anc">
    <fs>
      <f name="id" value="5117"/>
      <f name="person" value="third"/>
      <f name="case" value="nominative"/>
      <f name="number" value="singular"/>
      <f name="type" value="city"/>
    </fs>
  </a>
  <node xml:id="ne-n50"/>
  <a xml:id="ne-N68247" label="person" ref="ne-n50" as="anc">
    <fs>
      <f name="id" value="5169"/>
      <f name="number" value="singular"/>
      <f name="sex" value="female"/>
      <f name="case" value="objective"/>
      <f name="person" value="third"/>
    </fs>
  </a>
  <node xml:id="ne-n51"/>
  <a xml:id="ne-N68279" label="date" ref="ne-n51" as="anc">
    <fs>
      <f name="kind" value="date"/>
      <f name="id" value="9003"/>
    </fs>
  </a>
  <node xml:id="ne-n52"/>
  <a xml:id="ne-N68299" label="location" ref="ne-n52" as="anc">
    <fs>
      <f name="id" value="5171"/>
      <f name="person" value="third"/>
      <f name="case" value="objective"/>
      <f name="number" value="singular"/>
      <f name="type" value="city"/>
    </fs>
  </a>
  <node xml:id="ne-n53"/>
  <a xml:id="ne-N68331" label="location" ref="ne-n53" as="anc">
    <fs>
      <f name="id" value="5172"/>
      <f name="person" value="third"/>
      <f name="case" value="objective"/>
      <f name="number" value="singular"/>
      <f name="type" value="city"/>
    </fs>
  </a>
  <node xml:id="ne-n54"/>
  <a xml:id="ne-N68363" label="location" ref="ne-n54" as="anc">
    <fs>
      <f name="id" value="5173"/>
      <f name="person" value="third"/>
      <f name="case" value="objective"/>
      <f name="number" value="singular"/>
      <f name="type" value="facility"/>
    </fs>
  </a>
  <node xml:id="ne-n55"/>
  <a xml:id="ne-N68395" label="location" ref="ne-n55" as="anc">
    <fs>
      <f name="id" value="5174"/>
      <f name="person" value="third"/>
      <f name="case" value="objective"/>
      <f name="number" value="singular"/>
      <f name="type" value="highway_street"/>
    </fs>
  </a>
  <node xml:id="ne-n56"/>
  <a xml:id="ne-N68427" label="location" ref="ne-n56" as="anc">
    <fs>
      <f name="id" value="5175"/>
      <f name="person" value="third"/>
      <f name="case" value="objective"/>
      <f name="number" value="singular"/>
      <f name="type" value="highway_street"/>
    </fs>
  </a>
  <node xml:id="ne-n57"/>
  <a xml:id="ne-N68459" label="location" ref="ne-n57" as="anc">
    <fs>
      <f name="type" value="us_region"/>
      <f name="id" value="51755"/>
    </fs>
  </a>
  <node xml:id="ne-n58"/>
  <a xml:id="ne-N68479" label="location" ref="ne-n58" as="anc">
    <fs>
      <f name="id" value="5176"/>
      <f name="person" value="third"/>
      <f name="case" value="objective"/>
      <f name="number" value="singular"/>
      <f name="type" value="us_region"/>
    </fs>
  </a>
  <node xml:id="ne-n59"/>
  <a xml:id="ne-N68511" label="location" ref="ne-n59" as="anc">
    <fs>
      <f name="id" value="5177"/>
      <f name="type" value="city"/>
      <f name="number" value="singular"/>
      <f name="case" value="objective"/>
      <f name="person" value="third"/>
    </fs>
  </a>
  <node xml:id="ne-n6"/>
  <a xml:id="ne-N68543" label="date" ref="ne-n6" as="anc">
    <fs>
      <f name="kind" value="date"/>
      <f name="id" value="4114999"/>
    </fs>
  </a>
  <node xml:id="ne-n60"/>
  <a xml:id="ne-N68563" label="location" ref="ne-n60" as="anc">
    <fs>
      <f name="id" value="5178"/>
      <f name="person" value="third"/>
      <f name="case" value="objective"/>
      <f name="number" value="singular"/>
      <f name="type" value="city"/>
    </fs>
  </a>
  <node xml:id="ne-n61"/>
  <a xml:id="ne-N68595" label="location" ref="ne-n61" as="anc">
    <fs>
      <f name="id" value="45257"/>
      <f name="type" value="highway_street"/>
    </fs>
  </a>
  <node xml:id="ne-n62"/>
  <a xml:id="ne-N68615" label="location" ref="ne-n62" as="anc">
    <fs>
      <f name="id" value="45267"/>
      <f name="type" value="highway_street"/>
    </fs>
  </a>
  <node xml:id="ne-n63"/>
  <a xml:id="ne-N68635" label="location" ref="ne-n63" as="anc">
    <fs>
      <f name="id" value="45277"/>
      <f name="type" value="highway_street"/>
    </fs>
  </a>
  <node xml:id="ne-n64"/>
  <a xml:id="ne-N68655" label="date" ref="ne-n64" as="anc">
    <fs>
      <f name="kind" value="date"/>
      <f name="id" value="334535"/>
    </fs>
  </a>
  <node xml:id="ne-n65"/>
  <a xml:id="ne-N68675" label="location" ref="ne-n65" as="anc">
    <fs>
      <f name="id" value="5179"/>
      <f name="type" value="city"/>
      <f name="number" value="singular"/>
      <f name="case" value="nominative"/>
      <f name="person" value="third"/>
    </fs>
  </a>
  <node xml:id="ne-n66"/>
  <a xml:id="ne-N68707" label="date" ref="ne-n66" as="anc">
    <fs>
      <f name="kind" value="time"/>
      <f name="id" value="9001"/>
    </fs>
  </a>
  <node xml:id="ne-n67"/>
  <a xml:id="ne-N68727" label="date" ref="ne-n67" as="anc">
    <fs>
      <f name="kind" value="time"/>
      <f name="id" value="9002"/>
    </fs>
  </a>
  <node xml:id="ne-n68"/>
  <a xml:id="ne-N68747" label="person" ref="ne-n68" as="anc">
    <fs>
      <f name="id" value="5180"/>
      <f name="sex" value="female"/>
    </fs>
  </a>
  <node xml:id="ne-n69"/>
  <a xml:id="ne-N68767" label="date" ref="ne-n69" as="anc">
    <fs>
      <f name="kind" value="dateTime"/>
      <f name="id" value="77509"/>
    </fs>
  </a>
  <node xml:id="ne-n7"/>
  <a xml:id="ne-N68787" label="org" ref="ne-n7" as="anc">
    <fs>
      <f name="id" value="5119"/>
      <f name="person" value="[5119, 5141, 5156]"/>
      <f name="case" value="objective"/>
      <f name="number" value="singular"/>
      <f name="type" value="newspaper/media"/>
    </fs>
  </a>
  <node xml:id="ne-n70"/>
  <a xml:id="ne-N68819" label="person" ref="ne-n70" as="anc">
    <fs>
      <f name="id" value="51808"/>
      <f name="sex" value="unknown"/>
    </fs>
  </a>
  <node xml:id="ne-n71"/>
  <a xml:id="ne-N68839" label="location" ref="ne-n71" as="anc">
    <fs>
      <f name="id" value="5183"/>
      <f name="person" value="third"/>
      <f name="case" value="objective"/>
      <f name="number" value="singular"/>
      <f name="type" value="city"/>
    </fs>
  </a>
  <node xml:id="ne-n72"/>
  <a xml:id="ne-N68871" label="location" ref="ne-n72" as="anc">
    <fs>
      <f name="id" value="5184"/>
      <f name="person" value="third"/>
      <f name="case" value="objective"/>
      <f name="number" value="singular"/>
      <f name="type" value="us_region"/>
    </fs>
  </a>
  <node xml:id="ne-n73"/>
  <a xml:id="ne-N68903" label="person" ref="ne-n73" as="anc">
    <fs>
      <f name="id" value="9020"/>
      <f name="sex" value="unknown"/>
    </fs>
  </a>
  <node xml:id="ne-n74"/>
  <a xml:id="ne-N68923" label="date" ref="ne-n74" as="anc">
    <fs>
      <f name="kind" value="dateTime"/>
      <f name="id" value="22021"/>
    </fs>
  </a>
  <node xml:id="ne-n75"/>
  <a xml:id="ne-N68943" label="location" ref="ne-n75" as="anc">
    <fs>
      <f name="id" value="5187"/>
      <f name="person" value="third"/>
      <f name="case" value="objective"/>
      <f name="number" value="singular"/>
      <f name="type" value="city"/>
    </fs>
  </a>
  <node xml:id="ne-n76"/>
  <a xml:id="ne-N68975" label="org" ref="ne-n76" as="anc">
    <fs>
      <f name="id" value="5188"/>
      <f name="person" value="third"/>
      <f name="case" value="objective"/>
      <f name="number" value="singular"/>
      <f name="type" value="company"/>
    </fs>
  </a>
  <node xml:id="ne-n77"/>
  <a xml:id="ne-N69007" label="location" ref="ne-n77" as="anc">
    <fs>
      <f name="id" value="5189"/>
      <f name="person" value="third"/>
      <f name="case" value="objective"/>
      <f name="number" value="singular"/>
      <f name="type" value="city"/>
    </fs>
  </a>
  <node xml:id="ne-n78"/>
  <a xml:id="ne-N69039" label="org" ref="ne-n78" as="anc">
    <fs>
      <f name="id" value="5191"/>
      <f name="type" value="company"/>
      <f name="number" value="singular"/>
      <f name="case" value="objective"/>
      <f name="person" value="third"/>
    </fs>
  </a>
  <node xml:id="ne-n79"/>
  <a xml:id="ne-N69071" label="location" ref="ne-n79" as="anc">
    <fs>
      <f name="id" value="5192"/>
      <f name="person" value="third"/>
      <f name="case" value="objective"/>
      <f name="number" value="singular"/>
      <f name="type" value="city"/>
    </fs>
  </a>
  <node xml:id="ne-n8"/>
  <a xml:id="ne-N69103" label="location" ref="ne-n8" as="anc">
    <fs>
      <f name="id" value="51197"/>
      <f name="type" value="province_state"/>
    </fs>
  </a>
  <node xml:id="ne-n80"/>
  <a xml:id="ne-N69123" label="location" ref="ne-n80" as="anc">
    <fs>
      <f name="id" value="5193"/>
      <f name="person" value="third"/>
      <f name="case" value="nominative"/>
      <f name="number" value="singular"/>
      <f name="type" value="city"/>
    </fs>
  </a>
  <node xml:id="ne-n81"/>
  <a xml:id="ne-N69155" label="date" ref="ne-n81" as="anc">
    <fs>
      <f name="kind" value="date"/>
      <f name="id" value="9005"/>
    </fs>
  </a>
  <node xml:id="ne-n82"/>
  <a xml:id="ne-N69175" label="location" ref="ne-n82" as="anc">
    <fs>
      <f name="id" value="5196"/>
      <f name="type" value="city"/>
      <f name="number" value="singular"/>
      <f name="case" value="objective"/>
      <f name="person" value="third"/>
    </fs>
  </a>
  <node xml:id="ne-n83"/>
  <a xml:id="ne-N69207" label="person" ref="ne-n83" as="anc">
    <fs>
      <f name="id" value="9021"/>
      <f name="sex" value="unknown"/>
    </fs>
  </a>
  <node xml:id="ne-n84"/>
  <a xml:id="ne-N69227" label="date" ref="ne-n84" as="anc">
    <fs>
      <f name="kind" value="dateTime"/>
      <f name="id" value="44532"/>
    </fs>
  </a>
  <node xml:id="ne-n85"/>
  <a xml:id="ne-N69247" label="location" ref="ne-n85" as="anc">
    <fs>
      <f name="id" value="5199"/>
      <f name="type" value="city"/>
      <f name="number" value="singular"/>
      <f name="case" value="objective"/>
      <f name="person" value="third"/>
    </fs>
  </a>
  <node xml:id="ne-n86"/>
  <a xml:id="ne-N69279" label="location" ref="ne-n86" as="anc">
    <fs>
      <f name="id" value="5200"/>
      <f name="person" value="third"/>
      <f name="case" value="objective"/>
      <f name="number" value="singular"/>
      <f name="type" value="city"/>
    </fs>
  </a>
  <node xml:id="ne-n87"/>
  <a xml:id="ne-N69311" label="location" ref="ne-n87" as="anc">
    <fs>
      <f name="id" value="5201"/>
      <f name="person" value="third"/>
      <f name="case" value="objective"/>
      <f name="number" value="singular"/>
      <f name="type" value="country"/>
    </fs>
  </a>
  <node xml:id="ne-n88"/>
  <a xml:id="ne-N69343" label="person" ref="ne-n88" as="anc">
    <fs>
      <f name="number" value="singular"/>
      <f name="sex" value="female"/>
      <f name="case" value="nominative"/>
      <f name="id" value="5202"/>
    </fs>
  </a>
  <node xml:id="ne-n89"/>
  <a xml:id="ne-N69371" label="org" ref="ne-n89" as="anc">
    <fs>
      <f name="type" value="newspaper/media"/>
      <f name="number" value="singular"/>
      <f name="case" value="nominative"/>
      <f name="person" value="third"/>
      <f name="id" value="5203"/>
    </fs>
  </a>
  <node xml:id="ne-n9"/>
  <a xml:id="ne-N69403" label="location" ref="ne-n9" as="anc">
    <fs>
      <f name="id" value="5120"/>
      <f name="person" value="third"/>
      <f name="case" value="objective"/>
      <f name="number" value="singular"/>
      <f name="type" value="city"/>
    </fs>
  </a>
  <node xml:id="ne-n90"/>
  <a xml:id="ne-N69435" label="person" ref="ne-n90" as="anc">
    <fs>
      <f name="id" value="5204"/>
      <f name="number" value="singular"/>
      <f name="sex" value="female"/>
      <f name="case" value="objective"/>
      <f name="person" value="third"/>
    </fs>
  </a>
  <node xml:id="ne-n91"/>
  <a xml:id="ne-N69467" label="person" ref="ne-n91" as="anc">
    <fs>
      <f name="id" value="5205"/>
      <f name="person" value="third"/>
      <f name="case" value="nominative"/>
      <f name="number" value="singular"/>
      <f name="sex" value="male"/>
    </fs>
  </a>
  <node xml:id="ne-n92"/>
  <a xml:id="ne-N69499" label="person" ref="ne-n92" as="anc">
    <fs>
      <f name="id" value="5206"/>
      <f name="number" value="singular"/>
      <f name="sex" value="male"/>
      <f name="case" value="nominative"/>
      <f name="person" value="third"/>
    </fs>
  </a>
  <node xml:id="ne-n93"/>
  <a xml:id="ne-N69531" label="person" ref="ne-n93" as="anc">
    <fs>
      <f name="id" value="5207"/>
      <f name="number" value="singular"/>
      <f name="sex" value="male"/>
      <f name="case" value="nominative"/>
      <f name="person" value="third"/>
    </fs>
  </a>
  <node xml:id="ne-n94"/>
  <a xml:id="ne-N69563" label="location" ref="ne-n94" as="anc">
    <fs>
      <f name="id" value="5208"/>
      <f name="person" value="third"/>
      <f name="case" value="objective"/>
      <f name="number" value="singular"/>
      <f name="type" value="city"/>
    </fs>
  </a>
  <node xml:id="ne-n95"/>
  <a xml:id="ne-N69595" label="location" ref="ne-n95" as="anc">
    <fs>
      <f name="id" value="5209"/>
      <f name="person" value="third"/>
      <f name="case" value="nominative"/>
      <f name="number" value="singular"/>
      <f name="type" value="city"/>
    </fs>
  </a>
  <node xml:id="ne-n96"/>
  <a xml:id="ne-N69627" label="location" ref="ne-n96" as="anc">
    <fs>
      <f name="id" value="5210"/>
      <f name="person" value="third"/>
      <f name="case" value="objective"/>
      <f name="number" value="singular"/>
      <f name="type" value="city"/>
    </fs>
  </a>
  <node xml:id="ne-n97"/>
  <a xml:id="ne-N69659" label="person" ref="ne-n97" as="anc">
    <fs>
      <f name="sex" value="male"/>
      <f name="id" value="9023"/>
    </fs>
  </a>
  <node xml:id="ne-n98"/>
  <a xml:id="ne-N69679" label="date" ref="ne-n98" as="anc">
    <fs>
      <f name="kind" value="dateTime"/>
      <f name="id" value="66067"/>
    </fs>
  </a>
  <node xml:id="ne-n99"/>
  <a xml:id="ne-N69699" label="location" ref="ne-n99" as="anc">
    <fs>
      <f name="id" value="47517"/>
      <f name="type" value="planet"/>
    </fs>
  </a>
  <edge xml:id="ne-lnk299" from="ne-n151" to="penn-n3619"/>
  <edge xml:id="ne-lnk298" from="ne-n151" to="penn-n3618"/>
  <edge xml:id="ne-lnk297" from="ne-n150" to="penn-n3617"/>
  <edge xml:id="ne-lnk296" from="ne-n149" to="penn-n3594"/>
  <edge xml:id="ne-lnk295" from="ne-n148" to="penn-n3571"/>
  <edge xml:id="ne-lnk294" from="ne-n147" to="penn-n3538"/>
  <edge xml:id="ne-lnk293" from="ne-n146" to="penn-n3530"/>
  <edge xml:id="ne-lnk292" from="ne-n145" to="penn-n3513"/>
  <edge xml:id="ne-lnk291" from="ne-n144" to="penn-n3499"/>
  <edge xml:id="ne-lnk290" from="ne-n144" to="penn-n3498"/>
  <edge xml:id="ne-lnk289" from="ne-n144" to="penn-n3497"/>
  <edge xml:id="ne-lnk288" from="ne-n144" to="penn-n3496"/>
  <edge xml:id="ne-lnk287" from="ne-n144" to="penn-n3495"/>
  <edge xml:id="ne-lnk286" from="ne-n144" to="penn-n3494"/>
  <edge xml:id="ne-lnk285" from="ne-n144" to="penn-n3493"/>
  <edge xml:id="ne-lnk284" from="ne-n144" to="penn-n3492"/>
  <edge xml:id="ne-lnk283" from="ne-n143" to="penn-n3491"/>
  <edge xml:id="ne-lnk282" from="ne-n142" to="penn-n3482"/>
  <edge xml:id="ne-lnk281" from="ne-n142" to="penn-n3481"/>
  <edge xml:id="ne-lnk280" from="ne-n142" to="penn-n3480"/>
  <edge xml:id="ne-lnk279" from="ne-n142" to="penn-n3479"/>
  <edge xml:id="ne-lnk278" from="ne-n142" to="penn-n3478"/>
  <edge xml:id="ne-lnk277" from="ne-n142" to="penn-n3477"/>
  <edge xml:id="ne-lnk276" from="ne-n142" to="penn-n3476"/>
  <edge xml:id="ne-lnk275" from="ne-n142" to="penn-n3475"/>
  <edge xml:id="ne-lnk274" from="ne-n141" to="penn-n3474"/>
  <edge xml:id="ne-lnk273" from="ne-n141" to="penn-n3473"/>
  <edge xml:id="ne-lnk272" from="ne-n140" to="penn-n3437"/>
  <edge xml:id="ne-lnk271" from="ne-n140" to="penn-n3436"/>
  <edge xml:id="ne-lnk270" from="ne-n140" to="penn-n3435"/>
  <edge xml:id="ne-lnk306" from="ne-n152" to="penn-n3688"/>
  <edge xml:id="ne-lnk305" from="ne-n151" to="penn-n3625"/>
  <edge xml:id="ne-lnk304" from="ne-n151" to="penn-n3624"/>
  <edge xml:id="ne-lnk303" from="ne-n151" to="penn-n3623"/>
  <edge xml:id="ne-lnk302" from="ne-n151" to="penn-n3622"/>
  <edge xml:id="ne-lnk301" from="ne-n151" to="penn-n3621"/>
  <edge xml:id="ne-lnk269" from="ne-n140" to="penn-n3434"/>
  <edge xml:id="ne-lnk300" from="ne-n151" to="penn-n3620"/>
  <edge xml:id="ne-lnk268" from="ne-n140" to="penn-n3433"/>
  <edge xml:id="ne-lnk267" from="ne-n140" to="penn-n3432"/>
  <edge xml:id="ne-lnk266" from="ne-n140" to="penn-n3431"/>
  <edge xml:id="ne-lnk265" from="ne-n140" to="penn-n3430"/>
  <edge xml:id="ne-lnk264" from="ne-n139" to="penn-n3429"/>
  <edge xml:id="ne-lnk263" from="ne-n138" to="penn-n3416"/>
  <edge xml:id="ne-lnk262" from="ne-n138" to="penn-n3415"/>
  <edge xml:id="ne-lnk261" from="ne-n138" to="penn-n3414"/>
  <edge xml:id="ne-lnk260" from="ne-n138" to="penn-n3413"/>
  <edge xml:id="ne-lnk259" from="ne-n138" to="penn-n3412"/>
  <edge xml:id="ne-lnk258" from="ne-n138" to="penn-n3411"/>
  <edge xml:id="ne-lnk257" from="ne-n138" to="penn-n3410"/>
  <edge xml:id="ne-lnk256" from="ne-n138" to="penn-n3409"/>
  <edge xml:id="ne-lnk255" from="ne-n137" to="penn-n3408"/>
  <edge xml:id="ne-lnk254" from="ne-n136" to="penn-n3388"/>
  <edge xml:id="ne-lnk253" from="ne-n136" to="penn-n3387"/>
  <edge xml:id="ne-lnk252" from="ne-n136" to="penn-n3386"/>
  <edge xml:id="ne-lnk251" from="ne-n136" to="penn-n3385"/>
  <edge xml:id="ne-lnk250" from="ne-n136" to="penn-n3384"/>
  <edge xml:id="ne-lnk249" from="ne-n136" to="penn-n3383"/>
  <edge xml:id="ne-lnk248" from="ne-n136" to="penn-n3382"/>
  <edge xml:id="ne-lnk247" from="ne-n136" to="penn-n3381"/>
  <edge xml:id="ne-lnk246" from="ne-n135" to="penn-n3380"/>
  <edge xml:id="ne-lnk245" from="ne-n135" to="penn-n3379"/>
  <edge xml:id="ne-lnk244" from="ne-n134" to="penn-n3368"/>
  <edge xml:id="ne-lnk243" from="ne-n133" to="penn-n3353"/>
  <edge xml:id="ne-lnk242" from="ne-n132" to="penn-n3221"/>
  <edge xml:id="ne-lnk241" from="ne-n131" to="penn-n3203"/>
  <edge xml:id="ne-lnk240" from="ne-n130" to="penn-n3203"/>
  <edge xml:id="ne-lnk239" from="ne-n129" to="penn-n3116"/>
  <edge xml:id="ne-lnk238" from="ne-n129" to="penn-n3115"/>
  <edge xml:id="ne-lnk237" from="ne-n129" to="penn-n3114"/>
  <edge xml:id="ne-lnk236" from="ne-n129" to="penn-n3113"/>
  <edge xml:id="ne-lnk235" from="ne-n129" to="penn-n3112"/>
  <edge xml:id="ne-lnk234" from="ne-n129" to="penn-n3111"/>
  <edge xml:id="ne-lnk233" from="ne-n129" to="penn-n3110"/>
  <edge xml:id="ne-lnk232" from="ne-n129" to="penn-n3109"/>
  <edge xml:id="ne-lnk199" from="ne-n114" to="penn-n2819"/>
  <edge xml:id="ne-lnk231" from="ne-n128" to="penn-n3108"/>
  <edge xml:id="ne-lnk198" from="ne-n113" to="penn-n2796"/>
  <edge xml:id="ne-lnk230" from="ne-n128" to="penn-n3107"/>
  <edge xml:id="ne-lnk197" from="ne-n112" to="penn-n2761"/>
  <edge xml:id="ne-lnk196" from="ne-n112" to="penn-n2760"/>
  <edge xml:id="ne-lnk195" from="ne-n111" to="penn-n2745"/>
  <edge xml:id="ne-lnk194" from="ne-n110" to="penn-n2742"/>
  <edge xml:id="ne-lnk193" from="ne-n109" to="penn-n2735"/>
  <edge xml:id="ne-lnk192" from="ne-n108" to="penn-n2733"/>
  <edge xml:id="ne-lnk191" from="ne-n107" to="penn-n2688"/>
  <edge xml:id="ne-lnk190" from="ne-n106" to="penn-n2676"/>
  <edge xml:id="ne-lnk229" from="ne-n127" to="penn-n3078"/>
  <edge xml:id="ne-lnk228" from="ne-n126" to="penn-n2982"/>
  <edge xml:id="ne-lnk227" from="ne-n126" to="penn-n2981"/>
  <edge xml:id="ne-lnk226" from="ne-n125" to="penn-n2966"/>
  <edge xml:id="ne-lnk225" from="ne-n124" to="penn-n2949"/>
  <edge xml:id="ne-lnk224" from="ne-n124" to="penn-n2948"/>
  <edge xml:id="ne-lnk99" from="ne-n59" to="penn-n1501"/>
  <edge xml:id="ne-lnk223" from="ne-n124" to="penn-n2947"/>
  <edge xml:id="ne-lnk98" from="ne-n58" to="penn-n1495"/>
  <edge xml:id="ne-lnk222" from="ne-n124" to="penn-n2946"/>
  <edge xml:id="ne-lnk97" from="ne-n58" to="penn-n1494"/>
  <edge xml:id="ne-lnk189" from="ne-n106" to="penn-n2675"/>
  <edge xml:id="ne-lnk221" from="ne-n124" to="penn-n2945"/>
  <edge xml:id="ne-lnk96" from="ne-n57" to="penn-n1488"/>
  <edge xml:id="ne-lnk188" from="ne-n106" to="penn-n2674"/>
  <edge xml:id="ne-lnk220" from="ne-n124" to="penn-n2944"/>
  <edge xml:id="ne-lnk95" from="ne-n57" to="penn-n1487"/>
  <edge xml:id="ne-lnk187" from="ne-n105" to="penn-n2671"/>
  <edge xml:id="ne-lnk94" from="ne-n56" to="penn-n1467"/>
  <edge xml:id="ne-lnk186" from="ne-n104" to="penn-n2669"/>
  <edge xml:id="ne-lnk93" from="ne-n55" to="penn-n1465"/>
  <edge xml:id="ne-lnk185" from="ne-n103" to="penn-n2663"/>
  <edge xml:id="ne-lnk92" from="ne-n54" to="penn-n1447"/>
  <edge xml:id="ne-lnk184" from="ne-n102" to="penn-n2531"/>
  <edge xml:id="ne-lnk91" from="ne-n54" to="penn-n1446"/>
  <edge xml:id="ne-lnk183" from="ne-n101" to="penn-n2524"/>
  <edge xml:id="ne-lnk90" from="ne-n54" to="penn-n1445"/>
  <edge xml:id="ne-lnk182" from="ne-n100" to="penn-n2509"/>
  <edge xml:id="ne-lnk181" from="ne-n99" to="penn-n2456"/>
  <edge xml:id="ne-lnk180" from="ne-n98" to="penn-n2431"/>
  <edge xml:id="ne-lnk219" from="ne-n124" to="penn-n2943"/>
  <edge xml:id="ne-lnk218" from="ne-n124" to="penn-n2942"/>
  <edge xml:id="ne-lnk217" from="ne-n123" to="penn-n2941"/>
  <edge xml:id="ne-lnk216" from="ne-n123" to="penn-n2940"/>
  <edge xml:id="ne-lnk215" from="ne-n122" to="penn-n2916"/>
  <edge xml:id="ne-lnk214" from="ne-n121" to="penn-n2900"/>
  <edge xml:id="ne-lnk89" from="ne-n53" to="penn-n1423"/>
  <edge xml:id="ne-lnk213" from="ne-n120" to="penn-n2898"/>
  <edge xml:id="ne-lnk88" from="ne-n52" to="penn-n1348"/>
  <edge xml:id="ne-lnk212" from="ne-n119" to="penn-n2888"/>
  <edge xml:id="ne-lnk87" from="ne-n51" to="penn-n1296"/>
  <edge xml:id="ne-lnk179" from="ne-n98" to="penn-n2430"/>
  <edge xml:id="ne-lnk211" from="ne-n119" to="penn-n2887"/>
  <edge xml:id="ne-lnk86" from="ne-n50" to="penn-n1283"/>
  <edge xml:id="ne-lnk178" from="ne-n98" to="penn-n2429"/>
  <edge xml:id="ne-lnk210" from="ne-n119" to="penn-n2886"/>
  <edge xml:id="ne-lnk85" from="ne-n50" to="penn-n1282"/>
  <edge xml:id="ne-lnk177" from="ne-n98" to="penn-n2428"/>
  <edge xml:id="ne-lnk84" from="ne-n49" to="penn-n1273"/>
  <edge xml:id="ne-lnk176" from="ne-n98" to="penn-n2427"/>
  <edge xml:id="ne-lnk83" from="ne-n48" to="penn-n1263"/>
  <edge xml:id="ne-lnk175" from="ne-n98" to="penn-n2426"/>
  <edge xml:id="ne-lnk82" from="ne-n48" to="penn-n1262"/>
  <edge xml:id="ne-lnk174" from="ne-n98" to="penn-n2425"/>
  <edge xml:id="ne-lnk81" from="ne-n48" to="penn-n1261"/>
  <edge xml:id="ne-lnk173" from="ne-n98" to="penn-n2424"/>
  <edge xml:id="ne-lnk80" from="ne-n48" to="penn-n1260"/>
  <edge xml:id="ne-lnk172" from="ne-n97" to="penn-n2423"/>
  <edge xml:id="ne-lnk171" from="ne-n97" to="penn-n2422"/>
  <edge xml:id="ne-lnk170" from="ne-n96" to="penn-n2400"/>
  <edge xml:id="ne-lnk209" from="ne-n119" to="penn-n2885"/>
  <edge xml:id="ne-lnk208" from="ne-n119" to="penn-n2884"/>
  <edge xml:id="ne-lnk207" from="ne-n119" to="penn-n2883"/>
  <edge xml:id="ne-lnk206" from="ne-n119" to="penn-n2882"/>
  <edge xml:id="ne-lnk205" from="ne-n119" to="penn-n2881"/>
  <edge xml:id="ne-lnk204" from="ne-n118" to="penn-n2880"/>
  <edge xml:id="ne-lnk79" from="ne-n48" to="penn-n1259"/>
  <edge xml:id="ne-lnk203" from="ne-n117" to="penn-n2870"/>
  <edge xml:id="ne-lnk78" from="ne-n48" to="penn-n1258"/>
  <edge xml:id="ne-lnk202" from="ne-n116" to="penn-n2851"/>
  <edge xml:id="ne-lnk77" from="ne-n48" to="penn-n1257"/>
  <edge xml:id="ne-lnk169" from="ne-n95" to="penn-n2388"/>
  <edge xml:id="ne-lnk201" from="ne-n115" to="penn-n2849"/>
  <edge xml:id="ne-lnk76" from="ne-n48" to="penn-n1256"/>
  <edge xml:id="ne-lnk168" from="ne-n94" to="penn-n2378"/>
  <edge xml:id="ne-lnk200" from="ne-n114" to="penn-n2820"/>
  <edge xml:id="ne-lnk75" from="ne-n47" to="penn-n1255"/>
  <edge xml:id="ne-lnk167" from="ne-n93" to="penn-n2365"/>
  <edge xml:id="ne-lnk74" from="ne-n46" to="penn-n1242"/>
  <edge xml:id="ne-lnk166" from="ne-n93" to="penn-n2364"/>
  <edge xml:id="ne-lnk73" from="ne-n46" to="penn-n1241"/>
  <edge xml:id="ne-lnk165" from="ne-n92" to="penn-n2359"/>
  <edge xml:id="ne-lnk72" from="ne-n46" to="penn-n1240"/>
  <edge xml:id="ne-lnk164" from="ne-n92" to="penn-n2358"/>
  <edge xml:id="ne-lnk71" from="ne-n46" to="penn-n1239"/>
  <edge xml:id="ne-lnk163" from="ne-n91" to="penn-n2356"/>
  <edge xml:id="ne-lnk70" from="ne-n46" to="penn-n1238"/>
  <edge xml:id="ne-lnk162" from="ne-n91" to="penn-n2355"/>
  <edge xml:id="ne-lnk161" from="ne-n90" to="penn-n2352"/>
  <edge xml:id="ne-lnk160" from="ne-n90" to="penn-n2351"/>
  <edge xml:id="ne-lnk69" from="ne-n46" to="penn-n1237"/>
  <edge xml:id="ne-lnk68" from="ne-n46" to="penn-n1236"/>
  <edge xml:id="ne-lnk67" from="ne-n46" to="penn-n1235"/>
  <edge xml:id="ne-lnk159" from="ne-n89" to="penn-n2346"/>
  <edge xml:id="ne-lnk66" from="ne-n45" to="penn-n1234"/>
  <edge xml:id="ne-lnk158" from="ne-n88" to="penn-n2343"/>
  <edge xml:id="ne-lnk65" from="ne-n44" to="penn-n1225"/>
  <edge xml:id="ne-lnk157" from="ne-n88" to="penn-n2342"/>
  <edge xml:id="ne-lnk64" from="ne-n43" to="penn-n1194"/>
  <edge xml:id="ne-lnk156" from="ne-n88" to="penn-n2341"/>
  <edge xml:id="ne-lnk63" from="ne-n42" to="penn-n1187"/>
  <edge xml:id="ne-lnk155" from="ne-n87" to="penn-n2333"/>
  <edge xml:id="ne-lnk62" from="ne-n42" to="penn-n1186"/>
  <edge xml:id="ne-lnk154" from="ne-n86" to="penn-n2318"/>
  <edge xml:id="ne-lnk61" from="ne-n41" to="penn-n1171"/>
  <edge xml:id="ne-lnk153" from="ne-n85" to="penn-n2286"/>
  <edge xml:id="ne-lnk60" from="ne-n40" to="penn-n1122"/>
  <edge xml:id="ne-lnk152" from="ne-n84" to="penn-n2274"/>
  <edge xml:id="ne-lnk151" from="ne-n84" to="penn-n2273"/>
  <edge xml:id="ne-lnk150" from="ne-n84" to="penn-n2272"/>
  <edge xml:id="ne-lnk59" from="ne-n39" to="penn-n1107"/>
  <edge xml:id="ne-lnk58" from="ne-n38" to="penn-n1102"/>
  <edge xml:id="ne-lnk57" from="ne-n37" to="penn-n1062"/>
  <edge xml:id="ne-lnk149" from="ne-n84" to="penn-n2271"/>
  <edge xml:id="ne-lnk56" from="ne-n36" to="penn-n1050"/>
  <edge xml:id="ne-lnk148" from="ne-n84" to="penn-n2270"/>
  <edge xml:id="ne-lnk55" from="ne-n36" to="penn-n1049"/>
  <edge xml:id="ne-lnk147" from="ne-n84" to="penn-n2269"/>
  <edge xml:id="ne-lnk54" from="ne-n35" to="penn-n1034"/>
  <edge xml:id="ne-lnk146" from="ne-n84" to="penn-n2268"/>
  <edge xml:id="ne-lnk53" from="ne-n35" to="penn-n1033"/>
  <edge xml:id="ne-lnk145" from="ne-n84" to="penn-n2267"/>
  <edge xml:id="ne-lnk52" from="ne-n35" to="penn-n1032"/>
  <edge xml:id="ne-lnk144" from="ne-n83" to="penn-n2266"/>
  <edge xml:id="ne-lnk51" from="ne-n34" to="penn-n1013"/>
  <edge xml:id="ne-lnk143" from="ne-n83" to="penn-n2265"/>
  <edge xml:id="ne-lnk50" from="ne-n34" to="penn-n1012"/>
  <edge xml:id="ne-lnk142" from="ne-n82" to="penn-n2196"/>
  <edge xml:id="ne-lnk141" from="ne-n81" to="penn-n2088"/>
  <edge xml:id="ne-lnk140" from="ne-n80" to="penn-n2074"/>
  <edge xml:id="ne-lnk49" from="ne-n34" to="penn-n1011"/>
  <edge xml:id="ne-lnk48" from="ne-n34" to="penn-n1010"/>
  <edge xml:id="ne-lnk47" from="ne-n33" to="penn-n1005"/>
  <edge xml:id="ne-lnk139" from="ne-n79" to="penn-n2067"/>
  <edge xml:id="ne-lnk138" from="ne-n78" to="penn-n2053"/>
  <edge xml:id="ne-lnk46" from="ne-n32" to="penn-n995"/>
  <edge xml:id="ne-lnk137" from="ne-n77" to="penn-n1974"/>
  <edge xml:id="ne-lnk45" from="ne-n31" to="penn-n987"/>
  <edge xml:id="ne-lnk136" from="ne-n76" to="penn-n1972"/>
  <edge xml:id="ne-lnk44" from="ne-n31" to="penn-n986"/>
  <edge xml:id="ne-lnk135" from="ne-n75" to="penn-n1957"/>
  <edge xml:id="ne-lnk43" from="ne-n30" to="penn-n933"/>
  <edge xml:id="ne-lnk134" from="ne-n74" to="penn-n1949"/>
  <edge xml:id="ne-lnk42" from="ne-n29" to="penn-n848"/>
  <edge xml:id="ne-lnk133" from="ne-n74" to="penn-n1948"/>
  <edge xml:id="ne-lnk41" from="ne-n28" to="penn-n788"/>
  <edge xml:id="ne-lnk132" from="ne-n74" to="penn-n1947"/>
  <edge xml:id="ne-lnk40" from="ne-n27" to="penn-n771"/>
  <edge xml:id="ne-lnk131" from="ne-n74" to="penn-n1946"/>
  <edge xml:id="ne-lnk130" from="ne-n74" to="penn-n1945"/>
  <edge xml:id="ne-lnk39" from="ne-n26" to="penn-n764"/>
  <edge xml:id="ne-lnk38" from="ne-n26" to="penn-n763"/>
  <edge xml:id="ne-lnk37" from="ne-n25" to="penn-n765"/>
  <edge xml:id="ne-lnk129" from="ne-n74" to="penn-n1944"/>
  <edge xml:id="ne-lnk36" from="ne-n25" to="penn-n764"/>
  <edge xml:id="ne-lnk128" from="ne-n74" to="penn-n1943"/>
  <edge xml:id="ne-lnk35" from="ne-n25" to="penn-n763"/>
  <edge xml:id="ne-lnk127" from="ne-n74" to="penn-n1942"/>
  <edge xml:id="ne-lnk34" from="ne-n24" to="penn-n745"/>
  <edge xml:id="ne-lnk126" from="ne-n73" to="penn-n1941"/>
  <edge xml:id="ne-lnk33" from="ne-n23" to="penn-n737"/>
  <edge xml:id="ne-lnk125" from="ne-n73" to="penn-n1940"/>
  <edge xml:id="ne-lnk32" from="ne-n22" to="penn-n737"/>
  <edge xml:id="ne-lnk124" from="ne-n73" to="penn-n1939"/>
  <edge xml:id="ne-lnk31" from="ne-n22" to="penn-n736"/>
  <edge xml:id="ne-lnk123" from="ne-n72" to="penn-n1917"/>
  <edge xml:id="ne-lnk30" from="ne-n21" to="penn-n725"/>
  <edge xml:id="ne-lnk122" from="ne-n72" to="penn-n1916"/>
  <edge xml:id="ne-lnk121" from="ne-n71" to="penn-n1848"/>
  <edge xml:id="ne-lnk120" from="ne-n70" to="penn-n1808"/>
  <edge xml:id="ne-lnk29" from="ne-n20" to="penn-n689"/>
  <edge xml:id="ne-lnk28" from="ne-n19" to="penn-n607"/>
  <edge xml:id="ne-lnk27" from="ne-n18" to="penn-n574"/>
  <edge xml:id="ne-lnk119" from="ne-n69" to="penn-n1807"/>
  <edge xml:id="ne-lnk26" from="ne-n17" to="penn-n562"/>
  <edge xml:id="ne-lnk118" from="ne-n69" to="penn-n1806"/>
  <edge xml:id="ne-lnk25" from="ne-n17" to="penn-n561"/>
  <edge xml:id="ne-lnk117" from="ne-n69" to="penn-n1805"/>
  <edge xml:id="ne-lnk24" from="ne-n16" to="penn-n552"/>
  <edge xml:id="ne-lnk116" from="ne-n69" to="penn-n1804"/>
  <edge xml:id="ne-lnk23" from="ne-n16" to="penn-n551"/>
  <edge xml:id="ne-lnk115" from="ne-n69" to="penn-n1803"/>
  <edge xml:id="ne-lnk22" from="ne-n15" to="penn-n549"/>
  <edge xml:id="ne-lnk114" from="ne-n69" to="penn-n1802"/>
  <edge xml:id="ne-lnk21" from="ne-n14" to="penn-n437"/>
  <edge xml:id="ne-lnk113" from="ne-n69" to="penn-n1801"/>
  <edge xml:id="ne-lnk20" from="ne-n13" to="penn-n381"/>
  <edge xml:id="ne-lnk112" from="ne-n69" to="penn-n1800"/>
  <edge xml:id="ne-lnk111" from="ne-n68" to="penn-n1799"/>
  <edge xml:id="ne-lnk110" from="ne-n67" to="penn-n1769"/>
  <edge xml:id="ne-lnk19" from="ne-n13" to="penn-n380"/>
  <edge xml:id="ne-lnk18" from="ne-n12" to="penn-n376"/>
  <edge xml:id="ne-lnk17" from="ne-n11" to="penn-n301"/>
  <edge xml:id="ne-lnk109" from="ne-n66" to="penn-n1764"/>
  <edge xml:id="ne-lnk16" from="ne-n10" to="penn-n237"/>
  <edge xml:id="ne-lnk108" from="ne-n65" to="penn-n1717"/>
  <edge xml:id="ne-lnk15" from="ne-n10" to="penn-n236"/>
  <edge xml:id="ne-lnk107" from="ne-n64" to="penn-n1667"/>
  <edge xml:id="ne-lnk14" from="ne-n9" to="penn-n131"/>
  <edge xml:id="ne-lnk106" from="ne-n64" to="penn-n1666"/>
  <edge xml:id="ne-lnk13" from="ne-n8" to="penn-n115"/>
  <edge xml:id="ne-lnk105" from="ne-n64" to="penn-n1665"/>
  <edge xml:id="ne-lnk12" from="ne-n8" to="penn-n114"/>
  <edge xml:id="ne-lnk104" from="ne-n64" to="penn-n1664"/>
  <edge xml:id="ne-lnk11" from="ne-n7" to="penn-n116"/>
  <edge xml:id="ne-lnk103" from="ne-n63" to="penn-n1637"/>
  <edge xml:id="ne-lnk10" from="ne-n7" to="penn-n115"/>
  <edge xml:id="ne-lnk102" from="ne-n62" to="penn-n1635"/>
  <edge xml:id="ne-lnk101" from="ne-n61" to="penn-n1633"/>
  <edge xml:id="ne-lnk100" from="ne-n60" to="penn-n1550"/>
  <edge xml:id="ne-lnk9" from="ne-n7" to="penn-n114"/>
  <edge xml:id="ne-lnk8" from="ne-n6" to="penn-n91"/>
  <edge xml:id="ne-lnk7" from="ne-n5" to="penn-n76"/>
  <edge xml:id="ne-lnk6" from="ne-n4" to="penn-n56"/>
  <edge xml:id="ne-lnk5" from="ne-n4" to="penn-n55"/>
  <edge xml:id="ne-lnk4" from="ne-n3" to="penn-n53"/>
  <edge xml:id="ne-lnk3" from="ne-n2" to="penn-n19"/>
  <edge xml:id="ne-lnk2" from="ne-n2" to="penn-n18"/>
  <edge xml:id="ne-lnk1" from="ne-n1" to="penn-n16"/>
  <edge xml:id="ne-lnk0" from="ne-n0" to="penn-n0"/>
</graph>
