<graph xmlns="http://www.xces.org/ns/GrAF/1.0/" xmlns:graf="http://www.xces.org/ns/GrAF/1.0/">
  <graphHeader>
    <labelsDecl>
      <labelUsage label="person" occurs="137"/>
      <labelUsage label="location" occurs="9"/>
      <labelUsage label="org" occurs="19"/>
      <labelUsage label="date" occurs="48"/>
    </labelsDecl>
    <dependencies>
      <dependsOn f.id="f.penn"/>
    </dependencies>
    <annotationSpaces>
      <annotationSpace as.id="anc"/>
    </annotationSpaces>
  </graphHeader>
  <node xml:id="ne-n0"/>
  <a xml:id="ne-N65579" label="person" ref="ne-n0" as="anc">
    <fs>
      <f name="id" value="8467"/>
      <f name="sex" value="male"/>
    </fs>
  </a>
  <node xml:id="ne-n1"/>
  <a xml:id="ne-N65599" label="date" ref="ne-n1" as="anc"/>
  <node xml:id="ne-n10"/>
  <a xml:id="ne-N65607" label="person" ref="ne-n10" as="anc">
    <fs>
      <f name="id" value="8479"/>
      <f name="sex" value="male"/>
    </fs>
  </a>
  <node xml:id="ne-n100"/>
  <a xml:id="ne-N65627" label="person" ref="ne-n100" as="anc">
    <fs>
      <f name="id" value="8575"/>
    </fs>
  </a>
  <node xml:id="ne-n101"/>
  <a xml:id="ne-N65643" label="person" ref="ne-n101" as="anc">
    <fs>
      <f name="sex" value="male"/>
      <f name="id" value="8576"/>
    </fs>
  </a>
  <node xml:id="ne-n102"/>
  <a xml:id="ne-N65663" label="person" ref="ne-n102" as="anc">
    <fs>
      <f name="sex" value="unknown"/>
      <f name="id" value="8577"/>
    </fs>
  </a>
  <node xml:id="ne-n103"/>
  <a xml:id="ne-N65683" label="date" ref="ne-n103" as="anc">
    <fs>
      <f name="kind" value="dateTime"/>
    </fs>
  </a>
  <node xml:id="ne-n104"/>
  <a xml:id="ne-N65699" label="person" ref="ne-n104" as="anc">
    <fs>
      <f name="sex" value="unknown"/>
      <f name="id" value="8579"/>
    </fs>
  </a>
  <node xml:id="ne-n105"/>
  <a xml:id="ne-N65719" label="org" ref="ne-n105" as="anc">
    <fs>
      <f name="type" value="educational"/>
    </fs>
  </a>
  <node xml:id="ne-n106"/>
  <a xml:id="ne-N65735" label="person" ref="ne-n106" as="anc">
    <fs>
      <f name="sex" value="male"/>
      <f name="id" value="8581"/>
    </fs>
  </a>
  <node xml:id="ne-n107"/>
  <a xml:id="ne-N65755" label="person" ref="ne-n107" as="anc">
    <fs>
      <f name="sex" value="male"/>
      <f name="id" value="8582"/>
    </fs>
  </a>
  <node xml:id="ne-n108"/>
  <a xml:id="ne-N65775" label="date" ref="ne-n108" as="anc">
    <fs>
      <f name="kind" value="dateTime"/>
    </fs>
  </a>
  <node xml:id="ne-n109"/>
  <a xml:id="ne-N65791" label="person" ref="ne-n109" as="anc">
    <fs>
      <f name="sex" value="female"/>
      <f name="id" value="8584"/>
    </fs>
  </a>
  <node xml:id="ne-n11"/>
  <a xml:id="ne-N65811" label="date" ref="ne-n11" as="anc">
    <fs>
      <f name="kind" value="dateTime"/>
    </fs>
  </a>
  <node xml:id="ne-n110"/>
  <a xml:id="ne-N65827" label="person" ref="ne-n110" as="anc">
    <fs>
      <f name="sex" value="female"/>
      <f name="id" value="8585"/>
    </fs>
  </a>
  <node xml:id="ne-n111"/>
  <a xml:id="ne-N65847" label="date" ref="ne-n111" as="anc">
    <fs>
      <f name="kind" value="dateTime"/>
    </fs>
  </a>
  <node xml:id="ne-n112"/>
  <a xml:id="ne-N65863" label="person" ref="ne-n112" as="anc">
    <fs>
      <f name="sex" value="male"/>
      <f name="id" value="8587"/>
    </fs>
  </a>
  <node xml:id="ne-n113"/>
  <a xml:id="ne-N65883" label="org" ref="ne-n113" as="anc">
    <fs>
      <f name="type" value="newspaper"/>
    </fs>
  </a>
  <node xml:id="ne-n114"/>
  <a xml:id="ne-N65899" label="org" ref="ne-n114" as="anc">
    <fs>
      <f name="type" value="newspaper"/>
    </fs>
  </a>
  <node xml:id="ne-n115"/>
  <a xml:id="ne-N65915" label="person" ref="ne-n115" as="anc">
    <fs>
      <f name="sex" value="female"/>
      <f name="id" value="8590"/>
    </fs>
  </a>
  <node xml:id="ne-n116"/>
  <a xml:id="ne-N65935" label="date" ref="ne-n116" as="anc">
    <fs>
      <f name="kind" value="dateTime"/>
    </fs>
  </a>
  <node xml:id="ne-n117"/>
  <a xml:id="ne-N65951" label="person" ref="ne-n117" as="anc">
    <fs>
      <f name="id" value="8592"/>
      <f name="sex" value="male"/>
    </fs>
  </a>
  <node xml:id="ne-n118"/>
  <a xml:id="ne-N65971" label="date" ref="ne-n118" as="anc">
    <fs>
      <f name="kind" value="dateTime"/>
    </fs>
  </a>
  <node xml:id="ne-n119"/>
  <a xml:id="ne-N65987" label="person" ref="ne-n119" as="anc">
    <fs>
      <f name="sex" value="unknown"/>
      <f name="id" value="8594"/>
    </fs>
  </a>
  <node xml:id="ne-n12"/>
  <a xml:id="ne-N66007" label="date" ref="ne-n12" as="anc">
    <fs>
      <f name="kind" value="date"/>
    </fs>
  </a>
  <node xml:id="ne-n120"/>
  <a xml:id="ne-N66023" label="date" ref="ne-n120" as="anc">
    <fs>
      <f name="kind" value="dateTime"/>
    </fs>
  </a>
  <node xml:id="ne-n121"/>
  <a xml:id="ne-N66039" label="person" ref="ne-n121" as="anc">
    <fs>
      <f name="id" value="8596"/>
      <f name="sex" value="male"/>
    </fs>
  </a>
  <node xml:id="ne-n122"/>
  <a xml:id="ne-N66059" label="person" ref="ne-n122" as="anc">
    <fs>
      <f name="id" value="8597"/>
      <f name="sex" value="female"/>
    </fs>
  </a>
  <node xml:id="ne-n123"/>
  <a xml:id="ne-N66079" label="person" ref="ne-n123" as="anc">
    <fs>
      <f name="id" value="8598"/>
      <f name="sex" value="female"/>
    </fs>
  </a>
  <node xml:id="ne-n124"/>
  <a xml:id="ne-N66099" label="person" ref="ne-n124" as="anc">
    <fs>
      <f name="sex" value="female"/>
      <f name="id" value="8599"/>
    </fs>
  </a>
  <node xml:id="ne-n125"/>
  <a xml:id="ne-N66119" label="org" ref="ne-n125" as="anc">
    <fs>
      <f name="type" value="political"/>
    </fs>
  </a>
  <node xml:id="ne-n126"/>
  <a xml:id="ne-N66135" label="person" ref="ne-n126" as="anc">
    <fs>
      <f name="sex" value="female"/>
      <f name="id" value="8602"/>
    </fs>
  </a>
  <node xml:id="ne-n127"/>
  <a xml:id="ne-N66155" label="person" ref="ne-n127" as="anc">
    <fs>
      <f name="id" value="8603"/>
      <f name="sex" value="female"/>
    </fs>
  </a>
  <node xml:id="ne-n128"/>
  <a xml:id="ne-N66175" label="person" ref="ne-n128" as="anc">
    <fs>
      <f name="sex" value="female"/>
      <f name="id" value="8604"/>
    </fs>
  </a>
  <node xml:id="ne-n129"/>
  <a xml:id="ne-N66195" label="location" ref="ne-n129" as="anc">
    <fs>
      <f name="type" value="province_state"/>
    </fs>
  </a>
  <node xml:id="ne-n13"/>
  <a xml:id="ne-N66211" label="person" ref="ne-n13" as="anc">
    <fs>
      <f name="id" value="8482"/>
      <f name="sex" value="female"/>
    </fs>
  </a>
  <node xml:id="ne-n130"/>
  <a xml:id="ne-N66231" label="location" ref="ne-n130" as="anc">
    <fs>
      <f name="type" value="province_state"/>
    </fs>
  </a>
  <node xml:id="ne-n131"/>
  <a xml:id="ne-N66247" label="person" ref="ne-n131" as="anc">
    <fs>
      <f name="sex" value="female"/>
      <f name="id" value="8607"/>
    </fs>
  </a>
  <node xml:id="ne-n132"/>
  <a xml:id="ne-N66267" label="person" ref="ne-n132" as="anc">
    <fs>
      <f name="sex" value="unknown"/>
      <f name="id" value="8608"/>
    </fs>
  </a>
  <node xml:id="ne-n133"/>
  <a xml:id="ne-N66287" label="location" ref="ne-n133" as="anc">
    <fs>
      <f name="type" value="province_state"/>
    </fs>
  </a>
  <node xml:id="ne-n134"/>
  <a xml:id="ne-N66303" label="person" ref="ne-n134" as="anc">
    <fs>
      <f name="sex" value="female"/>
      <f name="id" value="8610"/>
    </fs>
  </a>
  <node xml:id="ne-n135"/>
  <a xml:id="ne-N66323" label="person" ref="ne-n135" as="anc">
    <fs>
      <f name="sex" value="unknown"/>
      <f name="id" value="8611"/>
    </fs>
  </a>
  <node xml:id="ne-n136"/>
  <a xml:id="ne-N66343" label="person" ref="ne-n136" as="anc">
    <fs>
      <f name="id" value="8612"/>
      <f name="sex" value="male"/>
    </fs>
  </a>
  <node xml:id="ne-n137"/>
  <a xml:id="ne-N66363" label="person" ref="ne-n137" as="anc">
    <fs>
      <f name="id" value="8613"/>
      <f name="sex" value="female"/>
    </fs>
  </a>
  <node xml:id="ne-n138"/>
  <a xml:id="ne-N66383" label="person" ref="ne-n138" as="anc">
    <fs>
      <f name="sex" value="unknown"/>
      <f name="id" value="8614"/>
    </fs>
  </a>
  <node xml:id="ne-n139"/>
  <a xml:id="ne-N66403" label="date" ref="ne-n139" as="anc">
    <fs>
      <f name="kind" value="dateTime"/>
    </fs>
  </a>
  <node xml:id="ne-n14"/>
  <a xml:id="ne-N66419" label="person" ref="ne-n14" as="anc">
    <fs>
      <f name="sex" value="male"/>
      <f name="id" value="8483"/>
    </fs>
  </a>
  <node xml:id="ne-n140"/>
  <a xml:id="ne-N66439" label="person" ref="ne-n140" as="anc">
    <fs>
      <f name="id" value="8616"/>
      <f name="sex" value="male"/>
    </fs>
  </a>
  <node xml:id="ne-n141"/>
  <a xml:id="ne-N66459" label="person" ref="ne-n141" as="anc">
    <fs>
      <f name="sex" value="unknown"/>
      <f name="id" value="8617"/>
    </fs>
  </a>
  <node xml:id="ne-n142"/>
  <a xml:id="ne-N66479" label="date" ref="ne-n142" as="anc">
    <fs>
      <f name="kind" value="dateTime"/>
    </fs>
  </a>
  <node xml:id="ne-n143"/>
  <a xml:id="ne-N66495" label="person" ref="ne-n143" as="anc">
    <fs>
      <f name="sex" value="unknown"/>
      <f name="id" value="8619"/>
    </fs>
  </a>
  <node xml:id="ne-n144"/>
  <a xml:id="ne-N66515" label="person" ref="ne-n144" as="anc">
    <fs>
      <f name="sex" value="unknown"/>
      <f name="id" value="8620"/>
    </fs>
  </a>
  <node xml:id="ne-n145"/>
  <a xml:id="ne-N66535" label="date" ref="ne-n145" as="anc">
    <fs>
      <f name="kind" value="dateTime"/>
    </fs>
  </a>
  <node xml:id="ne-n146"/>
  <a xml:id="ne-N66551" label="person" ref="ne-n146" as="anc">
    <fs>
      <f name="sex" value="unknown"/>
      <f name="id" value="8622"/>
    </fs>
  </a>
  <node xml:id="ne-n147"/>
  <a xml:id="ne-N66571" label="person" ref="ne-n147" as="anc">
    <fs>
      <f name="id" value="8623"/>
      <f name="sex" value="female"/>
    </fs>
  </a>
  <node xml:id="ne-n148"/>
  <a xml:id="ne-N66591" label="person" ref="ne-n148" as="anc">
    <fs>
      <f name="sex" value="female"/>
      <f name="id" value="8624"/>
    </fs>
  </a>
  <node xml:id="ne-n149"/>
  <a xml:id="ne-N66611" label="date" ref="ne-n149" as="anc">
    <fs>
      <f name="kind" value="date"/>
    </fs>
  </a>
  <node xml:id="ne-n15"/>
  <a xml:id="ne-N66627" label="person" ref="ne-n15" as="anc">
    <fs>
      <f name="id" value="8484"/>
      <f name="sex" value="female"/>
    </fs>
  </a>
  <node xml:id="ne-n150"/>
  <a xml:id="ne-N66647" label="person" ref="ne-n150" as="anc">
    <fs>
      <f name="sex" value="male"/>
      <f name="id" value="8626"/>
    </fs>
  </a>
  <node xml:id="ne-n151"/>
  <a xml:id="ne-N66667" label="date" ref="ne-n151" as="anc">
    <fs>
      <f name="kind" value="dateTime"/>
    </fs>
  </a>
  <node xml:id="ne-n152"/>
  <a xml:id="ne-N66683" label="person" ref="ne-n152" as="anc">
    <fs>
      <f name="sex" value="female"/>
      <f name="id" value="8628"/>
    </fs>
  </a>
  <node xml:id="ne-n153"/>
  <a xml:id="ne-N66703" label="person" ref="ne-n153" as="anc">
    <fs>
      <f name="id" value="8629"/>
      <f name="sex" value="male"/>
    </fs>
  </a>
  <node xml:id="ne-n154"/>
  <a xml:id="ne-N66723" label="date" ref="ne-n154" as="anc"/>
  <node xml:id="ne-n155"/>
  <a xml:id="ne-N66731" label="person" ref="ne-n155" as="anc">
    <fs>
      <f name="sex" value="female"/>
      <f name="id" value="8631"/>
    </fs>
  </a>
  <node xml:id="ne-n156"/>
  <a xml:id="ne-N66751" label="date" ref="ne-n156" as="anc">
    <fs>
      <f name="kind" value="dateTime"/>
    </fs>
  </a>
  <node xml:id="ne-n157"/>
  <a xml:id="ne-N66767" label="person" ref="ne-n157" as="anc">
    <fs>
      <f name="sex" value="unknown"/>
      <f name="id" value="8633"/>
    </fs>
  </a>
  <node xml:id="ne-n158"/>
  <a xml:id="ne-N66787" label="person" ref="ne-n158" as="anc">
    <fs>
      <f name="sex" value="female"/>
      <f name="id" value="8634"/>
    </fs>
  </a>
  <node xml:id="ne-n159"/>
  <a xml:id="ne-N66807" label="person" ref="ne-n159" as="anc">
    <fs>
      <f name="id" value="8635"/>
      <f name="sex" value="female"/>
    </fs>
  </a>
  <node xml:id="ne-n16"/>
  <a xml:id="ne-N66827" label="person" ref="ne-n16" as="anc">
    <fs>
      <f name="id" value="8487"/>
      <f name="sex" value="female"/>
    </fs>
  </a>
  <node xml:id="ne-n160"/>
  <a xml:id="ne-N66847" label="person" ref="ne-n160" as="anc">
    <fs>
      <f name="sex" value="female"/>
      <f name="id" value="8636"/>
    </fs>
  </a>
  <node xml:id="ne-n161"/>
  <a xml:id="ne-N66867" label="person" ref="ne-n161" as="anc">
    <fs>
      <f name="id" value="8637"/>
      <f name="sex" value="female"/>
    </fs>
  </a>
  <node xml:id="ne-n162"/>
  <a xml:id="ne-N66887" label="person" ref="ne-n162" as="anc">
    <fs>
      <f name="id" value="8638"/>
      <f name="sex" value="female"/>
    </fs>
  </a>
  <node xml:id="ne-n163"/>
  <a xml:id="ne-N66907" label="person" ref="ne-n163" as="anc">
    <fs>
      <f name="id" value="8639"/>
      <f name="sex" value="female"/>
    </fs>
  </a>
  <node xml:id="ne-n164"/>
  <a xml:id="ne-N66927" label="org" ref="ne-n164" as="anc"/>
  <node xml:id="ne-n165"/>
  <a xml:id="ne-N66935" label="person" ref="ne-n165" as="anc">
    <fs>
      <f name="sex" value="female"/>
      <f name="id" value="8641"/>
    </fs>
  </a>
  <node xml:id="ne-n166"/>
  <a xml:id="ne-N66955" label="person" ref="ne-n166" as="anc">
    <fs>
      <f name="id" value="8642"/>
      <f name="sex" value="female"/>
    </fs>
  </a>
  <node xml:id="ne-n167"/>
  <a xml:id="ne-N66975" label="person" ref="ne-n167" as="anc">
    <fs>
      <f name="id" value="8643"/>
      <f name="sex" value="female"/>
    </fs>
  </a>
  <node xml:id="ne-n168"/>
  <a xml:id="ne-N66995" label="person" ref="ne-n168" as="anc">
    <fs>
      <f name="id" value="8644"/>
      <f name="sex" value="female"/>
    </fs>
  </a>
  <node xml:id="ne-n169"/>
  <a xml:id="ne-N67015" label="person" ref="ne-n169" as="anc">
    <fs>
      <f name="sex" value="unknown"/>
      <f name="id" value="8645"/>
    </fs>
  </a>
  <node xml:id="ne-n17"/>
  <a xml:id="ne-N67035" label="person" ref="ne-n17" as="anc">
    <fs>
      <f name="sex" value="male"/>
      <f name="id" value="8488"/>
    </fs>
  </a>
  <node xml:id="ne-n170"/>
  <a xml:id="ne-N67055" label="person" ref="ne-n170" as="anc">
    <fs>
      <f name="sex" value="male"/>
      <f name="id" value="8646"/>
    </fs>
  </a>
  <node xml:id="ne-n171"/>
  <a xml:id="ne-N67075" label="person" ref="ne-n171" as="anc">
    <fs>
      <f name="sex" value="male"/>
      <f name="id" value="8647"/>
    </fs>
  </a>
  <node xml:id="ne-n172"/>
  <a xml:id="ne-N67095" label="org" ref="ne-n172" as="anc">
    <fs>
      <f name="type" value="company"/>
    </fs>
  </a>
  <node xml:id="ne-n173"/>
  <a xml:id="ne-N67111" label="person" ref="ne-n173" as="anc">
    <fs>
      <f name="sex" value="female"/>
      <f name="id" value="8649"/>
    </fs>
  </a>
  <node xml:id="ne-n174"/>
  <a xml:id="ne-N67131" label="person" ref="ne-n174" as="anc">
    <fs>
      <f name="sex" value="unknown"/>
      <f name="id" value="8650"/>
    </fs>
  </a>
  <node xml:id="ne-n175"/>
  <a xml:id="ne-N67151" label="date" ref="ne-n175" as="anc">
    <fs>
      <f name="kind" value="dateTime"/>
    </fs>
  </a>
  <node xml:id="ne-n176"/>
  <a xml:id="ne-N67167" label="person" ref="ne-n176" as="anc">
    <fs>
      <f name="id" value="8652"/>
      <f name="sex" value="female"/>
    </fs>
  </a>
  <node xml:id="ne-n177"/>
  <a xml:id="ne-N67187" label="person" ref="ne-n177" as="anc">
    <fs>
      <f name="id" value="8653"/>
      <f name="sex" value="female"/>
    </fs>
  </a>
  <node xml:id="ne-n178"/>
  <a xml:id="ne-N67207" label="person" ref="ne-n178" as="anc">
    <fs>
      <f name="sex" value="male"/>
      <f name="id" value="8654"/>
    </fs>
  </a>
  <node xml:id="ne-n179"/>
  <a xml:id="ne-N67227" label="person" ref="ne-n179" as="anc">
    <fs>
      <f name="id" value="8655"/>
      <f name="sex" value="female"/>
    </fs>
  </a>
  <node xml:id="ne-n18"/>
  <a xml:id="ne-N67247" label="person" ref="ne-n18" as="anc">
    <fs>
      <f name="sex" value="unknown"/>
      <f name="id" value="8489"/>
    </fs>
  </a>
  <node xml:id="ne-n180"/>
  <a xml:id="ne-N67267" label="person" ref="ne-n180" as="anc">
    <fs>
      <f name="sex" value="male"/>
      <f name="id" value="8656"/>
    </fs>
  </a>
  <node xml:id="ne-n181"/>
  <a xml:id="ne-N67287" label="person" ref="ne-n181" as="anc">
    <fs>
      <f name="sex" value="male"/>
      <f name="id" value="8658"/>
    </fs>
  </a>
  <node xml:id="ne-n182"/>
  <a xml:id="ne-N67307" label="org" ref="ne-n182" as="anc">
    <fs>
      <f name="type" value="political"/>
    </fs>
  </a>
  <node xml:id="ne-n183"/>
  <a xml:id="ne-N67323" label="person" ref="ne-n183" as="anc">
    <fs>
      <f name="sex" value="male"/>
      <f name="id" value="8661"/>
    </fs>
  </a>
  <node xml:id="ne-n184"/>
  <a xml:id="ne-N67343" label="org" ref="ne-n184" as="anc">
    <fs>
      <f name="type" value="educational"/>
    </fs>
  </a>
  <node xml:id="ne-n185"/>
  <a xml:id="ne-N67359" label="person" ref="ne-n185" as="anc">
    <fs>
      <f name="sex" value="male"/>
      <f name="id" value="8663"/>
    </fs>
  </a>
  <node xml:id="ne-n186"/>
  <a xml:id="ne-N67379" label="org" ref="ne-n186" as="anc">
    <fs>
      <f name="type" value="educational"/>
    </fs>
  </a>
  <node xml:id="ne-n187"/>
  <a xml:id="ne-N67395" label="location" ref="ne-n187" as="anc">
    <fs>
      <f name="type" value="city"/>
    </fs>
  </a>
  <node xml:id="ne-n188"/>
  <a xml:id="ne-N67411" label="person" ref="ne-n188" as="anc">
    <fs>
      <f name="id" value="8666"/>
      <f name="sex" value="female"/>
    </fs>
  </a>
  <node xml:id="ne-n189"/>
  <a xml:id="ne-N67431" label="person" ref="ne-n189" as="anc">
    <fs>
      <f name="id" value="8667"/>
      <f name="sex" value="female"/>
    </fs>
  </a>
  <node xml:id="ne-n19"/>
  <a xml:id="ne-N67451" label="date" ref="ne-n19" as="anc">
    <fs>
      <f name="kind" value="dateTime"/>
    </fs>
  </a>
  <node xml:id="ne-n190"/>
  <a xml:id="ne-N67467" label="person" ref="ne-n190" as="anc">
    <fs>
      <f name="sex" value="male"/>
      <f name="id" value="8668"/>
    </fs>
  </a>
  <node xml:id="ne-n191"/>
  <a xml:id="ne-N67487" label="person" ref="ne-n191" as="anc">
    <fs>
      <f name="id" value="8669"/>
      <f name="sex" value="null"/>
    </fs>
  </a>
  <node xml:id="ne-n192"/>
  <a xml:id="ne-N67507" label="location" ref="ne-n192" as="anc">
    <fs>
      <f name="type" value="country"/>
    </fs>
  </a>
  <node xml:id="ne-n193"/>
  <a xml:id="ne-N67523" label="location" ref="ne-n193" as="anc">
    <fs>
      <f name="type" value="country"/>
    </fs>
  </a>
  <node xml:id="ne-n194"/>
  <a xml:id="ne-N67539" label="person" ref="ne-n194" as="anc">
    <fs>
      <f name="id" value="8672"/>
      <f name="sex" value="male"/>
    </fs>
  </a>
  <node xml:id="ne-n195"/>
  <a xml:id="ne-N67559" label="person" ref="ne-n195" as="anc">
    <fs>
      <f name="sex" value="male"/>
      <f name="id" value="8673"/>
    </fs>
  </a>
  <node xml:id="ne-n196"/>
  <a xml:id="ne-N67579" label="person" ref="ne-n196" as="anc">
    <fs>
      <f name="sex" value="male"/>
      <f name="id" value="8674"/>
    </fs>
  </a>
  <node xml:id="ne-n197"/>
  <a xml:id="ne-N67599" label="person" ref="ne-n197" as="anc">
    <fs>
      <f name="id" value="8675"/>
      <f name="sex" value="male"/>
    </fs>
  </a>
  <node xml:id="ne-n198"/>
  <a xml:id="ne-N67619" label="person" ref="ne-n198" as="anc">
    <fs>
      <f name="sex" value="male"/>
      <f name="id" value="8676"/>
    </fs>
  </a>
  <node xml:id="ne-n199"/>
  <a xml:id="ne-N67639" label="date" ref="ne-n199" as="anc">
    <fs>
      <f name="kind" value="date"/>
    </fs>
  </a>
  <node xml:id="ne-n2"/>
  <a xml:id="ne-N67655" label="date" ref="ne-n2" as="anc">
    <fs>
      <f name="kind" value="date"/>
    </fs>
  </a>
  <node xml:id="ne-n20"/>
  <a xml:id="ne-N67671" label="person" ref="ne-n20" as="anc">
    <fs>
      <f name="sex" value="unknown"/>
      <f name="id" value="8491"/>
    </fs>
  </a>
  <node xml:id="ne-n200"/>
  <a xml:id="ne-N67691" label="date" ref="ne-n200" as="anc">
    <fs>
      <f name="kind" value="date"/>
    </fs>
  </a>
  <node xml:id="ne-n201"/>
  <a xml:id="ne-N67707" label="date" ref="ne-n201" as="anc">
    <fs>
      <f name="kind" value="date"/>
    </fs>
  </a>
  <node xml:id="ne-n202"/>
  <a xml:id="ne-N67723" label="location" ref="ne-n202" as="anc">
    <fs>
      <f name="type" value="country"/>
    </fs>
  </a>
  <node xml:id="ne-n203"/>
  <a xml:id="ne-N67739" label="person" ref="ne-n203" as="anc">
    <fs>
      <f name="sex" value="unknown"/>
      <f name="id" value="8681"/>
    </fs>
  </a>
  <node xml:id="ne-n204"/>
  <a xml:id="ne-N67759" label="date" ref="ne-n204" as="anc">
    <fs>
      <f name="kind" value="dateTime"/>
    </fs>
  </a>
  <node xml:id="ne-n205"/>
  <a xml:id="ne-N67775" label="person" ref="ne-n205" as="anc">
    <fs>
      <f name="sex" value="unknown"/>
      <f name="id" value="8683"/>
    </fs>
  </a>
  <node xml:id="ne-n206"/>
  <a xml:id="ne-N67795" label="person" ref="ne-n206" as="anc">
    <fs>
      <f name="sex" value="male"/>
      <f name="id" value="8684"/>
    </fs>
  </a>
  <node xml:id="ne-n207"/>
  <a xml:id="ne-N67815" label="date" ref="ne-n207" as="anc">
    <fs>
      <f name="kind" value="dateTime"/>
    </fs>
  </a>
  <node xml:id="ne-n208"/>
  <a xml:id="ne-N67831" label="person" ref="ne-n208" as="anc">
    <fs>
      <f name="id" value="8686"/>
      <f name="sex" value="unknown"/>
    </fs>
  </a>
  <node xml:id="ne-n209"/>
  <a xml:id="ne-N67851" label="date" ref="ne-n209" as="anc">
    <fs>
      <f name="kind" value="date"/>
    </fs>
  </a>
  <node xml:id="ne-n21"/>
  <a xml:id="ne-N67867" label="date" ref="ne-n21" as="anc">
    <fs>
      <f name="kind" value="dateTime"/>
    </fs>
  </a>
  <node xml:id="ne-n210"/>
  <a xml:id="ne-N67883" label="date" ref="ne-n210" as="anc">
    <fs>
      <f name="kind" value="date"/>
    </fs>
  </a>
  <node xml:id="ne-n211"/>
  <a xml:id="ne-N67899" label="date" ref="ne-n211" as="anc">
    <fs>
      <f name="kind" value="date"/>
    </fs>
  </a>
  <node xml:id="ne-n212"/>
  <a xml:id="ne-N67915" label="date" ref="ne-n212" as="anc">
    <fs>
      <f name="kind" value="dateTime"/>
    </fs>
  </a>
  <node xml:id="ne-n22"/>
  <a xml:id="ne-N67931" label="person" ref="ne-n22" as="anc">
    <fs>
      <f name="sex" value="male"/>
      <f name="id" value="8493"/>
    </fs>
  </a>
  <node xml:id="ne-n23"/>
  <a xml:id="ne-N67951" label="person" ref="ne-n23" as="anc">
    <fs>
      <f name="id" value="8494"/>
      <f name="sex" value="female"/>
    </fs>
  </a>
  <node xml:id="ne-n24"/>
  <a xml:id="ne-N67971" label="person" ref="ne-n24" as="anc">
    <fs>
      <f name="sex" value="unknown"/>
      <f name="id" value="8495"/>
    </fs>
  </a>
  <node xml:id="ne-n25"/>
  <a xml:id="ne-N67991" label="person" ref="ne-n25" as="anc">
    <fs>
      <f name="id" value="8498"/>
      <f name="sex" value="female"/>
    </fs>
  </a>
  <node xml:id="ne-n26"/>
  <a xml:id="ne-N68011" label="date" ref="ne-n26" as="anc">
    <fs>
      <f name="kind" value="dateTime"/>
    </fs>
  </a>
  <node xml:id="ne-n27"/>
  <a xml:id="ne-N68027" label="person" ref="ne-n27" as="anc">
    <fs>
      <f name="id" value="8502"/>
      <f name="sex" value="female"/>
    </fs>
  </a>
  <node xml:id="ne-n28"/>
  <a xml:id="ne-N68047" label="person" ref="ne-n28" as="anc">
    <fs>
      <f name="id" value="8503"/>
      <f name="sex" value="female"/>
    </fs>
  </a>
  <node xml:id="ne-n29"/>
  <a xml:id="ne-N68067" label="date" ref="ne-n29" as="anc">
    <fs>
      <f name="kind" value="dateTime"/>
    </fs>
  </a>
  <node xml:id="ne-n3"/>
  <a xml:id="ne-N68083" label="org" ref="ne-n3" as="anc">
    <fs>
      <f name="type" value="company"/>
    </fs>
  </a>
  <node xml:id="ne-n30"/>
  <a xml:id="ne-N68099" label="person" ref="ne-n30" as="anc">
    <fs>
      <f name="sex" value="unknown"/>
      <f name="id" value="8505"/>
    </fs>
  </a>
  <node xml:id="ne-n31"/>
  <a xml:id="ne-N68119" label="date" ref="ne-n31" as="anc">
    <fs>
      <f name="kind" value="dateTime"/>
    </fs>
  </a>
  <node xml:id="ne-n32"/>
  <a xml:id="ne-N68135" label="person" ref="ne-n32" as="anc">
    <fs>
      <f name="sex" value="unknown"/>
      <f name="id" value="8507"/>
    </fs>
  </a>
  <node xml:id="ne-n33"/>
  <a xml:id="ne-N68155" label="person" ref="ne-n33" as="anc">
    <fs>
      <f name="sex" value="male"/>
      <f name="id" value="8508"/>
    </fs>
  </a>
  <node xml:id="ne-n34"/>
  <a xml:id="ne-N68175" label="person" ref="ne-n34" as="anc">
    <fs>
      <f name="sex" value="unknown"/>
      <f name="id" value="8509"/>
    </fs>
  </a>
  <node xml:id="ne-n35"/>
  <a xml:id="ne-N68195" label="date" ref="ne-n35" as="anc">
    <fs>
      <f name="kind" value="dateTime"/>
    </fs>
  </a>
  <node xml:id="ne-n36"/>
  <a xml:id="ne-N68211" label="person" ref="ne-n36" as="anc">
    <fs>
      <f name="id" value="8511"/>
      <f name="sex" value="male"/>
    </fs>
  </a>
  <node xml:id="ne-n37"/>
  <a xml:id="ne-N68231" label="person" ref="ne-n37" as="anc">
    <fs>
      <f name="sex" value="unknown"/>
      <f name="id" value="8512"/>
    </fs>
  </a>
  <node xml:id="ne-n38"/>
  <a xml:id="ne-N68251" label="date" ref="ne-n38" as="anc">
    <fs>
      <f name="kind" value="dateTime"/>
    </fs>
  </a>
  <node xml:id="ne-n39"/>
  <a xml:id="ne-N68267" label="person" ref="ne-n39" as="anc">
    <fs>
      <f name="sex" value="unknown"/>
      <f name="id" value="8514"/>
    </fs>
  </a>
  <node xml:id="ne-n4"/>
  <a xml:id="ne-N68287" label="person" ref="ne-n4" as="anc">
    <fs>
      <f name="sex" value="male"/>
      <f name="id" value="8471"/>
    </fs>
  </a>
  <node xml:id="ne-n40"/>
  <a xml:id="ne-N68307" label="person" ref="ne-n40" as="anc">
    <fs>
      <f name="id" value="8515"/>
    </fs>
  </a>
  <node xml:id="ne-n41"/>
  <a xml:id="ne-N68323" label="date" ref="ne-n41" as="anc">
    <fs>
      <f name="kind" value="dateTime"/>
    </fs>
  </a>
  <node xml:id="ne-n42"/>
  <a xml:id="ne-N68339" label="person" ref="ne-n42" as="anc">
    <fs>
      <f name="id" value="8517"/>
      <f name="sex" value="female"/>
    </fs>
  </a>
  <node xml:id="ne-n43"/>
  <a xml:id="ne-N68359" label="person" ref="ne-n43" as="anc">
    <fs>
      <f name="sex" value="unknown"/>
      <f name="id" value="8518"/>
    </fs>
  </a>
  <node xml:id="ne-n44"/>
  <a xml:id="ne-N68379" label="date" ref="ne-n44" as="anc">
    <fs>
      <f name="kind" value="dateTime"/>
    </fs>
  </a>
  <node xml:id="ne-n45"/>
  <a xml:id="ne-N68395" label="person" ref="ne-n45" as="anc">
    <fs>
      <f name="id" value="8520"/>
      <f name="sex" value="female"/>
    </fs>
  </a>
  <node xml:id="ne-n46"/>
  <a xml:id="ne-N68415" label="person" ref="ne-n46" as="anc">
    <fs>
      <f name="sex" value="unknown"/>
      <f name="id" value="8521"/>
    </fs>
  </a>
  <node xml:id="ne-n47"/>
  <a xml:id="ne-N68435" label="date" ref="ne-n47" as="anc">
    <fs>
      <f name="kind" value="dateTime"/>
    </fs>
  </a>
  <node xml:id="ne-n48"/>
  <a xml:id="ne-N68451" label="person" ref="ne-n48" as="anc">
    <fs>
      <f name="id" value="8523"/>
      <f name="sex" value="female"/>
    </fs>
  </a>
  <node xml:id="ne-n49"/>
  <a xml:id="ne-N68471" label="person" ref="ne-n49" as="anc">
    <fs>
      <f name="sex" value="female"/>
      <f name="id" value="8524"/>
    </fs>
  </a>
  <node xml:id="ne-n5"/>
  <a xml:id="ne-N68491" label="date" ref="ne-n5" as="anc">
    <fs>
      <f name="kind" value="date"/>
    </fs>
  </a>
  <node xml:id="ne-n50"/>
  <a xml:id="ne-N68507" label="date" ref="ne-n50" as="anc">
    <fs>
      <f name="kind" value="dateTime"/>
    </fs>
  </a>
  <node xml:id="ne-n51"/>
  <a xml:id="ne-N68523" label="org" ref="ne-n51" as="anc">
    <fs>
      <f name="type" value="educational"/>
    </fs>
  </a>
  <node xml:id="ne-n52"/>
  <a xml:id="ne-N68539" label="person" ref="ne-n52" as="anc">
    <fs>
      <f name="id" value="8527"/>
      <f name="sex" value="male"/>
    </fs>
  </a>
  <node xml:id="ne-n53"/>
  <a xml:id="ne-N68559" label="person" ref="ne-n53" as="anc">
    <fs>
      <f name="id" value="8528"/>
      <f name="sex" value="female"/>
    </fs>
  </a>
  <node xml:id="ne-n54"/>
  <a xml:id="ne-N68579" label="person" ref="ne-n54" as="anc">
    <fs>
      <f name="sex" value="female"/>
      <f name="id" value="8529"/>
    </fs>
  </a>
  <node xml:id="ne-n55"/>
  <a xml:id="ne-N68599" label="org" ref="ne-n55" as="anc">
    <fs>
      <f name="type" value="government"/>
    </fs>
  </a>
  <node xml:id="ne-n56"/>
  <a xml:id="ne-N68615" label="person" ref="ne-n56" as="anc">
    <fs>
      <f name="sex" value="female"/>
      <f name="id" value="8531"/>
    </fs>
  </a>
  <node xml:id="ne-n57"/>
  <a xml:id="ne-N68635" label="person" ref="ne-n57" as="anc">
    <fs>
      <f name="sex" value="female"/>
      <f name="id" value="8532"/>
    </fs>
  </a>
  <node xml:id="ne-n58"/>
  <a xml:id="ne-N68655" label="person" ref="ne-n58" as="anc">
    <fs>
      <f name="sex" value="male"/>
      <f name="id" value="8533"/>
    </fs>
  </a>
  <node xml:id="ne-n59"/>
  <a xml:id="ne-N68675" label="date" ref="ne-n59" as="anc">
    <fs>
      <f name="kind" value="dateTime"/>
    </fs>
  </a>
  <node xml:id="ne-n6"/>
  <a xml:id="ne-N68691" label="person" ref="ne-n6" as="anc">
    <fs>
      <f name="sex" value="female"/>
      <f name="id" value="8473"/>
    </fs>
  </a>
  <node xml:id="ne-n60"/>
  <a xml:id="ne-N68711" label="person" ref="ne-n60" as="anc">
    <fs>
      <f name="sex" value="unknown"/>
      <f name="id" value="8535"/>
    </fs>
  </a>
  <node xml:id="ne-n61"/>
  <a xml:id="ne-N68731" label="date" ref="ne-n61" as="anc">
    <fs>
      <f name="kind" value="dateTime"/>
    </fs>
  </a>
  <node xml:id="ne-n62"/>
  <a xml:id="ne-N68747" label="org" ref="ne-n62" as="anc">
    <fs>
      <f name="type" value="political"/>
    </fs>
  </a>
  <node xml:id="ne-n63"/>
  <a xml:id="ne-N68763" label="org" ref="ne-n63" as="anc">
    <fs>
      <f name="type" value="political"/>
    </fs>
  </a>
  <node xml:id="ne-n64"/>
  <a xml:id="ne-N68779" label="person" ref="ne-n64" as="anc">
    <fs>
      <f name="id" value="8539"/>
    </fs>
  </a>
  <node xml:id="ne-n65"/>
  <a xml:id="ne-N68795" label="person" ref="ne-n65" as="anc">
    <fs>
      <f name="sex" value="male"/>
      <f name="id" value="8540"/>
    </fs>
  </a>
  <node xml:id="ne-n66"/>
  <a xml:id="ne-N68815" label="person" ref="ne-n66" as="anc">
    <fs>
      <f name="sex" value="male"/>
      <f name="id" value="8541"/>
    </fs>
  </a>
  <node xml:id="ne-n67"/>
  <a xml:id="ne-N68835" label="person" ref="ne-n67" as="anc">
    <fs>
      <f name="sex" value="female"/>
      <f name="id" value="8542"/>
    </fs>
  </a>
  <node xml:id="ne-n68"/>
  <a xml:id="ne-N68855" label="person" ref="ne-n68" as="anc">
    <fs>
      <f name="sex" value="female"/>
      <f name="id" value="8543"/>
    </fs>
  </a>
  <node xml:id="ne-n69"/>
  <a xml:id="ne-N68875" label="org" ref="ne-n69" as="anc">
    <fs>
      <f name="type" value="political"/>
    </fs>
  </a>
  <node xml:id="ne-n7"/>
  <a xml:id="ne-N68891" label="person" ref="ne-n7" as="anc">
    <fs>
      <f name="id" value="8474"/>
      <f name="sex" value="female"/>
    </fs>
  </a>
  <node xml:id="ne-n70"/>
  <a xml:id="ne-N68911" label="person" ref="ne-n70" as="anc">
    <fs>
      <f name="sex" value="male"/>
      <f name="id" value="8545"/>
    </fs>
  </a>
  <node xml:id="ne-n71"/>
  <a xml:id="ne-N68931" label="date" ref="ne-n71" as="anc">
    <fs>
      <f name="kind" value="dateTime"/>
    </fs>
  </a>
  <node xml:id="ne-n72"/>
  <a xml:id="ne-N68947" label="org" ref="ne-n72" as="anc">
    <fs>
      <f name="type" value="political"/>
    </fs>
  </a>
  <node xml:id="ne-n73"/>
  <a xml:id="ne-N68963" label="org" ref="ne-n73" as="anc">
    <fs>
      <f name="type" value="political"/>
    </fs>
  </a>
  <node xml:id="ne-n74"/>
  <a xml:id="ne-N68979" label="person" ref="ne-n74" as="anc">
    <fs>
      <f name="sex" value="male"/>
      <f name="id" value="8549"/>
    </fs>
  </a>
  <node xml:id="ne-n75"/>
  <a xml:id="ne-N68999" label="person" ref="ne-n75" as="anc">
    <fs>
      <f name="sex" value="male"/>
      <f name="id" value="8550"/>
    </fs>
  </a>
  <node xml:id="ne-n76"/>
  <a xml:id="ne-N69019" label="person" ref="ne-n76" as="anc">
    <fs>
      <f name="sex" value="male"/>
      <f name="id" value="8551"/>
    </fs>
  </a>
  <node xml:id="ne-n77"/>
  <a xml:id="ne-N69039" label="person" ref="ne-n77" as="anc">
    <fs>
      <f name="sex" value="male"/>
      <f name="id" value="8552"/>
    </fs>
  </a>
  <node xml:id="ne-n78"/>
  <a xml:id="ne-N69059" label="person" ref="ne-n78" as="anc">
    <fs>
      <f name="sex" value="female"/>
      <f name="id" value="8553"/>
    </fs>
  </a>
  <node xml:id="ne-n79"/>
  <a xml:id="ne-N69079" label="person" ref="ne-n79" as="anc">
    <fs>
      <f name="sex" value="female"/>
      <f name="id" value="8554"/>
    </fs>
  </a>
  <node xml:id="ne-n8"/>
  <a xml:id="ne-N69099" label="person" ref="ne-n8" as="anc">
    <fs>
      <f name="id" value="8477"/>
      <f name="sex" value="female"/>
    </fs>
  </a>
  <node xml:id="ne-n80"/>
  <a xml:id="ne-N69119" label="org" ref="ne-n80" as="anc">
    <fs>
      <f name="type" value="political"/>
    </fs>
  </a>
  <node xml:id="ne-n81"/>
  <a xml:id="ne-N69135" label="person" ref="ne-n81" as="anc">
    <fs>
      <f name="sex" value="male"/>
      <f name="id" value="8556"/>
    </fs>
  </a>
  <node xml:id="ne-n82"/>
  <a xml:id="ne-N69155" label="date" ref="ne-n82" as="anc">
    <fs>
      <f name="kind" value="dateTime"/>
    </fs>
  </a>
  <node xml:id="ne-n83"/>
  <a xml:id="ne-N69171" label="person" ref="ne-n83" as="anc">
    <fs>
      <f name="sex" value="male"/>
      <f name="id" value="8558"/>
    </fs>
  </a>
  <node xml:id="ne-n84"/>
  <a xml:id="ne-N69191" label="date" ref="ne-n84" as="anc">
    <fs>
      <f name="kind" value="dateTime"/>
    </fs>
  </a>
  <node xml:id="ne-n85"/>
  <a xml:id="ne-N69207" label="person" ref="ne-n85" as="anc">
    <fs>
      <f name="sex" value="male"/>
      <f name="id" value="8560"/>
    </fs>
  </a>
  <node xml:id="ne-n86"/>
  <a xml:id="ne-N69227" label="date" ref="ne-n86" as="anc">
    <fs>
      <f name="kind" value="dateTime"/>
    </fs>
  </a>
  <node xml:id="ne-n87"/>
  <a xml:id="ne-N69243" label="person" ref="ne-n87" as="anc">
    <fs>
      <f name="sex" value="unknown"/>
      <f name="id" value="8562"/>
    </fs>
  </a>
  <node xml:id="ne-n88"/>
  <a xml:id="ne-N69263" label="person" ref="ne-n88" as="anc">
    <fs>
      <f name="id" value="8563"/>
      <f name="sex" value="female"/>
    </fs>
  </a>
  <node xml:id="ne-n89"/>
  <a xml:id="ne-N69283" label="person" ref="ne-n89" as="anc">
    <fs>
      <f name="id" value="8564"/>
      <f name="sex" value="female"/>
    </fs>
  </a>
  <node xml:id="ne-n9"/>
  <a xml:id="ne-N69303" label="person" ref="ne-n9" as="anc">
    <fs>
      <f name="id" value="8478"/>
      <f name="sex" value="female"/>
    </fs>
  </a>
  <node xml:id="ne-n90"/>
  <a xml:id="ne-N69323" label="person" ref="ne-n90" as="anc">
    <fs>
      <f name="sex" value="female"/>
      <f name="id" value="8565"/>
    </fs>
  </a>
  <node xml:id="ne-n91"/>
  <a xml:id="ne-N69343" label="date" ref="ne-n91" as="anc">
    <fs>
      <f name="kind" value="dateTime"/>
    </fs>
  </a>
  <node xml:id="ne-n92"/>
  <a xml:id="ne-N69359" label="org" ref="ne-n92" as="anc">
    <fs>
      <f name="type" value="newspaper"/>
    </fs>
  </a>
  <node xml:id="ne-n93"/>
  <a xml:id="ne-N69375" label="person" ref="ne-n93" as="anc">
    <fs>
      <f name="sex" value="unknown"/>
      <f name="id" value="8568"/>
    </fs>
  </a>
  <node xml:id="ne-n94"/>
  <a xml:id="ne-N69395" label="date" ref="ne-n94" as="anc">
    <fs>
      <f name="kind" value="dateTime"/>
    </fs>
  </a>
  <node xml:id="ne-n95"/>
  <a xml:id="ne-N69411" label="location" ref="ne-n95" as="anc">
    <fs>
      <f name="type" value="city"/>
    </fs>
  </a>
  <node xml:id="ne-n96"/>
  <a xml:id="ne-N69427" label="location" ref="ne-n96" as="anc">
    <fs>
      <f name="type" value="city"/>
    </fs>
  </a>
  <node xml:id="ne-n97"/>
  <a xml:id="ne-N69443" label="person" ref="ne-n97" as="anc">
    <fs>
      <f name="sex" value="unknown"/>
      <f name="id" value="8572"/>
    </fs>
  </a>
  <node xml:id="ne-n98"/>
  <a xml:id="ne-N69463" label="date" ref="ne-n98" as="anc">
    <fs>
      <f name="kind" value="dateTime"/>
    </fs>
  </a>
  <node xml:id="ne-n99"/>
  <a xml:id="ne-N69479" label="person" ref="ne-n99" as="anc">
    <fs>
      <f name="sex" value="unknown"/>
      <f name="id" value="8574"/>
    </fs>
  </a>
  <edge xml:id="ne-lnk412" from="ne-n162" to="penn-n4457"/>
  <edge xml:id="ne-lnk411" from="ne-n161" to="penn-n4396"/>
  <edge xml:id="ne-lnk379" from="ne-n147" to="penn-n4021"/>
  <edge xml:id="ne-lnk410" from="ne-n161" to="penn-n4395"/>
  <edge xml:id="ne-lnk378" from="ne-n146" to="penn-n3978"/>
  <edge xml:id="ne-lnk377" from="ne-n145" to="penn-n3977"/>
  <edge xml:id="ne-lnk376" from="ne-n145" to="penn-n3976"/>
  <edge xml:id="ne-lnk375" from="ne-n145" to="penn-n3975"/>
  <edge xml:id="ne-lnk374" from="ne-n145" to="penn-n3974"/>
  <edge xml:id="ne-lnk373" from="ne-n145" to="penn-n3973"/>
  <edge xml:id="ne-lnk372" from="ne-n145" to="penn-n3972"/>
  <edge xml:id="ne-lnk371" from="ne-n144" to="penn-n3970"/>
  <edge xml:id="ne-lnk370" from="ne-n143" to="penn-n3885"/>
  <edge xml:id="ne-lnk409" from="ne-n161" to="penn-n4394"/>
  <edge xml:id="ne-lnk408" from="ne-n160" to="penn-n4383"/>
  <edge xml:id="ne-lnk407" from="ne-n159" to="penn-n4361"/>
  <edge xml:id="ne-lnk406" from="ne-n159" to="penn-n4360"/>
  <edge xml:id="ne-lnk405" from="ne-n159" to="penn-n4359"/>
  <edge xml:id="ne-lnk404" from="ne-n158" to="penn-n4327"/>
  <edge xml:id="ne-lnk403" from="ne-n157" to="penn-n4211"/>
  <edge xml:id="ne-lnk402" from="ne-n156" to="penn-n4210"/>
  <edge xml:id="ne-lnk401" from="ne-n156" to="penn-n4209"/>
  <edge xml:id="ne-lnk369" from="ne-n142" to="penn-n3881"/>
  <edge xml:id="ne-lnk400" from="ne-n156" to="penn-n4208"/>
  <edge xml:id="ne-lnk368" from="ne-n142" to="penn-n3880"/>
  <edge xml:id="ne-lnk367" from="ne-n142" to="penn-n3879"/>
  <edge xml:id="ne-lnk366" from="ne-n142" to="penn-n3878"/>
  <edge xml:id="ne-lnk365" from="ne-n142" to="penn-n3877"/>
  <edge xml:id="ne-lnk364" from="ne-n142" to="penn-n3876"/>
  <edge xml:id="ne-lnk363" from="ne-n141" to="penn-n3874"/>
  <edge xml:id="ne-lnk362" from="ne-n140" to="penn-n3815"/>
  <edge xml:id="ne-lnk361" from="ne-n139" to="penn-n3814"/>
  <edge xml:id="ne-lnk360" from="ne-n139" to="penn-n3813"/>
  <edge xml:id="ne-lnk359" from="ne-n139" to="penn-n3812"/>
  <edge xml:id="ne-lnk358" from="ne-n139" to="penn-n3811"/>
  <edge xml:id="ne-lnk357" from="ne-n139" to="penn-n3810"/>
  <edge xml:id="ne-lnk356" from="ne-n139" to="penn-n3809"/>
  <edge xml:id="ne-lnk355" from="ne-n138" to="penn-n3807"/>
  <edge xml:id="ne-lnk354" from="ne-n137" to="penn-n3768"/>
  <edge xml:id="ne-lnk353" from="ne-n137" to="penn-n3767"/>
  <edge xml:id="ne-lnk352" from="ne-n137" to="penn-n3766"/>
  <edge xml:id="ne-lnk351" from="ne-n136" to="penn-n3757"/>
  <edge xml:id="ne-lnk350" from="ne-n135" to="penn-n3749"/>
  <edge xml:id="ne-lnk349" from="ne-n134" to="penn-n3745"/>
  <edge xml:id="ne-lnk348" from="ne-n133" to="penn-n3743"/>
  <edge xml:id="ne-lnk347" from="ne-n132" to="penn-n3741"/>
  <edge xml:id="ne-lnk346" from="ne-n131" to="penn-n3716"/>
  <edge xml:id="ne-lnk345" from="ne-n131" to="penn-n3715"/>
  <edge xml:id="ne-lnk344" from="ne-n131" to="penn-n3714"/>
  <edge xml:id="ne-lnk343" from="ne-n130" to="penn-n3675"/>
  <edge xml:id="ne-lnk342" from="ne-n129" to="penn-n3673"/>
  <edge xml:id="ne-lnk341" from="ne-n128" to="penn-n3666"/>
  <edge xml:id="ne-lnk340" from="ne-n127" to="penn-n3633"/>
  <edge xml:id="ne-lnk339" from="ne-n127" to="penn-n3632"/>
  <edge xml:id="ne-lnk338" from="ne-n127" to="penn-n3631"/>
  <edge xml:id="ne-lnk337" from="ne-n126" to="penn-n3602"/>
  <edge xml:id="ne-lnk336" from="ne-n125" to="penn-n3571"/>
  <edge xml:id="ne-lnk335" from="ne-n124" to="penn-n3559"/>
  <edge xml:id="ne-lnk334" from="ne-n123" to="penn-n3539"/>
  <edge xml:id="ne-lnk333" from="ne-n123" to="penn-n3538"/>
  <edge xml:id="ne-lnk332" from="ne-n123" to="penn-n3537"/>
  <edge xml:id="ne-lnk331" from="ne-n122" to="penn-n3480"/>
  <edge xml:id="ne-lnk299" from="ne-n111" to="penn-n3179"/>
  <edge xml:id="ne-lnk330" from="ne-n122" to="penn-n3479"/>
  <edge xml:id="ne-lnk298" from="ne-n111" to="penn-n3178"/>
  <edge xml:id="ne-lnk297" from="ne-n111" to="penn-n3177"/>
  <edge xml:id="ne-lnk296" from="ne-n111" to="penn-n3176"/>
  <edge xml:id="ne-lnk295" from="ne-n111" to="penn-n3175"/>
  <edge xml:id="ne-lnk294" from="ne-n110" to="penn-n3173"/>
  <edge xml:id="ne-lnk293" from="ne-n110" to="penn-n3172"/>
  <edge xml:id="ne-lnk292" from="ne-n109" to="penn-n3152"/>
  <edge xml:id="ne-lnk291" from="ne-n109" to="penn-n3151"/>
  <edge xml:id="ne-lnk290" from="ne-n108" to="penn-n3149"/>
  <edge xml:id="ne-lnk329" from="ne-n122" to="penn-n3478"/>
  <edge xml:id="ne-lnk328" from="ne-n121" to="penn-n3456"/>
  <edge xml:id="ne-lnk327" from="ne-n121" to="penn-n3455"/>
  <edge xml:id="ne-lnk326" from="ne-n120" to="penn-n3451"/>
  <edge xml:id="ne-lnk325" from="ne-n120" to="penn-n3450"/>
  <edge xml:id="ne-lnk324" from="ne-n120" to="penn-n3449"/>
  <edge xml:id="ne-lnk323" from="ne-n120" to="penn-n3448"/>
  <edge xml:id="ne-lnk322" from="ne-n120" to="penn-n3447"/>
  <edge xml:id="ne-lnk321" from="ne-n120" to="penn-n3446"/>
  <edge xml:id="ne-lnk289" from="ne-n108" to="penn-n3148"/>
  <edge xml:id="ne-lnk320" from="ne-n119" to="penn-n3444"/>
  <edge xml:id="ne-lnk288" from="ne-n108" to="penn-n3147"/>
  <edge xml:id="ne-lnk287" from="ne-n108" to="penn-n3146"/>
  <edge xml:id="ne-lnk286" from="ne-n108" to="penn-n3145"/>
  <edge xml:id="ne-lnk285" from="ne-n108" to="penn-n3144"/>
  <edge xml:id="ne-lnk284" from="ne-n107" to="penn-n3142"/>
  <edge xml:id="ne-lnk283" from="ne-n107" to="penn-n3141"/>
  <edge xml:id="ne-lnk282" from="ne-n106" to="penn-n3089"/>
  <edge xml:id="ne-lnk281" from="ne-n105" to="penn-n3069"/>
  <edge xml:id="ne-lnk280" from="ne-n105" to="penn-n3068"/>
  <edge xml:id="ne-lnk319" from="ne-n118" to="penn-n3382"/>
  <edge xml:id="ne-lnk318" from="ne-n118" to="penn-n3381"/>
  <edge xml:id="ne-lnk317" from="ne-n118" to="penn-n3380"/>
  <edge xml:id="ne-lnk316" from="ne-n118" to="penn-n3379"/>
  <edge xml:id="ne-lnk315" from="ne-n118" to="penn-n3378"/>
  <edge xml:id="ne-lnk314" from="ne-n118" to="penn-n3377"/>
  <edge xml:id="ne-lnk313" from="ne-n117" to="penn-n3375"/>
  <edge xml:id="ne-lnk312" from="ne-n117" to="penn-n3374"/>
  <edge xml:id="ne-lnk311" from="ne-n116" to="penn-n3326"/>
  <edge xml:id="ne-lnk279" from="ne-n105" to="penn-n3067"/>
  <edge xml:id="ne-lnk310" from="ne-n116" to="penn-n3325"/>
  <edge xml:id="ne-lnk278" from="ne-n104" to="penn-n3055"/>
  <edge xml:id="ne-lnk277" from="ne-n103" to="penn-n3053"/>
  <edge xml:id="ne-lnk276" from="ne-n103" to="penn-n3052"/>
  <edge xml:id="ne-lnk275" from="ne-n103" to="penn-n3051"/>
  <edge xml:id="ne-lnk274" from="ne-n103" to="penn-n3050"/>
  <edge xml:id="ne-lnk273" from="ne-n103" to="penn-n3049"/>
  <edge xml:id="ne-lnk272" from="ne-n103" to="penn-n3048"/>
  <edge xml:id="ne-lnk271" from="ne-n102" to="penn-n3046"/>
  <edge xml:id="ne-lnk270" from="ne-n102" to="penn-n3045"/>
  <edge xml:id="ne-lnk309" from="ne-n116" to="penn-n3324"/>
  <edge xml:id="ne-lnk308" from="ne-n116" to="penn-n3323"/>
  <edge xml:id="ne-lnk307" from="ne-n116" to="penn-n3322"/>
  <edge xml:id="ne-lnk306" from="ne-n116" to="penn-n3321"/>
  <edge xml:id="ne-lnk305" from="ne-n115" to="penn-n3319"/>
  <edge xml:id="ne-lnk304" from="ne-n115" to="penn-n3318"/>
  <edge xml:id="ne-lnk303" from="ne-n114" to="penn-n3284"/>
  <edge xml:id="ne-lnk302" from="ne-n113" to="penn-n3189"/>
  <edge xml:id="ne-lnk301" from="ne-n112" to="penn-n3181"/>
  <edge xml:id="ne-lnk269" from="ne-n101" to="penn-n3025"/>
  <edge xml:id="ne-lnk300" from="ne-n111" to="penn-n3180"/>
  <edge xml:id="ne-lnk268" from="ne-n101" to="penn-n3024"/>
  <edge xml:id="ne-lnk267" from="ne-n100" to="penn-n2970"/>
  <edge xml:id="ne-lnk266" from="ne-n100" to="penn-n2969"/>
  <edge xml:id="ne-lnk265" from="ne-n99" to="penn-n2817"/>
  <edge xml:id="ne-lnk264" from="ne-n99" to="penn-n2816"/>
  <edge xml:id="ne-lnk263" from="ne-n98" to="penn-n2814"/>
  <edge xml:id="ne-lnk262" from="ne-n98" to="penn-n2813"/>
  <edge xml:id="ne-lnk261" from="ne-n98" to="penn-n2812"/>
  <edge xml:id="ne-lnk260" from="ne-n98" to="penn-n2811"/>
  <edge xml:id="ne-lnk259" from="ne-n98" to="penn-n2810"/>
  <edge xml:id="ne-lnk258" from="ne-n98" to="penn-n2809"/>
  <edge xml:id="ne-lnk257" from="ne-n97" to="penn-n2807"/>
  <edge xml:id="ne-lnk256" from="ne-n96" to="penn-n2797"/>
  <edge xml:id="ne-lnk255" from="ne-n95" to="penn-n2794"/>
  <edge xml:id="ne-lnk254" from="ne-n94" to="penn-n2555"/>
  <edge xml:id="ne-lnk253" from="ne-n94" to="penn-n2554"/>
  <edge xml:id="ne-lnk252" from="ne-n94" to="penn-n2553"/>
  <edge xml:id="ne-lnk251" from="ne-n94" to="penn-n2552"/>
  <edge xml:id="ne-lnk250" from="ne-n94" to="penn-n2551"/>
  <edge xml:id="ne-lnk249" from="ne-n94" to="penn-n2550"/>
  <edge xml:id="ne-lnk248" from="ne-n93" to="penn-n2548"/>
  <edge xml:id="ne-lnk247" from="ne-n93" to="penn-n2547"/>
  <edge xml:id="ne-lnk246" from="ne-n92" to="penn-n2470"/>
  <edge xml:id="ne-lnk245" from="ne-n91" to="penn-n2392"/>
  <edge xml:id="ne-lnk244" from="ne-n91" to="penn-n2391"/>
  <edge xml:id="ne-lnk243" from="ne-n91" to="penn-n2390"/>
  <edge xml:id="ne-lnk242" from="ne-n91" to="penn-n2389"/>
  <edge xml:id="ne-lnk241" from="ne-n91" to="penn-n2388"/>
  <edge xml:id="ne-lnk240" from="ne-n91" to="penn-n2387"/>
  <edge xml:id="ne-lnk239" from="ne-n90" to="penn-n2385"/>
  <edge xml:id="ne-lnk238" from="ne-n90" to="penn-n2384"/>
  <edge xml:id="ne-lnk237" from="ne-n89" to="penn-n2349"/>
  <edge xml:id="ne-lnk236" from="ne-n89" to="penn-n2348"/>
  <edge xml:id="ne-lnk235" from="ne-n89" to="penn-n2347"/>
  <edge xml:id="ne-lnk234" from="ne-n88" to="penn-n2330"/>
  <edge xml:id="ne-lnk233" from="ne-n87" to="penn-n2328"/>
  <edge xml:id="ne-lnk232" from="ne-n86" to="penn-n2322"/>
  <edge xml:id="ne-lnk199" from="ne-n73" to="penn-n2104"/>
  <edge xml:id="ne-lnk231" from="ne-n86" to="penn-n2321"/>
  <edge xml:id="ne-lnk198" from="ne-n72" to="penn-n2008"/>
  <edge xml:id="ne-lnk230" from="ne-n86" to="penn-n2320"/>
  <edge xml:id="ne-lnk197" from="ne-n72" to="penn-n2007"/>
  <edge xml:id="ne-lnk196" from="ne-n71" to="penn-n1858"/>
  <edge xml:id="ne-lnk195" from="ne-n71" to="penn-n1857"/>
  <edge xml:id="ne-lnk194" from="ne-n71" to="penn-n1856"/>
  <edge xml:id="ne-lnk193" from="ne-n71" to="penn-n1855"/>
  <edge xml:id="ne-lnk192" from="ne-n71" to="penn-n1854"/>
  <edge xml:id="ne-lnk191" from="ne-n71" to="penn-n1853"/>
  <edge xml:id="ne-lnk190" from="ne-n70" to="penn-n1851"/>
  <edge xml:id="ne-lnk229" from="ne-n86" to="penn-n2319"/>
  <edge xml:id="ne-lnk228" from="ne-n86" to="penn-n2318"/>
  <edge xml:id="ne-lnk227" from="ne-n86" to="penn-n2317"/>
  <edge xml:id="ne-lnk226" from="ne-n85" to="penn-n2315"/>
  <edge xml:id="ne-lnk225" from="ne-n84" to="penn-n2298"/>
  <edge xml:id="ne-lnk224" from="ne-n84" to="penn-n2297"/>
  <edge xml:id="ne-lnk99" from="ne-n35" to="penn-n821"/>
  <edge xml:id="ne-lnk223" from="ne-n84" to="penn-n2296"/>
  <edge xml:id="ne-lnk98" from="ne-n35" to="penn-n820"/>
  <edge xml:id="ne-lnk222" from="ne-n84" to="penn-n2295"/>
  <edge xml:id="ne-lnk97" from="ne-n35" to="penn-n819"/>
  <edge xml:id="ne-lnk189" from="ne-n69" to="penn-n1844"/>
  <edge xml:id="ne-lnk221" from="ne-n84" to="penn-n2294"/>
  <edge xml:id="ne-lnk96" from="ne-n35" to="penn-n818"/>
  <edge xml:id="ne-lnk188" from="ne-n69" to="penn-n1843"/>
  <edge xml:id="ne-lnk220" from="ne-n84" to="penn-n2293"/>
  <edge xml:id="ne-lnk95" from="ne-n35" to="penn-n817"/>
  <edge xml:id="ne-lnk187" from="ne-n68" to="penn-n1825"/>
  <edge xml:id="ne-lnk94" from="ne-n35" to="penn-n816"/>
  <edge xml:id="ne-lnk186" from="ne-n68" to="penn-n1824"/>
  <edge xml:id="ne-lnk93" from="ne-n34" to="penn-n814"/>
  <edge xml:id="ne-lnk185" from="ne-n68" to="penn-n1823"/>
  <edge xml:id="ne-lnk92" from="ne-n33" to="penn-n803"/>
  <edge xml:id="ne-lnk184" from="ne-n68" to="penn-n1822"/>
  <edge xml:id="ne-lnk91" from="ne-n32" to="penn-n789"/>
  <edge xml:id="ne-lnk183" from="ne-n67" to="penn-n1813"/>
  <edge xml:id="ne-lnk90" from="ne-n31" to="penn-n787"/>
  <edge xml:id="ne-lnk182" from="ne-n66" to="penn-n1811"/>
  <edge xml:id="ne-lnk181" from="ne-n65" to="penn-n1794"/>
  <edge xml:id="ne-lnk180" from="ne-n64" to="penn-n1777"/>
  <edge xml:id="ne-lnk219" from="ne-n83" to="penn-n2291"/>
  <edge xml:id="ne-lnk218" from="ne-n82" to="penn-n2274"/>
  <edge xml:id="ne-lnk217" from="ne-n82" to="penn-n2273"/>
  <edge xml:id="ne-lnk216" from="ne-n82" to="penn-n2272"/>
  <edge xml:id="ne-lnk215" from="ne-n82" to="penn-n2271"/>
  <edge xml:id="ne-lnk214" from="ne-n82" to="penn-n2270"/>
  <edge xml:id="ne-lnk89" from="ne-n31" to="penn-n786"/>
  <edge xml:id="ne-lnk213" from="ne-n82" to="penn-n2269"/>
  <edge xml:id="ne-lnk88" from="ne-n31" to="penn-n785"/>
  <edge xml:id="ne-lnk212" from="ne-n81" to="penn-n2267"/>
  <edge xml:id="ne-lnk87" from="ne-n31" to="penn-n784"/>
  <edge xml:id="ne-lnk179" from="ne-n63" to="penn-n1689"/>
  <edge xml:id="ne-lnk211" from="ne-n80" to="penn-n2260"/>
  <edge xml:id="ne-lnk86" from="ne-n31" to="penn-n783"/>
  <edge xml:id="ne-lnk178" from="ne-n63" to="penn-n1688"/>
  <edge xml:id="ne-lnk210" from="ne-n80" to="penn-n2259"/>
  <edge xml:id="ne-lnk85" from="ne-n31" to="penn-n782"/>
  <edge xml:id="ne-lnk177" from="ne-n62" to="penn-n1592"/>
  <edge xml:id="ne-lnk84" from="ne-n30" to="penn-n780"/>
  <edge xml:id="ne-lnk176" from="ne-n62" to="penn-n1591"/>
  <edge xml:id="ne-lnk83" from="ne-n29" to="penn-n677"/>
  <edge xml:id="ne-lnk175" from="ne-n61" to="penn-n1442"/>
  <edge xml:id="ne-lnk82" from="ne-n29" to="penn-n676"/>
  <edge xml:id="ne-lnk174" from="ne-n61" to="penn-n1441"/>
  <edge xml:id="ne-lnk81" from="ne-n29" to="penn-n675"/>
  <edge xml:id="ne-lnk173" from="ne-n61" to="penn-n1440"/>
  <edge xml:id="ne-lnk80" from="ne-n29" to="penn-n674"/>
  <edge xml:id="ne-lnk172" from="ne-n61" to="penn-n1439"/>
  <edge xml:id="ne-lnk171" from="ne-n61" to="penn-n1438"/>
  <edge xml:id="ne-lnk170" from="ne-n61" to="penn-n1437"/>
  <edge xml:id="ne-lnk209" from="ne-n79" to="penn-n2241"/>
  <edge xml:id="ne-lnk208" from="ne-n79" to="penn-n2240"/>
  <edge xml:id="ne-lnk207" from="ne-n79" to="penn-n2239"/>
  <edge xml:id="ne-lnk206" from="ne-n79" to="penn-n2238"/>
  <edge xml:id="ne-lnk205" from="ne-n78" to="penn-n2229"/>
  <edge xml:id="ne-lnk204" from="ne-n77" to="penn-n2227"/>
  <edge xml:id="ne-lnk79" from="ne-n29" to="penn-n673"/>
  <edge xml:id="ne-lnk203" from="ne-n76" to="penn-n2210"/>
  <edge xml:id="ne-lnk78" from="ne-n29" to="penn-n672"/>
  <edge xml:id="ne-lnk202" from="ne-n75" to="penn-n2193"/>
  <edge xml:id="ne-lnk77" from="ne-n28" to="penn-n647"/>
  <edge xml:id="ne-lnk169" from="ne-n60" to="penn-n1435"/>
  <edge xml:id="ne-lnk201" from="ne-n74" to="penn-n2168"/>
  <edge xml:id="ne-lnk76" from="ne-n28" to="penn-n646"/>
  <edge xml:id="ne-lnk168" from="ne-n59" to="penn-n1356"/>
  <edge xml:id="ne-lnk200" from="ne-n73" to="penn-n2105"/>
  <edge xml:id="ne-lnk75" from="ne-n28" to="penn-n645"/>
  <edge xml:id="ne-lnk167" from="ne-n59" to="penn-n1355"/>
  <edge xml:id="ne-lnk74" from="ne-n27" to="penn-n601"/>
  <edge xml:id="ne-lnk166" from="ne-n59" to="penn-n1354"/>
  <edge xml:id="ne-lnk73" from="ne-n27" to="penn-n600"/>
  <edge xml:id="ne-lnk165" from="ne-n59" to="penn-n1353"/>
  <edge xml:id="ne-lnk72" from="ne-n27" to="penn-n599"/>
  <edge xml:id="ne-lnk164" from="ne-n59" to="penn-n1352"/>
  <edge xml:id="ne-lnk71" from="ne-n26" to="penn-n539"/>
  <edge xml:id="ne-lnk163" from="ne-n59" to="penn-n1351"/>
  <edge xml:id="ne-lnk70" from="ne-n26" to="penn-n538"/>
  <edge xml:id="ne-lnk162" from="ne-n58" to="penn-n1349"/>
  <edge xml:id="ne-lnk161" from="ne-n58" to="penn-n1348"/>
  <edge xml:id="ne-lnk160" from="ne-n58" to="penn-n1347"/>
  <edge xml:id="ne-lnk69" from="ne-n26" to="penn-n537"/>
  <edge xml:id="ne-lnk68" from="ne-n26" to="penn-n536"/>
  <edge xml:id="ne-lnk67" from="ne-n26" to="penn-n535"/>
  <edge xml:id="ne-lnk159" from="ne-n57" to="penn-n1326"/>
  <edge xml:id="ne-lnk66" from="ne-n26" to="penn-n534"/>
  <edge xml:id="ne-lnk158" from="ne-n57" to="penn-n1325"/>
  <edge xml:id="ne-lnk65" from="ne-n25" to="penn-n508"/>
  <edge xml:id="ne-lnk157" from="ne-n57" to="penn-n1324"/>
  <edge xml:id="ne-lnk64" from="ne-n25" to="penn-n507"/>
  <edge xml:id="ne-lnk156" from="ne-n56" to="penn-n1291"/>
  <edge xml:id="ne-lnk63" from="ne-n25" to="penn-n506"/>
  <edge xml:id="ne-lnk155" from="ne-n55" to="penn-n1247"/>
  <edge xml:id="ne-lnk62" from="ne-n24" to="penn-n456"/>
  <edge xml:id="ne-lnk154" from="ne-n55" to="penn-n1246"/>
  <edge xml:id="ne-lnk61" from="ne-n23" to="penn-n416"/>
  <edge xml:id="ne-lnk153" from="ne-n54" to="penn-n1209"/>
  <edge xml:id="ne-lnk60" from="ne-n23" to="penn-n415"/>
  <edge xml:id="ne-lnk152" from="ne-n54" to="penn-n1208"/>
  <edge xml:id="ne-lnk151" from="ne-n53" to="penn-n1201"/>
  <edge xml:id="ne-lnk150" from="ne-n53" to="penn-n1200"/>
  <edge xml:id="ne-lnk59" from="ne-n23" to="penn-n414"/>
  <edge xml:id="ne-lnk58" from="ne-n22" to="penn-n396"/>
  <edge xml:id="ne-lnk57" from="ne-n21" to="penn-n386"/>
  <edge xml:id="ne-lnk149" from="ne-n53" to="penn-n1199"/>
  <edge xml:id="ne-lnk56" from="ne-n21" to="penn-n385"/>
  <edge xml:id="ne-lnk148" from="ne-n52" to="penn-n1187"/>
  <edge xml:id="ne-lnk55" from="ne-n21" to="penn-n384"/>
  <edge xml:id="ne-lnk147" from="ne-n52" to="penn-n1186"/>
  <edge xml:id="ne-lnk54" from="ne-n21" to="penn-n383"/>
  <edge xml:id="ne-lnk146" from="ne-n51" to="penn-n1183"/>
  <edge xml:id="ne-lnk53" from="ne-n21" to="penn-n382"/>
  <edge xml:id="ne-lnk145" from="ne-n51" to="penn-n1182"/>
  <edge xml:id="ne-lnk52" from="ne-n21" to="penn-n381"/>
  <edge xml:id="ne-lnk144" from="ne-n50" to="penn-n1167"/>
  <edge xml:id="ne-lnk51" from="ne-n20" to="penn-n379"/>
  <edge xml:id="ne-lnk143" from="ne-n50" to="penn-n1166"/>
  <edge xml:id="ne-lnk50" from="ne-n19" to="penn-n373"/>
  <edge xml:id="ne-lnk142" from="ne-n50" to="penn-n1165"/>
  <edge xml:id="ne-lnk141" from="ne-n50" to="penn-n1164"/>
  <edge xml:id="ne-lnk140" from="ne-n50" to="penn-n1163"/>
  <edge xml:id="ne-lnk49" from="ne-n19" to="penn-n372"/>
  <edge xml:id="ne-lnk499" from="ne-n204" to="penn-n6044"/>
  <edge xml:id="ne-lnk48" from="ne-n19" to="penn-n371"/>
  <edge xml:id="ne-lnk498" from="ne-n204" to="penn-n6043"/>
  <edge xml:id="ne-lnk47" from="ne-n19" to="penn-n370"/>
  <edge xml:id="ne-lnk139" from="ne-n50" to="penn-n1162"/>
  <edge xml:id="ne-lnk497" from="ne-n204" to="penn-n6042"/>
  <edge xml:id="ne-lnk138" from="ne-n49" to="penn-n1160"/>
  <edge xml:id="ne-lnk46" from="ne-n19" to="penn-n369"/>
  <edge xml:id="ne-lnk496" from="ne-n203" to="penn-n6040"/>
  <edge xml:id="ne-lnk137" from="ne-n49" to="penn-n1159"/>
  <edge xml:id="ne-lnk45" from="ne-n19" to="penn-n368"/>
  <edge xml:id="ne-lnk495" from="ne-n202" to="penn-n6035"/>
  <edge xml:id="ne-lnk136" from="ne-n48" to="penn-n1147"/>
  <edge xml:id="ne-lnk44" from="ne-n18" to="penn-n366"/>
  <edge xml:id="ne-lnk494" from="ne-n201" to="penn-n5975"/>
  <edge xml:id="ne-lnk135" from="ne-n48" to="penn-n1146"/>
  <edge xml:id="ne-lnk43" from="ne-n17" to="penn-n312"/>
  <edge xml:id="ne-lnk493" from="ne-n200" to="penn-n5799"/>
  <edge xml:id="ne-lnk134" from="ne-n48" to="penn-n1145"/>
  <edge xml:id="ne-lnk42" from="ne-n16" to="penn-n306"/>
  <edge xml:id="ne-lnk492" from="ne-n200" to="penn-n5798"/>
  <edge xml:id="ne-lnk133" from="ne-n47" to="penn-n1122"/>
  <edge xml:id="ne-lnk41" from="ne-n16" to="penn-n305"/>
  <edge xml:id="ne-lnk491" from="ne-n199" to="penn-n5796"/>
  <edge xml:id="ne-lnk132" from="ne-n47" to="penn-n1121"/>
  <edge xml:id="ne-lnk40" from="ne-n16" to="penn-n304"/>
  <edge xml:id="ne-lnk490" from="ne-n199" to="penn-n5795"/>
  <edge xml:id="ne-lnk131" from="ne-n47" to="penn-n1120"/>
  <edge xml:id="ne-lnk130" from="ne-n47" to="penn-n1119"/>
  <edge xml:id="ne-lnk524" from="ne-n212" to="penn-n6252"/>
  <edge xml:id="ne-lnk523" from="ne-n212" to="penn-n6251"/>
  <edge xml:id="ne-lnk522" from="ne-n212" to="penn-n6250"/>
  <edge xml:id="ne-lnk39" from="ne-n15" to="penn-n261"/>
  <edge xml:id="ne-lnk521" from="ne-n212" to="penn-n6249"/>
  <edge xml:id="ne-lnk489" from="ne-n199" to="penn-n5794"/>
  <edge xml:id="ne-lnk38" from="ne-n15" to="penn-n260"/>
  <edge xml:id="ne-lnk520" from="ne-n212" to="penn-n6248"/>
  <edge xml:id="ne-lnk488" from="ne-n198" to="penn-n5778"/>
  <edge xml:id="ne-lnk37" from="ne-n15" to="penn-n259"/>
  <edge xml:id="ne-lnk129" from="ne-n47" to="penn-n1118"/>
  <edge xml:id="ne-lnk487" from="ne-n197" to="penn-n5767"/>
  <edge xml:id="ne-lnk36" from="ne-n14" to="penn-n181"/>
  <edge xml:id="ne-lnk128" from="ne-n47" to="penn-n1117"/>
  <edge xml:id="ne-lnk486" from="ne-n197" to="penn-n5766"/>
  <edge xml:id="ne-lnk35" from="ne-n13" to="penn-n159"/>
  <edge xml:id="ne-lnk127" from="ne-n46" to="penn-n1115"/>
  <edge xml:id="ne-lnk485" from="ne-n197" to="penn-n5765"/>
  <edge xml:id="ne-lnk34" from="ne-n13" to="penn-n158"/>
  <edge xml:id="ne-lnk126" from="ne-n45" to="penn-n1107"/>
  <edge xml:id="ne-lnk484" from="ne-n196" to="penn-n5761"/>
  <edge xml:id="ne-lnk33" from="ne-n13" to="penn-n157"/>
  <edge xml:id="ne-lnk125" from="ne-n45" to="penn-n1106"/>
  <edge xml:id="ne-lnk483" from="ne-n196" to="penn-n5760"/>
  <edge xml:id="ne-lnk32" from="ne-n13" to="penn-n156"/>
  <edge xml:id="ne-lnk124" from="ne-n44" to="penn-n1098"/>
  <edge xml:id="ne-lnk482" from="ne-n195" to="penn-n5756"/>
  <edge xml:id="ne-lnk31" from="ne-n12" to="penn-n148"/>
  <edge xml:id="ne-lnk123" from="ne-n44" to="penn-n1097"/>
  <edge xml:id="ne-lnk481" from="ne-n195" to="penn-n5755"/>
  <edge xml:id="ne-lnk30" from="ne-n11" to="penn-n139"/>
  <edge xml:id="ne-lnk122" from="ne-n44" to="penn-n1096"/>
  <edge xml:id="ne-lnk480" from="ne-n194" to="penn-n5749"/>
  <edge xml:id="ne-lnk121" from="ne-n44" to="penn-n1095"/>
  <edge xml:id="ne-lnk120" from="ne-n44" to="penn-n1094"/>
  <edge xml:id="ne-lnk519" from="ne-n212" to="penn-n6247"/>
  <edge xml:id="ne-lnk518" from="ne-n211" to="penn-n6227"/>
  <edge xml:id="ne-lnk517" from="ne-n211" to="penn-n6226"/>
  <edge xml:id="ne-lnk516" from="ne-n210" to="penn-n6188"/>
  <edge xml:id="ne-lnk515" from="ne-n210" to="penn-n6187"/>
  <edge xml:id="ne-lnk514" from="ne-n209" to="penn-n6180"/>
  <edge xml:id="ne-lnk513" from="ne-n209" to="penn-n6179"/>
  <edge xml:id="ne-lnk512" from="ne-n208" to="penn-n6158"/>
  <edge xml:id="ne-lnk29" from="ne-n11" to="penn-n138"/>
  <edge xml:id="ne-lnk511" from="ne-n207" to="penn-n6157"/>
  <edge xml:id="ne-lnk479" from="ne-n194" to="penn-n5748"/>
  <edge xml:id="ne-lnk28" from="ne-n11" to="penn-n137"/>
  <edge xml:id="ne-lnk510" from="ne-n207" to="penn-n6156"/>
  <edge xml:id="ne-lnk478" from="ne-n193" to="penn-n5726"/>
  <edge xml:id="ne-lnk27" from="ne-n11" to="penn-n136"/>
  <edge xml:id="ne-lnk119" from="ne-n44" to="penn-n1093"/>
  <edge xml:id="ne-lnk477" from="ne-n192" to="penn-n5719"/>
  <edge xml:id="ne-lnk26" from="ne-n11" to="penn-n135"/>
  <edge xml:id="ne-lnk118" from="ne-n43" to="penn-n1091"/>
  <edge xml:id="ne-lnk476" from="ne-n191" to="penn-n5655"/>
  <edge xml:id="ne-lnk25" from="ne-n11" to="penn-n134"/>
  <edge xml:id="ne-lnk117" from="ne-n42" to="penn-n1070"/>
  <edge xml:id="ne-lnk475" from="ne-n191" to="penn-n5654"/>
  <edge xml:id="ne-lnk24" from="ne-n10" to="penn-n132"/>
  <edge xml:id="ne-lnk116" from="ne-n42" to="penn-n1069"/>
  <edge xml:id="ne-lnk474" from="ne-n190" to="penn-n5623"/>
  <edge xml:id="ne-lnk23" from="ne-n10" to="penn-n131"/>
  <edge xml:id="ne-lnk115" from="ne-n41" to="penn-n1001"/>
  <edge xml:id="ne-lnk473" from="ne-n189" to="penn-n5592"/>
  <edge xml:id="ne-lnk22" from="ne-n9" to="penn-n124"/>
  <edge xml:id="ne-lnk114" from="ne-n41" to="penn-n1000"/>
  <edge xml:id="ne-lnk472" from="ne-n189" to="penn-n5591"/>
  <edge xml:id="ne-lnk21" from="ne-n9" to="penn-n123"/>
  <edge xml:id="ne-lnk113" from="ne-n41" to="penn-n999"/>
  <edge xml:id="ne-lnk471" from="ne-n189" to="penn-n5590"/>
  <edge xml:id="ne-lnk20" from="ne-n8" to="penn-n118"/>
  <edge xml:id="ne-lnk112" from="ne-n41" to="penn-n998"/>
  <edge xml:id="ne-lnk470" from="ne-n189" to="penn-n5589"/>
  <edge xml:id="ne-lnk111" from="ne-n41" to="penn-n997"/>
  <edge xml:id="ne-lnk110" from="ne-n41" to="penn-n996"/>
  <edge xml:id="ne-lnk509" from="ne-n207" to="penn-n6155"/>
  <edge xml:id="ne-lnk508" from="ne-n207" to="penn-n6154"/>
  <edge xml:id="ne-lnk507" from="ne-n207" to="penn-n6153"/>
  <edge xml:id="ne-lnk506" from="ne-n207" to="penn-n6152"/>
  <edge xml:id="ne-lnk505" from="ne-n206" to="penn-n6150"/>
  <edge xml:id="ne-lnk504" from="ne-n206" to="penn-n6149"/>
  <edge xml:id="ne-lnk503" from="ne-n205" to="penn-n6048"/>
  <edge xml:id="ne-lnk502" from="ne-n204" to="penn-n6047"/>
  <edge xml:id="ne-lnk19" from="ne-n8" to="penn-n117"/>
  <edge xml:id="ne-lnk501" from="ne-n204" to="penn-n6046"/>
  <edge xml:id="ne-lnk469" from="ne-n188" to="penn-n5509"/>
  <edge xml:id="ne-lnk18" from="ne-n8" to="penn-n116"/>
  <edge xml:id="ne-lnk500" from="ne-n204" to="penn-n6045"/>
  <edge xml:id="ne-lnk468" from="ne-n188" to="penn-n5508"/>
  <edge xml:id="ne-lnk17" from="ne-n8" to="penn-n115"/>
  <edge xml:id="ne-lnk109" from="ne-n40" to="penn-n994"/>
  <edge xml:id="ne-lnk467" from="ne-n188" to="penn-n5507"/>
  <edge xml:id="ne-lnk16" from="ne-n7" to="penn-n85"/>
  <edge xml:id="ne-lnk108" from="ne-n39" to="penn-n892"/>
  <edge xml:id="ne-lnk466" from="ne-n188" to="penn-n5506"/>
  <edge xml:id="ne-lnk15" from="ne-n7" to="penn-n84"/>
  <edge xml:id="ne-lnk107" from="ne-n38" to="penn-n889"/>
  <edge xml:id="ne-lnk465" from="ne-n187" to="penn-n5455"/>
  <edge xml:id="ne-lnk14" from="ne-n6" to="penn-n65"/>
  <edge xml:id="ne-lnk106" from="ne-n38" to="penn-n888"/>
  <edge xml:id="ne-lnk464" from="ne-n186" to="penn-n5418"/>
  <edge xml:id="ne-lnk13" from="ne-n6" to="penn-n64"/>
  <edge xml:id="ne-lnk105" from="ne-n38" to="penn-n887"/>
  <edge xml:id="ne-lnk463" from="ne-n186" to="penn-n5417"/>
  <edge xml:id="ne-lnk12" from="ne-n6" to="penn-n63"/>
  <edge xml:id="ne-lnk104" from="ne-n38" to="penn-n886"/>
  <edge xml:id="ne-lnk462" from="ne-n185" to="penn-n5391"/>
  <edge xml:id="ne-lnk11" from="ne-n5" to="penn-n48"/>
  <edge xml:id="ne-lnk103" from="ne-n38" to="penn-n885"/>
  <edge xml:id="ne-lnk461" from="ne-n185" to="penn-n5390"/>
  <edge xml:id="ne-lnk10" from="ne-n5" to="penn-n47"/>
  <edge xml:id="ne-lnk102" from="ne-n38" to="penn-n884"/>
  <edge xml:id="ne-lnk460" from="ne-n184" to="penn-n5337"/>
  <edge xml:id="ne-lnk101" from="ne-n37" to="penn-n882"/>
  <edge xml:id="ne-lnk100" from="ne-n36" to="penn-n832"/>
  <edge xml:id="ne-lnk9" from="ne-n5" to="penn-n46"/>
  <edge xml:id="ne-lnk8" from="ne-n5" to="penn-n45"/>
  <edge xml:id="ne-lnk7" from="ne-n4" to="penn-n43"/>
  <edge xml:id="ne-lnk6" from="ne-n4" to="penn-n42"/>
  <edge xml:id="ne-lnk5" from="ne-n3" to="penn-n18"/>
  <edge xml:id="ne-lnk4" from="ne-n3" to="penn-n17"/>
  <edge xml:id="ne-lnk3" from="ne-n2" to="penn-n16"/>
  <edge xml:id="ne-lnk2" from="ne-n1" to="penn-n14"/>
  <edge xml:id="ne-lnk1" from="ne-n0" to="penn-n1"/>
  <edge xml:id="ne-lnk0" from="ne-n0" to="penn-n0"/>
  <edge xml:id="ne-lnk459" from="ne-n184" to="penn-n5336"/>
  <edge xml:id="ne-lnk458" from="ne-n183" to="penn-n5259"/>
  <edge xml:id="ne-lnk457" from="ne-n183" to="penn-n5258"/>
  <edge xml:id="ne-lnk456" from="ne-n182" to="penn-n5177"/>
  <edge xml:id="ne-lnk455" from="ne-n182" to="penn-n5176"/>
  <edge xml:id="ne-lnk454" from="ne-n181" to="penn-n5149"/>
  <edge xml:id="ne-lnk453" from="ne-n181" to="penn-n5148"/>
  <edge xml:id="ne-lnk452" from="ne-n180" to="penn-n5124"/>
  <edge xml:id="ne-lnk451" from="ne-n179" to="penn-n5113"/>
  <edge xml:id="ne-lnk450" from="ne-n179" to="penn-n5112"/>
  <edge xml:id="ne-lnk449" from="ne-n179" to="penn-n5111"/>
  <edge xml:id="ne-lnk448" from="ne-n178" to="penn-n5101"/>
  <edge xml:id="ne-lnk447" from="ne-n177" to="penn-n5092"/>
  <edge xml:id="ne-lnk446" from="ne-n177" to="penn-n5091"/>
  <edge xml:id="ne-lnk445" from="ne-n177" to="penn-n5090"/>
  <edge xml:id="ne-lnk444" from="ne-n176" to="penn-n5021"/>
  <edge xml:id="ne-lnk443" from="ne-n176" to="penn-n5020"/>
  <edge xml:id="ne-lnk442" from="ne-n176" to="penn-n5019"/>
  <edge xml:id="ne-lnk441" from="ne-n176" to="penn-n5018"/>
  <edge xml:id="ne-lnk440" from="ne-n175" to="penn-n5017"/>
  <edge xml:id="ne-lnk439" from="ne-n175" to="penn-n5016"/>
  <edge xml:id="ne-lnk438" from="ne-n175" to="penn-n5015"/>
  <edge xml:id="ne-lnk437" from="ne-n175" to="penn-n5014"/>
  <edge xml:id="ne-lnk436" from="ne-n175" to="penn-n5013"/>
  <edge xml:id="ne-lnk435" from="ne-n175" to="penn-n5012"/>
  <edge xml:id="ne-lnk434" from="ne-n174" to="penn-n5010"/>
  <edge xml:id="ne-lnk433" from="ne-n173" to="penn-n4976"/>
  <edge xml:id="ne-lnk432" from="ne-n172" to="penn-n4901"/>
  <edge xml:id="ne-lnk431" from="ne-n171" to="penn-n4874"/>
  <edge xml:id="ne-lnk399" from="ne-n156" to="penn-n4207"/>
  <edge xml:id="ne-lnk430" from="ne-n170" to="penn-n4847"/>
  <edge xml:id="ne-lnk398" from="ne-n156" to="penn-n4206"/>
  <edge xml:id="ne-lnk397" from="ne-n156" to="penn-n4205"/>
  <edge xml:id="ne-lnk396" from="ne-n155" to="penn-n4203"/>
  <edge xml:id="ne-lnk395" from="ne-n155" to="penn-n4202"/>
  <edge xml:id="ne-lnk394" from="ne-n154" to="penn-n4177"/>
  <edge xml:id="ne-lnk393" from="ne-n153" to="penn-n4173"/>
  <edge xml:id="ne-lnk392" from="ne-n152" to="penn-n4151"/>
  <edge xml:id="ne-lnk391" from="ne-n151" to="penn-n4149"/>
  <edge xml:id="ne-lnk390" from="ne-n151" to="penn-n4148"/>
  <edge xml:id="ne-lnk429" from="ne-n169" to="penn-n4842"/>
  <edge xml:id="ne-lnk428" from="ne-n168" to="penn-n4774"/>
  <edge xml:id="ne-lnk427" from="ne-n168" to="penn-n4773"/>
  <edge xml:id="ne-lnk426" from="ne-n168" to="penn-n4772"/>
  <edge xml:id="ne-lnk425" from="ne-n167" to="penn-n4742"/>
  <edge xml:id="ne-lnk424" from="ne-n167" to="penn-n4741"/>
  <edge xml:id="ne-lnk423" from="ne-n167" to="penn-n4740"/>
  <edge xml:id="ne-lnk422" from="ne-n166" to="penn-n4669"/>
  <edge xml:id="ne-lnk421" from="ne-n166" to="penn-n4668"/>
  <edge xml:id="ne-lnk389" from="ne-n151" to="penn-n4147"/>
  <edge xml:id="ne-lnk420" from="ne-n166" to="penn-n4667"/>
  <edge xml:id="ne-lnk388" from="ne-n151" to="penn-n4146"/>
  <edge xml:id="ne-lnk387" from="ne-n151" to="penn-n4145"/>
  <edge xml:id="ne-lnk386" from="ne-n151" to="penn-n4144"/>
  <edge xml:id="ne-lnk385" from="ne-n150" to="penn-n4142"/>
  <edge xml:id="ne-lnk384" from="ne-n150" to="penn-n4141"/>
  <edge xml:id="ne-lnk383" from="ne-n149" to="penn-n4129"/>
  <edge xml:id="ne-lnk382" from="ne-n148" to="penn-n4112"/>
  <edge xml:id="ne-lnk381" from="ne-n147" to="penn-n4023"/>
  <edge xml:id="ne-lnk380" from="ne-n147" to="penn-n4022"/>
  <edge xml:id="ne-lnk419" from="ne-n165" to="penn-n4494"/>
  <edge xml:id="ne-lnk418" from="ne-n165" to="penn-n4493"/>
  <edge xml:id="ne-lnk417" from="ne-n165" to="penn-n4492"/>
  <edge xml:id="ne-lnk416" from="ne-n164" to="penn-n4481"/>
  <edge xml:id="ne-lnk415" from="ne-n163" to="penn-n4474"/>
  <edge xml:id="ne-lnk414" from="ne-n163" to="penn-n4473"/>
  <edge xml:id="ne-lnk413" from="ne-n163" to="penn-n4472"/>
</graph>
