<?xml version="1.0" encoding="UTF-8"?><graph xmlns="http://www.xces.org/ns/GrAF/1.0/" xmlns:graf="http://www.xces.org/ns/GrAF/1.0/">
    <graphHeader>
        <labelsDecl>
            <labelUsage label="s" occurs="126"/>
        </labelsDecl>
        <annotationSpaces>
            <annotationSpace as.id="anc"/>
        </annotationSpaces>
    </graphHeader>
    <region xml:id="s-r0" anchors="5 38"/>
    <node xml:id="s-n0">
        <link targets="s-r0"/>
    </node>
    <a xml:id="s-N65569" label="s" ref="s-n0" as="anc"/>
    <region xml:id="s-r1" anchors="42 93"/>
    <node xml:id="s-n1">
        <link targets="s-r1"/>
    </node>
    <a xml:id="s-N65585" label="s" ref="s-n1" as="anc"/>
    <region xml:id="s-r2" anchors="97 347"/>
    <node xml:id="s-n2">
        <link targets="s-r2"/>
    </node>
    <a xml:id="s-N65601" label="s" ref="s-n2" as="anc"/>
    <region xml:id="s-r3" anchors="348 547"/>
    <node xml:id="s-n3">
        <link targets="s-r3"/>
    </node>
    <a xml:id="s-N65617" label="s" ref="s-n3" as="anc"/>
    <region xml:id="s-r4" anchors="548 595"/>
    <node xml:id="s-n4">
        <link targets="s-r4"/>
    </node>
    <a xml:id="s-N65633" label="s" ref="s-n4" as="anc"/>
    <region xml:id="s-r5" anchors="596 731"/>
    <node xml:id="s-n5">
        <link targets="s-r5"/>
    </node>
    <a xml:id="s-N65649" label="s" ref="s-n5" as="anc"/>
    <region xml:id="s-r6" anchors="732 1063"/>
    <node xml:id="s-n6">
        <link targets="s-r6"/>
    </node>
    <a xml:id="s-N65665" label="s" ref="s-n6" as="anc"/>
    <region xml:id="s-r7" anchors="1064 1099"/>
    <node xml:id="s-n7">
        <link targets="s-r7"/>
    </node>
    <a xml:id="s-N65681" label="s" ref="s-n7" as="anc"/>
    <region xml:id="s-r8" anchors="1101 1310"/>
    <node xml:id="s-n8">
        <link targets="s-r8"/>
    </node>
    <a xml:id="s-N65697" label="s" ref="s-n8" as="anc"/>
    <region xml:id="s-r9" anchors="1311 1383"/>
    <node xml:id="s-n9">
        <link targets="s-r9"/>
    </node>
    <a xml:id="s-N65713" label="s" ref="s-n9" as="anc"/>
    <region xml:id="s-r10" anchors="1384 1752"/>
    <node xml:id="s-n10">
        <link targets="s-r10"/>
    </node>
    <a xml:id="s-N65729" label="s" ref="s-n10" as="anc"/>
    <region xml:id="s-r11" anchors="1754 1768"/>
    <node xml:id="s-n11">
        <link targets="s-r11"/>
    </node>
    <a xml:id="s-N65745" label="s" ref="s-n11" as="anc"/>
    <region xml:id="s-r12" anchors="1769 2026"/>
    <node xml:id="s-n12">
        <link targets="s-r12"/>
    </node>
    <a xml:id="s-N65761" label="s" ref="s-n12" as="anc"/>
    <region xml:id="s-r13" anchors="2027 2412"/>
    <node xml:id="s-n13">
        <link targets="s-r13"/>
    </node>
    <a xml:id="s-N65777" label="s" ref="s-n13" as="anc"/>
    <region xml:id="s-r14" anchors="2413 2562"/>
    <node xml:id="s-n14">
        <link targets="s-r14"/>
    </node>
    <a xml:id="s-N65793" label="s" ref="s-n14" as="anc"/>
    <region xml:id="s-r15" anchors="2563 2658"/>
    <node xml:id="s-n15">
        <link targets="s-r15"/>
    </node>
    <a xml:id="s-N65809" label="s" ref="s-n15" as="anc"/>
    <region xml:id="s-r16" anchors="2659 2897"/>
    <node xml:id="s-n16">
        <link targets="s-r16"/>
    </node>
    <a xml:id="s-N65825" label="s" ref="s-n16" as="anc"/>
    <region xml:id="s-r17" anchors="2898 2968"/>
    <node xml:id="s-n17">
        <link targets="s-r17"/>
    </node>
    <a xml:id="s-N65841" label="s" ref="s-n17" as="anc"/>
    <region xml:id="s-r18" anchors="2969 3108"/>
    <node xml:id="s-n18">
        <link targets="s-r18"/>
    </node>
    <a xml:id="s-N65857" label="s" ref="s-n18" as="anc"/>
    <region xml:id="s-r19" anchors="3109 3235"/>
    <node xml:id="s-n19">
        <link targets="s-r19"/>
    </node>
    <a xml:id="s-N65873" label="s" ref="s-n19" as="anc"/>
    <region xml:id="s-r20" anchors="3236 3307"/>
    <node xml:id="s-n20">
        <link targets="s-r20"/>
    </node>
    <a xml:id="s-N65889" label="s" ref="s-n20" as="anc"/>
    <region xml:id="s-r21" anchors="3308 3492"/>
    <node xml:id="s-n21">
        <link targets="s-r21"/>
    </node>
    <a xml:id="s-N65905" label="s" ref="s-n21" as="anc"/>
    <region xml:id="s-r22" anchors="3493 3762"/>
    <node xml:id="s-n22">
        <link targets="s-r22"/>
    </node>
    <a xml:id="s-N65921" label="s" ref="s-n22" as="anc"/>
    <region xml:id="s-r23" anchors="3763 3960"/>
    <node xml:id="s-n23">
        <link targets="s-r23"/>
    </node>
    <a xml:id="s-N65937" label="s" ref="s-n23" as="anc"/>
    <region xml:id="s-r24" anchors="3961 4213"/>
    <node xml:id="s-n24">
        <link targets="s-r24"/>
    </node>
    <a xml:id="s-N65953" label="s" ref="s-n24" as="anc"/>
    <region xml:id="s-r25" anchors="4213 4252"/>
    <node xml:id="s-n25">
        <link targets="s-r25"/>
    </node>
    <a xml:id="s-N65969" label="s" ref="s-n25" as="anc"/>
    <region xml:id="s-r26" anchors="4254 4436"/>
    <node xml:id="s-n26">
        <link targets="s-r26"/>
    </node>
    <a xml:id="s-N65985" label="s" ref="s-n26" as="anc"/>
    <region xml:id="s-r27" anchors="4441 4449"/>
    <node xml:id="s-n27">
        <link targets="s-r27"/>
    </node>
    <a xml:id="s-N66001" label="s" ref="s-n27" as="anc"/>
    <region xml:id="s-r28" anchors="4452 4472"/>
    <node xml:id="s-n28">
        <link targets="s-r28"/>
    </node>
    <a xml:id="s-N66017" label="s" ref="s-n28" as="anc"/>
    <region xml:id="s-r29" anchors="4473 4487"/>
    <node xml:id="s-n29">
        <link targets="s-r29"/>
    </node>
    <a xml:id="s-N66033" label="s" ref="s-n29" as="anc"/>
    <region xml:id="s-r30" anchors="4488 4526"/>
    <node xml:id="s-n30">
        <link targets="s-r30"/>
    </node>
    <a xml:id="s-N66049" label="s" ref="s-n30" as="anc"/>
    <region xml:id="s-r31" anchors="4527 4654"/>
    <node xml:id="s-n31">
        <link targets="s-r31"/>
    </node>
    <a xml:id="s-N66065" label="s" ref="s-n31" as="anc"/>
    <region xml:id="s-r32" anchors="4655 4677"/>
    <node xml:id="s-n32">
        <link targets="s-r32"/>
    </node>
    <a xml:id="s-N66081" label="s" ref="s-n32" as="anc"/>
    <region xml:id="s-r33" anchors="4679 4858"/>
    <node xml:id="s-n33">
        <link targets="s-r33"/>
    </node>
    <a xml:id="s-N66097" label="s" ref="s-n33" as="anc"/>
    <region xml:id="s-r34" anchors="4859 4899"/>
    <node xml:id="s-n34">
        <link targets="s-r34"/>
    </node>
    <a xml:id="s-N66113" label="s" ref="s-n34" as="anc"/>
    <region xml:id="s-r35" anchors="4904 4915"/>
    <node xml:id="s-n35">
        <link targets="s-r35"/>
    </node>
    <a xml:id="s-N66129" label="s" ref="s-n35" as="anc"/>
    <region xml:id="s-r36" anchors="4949 4969"/>
    <node xml:id="s-n36">
        <link targets="s-r36"/>
    </node>
    <a xml:id="s-N66145" label="s" ref="s-n36" as="anc"/>
    <region xml:id="s-r37" anchors="4970 5072"/>
    <node xml:id="s-n37">
        <link targets="s-r37"/>
    </node>
    <a xml:id="s-N66161" label="s" ref="s-n37" as="anc"/>
    <region xml:id="s-r38" anchors="5106 5124"/>
    <node xml:id="s-n38">
        <link targets="s-r38"/>
    </node>
    <a xml:id="s-N66177" label="s" ref="s-n38" as="anc"/>
    <region xml:id="s-r39" anchors="5129 5331"/>
    <node xml:id="s-n39">
        <link targets="s-r39"/>
    </node>
    <a xml:id="s-N66193" label="s" ref="s-n39" as="anc"/>
    <region xml:id="s-r40" anchors="5335 5348"/>
    <node xml:id="s-n40">
        <link targets="s-r40"/>
    </node>
    <a xml:id="s-N66209" label="s" ref="s-n40" as="anc"/>
    <region xml:id="s-r41" anchors="5349 5372"/>
    <node xml:id="s-n41">
        <link targets="s-r41"/>
    </node>
    <a xml:id="s-N66225" label="s" ref="s-n41" as="anc"/>
    <region xml:id="s-r42" anchors="5373 5437"/>
    <node xml:id="s-n42">
        <link targets="s-r42"/>
    </node>
    <a xml:id="s-N66241" label="s" ref="s-n42" as="anc"/>
    <region xml:id="s-r43" anchors="5438 5532"/>
    <node xml:id="s-n43">
        <link targets="s-r43"/>
    </node>
    <a xml:id="s-N66257" label="s" ref="s-n43" as="anc"/>
    <region xml:id="s-r44" anchors="5533 5650"/>
    <node xml:id="s-n44">
        <link targets="s-r44"/>
    </node>
    <a xml:id="s-N66273" label="s" ref="s-n44" as="anc"/>
    <region xml:id="s-r45" anchors="5651 5655"/>
    <node xml:id="s-n45">
        <link targets="s-r45"/>
    </node>
    <a xml:id="s-N66289" label="s" ref="s-n45" as="anc"/>
    <region xml:id="s-r46" anchors="5658 5690"/>
    <node xml:id="s-n46">
        <link targets="s-r46"/>
    </node>
    <a xml:id="s-N66305" label="s" ref="s-n46" as="anc"/>
    <region xml:id="s-r47" anchors="5691 5859"/>
    <node xml:id="s-n47">
        <link targets="s-r47"/>
    </node>
    <a xml:id="s-N66321" label="s" ref="s-n47" as="anc"/>
    <region xml:id="s-r48" anchors="5862 6047"/>
    <node xml:id="s-n48">
        <link targets="s-r48"/>
    </node>
    <a xml:id="s-N66337" label="s" ref="s-n48" as="anc"/>
    <region xml:id="s-r49" anchors="6050 6089"/>
    <node xml:id="s-n49">
        <link targets="s-r49"/>
    </node>
    <a xml:id="s-N66353" label="s" ref="s-n49" as="anc"/>
    <region xml:id="s-r50" anchors="6090 6159"/>
    <node xml:id="s-n50">
        <link targets="s-r50"/>
    </node>
    <a xml:id="s-N66369" label="s" ref="s-n50" as="anc"/>
    <region xml:id="s-r51" anchors="6160 6237"/>
    <node xml:id="s-n51">
        <link targets="s-r51"/>
    </node>
    <a xml:id="s-N66385" label="s" ref="s-n51" as="anc"/>
    <region xml:id="s-r52" anchors="6240 6321"/>
    <node xml:id="s-n52">
        <link targets="s-r52"/>
    </node>
    <a xml:id="s-N66401" label="s" ref="s-n52" as="anc"/>
    <region xml:id="s-r53" anchors="6323 6373"/>
    <node xml:id="s-n53">
        <link targets="s-r53"/>
    </node>
    <a xml:id="s-N66417" label="s" ref="s-n53" as="anc"/>
    <region xml:id="s-r54" anchors="6374 6437"/>
    <node xml:id="s-n54">
        <link targets="s-r54"/>
    </node>
    <a xml:id="s-N66433" label="s" ref="s-n54" as="anc"/>
    <region xml:id="s-r55" anchors="6471 6492"/>
    <node xml:id="s-n55">
        <link targets="s-r55"/>
    </node>
    <a xml:id="s-N66449" label="s" ref="s-n55" as="anc"/>
    <region xml:id="s-r56" anchors="6493 6526"/>
    <node xml:id="s-n56">
        <link targets="s-r56"/>
    </node>
    <a xml:id="s-N66465" label="s" ref="s-n56" as="anc"/>
    <region xml:id="s-r57" anchors="6560 6580"/>
    <node xml:id="s-n57">
        <link targets="s-r57"/>
    </node>
    <a xml:id="s-N66481" label="s" ref="s-n57" as="anc"/>
    <region xml:id="s-r58" anchors="6581 6659"/>
    <node xml:id="s-n58">
        <link targets="s-r58"/>
    </node>
    <a xml:id="s-N66497" label="s" ref="s-n58" as="anc"/>
    <region xml:id="s-r59" anchors="6660 6699"/>
    <node xml:id="s-n59">
        <link targets="s-r59"/>
    </node>
    <a xml:id="s-N66513" label="s" ref="s-n59" as="anc"/>
    <region xml:id="s-r60" anchors="6702 6803"/>
    <node xml:id="s-n60">
        <link targets="s-r60"/>
    </node>
    <a xml:id="s-N66529" label="s" ref="s-n60" as="anc"/>
    <region xml:id="s-r61" anchors="6804 6874"/>
    <node xml:id="s-n61">
        <link targets="s-r61"/>
    </node>
    <a xml:id="s-N66545" label="s" ref="s-n61" as="anc"/>
    <region xml:id="s-r62" anchors="6875 7009"/>
    <node xml:id="s-n62">
        <link targets="s-r62"/>
    </node>
    <a xml:id="s-N66561" label="s" ref="s-n62" as="anc"/>
    <region xml:id="s-r63" anchors="7012 7057"/>
    <node xml:id="s-n63">
        <link targets="s-r63"/>
    </node>
    <a xml:id="s-N66577" label="s" ref="s-n63" as="anc"/>
    <region xml:id="s-r64" anchors="7058 7117"/>
    <node xml:id="s-n64">
        <link targets="s-r64"/>
    </node>
    <a xml:id="s-N66593" label="s" ref="s-n64" as="anc"/>
    <region xml:id="s-r65" anchors="7118 7164"/>
    <node xml:id="s-n65">
        <link targets="s-r65"/>
    </node>
    <a xml:id="s-N66609" label="s" ref="s-n65" as="anc"/>
    <region xml:id="s-r66" anchors="7167 7424"/>
    <node xml:id="s-n66">
        <link targets="s-r66"/>
    </node>
    <a xml:id="s-N66625" label="s" ref="s-n66" as="anc"/>
    <region xml:id="s-r67" anchors="7424 7553"/>
    <node xml:id="s-n67">
        <link targets="s-r67"/>
    </node>
    <a xml:id="s-N66641" label="s" ref="s-n67" as="anc"/>
    <region xml:id="s-r68" anchors="7556 7655"/>
    <node xml:id="s-n68">
        <link targets="s-r68"/>
    </node>
    <a xml:id="s-N66657" label="s" ref="s-n68" as="anc"/>
    <region xml:id="s-r69" anchors="7656 7797"/>
    <node xml:id="s-n69">
        <link targets="s-r69"/>
    </node>
    <a xml:id="s-N66673" label="s" ref="s-n69" as="anc"/>
    <region xml:id="s-r70" anchors="7798 7969"/>
    <node xml:id="s-n70">
        <link targets="s-r70"/>
    </node>
    <a xml:id="s-N66689" label="s" ref="s-n70" as="anc"/>
    <region xml:id="s-r71" anchors="7972 8022"/>
    <node xml:id="s-n71">
        <link targets="s-r71"/>
    </node>
    <a xml:id="s-N66705" label="s" ref="s-n71" as="anc"/>
    <region xml:id="s-r72" anchors="8023 8053"/>
    <node xml:id="s-n72">
        <link targets="s-r72"/>
    </node>
    <a xml:id="s-N66721" label="s" ref="s-n72" as="anc"/>
    <region xml:id="s-r73" anchors="8087 8128"/>
    <node xml:id="s-n73">
        <link targets="s-r73"/>
    </node>
    <a xml:id="s-N66737" label="s" ref="s-n73" as="anc"/>
    <region xml:id="s-r74" anchors="8129 8183"/>
    <node xml:id="s-n74">
        <link targets="s-r74"/>
    </node>
    <a xml:id="s-N66753" label="s" ref="s-n74" as="anc"/>
    <region xml:id="s-r75" anchors="8184 8290"/>
    <node xml:id="s-n75">
        <link targets="s-r75"/>
    </node>
    <a xml:id="s-N66769" label="s" ref="s-n75" as="anc"/>
    <region xml:id="s-r76" anchors="8291 8386"/>
    <node xml:id="s-n76">
        <link targets="s-r76"/>
    </node>
    <a xml:id="s-N66785" label="s" ref="s-n76" as="anc"/>
    <region xml:id="s-r77" anchors="8387 8458"/>
    <node xml:id="s-n77">
        <link targets="s-r77"/>
    </node>
    <a xml:id="s-N66801" label="s" ref="s-n77" as="anc"/>
    <region xml:id="s-r78" anchors="8459 8516"/>
    <node xml:id="s-n78">
        <link targets="s-r78"/>
    </node>
    <a xml:id="s-N66817" label="s" ref="s-n78" as="anc"/>
    <region xml:id="s-r79" anchors="8517 8592"/>
    <node xml:id="s-n79">
        <link targets="s-r79"/>
    </node>
    <a xml:id="s-N66833" label="s" ref="s-n79" as="anc"/>
    <region xml:id="s-r80" anchors="8626 8645"/>
    <node xml:id="s-n80">
        <link targets="s-r80"/>
    </node>
    <a xml:id="s-N66849" label="s" ref="s-n80" as="anc"/>
    <region xml:id="s-r81" anchors="8646 8840"/>
    <node xml:id="s-n81">
        <link targets="s-r81"/>
    </node>
    <a xml:id="s-N66865" label="s" ref="s-n81" as="anc"/>
    <region xml:id="s-r82" anchors="8874 8894"/>
    <node xml:id="s-n82">
        <link targets="s-r82"/>
    </node>
    <a xml:id="s-N66881" label="s" ref="s-n82" as="anc"/>
    <region xml:id="s-r83" anchors="8895 9059"/>
    <node xml:id="s-n83">
        <link targets="s-r83"/>
    </node>
    <a xml:id="s-N66897" label="s" ref="s-n83" as="anc"/>
    <region xml:id="s-r84" anchors="9060 9092"/>
    <node xml:id="s-n84">
        <link targets="s-r84"/>
    </node>
    <a xml:id="s-N66913" label="s" ref="s-n84" as="anc"/>
    <region xml:id="s-r85" anchors="9095 9340"/>
    <node xml:id="s-n85">
        <link targets="s-r85"/>
    </node>
    <a xml:id="s-N66929" label="s" ref="s-n85" as="anc"/>
    <region xml:id="s-r86" anchors="9341 9503"/>
    <node xml:id="s-n86">
        <link targets="s-r86"/>
    </node>
    <a xml:id="s-N66945" label="s" ref="s-n86" as="anc"/>
    <region xml:id="s-r87" anchors="9537 9557"/>
    <node xml:id="s-n87">
        <link targets="s-r87"/>
    </node>
    <a xml:id="s-N66961" label="s" ref="s-n87" as="anc"/>
    <region xml:id="s-r88" anchors="9558 9578"/>
    <node xml:id="s-n88">
        <link targets="s-r88"/>
    </node>
    <a xml:id="s-N66977" label="s" ref="s-n88" as="anc"/>
    <region xml:id="s-r89" anchors="9852 9875"/>
    <node xml:id="s-n89">
        <link targets="s-r89"/>
    </node>
    <a xml:id="s-N66993" label="s" ref="s-n89" as="anc"/>
    <region xml:id="s-r90" anchors="9876 9953"/>
    <node xml:id="s-n90">
        <link targets="s-r90"/>
    </node>
    <a xml:id="s-N67009" label="s" ref="s-n90" as="anc"/>
    <region xml:id="s-r91" anchors="9954 10097"/>
    <node xml:id="s-n91">
        <link targets="s-r91"/>
    </node>
    <a xml:id="s-N67025" label="s" ref="s-n91" as="anc"/>
    <region xml:id="s-r92" anchors="10098 10200"/>
    <node xml:id="s-n92">
        <link targets="s-r92"/>
    </node>
    <a xml:id="s-N67041" label="s" ref="s-n92" as="anc"/>
    <region xml:id="s-r93" anchors="10201 10269"/>
    <node xml:id="s-n93">
        <link targets="s-r93"/>
    </node>
    <a xml:id="s-N67057" label="s" ref="s-n93" as="anc"/>
    <region xml:id="s-r94" anchors="10303 10323"/>
    <node xml:id="s-n94">
        <link targets="s-r94"/>
    </node>
    <a xml:id="s-N67073" label="s" ref="s-n94" as="anc"/>
    <region xml:id="s-r95" anchors="10324 10456"/>
    <node xml:id="s-n95">
        <link targets="s-r95"/>
    </node>
    <a xml:id="s-N67089" label="s" ref="s-n95" as="anc"/>
    <region xml:id="s-r96" anchors="10457 10613"/>
    <node xml:id="s-n96">
        <link targets="s-r96"/>
    </node>
    <a xml:id="s-N67105" label="s" ref="s-n96" as="anc"/>
    <region xml:id="s-r97" anchors="10614 10745"/>
    <node xml:id="s-n97">
        <link targets="s-r97"/>
    </node>
    <a xml:id="s-N67121" label="s" ref="s-n97" as="anc"/>
    <region xml:id="s-r98" anchors="10746 10824"/>
    <node xml:id="s-n98">
        <link targets="s-r98"/>
    </node>
    <a xml:id="s-N67137" label="s" ref="s-n98" as="anc"/>
    <region xml:id="s-r99" anchors="10827 11013"/>
    <node xml:id="s-n99">
        <link targets="s-r99"/>
    </node>
    <a xml:id="s-N67153" label="s" ref="s-n99" as="anc"/>
    <region xml:id="s-r100" anchors="11014 11221"/>
    <node xml:id="s-n100">
        <link targets="s-r100"/>
    </node>
    <a xml:id="s-N67169" label="s" ref="s-n100" as="anc"/>
    <region xml:id="s-r101" anchors="11222 11318"/>
    <node xml:id="s-n101">
        <link targets="s-r101"/>
    </node>
    <a xml:id="s-N67185" label="s" ref="s-n101" as="anc"/>
    <region xml:id="s-r102" anchors="11355 11375"/>
    <node xml:id="s-n102">
        <link targets="s-r102"/>
    </node>
    <a xml:id="s-N67201" label="s" ref="s-n102" as="anc"/>
    <region xml:id="s-r103" anchors="11376 11484"/>
    <node xml:id="s-n103">
        <link targets="s-r103"/>
    </node>
    <a xml:id="s-N67217" label="s" ref="s-n103" as="anc"/>
    <region xml:id="s-r104" anchors="11613 11628"/>
    <node xml:id="s-n104">
        <link targets="s-r104"/>
    </node>
    <a xml:id="s-N67233" label="s" ref="s-n104" as="anc"/>
    <region xml:id="s-r105" anchors="11629 12005"/>
    <node xml:id="s-n105">
        <link targets="s-r105"/>
    </node>
    <a xml:id="s-N67249" label="s" ref="s-n105" as="anc"/>
    <region xml:id="s-r106" anchors="12009 12120"/>
    <node xml:id="s-n106">
        <link targets="s-r106"/>
    </node>
    <a xml:id="s-N67265" label="s" ref="s-n106" as="anc"/>
    <region xml:id="s-r107" anchors="12123 12214"/>
    <node xml:id="s-n107">
        <link targets="s-r107"/>
    </node>
    <a xml:id="s-N67281" label="s" ref="s-n107" as="anc"/>
    <region xml:id="s-r108" anchors="12251 12269"/>
    <node xml:id="s-n108">
        <link targets="s-r108"/>
    </node>
    <a xml:id="s-N67297" label="s" ref="s-n108" as="anc"/>
    <region xml:id="s-r109" anchors="12271 12389"/>
    <node xml:id="s-n109">
        <link targets="s-r109"/>
    </node>
    <a xml:id="s-N67313" label="s" ref="s-n109" as="anc"/>
    <region xml:id="s-r110" anchors="12390 12529"/>
    <node xml:id="s-n110">
        <link targets="s-r110"/>
    </node>
    <a xml:id="s-N67329" label="s" ref="s-n110" as="anc"/>
    <region xml:id="s-r111" anchors="12530 12656"/>
    <node xml:id="s-n111">
        <link targets="s-r111"/>
    </node>
    <a xml:id="s-N67345" label="s" ref="s-n111" as="anc"/>
    <region xml:id="s-r112" anchors="12659 12731"/>
    <node xml:id="s-n112">
        <link targets="s-r112"/>
    </node>
    <a xml:id="s-N67361" label="s" ref="s-n112" as="anc"/>
    <region xml:id="s-r113" anchors="12733 12922"/>
    <node xml:id="s-n113">
        <link targets="s-r113"/>
    </node>
    <a xml:id="s-N67377" label="s" ref="s-n113" as="anc"/>
    <region xml:id="s-r114" anchors="12925 13147"/>
    <node xml:id="s-n114">
        <link targets="s-r114"/>
    </node>
    <a xml:id="s-N67393" label="s" ref="s-n114" as="anc"/>
    <region xml:id="s-r115" anchors="13150 13302"/>
    <node xml:id="s-n115">
        <link targets="s-r115"/>
    </node>
    <a xml:id="s-N67409" label="s" ref="s-n115" as="anc"/>
    <region xml:id="s-r116" anchors="13303 13449"/>
    <node xml:id="s-n116">
        <link targets="s-r116"/>
    </node>
    <a xml:id="s-N67425" label="s" ref="s-n116" as="anc"/>
    <region xml:id="s-r117" anchors="13452 13557"/>
    <node xml:id="s-n117">
        <link targets="s-r117"/>
    </node>
    <a xml:id="s-N67441" label="s" ref="s-n117" as="anc"/>
    <region xml:id="s-r118" anchors="13560 13689"/>
    <node xml:id="s-n118">
        <link targets="s-r118"/>
    </node>
    <a xml:id="s-N67457" label="s" ref="s-n118" as="anc"/>
    <region xml:id="s-r119" anchors="13690 13882"/>
    <node xml:id="s-n119">
        <link targets="s-r119"/>
    </node>
    <a xml:id="s-N67473" label="s" ref="s-n119" as="anc"/>
    <region xml:id="s-r120" anchors="13883 13970"/>
    <node xml:id="s-n120">
        <link targets="s-r120"/>
    </node>
    <a xml:id="s-N67489" label="s" ref="s-n120" as="anc"/>
    <region xml:id="s-r121" anchors="13973 14063"/>
    <node xml:id="s-n121">
        <link targets="s-r121"/>
    </node>
    <a xml:id="s-N67505" label="s" ref="s-n121" as="anc"/>
    <region xml:id="s-r122" anchors="14064 14084"/>
    <node xml:id="s-n122">
        <link targets="s-r122"/>
    </node>
    <a xml:id="s-N67521" label="s" ref="s-n122" as="anc"/>
    <region xml:id="s-r123" anchors="14085 14112"/>
    <node xml:id="s-n123">
        <link targets="s-r123"/>
    </node>
    <a xml:id="s-N67537" label="s" ref="s-n123" as="anc"/>
    <region xml:id="s-r124" anchors="14113 14162"/>
    <node xml:id="s-n124">
        <link targets="s-r124"/>
    </node>
    <a xml:id="s-N67553" label="s" ref="s-n124" as="anc"/>
    <region xml:id="s-r125" anchors="14165 14315"/>
    <node xml:id="s-n125">
        <link targets="s-r125"/>
    </node>
    <a xml:id="s-N67569" label="s" ref="s-n125" as="anc"/>
</graph>
