<graph xmlns="http://www.xces.org/ns/GrAF/1.0/" xmlns:graf="http://www.xces.org/ns/GrAF/1.0/">
  <graphHeader>
    <labelsDecl>
      <labelUsage label="body" occurs="1"/>
      <labelUsage label="text" occurs="1"/>
      <labelUsage label="p" occurs="68"/>
      <labelUsage label="div" occurs="16"/>
      <labelUsage label="hi" occurs="3"/>
      <labelUsage label="cesDoc" occurs="1"/>
      <labelUsage label="head" occurs="3"/>
    </labelsDecl>
    <annotationSpaces>
      <annotationSpace as.id="xces"/>
    </annotationSpaces>
  </graphHeader>
  <region xml:id="logical-r0" anchors="0 14353"/>
  <node xml:id="logical-n0">
    <link targets="logical-r0"/>
  </node>
  <a xml:id="logical-N65593" label="cesDoc" ref="logical-n0" as="xces">
    <fs>
      <f name="xmlns" value="http://www.xces.org/schema/2003"/>
      <f name="version" value="1.0.4"/>
    </fs>
  </a>
  <region xml:id="logical-r1" anchors="1 14352"/>
  <node xml:id="logical-n1">
    <link targets="logical-r1"/>
  </node>
  <a xml:id="logical-N65621" label="text" ref="logical-n1" as="xces"/>
  <region xml:id="logical-r2" anchors="2 14351"/>
  <node xml:id="logical-n2">
    <link targets="logical-r2"/>
  </node>
  <a xml:id="logical-N65637" label="body" ref="logical-n2" as="xces"/>
  <region xml:id="logical-r3" anchors="4 39"/>
  <node xml:id="logical-n3">
    <link targets="logical-r3"/>
  </node>
  <a xml:id="logical-N65653" label="head" ref="logical-n3" as="xces">
    <fs>
      <f name="id" value="banner-header"/>
    </fs>
  </a>
  <region xml:id="logical-r4" anchors="42 93"/>
  <node xml:id="logical-n4">
    <link targets="logical-r4"/>
  </node>
  <a xml:id="logical-N65677" label="head" ref="logical-n4" as="xces"/>
  <region xml:id="logical-r5" anchors="95 4438"/>
  <node xml:id="logical-n5">
    <link targets="logical-r5"/>
  </node>
  <a xml:id="logical-N65693" label="div" ref="logical-n5" as="xces">
    <fs>
      <f name="type" value="entry"/>
    </fs>
  </a>
  <region xml:id="logical-r6" anchors="96 595"/>
  <node xml:id="logical-n6">
    <link targets="logical-r6"/>
  </node>
  <a xml:id="logical-N65717" label="p" ref="logical-n6" as="xces"/>
  <region xml:id="logical-r7" anchors="596 1100"/>
  <node xml:id="logical-n7">
    <link targets="logical-r7"/>
  </node>
  <a xml:id="logical-N65733" label="p" ref="logical-n7" as="xces"/>
  <region xml:id="logical-r8" anchors="1101 1558"/>
  <node xml:id="logical-n8">
    <link targets="logical-r8"/>
  </node>
  <a xml:id="logical-N65749" label="p" ref="logical-n8" as="xces"/>
  <region xml:id="logical-r9" anchors="1101 1310"/>
  <node xml:id="logical-n9">
    <link targets="logical-r9"/>
  </node>
  <a xml:id="logical-N65765" label="hi" ref="logical-n9" as="xces">
    <fs>
      <f name="rend" value="bold"/>
    </fs>
  </a>
  <region xml:id="logical-r10" anchors="1559 1753"/>
  <node xml:id="logical-n10">
    <link targets="logical-r10"/>
  </node>
  <a xml:id="logical-N65789" label="p" ref="logical-n10" as="xces"/>
  <region xml:id="logical-r11" anchors="1754 2026"/>
  <node xml:id="logical-n11">
    <link targets="logical-r11"/>
  </node>
  <a xml:id="logical-N65805" label="p" ref="logical-n11" as="xces"/>
  <region xml:id="logical-r12" anchors="2027 2412"/>
  <node xml:id="logical-n12">
    <link targets="logical-r12"/>
  </node>
  <a xml:id="logical-N65821" label="p" ref="logical-n12" as="xces"/>
  <region xml:id="logical-r13" anchors="2413 2658"/>
  <node xml:id="logical-n13">
    <link targets="logical-r13"/>
  </node>
  <a xml:id="logical-N65837" label="p" ref="logical-n13" as="xces"/>
  <region xml:id="logical-r14" anchors="2659 3235"/>
  <node xml:id="logical-n14">
    <link targets="logical-r14"/>
  </node>
  <a xml:id="logical-N65853" label="p" ref="logical-n14" as="xces"/>
  <region xml:id="logical-r15" anchors="3236 3492"/>
  <node xml:id="logical-n15">
    <link targets="logical-r15"/>
  </node>
  <a xml:id="logical-N65869" label="p" ref="logical-n15" as="xces"/>
  <region xml:id="logical-r16" anchors="3236 3436"/>
  <node xml:id="logical-n16">
    <link targets="logical-r16"/>
  </node>
  <a xml:id="logical-N65885" label="hi" ref="logical-n16" as="xces">
    <fs>
      <f name="rend" value="bold"/>
    </fs>
  </a>
  <region xml:id="logical-r17" anchors="3493 3762"/>
  <node xml:id="logical-n17">
    <link targets="logical-r17"/>
  </node>
  <a xml:id="logical-N65909" label="p" ref="logical-n17" as="xces"/>
  <region xml:id="logical-r18" anchors="3763 4252"/>
  <node xml:id="logical-n18">
    <link targets="logical-r18"/>
  </node>
  <a xml:id="logical-N65925" label="p" ref="logical-n18" as="xces"/>
  <region xml:id="logical-r19" anchors="4253 4437"/>
  <node xml:id="logical-n19">
    <link targets="logical-r19"/>
  </node>
  <a xml:id="logical-N65941" label="p" ref="logical-n19" as="xces"/>
  <region xml:id="logical-r20" anchors="4254 4436"/>
  <node xml:id="logical-n20">
    <link targets="logical-r20"/>
  </node>
  <a xml:id="logical-N65957" label="hi" ref="logical-n20" as="xces">
    <fs>
      <f name="rend" value="bold"/>
    </fs>
  </a>
  <region xml:id="logical-r21" anchors="4440 14350"/>
  <node xml:id="logical-n21">
    <link targets="logical-r21"/>
  </node>
  <a xml:id="logical-N65981" label="div" ref="logical-n21" as="xces">
    <fs>
      <f name="class" value="comments"/>
    </fs>
  </a>
  <region xml:id="logical-r22" anchors="4441 4449"/>
  <node xml:id="logical-n22">
    <link targets="logical-r22"/>
  </node>
  <a xml:id="logical-N66005" label="head" ref="logical-n22" as="xces"/>
  <region xml:id="logical-r23" anchors="4450 4947"/>
  <node xml:id="logical-n23">
    <link targets="logical-r23"/>
  </node>
  <a xml:id="logical-N66021" label="div" ref="logical-n23" as="xces">
    <fs>
      <f name="type" value="comment"/>
    </fs>
  </a>
  <region xml:id="logical-r24" anchors="4451 4677"/>
  <node xml:id="logical-n24">
    <link targets="logical-r24"/>
  </node>
  <a xml:id="logical-N66045" label="p" ref="logical-n24" as="xces"/>
  <region xml:id="logical-r25" anchors="4678 4916"/>
  <node xml:id="logical-n25">
    <link targets="logical-r25"/>
  </node>
  <a xml:id="logical-N66061" label="p" ref="logical-n25" as="xces"/>
  <region xml:id="logical-r26" anchors="4917 4946"/>
  <node xml:id="logical-n26">
    <link targets="logical-r26"/>
  </node>
  <a xml:id="logical-N66077" label="p" ref="logical-n26" as="xces"/>
  <region xml:id="logical-r27" anchors="4948 5104"/>
  <node xml:id="logical-n27">
    <link targets="logical-r27"/>
  </node>
  <a xml:id="logical-N66093" label="div" ref="logical-n27" as="xces">
    <fs>
      <f name="type" value="comment"/>
    </fs>
  </a>
  <region xml:id="logical-r28" anchors="4949 5073"/>
  <node xml:id="logical-n28">
    <link targets="logical-r28"/>
  </node>
  <a xml:id="logical-N66117" label="p" ref="logical-n28" as="xces"/>
  <region xml:id="logical-r29" anchors="5074 5103"/>
  <node xml:id="logical-n29">
    <link targets="logical-r29"/>
  </node>
  <a xml:id="logical-N66133" label="p" ref="logical-n29" as="xces"/>
  <region xml:id="logical-r30" anchors="5105 6469"/>
  <node xml:id="logical-n30">
    <link targets="logical-r30"/>
  </node>
  <a xml:id="logical-N66149" label="div" ref="logical-n30" as="xces">
    <fs>
      <f name="type" value="comment"/>
    </fs>
  </a>
  <region xml:id="logical-r31" anchors="5106 5333"/>
  <node xml:id="logical-n31">
    <link targets="logical-r31"/>
  </node>
  <a xml:id="logical-N66173" label="p" ref="logical-n31" as="xces"/>
  <region xml:id="logical-r32" anchors="5334 5656"/>
  <node xml:id="logical-n32">
    <link targets="logical-r32"/>
  </node>
  <a xml:id="logical-N66189" label="p" ref="logical-n32" as="xces"/>
  <region xml:id="logical-r33" anchors="5657 5860"/>
  <node xml:id="logical-n33">
    <link targets="logical-r33"/>
  </node>
  <a xml:id="logical-N66205" label="p" ref="logical-n33" as="xces"/>
  <region xml:id="logical-r34" anchors="5861 6048"/>
  <node xml:id="logical-n34">
    <link targets="logical-r34"/>
  </node>
  <a xml:id="logical-N66221" label="p" ref="logical-n34" as="xces"/>
  <region xml:id="logical-r35" anchors="6049 6238"/>
  <node xml:id="logical-n35">
    <link targets="logical-r35"/>
  </node>
  <a xml:id="logical-N66237" label="p" ref="logical-n35" as="xces"/>
  <region xml:id="logical-r36" anchors="6239 6438"/>
  <node xml:id="logical-n36">
    <link targets="logical-r36"/>
  </node>
  <a xml:id="logical-N66253" label="p" ref="logical-n36" as="xces"/>
  <region xml:id="logical-r37" anchors="6439 6468"/>
  <node xml:id="logical-n37">
    <link targets="logical-r37"/>
  </node>
  <a xml:id="logical-N66269" label="p" ref="logical-n37" as="xces"/>
  <region xml:id="logical-r38" anchors="6470 6558"/>
  <node xml:id="logical-n38">
    <link targets="logical-r38"/>
  </node>
  <a xml:id="logical-N66285" label="div" ref="logical-n38" as="xces">
    <fs>
      <f name="type" value="comment"/>
    </fs>
  </a>
  <region xml:id="logical-r39" anchors="6471 6527"/>
  <node xml:id="logical-n39">
    <link targets="logical-r39"/>
  </node>
  <a xml:id="logical-N66309" label="p" ref="logical-n39" as="xces"/>
  <region xml:id="logical-r40" anchors="6528 6557"/>
  <node xml:id="logical-n40">
    <link targets="logical-r40"/>
  </node>
  <a xml:id="logical-N66325" label="p" ref="logical-n40" as="xces"/>
  <region xml:id="logical-r41" anchors="6559 8085"/>
  <node xml:id="logical-n41">
    <link targets="logical-r41"/>
  </node>
  <a xml:id="logical-N66341" label="div" ref="logical-n41" as="xces">
    <fs>
      <f name="type" value="comment"/>
    </fs>
  </a>
  <region xml:id="logical-r42" anchors="6560 6700"/>
  <node xml:id="logical-n42">
    <link targets="logical-r42"/>
  </node>
  <a xml:id="logical-N66365" label="p" ref="logical-n42" as="xces"/>
  <region xml:id="logical-r43" anchors="6701 7010"/>
  <node xml:id="logical-n43">
    <link targets="logical-r43"/>
  </node>
  <a xml:id="logical-N66381" label="p" ref="logical-n43" as="xces"/>
  <region xml:id="logical-r44" anchors="7011 7165"/>
  <node xml:id="logical-n44">
    <link targets="logical-r44"/>
  </node>
  <a xml:id="logical-N66397" label="p" ref="logical-n44" as="xces"/>
  <region xml:id="logical-r45" anchors="7166 7554"/>
  <node xml:id="logical-n45">
    <link targets="logical-r45"/>
  </node>
  <a xml:id="logical-N66413" label="p" ref="logical-n45" as="xces"/>
  <region xml:id="logical-r46" anchors="7555 7970"/>
  <node xml:id="logical-n46">
    <link targets="logical-r46"/>
  </node>
  <a xml:id="logical-N66429" label="p" ref="logical-n46" as="xces"/>
  <region xml:id="logical-r47" anchors="7971 8054"/>
  <node xml:id="logical-n47">
    <link targets="logical-r47"/>
  </node>
  <a xml:id="logical-N66445" label="p" ref="logical-n47" as="xces"/>
  <region xml:id="logical-r48" anchors="8055 8084"/>
  <node xml:id="logical-n48">
    <link targets="logical-r48"/>
  </node>
  <a xml:id="logical-N66461" label="p" ref="logical-n48" as="xces"/>
  <region xml:id="logical-r49" anchors="8086 8624"/>
  <node xml:id="logical-n49">
    <link targets="logical-r49"/>
  </node>
  <a xml:id="logical-N66477" label="div" ref="logical-n49" as="xces">
    <fs>
      <f name="type" value="comment"/>
    </fs>
  </a>
  <region xml:id="logical-r50" anchors="8087 8108"/>
  <node xml:id="logical-n50">
    <link targets="logical-r50"/>
  </node>
  <a xml:id="logical-N66501" label="p" ref="logical-n50" as="xces"/>
  <region xml:id="logical-r51" anchors="8109 8593"/>
  <node xml:id="logical-n51">
    <link targets="logical-r51"/>
  </node>
  <a xml:id="logical-N66517" label="p" ref="logical-n51" as="xces"/>
  <region xml:id="logical-r52" anchors="8594 8623"/>
  <node xml:id="logical-n52">
    <link targets="logical-r52"/>
  </node>
  <a xml:id="logical-N66533" label="p" ref="logical-n52" as="xces"/>
  <region xml:id="logical-r53" anchors="8625 8872"/>
  <node xml:id="logical-n53">
    <link targets="logical-r53"/>
  </node>
  <a xml:id="logical-N66549" label="div" ref="logical-n53" as="xces">
    <fs>
      <f name="type" value="comment"/>
    </fs>
  </a>
  <region xml:id="logical-r54" anchors="8626 8841"/>
  <node xml:id="logical-n54">
    <link targets="logical-r54"/>
  </node>
  <a xml:id="logical-N66573" label="p" ref="logical-n54" as="xces"/>
  <region xml:id="logical-r55" anchors="8842 8871"/>
  <node xml:id="logical-n55">
    <link targets="logical-r55"/>
  </node>
  <a xml:id="logical-N66589" label="p" ref="logical-n55" as="xces"/>
  <region xml:id="logical-r56" anchors="8873 9535"/>
  <node xml:id="logical-n56">
    <link targets="logical-r56"/>
  </node>
  <a xml:id="logical-N66605" label="div" ref="logical-n56" as="xces">
    <fs>
      <f name="type" value="comment"/>
    </fs>
  </a>
  <region xml:id="logical-r57" anchors="8874 9093"/>
  <node xml:id="logical-n57">
    <link targets="logical-r57"/>
  </node>
  <a xml:id="logical-N66629" label="p" ref="logical-n57" as="xces"/>
  <region xml:id="logical-r58" anchors="9094 9504"/>
  <node xml:id="logical-n58">
    <link targets="logical-r58"/>
  </node>
  <a xml:id="logical-N66645" label="p" ref="logical-n58" as="xces"/>
  <region xml:id="logical-r59" anchors="9505 9534"/>
  <node xml:id="logical-n59">
    <link targets="logical-r59"/>
  </node>
  <a xml:id="logical-N66661" label="p" ref="logical-n59" as="xces"/>
  <region xml:id="logical-r60" anchors="9536 9850"/>
  <node xml:id="logical-n60">
    <link targets="logical-r60"/>
  </node>
  <a xml:id="logical-N66677" label="div" ref="logical-n60" as="xces">
    <fs>
      <f name="type" value="comment"/>
    </fs>
  </a>
  <region xml:id="logical-r61" anchors="9537 9579"/>
  <node xml:id="logical-n61">
    <link targets="logical-r61"/>
  </node>
  <a xml:id="logical-N66701" label="p" ref="logical-n61" as="xces"/>
  <region xml:id="logical-r62" anchors="9580 9672"/>
  <node xml:id="logical-n62">
    <link targets="logical-r62"/>
  </node>
  <a xml:id="logical-N66717" label="p" ref="logical-n62" as="xces"/>
  <region xml:id="logical-r63" anchors="9673 9819"/>
  <node xml:id="logical-n63">
    <link targets="logical-r63"/>
  </node>
  <a xml:id="logical-N66733" label="p" ref="logical-n63" as="xces"/>
  <region xml:id="logical-r64" anchors="9820 9849"/>
  <node xml:id="logical-n64">
    <link targets="logical-r64"/>
  </node>
  <a xml:id="logical-N66749" label="p" ref="logical-n64" as="xces"/>
  <region xml:id="logical-r65" anchors="9851 10301"/>
  <node xml:id="logical-n65">
    <link targets="logical-r65"/>
  </node>
  <a xml:id="logical-N66765" label="div" ref="logical-n65" as="xces">
    <fs>
      <f name="type" value="comment"/>
    </fs>
  </a>
  <region xml:id="logical-r66" anchors="9852 10270"/>
  <node xml:id="logical-n66">
    <link targets="logical-r66"/>
  </node>
  <a xml:id="logical-N66789" label="p" ref="logical-n66" as="xces"/>
  <region xml:id="logical-r67" anchors="10271 10300"/>
  <node xml:id="logical-n67">
    <link targets="logical-r67"/>
  </node>
  <a xml:id="logical-N66805" label="p" ref="logical-n67" as="xces"/>
  <region xml:id="logical-r68" anchors="10302 11353"/>
  <node xml:id="logical-n68">
    <link targets="logical-r68"/>
  </node>
  <a xml:id="logical-N66821" label="div" ref="logical-n68" as="xces">
    <fs>
      <f name="type" value="comment"/>
    </fs>
  </a>
  <region xml:id="logical-r69" anchors="10303 10373"/>
  <node xml:id="logical-n69">
    <link targets="logical-r69"/>
  </node>
  <a xml:id="logical-N66845" label="p" ref="logical-n69" as="xces"/>
  <region xml:id="logical-r70" anchors="10374 10825"/>
  <node xml:id="logical-n70">
    <link targets="logical-r70"/>
  </node>
  <a xml:id="logical-N66861" label="p" ref="logical-n70" as="xces"/>
  <region xml:id="logical-r71" anchors="10826 11319"/>
  <node xml:id="logical-n71">
    <link targets="logical-r71"/>
  </node>
  <a xml:id="logical-N66877" label="p" ref="logical-n71" as="xces"/>
  <region xml:id="logical-r72" anchors="11320 11352"/>
  <node xml:id="logical-n72">
    <link targets="logical-r72"/>
  </node>
  <a xml:id="logical-N66893" label="p" ref="logical-n72" as="xces"/>
  <region xml:id="logical-r73" anchors="11354 11611"/>
  <node xml:id="logical-n73">
    <link targets="logical-r73"/>
  </node>
  <a xml:id="logical-N66909" label="div" ref="logical-n73" as="xces">
    <fs>
      <f name="type" value="comment"/>
    </fs>
  </a>
  <region xml:id="logical-r74" anchors="11355 11577"/>
  <node xml:id="logical-n74">
    <link targets="logical-r74"/>
  </node>
  <a xml:id="logical-N66933" label="p" ref="logical-n74" as="xces"/>
  <region xml:id="logical-r75" anchors="11578 11610"/>
  <node xml:id="logical-n75">
    <link targets="logical-r75"/>
  </node>
  <a xml:id="logical-N66949" label="p" ref="logical-n75" as="xces"/>
  <region xml:id="logical-r76" anchors="11612 12249"/>
  <node xml:id="logical-n76">
    <link targets="logical-r76"/>
  </node>
  <a xml:id="logical-N66965" label="div" ref="logical-n76" as="xces">
    <fs>
      <f name="type" value="comment"/>
    </fs>
  </a>
  <region xml:id="logical-r77" anchors="11613 11665"/>
  <node xml:id="logical-n77">
    <link targets="logical-r77"/>
  </node>
  <a xml:id="logical-N66989" label="p" ref="logical-n77" as="xces"/>
  <region xml:id="logical-r78" anchors="11666 12007"/>
  <node xml:id="logical-n78">
    <link targets="logical-r78"/>
  </node>
  <a xml:id="logical-N67005" label="p" ref="logical-n78" as="xces"/>
  <region xml:id="logical-r79" anchors="12008 12121"/>
  <node xml:id="logical-n79">
    <link targets="logical-r79"/>
  </node>
  <a xml:id="logical-N67021" label="p" ref="logical-n79" as="xces"/>
  <region xml:id="logical-r80" anchors="12122 12215"/>
  <node xml:id="logical-n80">
    <link targets="logical-r80"/>
  </node>
  <a xml:id="logical-N67037" label="p" ref="logical-n80" as="xces"/>
  <region xml:id="logical-r81" anchors="12216 12248"/>
  <node xml:id="logical-n81">
    <link targets="logical-r81"/>
  </node>
  <a xml:id="logical-N67053" label="p" ref="logical-n81" as="xces"/>
  <region xml:id="logical-r82" anchors="12250 14349"/>
  <node xml:id="logical-n82">
    <link targets="logical-r82"/>
  </node>
  <a xml:id="logical-N67069" label="div" ref="logical-n82" as="xces">
    <fs>
      <f name="type" value="comment"/>
    </fs>
  </a>
  <region xml:id="logical-r83" anchors="12251 12657"/>
  <node xml:id="logical-n83">
    <link targets="logical-r83"/>
  </node>
  <a xml:id="logical-N67093" label="p" ref="logical-n83" as="xces"/>
  <region xml:id="logical-r84" anchors="12658 12731"/>
  <node xml:id="logical-n84">
    <link targets="logical-r84"/>
  </node>
  <a xml:id="logical-N67109" label="p" ref="logical-n84" as="xces"/>
  <region xml:id="logical-r85" anchors="12732 12923"/>
  <node xml:id="logical-n85">
    <link targets="logical-r85"/>
  </node>
  <a xml:id="logical-N67125" label="p" ref="logical-n85" as="xces"/>
  <region xml:id="logical-r86" anchors="12924 13148"/>
  <node xml:id="logical-n86">
    <link targets="logical-r86"/>
  </node>
  <a xml:id="logical-N67141" label="p" ref="logical-n86" as="xces"/>
  <region xml:id="logical-r87" anchors="13149 13450"/>
  <node xml:id="logical-n87">
    <link targets="logical-r87"/>
  </node>
  <a xml:id="logical-N67157" label="p" ref="logical-n87" as="xces"/>
  <region xml:id="logical-r88" anchors="13451 13558"/>
  <node xml:id="logical-n88">
    <link targets="logical-r88"/>
  </node>
  <a xml:id="logical-N67173" label="p" ref="logical-n88" as="xces"/>
  <region xml:id="logical-r89" anchors="13559 13971"/>
  <node xml:id="logical-n89">
    <link targets="logical-r89"/>
  </node>
  <a xml:id="logical-N67189" label="p" ref="logical-n89" as="xces"/>
  <region xml:id="logical-r90" anchors="13972 14163"/>
  <node xml:id="logical-n90">
    <link targets="logical-r90"/>
  </node>
  <a xml:id="logical-N67205" label="p" ref="logical-n90" as="xces"/>
  <region xml:id="logical-r91" anchors="14164 14316"/>
  <node xml:id="logical-n91">
    <link targets="logical-r91"/>
  </node>
  <a xml:id="logical-N67221" label="p" ref="logical-n91" as="xces"/>
  <region xml:id="logical-r92" anchors="14317 14348"/>
  <node xml:id="logical-n92">
    <link targets="logical-r92"/>
  </node>
  <a xml:id="logical-N67237" label="p" ref="logical-n92" as="xces"/>
</graph>
