<graph xmlns="http://www.xces.org/ns/GrAF/1.0/" xmlns:graf="http://www.xces.org/ns/GrAF/1.0/">
  <graphHeader>
    <labelsDecl>
      <labelUsage label="vchunk" occurs="309"/>
    </labelsDecl>
    <dependencies>
      <dependsOn f.id="f.penn"/>
    </dependencies>
    <annotationSpaces>
      <annotationSpace as.id="anc"/>
    </annotationSpaces>
  </graphHeader>
  <node xml:id="vc-n0"/>
  <a xml:id="vc-N65567" label="vchunk" ref="vc-n0" as="anc">
    <fs>
      <f name="type" value="PART"/>
      <f name="tense" value="Pas"/>
      <f name="voice" value="none"/>
    </fs>
  </a>
  <node xml:id="vc-n1"/>
  <a xml:id="vc-N65591" label="vchunk" ref="vc-n1" as="anc">
    <fs>
      <f name="neg" value="no"/>
      <f name="tense" value="Inf"/>
      <f name="type" value="NFVG"/>
      <f name="voice" value="active"/>
    </fs>
  </a>
  <node xml:id="vc-n10"/>
  <a xml:id="vc-N65619" label="vchunk" ref="vc-n10" as="anc">
    <fs>
      <f name="type" value="FVG"/>
      <f name="tense" value="SimPre"/>
      <f name="voice" value="active"/>
    </fs>
  </a>
  <node xml:id="vc-n100"/>
  <a xml:id="vc-N65643" label="vchunk" ref="vc-n100" as="anc">
    <fs>
      <f name="type" value="FVG"/>
      <f name="tense" value="SimPre"/>
      <f name="voice" value="passive"/>
    </fs>
  </a>
  <node xml:id="vc-n101"/>
  <a xml:id="vc-N65667" label="vchunk" ref="vc-n101" as="anc">
    <fs>
      <f name="type" value="NFVG"/>
      <f name="tense" value="Inf"/>
      <f name="voice" value="active"/>
    </fs>
  </a>
  <node xml:id="vc-n102"/>
  <a xml:id="vc-N65691" label="vchunk" ref="vc-n102" as="anc">
    <fs>
      <f name="type" value="FVG"/>
      <f name="tense" value="FutCon"/>
      <f name="voice" value="active"/>
    </fs>
  </a>
  <node xml:id="vc-n103"/>
  <a xml:id="vc-N65715" label="vchunk" ref="vc-n103" as="anc">
    <fs>
      <f name="type" value="FVG"/>
      <f name="tense" value="SimPas"/>
      <f name="voice" value="active"/>
    </fs>
  </a>
  <node xml:id="vc-n104"/>
  <a xml:id="vc-N65739" label="vchunk" ref="vc-n104" as="anc">
    <fs>
      <f name="type" value="FVG"/>
      <f name="tense" value="SimFut"/>
      <f name="voice" value="active"/>
    </fs>
  </a>
  <node xml:id="vc-n105"/>
  <a xml:id="vc-N65763" label="vchunk" ref="vc-n105" as="anc">
    <fs>
      <f name="type" value="NFVG"/>
      <f name="tense" value="Inf"/>
      <f name="voice" value="active"/>
    </fs>
  </a>
  <node xml:id="vc-n106"/>
  <a xml:id="vc-N65787" label="vchunk" ref="vc-n106" as="anc">
    <fs>
      <f name="type" value="FVG"/>
      <f name="tense" value="SimPas"/>
      <f name="voice" value="active"/>
    </fs>
  </a>
  <node xml:id="vc-n107"/>
  <a xml:id="vc-N65811" label="vchunk" ref="vc-n107" as="anc">
    <fs>
      <f name="type" value="NFVG"/>
      <f name="tense" value="Inf"/>
      <f name="voice" value="active"/>
    </fs>
  </a>
  <node xml:id="vc-n108"/>
  <a xml:id="vc-N65835" label="vchunk" ref="vc-n108" as="anc">
    <fs>
      <f name="type" value="FVG"/>
      <f name="tense" value="SimPre"/>
      <f name="voice" value="active"/>
    </fs>
  </a>
  <node xml:id="vc-n109"/>
  <a xml:id="vc-N65859" label="vchunk" ref="vc-n109" as="anc">
    <fs>
      <f name="type" value="NFVG"/>
      <f name="tense" value="Inf"/>
      <f name="voice" value="active"/>
    </fs>
  </a>
  <node xml:id="vc-n11"/>
  <a xml:id="vc-N65883" label="vchunk" ref="vc-n11" as="anc">
    <fs>
      <f name="neg" value="no"/>
      <f name="tense" value="Inf"/>
      <f name="type" value="NFVG"/>
      <f name="voice" value="active"/>
    </fs>
  </a>
  <node xml:id="vc-n110"/>
  <a xml:id="vc-N65911" label="vchunk" ref="vc-n110" as="anc">
    <fs>
      <f name="type" value="FVG"/>
      <f name="tense" value="SimPas"/>
      <f name="voice" value="active"/>
    </fs>
  </a>
  <node xml:id="vc-n111"/>
  <a xml:id="vc-N65935" label="vchunk" ref="vc-n111" as="anc">
    <fs>
      <f name="type" value="FVG"/>
      <f name="tense" value="SimPas"/>
      <f name="voice" value="active"/>
    </fs>
  </a>
  <node xml:id="vc-n112"/>
  <a xml:id="vc-N65959" label="vchunk" ref="vc-n112" as="anc">
    <fs>
      <f name="type" value="FVG"/>
      <f name="tense" value="SimPre"/>
      <f name="voice" value="active"/>
    </fs>
  </a>
  <node xml:id="vc-n113"/>
  <a xml:id="vc-N65983" label="vchunk" ref="vc-n113" as="anc">
    <fs>
      <f name="type" value="FVG"/>
      <f name="tense" value="SimPre"/>
      <f name="voice" value="active"/>
    </fs>
  </a>
  <node xml:id="vc-n114"/>
  <a xml:id="vc-N66007" label="vchunk" ref="vc-n114" as="anc">
    <fs>
      <f name="type" value="FVG"/>
      <f name="tense" value="PrePer"/>
      <f name="voice" value="active"/>
    </fs>
  </a>
  <node xml:id="vc-n115"/>
  <a xml:id="vc-N66031" label="vchunk" ref="vc-n115" as="anc">
    <fs>
      <f name="type" value="FVG"/>
      <f name="tense" value="SimPre"/>
      <f name="voice" value="active"/>
      <f name="neg" value="yes"/>
    </fs>
  </a>
  <node xml:id="vc-n116"/>
  <a xml:id="vc-N66059" label="vchunk" ref="vc-n116" as="anc">
    <fs>
      <f name="type" value="FVG"/>
      <f name="tense" value="PreCon"/>
      <f name="voice" value="active"/>
    </fs>
  </a>
  <node xml:id="vc-n117"/>
  <a xml:id="vc-N66083" label="vchunk" ref="vc-n117" as="anc">
    <fs>
      <f name="type" value="FVG"/>
      <f name="tense" value="SimPre"/>
      <f name="voice" value="active"/>
    </fs>
  </a>
  <node xml:id="vc-n118"/>
  <a xml:id="vc-N66107" label="vchunk" ref="vc-n118" as="anc">
    <fs>
      <f name="type" value="FVG"/>
      <f name="tense" value="SimPre"/>
      <f name="voice" value="active"/>
    </fs>
  </a>
  <node xml:id="vc-n119"/>
  <a xml:id="vc-N66131" label="vchunk" ref="vc-n119" as="anc">
    <fs>
      <f name="type" value="FVG"/>
      <f name="tense" value="SimFut"/>
      <f name="voice" value="active"/>
      <f name="neg" value="yes"/>
    </fs>
  </a>
  <node xml:id="vc-n12"/>
  <a xml:id="vc-N66159" label="vchunk" ref="vc-n12" as="anc">
    <fs>
      <f name="neg" value="no"/>
      <f name="tense" value="SimPre"/>
      <f name="type" value="FVG"/>
      <f name="voice" value="active"/>
    </fs>
  </a>
  <node xml:id="vc-n120"/>
  <a xml:id="vc-N66187" label="vchunk" ref="vc-n120" as="anc">
    <fs>
      <f name="type" value="PART"/>
      <f name="tense" value="Pas"/>
      <f name="voice" value="none"/>
    </fs>
  </a>
  <node xml:id="vc-n121"/>
  <a xml:id="vc-N66211" label="vchunk" ref="vc-n121" as="anc">
    <fs>
      <f name="type" value="FVG"/>
      <f name="tense" value="SimPre"/>
      <f name="voice" value="active"/>
    </fs>
  </a>
  <node xml:id="vc-n122"/>
  <a xml:id="vc-N66235" label="vchunk" ref="vc-n122" as="anc">
    <fs>
      <f name="type" value="PART"/>
      <f name="tense" value="Pas"/>
      <f name="voice" value="none"/>
    </fs>
  </a>
  <node xml:id="vc-n123"/>
  <a xml:id="vc-N66259" label="vchunk" ref="vc-n123" as="anc">
    <fs>
      <f name="type" value="SPECIAL"/>
      <f name="tense" value="Pre"/>
      <f name="voice" value="none"/>
    </fs>
  </a>
  <node xml:id="vc-n124"/>
  <a xml:id="vc-N66283" label="vchunk" ref="vc-n124" as="anc">
    <fs>
      <f name="type" value="NFVG"/>
      <f name="tense" value="Inf"/>
      <f name="voice" value="active"/>
    </fs>
  </a>
  <node xml:id="vc-n125"/>
  <a xml:id="vc-N66307" label="vchunk" ref="vc-n125" as="anc">
    <fs>
      <f name="type" value="NFVG"/>
      <f name="tense" value="Inf"/>
      <f name="voice" value="active"/>
    </fs>
  </a>
  <node xml:id="vc-n126"/>
  <a xml:id="vc-N66331" label="vchunk" ref="vc-n126" as="anc">
    <fs>
      <f name="type" value="FVG"/>
      <f name="tense" value="SimPre"/>
      <f name="voice" value="passive"/>
    </fs>
  </a>
  <node xml:id="vc-n127"/>
  <a xml:id="vc-N66355" label="vchunk" ref="vc-n127" as="anc">
    <fs>
      <f name="type" value="FVG"/>
      <f name="tense" value="SimPre"/>
      <f name="voice" value="active"/>
    </fs>
  </a>
  <node xml:id="vc-n128"/>
  <a xml:id="vc-N66379" label="vchunk" ref="vc-n128" as="anc">
    <fs>
      <f name="type" value="FVG"/>
      <f name="tense" value="SimPre"/>
      <f name="voice" value="active"/>
    </fs>
  </a>
  <node xml:id="vc-n129"/>
  <a xml:id="vc-N66403" label="vchunk" ref="vc-n129" as="anc">
    <fs>
      <f name="type" value="FVG"/>
      <f name="tense" value="SimFut"/>
      <f name="voice" value="active"/>
    </fs>
  </a>
  <node xml:id="vc-n13"/>
  <a xml:id="vc-N66427" label="vchunk" ref="vc-n13" as="anc">
    <fs>
      <f name="type" value="FVG"/>
      <f name="tense" value="SimPre"/>
      <f name="voice" value="active"/>
    </fs>
  </a>
  <node xml:id="vc-n130"/>
  <a xml:id="vc-N66451" label="vchunk" ref="vc-n130" as="anc">
    <fs>
      <f name="type" value="NFVG"/>
      <f name="tense" value="Inf"/>
      <f name="voice" value="active"/>
    </fs>
  </a>
  <node xml:id="vc-n131"/>
  <a xml:id="vc-N66475" label="vchunk" ref="vc-n131" as="anc">
    <fs>
      <f name="type" value="SPECIAL"/>
      <f name="tense" value="Pre"/>
      <f name="voice" value="none"/>
    </fs>
  </a>
  <node xml:id="vc-n132"/>
  <a xml:id="vc-N66499" label="vchunk" ref="vc-n132" as="anc">
    <fs>
      <f name="type" value="FVG"/>
      <f name="tense" value="SimPre"/>
      <f name="voice" value="active"/>
    </fs>
  </a>
  <node xml:id="vc-n133"/>
  <a xml:id="vc-N66523" label="vchunk" ref="vc-n133" as="anc">
    <fs>
      <f name="type" value="NFVG"/>
      <f name="tense" value="Inf"/>
      <f name="voice" value="active"/>
    </fs>
  </a>
  <node xml:id="vc-n134"/>
  <a xml:id="vc-N66547" label="vchunk" ref="vc-n134" as="anc">
    <fs>
      <f name="type" value="FVG"/>
      <f name="tense" value="SimPre"/>
      <f name="voice" value="active"/>
    </fs>
  </a>
  <node xml:id="vc-n135"/>
  <a xml:id="vc-N66571" label="vchunk" ref="vc-n135" as="anc">
    <fs>
      <f name="type" value="FVG"/>
      <f name="tense" value="SimPre"/>
      <f name="voice" value="active"/>
    </fs>
  </a>
  <node xml:id="vc-n136"/>
  <a xml:id="vc-N66595" label="vchunk" ref="vc-n136" as="anc">
    <fs>
      <f name="type" value="FVG"/>
      <f name="tense" value="SimPre"/>
      <f name="voice" value="active"/>
    </fs>
  </a>
  <node xml:id="vc-n137"/>
  <a xml:id="vc-N66619" label="vchunk" ref="vc-n137" as="anc">
    <fs>
      <f name="type" value="FVG"/>
      <f name="tense" value="SimPre"/>
      <f name="voice" value="active"/>
    </fs>
  </a>
  <node xml:id="vc-n138"/>
  <a xml:id="vc-N66643" label="vchunk" ref="vc-n138" as="anc">
    <fs>
      <f name="type" value="PART"/>
      <f name="tense" value="Pre"/>
      <f name="voice" value="active"/>
    </fs>
  </a>
  <node xml:id="vc-n139"/>
  <a xml:id="vc-N66667" label="vchunk" ref="vc-n139" as="anc">
    <fs>
      <f name="type" value="FVG"/>
      <f name="tense" value="SimPas"/>
      <f name="voice" value="active"/>
    </fs>
  </a>
  <node xml:id="vc-n14"/>
  <a xml:id="vc-N66691" label="vchunk" ref="vc-n14" as="anc">
    <fs>
      <f name="type" value="NFVG"/>
      <f name="tense" value="Inf"/>
      <f name="voice" value="active"/>
    </fs>
  </a>
  <node xml:id="vc-n140"/>
  <a xml:id="vc-N66715" label="vchunk" ref="vc-n140" as="anc">
    <fs>
      <f name="type" value="MODAL"/>
      <f name="tense" value="none"/>
      <f name="voice" value="none"/>
    </fs>
  </a>
  <node xml:id="vc-n141"/>
  <a xml:id="vc-N66739" label="vchunk" ref="vc-n141" as="anc">
    <fs>
      <f name="type" value="MODAL"/>
      <f name="tense" value="none"/>
      <f name="voice" value="none"/>
    </fs>
  </a>
  <node xml:id="vc-n142"/>
  <a xml:id="vc-N66763" label="vchunk" ref="vc-n142" as="anc">
    <fs>
      <f name="type" value="NFVG"/>
      <f name="tense" value="Inf"/>
      <f name="voice" value="active"/>
    </fs>
  </a>
  <node xml:id="vc-n143"/>
  <a xml:id="vc-N66787" label="vchunk" ref="vc-n143" as="anc">
    <fs>
      <f name="type" value="FVG"/>
      <f name="tense" value="SimPas"/>
      <f name="voice" value="active"/>
    </fs>
  </a>
  <node xml:id="vc-n144"/>
  <a xml:id="vc-N66811" label="vchunk" ref="vc-n144" as="anc">
    <fs>
      <f name="type" value="FVG"/>
      <f name="tense" value="SimPre"/>
      <f name="voice" value="active"/>
    </fs>
  </a>
  <node xml:id="vc-n145"/>
  <a xml:id="vc-N66835" label="vchunk" ref="vc-n145" as="anc">
    <fs>
      <f name="type" value="FVG"/>
      <f name="tense" value="SimPas"/>
      <f name="voice" value="active"/>
    </fs>
  </a>
  <node xml:id="vc-n146"/>
  <a xml:id="vc-N66859" label="vchunk" ref="vc-n146" as="anc">
    <fs>
      <f name="type" value="FVG"/>
      <f name="tense" value="SimPre"/>
      <f name="voice" value="active"/>
    </fs>
  </a>
  <node xml:id="vc-n147"/>
  <a xml:id="vc-N66883" label="vchunk" ref="vc-n147" as="anc">
    <fs>
      <f name="type" value="FVG"/>
      <f name="tense" value="SimPre"/>
      <f name="voice" value="active"/>
    </fs>
  </a>
  <node xml:id="vc-n148"/>
  <a xml:id="vc-N66907" label="vchunk" ref="vc-n148" as="anc">
    <fs>
      <f name="type" value="FVG"/>
      <f name="tense" value="SimPas"/>
      <f name="voice" value="active"/>
    </fs>
  </a>
  <node xml:id="vc-n149"/>
  <a xml:id="vc-N66931" label="vchunk" ref="vc-n149" as="anc">
    <fs>
      <f name="type" value="FVG"/>
      <f name="tense" value="SimPre"/>
      <f name="voice" value="active"/>
    </fs>
  </a>
  <node xml:id="vc-n15"/>
  <a xml:id="vc-N66955" label="vchunk" ref="vc-n15" as="anc">
    <fs>
      <f name="type" value="PART"/>
      <f name="tense" value="Pas"/>
      <f name="voice" value="none"/>
    </fs>
  </a>
  <node xml:id="vc-n150"/>
  <a xml:id="vc-N66979" label="vchunk" ref="vc-n150" as="anc">
    <fs>
      <f name="type" value="FVG"/>
      <f name="tense" value="PrePer"/>
      <f name="voice" value="active"/>
    </fs>
  </a>
  <node xml:id="vc-n151"/>
  <a xml:id="vc-N67003" label="vchunk" ref="vc-n151" as="anc">
    <fs>
      <f name="type" value="FVG"/>
      <f name="tense" value="SimPre"/>
      <f name="voice" value="active"/>
    </fs>
  </a>
  <node xml:id="vc-n152"/>
  <a xml:id="vc-N67027" label="vchunk" ref="vc-n152" as="anc">
    <fs>
      <f name="type" value="FVG"/>
      <f name="tense" value="SimPre"/>
      <f name="voice" value="active"/>
    </fs>
  </a>
  <node xml:id="vc-n153"/>
  <a xml:id="vc-N67051" label="vchunk" ref="vc-n153" as="anc">
    <fs>
      <f name="type" value="FVG"/>
      <f name="tense" value="SimPre"/>
      <f name="voice" value="active"/>
    </fs>
  </a>
  <node xml:id="vc-n154"/>
  <a xml:id="vc-N67075" label="vchunk" ref="vc-n154" as="anc">
    <fs>
      <f name="type" value="FVG"/>
      <f name="tense" value="SimFut"/>
      <f name="voice" value="active"/>
    </fs>
  </a>
  <node xml:id="vc-n155"/>
  <a xml:id="vc-N67099" label="vchunk" ref="vc-n155" as="anc">
    <fs>
      <f name="type" value="FVG"/>
      <f name="tense" value="SimPre"/>
      <f name="voice" value="active"/>
    </fs>
  </a>
  <node xml:id="vc-n156"/>
  <a xml:id="vc-N67123" label="vchunk" ref="vc-n156" as="anc">
    <fs>
      <f name="type" value="FVG"/>
      <f name="tense" value="PrePer"/>
      <f name="voice" value="active"/>
    </fs>
  </a>
  <node xml:id="vc-n157"/>
  <a xml:id="vc-N67147" label="vchunk" ref="vc-n157" as="anc">
    <fs>
      <f name="type" value="FVG"/>
      <f name="tense" value="SimPas"/>
      <f name="voice" value="active"/>
    </fs>
  </a>
  <node xml:id="vc-n158"/>
  <a xml:id="vc-N67171" label="vchunk" ref="vc-n158" as="anc">
    <fs>
      <f name="type" value="FVG"/>
      <f name="tense" value="SimPas"/>
      <f name="voice" value="active"/>
    </fs>
  </a>
  <node xml:id="vc-n159"/>
  <a xml:id="vc-N67195" label="vchunk" ref="vc-n159" as="anc">
    <fs>
      <f name="type" value="MODAL"/>
      <f name="tense" value="none"/>
      <f name="voice" value="none"/>
    </fs>
  </a>
  <node xml:id="vc-n16"/>
  <a xml:id="vc-N67219" label="vchunk" ref="vc-n16" as="anc">
    <fs>
      <f name="type" value="FVG"/>
      <f name="tense" value="SimPre"/>
      <f name="voice" value="active"/>
    </fs>
  </a>
  <node xml:id="vc-n160"/>
  <a xml:id="vc-N67243" label="vchunk" ref="vc-n160" as="anc">
    <fs>
      <f name="type" value="PART"/>
      <f name="tense" value="Pre"/>
      <f name="voice" value="active"/>
    </fs>
  </a>
  <node xml:id="vc-n161"/>
  <a xml:id="vc-N67267" label="vchunk" ref="vc-n161" as="anc">
    <fs>
      <f name="type" value="FVG"/>
      <f name="tense" value="SimPas"/>
      <f name="voice" value="active"/>
    </fs>
  </a>
  <node xml:id="vc-n162"/>
  <a xml:id="vc-N67291" label="vchunk" ref="vc-n162" as="anc">
    <fs>
      <f name="type" value="FVG"/>
      <f name="tense" value="SimPas"/>
      <f name="voice" value="active"/>
    </fs>
  </a>
  <node xml:id="vc-n163"/>
  <a xml:id="vc-N67315" label="vchunk" ref="vc-n163" as="anc">
    <fs>
      <f name="type" value="FVG"/>
      <f name="tense" value="SimPas"/>
      <f name="voice" value="passive"/>
    </fs>
  </a>
  <node xml:id="vc-n164"/>
  <a xml:id="vc-N67339" label="vchunk" ref="vc-n164" as="anc">
    <fs>
      <f name="type" value="PART"/>
      <f name="tense" value="Pre"/>
      <f name="voice" value="active"/>
    </fs>
  </a>
  <node xml:id="vc-n165"/>
  <a xml:id="vc-N67363" label="vchunk" ref="vc-n165" as="anc">
    <fs>
      <f name="type" value="FVG"/>
      <f name="tense" value="SimPas"/>
      <f name="voice" value="active"/>
    </fs>
  </a>
  <node xml:id="vc-n166"/>
  <a xml:id="vc-N67387" label="vchunk" ref="vc-n166" as="anc">
    <fs>
      <f name="type" value="FVG"/>
      <f name="tense" value="PrePer"/>
      <f name="voice" value="active"/>
    </fs>
  </a>
  <node xml:id="vc-n167"/>
  <a xml:id="vc-N67411" label="vchunk" ref="vc-n167" as="anc">
    <fs>
      <f name="type" value="NFVG"/>
      <f name="tense" value="Inf"/>
      <f name="voice" value="active"/>
    </fs>
  </a>
  <node xml:id="vc-n168"/>
  <a xml:id="vc-N67435" label="vchunk" ref="vc-n168" as="anc">
    <fs>
      <f name="type" value="FVG"/>
      <f name="tense" value="SimPre"/>
      <f name="voice" value="active"/>
    </fs>
  </a>
  <node xml:id="vc-n169"/>
  <a xml:id="vc-N67459" label="vchunk" ref="vc-n169" as="anc">
    <fs>
      <f name="type" value="FVG"/>
      <f name="tense" value="SimPre"/>
      <f name="voice" value="active"/>
    </fs>
  </a>
  <node xml:id="vc-n17"/>
  <a xml:id="vc-N67483" label="vchunk" ref="vc-n17" as="anc">
    <fs>
      <f name="type" value="FVG"/>
      <f name="tense" value="SimFut"/>
      <f name="voice" value="active"/>
    </fs>
  </a>
  <node xml:id="vc-n170"/>
  <a xml:id="vc-N67507" label="vchunk" ref="vc-n170" as="anc">
    <fs>
      <f name="type" value="PART"/>
      <f name="tense" value="Pre"/>
      <f name="voice" value="active"/>
    </fs>
  </a>
  <node xml:id="vc-n171"/>
  <a xml:id="vc-N67531" label="vchunk" ref="vc-n171" as="anc">
    <fs>
      <f name="type" value="FVG"/>
      <f name="tense" value="SimPre"/>
      <f name="voice" value="active"/>
    </fs>
  </a>
  <node xml:id="vc-n172"/>
  <a xml:id="vc-N67555" label="vchunk" ref="vc-n172" as="anc">
    <fs>
      <f name="type" value="FVG"/>
      <f name="tense" value="SimPre"/>
      <f name="voice" value="active"/>
    </fs>
  </a>
  <node xml:id="vc-n173"/>
  <a xml:id="vc-N67579" label="vchunk" ref="vc-n173" as="anc">
    <fs>
      <f name="type" value="FVG"/>
      <f name="tense" value="SimPre"/>
      <f name="voice" value="active"/>
    </fs>
  </a>
  <node xml:id="vc-n174"/>
  <a xml:id="vc-N67603" label="vchunk" ref="vc-n174" as="anc">
    <fs>
      <f name="type" value="FVG"/>
      <f name="tense" value="SimPre"/>
      <f name="voice" value="active"/>
    </fs>
  </a>
  <node xml:id="vc-n175"/>
  <a xml:id="vc-N67627" label="vchunk" ref="vc-n175" as="anc">
    <fs>
      <f name="type" value="PART"/>
      <f name="tense" value="Pre"/>
      <f name="voice" value="active"/>
    </fs>
  </a>
  <node xml:id="vc-n176"/>
  <a xml:id="vc-N67651" label="vchunk" ref="vc-n176" as="anc">
    <fs>
      <f name="type" value="FVG"/>
      <f name="tense" value="SimPas"/>
      <f name="voice" value="active"/>
    </fs>
  </a>
  <node xml:id="vc-n177"/>
  <a xml:id="vc-N67675" label="vchunk" ref="vc-n177" as="anc">
    <fs>
      <f name="type" value="NFVG"/>
      <f name="tense" value="Inf"/>
      <f name="voice" value="active"/>
    </fs>
  </a>
  <node xml:id="vc-n178"/>
  <a xml:id="vc-N67699" label="vchunk" ref="vc-n178" as="anc">
    <fs>
      <f name="type" value="NFVG"/>
      <f name="tense" value="Inf"/>
      <f name="voice" value="active"/>
    </fs>
  </a>
  <node xml:id="vc-n179"/>
  <a xml:id="vc-N67723" label="vchunk" ref="vc-n179" as="anc">
    <fs>
      <f name="type" value="FVG"/>
      <f name="tense" value="SimPre"/>
      <f name="voice" value="active"/>
    </fs>
  </a>
  <node xml:id="vc-n18"/>
  <a xml:id="vc-N67747" label="vchunk" ref="vc-n18" as="anc">
    <fs>
      <f name="type" value="PART"/>
      <f name="tense" value="Pre"/>
      <f name="voice" value="active"/>
    </fs>
  </a>
  <node xml:id="vc-n180"/>
  <a xml:id="vc-N67771" label="vchunk" ref="vc-n180" as="anc">
    <fs>
      <f name="type" value="FVG"/>
      <f name="tense" value="SimPre"/>
      <f name="voice" value="active"/>
    </fs>
  </a>
  <node xml:id="vc-n181"/>
  <a xml:id="vc-N67795" label="vchunk" ref="vc-n181" as="anc">
    <fs>
      <f name="type" value="NFVG"/>
      <f name="tense" value="Inf"/>
      <f name="voice" value="active"/>
    </fs>
  </a>
  <node xml:id="vc-n182"/>
  <a xml:id="vc-N67819" label="vchunk" ref="vc-n182" as="anc">
    <fs>
      <f name="type" value="FVG"/>
      <f name="tense" value="SimPre"/>
      <f name="voice" value="active"/>
    </fs>
  </a>
  <node xml:id="vc-n183"/>
  <a xml:id="vc-N67843" label="vchunk" ref="vc-n183" as="anc">
    <fs>
      <f name="type" value="MODAL"/>
      <f name="tense" value="none"/>
      <f name="voice" value="none"/>
    </fs>
  </a>
  <node xml:id="vc-n184"/>
  <a xml:id="vc-N67867" label="vchunk" ref="vc-n184" as="anc">
    <fs>
      <f name="type" value="FVG"/>
      <f name="tense" value="SimPre"/>
      <f name="voice" value="active"/>
    </fs>
  </a>
  <node xml:id="vc-n185"/>
  <a xml:id="vc-N67891" label="vchunk" ref="vc-n185" as="anc">
    <fs>
      <f name="type" value="FVG"/>
      <f name="tense" value="SimPre"/>
      <f name="voice" value="active"/>
    </fs>
  </a>
  <node xml:id="vc-n186"/>
  <a xml:id="vc-N67915" label="vchunk" ref="vc-n186" as="anc">
    <fs>
      <f name="type" value="FVG"/>
      <f name="tense" value="SimPre"/>
      <f name="voice" value="active"/>
      <f name="neg" value="yes"/>
    </fs>
  </a>
  <node xml:id="vc-n187"/>
  <a xml:id="vc-N67943" label="vchunk" ref="vc-n187" as="anc">
    <fs>
      <f name="type" value="FVG"/>
      <f name="tense" value="SimPre"/>
      <f name="voice" value="active"/>
    </fs>
  </a>
  <node xml:id="vc-n188"/>
  <a xml:id="vc-N67967" label="vchunk" ref="vc-n188" as="anc">
    <fs>
      <f name="type" value="MODAL"/>
      <f name="tense" value="none"/>
      <f name="voice" value="none"/>
    </fs>
  </a>
  <node xml:id="vc-n189"/>
  <a xml:id="vc-N67991" label="vchunk" ref="vc-n189" as="anc">
    <fs>
      <f name="type" value="FVG"/>
      <f name="tense" value="SimPas"/>
      <f name="voice" value="active"/>
    </fs>
  </a>
  <node xml:id="vc-n19"/>
  <a xml:id="vc-N68015" label="vchunk" ref="vc-n19" as="anc">
    <fs>
      <f name="type" value="FVG"/>
      <f name="tense" value="SimPre"/>
      <f name="voice" value="active"/>
    </fs>
  </a>
  <node xml:id="vc-n190"/>
  <a xml:id="vc-N68039" label="vchunk" ref="vc-n190" as="anc">
    <fs>
      <f name="type" value="FVG"/>
      <f name="tense" value="SimPre"/>
      <f name="voice" value="active"/>
    </fs>
  </a>
  <node xml:id="vc-n191"/>
  <a xml:id="vc-N68063" label="vchunk" ref="vc-n191" as="anc">
    <fs>
      <f name="type" value="MODAL"/>
      <f name="tense" value="none"/>
      <f name="voice" value="none"/>
    </fs>
  </a>
  <node xml:id="vc-n192"/>
  <a xml:id="vc-N68087" label="vchunk" ref="vc-n192" as="anc">
    <fs>
      <f name="type" value="FVG"/>
      <f name="tense" value="SimPas"/>
      <f name="voice" value="active"/>
    </fs>
  </a>
  <node xml:id="vc-n193"/>
  <a xml:id="vc-N68111" label="vchunk" ref="vc-n193" as="anc">
    <fs>
      <f name="type" value="NFVG"/>
      <f name="tense" value="Inf"/>
      <f name="voice" value="active"/>
    </fs>
  </a>
  <node xml:id="vc-n194"/>
  <a xml:id="vc-N68135" label="vchunk" ref="vc-n194" as="anc">
    <fs>
      <f name="type" value="NFVG"/>
      <f name="tense" value="Inf"/>
      <f name="voice" value="passive"/>
    </fs>
  </a>
  <node xml:id="vc-n195"/>
  <a xml:id="vc-N68159" label="vchunk" ref="vc-n195" as="anc">
    <fs>
      <f name="type" value="PART"/>
      <f name="tense" value="Pas"/>
      <f name="voice" value="none"/>
    </fs>
  </a>
  <node xml:id="vc-n196"/>
  <a xml:id="vc-N68183" label="vchunk" ref="vc-n196" as="anc">
    <fs>
      <f name="type" value="FVG"/>
      <f name="tense" value="SimPas"/>
      <f name="voice" value="active"/>
    </fs>
  </a>
  <node xml:id="vc-n197"/>
  <a xml:id="vc-N68207" label="vchunk" ref="vc-n197" as="anc">
    <fs>
      <f name="type" value="FVG"/>
      <f name="tense" value="PrePer"/>
      <f name="voice" value="active"/>
    </fs>
  </a>
  <node xml:id="vc-n198"/>
  <a xml:id="vc-N68231" label="vchunk" ref="vc-n198" as="anc">
    <fs>
      <f name="type" value="PART"/>
      <f name="tense" value="Pre"/>
      <f name="voice" value="active"/>
    </fs>
  </a>
  <node xml:id="vc-n199"/>
  <a xml:id="vc-N68255" label="vchunk" ref="vc-n199" as="anc">
    <fs>
      <f name="type" value="MODAL"/>
      <f name="tense" value="none"/>
      <f name="voice" value="none"/>
    </fs>
  </a>
  <node xml:id="vc-n2"/>
  <a xml:id="vc-N68279" label="vchunk" ref="vc-n2" as="anc">
    <fs>
      <f name="type" value="FVG"/>
      <f name="tense" value="SimPas"/>
      <f name="voice" value="passive"/>
    </fs>
  </a>
  <node xml:id="vc-n20"/>
  <a xml:id="vc-N68303" label="vchunk" ref="vc-n20" as="anc">
    <fs>
      <f name="type" value="PART"/>
      <f name="tense" value="Pas"/>
      <f name="voice" value="none"/>
    </fs>
  </a>
  <node xml:id="vc-n200"/>
  <a xml:id="vc-N68327" label="vchunk" ref="vc-n200" as="anc">
    <fs>
      <f name="type" value="FVG"/>
      <f name="tense" value="SimPas"/>
      <f name="voice" value="active"/>
    </fs>
  </a>
  <node xml:id="vc-n201"/>
  <a xml:id="vc-N68351" label="vchunk" ref="vc-n201" as="anc">
    <fs>
      <f name="type" value="FVG"/>
      <f name="tense" value="SimPas"/>
      <f name="voice" value="active"/>
    </fs>
  </a>
  <node xml:id="vc-n202"/>
  <a xml:id="vc-N68375" label="vchunk" ref="vc-n202" as="anc">
    <fs>
      <f name="type" value="PART"/>
      <f name="tense" value="Pre"/>
      <f name="voice" value="active"/>
    </fs>
  </a>
  <node xml:id="vc-n203"/>
  <a xml:id="vc-N68399" label="vchunk" ref="vc-n203" as="anc">
    <fs>
      <f name="type" value="PART"/>
      <f name="tense" value="Pre"/>
      <f name="voice" value="active"/>
    </fs>
  </a>
  <node xml:id="vc-n204"/>
  <a xml:id="vc-N68423" label="vchunk" ref="vc-n204" as="anc">
    <fs>
      <f name="type" value="NFVG"/>
      <f name="tense" value="Inf"/>
      <f name="voice" value="active"/>
    </fs>
  </a>
  <node xml:id="vc-n205"/>
  <a xml:id="vc-N68447" label="vchunk" ref="vc-n205" as="anc">
    <fs>
      <f name="type" value="FVG"/>
      <f name="tense" value="SimPas"/>
      <f name="voice" value="active"/>
    </fs>
  </a>
  <node xml:id="vc-n206"/>
  <a xml:id="vc-N68471" label="vchunk" ref="vc-n206" as="anc">
    <fs>
      <f name="type" value="NFVG"/>
      <f name="tense" value="Inf"/>
      <f name="voice" value="active"/>
    </fs>
  </a>
  <node xml:id="vc-n207"/>
  <a xml:id="vc-N68495" label="vchunk" ref="vc-n207" as="anc">
    <fs>
      <f name="type" value="PART"/>
      <f name="tense" value="Pre"/>
      <f name="voice" value="active"/>
    </fs>
  </a>
  <node xml:id="vc-n208"/>
  <a xml:id="vc-N68519" label="vchunk" ref="vc-n208" as="anc">
    <fs>
      <f name="type" value="PART"/>
      <f name="tense" value="Pre"/>
      <f name="voice" value="active"/>
    </fs>
  </a>
  <node xml:id="vc-n209"/>
  <a xml:id="vc-N68543" label="vchunk" ref="vc-n209" as="anc">
    <fs>
      <f name="type" value="FVG"/>
      <f name="tense" value="SimPas"/>
      <f name="voice" value="active"/>
    </fs>
  </a>
  <node xml:id="vc-n21"/>
  <a xml:id="vc-N68567" label="vchunk" ref="vc-n21" as="anc">
    <fs>
      <f name="type" value="PART"/>
      <f name="tense" value="Pas"/>
      <f name="voice" value="none"/>
    </fs>
  </a>
  <node xml:id="vc-n210"/>
  <a xml:id="vc-N68591" label="vchunk" ref="vc-n210" as="anc">
    <fs>
      <f name="type" value="PART"/>
      <f name="tense" value="Pas"/>
      <f name="voice" value="none"/>
    </fs>
  </a>
  <node xml:id="vc-n211"/>
  <a xml:id="vc-N68615" label="vchunk" ref="vc-n211" as="anc">
    <fs>
      <f name="type" value="FVG"/>
      <f name="tense" value="SimPas"/>
      <f name="voice" value="active"/>
    </fs>
  </a>
  <node xml:id="vc-n212"/>
  <a xml:id="vc-N68639" label="vchunk" ref="vc-n212" as="anc">
    <fs>
      <f name="type" value="FVG"/>
      <f name="tense" value="SimPas"/>
      <f name="voice" value="active"/>
    </fs>
  </a>
  <node xml:id="vc-n213"/>
  <a xml:id="vc-N68663" label="vchunk" ref="vc-n213" as="anc">
    <fs>
      <f name="type" value="FVG"/>
      <f name="tense" value="SimPre"/>
      <f name="voice" value="active"/>
    </fs>
  </a>
  <node xml:id="vc-n214"/>
  <a xml:id="vc-N68687" label="vchunk" ref="vc-n214" as="anc">
    <fs>
      <f name="type" value="FVG"/>
      <f name="tense" value="SimPre"/>
      <f name="voice" value="active"/>
    </fs>
  </a>
  <node xml:id="vc-n215"/>
  <a xml:id="vc-N68711" label="vchunk" ref="vc-n215" as="anc">
    <fs>
      <f name="type" value="FVG"/>
      <f name="tense" value="SimPre"/>
      <f name="voice" value="active"/>
    </fs>
  </a>
  <node xml:id="vc-n216"/>
  <a xml:id="vc-N68735" label="vchunk" ref="vc-n216" as="anc">
    <fs>
      <f name="type" value="FVG"/>
      <f name="tense" value="SimPre"/>
      <f name="voice" value="active"/>
    </fs>
  </a>
  <node xml:id="vc-n217"/>
  <a xml:id="vc-N68759" label="vchunk" ref="vc-n217" as="anc">
    <fs>
      <f name="type" value="FVG"/>
      <f name="tense" value="SimPre"/>
      <f name="voice" value="active"/>
    </fs>
  </a>
  <node xml:id="vc-n218"/>
  <a xml:id="vc-N68783" label="vchunk" ref="vc-n218" as="anc">
    <fs>
      <f name="type" value="FVG"/>
      <f name="tense" value="SimPre"/>
      <f name="voice" value="active"/>
    </fs>
  </a>
  <node xml:id="vc-n219"/>
  <a xml:id="vc-N68807" label="vchunk" ref="vc-n219" as="anc">
    <fs>
      <f name="type" value="PART"/>
      <f name="tense" value="Pre"/>
      <f name="voice" value="active"/>
    </fs>
  </a>
  <node xml:id="vc-n22"/>
  <a xml:id="vc-N68831" label="vchunk" ref="vc-n22" as="anc">
    <fs>
      <f name="type" value="MODAL"/>
      <f name="tense" value="none"/>
      <f name="voice" value="none"/>
    </fs>
  </a>
  <node xml:id="vc-n220"/>
  <a xml:id="vc-N68855" label="vchunk" ref="vc-n220" as="anc">
    <fs>
      <f name="type" value="NFVG"/>
      <f name="tense" value="Inf"/>
      <f name="voice" value="active"/>
    </fs>
  </a>
  <node xml:id="vc-n221"/>
  <a xml:id="vc-N68879" label="vchunk" ref="vc-n221" as="anc">
    <fs>
      <f name="type" value="FVG"/>
      <f name="tense" value="SimPas"/>
      <f name="voice" value="active"/>
    </fs>
  </a>
  <node xml:id="vc-n222"/>
  <a xml:id="vc-N68903" label="vchunk" ref="vc-n222" as="anc">
    <fs>
      <f name="type" value="FVG"/>
      <f name="tense" value="SimPre"/>
      <f name="voice" value="active"/>
    </fs>
  </a>
  <node xml:id="vc-n223"/>
  <a xml:id="vc-N68927" label="vchunk" ref="vc-n223" as="anc">
    <fs>
      <f name="type" value="PART"/>
      <f name="tense" value="Pre"/>
      <f name="voice" value="active"/>
    </fs>
  </a>
  <node xml:id="vc-n224"/>
  <a xml:id="vc-N68951" label="vchunk" ref="vc-n224" as="anc">
    <fs>
      <f name="type" value="FVG"/>
      <f name="tense" value="PasPer"/>
      <f name="voice" value="active"/>
    </fs>
  </a>
  <node xml:id="vc-n225"/>
  <a xml:id="vc-N68975" label="vchunk" ref="vc-n225" as="anc">
    <fs>
      <f name="type" value="PART"/>
      <f name="tense" value="Pre"/>
      <f name="voice" value="active"/>
    </fs>
  </a>
  <node xml:id="vc-n226"/>
  <a xml:id="vc-N68999" label="vchunk" ref="vc-n226" as="anc">
    <fs>
      <f name="type" value="MODAL"/>
      <f name="tense" value="none"/>
      <f name="voice" value="none"/>
    </fs>
  </a>
  <node xml:id="vc-n227"/>
  <a xml:id="vc-N69023" label="vchunk" ref="vc-n227" as="anc">
    <fs>
      <f name="type" value="NFVG"/>
      <f name="tense" value="Inf"/>
      <f name="voice" value="active"/>
    </fs>
  </a>
  <node xml:id="vc-n228"/>
  <a xml:id="vc-N69047" label="vchunk" ref="vc-n228" as="anc">
    <fs>
      <f name="type" value="PART"/>
      <f name="tense" value="Pre"/>
      <f name="voice" value="active"/>
    </fs>
  </a>
  <node xml:id="vc-n229"/>
  <a xml:id="vc-N69071" label="vchunk" ref="vc-n229" as="anc">
    <fs>
      <f name="type" value="FVG"/>
      <f name="tense" value="SimPre"/>
      <f name="voice" value="active"/>
    </fs>
  </a>
  <node xml:id="vc-n23"/>
  <a xml:id="vc-N69095" label="vchunk" ref="vc-n23" as="anc">
    <fs>
      <f name="type" value="PART"/>
      <f name="tense" value="Pre"/>
      <f name="voice" value="active"/>
    </fs>
  </a>
  <node xml:id="vc-n230"/>
  <a xml:id="vc-N69119" label="vchunk" ref="vc-n230" as="anc">
    <fs>
      <f name="type" value="FVG"/>
      <f name="tense" value="SimPre"/>
      <f name="voice" value="active"/>
    </fs>
  </a>
  <node xml:id="vc-n231"/>
  <a xml:id="vc-N69143" label="vchunk" ref="vc-n231" as="anc">
    <fs>
      <f name="type" value="NFVG"/>
      <f name="tense" value="Inf"/>
      <f name="voice" value="active"/>
    </fs>
  </a>
  <node xml:id="vc-n232"/>
  <a xml:id="vc-N69167" label="vchunk" ref="vc-n232" as="anc">
    <fs>
      <f name="type" value="PART"/>
      <f name="tense" value="Pas"/>
      <f name="voice" value="none"/>
    </fs>
  </a>
  <node xml:id="vc-n233"/>
  <a xml:id="vc-N69191" label="vchunk" ref="vc-n233" as="anc">
    <fs>
      <f name="type" value="FVG"/>
      <f name="tense" value="PreCon"/>
      <f name="voice" value="active"/>
    </fs>
  </a>
  <node xml:id="vc-n234"/>
  <a xml:id="vc-N69215" label="vchunk" ref="vc-n234" as="anc">
    <fs>
      <f name="type" value="FVG"/>
      <f name="tense" value="SimPre"/>
      <f name="voice" value="active"/>
    </fs>
  </a>
  <node xml:id="vc-n235"/>
  <a xml:id="vc-N69239" label="vchunk" ref="vc-n235" as="anc">
    <fs>
      <f name="type" value="NFVG"/>
      <f name="tense" value="Inf"/>
      <f name="voice" value="active"/>
    </fs>
  </a>
  <node xml:id="vc-n236"/>
  <a xml:id="vc-N69263" label="vchunk" ref="vc-n236" as="anc">
    <fs>
      <f name="type" value="PART"/>
      <f name="tense" value="Pas"/>
      <f name="voice" value="none"/>
    </fs>
  </a>
  <node xml:id="vc-n237"/>
  <a xml:id="vc-N69287" label="vchunk" ref="vc-n237" as="anc">
    <fs>
      <f name="type" value="FVG"/>
      <f name="tense" value="SimPas"/>
      <f name="voice" value="active"/>
    </fs>
  </a>
  <node xml:id="vc-n238"/>
  <a xml:id="vc-N69311" label="vchunk" ref="vc-n238" as="anc">
    <fs>
      <f name="type" value="FVG"/>
      <f name="tense" value="SimPre"/>
      <f name="voice" value="active"/>
    </fs>
  </a>
  <node xml:id="vc-n239"/>
  <a xml:id="vc-N69335" label="vchunk" ref="vc-n239" as="anc">
    <fs>
      <f name="type" value="FVG"/>
      <f name="tense" value="SimPre"/>
      <f name="voice" value="active"/>
    </fs>
  </a>
  <node xml:id="vc-n24"/>
  <a xml:id="vc-N69359" label="vchunk" ref="vc-n24" as="anc">
    <fs>
      <f name="type" value="FVG"/>
      <f name="tense" value="SimPre"/>
      <f name="voice" value="active"/>
    </fs>
  </a>
  <node xml:id="vc-n240"/>
  <a xml:id="vc-N69383" label="vchunk" ref="vc-n240" as="anc">
    <fs>
      <f name="type" value="FVG"/>
      <f name="tense" value="SimPas"/>
      <f name="voice" value="active"/>
    </fs>
  </a>
  <node xml:id="vc-n241"/>
  <a xml:id="vc-N69407" label="vchunk" ref="vc-n241" as="anc">
    <fs>
      <f name="type" value="FVG"/>
      <f name="tense" value="SimPre"/>
      <f name="voice" value="active"/>
    </fs>
  </a>
  <node xml:id="vc-n242"/>
  <a xml:id="vc-N69431" label="vchunk" ref="vc-n242" as="anc">
    <fs>
      <f name="type" value="PART"/>
      <f name="tense" value="Pre"/>
      <f name="voice" value="active"/>
    </fs>
  </a>
  <node xml:id="vc-n243"/>
  <a xml:id="vc-N69455" label="vchunk" ref="vc-n243" as="anc">
    <fs>
      <f name="type" value="FVG"/>
      <f name="tense" value="SimPre"/>
      <f name="voice" value="active"/>
    </fs>
  </a>
  <node xml:id="vc-n244"/>
  <a xml:id="vc-N69479" label="vchunk" ref="vc-n244" as="anc">
    <fs>
      <f name="type" value="FVG"/>
      <f name="tense" value="SimPas"/>
      <f name="voice" value="active"/>
    </fs>
  </a>
  <node xml:id="vc-n245"/>
  <a xml:id="vc-N69503" label="vchunk" ref="vc-n245" as="anc">
    <fs>
      <f name="type" value="FVG"/>
      <f name="tense" value="SimPre"/>
      <f name="voice" value="active"/>
    </fs>
  </a>
  <node xml:id="vc-n246"/>
  <a xml:id="vc-N69527" label="vchunk" ref="vc-n246" as="anc">
    <fs>
      <f name="type" value="PART"/>
      <f name="tense" value="Pas"/>
      <f name="voice" value="none"/>
    </fs>
  </a>
  <node xml:id="vc-n247"/>
  <a xml:id="vc-N69551" label="vchunk" ref="vc-n247" as="anc">
    <fs>
      <f name="type" value="FVG"/>
      <f name="tense" value="SimPas"/>
      <f name="voice" value="active"/>
    </fs>
  </a>
  <node xml:id="vc-n248"/>
  <a xml:id="vc-N69575" label="vchunk" ref="vc-n248" as="anc">
    <fs>
      <f name="type" value="FVG"/>
      <f name="tense" value="SimPre"/>
      <f name="voice" value="passive"/>
    </fs>
  </a>
  <node xml:id="vc-n249"/>
  <a xml:id="vc-N69599" label="vchunk" ref="vc-n249" as="anc">
    <fs>
      <f name="type" value="FVG"/>
      <f name="tense" value="SimFut"/>
      <f name="voice" value="active"/>
    </fs>
  </a>
  <node xml:id="vc-n25"/>
  <a xml:id="vc-N69623" label="vchunk" ref="vc-n25" as="anc">
    <fs>
      <f name="type" value="FVG"/>
      <f name="tense" value="SimPre"/>
      <f name="voice" value="active"/>
    </fs>
  </a>
  <node xml:id="vc-n250"/>
  <a xml:id="vc-N69647" label="vchunk" ref="vc-n250" as="anc">
    <fs>
      <f name="type" value="FVG"/>
      <f name="tense" value="SimPre"/>
      <f name="voice" value="active"/>
    </fs>
  </a>
  <node xml:id="vc-n251"/>
  <a xml:id="vc-N69671" label="vchunk" ref="vc-n251" as="anc">
    <fs>
      <f name="type" value="FVG"/>
      <f name="tense" value="SimPre"/>
      <f name="voice" value="active"/>
    </fs>
  </a>
  <node xml:id="vc-n252"/>
  <a xml:id="vc-N69695" label="vchunk" ref="vc-n252" as="anc">
    <fs>
      <f name="type" value="FVG"/>
      <f name="tense" value="SimPre"/>
      <f name="voice" value="active"/>
    </fs>
  </a>
  <node xml:id="vc-n253"/>
  <a xml:id="vc-N69719" label="vchunk" ref="vc-n253" as="anc">
    <fs>
      <f name="type" value="NFVG"/>
      <f name="tense" value="Inf"/>
      <f name="voice" value="active"/>
    </fs>
  </a>
  <node xml:id="vc-n254"/>
  <a xml:id="vc-N69743" label="vchunk" ref="vc-n254" as="anc">
    <fs>
      <f name="type" value="FVG"/>
      <f name="tense" value="SimPas"/>
      <f name="voice" value="active"/>
    </fs>
  </a>
  <node xml:id="vc-n255"/>
  <a xml:id="vc-N69767" label="vchunk" ref="vc-n255" as="anc">
    <fs>
      <f name="type" value="FVG"/>
      <f name="tense" value="SimPre"/>
      <f name="voice" value="active"/>
    </fs>
  </a>
  <node xml:id="vc-n256"/>
  <a xml:id="vc-N69791" label="vchunk" ref="vc-n256" as="anc">
    <fs>
      <f name="type" value="FVG"/>
      <f name="tense" value="SimPre"/>
      <f name="voice" value="active"/>
    </fs>
  </a>
  <node xml:id="vc-n257"/>
  <a xml:id="vc-N69815" label="vchunk" ref="vc-n257" as="anc">
    <fs>
      <f name="type" value="NFVG"/>
      <f name="tense" value="Inf"/>
      <f name="voice" value="passive"/>
    </fs>
  </a>
  <node xml:id="vc-n258"/>
  <a xml:id="vc-N69839" label="vchunk" ref="vc-n258" as="anc">
    <fs>
      <f name="type" value="SPECIAL"/>
      <f name="tense" value="Pre"/>
      <f name="voice" value="none"/>
    </fs>
  </a>
  <node xml:id="vc-n259"/>
  <a xml:id="vc-N69863" label="vchunk" ref="vc-n259" as="anc">
    <fs>
      <f name="type" value="FVG"/>
      <f name="tense" value="PrePer"/>
      <f name="voice" value="active"/>
    </fs>
  </a>
  <node xml:id="vc-n26"/>
  <a xml:id="vc-N69887" label="vchunk" ref="vc-n26" as="anc">
    <fs>
      <f name="type" value="PART"/>
      <f name="tense" value="Pre"/>
      <f name="voice" value="active"/>
    </fs>
  </a>
  <node xml:id="vc-n260"/>
  <a xml:id="vc-N69911" label="vchunk" ref="vc-n260" as="anc">
    <fs>
      <f name="type" value="PART"/>
      <f name="tense" value="Pre"/>
      <f name="voice" value="active"/>
    </fs>
  </a>
  <node xml:id="vc-n261"/>
  <a xml:id="vc-N69935" label="vchunk" ref="vc-n261" as="anc">
    <fs>
      <f name="type" value="PART"/>
      <f name="tense" value="Pas"/>
      <f name="voice" value="none"/>
    </fs>
  </a>
  <node xml:id="vc-n262"/>
  <a xml:id="vc-N69959" label="vchunk" ref="vc-n262" as="anc">
    <fs>
      <f name="type" value="FVG"/>
      <f name="tense" value="SimFut"/>
      <f name="voice" value="active"/>
      <f name="neg" value="yes"/>
    </fs>
  </a>
  <node xml:id="vc-n263"/>
  <a xml:id="vc-N69987" label="vchunk" ref="vc-n263" as="anc">
    <fs>
      <f name="type" value="PART"/>
      <f name="tense" value="Pas"/>
      <f name="voice" value="none"/>
    </fs>
  </a>
  <node xml:id="vc-n264"/>
  <a xml:id="vc-N70011" label="vchunk" ref="vc-n264" as="anc">
    <fs>
      <f name="type" value="MODAL"/>
      <f name="tense" value="none"/>
      <f name="voice" value="none"/>
    </fs>
  </a>
  <node xml:id="vc-n265"/>
  <a xml:id="vc-N70035" label="vchunk" ref="vc-n265" as="anc">
    <fs>
      <f name="type" value="PART"/>
      <f name="tense" value="Pre"/>
      <f name="voice" value="active"/>
    </fs>
  </a>
  <node xml:id="vc-n266"/>
  <a xml:id="vc-N70059" label="vchunk" ref="vc-n266" as="anc">
    <fs>
      <f name="type" value="FVG"/>
      <f name="tense" value="SimPre"/>
      <f name="voice" value="active"/>
    </fs>
  </a>
  <node xml:id="vc-n267"/>
  <a xml:id="vc-N70083" label="vchunk" ref="vc-n267" as="anc">
    <fs>
      <f name="type" value="FVG"/>
      <f name="tense" value="SimPre"/>
      <f name="voice" value="active"/>
    </fs>
  </a>
  <node xml:id="vc-n268"/>
  <a xml:id="vc-N70107" label="vchunk" ref="vc-n268" as="anc">
    <fs>
      <f name="type" value="FVG"/>
      <f name="tense" value="PreCon"/>
      <f name="voice" value="active"/>
      <f name="neg" value="yes"/>
    </fs>
  </a>
  <node xml:id="vc-n269"/>
  <a xml:id="vc-N70135" label="vchunk" ref="vc-n269" as="anc">
    <fs>
      <f name="type" value="FVG"/>
      <f name="tense" value="SimPas"/>
      <f name="voice" value="passive"/>
    </fs>
  </a>
  <node xml:id="vc-n27"/>
  <a xml:id="vc-N70159" label="vchunk" ref="vc-n27" as="anc">
    <fs>
      <f name="type" value="FVG"/>
      <f name="tense" value="SimPre"/>
      <f name="voice" value="passive"/>
    </fs>
  </a>
  <node xml:id="vc-n270"/>
  <a xml:id="vc-N70183" label="vchunk" ref="vc-n270" as="anc">
    <fs>
      <f name="type" value="NFVG"/>
      <f name="tense" value="Inf"/>
      <f name="voice" value="active"/>
    </fs>
  </a>
  <node xml:id="vc-n271"/>
  <a xml:id="vc-N70207" label="vchunk" ref="vc-n271" as="anc">
    <fs>
      <f name="type" value="FVG"/>
      <f name="tense" value="SimPre"/>
      <f name="voice" value="active"/>
    </fs>
  </a>
  <node xml:id="vc-n272"/>
  <a xml:id="vc-N70231" label="vchunk" ref="vc-n272" as="anc">
    <fs>
      <f name="type" value="PART"/>
      <f name="tense" value="Pre"/>
      <f name="voice" value="active"/>
    </fs>
  </a>
  <node xml:id="vc-n273"/>
  <a xml:id="vc-N70255" label="vchunk" ref="vc-n273" as="anc">
    <fs>
      <f name="type" value="FVG"/>
      <f name="tense" value="SimPre"/>
      <f name="voice" value="active"/>
    </fs>
  </a>
  <node xml:id="vc-n274"/>
  <a xml:id="vc-N70279" label="vchunk" ref="vc-n274" as="anc">
    <fs>
      <f name="type" value="FVG"/>
      <f name="tense" value="SimPre"/>
      <f name="voice" value="active"/>
    </fs>
  </a>
  <node xml:id="vc-n275"/>
  <a xml:id="vc-N70303" label="vchunk" ref="vc-n275" as="anc">
    <fs>
      <f name="type" value="FVG"/>
      <f name="tense" value="SimPre"/>
      <f name="voice" value="active"/>
    </fs>
  </a>
  <node xml:id="vc-n276"/>
  <a xml:id="vc-N70327" label="vchunk" ref="vc-n276" as="anc">
    <fs>
      <f name="type" value="FVG"/>
      <f name="tense" value="SimPre"/>
      <f name="voice" value="active"/>
    </fs>
  </a>
  <node xml:id="vc-n277"/>
  <a xml:id="vc-N70351" label="vchunk" ref="vc-n277" as="anc">
    <fs>
      <f name="type" value="FVG"/>
      <f name="tense" value="SimPre"/>
      <f name="voice" value="active"/>
    </fs>
  </a>
  <node xml:id="vc-n278"/>
  <a xml:id="vc-N70375" label="vchunk" ref="vc-n278" as="anc">
    <fs>
      <f name="type" value="FVG"/>
      <f name="tense" value="SimPre"/>
      <f name="voice" value="active"/>
    </fs>
  </a>
  <node xml:id="vc-n279"/>
  <a xml:id="vc-N70399" label="vchunk" ref="vc-n279" as="anc">
    <fs>
      <f name="type" value="NFVG"/>
      <f name="tense" value="Inf"/>
      <f name="voice" value="active"/>
    </fs>
  </a>
  <node xml:id="vc-n28"/>
  <a xml:id="vc-N70423" label="vchunk" ref="vc-n28" as="anc">
    <fs>
      <f name="type" value="PART"/>
      <f name="tense" value="Pas"/>
      <f name="voice" value="none"/>
    </fs>
  </a>
  <node xml:id="vc-n280"/>
  <a xml:id="vc-N70447" label="vchunk" ref="vc-n280" as="anc">
    <fs>
      <f name="type" value="FVG"/>
      <f name="tense" value="SimPas"/>
      <f name="voice" value="active"/>
    </fs>
  </a>
  <node xml:id="vc-n281"/>
  <a xml:id="vc-N70471" label="vchunk" ref="vc-n281" as="anc">
    <fs>
      <f name="type" value="MODAL"/>
      <f name="tense" value="BeVBG"/>
      <f name="voice" value="none"/>
    </fs>
  </a>
  <node xml:id="vc-n282"/>
  <a xml:id="vc-N70495" label="vchunk" ref="vc-n282" as="anc">
    <fs>
      <f name="type" value="FVG"/>
      <f name="tense" value="SimPre"/>
      <f name="voice" value="active"/>
    </fs>
  </a>
  <node xml:id="vc-n283"/>
  <a xml:id="vc-N70519" label="vchunk" ref="vc-n283" as="anc">
    <fs>
      <f name="type" value="FVG"/>
      <f name="tense" value="SimPre"/>
      <f name="voice" value="active"/>
    </fs>
  </a>
  <node xml:id="vc-n284"/>
  <a xml:id="vc-N70543" label="vchunk" ref="vc-n284" as="anc">
    <fs>
      <f name="type" value="FVG"/>
      <f name="tense" value="SimFut"/>
      <f name="voice" value="active"/>
    </fs>
  </a>
  <node xml:id="vc-n285"/>
  <a xml:id="vc-N70567" label="vchunk" ref="vc-n285" as="anc">
    <fs>
      <f name="type" value="PART"/>
      <f name="tense" value="Pas"/>
      <f name="voice" value="none"/>
    </fs>
  </a>
  <node xml:id="vc-n286"/>
  <a xml:id="vc-N70591" label="vchunk" ref="vc-n286" as="anc">
    <fs>
      <f name="type" value="FVG"/>
      <f name="tense" value="SimPre"/>
      <f name="voice" value="active"/>
    </fs>
  </a>
  <node xml:id="vc-n287"/>
  <a xml:id="vc-N70615" label="vchunk" ref="vc-n287" as="anc">
    <fs>
      <f name="type" value="FVG"/>
      <f name="tense" value="SimPre"/>
      <f name="voice" value="active"/>
    </fs>
  </a>
  <node xml:id="vc-n288"/>
  <a xml:id="vc-N70639" label="vchunk" ref="vc-n288" as="anc">
    <fs>
      <f name="type" value="FVG"/>
      <f name="tense" value="SimPre"/>
      <f name="voice" value="active"/>
    </fs>
  </a>
  <node xml:id="vc-n289"/>
  <a xml:id="vc-N70663" label="vchunk" ref="vc-n289" as="anc">
    <fs>
      <f name="type" value="FVG"/>
      <f name="tense" value="SimFut"/>
      <f name="voice" value="active"/>
    </fs>
  </a>
  <node xml:id="vc-n29"/>
  <a xml:id="vc-N70687" label="vchunk" ref="vc-n29" as="anc">
    <fs>
      <f name="type" value="FVG"/>
      <f name="tense" value="SimPre"/>
      <f name="voice" value="active"/>
    </fs>
  </a>
  <node xml:id="vc-n290"/>
  <a xml:id="vc-N70711" label="vchunk" ref="vc-n290" as="anc">
    <fs>
      <f name="type" value="FVG"/>
      <f name="tense" value="SimPre"/>
      <f name="voice" value="active"/>
    </fs>
  </a>
  <node xml:id="vc-n291"/>
  <a xml:id="vc-N70735" label="vchunk" ref="vc-n291" as="anc">
    <fs>
      <f name="type" value="FVG"/>
      <f name="tense" value="SimFut"/>
      <f name="voice" value="active"/>
    </fs>
  </a>
  <node xml:id="vc-n292"/>
  <a xml:id="vc-N70759" label="vchunk" ref="vc-n292" as="anc">
    <fs>
      <f name="type" value="NFVG"/>
      <f name="tense" value="Inf"/>
      <f name="voice" value="active"/>
    </fs>
  </a>
  <node xml:id="vc-n293"/>
  <a xml:id="vc-N70783" label="vchunk" ref="vc-n293" as="anc">
    <fs>
      <f name="type" value="NFVG"/>
      <f name="tense" value="Inf"/>
      <f name="voice" value="active"/>
    </fs>
  </a>
  <node xml:id="vc-n294"/>
  <a xml:id="vc-N70807" label="vchunk" ref="vc-n294" as="anc">
    <fs>
      <f name="type" value="FVG"/>
      <f name="tense" value="SimPas"/>
      <f name="voice" value="active"/>
    </fs>
  </a>
  <node xml:id="vc-n295"/>
  <a xml:id="vc-N70831" label="vchunk" ref="vc-n295" as="anc">
    <fs>
      <f name="type" value="PART"/>
      <f name="tense" value="Pre"/>
      <f name="voice" value="active"/>
    </fs>
  </a>
  <node xml:id="vc-n296"/>
  <a xml:id="vc-N70855" label="vchunk" ref="vc-n296" as="anc">
    <fs>
      <f name="type" value="PART"/>
      <f name="tense" value="Pre"/>
      <f name="voice" value="active"/>
    </fs>
  </a>
  <node xml:id="vc-n297"/>
  <a xml:id="vc-N70879" label="vchunk" ref="vc-n297" as="anc">
    <fs>
      <f name="type" value="FVG"/>
      <f name="tense" value="SimPas"/>
      <f name="voice" value="active"/>
    </fs>
  </a>
  <node xml:id="vc-n298"/>
  <a xml:id="vc-N70903" label="vchunk" ref="vc-n298" as="anc">
    <fs>
      <f name="type" value="FVG"/>
      <f name="tense" value="SimPre"/>
      <f name="voice" value="active"/>
    </fs>
  </a>
  <node xml:id="vc-n299"/>
  <a xml:id="vc-N70927" label="vchunk" ref="vc-n299" as="anc">
    <fs>
      <f name="type" value="FVG"/>
      <f name="tense" value="SimPre"/>
      <f name="voice" value="active"/>
    </fs>
  </a>
  <node xml:id="vc-n3"/>
  <a xml:id="vc-N70951" label="vchunk" ref="vc-n3" as="anc">
    <fs>
      <f name="voice" value="none"/>
      <f name="tense" value="Pas"/>
      <f name="type" value="PART"/>
      <f name="neg" value="no"/>
    </fs>
  </a>
  <node xml:id="vc-n30"/>
  <a xml:id="vc-N70979" label="vchunk" ref="vc-n30" as="anc">
    <fs>
      <f name="type" value="PART"/>
      <f name="tense" value="Pas"/>
      <f name="voice" value="none"/>
    </fs>
  </a>
  <node xml:id="vc-n300"/>
  <a xml:id="vc-N71003" label="vchunk" ref="vc-n300" as="anc">
    <fs>
      <f name="type" value="PART"/>
      <f name="tense" value="Pre"/>
      <f name="voice" value="active"/>
    </fs>
  </a>
  <node xml:id="vc-n301"/>
  <a xml:id="vc-N71027" label="vchunk" ref="vc-n301" as="anc">
    <fs>
      <f name="type" value="FVG"/>
      <f name="tense" value="SimPre"/>
      <f name="voice" value="active"/>
    </fs>
  </a>
  <node xml:id="vc-n302"/>
  <a xml:id="vc-N71051" label="vchunk" ref="vc-n302" as="anc">
    <fs>
      <f name="type" value="FVG"/>
      <f name="tense" value="SimPre"/>
      <f name="voice" value="active"/>
    </fs>
  </a>
  <node xml:id="vc-n303"/>
  <a xml:id="vc-N71075" label="vchunk" ref="vc-n303" as="anc">
    <fs>
      <f name="type" value="FVG"/>
      <f name="tense" value="SimPre"/>
      <f name="voice" value="active"/>
      <f name="neg" value="yes"/>
    </fs>
  </a>
  <node xml:id="vc-n304"/>
  <a xml:id="vc-N71103" label="vchunk" ref="vc-n304" as="anc">
    <fs>
      <f name="type" value="NFVG"/>
      <f name="tense" value="Inf"/>
      <f name="voice" value="active"/>
    </fs>
  </a>
  <node xml:id="vc-n305"/>
  <a xml:id="vc-N71127" label="vchunk" ref="vc-n305" as="anc">
    <fs>
      <f name="type" value="FVG"/>
      <f name="tense" value="SimPre"/>
      <f name="voice" value="active"/>
      <f name="neg" value="yes"/>
    </fs>
  </a>
  <node xml:id="vc-n306"/>
  <a xml:id="vc-N71155" label="vchunk" ref="vc-n306" as="anc">
    <fs>
      <f name="type" value="PART"/>
      <f name="tense" value="Pre"/>
      <f name="voice" value="active"/>
    </fs>
  </a>
  <node xml:id="vc-n307"/>
  <a xml:id="vc-N71179" label="vchunk" ref="vc-n307" as="anc">
    <fs>
      <f name="type" value="PART"/>
      <f name="tense" value="Pas"/>
      <f name="voice" value="none"/>
    </fs>
  </a>
  <node xml:id="vc-n308"/>
  <a xml:id="vc-N71203" label="vchunk" ref="vc-n308" as="anc">
    <fs>
      <f name="type" value="PART"/>
      <f name="tense" value="Pas"/>
      <f name="voice" value="none"/>
    </fs>
  </a>
  <node xml:id="vc-n31"/>
  <a xml:id="vc-N71227" label="vchunk" ref="vc-n31" as="anc">
    <fs>
      <f name="type" value="FVG"/>
      <f name="tense" value="SimPre"/>
      <f name="voice" value="active"/>
    </fs>
  </a>
  <node xml:id="vc-n32"/>
  <a xml:id="vc-N71251" label="vchunk" ref="vc-n32" as="anc">
    <fs>
      <f name="type" value="PART"/>
      <f name="tense" value="Pre"/>
      <f name="voice" value="active"/>
    </fs>
  </a>
  <node xml:id="vc-n33"/>
  <a xml:id="vc-N71275" label="vchunk" ref="vc-n33" as="anc">
    <fs>
      <f name="type" value="FVG"/>
      <f name="tense" value="SimFut"/>
      <f name="voice" value="active"/>
    </fs>
  </a>
  <node xml:id="vc-n34"/>
  <a xml:id="vc-N71299" label="vchunk" ref="vc-n34" as="anc">
    <fs>
      <f name="type" value="NFVG"/>
      <f name="tense" value="Inf"/>
      <f name="voice" value="active"/>
    </fs>
  </a>
  <node xml:id="vc-n35"/>
  <a xml:id="vc-N71323" label="vchunk" ref="vc-n35" as="anc">
    <fs>
      <f name="type" value="FVG"/>
      <f name="tense" value="SimPre"/>
      <f name="voice" value="active"/>
    </fs>
  </a>
  <node xml:id="vc-n36"/>
  <a xml:id="vc-N71347" label="vchunk" ref="vc-n36" as="anc">
    <fs>
      <f name="type" value="PART"/>
      <f name="tense" value="Pre"/>
      <f name="voice" value="active"/>
    </fs>
  </a>
  <node xml:id="vc-n37"/>
  <a xml:id="vc-N71371" label="vchunk" ref="vc-n37" as="anc">
    <fs>
      <f name="type" value="FVG"/>
      <f name="tense" value="SimFut"/>
      <f name="voice" value="active"/>
    </fs>
  </a>
  <node xml:id="vc-n38"/>
  <a xml:id="vc-N71395" label="vchunk" ref="vc-n38" as="anc">
    <fs>
      <f name="type" value="NFVG"/>
      <f name="tense" value="Inf"/>
      <f name="voice" value="active"/>
    </fs>
  </a>
  <node xml:id="vc-n39"/>
  <a xml:id="vc-N71419" label="vchunk" ref="vc-n39" as="anc">
    <fs>
      <f name="type" value="FVG"/>
      <f name="tense" value="SimPre"/>
      <f name="voice" value="active"/>
    </fs>
  </a>
  <node xml:id="vc-n4"/>
  <a xml:id="vc-N71443" label="vchunk" ref="vc-n4" as="anc">
    <fs>
      <f name="type" value="NFVG"/>
      <f name="tense" value="Inf"/>
      <f name="voice" value="active"/>
    </fs>
  </a>
  <node xml:id="vc-n40"/>
  <a xml:id="vc-N71467" label="vchunk" ref="vc-n40" as="anc">
    <fs>
      <f name="type" value="NFVG"/>
      <f name="tense" value="Inf"/>
      <f name="voice" value="active"/>
    </fs>
  </a>
  <node xml:id="vc-n41"/>
  <a xml:id="vc-N71491" label="vchunk" ref="vc-n41" as="anc">
    <fs>
      <f name="type" value="FVG"/>
      <f name="tense" value="SimPas"/>
      <f name="voice" value="active"/>
    </fs>
  </a>
  <node xml:id="vc-n42"/>
  <a xml:id="vc-N71515" label="vchunk" ref="vc-n42" as="anc">
    <fs>
      <f name="type" value="FVG"/>
      <f name="tense" value="PasCon"/>
      <f name="voice" value="active"/>
    </fs>
  </a>
  <node xml:id="vc-n43"/>
  <a xml:id="vc-N71539" label="vchunk" ref="vc-n43" as="anc">
    <fs>
      <f name="type" value="FVG"/>
      <f name="tense" value="SimPas"/>
      <f name="voice" value="active"/>
    </fs>
  </a>
  <node xml:id="vc-n44"/>
  <a xml:id="vc-N71563" label="vchunk" ref="vc-n44" as="anc">
    <fs>
      <f name="type" value="FVG"/>
      <f name="tense" value="SimPre"/>
      <f name="voice" value="active"/>
    </fs>
  </a>
  <node xml:id="vc-n45"/>
  <a xml:id="vc-N71587" label="vchunk" ref="vc-n45" as="anc">
    <fs>
      <f name="type" value="MODAL"/>
      <f name="tense" value="none"/>
      <f name="voice" value="none"/>
    </fs>
  </a>
  <node xml:id="vc-n46"/>
  <a xml:id="vc-N71611" label="vchunk" ref="vc-n46" as="anc">
    <fs>
      <f name="type" value="PART"/>
      <f name="tense" value="Pas"/>
      <f name="voice" value="none"/>
    </fs>
  </a>
  <node xml:id="vc-n47"/>
  <a xml:id="vc-N71635" label="vchunk" ref="vc-n47" as="anc">
    <fs>
      <f name="type" value="NFVG"/>
      <f name="tense" value="Inf"/>
      <f name="voice" value="active"/>
    </fs>
  </a>
  <node xml:id="vc-n48"/>
  <a xml:id="vc-N71659" label="vchunk" ref="vc-n48" as="anc">
    <fs>
      <f name="type" value="FVG"/>
      <f name="tense" value="SimPas"/>
      <f name="voice" value="active"/>
    </fs>
  </a>
  <node xml:id="vc-n49"/>
  <a xml:id="vc-N71683" label="vchunk" ref="vc-n49" as="anc">
    <fs>
      <f name="type" value="FVG"/>
      <f name="tense" value="SimPas"/>
      <f name="voice" value="active"/>
    </fs>
  </a>
  <node xml:id="vc-n5"/>
  <a xml:id="vc-N71707" label="vchunk" ref="vc-n5" as="anc">
    <fs>
      <f name="type" value="NFVG"/>
      <f name="tense" value="Inf"/>
      <f name="voice" value="passive"/>
    </fs>
  </a>
  <node xml:id="vc-n50"/>
  <a xml:id="vc-N71731" label="vchunk" ref="vc-n50" as="anc">
    <fs>
      <f name="type" value="FVG"/>
      <f name="tense" value="SimPas"/>
      <f name="voice" value="active"/>
    </fs>
  </a>
  <node xml:id="vc-n51"/>
  <a xml:id="vc-N71755" label="vchunk" ref="vc-n51" as="anc">
    <fs>
      <f name="type" value="FVG"/>
      <f name="tense" value="SimPre"/>
      <f name="voice" value="active"/>
    </fs>
  </a>
  <node xml:id="vc-n52"/>
  <a xml:id="vc-N71779" label="vchunk" ref="vc-n52" as="anc">
    <fs>
      <f name="type" value="NFVG"/>
      <f name="tense" value="Inf"/>
      <f name="voice" value="active"/>
    </fs>
  </a>
  <node xml:id="vc-n53"/>
  <a xml:id="vc-N71803" label="vchunk" ref="vc-n53" as="anc">
    <fs>
      <f name="type" value="PART"/>
      <f name="tense" value="Pre"/>
      <f name="voice" value="active"/>
    </fs>
  </a>
  <node xml:id="vc-n54"/>
  <a xml:id="vc-N71827" label="vchunk" ref="vc-n54" as="anc">
    <fs>
      <f name="type" value="NFVG"/>
      <f name="tense" value="Inf"/>
      <f name="voice" value="active"/>
    </fs>
  </a>
  <node xml:id="vc-n55"/>
  <a xml:id="vc-N71851" label="vchunk" ref="vc-n55" as="anc">
    <fs>
      <f name="type" value="NFVG"/>
      <f name="tense" value="Inf"/>
      <f name="voice" value="passive"/>
    </fs>
  </a>
  <node xml:id="vc-n56"/>
  <a xml:id="vc-N71875" label="vchunk" ref="vc-n56" as="anc">
    <fs>
      <f name="type" value="FVG"/>
      <f name="tense" value="SimPre"/>
      <f name="voice" value="passive"/>
    </fs>
  </a>
  <node xml:id="vc-n57"/>
  <a xml:id="vc-N71899" label="vchunk" ref="vc-n57" as="anc">
    <fs>
      <f name="type" value="PART"/>
      <f name="tense" value="Pas"/>
      <f name="voice" value="none"/>
    </fs>
  </a>
  <node xml:id="vc-n58"/>
  <a xml:id="vc-N71923" label="vchunk" ref="vc-n58" as="anc">
    <fs>
      <f name="type" value="PART"/>
      <f name="tense" value="Pre"/>
      <f name="voice" value="active"/>
    </fs>
  </a>
  <node xml:id="vc-n59"/>
  <a xml:id="vc-N71947" label="vchunk" ref="vc-n59" as="anc">
    <fs>
      <f name="type" value="FVG"/>
      <f name="tense" value="SimPre"/>
      <f name="voice" value="active"/>
    </fs>
  </a>
  <node xml:id="vc-n6"/>
  <a xml:id="vc-N71971" label="vchunk" ref="vc-n6" as="anc">
    <fs>
      <f name="type" value="PART"/>
      <f name="tense" value="Pas"/>
      <f name="voice" value="none"/>
    </fs>
  </a>
  <node xml:id="vc-n60"/>
  <a xml:id="vc-N71995" label="vchunk" ref="vc-n60" as="anc">
    <fs>
      <f name="type" value="FVG"/>
      <f name="tense" value="SimPre"/>
      <f name="voice" value="active"/>
    </fs>
  </a>
  <node xml:id="vc-n61"/>
  <a xml:id="vc-N72019" label="vchunk" ref="vc-n61" as="anc">
    <fs>
      <f name="type" value="FVG"/>
      <f name="tense" value="SimPre"/>
      <f name="voice" value="active"/>
    </fs>
  </a>
  <node xml:id="vc-n62"/>
  <a xml:id="vc-N72043" label="vchunk" ref="vc-n62" as="anc">
    <fs>
      <f name="type" value="NFVG"/>
      <f name="tense" value="Inf"/>
      <f name="voice" value="passive"/>
    </fs>
  </a>
  <node xml:id="vc-n63"/>
  <a xml:id="vc-N72067" label="vchunk" ref="vc-n63" as="anc">
    <fs>
      <f name="type" value="SPECIAL"/>
      <f name="tense" value="Pre"/>
      <f name="voice" value="none"/>
    </fs>
  </a>
  <node xml:id="vc-n64"/>
  <a xml:id="vc-N72091" label="vchunk" ref="vc-n64" as="anc">
    <fs>
      <f name="type" value="FVG"/>
      <f name="tense" value="PrePer"/>
      <f name="voice" value="active"/>
    </fs>
  </a>
  <node xml:id="vc-n65"/>
  <a xml:id="vc-N72115" label="vchunk" ref="vc-n65" as="anc">
    <fs>
      <f name="type" value="PART"/>
      <f name="tense" value="Pre"/>
      <f name="voice" value="active"/>
    </fs>
  </a>
  <node xml:id="vc-n66"/>
  <a xml:id="vc-N72139" label="vchunk" ref="vc-n66" as="anc">
    <fs>
      <f name="type" value="PART"/>
      <f name="tense" value="Pas"/>
      <f name="voice" value="none"/>
    </fs>
  </a>
  <node xml:id="vc-n67"/>
  <a xml:id="vc-N72163" label="vchunk" ref="vc-n67" as="anc">
    <fs>
      <f name="type" value="FVG"/>
      <f name="tense" value="SimFut"/>
      <f name="voice" value="active"/>
      <f name="neg" value="yes"/>
    </fs>
  </a>
  <node xml:id="vc-n68"/>
  <a xml:id="vc-N72191" label="vchunk" ref="vc-n68" as="anc">
    <fs>
      <f name="type" value="PART"/>
      <f name="tense" value="Pas"/>
      <f name="voice" value="none"/>
    </fs>
  </a>
  <node xml:id="vc-n69"/>
  <a xml:id="vc-N72215" label="vchunk" ref="vc-n69" as="anc">
    <fs>
      <f name="voice" value="active"/>
      <f name="tense" value="Inf"/>
      <f name="type" value="NFVG"/>
      <f name="neg" value="yes"/>
    </fs>
  </a>
  <node xml:id="vc-n7"/>
  <a xml:id="vc-N72243" label="vchunk" ref="vc-n7" as="anc">
    <fs>
      <f name="type" value="PART"/>
      <f name="tense" value="Pas"/>
      <f name="voice" value="none"/>
    </fs>
  </a>
  <node xml:id="vc-n70"/>
  <a xml:id="vc-N72267" label="vchunk" ref="vc-n70" as="anc">
    <fs>
      <f name="type" value="PART"/>
      <f name="tense" value="Pre"/>
      <f name="voice" value="active"/>
    </fs>
  </a>
  <node xml:id="vc-n71"/>
  <a xml:id="vc-N72291" label="vchunk" ref="vc-n71" as="anc">
    <fs>
      <f name="type" value="PART"/>
      <f name="tense" value="Pre"/>
      <f name="voice" value="active"/>
    </fs>
  </a>
  <node xml:id="vc-n72"/>
  <a xml:id="vc-N72315" label="vchunk" ref="vc-n72" as="anc">
    <fs>
      <f name="type" value="FVG"/>
      <f name="tense" value="SimPre"/>
      <f name="voice" value="active"/>
    </fs>
  </a>
  <node xml:id="vc-n73"/>
  <a xml:id="vc-N72339" label="vchunk" ref="vc-n73" as="anc">
    <fs>
      <f name="type" value="PART"/>
      <f name="tense" value="Pre"/>
      <f name="voice" value="active"/>
    </fs>
  </a>
  <node xml:id="vc-n74"/>
  <a xml:id="vc-N72363" label="vchunk" ref="vc-n74" as="anc">
    <fs>
      <f name="type" value="NFVG"/>
      <f name="tense" value="Inf"/>
      <f name="voice" value="active"/>
    </fs>
  </a>
  <node xml:id="vc-n75"/>
  <a xml:id="vc-N72387" label="vchunk" ref="vc-n75" as="anc">
    <fs>
      <f name="type" value="NFVG"/>
      <f name="tense" value="Inf"/>
      <f name="voice" value="active"/>
    </fs>
  </a>
  <node xml:id="vc-n76"/>
  <a xml:id="vc-N72411" label="vchunk" ref="vc-n76" as="anc">
    <fs>
      <f name="type" value="FVG"/>
      <f name="tense" value="SimPre"/>
      <f name="voice" value="active"/>
    </fs>
  </a>
  <node xml:id="vc-n77"/>
  <a xml:id="vc-N72435" label="vchunk" ref="vc-n77" as="anc">
    <fs>
      <f name="type" value="NFVG"/>
      <f name="tense" value="Inf"/>
      <f name="voice" value="active"/>
    </fs>
  </a>
  <node xml:id="vc-n78"/>
  <a xml:id="vc-N72459" label="vchunk" ref="vc-n78" as="anc">
    <fs>
      <f name="type" value="FVG"/>
      <f name="tense" value="SimPre"/>
      <f name="voice" value="active"/>
    </fs>
  </a>
  <node xml:id="vc-n79"/>
  <a xml:id="vc-N72483" label="vchunk" ref="vc-n79" as="anc">
    <fs>
      <f name="type" value="PART"/>
      <f name="tense" value="Pre"/>
      <f name="voice" value="active"/>
    </fs>
  </a>
  <node xml:id="vc-n8"/>
  <a xml:id="vc-N72507" label="vchunk" ref="vc-n8" as="anc">
    <fs>
      <f name="type" value="FVG"/>
      <f name="tense" value="SimPas"/>
      <f name="voice" value="passive"/>
    </fs>
  </a>
  <node xml:id="vc-n80"/>
  <a xml:id="vc-N72531" label="vchunk" ref="vc-n80" as="anc">
    <fs>
      <f name="type" value="FVG"/>
      <f name="tense" value="SimPre"/>
      <f name="voice" value="active"/>
    </fs>
  </a>
  <node xml:id="vc-n81"/>
  <a xml:id="vc-N72555" label="vchunk" ref="vc-n81" as="anc">
    <fs>
      <f name="type" value="FVG"/>
      <f name="tense" value="SimPre"/>
      <f name="voice" value="active"/>
    </fs>
  </a>
  <node xml:id="vc-n82"/>
  <a xml:id="vc-N72579" label="vchunk" ref="vc-n82" as="anc">
    <fs>
      <f name="type" value="NFVG"/>
      <f name="tense" value="Inf"/>
      <f name="voice" value="active"/>
    </fs>
  </a>
  <node xml:id="vc-n83"/>
  <a xml:id="vc-N72603" label="vchunk" ref="vc-n83" as="anc">
    <fs>
      <f name="type" value="PART"/>
      <f name="tense" value="Pre"/>
      <f name="voice" value="active"/>
    </fs>
  </a>
  <node xml:id="vc-n84"/>
  <a xml:id="vc-N72627" label="vchunk" ref="vc-n84" as="anc">
    <fs>
      <f name="type" value="FVG"/>
      <f name="tense" value="SimPas"/>
      <f name="voice" value="active"/>
    </fs>
  </a>
  <node xml:id="vc-n85"/>
  <a xml:id="vc-N72651" label="vchunk" ref="vc-n85" as="anc">
    <fs>
      <f name="type" value="FVG"/>
      <f name="tense" value="SimPre"/>
      <f name="voice" value="active"/>
    </fs>
  </a>
  <node xml:id="vc-n86"/>
  <a xml:id="vc-N72675" label="vchunk" ref="vc-n86" as="anc">
    <fs>
      <f name="type" value="FVG"/>
      <f name="tense" value="SimPre"/>
      <f name="voice" value="active"/>
    </fs>
  </a>
  <node xml:id="vc-n87"/>
  <a xml:id="vc-N72699" label="vchunk" ref="vc-n87" as="anc">
    <fs>
      <f name="type" value="FVG"/>
      <f name="tense" value="SimPre"/>
      <f name="voice" value="active"/>
    </fs>
  </a>
  <node xml:id="vc-n88"/>
  <a xml:id="vc-N72723" label="vchunk" ref="vc-n88" as="anc">
    <fs>
      <f name="type" value="FVG"/>
      <f name="tense" value="SimPas"/>
      <f name="voice" value="active"/>
    </fs>
  </a>
  <node xml:id="vc-n89"/>
  <a xml:id="vc-N72747" label="vchunk" ref="vc-n89" as="anc">
    <fs>
      <f name="type" value="FVG"/>
      <f name="tense" value="SimPre"/>
      <f name="voice" value="active"/>
    </fs>
  </a>
  <node xml:id="vc-n9"/>
  <a xml:id="vc-N72771" label="vchunk" ref="vc-n9" as="anc">
    <fs>
      <f name="type" value="NFVG"/>
      <f name="tense" value="Inf"/>
      <f name="voice" value="active"/>
    </fs>
  </a>
  <node xml:id="vc-n90"/>
  <a xml:id="vc-N72795" label="vchunk" ref="vc-n90" as="anc">
    <fs>
      <f name="type" value="PART"/>
      <f name="tense" value="Pre"/>
      <f name="voice" value="active"/>
    </fs>
  </a>
  <node xml:id="vc-n91"/>
  <a xml:id="vc-N72819" label="vchunk" ref="vc-n91" as="anc">
    <fs>
      <f name="type" value="FVG"/>
      <f name="tense" value="SimPas"/>
      <f name="voice" value="active"/>
    </fs>
  </a>
  <node xml:id="vc-n92"/>
  <a xml:id="vc-N72843" label="vchunk" ref="vc-n92" as="anc">
    <fs>
      <f name="type" value="FVG"/>
      <f name="tense" value="SimPre"/>
      <f name="voice" value="active"/>
    </fs>
  </a>
  <node xml:id="vc-n93"/>
  <a xml:id="vc-N72867" label="vchunk" ref="vc-n93" as="anc">
    <fs>
      <f name="type" value="FVG"/>
      <f name="tense" value="SimPas"/>
      <f name="voice" value="active"/>
    </fs>
  </a>
  <node xml:id="vc-n94"/>
  <a xml:id="vc-N72891" label="vchunk" ref="vc-n94" as="anc">
    <fs>
      <f name="type" value="NFVG"/>
      <f name="tense" value="Inf"/>
      <f name="voice" value="active"/>
    </fs>
  </a>
  <node xml:id="vc-n95"/>
  <a xml:id="vc-N72915" label="vchunk" ref="vc-n95" as="anc">
    <fs>
      <f name="type" value="FVG"/>
      <f name="tense" value="SimPre"/>
      <f name="voice" value="active"/>
    </fs>
  </a>
  <node xml:id="vc-n96"/>
  <a xml:id="vc-N72939" label="vchunk" ref="vc-n96" as="anc">
    <fs>
      <f name="type" value="PART"/>
      <f name="tense" value="Pre"/>
      <f name="voice" value="active"/>
    </fs>
  </a>
  <node xml:id="vc-n97"/>
  <a xml:id="vc-N72963" label="vchunk" ref="vc-n97" as="anc">
    <fs>
      <f name="type" value="PART"/>
      <f name="tense" value="Pre"/>
      <f name="voice" value="active"/>
    </fs>
  </a>
  <node xml:id="vc-n98"/>
  <a xml:id="vc-N72987" label="vchunk" ref="vc-n98" as="anc">
    <fs>
      <f name="type" value="FVG"/>
      <f name="tense" value="SimPre"/>
      <f name="voice" value="active"/>
    </fs>
  </a>
  <node xml:id="vc-n99"/>
  <a xml:id="vc-N73011" label="vchunk" ref="vc-n99" as="anc">
    <fs>
      <f name="type" value="FVG"/>
      <f name="tense" value="SimPre"/>
      <f name="voice" value="active"/>
    </fs>
  </a>
  <edge xml:id="vc-lnk118" from="vc-n83" to="penn-n769"/>
  <edge xml:id="vc-lnk117" from="vc-n82" to="penn-n765"/>
  <edge xml:id="vc-lnk116" from="vc-n81" to="penn-n756"/>
  <edge xml:id="vc-lnk115" from="vc-n80" to="penn-n743"/>
  <edge xml:id="vc-lnk114" from="vc-n79" to="penn-n734"/>
  <edge xml:id="vc-lnk113" from="vc-n78" to="penn-n728"/>
  <edge xml:id="vc-lnk112" from="vc-n77" to="penn-n707"/>
  <edge xml:id="vc-lnk111" from="vc-n77" to="penn-n706"/>
  <edge xml:id="vc-lnk110" from="vc-n76" to="penn-n703"/>
  <edge xml:id="vc-lnk109" from="vc-n75" to="penn-n694"/>
  <edge xml:id="vc-lnk108" from="vc-n74" to="penn-n693"/>
  <edge xml:id="vc-lnk107" from="vc-n74" to="penn-n692"/>
  <edge xml:id="vc-lnk106" from="vc-n73" to="penn-n679"/>
  <edge xml:id="vc-lnk105" from="vc-n72" to="penn-n674"/>
  <edge xml:id="vc-lnk104" from="vc-n71" to="penn-n664"/>
  <edge xml:id="vc-lnk103" from="vc-n70" to="penn-n650"/>
  <edge xml:id="vc-lnk102" from="vc-n69" to="penn-n642"/>
  <edge xml:id="vc-lnk101" from="vc-n69" to="penn-n641"/>
  <edge xml:id="vc-lnk100" from="vc-n69" to="penn-n640"/>
  <edge xml:id="vc-lnk9" from="vc-n5" to="penn-n38"/>
  <edge xml:id="vc-lnk8" from="vc-n5" to="penn-n37"/>
  <edge xml:id="vc-lnk7" from="vc-n4" to="penn-n24"/>
  <edge xml:id="vc-lnk6" from="vc-n4" to="penn-n23"/>
  <edge xml:id="vc-lnk5" from="vc-n3" to="penn-n21"/>
  <edge xml:id="vc-lnk4" from="vc-n3" to="penn-n20"/>
  <edge xml:id="vc-lnk3" from="vc-n2" to="penn-n17"/>
  <edge xml:id="vc-lnk2" from="vc-n2" to="penn-n16"/>
  <edge xml:id="vc-lnk1" from="vc-n1" to="penn-n10"/>
  <edge xml:id="vc-lnk0" from="vc-n0" to="penn-n8"/>
  <edge xml:id="vc-lnk399" from="vc-n285" to="penn-n2614"/>
  <edge xml:id="vc-lnk398" from="vc-n284" to="penn-n2613"/>
  <edge xml:id="vc-lnk397" from="vc-n284" to="penn-n2612"/>
  <edge xml:id="vc-lnk396" from="vc-n284" to="penn-n2611"/>
  <edge xml:id="vc-lnk395" from="vc-n283" to="penn-n2603"/>
  <edge xml:id="vc-lnk394" from="vc-n282" to="penn-n2600"/>
  <edge xml:id="vc-lnk393" from="vc-n281" to="penn-n2587"/>
  <edge xml:id="vc-lnk392" from="vc-n281" to="penn-n2586"/>
  <edge xml:id="vc-lnk391" from="vc-n281" to="penn-n2585"/>
  <edge xml:id="vc-lnk390" from="vc-n280" to="penn-n2579"/>
  <edge xml:id="vc-lnk429" from="vc-n308" to="penn-n2749"/>
  <edge xml:id="vc-lnk428" from="vc-n307" to="penn-n2747"/>
  <edge xml:id="vc-lnk427" from="vc-n306" to="penn-n2735"/>
  <edge xml:id="vc-lnk426" from="vc-n305" to="penn-n2734"/>
  <edge xml:id="vc-lnk425" from="vc-n305" to="penn-n2733"/>
  <edge xml:id="vc-lnk424" from="vc-n305" to="penn-n2732"/>
  <edge xml:id="vc-lnk423" from="vc-n304" to="penn-n2727"/>
  <edge xml:id="vc-lnk422" from="vc-n304" to="penn-n2726"/>
  <edge xml:id="vc-lnk421" from="vc-n303" to="penn-n2725"/>
  <edge xml:id="vc-lnk389" from="vc-n279" to="penn-n2569"/>
  <edge xml:id="vc-lnk420" from="vc-n303" to="penn-n2724"/>
  <edge xml:id="vc-lnk388" from="vc-n279" to="penn-n2568"/>
  <edge xml:id="vc-lnk387" from="vc-n278" to="penn-n2564"/>
  <edge xml:id="vc-lnk386" from="vc-n277" to="penn-n2559"/>
  <edge xml:id="vc-lnk385" from="vc-n276" to="penn-n2551"/>
  <edge xml:id="vc-lnk384" from="vc-n275" to="penn-n2530"/>
  <edge xml:id="vc-lnk383" from="vc-n274" to="penn-n2514"/>
  <edge xml:id="vc-lnk382" from="vc-n273" to="penn-n2513"/>
  <edge xml:id="vc-lnk381" from="vc-n272" to="penn-n2507"/>
  <edge xml:id="vc-lnk380" from="vc-n271" to="penn-n2497"/>
  <edge xml:id="vc-lnk419" from="vc-n303" to="penn-n2723"/>
  <edge xml:id="vc-lnk418" from="vc-n302" to="penn-n2717"/>
  <edge xml:id="vc-lnk417" from="vc-n301" to="penn-n2713"/>
  <edge xml:id="vc-lnk416" from="vc-n300" to="penn-n2706"/>
  <edge xml:id="vc-lnk415" from="vc-n299" to="penn-n2701"/>
  <edge xml:id="vc-lnk414" from="vc-n298" to="penn-n2697"/>
  <edge xml:id="vc-lnk413" from="vc-n297" to="penn-n2688"/>
  <edge xml:id="vc-lnk412" from="vc-n296" to="penn-n2682"/>
  <edge xml:id="vc-lnk411" from="vc-n295" to="penn-n2680"/>
  <edge xml:id="vc-lnk379" from="vc-n270" to="penn-n2492"/>
  <edge xml:id="vc-lnk410" from="vc-n294" to="penn-n2679"/>
  <edge xml:id="vc-lnk378" from="vc-n270" to="penn-n2491"/>
  <edge xml:id="vc-lnk377" from="vc-n269" to="penn-n2490"/>
  <edge xml:id="vc-lnk376" from="vc-n269" to="penn-n2489"/>
  <edge xml:id="vc-lnk375" from="vc-n268" to="penn-n2485"/>
  <edge xml:id="vc-lnk374" from="vc-n268" to="penn-n2484"/>
  <edge xml:id="vc-lnk373" from="vc-n268" to="penn-n2483"/>
  <edge xml:id="vc-lnk372" from="vc-n267" to="penn-n2472"/>
  <edge xml:id="vc-lnk371" from="vc-n266" to="penn-n2462"/>
  <edge xml:id="vc-lnk370" from="vc-n265" to="penn-n2454"/>
  <edge xml:id="vc-lnk409" from="vc-n293" to="penn-n2672"/>
  <edge xml:id="vc-lnk408" from="vc-n292" to="penn-n2670"/>
  <edge xml:id="vc-lnk407" from="vc-n291" to="penn-n2666"/>
  <edge xml:id="vc-lnk406" from="vc-n291" to="penn-n2665"/>
  <edge xml:id="vc-lnk405" from="vc-n290" to="penn-n2662"/>
  <edge xml:id="vc-lnk404" from="vc-n289" to="penn-n2642"/>
  <edge xml:id="vc-lnk403" from="vc-n289" to="penn-n2641"/>
  <edge xml:id="vc-lnk402" from="vc-n288" to="penn-n2631"/>
  <edge xml:id="vc-lnk401" from="vc-n287" to="penn-n2627"/>
  <edge xml:id="vc-lnk369" from="vc-n264" to="penn-n2442"/>
  <edge xml:id="vc-lnk400" from="vc-n286" to="penn-n2624"/>
  <edge xml:id="vc-lnk368" from="vc-n264" to="penn-n2441"/>
  <edge xml:id="vc-lnk367" from="vc-n263" to="penn-n2428"/>
  <edge xml:id="vc-lnk366" from="vc-n262" to="penn-n2427"/>
  <edge xml:id="vc-lnk365" from="vc-n262" to="penn-n2426"/>
  <edge xml:id="vc-lnk364" from="vc-n262" to="penn-n2425"/>
  <edge xml:id="vc-lnk363" from="vc-n261" to="penn-n2417"/>
  <edge xml:id="vc-lnk362" from="vc-n260" to="penn-n2410"/>
  <edge xml:id="vc-lnk361" from="vc-n259" to="penn-n2408"/>
  <edge xml:id="vc-lnk360" from="vc-n259" to="penn-n2407"/>
  <edge xml:id="vc-lnk359" from="vc-n258" to="penn-n2400"/>
  <edge xml:id="vc-lnk358" from="vc-n258" to="penn-n2399"/>
  <edge xml:id="vc-lnk357" from="vc-n258" to="penn-n2398"/>
  <edge xml:id="vc-lnk356" from="vc-n257" to="penn-n2392"/>
  <edge xml:id="vc-lnk355" from="vc-n257" to="penn-n2391"/>
  <edge xml:id="vc-lnk354" from="vc-n256" to="penn-n2369"/>
  <edge xml:id="vc-lnk353" from="vc-n255" to="penn-n2364"/>
  <edge xml:id="vc-lnk352" from="vc-n254" to="penn-n2340"/>
  <edge xml:id="vc-lnk351" from="vc-n253" to="penn-n2322"/>
  <edge xml:id="vc-lnk350" from="vc-n253" to="penn-n2321"/>
  <edge xml:id="vc-lnk349" from="vc-n252" to="penn-n2315"/>
  <edge xml:id="vc-lnk348" from="vc-n251" to="penn-n2297"/>
  <edge xml:id="vc-lnk347" from="vc-n250" to="penn-n2293"/>
  <edge xml:id="vc-lnk346" from="vc-n249" to="penn-n2251"/>
  <edge xml:id="vc-lnk345" from="vc-n249" to="penn-n2250"/>
  <edge xml:id="vc-lnk344" from="vc-n248" to="penn-n2244"/>
  <edge xml:id="vc-lnk343" from="vc-n248" to="penn-n2243"/>
  <edge xml:id="vc-lnk342" from="vc-n247" to="penn-n2238"/>
  <edge xml:id="vc-lnk341" from="vc-n246" to="penn-n2232"/>
  <edge xml:id="vc-lnk340" from="vc-n245" to="penn-n2224"/>
  <edge xml:id="vc-lnk339" from="vc-n244" to="penn-n2218"/>
  <edge xml:id="vc-lnk338" from="vc-n243" to="penn-n2200"/>
  <edge xml:id="vc-lnk337" from="vc-n242" to="penn-n2191"/>
  <edge xml:id="vc-lnk336" from="vc-n241" to="penn-n2190"/>
  <edge xml:id="vc-lnk335" from="vc-n240" to="penn-n2185"/>
  <edge xml:id="vc-lnk334" from="vc-n239" to="penn-n2170"/>
  <edge xml:id="vc-lnk333" from="vc-n238" to="penn-n2162"/>
  <edge xml:id="vc-lnk332" from="vc-n237" to="penn-n2152"/>
  <edge xml:id="vc-lnk331" from="vc-n236" to="penn-n2135"/>
  <edge xml:id="vc-lnk299" from="vc-n210" to="penn-n1861"/>
  <edge xml:id="vc-lnk330" from="vc-n235" to="penn-n2105"/>
  <edge xml:id="vc-lnk298" from="vc-n209" to="penn-n1851"/>
  <edge xml:id="vc-lnk297" from="vc-n208" to="penn-n1847"/>
  <edge xml:id="vc-lnk296" from="vc-n207" to="penn-n1837"/>
  <edge xml:id="vc-lnk295" from="vc-n206" to="penn-n1834"/>
  <edge xml:id="vc-lnk294" from="vc-n206" to="penn-n1833"/>
  <edge xml:id="vc-lnk293" from="vc-n205" to="penn-n1824"/>
  <edge xml:id="vc-lnk292" from="vc-n204" to="penn-n1822"/>
  <edge xml:id="vc-lnk291" from="vc-n204" to="penn-n1821"/>
  <edge xml:id="vc-lnk290" from="vc-n203" to="penn-n1820"/>
  <edge xml:id="vc-lnk329" from="vc-n235" to="penn-n2104"/>
  <edge xml:id="vc-lnk328" from="vc-n234" to="penn-n2103"/>
  <edge xml:id="vc-lnk327" from="vc-n233" to="penn-n2092"/>
  <edge xml:id="vc-lnk326" from="vc-n233" to="penn-n2091"/>
  <edge xml:id="vc-lnk325" from="vc-n232" to="penn-n2085"/>
  <edge xml:id="vc-lnk324" from="vc-n231" to="penn-n2084"/>
  <edge xml:id="vc-lnk323" from="vc-n231" to="penn-n2083"/>
  <edge xml:id="vc-lnk322" from="vc-n230" to="penn-n2081"/>
  <edge xml:id="vc-lnk321" from="vc-n229" to="penn-n2063"/>
  <edge xml:id="vc-lnk289" from="vc-n202" to="penn-n1817"/>
  <edge xml:id="vc-lnk320" from="vc-n228" to="penn-n2049"/>
  <edge xml:id="vc-lnk288" from="vc-n201" to="penn-n1812"/>
  <edge xml:id="vc-lnk287" from="vc-n200" to="penn-n1801"/>
  <edge xml:id="vc-lnk286" from="vc-n199" to="penn-n1792"/>
  <edge xml:id="vc-lnk285" from="vc-n199" to="penn-n1791"/>
  <edge xml:id="vc-lnk284" from="vc-n198" to="penn-n1785"/>
  <edge xml:id="vc-lnk283" from="vc-n197" to="penn-n1768"/>
  <edge xml:id="vc-lnk282" from="vc-n197" to="penn-n1767"/>
  <edge xml:id="vc-lnk281" from="vc-n196" to="penn-n1756"/>
  <edge xml:id="vc-lnk280" from="vc-n195" to="penn-n1744"/>
  <edge xml:id="vc-lnk319" from="vc-n227" to="penn-n2047"/>
  <edge xml:id="vc-lnk318" from="vc-n226" to="penn-n2046"/>
  <edge xml:id="vc-lnk317" from="vc-n226" to="penn-n2045"/>
  <edge xml:id="vc-lnk316" from="vc-n225" to="penn-n2042"/>
  <edge xml:id="vc-lnk315" from="vc-n224" to="penn-n2028"/>
  <edge xml:id="vc-lnk314" from="vc-n224" to="penn-n2027"/>
  <edge xml:id="vc-lnk313" from="vc-n223" to="penn-n2021"/>
  <edge xml:id="vc-lnk312" from="vc-n222" to="penn-n2018"/>
  <edge xml:id="vc-lnk311" from="vc-n221" to="penn-n1994"/>
  <edge xml:id="vc-lnk279" from="vc-n194" to="penn-n1738"/>
  <edge xml:id="vc-lnk310" from="vc-n220" to="penn-n1977"/>
  <edge xml:id="vc-lnk278" from="vc-n194" to="penn-n1737"/>
  <edge xml:id="vc-lnk277" from="vc-n193" to="penn-n1733"/>
  <edge xml:id="vc-lnk276" from="vc-n193" to="penn-n1732"/>
  <edge xml:id="vc-lnk275" from="vc-n192" to="penn-n1728"/>
  <edge xml:id="vc-lnk274" from="vc-n191" to="penn-n1718"/>
  <edge xml:id="vc-lnk273" from="vc-n191" to="penn-n1717"/>
  <edge xml:id="vc-lnk272" from="vc-n190" to="penn-n1713"/>
  <edge xml:id="vc-lnk271" from="vc-n189" to="penn-n1709"/>
  <edge xml:id="vc-lnk270" from="vc-n188" to="penn-n1697"/>
  <edge xml:id="vc-lnk309" from="vc-n220" to="penn-n1976"/>
  <edge xml:id="vc-lnk308" from="vc-n219" to="penn-n1975"/>
  <edge xml:id="vc-lnk307" from="vc-n218" to="penn-n1973"/>
  <edge xml:id="vc-lnk306" from="vc-n217" to="penn-n1945"/>
  <edge xml:id="vc-lnk305" from="vc-n216" to="penn-n1937"/>
  <edge xml:id="vc-lnk304" from="vc-n215" to="penn-n1926"/>
  <edge xml:id="vc-lnk303" from="vc-n214" to="penn-n1919"/>
  <edge xml:id="vc-lnk302" from="vc-n213" to="penn-n1912"/>
  <edge xml:id="vc-lnk301" from="vc-n212" to="penn-n1908"/>
  <edge xml:id="vc-lnk269" from="vc-n188" to="penn-n1696"/>
  <edge xml:id="vc-lnk300" from="vc-n211" to="penn-n1883"/>
  <edge xml:id="vc-lnk268" from="vc-n187" to="penn-n1691"/>
  <edge xml:id="vc-lnk267" from="vc-n186" to="penn-n1676"/>
  <edge xml:id="vc-lnk266" from="vc-n186" to="penn-n1675"/>
  <edge xml:id="vc-lnk265" from="vc-n186" to="penn-n1674"/>
  <edge xml:id="vc-lnk264" from="vc-n185" to="penn-n1671"/>
  <edge xml:id="vc-lnk263" from="vc-n184" to="penn-n1665"/>
  <edge xml:id="vc-lnk262" from="vc-n183" to="penn-n1651"/>
  <edge xml:id="vc-lnk261" from="vc-n183" to="penn-n1650"/>
  <edge xml:id="vc-lnk260" from="vc-n182" to="penn-n1638"/>
  <edge xml:id="vc-lnk99" from="vc-n68" to="penn-n624"/>
  <edge xml:id="vc-lnk98" from="vc-n67" to="penn-n623"/>
  <edge xml:id="vc-lnk97" from="vc-n67" to="penn-n622"/>
  <edge xml:id="vc-lnk96" from="vc-n67" to="penn-n621"/>
  <edge xml:id="vc-lnk95" from="vc-n66" to="penn-n613"/>
  <edge xml:id="vc-lnk94" from="vc-n65" to="penn-n606"/>
  <edge xml:id="vc-lnk93" from="vc-n64" to="penn-n604"/>
  <edge xml:id="vc-lnk92" from="vc-n64" to="penn-n603"/>
  <edge xml:id="vc-lnk91" from="vc-n63" to="penn-n596"/>
  <edge xml:id="vc-lnk90" from="vc-n63" to="penn-n595"/>
  <edge xml:id="vc-lnk259" from="vc-n181" to="penn-n1631"/>
  <edge xml:id="vc-lnk258" from="vc-n181" to="penn-n1630"/>
  <edge xml:id="vc-lnk257" from="vc-n180" to="penn-n1628"/>
  <edge xml:id="vc-lnk256" from="vc-n179" to="penn-n1617"/>
  <edge xml:id="vc-lnk255" from="vc-n178" to="penn-n1613"/>
  <edge xml:id="vc-lnk254" from="vc-n178" to="penn-n1612"/>
  <edge xml:id="vc-lnk253" from="vc-n177" to="penn-n1609"/>
  <edge xml:id="vc-lnk252" from="vc-n177" to="penn-n1608"/>
  <edge xml:id="vc-lnk251" from="vc-n176" to="penn-n1598"/>
  <edge xml:id="vc-lnk250" from="vc-n175" to="penn-n1579"/>
  <edge xml:id="vc-lnk89" from="vc-n63" to="penn-n594"/>
  <edge xml:id="vc-lnk88" from="vc-n62" to="penn-n588"/>
  <edge xml:id="vc-lnk87" from="vc-n62" to="penn-n587"/>
  <edge xml:id="vc-lnk86" from="vc-n61" to="penn-n565"/>
  <edge xml:id="vc-lnk85" from="vc-n60" to="penn-n560"/>
  <edge xml:id="vc-lnk84" from="vc-n59" to="penn-n549"/>
  <edge xml:id="vc-lnk83" from="vc-n58" to="penn-n543"/>
  <edge xml:id="vc-lnk82" from="vc-n57" to="penn-n535"/>
  <edge xml:id="vc-lnk81" from="vc-n56" to="penn-n532"/>
  <edge xml:id="vc-lnk80" from="vc-n56" to="penn-n531"/>
  <edge xml:id="vc-lnk249" from="vc-n174" to="penn-n1560"/>
  <edge xml:id="vc-lnk248" from="vc-n173" to="penn-n1549"/>
  <edge xml:id="vc-lnk247" from="vc-n172" to="penn-n1530"/>
  <edge xml:id="vc-lnk246" from="vc-n171" to="penn-n1524"/>
  <edge xml:id="vc-lnk245" from="vc-n170" to="penn-n1510"/>
  <edge xml:id="vc-lnk244" from="vc-n169" to="penn-n1509"/>
  <edge xml:id="vc-lnk243" from="vc-n168" to="penn-n1503"/>
  <edge xml:id="vc-lnk242" from="vc-n167" to="penn-n1488"/>
  <edge xml:id="vc-lnk241" from="vc-n167" to="penn-n1487"/>
  <edge xml:id="vc-lnk240" from="vc-n166" to="penn-n1486"/>
  <edge xml:id="vc-lnk79" from="vc-n55" to="penn-n526"/>
  <edge xml:id="vc-lnk78" from="vc-n55" to="penn-n525"/>
  <edge xml:id="vc-lnk77" from="vc-n54" to="penn-n514"/>
  <edge xml:id="vc-lnk76" from="vc-n54" to="penn-n513"/>
  <edge xml:id="vc-lnk75" from="vc-n53" to="penn-n510"/>
  <edge xml:id="vc-lnk74" from="vc-n52" to="penn-n500"/>
  <edge xml:id="vc-lnk73" from="vc-n52" to="penn-n499"/>
  <edge xml:id="vc-lnk72" from="vc-n51" to="penn-n488"/>
  <edge xml:id="vc-lnk71" from="vc-n50" to="penn-n479"/>
  <edge xml:id="vc-lnk70" from="vc-n49" to="penn-n455"/>
  <edge xml:id="vc-lnk239" from="vc-n166" to="penn-n1485"/>
  <edge xml:id="vc-lnk238" from="vc-n165" to="penn-n1472"/>
  <edge xml:id="vc-lnk237" from="vc-n164" to="penn-n1470"/>
  <edge xml:id="vc-lnk236" from="vc-n163" to="penn-n1466"/>
  <edge xml:id="vc-lnk235" from="vc-n163" to="penn-n1465"/>
  <edge xml:id="vc-lnk234" from="vc-n162" to="penn-n1458"/>
  <edge xml:id="vc-lnk233" from="vc-n161" to="penn-n1455"/>
  <edge xml:id="vc-lnk232" from="vc-n160" to="penn-n1451"/>
  <edge xml:id="vc-lnk199" from="vc-n135" to="penn-n1236"/>
  <edge xml:id="vc-lnk231" from="vc-n159" to="penn-n1447"/>
  <edge xml:id="vc-lnk198" from="vc-n134" to="penn-n1221"/>
  <edge xml:id="vc-lnk230" from="vc-n159" to="penn-n1446"/>
  <edge xml:id="vc-lnk197" from="vc-n133" to="penn-n1214"/>
  <edge xml:id="vc-lnk196" from="vc-n133" to="penn-n1213"/>
  <edge xml:id="vc-lnk195" from="vc-n132" to="penn-n1210"/>
  <edge xml:id="vc-lnk194" from="vc-n131" to="penn-n1204"/>
  <edge xml:id="vc-lnk193" from="vc-n131" to="penn-n1203"/>
  <edge xml:id="vc-lnk192" from="vc-n131" to="penn-n1202"/>
  <edge xml:id="vc-lnk191" from="vc-n131" to="penn-n1201"/>
  <edge xml:id="vc-lnk190" from="vc-n130" to="penn-n1185"/>
  <edge xml:id="vc-lnk69" from="vc-n48" to="penn-n435"/>
  <edge xml:id="vc-lnk68" from="vc-n47" to="penn-n428"/>
  <edge xml:id="vc-lnk67" from="vc-n47" to="penn-n427"/>
  <edge xml:id="vc-lnk66" from="vc-n46" to="penn-n425"/>
  <edge xml:id="vc-lnk65" from="vc-n46" to="penn-n424"/>
  <edge xml:id="vc-lnk64" from="vc-n45" to="penn-n420"/>
  <edge xml:id="vc-lnk63" from="vc-n45" to="penn-n419"/>
  <edge xml:id="vc-lnk62" from="vc-n44" to="penn-n413"/>
  <edge xml:id="vc-lnk61" from="vc-n43" to="penn-n405"/>
  <edge xml:id="vc-lnk60" from="vc-n42" to="penn-n383"/>
  <edge xml:id="vc-lnk229" from="vc-n158" to="penn-n1433"/>
  <edge xml:id="vc-lnk228" from="vc-n157" to="penn-n1427"/>
  <edge xml:id="vc-lnk227" from="vc-n156" to="penn-n1418"/>
  <edge xml:id="vc-lnk226" from="vc-n156" to="penn-n1417"/>
  <edge xml:id="vc-lnk225" from="vc-n155" to="penn-n1415"/>
  <edge xml:id="vc-lnk224" from="vc-n154" to="penn-n1408"/>
  <edge xml:id="vc-lnk223" from="vc-n154" to="penn-n1407"/>
  <edge xml:id="vc-lnk222" from="vc-n153" to="penn-n1405"/>
  <edge xml:id="vc-lnk189" from="vc-n129" to="penn-n1168"/>
  <edge xml:id="vc-lnk221" from="vc-n152" to="penn-n1398"/>
  <edge xml:id="vc-lnk188" from="vc-n129" to="penn-n1167"/>
  <edge xml:id="vc-lnk220" from="vc-n151" to="penn-n1394"/>
  <edge xml:id="vc-lnk187" from="vc-n128" to="penn-n1164"/>
  <edge xml:id="vc-lnk186" from="vc-n127" to="penn-n1154"/>
  <edge xml:id="vc-lnk185" from="vc-n126" to="penn-n1152"/>
  <edge xml:id="vc-lnk184" from="vc-n126" to="penn-n1151"/>
  <edge xml:id="vc-lnk183" from="vc-n125" to="penn-n1138"/>
  <edge xml:id="vc-lnk182" from="vc-n125" to="penn-n1137"/>
  <edge xml:id="vc-lnk181" from="vc-n124" to="penn-n1133"/>
  <edge xml:id="vc-lnk180" from="vc-n124" to="penn-n1132"/>
  <edge xml:id="vc-lnk59" from="vc-n42" to="penn-n382"/>
  <edge xml:id="vc-lnk58" from="vc-n41" to="penn-n373"/>
  <edge xml:id="vc-lnk57" from="vc-n40" to="penn-n371"/>
  <edge xml:id="vc-lnk56" from="vc-n39" to="penn-n364"/>
  <edge xml:id="vc-lnk55" from="vc-n38" to="penn-n357"/>
  <edge xml:id="vc-lnk54" from="vc-n38" to="penn-n356"/>
  <edge xml:id="vc-lnk53" from="vc-n37" to="penn-n341"/>
  <edge xml:id="vc-lnk52" from="vc-n37" to="penn-n340"/>
  <edge xml:id="vc-lnk51" from="vc-n36" to="penn-n332"/>
  <edge xml:id="vc-lnk50" from="vc-n35" to="penn-n329"/>
  <edge xml:id="vc-lnk219" from="vc-n150" to="penn-n1369"/>
  <edge xml:id="vc-lnk218" from="vc-n150" to="penn-n1368"/>
  <edge xml:id="vc-lnk217" from="vc-n149" to="penn-n1355"/>
  <edge xml:id="vc-lnk216" from="vc-n148" to="penn-n1334"/>
  <edge xml:id="vc-lnk215" from="vc-n147" to="penn-n1325"/>
  <edge xml:id="vc-lnk214" from="vc-n146" to="penn-n1308"/>
  <edge xml:id="vc-lnk213" from="vc-n145" to="penn-n1305"/>
  <edge xml:id="vc-lnk212" from="vc-n144" to="penn-n1293"/>
  <edge xml:id="vc-lnk179" from="vc-n124" to="penn-n1131"/>
  <edge xml:id="vc-lnk211" from="vc-n143" to="penn-n1287"/>
  <edge xml:id="vc-lnk178" from="vc-n123" to="penn-n1130"/>
  <edge xml:id="vc-lnk210" from="vc-n142" to="penn-n1270"/>
  <edge xml:id="vc-lnk177" from="vc-n123" to="penn-n1129"/>
  <edge xml:id="vc-lnk176" from="vc-n123" to="penn-n1128"/>
  <edge xml:id="vc-lnk175" from="vc-n123" to="penn-n1127"/>
  <edge xml:id="vc-lnk174" from="vc-n122" to="penn-n1119"/>
  <edge xml:id="vc-lnk173" from="vc-n121" to="penn-n1118"/>
  <edge xml:id="vc-lnk172" from="vc-n120" to="penn-n1104"/>
  <edge xml:id="vc-lnk171" from="vc-n119" to="penn-n1103"/>
  <edge xml:id="vc-lnk170" from="vc-n119" to="penn-n1102"/>
  <edge xml:id="vc-lnk49" from="vc-n34" to="penn-n321"/>
  <edge xml:id="vc-lnk48" from="vc-n34" to="penn-n320"/>
  <edge xml:id="vc-lnk47" from="vc-n33" to="penn-n312"/>
  <edge xml:id="vc-lnk46" from="vc-n33" to="penn-n311"/>
  <edge xml:id="vc-lnk45" from="vc-n32" to="penn-n310"/>
  <edge xml:id="vc-lnk44" from="vc-n31" to="penn-n298"/>
  <edge xml:id="vc-lnk43" from="vc-n30" to="penn-n270"/>
  <edge xml:id="vc-lnk42" from="vc-n29" to="penn-n255"/>
  <edge xml:id="vc-lnk41" from="vc-n28" to="penn-n228"/>
  <edge xml:id="vc-lnk40" from="vc-n27" to="penn-n225"/>
  <edge xml:id="vc-lnk209" from="vc-n142" to="penn-n1269"/>
  <edge xml:id="vc-lnk208" from="vc-n141" to="penn-n1268"/>
  <edge xml:id="vc-lnk207" from="vc-n141" to="penn-n1267"/>
  <edge xml:id="vc-lnk206" from="vc-n141" to="penn-n1266"/>
  <edge xml:id="vc-lnk205" from="vc-n140" to="penn-n1262"/>
  <edge xml:id="vc-lnk204" from="vc-n140" to="penn-n1261"/>
  <edge xml:id="vc-lnk203" from="vc-n139" to="penn-n1259"/>
  <edge xml:id="vc-lnk202" from="vc-n138" to="penn-n1253"/>
  <edge xml:id="vc-lnk169" from="vc-n119" to="penn-n1101"/>
  <edge xml:id="vc-lnk201" from="vc-n137" to="penn-n1247"/>
  <edge xml:id="vc-lnk168" from="vc-n118" to="penn-n1095"/>
  <edge xml:id="vc-lnk200" from="vc-n136" to="penn-n1242"/>
  <edge xml:id="vc-lnk167" from="vc-n117" to="penn-n1090"/>
  <edge xml:id="vc-lnk166" from="vc-n116" to="penn-n1079"/>
  <edge xml:id="vc-lnk165" from="vc-n116" to="penn-n1078"/>
  <edge xml:id="vc-lnk164" from="vc-n116" to="penn-n1077"/>
  <edge xml:id="vc-lnk163" from="vc-n115" to="penn-n1074"/>
  <edge xml:id="vc-lnk162" from="vc-n115" to="penn-n1073"/>
  <edge xml:id="vc-lnk161" from="vc-n115" to="penn-n1072"/>
  <edge xml:id="vc-lnk160" from="vc-n114" to="penn-n1065"/>
  <edge xml:id="vc-lnk39" from="vc-n27" to="penn-n224"/>
  <edge xml:id="vc-lnk38" from="vc-n26" to="penn-n211"/>
  <edge xml:id="vc-lnk37" from="vc-n25" to="penn-n208"/>
  <edge xml:id="vc-lnk36" from="vc-n24" to="penn-n194"/>
  <edge xml:id="vc-lnk35" from="vc-n23" to="penn-n189"/>
  <edge xml:id="vc-lnk34" from="vc-n22" to="penn-n178"/>
  <edge xml:id="vc-lnk33" from="vc-n22" to="penn-n177"/>
  <edge xml:id="vc-lnk32" from="vc-n22" to="penn-n176"/>
  <edge xml:id="vc-lnk31" from="vc-n21" to="penn-n160"/>
  <edge xml:id="vc-lnk30" from="vc-n20" to="penn-n151"/>
  <edge xml:id="vc-lnk159" from="vc-n114" to="penn-n1064"/>
  <edge xml:id="vc-lnk158" from="vc-n113" to="penn-n1059"/>
  <edge xml:id="vc-lnk157" from="vc-n112" to="penn-n1053"/>
  <edge xml:id="vc-lnk156" from="vc-n111" to="penn-n1041"/>
  <edge xml:id="vc-lnk155" from="vc-n110" to="penn-n1021"/>
  <edge xml:id="vc-lnk154" from="vc-n109" to="penn-n1014"/>
  <edge xml:id="vc-lnk153" from="vc-n109" to="penn-n1013"/>
  <edge xml:id="vc-lnk152" from="vc-n108" to="penn-n1011"/>
  <edge xml:id="vc-lnk151" from="vc-n108" to="penn-n1010"/>
  <edge xml:id="vc-lnk150" from="vc-n107" to="penn-n1006"/>
  <edge xml:id="vc-lnk29" from="vc-n19" to="penn-n147"/>
  <edge xml:id="vc-lnk28" from="vc-n18" to="penn-n129"/>
  <edge xml:id="vc-lnk27" from="vc-n17" to="penn-n127"/>
  <edge xml:id="vc-lnk26" from="vc-n17" to="penn-n126"/>
  <edge xml:id="vc-lnk25" from="vc-n17" to="penn-n125"/>
  <edge xml:id="vc-lnk24" from="vc-n16" to="penn-n117"/>
  <edge xml:id="vc-lnk23" from="vc-n15" to="penn-n104"/>
  <edge xml:id="vc-lnk22" from="vc-n14" to="penn-n101"/>
  <edge xml:id="vc-lnk21" from="vc-n14" to="penn-n100"/>
  <edge xml:id="vc-lnk20" from="vc-n13" to="penn-n98"/>
  <edge xml:id="vc-lnk149" from="vc-n107" to="penn-n1005"/>
  <edge xml:id="vc-lnk148" from="vc-n106" to="penn-n1000"/>
  <edge xml:id="vc-lnk147" from="vc-n105" to="penn-n981"/>
  <edge xml:id="vc-lnk146" from="vc-n105" to="penn-n980"/>
  <edge xml:id="vc-lnk145" from="vc-n104" to="penn-n979"/>
  <edge xml:id="vc-lnk144" from="vc-n104" to="penn-n978"/>
  <edge xml:id="vc-lnk143" from="vc-n103" to="penn-n969"/>
  <edge xml:id="vc-lnk142" from="vc-n102" to="penn-n934"/>
  <edge xml:id="vc-lnk141" from="vc-n102" to="penn-n933"/>
  <edge xml:id="vc-lnk140" from="vc-n102" to="penn-n932"/>
  <edge xml:id="vc-lnk19" from="vc-n12" to="penn-n88"/>
  <edge xml:id="vc-lnk18" from="vc-n11" to="penn-n84"/>
  <edge xml:id="vc-lnk17" from="vc-n10" to="penn-n80"/>
  <edge xml:id="vc-lnk16" from="vc-n9" to="penn-n64"/>
  <edge xml:id="vc-lnk15" from="vc-n9" to="penn-n63"/>
  <edge xml:id="vc-lnk14" from="vc-n8" to="penn-n53"/>
  <edge xml:id="vc-lnk13" from="vc-n8" to="penn-n52"/>
  <edge xml:id="vc-lnk12" from="vc-n8" to="penn-n51"/>
  <edge xml:id="vc-lnk11" from="vc-n7" to="penn-n47"/>
  <edge xml:id="vc-lnk10" from="vc-n6" to="penn-n44"/>
  <edge xml:id="vc-lnk139" from="vc-n101" to="penn-n927"/>
  <edge xml:id="vc-lnk138" from="vc-n101" to="penn-n926"/>
  <edge xml:id="vc-lnk137" from="vc-n100" to="penn-n925"/>
  <edge xml:id="vc-lnk136" from="vc-n100" to="penn-n924"/>
  <edge xml:id="vc-lnk135" from="vc-n99" to="penn-n909"/>
  <edge xml:id="vc-lnk134" from="vc-n98" to="penn-n903"/>
  <edge xml:id="vc-lnk133" from="vc-n97" to="penn-n896"/>
  <edge xml:id="vc-lnk132" from="vc-n96" to="penn-n892"/>
  <edge xml:id="vc-lnk131" from="vc-n95" to="penn-n884"/>
  <edge xml:id="vc-lnk130" from="vc-n94" to="penn-n878"/>
  <edge xml:id="vc-lnk129" from="vc-n94" to="penn-n877"/>
  <edge xml:id="vc-lnk128" from="vc-n93" to="penn-n874"/>
  <edge xml:id="vc-lnk127" from="vc-n92" to="penn-n869"/>
  <edge xml:id="vc-lnk126" from="vc-n91" to="penn-n866"/>
  <edge xml:id="vc-lnk125" from="vc-n90" to="penn-n852"/>
  <edge xml:id="vc-lnk124" from="vc-n89" to="penn-n839"/>
  <edge xml:id="vc-lnk123" from="vc-n88" to="penn-n829"/>
  <edge xml:id="vc-lnk122" from="vc-n87" to="penn-n816"/>
  <edge xml:id="vc-lnk121" from="vc-n86" to="penn-n792"/>
  <edge xml:id="vc-lnk120" from="vc-n85" to="penn-n787"/>
  <edge xml:id="vc-lnk119" from="vc-n84" to="penn-n780"/>
</graph>
