<graph xmlns="http://www.xces.org/ns/GrAF/1.0/" xmlns:graf="http://www.xces.org/ns/GrAF/1.0/">
  <graphHeader>
    <labelsDecl>
      <labelUsage label="body" occurs="1"/>
      <labelUsage label="text" occurs="1"/>
      <labelUsage label="a" occurs="6"/>
      <labelUsage label="p" occurs="43"/>
      <labelUsage label="div" occurs="15"/>
      <labelUsage label="hi" occurs="27"/>
      <labelUsage label="cesDoc" occurs="1"/>
      <labelUsage label="head" occurs="2"/>
      <labelUsage label="br" occurs="1"/>
    </labelsDecl>
    <annotationSpaces>
      <annotationSpace as.id="xces"/>
    </annotationSpaces>
  </graphHeader>
  <region xml:id="logical-r0" anchors="0 14802"/>
  <node xml:id="logical-n0">
    <link targets="logical-r0"/>
  </node>
  <a xml:id="logical-N65601" label="cesDoc" ref="logical-n0" as="xces">
    <fs>
      <f name="xmlns" value="http://www.xces.org/schema/2003"/>
      <f name="version" value="1.0.4"/>
    </fs>
  </a>
  <region xml:id="logical-r1" anchors="1 14801"/>
  <node xml:id="logical-n1">
    <link targets="logical-r1"/>
  </node>
  <a xml:id="logical-N65629" label="text" ref="logical-n1" as="xces"/>
  <region xml:id="logical-r2" anchors="2 14800"/>
  <node xml:id="logical-n2">
    <link targets="logical-r2"/>
  </node>
  <a xml:id="logical-N65645" label="body" ref="logical-n2" as="xces"/>
  <region xml:id="logical-r3" anchors="3 47"/>
  <node xml:id="logical-n3">
    <link targets="logical-r3"/>
  </node>
  <a xml:id="logical-N65661" label="head" ref="logical-n3" as="xces">
    <fs>
      <f name="class" value="entry-header"/>
    </fs>
  </a>
  <region xml:id="logical-r4" anchors="48 14799"/>
  <node xml:id="logical-n4">
    <link targets="logical-r4"/>
  </node>
  <a xml:id="logical-N65685" label="div" ref="logical-n4" as="xces">
    <fs>
      <f name="class" value="entry-content"/>
    </fs>
  </a>
  <region xml:id="logical-r5" anchors="49 10678"/>
  <node xml:id="logical-n5">
    <link targets="logical-r5"/>
  </node>
  <a xml:id="logical-N65709" label="div" ref="logical-n5" as="xces">
    <fs>
      <f name="class" value="entry-body"/>
    </fs>
  </a>
  <region xml:id="logical-r6" anchors="50 916"/>
  <node xml:id="logical-n6">
    <link targets="logical-r6"/>
  </node>
  <a xml:id="logical-N65733" label="p" ref="logical-n6" as="xces"/>
  <region xml:id="logical-r7" anchors="288 297"/>
  <node xml:id="logical-n7">
    <link targets="logical-r7"/>
  </node>
  <a xml:id="logical-N65749" label="a" ref="logical-n7" as="xces">
    <fs>
      <f name="href" value="http://thomas.loc.gov/cgi-bin/bdquery/z?d111:h.r.05034:"/>
    </fs>
  </a>
  <region xml:id="logical-r8" anchors="917 1158"/>
  <node xml:id="logical-n8">
    <link targets="logical-r8"/>
  </node>
  <a xml:id="logical-N65773" label="p" ref="logical-n8" as="xces"/>
  <region xml:id="logical-r9" anchors="1159 1406"/>
  <node xml:id="logical-n9">
    <link targets="logical-r9"/>
  </node>
  <a xml:id="logical-N65789" label="p" ref="logical-n9" as="xces"/>
  <region xml:id="logical-r10" anchors="1181 1195"/>
  <node xml:id="logical-n10">
    <link targets="logical-r10"/>
  </node>
  <a xml:id="logical-N65805" label="a" ref="logical-n10" as="xces">
    <fs>
      <f name="href" value="http://www.hr5034.org/"/>
    </fs>
  </a>
  <region xml:id="logical-r11" anchors="1407 1584"/>
  <node xml:id="logical-n11">
    <link targets="logical-r11"/>
  </node>
  <a xml:id="logical-N65829" label="p" ref="logical-n11" as="xces"/>
  <region xml:id="logical-r12" anchors="1584 1584"/>
  <node xml:id="logical-n12">
    <link targets="logical-r12"/>
  </node>
  <a xml:id="logical-N65845" label="br" ref="logical-n12" as="xces"/>
  <region xml:id="logical-r13" anchors="1585 1629"/>
  <node xml:id="logical-n13">
    <link targets="logical-r13"/>
  </node>
  <a xml:id="logical-N65861" label="p" ref="logical-n13" as="xces"/>
  <region xml:id="logical-r14" anchors="1585 1602"/>
  <node xml:id="logical-n14">
    <link targets="logical-r14"/>
  </node>
  <a xml:id="logical-N65877" label="hi" ref="logical-n14" as="xces">
    <fs>
      <f name="rend" value="bold-uppercase"/>
    </fs>
  </a>
  <region xml:id="logical-r15" anchors="1605 1627"/>
  <node xml:id="logical-n15">
    <link targets="logical-r15"/>
  </node>
  <a xml:id="logical-N65901" label="a" ref="logical-n15" as="xces">
    <fs>
      <f name="href" value="http://www.hr5034.org/"/>
    </fs>
  </a>
  <region xml:id="logical-r16" anchors="1630 1800"/>
  <node xml:id="logical-n16">
    <link targets="logical-r16"/>
  </node>
  <a xml:id="logical-N65925" label="p" ref="logical-n16" as="xces"/>
  <region xml:id="logical-r17" anchors="1631 1799"/>
  <node xml:id="logical-n17">
    <link targets="logical-r17"/>
  </node>
  <a xml:id="logical-N65941" label="hi" ref="logical-n17" as="xces">
    <fs>
      <f name="rend" value="red"/>
    </fs>
  </a>
  <region xml:id="logical-r18" anchors="1801 2150"/>
  <node xml:id="logical-n18">
    <link targets="logical-r18"/>
  </node>
  <a xml:id="logical-N65965" label="p" ref="logical-n18" as="xces"/>
  <region xml:id="logical-r19" anchors="1802 2149"/>
  <node xml:id="logical-n19">
    <link targets="logical-r19"/>
  </node>
  <a xml:id="logical-N65981" label="hi" ref="logical-n19" as="xces">
    <fs>
      <f name="rend" value="bold-uppercase"/>
    </fs>
  </a>
  <region xml:id="logical-r20" anchors="2151 2792"/>
  <node xml:id="logical-n20">
    <link targets="logical-r20"/>
  </node>
  <a xml:id="logical-N66005" label="p" ref="logical-n20" as="xces"/>
  <region xml:id="logical-r21" anchors="2152 2431"/>
  <node xml:id="logical-n21">
    <link targets="logical-r21"/>
  </node>
  <a xml:id="logical-N66021" label="hi" ref="logical-n21" as="xces">
    <fs>
      <f name="rend" value="red"/>
    </fs>
  </a>
  <region xml:id="logical-r22" anchors="2432 2791"/>
  <node xml:id="logical-n22">
    <link targets="logical-r22"/>
  </node>
  <a xml:id="logical-N66045" label="hi" ref="logical-n22" as="xces">
    <fs>
      <f name="rend" value="bold-uppercase"/>
    </fs>
  </a>
  <region xml:id="logical-r23" anchors="2793 3682"/>
  <node xml:id="logical-n23">
    <link targets="logical-r23"/>
  </node>
  <a xml:id="logical-N66069" label="p" ref="logical-n23" as="xces"/>
  <region xml:id="logical-r24" anchors="2793 2817"/>
  <node xml:id="logical-n24">
    <link targets="logical-r24"/>
  </node>
  <a xml:id="logical-N66085" label="hi" ref="logical-n24" as="xces">
    <fs>
      <f name="rend" value="bold"/>
    </fs>
  </a>
  <region xml:id="logical-r25" anchors="2820 2852"/>
  <node xml:id="logical-n25">
    <link targets="logical-r25"/>
  </node>
  <a xml:id="logical-N66109" label="a" ref="logical-n25" as="xces">
    <fs>
      <f name="href" value="http://www.hr5034.org/learn-more"/>
    </fs>
  </a>
  <region xml:id="logical-r26" anchors="2854 3081"/>
  <node xml:id="logical-n26">
    <link targets="logical-r26"/>
  </node>
  <a xml:id="logical-N66133" label="hi" ref="logical-n26" as="xces">
    <fs>
      <f name="rend" value="red"/>
    </fs>
  </a>
  <region xml:id="logical-r27" anchors="3081 3680"/>
  <node xml:id="logical-n27">
    <link targets="logical-r27"/>
  </node>
  <a xml:id="logical-N66157" label="hi" ref="logical-n27" as="xces">
    <fs>
      <f name="rend" value="bold-uppercase"/>
    </fs>
  </a>
  <region xml:id="logical-r28" anchors="3683 4270"/>
  <node xml:id="logical-n28">
    <link targets="logical-r28"/>
  </node>
  <a xml:id="logical-N66181" label="p" ref="logical-n28" as="xces"/>
  <region xml:id="logical-r29" anchors="3684 4023"/>
  <node xml:id="logical-n29">
    <link targets="logical-r29"/>
  </node>
  <a xml:id="logical-N66197" label="hi" ref="logical-n29" as="xces">
    <fs>
      <f name="rend" value="red"/>
    </fs>
  </a>
  <region xml:id="logical-r30" anchors="4024 4269"/>
  <node xml:id="logical-n30">
    <link targets="logical-r30"/>
  </node>
  <a xml:id="logical-N66221" label="hi" ref="logical-n30" as="xces">
    <fs>
      <f name="rend" value="bold-uppercase"/>
    </fs>
  </a>
  <region xml:id="logical-r31" anchors="4271 5908"/>
  <node xml:id="logical-n31">
    <link targets="logical-r31"/>
  </node>
  <a xml:id="logical-N66245" label="p" ref="logical-n31" as="xces"/>
  <region xml:id="logical-r32" anchors="4271 4299"/>
  <node xml:id="logical-n32">
    <link targets="logical-r32"/>
  </node>
  <a xml:id="logical-N66261" label="hi" ref="logical-n32" as="xces">
    <fs>
      <f name="rend" value="bold-uppercase"/>
    </fs>
  </a>
  <region xml:id="logical-r33" anchors="4302 4339"/>
  <node xml:id="logical-n33">
    <link targets="logical-r33"/>
  </node>
  <a xml:id="logical-N66285" label="a" ref="logical-n33" as="xces">
    <fs>
      <f name="href" value="http://www.hr5034.org/fact-vs-fiction"/>
    </fs>
  </a>
  <region xml:id="logical-r34" anchors="4342 4757"/>
  <node xml:id="logical-n34">
    <link targets="logical-r34"/>
  </node>
  <a xml:id="logical-N66309" label="hi" ref="logical-n34" as="xces">
    <fs>
      <f name="rend" value="red"/>
    </fs>
  </a>
  <region xml:id="logical-r35" anchors="4757 5423"/>
  <node xml:id="logical-n35">
    <link targets="logical-r35"/>
  </node>
  <a xml:id="logical-N66333" label="hi" ref="logical-n35" as="xces">
    <fs>
      <f name="rend" value="bold-uppercase"/>
    </fs>
  </a>
  <region xml:id="logical-r36" anchors="5424 5513"/>
  <node xml:id="logical-n36">
    <link targets="logical-r36"/>
  </node>
  <a xml:id="logical-N66357" label="hi" ref="logical-n36" as="xces">
    <fs>
      <f name="rend" value="red"/>
    </fs>
  </a>
  <region xml:id="logical-r37" anchors="5514 5907"/>
  <node xml:id="logical-n37">
    <link targets="logical-r37"/>
  </node>
  <a xml:id="logical-N66381" label="hi" ref="logical-n37" as="xces">
    <fs>
      <f name="rend" value="bold-uppercase"/>
    </fs>
  </a>
  <region xml:id="logical-r38" anchors="5909 6489"/>
  <node xml:id="logical-n38">
    <link targets="logical-r38"/>
  </node>
  <a xml:id="logical-N66405" label="p" ref="logical-n38" as="xces"/>
  <region xml:id="logical-r39" anchors="5910 6051"/>
  <node xml:id="logical-n39">
    <link targets="logical-r39"/>
  </node>
  <a xml:id="logical-N66421" label="hi" ref="logical-n39" as="xces">
    <fs>
      <f name="rend" value="red"/>
    </fs>
  </a>
  <region xml:id="logical-r40" anchors="6052 6137"/>
  <node xml:id="logical-n40">
    <link targets="logical-r40"/>
  </node>
  <a xml:id="logical-N66445" label="hi" ref="logical-n40" as="xces">
    <fs>
      <f name="rend" value="bold-uppercase"/>
    </fs>
  </a>
  <region xml:id="logical-r41" anchors="6138 6277"/>
  <node xml:id="logical-n41">
    <link targets="logical-r41"/>
  </node>
  <a xml:id="logical-N66469" label="hi" ref="logical-n41" as="xces">
    <fs>
      <f name="rend" value="bold-italic-uppercase"/>
    </fs>
  </a>
  <region xml:id="logical-r42" anchors="6278 6488"/>
  <node xml:id="logical-n42">
    <link targets="logical-r42"/>
  </node>
  <a xml:id="logical-N66493" label="hi" ref="logical-n42" as="xces">
    <fs>
      <f name="rend" value="bold-uppercase"/>
    </fs>
  </a>
  <region xml:id="logical-r43" anchors="6490 7906"/>
  <node xml:id="logical-n43">
    <link targets="logical-r43"/>
  </node>
  <a xml:id="logical-N66517" label="p" ref="logical-n43" as="xces"/>
  <region xml:id="logical-r44" anchors="6491 6807"/>
  <node xml:id="logical-n44">
    <link targets="logical-r44"/>
  </node>
  <a xml:id="logical-N66533" label="hi" ref="logical-n44" as="xces">
    <fs>
      <f name="rend" value="red"/>
    </fs>
  </a>
  <region xml:id="logical-r45" anchors="6808 7905"/>
  <node xml:id="logical-n45">
    <link targets="logical-r45"/>
  </node>
  <a xml:id="logical-N66557" label="hi" ref="logical-n45" as="xces">
    <fs>
      <f name="rend" value="bold-uppercase"/>
    </fs>
  </a>
  <region xml:id="logical-r46" anchors="7907 8337"/>
  <node xml:id="logical-n46">
    <link targets="logical-r46"/>
  </node>
  <a xml:id="logical-N66581" label="p" ref="logical-n46" as="xces"/>
  <region xml:id="logical-r47" anchors="7908 8121"/>
  <node xml:id="logical-n47">
    <link targets="logical-r47"/>
  </node>
  <a xml:id="logical-N66597" label="hi" ref="logical-n47" as="xces">
    <fs>
      <f name="rend" value="red"/>
    </fs>
  </a>
  <region xml:id="logical-r48" anchors="8122 8336"/>
  <node xml:id="logical-n48">
    <link targets="logical-r48"/>
  </node>
  <a xml:id="logical-N66621" label="hi" ref="logical-n48" as="xces">
    <fs>
      <f name="rend" value="bold-uppercase"/>
    </fs>
  </a>
  <region xml:id="logical-r49" anchors="8338 9236"/>
  <node xml:id="logical-n49">
    <link targets="logical-r49"/>
  </node>
  <a xml:id="logical-N66645" label="p" ref="logical-n49" as="xces"/>
  <region xml:id="logical-r50" anchors="8339 8523"/>
  <node xml:id="logical-n50">
    <link targets="logical-r50"/>
  </node>
  <a xml:id="logical-N66661" label="hi" ref="logical-n50" as="xces">
    <fs>
      <f name="rend" value="red"/>
    </fs>
  </a>
  <region xml:id="logical-r51" anchors="8524 9235"/>
  <node xml:id="logical-n51">
    <link targets="logical-r51"/>
  </node>
  <a xml:id="logical-N66685" label="hi" ref="logical-n51" as="xces">
    <fs>
      <f name="rend" value="bold-uppercase"/>
    </fs>
  </a>
  <region xml:id="logical-r52" anchors="9237 9995"/>
  <node xml:id="logical-n52">
    <link targets="logical-r52"/>
  </node>
  <a xml:id="logical-N66709" label="p" ref="logical-n52" as="xces"/>
  <region xml:id="logical-r53" anchors="9238 9324"/>
  <node xml:id="logical-n53">
    <link targets="logical-r53"/>
  </node>
  <a xml:id="logical-N66725" label="hi" ref="logical-n53" as="xces">
    <fs>
      <f name="rend" value="red"/>
    </fs>
  </a>
  <region xml:id="logical-r54" anchors="9325 9994"/>
  <node xml:id="logical-n54">
    <link targets="logical-r54"/>
  </node>
  <a xml:id="logical-N66749" label="hi" ref="logical-n54" as="xces">
    <fs>
      <f name="rend" value="bold-uppercase"/>
    </fs>
  </a>
  <region xml:id="logical-r55" anchors="9996 10300"/>
  <node xml:id="logical-n55">
    <link targets="logical-r55"/>
  </node>
  <a xml:id="logical-N66773" label="p" ref="logical-n55" as="xces"/>
  <region xml:id="logical-r56" anchors="10274 10298"/>
  <node xml:id="logical-n56">
    <link targets="logical-r56"/>
  </node>
  <a xml:id="logical-N66789" label="a" ref="logical-n56" as="xces">
    <fs>
      <f name="href" value="http://www.hr5034.org"/>
    </fs>
  </a>
  <region xml:id="logical-r57" anchors="10301 10677"/>
  <node xml:id="logical-n57">
    <link targets="logical-r57"/>
  </node>
  <a xml:id="logical-N66813" label="p" ref="logical-n57" as="xces"/>
  <region xml:id="logical-r58" anchors="10679 14798"/>
  <node xml:id="logical-n58">
    <link targets="logical-r58"/>
  </node>
  <a xml:id="logical-N66829" label="div" ref="logical-n58" as="xces">
    <fs>
      <f name="type" value="comments"/>
    </fs>
  </a>
  <region xml:id="logical-r59" anchors="10681 10689"/>
  <node xml:id="logical-n59">
    <link targets="logical-r59"/>
  </node>
  <a xml:id="logical-N66853" label="head" ref="logical-n59" as="xces"/>
  <region xml:id="logical-r60" anchors="10690 10827"/>
  <node xml:id="logical-n60">
    <link targets="logical-r60"/>
  </node>
  <a xml:id="logical-N66869" label="div" ref="logical-n60" as="xces">
    <fs>
      <f name="class" value="comment"/>
    </fs>
  </a>
  <region xml:id="logical-r61" anchors="10690 10800"/>
  <node xml:id="logical-n61">
    <link targets="logical-r61"/>
  </node>
  <a xml:id="logical-N66893" label="p" ref="logical-n61" as="xces"/>
  <region xml:id="logical-r62" anchors="10800 10827"/>
  <node xml:id="logical-n62">
    <link targets="logical-r62"/>
  </node>
  <a xml:id="logical-N66909" label="p" ref="logical-n62" as="xces"/>
  <region xml:id="logical-r63" anchors="10828 11055"/>
  <node xml:id="logical-n63">
    <link targets="logical-r63"/>
  </node>
  <a xml:id="logical-N66925" label="div" ref="logical-n63" as="xces">
    <fs>
      <f name="class" value="comment"/>
    </fs>
  </a>
  <region xml:id="logical-r64" anchors="10828 11028"/>
  <node xml:id="logical-n64">
    <link targets="logical-r64"/>
  </node>
  <a xml:id="logical-N66949" label="p" ref="logical-n64" as="xces"/>
  <region xml:id="logical-r65" anchors="11028 11055"/>
  <node xml:id="logical-n65">
    <link targets="logical-r65"/>
  </node>
  <a xml:id="logical-N66965" label="p" ref="logical-n65" as="xces"/>
  <region xml:id="logical-r66" anchors="11056 11147"/>
  <node xml:id="logical-n66">
    <link targets="logical-r66"/>
  </node>
  <a xml:id="logical-N66981" label="div" ref="logical-n66" as="xces">
    <fs>
      <f name="class" value="comment"/>
    </fs>
  </a>
  <region xml:id="logical-r67" anchors="11056 11120"/>
  <node xml:id="logical-n67">
    <link targets="logical-r67"/>
  </node>
  <a xml:id="logical-N67005" label="p" ref="logical-n67" as="xces"/>
  <region xml:id="logical-r68" anchors="11120 11147"/>
  <node xml:id="logical-n68">
    <link targets="logical-r68"/>
  </node>
  <a xml:id="logical-N67021" label="p" ref="logical-n68" as="xces"/>
  <region xml:id="logical-r69" anchors="11148 11490"/>
  <node xml:id="logical-n69">
    <link targets="logical-r69"/>
  </node>
  <a xml:id="logical-N67037" label="div" ref="logical-n69" as="xces">
    <fs>
      <f name="class" value="comment"/>
    </fs>
  </a>
  <region xml:id="logical-r70" anchors="11148 11463"/>
  <node xml:id="logical-n70">
    <link targets="logical-r70"/>
  </node>
  <a xml:id="logical-N67061" label="p" ref="logical-n70" as="xces"/>
  <region xml:id="logical-r71" anchors="11463 11490"/>
  <node xml:id="logical-n71">
    <link targets="logical-r71"/>
  </node>
  <a xml:id="logical-N67077" label="p" ref="logical-n71" as="xces"/>
  <region xml:id="logical-r72" anchors="11491 11628"/>
  <node xml:id="logical-n72">
    <link targets="logical-r72"/>
  </node>
  <a xml:id="logical-N67093" label="div" ref="logical-n72" as="xces">
    <fs>
      <f name="class" value="comment"/>
    </fs>
  </a>
  <region xml:id="logical-r73" anchors="11491 11601"/>
  <node xml:id="logical-n73">
    <link targets="logical-r73"/>
  </node>
  <a xml:id="logical-N67117" label="p" ref="logical-n73" as="xces"/>
  <region xml:id="logical-r74" anchors="11601 11628"/>
  <node xml:id="logical-n74">
    <link targets="logical-r74"/>
  </node>
  <a xml:id="logical-N67133" label="p" ref="logical-n74" as="xces"/>
  <region xml:id="logical-r75" anchors="11629 11929"/>
  <node xml:id="logical-n75">
    <link targets="logical-r75"/>
  </node>
  <a xml:id="logical-N67149" label="div" ref="logical-n75" as="xces">
    <fs>
      <f name="class" value="comment"/>
    </fs>
  </a>
  <region xml:id="logical-r76" anchors="11629 11902"/>
  <node xml:id="logical-n76">
    <link targets="logical-r76"/>
  </node>
  <a xml:id="logical-N67173" label="p" ref="logical-n76" as="xces"/>
  <region xml:id="logical-r77" anchors="11902 11929"/>
  <node xml:id="logical-n77">
    <link targets="logical-r77"/>
  </node>
  <a xml:id="logical-N67189" label="p" ref="logical-n77" as="xces"/>
  <region xml:id="logical-r78" anchors="11930 12068"/>
  <node xml:id="logical-n78">
    <link targets="logical-r78"/>
  </node>
  <a xml:id="logical-N67205" label="div" ref="logical-n78" as="xces">
    <fs>
      <f name="class" value="comment"/>
    </fs>
  </a>
  <region xml:id="logical-r79" anchors="11930 12041"/>
  <node xml:id="logical-n79">
    <link targets="logical-r79"/>
  </node>
  <a xml:id="logical-N67229" label="p" ref="logical-n79" as="xces"/>
  <region xml:id="logical-r80" anchors="12041 12068"/>
  <node xml:id="logical-n80">
    <link targets="logical-r80"/>
  </node>
  <a xml:id="logical-N67245" label="p" ref="logical-n80" as="xces"/>
  <region xml:id="logical-r81" anchors="12069 12644"/>
  <node xml:id="logical-n81">
    <link targets="logical-r81"/>
  </node>
  <a xml:id="logical-N67261" label="div" ref="logical-n81" as="xces">
    <fs>
      <f name="class" value="comment"/>
    </fs>
  </a>
  <region xml:id="logical-r82" anchors="12069 12617"/>
  <node xml:id="logical-n82">
    <link targets="logical-r82"/>
  </node>
  <a xml:id="logical-N67285" label="p" ref="logical-n82" as="xces"/>
  <region xml:id="logical-r83" anchors="12617 12644"/>
  <node xml:id="logical-n83">
    <link targets="logical-r83"/>
  </node>
  <a xml:id="logical-N67301" label="p" ref="logical-n83" as="xces"/>
  <region xml:id="logical-r84" anchors="12645 14078"/>
  <node xml:id="logical-n84">
    <link targets="logical-r84"/>
  </node>
  <a xml:id="logical-N67317" label="div" ref="logical-n84" as="xces">
    <fs>
      <f name="class" value="comment"/>
    </fs>
  </a>
  <region xml:id="logical-r85" anchors="12645 14051"/>
  <node xml:id="logical-n85">
    <link targets="logical-r85"/>
  </node>
  <a xml:id="logical-N67341" label="p" ref="logical-n85" as="xces"/>
  <region xml:id="logical-r86" anchors="14051 14078"/>
  <node xml:id="logical-n86">
    <link targets="logical-r86"/>
  </node>
  <a xml:id="logical-N67357" label="p" ref="logical-n86" as="xces"/>
  <region xml:id="logical-r87" anchors="14079 14203"/>
  <node xml:id="logical-n87">
    <link targets="logical-r87"/>
  </node>
  <a xml:id="logical-N67373" label="div" ref="logical-n87" as="xces">
    <fs>
      <f name="class" value="comment"/>
    </fs>
  </a>
  <region xml:id="logical-r88" anchors="14079 14153"/>
  <node xml:id="logical-n88">
    <link targets="logical-r88"/>
  </node>
  <a xml:id="logical-N67397" label="p" ref="logical-n88" as="xces"/>
  <region xml:id="logical-r89" anchors="14154 14173"/>
  <node xml:id="logical-n89">
    <link targets="logical-r89"/>
  </node>
  <a xml:id="logical-N67413" label="p" ref="logical-n89" as="xces"/>
  <region xml:id="logical-r90" anchors="14173 14203"/>
  <node xml:id="logical-n90">
    <link targets="logical-r90"/>
  </node>
  <a xml:id="logical-N67429" label="p" ref="logical-n90" as="xces"/>
  <region xml:id="logical-r91" anchors="14204 14567"/>
  <node xml:id="logical-n91">
    <link targets="logical-r91"/>
  </node>
  <a xml:id="logical-N67445" label="div" ref="logical-n91" as="xces">
    <fs>
      <f name="class" value="comment"/>
    </fs>
  </a>
  <region xml:id="logical-r92" anchors="14204 14536"/>
  <node xml:id="logical-n92">
    <link targets="logical-r92"/>
  </node>
  <a xml:id="logical-N67469" label="p" ref="logical-n92" as="xces"/>
  <region xml:id="logical-r93" anchors="14536 14567"/>
  <node xml:id="logical-n93">
    <link targets="logical-r93"/>
  </node>
  <a xml:id="logical-N67485" label="p" ref="logical-n93" as="xces"/>
  <region xml:id="logical-r94" anchors="14568 14797"/>
  <node xml:id="logical-n94">
    <link targets="logical-r94"/>
  </node>
  <a xml:id="logical-N67501" label="div" ref="logical-n94" as="xces">
    <fs>
      <f name="class" value="comment"/>
    </fs>
  </a>
  <region xml:id="logical-r95" anchors="14568 14766"/>
  <node xml:id="logical-n95">
    <link targets="logical-r95"/>
  </node>
  <a xml:id="logical-N67525" label="p" ref="logical-n95" as="xces"/>
  <region xml:id="logical-r96" anchors="14766 14797"/>
  <node xml:id="logical-n96">
    <link targets="logical-r96"/>
  </node>
  <a xml:id="logical-N67541" label="p" ref="logical-n96" as="xces"/>
</graph>
