<graph xmlns="http://www.xces.org/ns/GrAF/1.0/" xmlns:graf="http://www.xces.org/ns/GrAF/1.0/">
  <graphHeader>
    <labelsDecl>
      <labelUsage label="person" occurs="18"/>
      <labelUsage label="location" occurs="10"/>
      <labelUsage label="org" occurs="11"/>
      <labelUsage label="date" occurs="17"/>
    </labelsDecl>
    <dependencies>
      <dependsOn f.id="f.penn"/>
    </dependencies>
    <annotationSpaces>
      <annotationSpace as.id="anc"/>
    </annotationSpaces>
  </graphHeader>
  <node xml:id="ne-n0"/>
  <a xml:id="ne-N65579" label="location" ref="ne-n0" as="anc">
    <fs>
      <f name="id" value="3668"/>
      <f name="person" value="third"/>
      <f name="case" value="objective"/>
      <f name="number" value="singular"/>
      <f name="type" value="country"/>
    </fs>
  </a>
  <node xml:id="ne-n1"/>
  <a xml:id="ne-N65611" label="org" ref="ne-n1" as="anc">
    <fs>
      <f name="person" value="third"/>
      <f name="case" value="objective"/>
      <f name="number" value="singular"/>
      <f name="type" value="government"/>
      <f name="id" value="3669"/>
    </fs>
  </a>
  <node xml:id="ne-n10"/>
  <a xml:id="ne-N65643" label="date" ref="ne-n10" as="anc">
    <fs>
      <f name="kind" value="date"/>
      <f name="id" value="31659999"/>
    </fs>
  </a>
  <node xml:id="ne-n11"/>
  <a xml:id="ne-N65663" label="org" ref="ne-n11" as="anc">
    <fs>
      <f name="type" value="government"/>
      <f name="id" value="32286"/>
    </fs>
  </a>
  <node xml:id="ne-n12"/>
  <a xml:id="ne-N65683" label="person" ref="ne-n12" as="anc">
    <fs>
      <f name="id" value="32468"/>
      <f name="sex" value="female"/>
    </fs>
  </a>
  <node xml:id="ne-n13"/>
  <a xml:id="ne-N65703" label="person" ref="ne-n13" as="anc">
    <fs>
      <f name="sex" value="female"/>
      <f name="id" value="32638"/>
    </fs>
  </a>
  <node xml:id="ne-n14"/>
  <a xml:id="ne-N65723" label="person" ref="ne-n14" as="anc">
    <fs>
      <f name="sex" value="female"/>
      <f name="id" value="326388"/>
    </fs>
  </a>
  <node xml:id="ne-n15"/>
  <a xml:id="ne-N65743" label="location" ref="ne-n15" as="anc">
    <fs>
      <f name="id" value="99099"/>
      <f name="type" value="country"/>
    </fs>
  </a>
  <node xml:id="ne-n16"/>
  <a xml:id="ne-N65763" label="location" ref="ne-n16" as="anc">
    <fs>
      <f name="id" value="9999"/>
      <f name="type" value="country"/>
    </fs>
  </a>
  <node xml:id="ne-n17"/>
  <a xml:id="ne-N65783" label="org" ref="ne-n17" as="anc">
    <fs>
      <f name="person" value="third"/>
      <f name="case" value="objective"/>
      <f name="number" value="singular"/>
      <f name="type" value="other"/>
      <f name="id" value="3680"/>
    </fs>
  </a>
  <node xml:id="ne-n18"/>
  <a xml:id="ne-N65815" label="person" ref="ne-n18" as="anc">
    <fs>
      <f name="id" value="3681"/>
      <f name="number" value="singular"/>
      <f name="person" value="third"/>
      <f name="case" value="nominative"/>
      <f name="sex" value="male"/>
    </fs>
  </a>
  <node xml:id="ne-n19"/>
  <a xml:id="ne-N65847" label="date" ref="ne-n19" as="anc">
    <fs>
      <f name="kind" value="dateTime"/>
      <f name="id" value="877409"/>
    </fs>
  </a>
  <node xml:id="ne-n2"/>
  <a xml:id="ne-N65867" label="date" ref="ne-n2" as="anc">
    <fs>
      <f name="kind" value="duration"/>
      <f name="id" value="332957"/>
    </fs>
  </a>
  <node xml:id="ne-n20"/>
  <a xml:id="ne-N65887" label="person" ref="ne-n20" as="anc">
    <fs>
      <f name="sex" value="male"/>
      <f name="person" value="third"/>
      <f name="number" value="singular"/>
      <f name="case" value="nominative"/>
      <f name="id" value="3684"/>
    </fs>
  </a>
  <node xml:id="ne-n21"/>
  <a xml:id="ne-N65919" label="person" ref="ne-n21" as="anc">
    <fs>
      <f name="sex" value="male"/>
      <f name="id" value="3685"/>
      <f name="case" value="objective"/>
      <f name="number" value="singular"/>
      <f name="person" value="third"/>
    </fs>
  </a>
  <node xml:id="ne-n22"/>
  <a xml:id="ne-N65951" label="date" ref="ne-n22" as="anc">
    <fs>
      <f name="kind" value="dateTime"/>
      <f name="id" value="349500"/>
    </fs>
  </a>
  <node xml:id="ne-n23"/>
  <a xml:id="ne-N65971" label="person" ref="ne-n23" as="anc">
    <fs>
      <f name="sex" value="male"/>
      <f name="person" value="third"/>
      <f name="number" value="singular"/>
      <f name="case" value="nominative"/>
      <f name="id" value="3688"/>
    </fs>
  </a>
  <node xml:id="ne-n24"/>
  <a xml:id="ne-N66003" label="person" ref="ne-n24" as="anc">
    <fs>
      <f name="id" value="3689"/>
      <f name="case" value="objective"/>
      <f name="number" value="singular"/>
      <f name="person" value="third"/>
      <f name="sex" value="male"/>
    </fs>
  </a>
  <node xml:id="ne-n25"/>
  <a xml:id="ne-N66035" label="person" ref="ne-n25" as="anc">
    <fs>
      <f name="id" value="3690"/>
      <f name="number" value="singular"/>
      <f name="person" value="third"/>
      <f name="case" value="nominative"/>
      <f name="sex" value="male"/>
    </fs>
  </a>
  <node xml:id="ne-n26"/>
  <a xml:id="ne-N66067" label="date" ref="ne-n26" as="anc">
    <fs>
      <f name="id" value="3030490"/>
      <f name="kind" value="dateTime"/>
    </fs>
  </a>
  <node xml:id="ne-n27"/>
  <a xml:id="ne-N66087" label="person" ref="ne-n27" as="anc">
    <fs>
      <f name="sex" value="male"/>
      <f name="person" value="third"/>
      <f name="number" value="singular"/>
      <f name="case" value="nominative"/>
      <f name="id" value="3693"/>
    </fs>
  </a>
  <node xml:id="ne-n28"/>
  <a xml:id="ne-N66119" label="location" ref="ne-n28" as="anc">
    <fs>
      <f name="type" value="province_state"/>
      <f name="number" value="singular"/>
      <f name="case" value="objective"/>
      <f name="person" value="third"/>
      <f name="id" value="3694"/>
    </fs>
  </a>
  <node xml:id="ne-n29"/>
  <a xml:id="ne-N66151" label="location" ref="ne-n29" as="anc">
    <fs>
      <f name="type" value="province_state"/>
      <f name="number" value="singular"/>
      <f name="case" value="objective"/>
      <f name="person" value="third"/>
      <f name="id" value="3695"/>
    </fs>
  </a>
  <node xml:id="ne-n3"/>
  <a xml:id="ne-N66183" label="org" ref="ne-n3" as="anc">
    <fs>
      <f name="type" value="other"/>
      <f name="id" value="29696"/>
    </fs>
  </a>
  <node xml:id="ne-n30"/>
  <a xml:id="ne-N66203" label="location" ref="ne-n30" as="anc">
    <fs>
      <f name="type" value="province_state"/>
      <f name="number" value="singular"/>
      <f name="case" value="objective"/>
      <f name="person" value="third"/>
      <f name="id" value="3696"/>
    </fs>
  </a>
  <node xml:id="ne-n31"/>
  <a xml:id="ne-N66235" label="date" ref="ne-n31" as="anc">
    <fs>
      <f name="kind" value="dateTime"/>
      <f name="id" value="344321"/>
    </fs>
  </a>
  <node xml:id="ne-n32"/>
  <a xml:id="ne-N66255" label="person" ref="ne-n32" as="anc">
    <fs>
      <f name="sex" value="unknown"/>
      <f name="number" value="singular"/>
      <f name="case" value="nominative"/>
      <f name="person" value="third"/>
      <f name="id" value="3699"/>
    </fs>
  </a>
  <node xml:id="ne-n33"/>
  <a xml:id="ne-N66287" label="date" ref="ne-n33" as="anc">
    <fs>
      <f name="kind" value="dateTime"/>
      <f name="id" value="900809"/>
    </fs>
  </a>
  <node xml:id="ne-n34"/>
  <a xml:id="ne-N66307" label="person" ref="ne-n34" as="anc">
    <fs>
      <f name="sex" value="male"/>
      <f name="id" value="30908"/>
    </fs>
  </a>
  <node xml:id="ne-n35"/>
  <a xml:id="ne-N66327" label="date" ref="ne-n35" as="anc">
    <fs>
      <f name="id" value="337756"/>
      <f name="kind" value="dateTime"/>
    </fs>
  </a>
  <node xml:id="ne-n36"/>
  <a xml:id="ne-N66347" label="person" ref="ne-n36" as="anc">
    <fs>
      <f name="sex" value="male"/>
      <f name="number" value="singular"/>
      <f name="case" value="nominative"/>
      <f name="person" value="third"/>
      <f name="id" value="3704"/>
    </fs>
  </a>
  <node xml:id="ne-n37"/>
  <a xml:id="ne-N66379" label="person" ref="ne-n37" as="anc">
    <fs>
      <f name="number" value="singular"/>
      <f name="case" value="objective"/>
      <f name="id" value="3705"/>
      <f name="person" value="third"/>
      <f name="sex" value="male"/>
    </fs>
  </a>
  <node xml:id="ne-n38"/>
  <a xml:id="ne-N66411" label="date" ref="ne-n38" as="anc">
    <fs>
      <f name="kind" value="dateTime"/>
      <f name="id" value="23009"/>
    </fs>
  </a>
  <node xml:id="ne-n39"/>
  <a xml:id="ne-N66431" label="person" ref="ne-n39" as="anc">
    <fs>
      <f name="id" value="3708"/>
      <f name="person" value="third"/>
      <f name="case" value="nominative"/>
      <f name="number" value="singular"/>
      <f name="sex" value="male"/>
    </fs>
  </a>
  <node xml:id="ne-n4"/>
  <a xml:id="ne-N66463" label="date" ref="ne-n4" as="anc">
    <fs>
      <f name="kind" value="date"/>
      <f name="id" value="332990"/>
    </fs>
  </a>
  <node xml:id="ne-n40"/>
  <a xml:id="ne-N66483" label="org" ref="ne-n40" as="anc">
    <fs>
      <f name="type" value="company"/>
      <f name="number" value="singular"/>
      <f name="case" value="objective"/>
      <f name="person" value="third"/>
      <f name="id" value="3709"/>
    </fs>
  </a>
  <node xml:id="ne-n41"/>
  <a xml:id="ne-N66515" label="location" ref="ne-n41" as="anc">
    <fs>
      <f name="id" value="3710"/>
      <f name="person" value="third"/>
      <f name="case" value="objective"/>
      <f name="number" value="singular"/>
      <f name="type" value="province_state"/>
    </fs>
  </a>
  <node xml:id="ne-n42"/>
  <a xml:id="ne-N66547" label="org" ref="ne-n42" as="anc">
    <fs>
      <f name="type" value="company"/>
      <f name="number" value="singular"/>
      <f name="case" value="objective"/>
      <f name="person" value="third"/>
      <f name="id" value="3711"/>
    </fs>
  </a>
  <node xml:id="ne-n43"/>
  <a xml:id="ne-N66579" label="org" ref="ne-n43" as="anc">
    <fs>
      <f name="type" value="company"/>
      <f name="id" value="35316"/>
    </fs>
  </a>
  <node xml:id="ne-n44"/>
  <a xml:id="ne-N66599" label="date" ref="ne-n44" as="anc">
    <fs>
      <f name="kind" value="date"/>
      <f name="id" value="333541"/>
    </fs>
  </a>
  <node xml:id="ne-n45"/>
  <a xml:id="ne-N66619" label="date" ref="ne-n45" as="anc">
    <fs>
      <f name="id" value="384956"/>
      <f name="kind" value="dateTime"/>
    </fs>
  </a>
  <node xml:id="ne-n46"/>
  <a xml:id="ne-N66639" label="person" ref="ne-n46" as="anc">
    <fs>
      <f name="sex" value="unknown"/>
      <f name="id" value="37118"/>
    </fs>
  </a>
  <node xml:id="ne-n47"/>
  <a xml:id="ne-N66659" label="org" ref="ne-n47" as="anc">
    <fs>
      <f name="person" value="third"/>
      <f name="case" value="objective"/>
      <f name="number" value="singular"/>
      <f name="type" value="company"/>
      <f name="id" value="3716"/>
    </fs>
  </a>
  <node xml:id="ne-n48"/>
  <a xml:id="ne-N66691" label="location" ref="ne-n48" as="anc">
    <fs>
      <f name="id" value="3718"/>
      <f name="person" value="third"/>
      <f name="case" value="objective"/>
      <f name="type" value="province_state"/>
      <f name="number" value="singular"/>
    </fs>
  </a>
  <node xml:id="ne-n49"/>
  <a xml:id="ne-N66723" label="date" ref="ne-n49" as="anc">
    <fs>
      <f name="id" value="900098"/>
      <f name="kind" value="dateTime"/>
    </fs>
  </a>
  <node xml:id="ne-n5"/>
  <a xml:id="ne-N66743" label="location" ref="ne-n5" as="anc">
    <fs>
      <f name="person" value="third"/>
      <f name="case" value="nominative"/>
      <f name="id" value="3672"/>
      <f name="type" value="country"/>
    </fs>
  </a>
  <node xml:id="ne-n50"/>
  <a xml:id="ne-N66771" label="person" ref="ne-n50" as="anc">
    <fs>
      <f name="id" value="36208"/>
      <f name="sex" value="unknown"/>
    </fs>
  </a>
  <node xml:id="ne-n51"/>
  <a xml:id="ne-N66791" label="date" ref="ne-n51" as="anc">
    <fs>
      <f name="id" value="445374"/>
      <f name="kind" value="dateTime"/>
    </fs>
  </a>
  <node xml:id="ne-n52"/>
  <a xml:id="ne-N66811" label="person" ref="ne-n52" as="anc">
    <fs>
      <f name="sex" value="female"/>
      <f name="number" value="singular"/>
      <f name="case" value="nominative"/>
      <f name="person" value="third"/>
      <f name="id" value="3723"/>
    </fs>
  </a>
  <node xml:id="ne-n53"/>
  <a xml:id="ne-N66843" label="date" ref="ne-n53" as="anc">
    <fs>
      <f name="id" value="334432"/>
      <f name="kind" value="dateTime"/>
    </fs>
  </a>
  <node xml:id="ne-n54"/>
  <a xml:id="ne-N66863" label="org" ref="ne-n54" as="anc">
    <fs>
      <f name="id" value="37238"/>
      <f name="type" value="company"/>
    </fs>
  </a>
  <node xml:id="ne-n55"/>
  <a xml:id="ne-N66883" label="date" ref="ne-n55" as="anc">
    <fs>
      <f name="id" value="20390"/>
      <f name="kind" value="dateTime"/>
    </fs>
  </a>
  <node xml:id="ne-n6"/>
  <a xml:id="ne-N66903" label="date" ref="ne-n6" as="anc">
    <fs>
      <f name="id" value="999991"/>
      <f name="kind" value="duration"/>
    </fs>
  </a>
  <node xml:id="ne-n7"/>
  <a xml:id="ne-N66923" label="location" ref="ne-n7" as="anc">
    <fs>
      <f name="id" value="30696"/>
      <f name="type" value="country"/>
    </fs>
  </a>
  <node xml:id="ne-n8"/>
  <a xml:id="ne-N66943" label="org" ref="ne-n8" as="anc">
    <fs>
      <f name="type" value="government"/>
      <f name="number" value="singular"/>
      <f name="case" value="objective"/>
      <f name="person" value="third"/>
      <f name="id" value="3674"/>
    </fs>
  </a>
  <node xml:id="ne-n9"/>
  <a xml:id="ne-N66975" label="org" ref="ne-n9" as="anc">
    <fs>
      <f name="type" value="other"/>
      <f name="id" value="31106"/>
    </fs>
  </a>
  <edge xml:id="ne-lnk46" from="ne-n19" to="penn-n1922"/>
  <edge xml:id="ne-lnk130" from="ne-n49" to="penn-n2558"/>
  <edge xml:id="ne-lnk45" from="ne-n19" to="penn-n1921"/>
  <edge xml:id="ne-lnk44" from="ne-n19" to="penn-n1920"/>
  <edge xml:id="ne-lnk43" from="ne-n19" to="penn-n1919"/>
  <edge xml:id="ne-lnk42" from="ne-n19" to="penn-n1918"/>
  <edge xml:id="ne-lnk41" from="ne-n19" to="penn-n1917"/>
  <edge xml:id="ne-lnk40" from="ne-n19" to="penn-n1916"/>
  <edge xml:id="ne-lnk129" from="ne-n49" to="penn-n2557"/>
  <edge xml:id="ne-lnk128" from="ne-n49" to="penn-n2556"/>
  <edge xml:id="ne-lnk127" from="ne-n49" to="penn-n2555"/>
  <edge xml:id="ne-lnk126" from="ne-n49" to="penn-n2554"/>
  <edge xml:id="ne-lnk125" from="ne-n49" to="penn-n2553"/>
  <edge xml:id="ne-lnk124" from="ne-n48" to="penn-n2421"/>
  <edge xml:id="ne-lnk39" from="ne-n18" to="penn-n1892"/>
  <edge xml:id="ne-lnk123" from="ne-n47" to="penn-n2388"/>
  <edge xml:id="ne-lnk38" from="ne-n17" to="penn-n1858"/>
  <edge xml:id="ne-lnk122" from="ne-n46" to="penn-n2276"/>
  <edge xml:id="ne-lnk37" from="ne-n17" to="penn-n1857"/>
  <edge xml:id="ne-lnk121" from="ne-n45" to="penn-n2275"/>
  <edge xml:id="ne-lnk36" from="ne-n17" to="penn-n1856"/>
  <edge xml:id="ne-lnk120" from="ne-n45" to="penn-n2274"/>
  <edge xml:id="ne-lnk35" from="ne-n17" to="penn-n1855"/>
  <edge xml:id="ne-lnk34" from="ne-n16" to="penn-n1592"/>
  <edge xml:id="ne-lnk33" from="ne-n16" to="penn-n1591"/>
  <edge xml:id="ne-lnk32" from="ne-n15" to="penn-n1502"/>
  <edge xml:id="ne-lnk31" from="ne-n14" to="penn-n1242"/>
  <edge xml:id="ne-lnk30" from="ne-n13" to="penn-n1240"/>
  <edge xml:id="ne-lnk119" from="ne-n45" to="penn-n2273"/>
  <edge xml:id="ne-lnk118" from="ne-n45" to="penn-n2272"/>
  <edge xml:id="ne-lnk117" from="ne-n45" to="penn-n2271"/>
  <edge xml:id="ne-lnk116" from="ne-n45" to="penn-n2270"/>
  <edge xml:id="ne-lnk115" from="ne-n45" to="penn-n2269"/>
  <edge xml:id="ne-lnk114" from="ne-n44" to="penn-n2266"/>
  <edge xml:id="ne-lnk113" from="ne-n43" to="penn-n2231"/>
  <edge xml:id="ne-lnk29" from="ne-n12" to="penn-n1175"/>
  <edge xml:id="ne-lnk112" from="ne-n42" to="penn-n2229"/>
  <edge xml:id="ne-lnk28" from="ne-n11" to="penn-n1101"/>
  <edge xml:id="ne-lnk111" from="ne-n42" to="penn-n2228"/>
  <edge xml:id="ne-lnk27" from="ne-n10" to="penn-n891"/>
  <edge xml:id="ne-lnk110" from="ne-n42" to="penn-n2227"/>
  <edge xml:id="ne-lnk26" from="ne-n10" to="penn-n890"/>
  <edge xml:id="ne-lnk25" from="ne-n10" to="penn-n889"/>
  <edge xml:id="ne-lnk24" from="ne-n10" to="penn-n888"/>
  <edge xml:id="ne-lnk23" from="ne-n9" to="penn-n706"/>
  <edge xml:id="ne-lnk22" from="ne-n9" to="penn-n705"/>
  <edge xml:id="ne-lnk21" from="ne-n9" to="penn-n704"/>
  <edge xml:id="ne-lnk20" from="ne-n9" to="penn-n703"/>
  <edge xml:id="ne-lnk109" from="ne-n41" to="penn-n2220"/>
  <edge xml:id="ne-lnk108" from="ne-n40" to="penn-n2205"/>
  <edge xml:id="ne-lnk107" from="ne-n40" to="penn-n2204"/>
  <edge xml:id="ne-lnk106" from="ne-n39" to="penn-n2163"/>
  <edge xml:id="ne-lnk105" from="ne-n38" to="penn-n2162"/>
  <edge xml:id="ne-lnk104" from="ne-n38" to="penn-n2161"/>
  <edge xml:id="ne-lnk103" from="ne-n38" to="penn-n2160"/>
  <edge xml:id="ne-lnk19" from="ne-n8" to="penn-n633"/>
  <edge xml:id="ne-lnk102" from="ne-n38" to="penn-n2159"/>
  <edge xml:id="ne-lnk18" from="ne-n8" to="penn-n632"/>
  <edge xml:id="ne-lnk101" from="ne-n38" to="penn-n2158"/>
  <edge xml:id="ne-lnk17" from="ne-n8" to="penn-n631"/>
  <edge xml:id="ne-lnk100" from="ne-n38" to="penn-n2157"/>
  <edge xml:id="ne-lnk16" from="ne-n8" to="penn-n630"/>
  <edge xml:id="ne-lnk15" from="ne-n7" to="penn-n549"/>
  <edge xml:id="ne-lnk14" from="ne-n6" to="penn-n384"/>
  <edge xml:id="ne-lnk13" from="ne-n6" to="penn-n383"/>
  <edge xml:id="ne-lnk12" from="ne-n6" to="penn-n382"/>
  <edge xml:id="ne-lnk11" from="ne-n6" to="penn-n381"/>
  <edge xml:id="ne-lnk10" from="ne-n6" to="penn-n380"/>
  <edge xml:id="ne-lnk9" from="ne-n5" to="penn-n375"/>
  <edge xml:id="ne-lnk8" from="ne-n4" to="penn-n278"/>
  <edge xml:id="ne-lnk7" from="ne-n3" to="penn-n217"/>
  <edge xml:id="ne-lnk6" from="ne-n3" to="penn-n216"/>
  <edge xml:id="ne-lnk5" from="ne-n3" to="penn-n215"/>
  <edge xml:id="ne-lnk4" from="ne-n3" to="penn-n214"/>
  <edge xml:id="ne-lnk3" from="ne-n2" to="penn-n176"/>
  <edge xml:id="ne-lnk2" from="ne-n2" to="penn-n175"/>
  <edge xml:id="ne-lnk1" from="ne-n1" to="penn-n60"/>
  <edge xml:id="ne-lnk0" from="ne-n0" to="penn-n17"/>
  <edge xml:id="ne-lnk99" from="ne-n38" to="penn-n2156"/>
  <edge xml:id="ne-lnk98" from="ne-n37" to="penn-n2137"/>
  <edge xml:id="ne-lnk97" from="ne-n36" to="penn-n2134"/>
  <edge xml:id="ne-lnk96" from="ne-n35" to="penn-n2133"/>
  <edge xml:id="ne-lnk95" from="ne-n35" to="penn-n2132"/>
  <edge xml:id="ne-lnk94" from="ne-n35" to="penn-n2131"/>
  <edge xml:id="ne-lnk93" from="ne-n35" to="penn-n2130"/>
  <edge xml:id="ne-lnk92" from="ne-n35" to="penn-n2129"/>
  <edge xml:id="ne-lnk91" from="ne-n35" to="penn-n2128"/>
  <edge xml:id="ne-lnk90" from="ne-n35" to="penn-n2127"/>
  <edge xml:id="ne-lnk89" from="ne-n34" to="penn-n2092"/>
  <edge xml:id="ne-lnk88" from="ne-n33" to="penn-n2091"/>
  <edge xml:id="ne-lnk87" from="ne-n33" to="penn-n2090"/>
  <edge xml:id="ne-lnk86" from="ne-n33" to="penn-n2089"/>
  <edge xml:id="ne-lnk85" from="ne-n33" to="penn-n2088"/>
  <edge xml:id="ne-lnk84" from="ne-n33" to="penn-n2087"/>
  <edge xml:id="ne-lnk83" from="ne-n33" to="penn-n2086"/>
  <edge xml:id="ne-lnk82" from="ne-n33" to="penn-n2085"/>
  <edge xml:id="ne-lnk81" from="ne-n32" to="penn-n2064"/>
  <edge xml:id="ne-lnk80" from="ne-n32" to="penn-n2063"/>
  <edge xml:id="ne-lnk79" from="ne-n31" to="penn-n2062"/>
  <edge xml:id="ne-lnk78" from="ne-n31" to="penn-n2061"/>
  <edge xml:id="ne-lnk77" from="ne-n31" to="penn-n2060"/>
  <edge xml:id="ne-lnk76" from="ne-n31" to="penn-n2059"/>
  <edge xml:id="ne-lnk75" from="ne-n31" to="penn-n2058"/>
  <edge xml:id="ne-lnk74" from="ne-n31" to="penn-n2057"/>
  <edge xml:id="ne-lnk73" from="ne-n31" to="penn-n2056"/>
  <edge xml:id="ne-lnk72" from="ne-n30" to="penn-n2049"/>
  <edge xml:id="ne-lnk71" from="ne-n29" to="penn-n2038"/>
  <edge xml:id="ne-lnk70" from="ne-n28" to="penn-n2031"/>
  <edge xml:id="ne-lnk158" from="ne-n55" to="penn-n2698"/>
  <edge xml:id="ne-lnk157" from="ne-n55" to="penn-n2697"/>
  <edge xml:id="ne-lnk156" from="ne-n55" to="penn-n2696"/>
  <edge xml:id="ne-lnk155" from="ne-n55" to="penn-n2695"/>
  <edge xml:id="ne-lnk154" from="ne-n55" to="penn-n2694"/>
  <edge xml:id="ne-lnk153" from="ne-n55" to="penn-n2693"/>
  <edge xml:id="ne-lnk69" from="ne-n27" to="penn-n1994"/>
  <edge xml:id="ne-lnk152" from="ne-n55" to="penn-n2692"/>
  <edge xml:id="ne-lnk68" from="ne-n27" to="penn-n1993"/>
  <edge xml:id="ne-lnk151" from="ne-n54" to="penn-n2653"/>
  <edge xml:id="ne-lnk67" from="ne-n26" to="penn-n1992"/>
  <edge xml:id="ne-lnk150" from="ne-n54" to="penn-n2652"/>
  <edge xml:id="ne-lnk66" from="ne-n26" to="penn-n1991"/>
  <edge xml:id="ne-lnk65" from="ne-n26" to="penn-n1990"/>
  <edge xml:id="ne-lnk64" from="ne-n26" to="penn-n1989"/>
  <edge xml:id="ne-lnk63" from="ne-n26" to="penn-n1988"/>
  <edge xml:id="ne-lnk62" from="ne-n26" to="penn-n1987"/>
  <edge xml:id="ne-lnk61" from="ne-n26" to="penn-n1986"/>
  <edge xml:id="ne-lnk60" from="ne-n25" to="penn-n1981"/>
  <edge xml:id="ne-lnk149" from="ne-n54" to="penn-n2651"/>
  <edge xml:id="ne-lnk148" from="ne-n53" to="penn-n2650"/>
  <edge xml:id="ne-lnk147" from="ne-n53" to="penn-n2649"/>
  <edge xml:id="ne-lnk146" from="ne-n53" to="penn-n2648"/>
  <edge xml:id="ne-lnk145" from="ne-n53" to="penn-n2647"/>
  <edge xml:id="ne-lnk144" from="ne-n53" to="penn-n2646"/>
  <edge xml:id="ne-lnk143" from="ne-n53" to="penn-n2645"/>
  <edge xml:id="ne-lnk59" from="ne-n24" to="penn-n1974"/>
  <edge xml:id="ne-lnk58" from="ne-n23" to="penn-n1971"/>
  <edge xml:id="ne-lnk142" from="ne-n53" to="penn-n2644"/>
  <edge xml:id="ne-lnk57" from="ne-n23" to="penn-n1970"/>
  <edge xml:id="ne-lnk141" from="ne-n52" to="penn-n2578"/>
  <edge xml:id="ne-lnk56" from="ne-n22" to="penn-n1969"/>
  <edge xml:id="ne-lnk140" from="ne-n52" to="penn-n2577"/>
  <edge xml:id="ne-lnk55" from="ne-n22" to="penn-n1968"/>
  <edge xml:id="ne-lnk54" from="ne-n22" to="penn-n1967"/>
  <edge xml:id="ne-lnk53" from="ne-n22" to="penn-n1966"/>
  <edge xml:id="ne-lnk52" from="ne-n22" to="penn-n1965"/>
  <edge xml:id="ne-lnk51" from="ne-n22" to="penn-n1964"/>
  <edge xml:id="ne-lnk50" from="ne-n22" to="penn-n1963"/>
  <edge xml:id="ne-lnk139" from="ne-n51" to="penn-n2576"/>
  <edge xml:id="ne-lnk138" from="ne-n51" to="penn-n2575"/>
  <edge xml:id="ne-lnk137" from="ne-n51" to="penn-n2574"/>
  <edge xml:id="ne-lnk136" from="ne-n51" to="penn-n2573"/>
  <edge xml:id="ne-lnk135" from="ne-n51" to="penn-n2572"/>
  <edge xml:id="ne-lnk134" from="ne-n51" to="penn-n2571"/>
  <edge xml:id="ne-lnk49" from="ne-n21" to="penn-n1927"/>
  <edge xml:id="ne-lnk133" from="ne-n51" to="penn-n2570"/>
  <edge xml:id="ne-lnk48" from="ne-n20" to="penn-n1924"/>
  <edge xml:id="ne-lnk132" from="ne-n50" to="penn-n2560"/>
  <edge xml:id="ne-lnk47" from="ne-n20" to="penn-n1923"/>
  <edge xml:id="ne-lnk131" from="ne-n49" to="penn-n2559"/>
</graph>
