<graph xmlns="http://www.xces.org/ns/GrAF/1.0/" xmlns:graf="http://www.xces.org/ns/GrAF/1.0/">
  <graphHeader>
    <labelsDecl>
      <labelUsage label="Head" occurs="2"/>
      <labelUsage label="s" occurs="49"/>
    </labelsDecl>
    <annotationSpaces>
      <annotationSpace as.id="anc"/>
    </annotationSpaces>
  </graphHeader>
  <region xml:id="s-r0" anchors="4 63"/>
  <node xml:id="s-n0">
    <link targets="s-r0"/>
  </node>
  <a xml:id="s-N65573" label="Head" ref="s-n0" as="anc"/>
  <region xml:id="s-r1" anchors="65 159"/>
  <node xml:id="s-n1">
    <link targets="s-r1"/>
  </node>
  <a xml:id="s-N65589" label="s" ref="s-n1" as="anc"/>
  <region xml:id="s-r2" anchors="160 248"/>
  <node xml:id="s-n2">
    <link targets="s-r2"/>
  </node>
  <a xml:id="s-N65605" label="s" ref="s-n2" as="anc"/>
  <region xml:id="s-r3" anchors="249 356"/>
  <node xml:id="s-n3">
    <link targets="s-r3"/>
  </node>
  <a xml:id="s-N65621" label="s" ref="s-n3" as="anc"/>
  <region xml:id="s-r4" anchors="357 371"/>
  <node xml:id="s-n4">
    <link targets="s-r4"/>
  </node>
  <a xml:id="s-N65637" label="s" ref="s-n4" as="anc"/>
  <region xml:id="s-r5" anchors="372 432"/>
  <node xml:id="s-n5">
    <link targets="s-r5"/>
  </node>
  <a xml:id="s-N65653" label="s" ref="s-n5" as="anc"/>
  <region xml:id="s-r6" anchors="433 450"/>
  <node xml:id="s-n6">
    <link targets="s-r6"/>
  </node>
  <a xml:id="s-N65669" label="s" ref="s-n6" as="anc"/>
  <region xml:id="s-r7" anchors="451 506"/>
  <node xml:id="s-n7">
    <link targets="s-r7"/>
  </node>
  <a xml:id="s-N65685" label="s" ref="s-n7" as="anc"/>
  <region xml:id="s-r8" anchors="507 546"/>
  <node xml:id="s-n8">
    <link targets="s-r8"/>
  </node>
  <a xml:id="s-N65701" label="s" ref="s-n8" as="anc"/>
  <region xml:id="s-r9" anchors="547 788"/>
  <node xml:id="s-n9">
    <link targets="s-r9"/>
  </node>
  <a xml:id="s-N65717" label="s" ref="s-n9" as="anc"/>
  <region xml:id="s-r10" anchors="789 954"/>
  <node xml:id="s-n10">
    <link targets="s-r10"/>
  </node>
  <a xml:id="s-N65733" label="s" ref="s-n10" as="anc"/>
  <region xml:id="s-r11" anchors="955 983"/>
  <node xml:id="s-n11">
    <link targets="s-r11"/>
  </node>
  <a xml:id="s-N65749" label="s" ref="s-n11" as="anc"/>
  <region xml:id="s-r12" anchors="985 1002"/>
  <node xml:id="s-n12">
    <link targets="s-r12"/>
  </node>
  <a xml:id="s-N65765" label="s" ref="s-n12" as="anc"/>
  <region xml:id="s-r13" anchors="1003 1022"/>
  <node xml:id="s-n13">
    <link targets="s-r13"/>
  </node>
  <a xml:id="s-N65781" label="s" ref="s-n13" as="anc"/>
  <region xml:id="s-r14" anchors="1023 1083"/>
  <node xml:id="s-n14">
    <link targets="s-r14"/>
  </node>
  <a xml:id="s-N65797" label="s" ref="s-n14" as="anc"/>
  <region xml:id="s-r15" anchors="1084 1139"/>
  <node xml:id="s-n15">
    <link targets="s-r15"/>
  </node>
  <a xml:id="s-N65813" label="s" ref="s-n15" as="anc"/>
  <region xml:id="s-r16" anchors="1140 1183"/>
  <node xml:id="s-n16">
    <link targets="s-r16"/>
  </node>
  <a xml:id="s-N65829" label="s" ref="s-n16" as="anc"/>
  <region xml:id="s-r17" anchors="1184 1250"/>
  <node xml:id="s-n17">
    <link targets="s-r17"/>
  </node>
  <a xml:id="s-N65845" label="s" ref="s-n17" as="anc"/>
  <region xml:id="s-r18" anchors="1251 1347"/>
  <node xml:id="s-n18">
    <link targets="s-r18"/>
  </node>
  <a xml:id="s-N65861" label="s" ref="s-n18" as="anc"/>
  <region xml:id="s-r19" anchors="1348 1415"/>
  <node xml:id="s-n19">
    <link targets="s-r19"/>
  </node>
  <a xml:id="s-N65877" label="s" ref="s-n19" as="anc"/>
  <region xml:id="s-r20" anchors="1416 1450"/>
  <node xml:id="s-n20">
    <link targets="s-r20"/>
  </node>
  <a xml:id="s-N65893" label="s" ref="s-n20" as="anc"/>
  <region xml:id="s-r21" anchors="1451 1549"/>
  <node xml:id="s-n21">
    <link targets="s-r21"/>
  </node>
  <a xml:id="s-N65909" label="s" ref="s-n21" as="anc"/>
  <region xml:id="s-r22" anchors="1550 1596"/>
  <node xml:id="s-n22">
    <link targets="s-r22"/>
  </node>
  <a xml:id="s-N65925" label="s" ref="s-n22" as="anc"/>
  <region xml:id="s-r23" anchors="1597 1689"/>
  <node xml:id="s-n23">
    <link targets="s-r23"/>
  </node>
  <a xml:id="s-N65941" label="s" ref="s-n23" as="anc"/>
  <region xml:id="s-r24" anchors="1690 1700"/>
  <node xml:id="s-n24">
    <link targets="s-r24"/>
  </node>
  <a xml:id="s-N65957" label="s" ref="s-n24" as="anc"/>
  <region xml:id="s-r25" anchors="1701 1751"/>
  <node xml:id="s-n25">
    <link targets="s-r25"/>
  </node>
  <a xml:id="s-N65973" label="s" ref="s-n25" as="anc"/>
  <region xml:id="s-r26" anchors="1752 1761"/>
  <node xml:id="s-n26">
    <link targets="s-r26"/>
  </node>
  <a xml:id="s-N65989" label="s" ref="s-n26" as="anc"/>
  <region xml:id="s-r27" anchors="1762 1894"/>
  <node xml:id="s-n27">
    <link targets="s-r27"/>
  </node>
  <a xml:id="s-N66005" label="s" ref="s-n27" as="anc"/>
  <region xml:id="s-r28" anchors="1895 1987"/>
  <node xml:id="s-n28">
    <link targets="s-r28"/>
  </node>
  <a xml:id="s-N66021" label="s" ref="s-n28" as="anc"/>
  <region xml:id="s-r29" anchors="1988 2081"/>
  <node xml:id="s-n29">
    <link targets="s-r29"/>
  </node>
  <a xml:id="s-N66037" label="s" ref="s-n29" as="anc"/>
  <region xml:id="s-r30" anchors="2082 2164"/>
  <node xml:id="s-n30">
    <link targets="s-r30"/>
  </node>
  <a xml:id="s-N66053" label="s" ref="s-n30" as="anc"/>
  <region xml:id="s-r31" anchors="2165 2232"/>
  <node xml:id="s-n31">
    <link targets="s-r31"/>
  </node>
  <a xml:id="s-N66069" label="s" ref="s-n31" as="anc"/>
  <region xml:id="s-r32" anchors="2233 2419"/>
  <node xml:id="s-n32">
    <link targets="s-r32"/>
  </node>
  <a xml:id="s-N66085" label="s" ref="s-n32" as="anc"/>
  <region xml:id="s-r33" anchors="2420 2461"/>
  <node xml:id="s-n33">
    <link targets="s-r33"/>
  </node>
  <a xml:id="s-N66101" label="s" ref="s-n33" as="anc"/>
  <region xml:id="s-r34" anchors="2462 2509"/>
  <node xml:id="s-n34">
    <link targets="s-r34"/>
  </node>
  <a xml:id="s-N66117" label="s" ref="s-n34" as="anc"/>
  <region xml:id="s-r35" anchors="2510 2642"/>
  <node xml:id="s-n35">
    <link targets="s-r35"/>
  </node>
  <a xml:id="s-N66133" label="s" ref="s-n35" as="anc"/>
  <region xml:id="s-r36" anchors="2643 2773"/>
  <node xml:id="s-n36">
    <link targets="s-r36"/>
  </node>
  <a xml:id="s-N66149" label="s" ref="s-n36" as="anc"/>
  <region xml:id="s-r37" anchors="2774 2841"/>
  <node xml:id="s-n37">
    <link targets="s-r37"/>
  </node>
  <a xml:id="s-N66165" label="s" ref="s-n37" as="anc"/>
  <region xml:id="s-r38" anchors="2842 2859"/>
  <node xml:id="s-n38">
    <link targets="s-r38"/>
  </node>
  <a xml:id="s-N66181" label="s" ref="s-n38" as="anc"/>
  <region xml:id="s-r39" anchors="2860 2879"/>
  <node xml:id="s-n39">
    <link targets="s-r39"/>
  </node>
  <a xml:id="s-N66197" label="s" ref="s-n39" as="anc"/>
  <region xml:id="s-r40" anchors="2880 3069"/>
  <node xml:id="s-n40">
    <link targets="s-r40"/>
  </node>
  <a xml:id="s-N66213" label="s" ref="s-n40" as="anc"/>
  <region xml:id="s-r41" anchors="3070 3165"/>
  <node xml:id="s-n41">
    <link targets="s-r41"/>
  </node>
  <a xml:id="s-N66229" label="s" ref="s-n41" as="anc"/>
  <region xml:id="s-r42" anchors="3166 3214"/>
  <node xml:id="s-n42">
    <link targets="s-r42"/>
  </node>
  <a xml:id="s-N66245" label="s" ref="s-n42" as="anc"/>
  <region xml:id="s-r43" anchors="3215 3247"/>
  <node xml:id="s-n43">
    <link targets="s-r43"/>
  </node>
  <a xml:id="s-N66261" label="s" ref="s-n43" as="anc"/>
  <region xml:id="s-r44" anchors="3248 3323"/>
  <node xml:id="s-n44">
    <link targets="s-r44"/>
  </node>
  <a xml:id="s-N66277" label="s" ref="s-n44" as="anc"/>
  <region xml:id="s-r45" anchors="3324 3413"/>
  <node xml:id="s-n45">
    <link targets="s-r45"/>
  </node>
  <a xml:id="s-N66293" label="s" ref="s-n45" as="anc"/>
  <region xml:id="s-r46" anchors="3414 3478"/>
  <node xml:id="s-n46">
    <link targets="s-r46"/>
  </node>
  <a xml:id="s-N66309" label="s" ref="s-n46" as="anc"/>
  <region xml:id="s-r47" anchors="3479 3580"/>
  <node xml:id="s-n47">
    <link targets="s-r47"/>
  </node>
  <a xml:id="s-N66325" label="s" ref="s-n47" as="anc"/>
  <region xml:id="s-r48" anchors="3586 3630"/>
  <node xml:id="s-n48">
    <link targets="s-r48"/>
  </node>
  <a xml:id="s-N66341" label="Head" ref="s-n48" as="anc">
    <fs>
      <f name="type" value="subhead"/>
    </fs>
  </a>
  <region xml:id="s-r49" anchors="3632 3700"/>
  <node xml:id="s-n49">
    <link targets="s-r49"/>
  </node>
  <a xml:id="s-N66365" label="s" ref="s-n49" as="anc"/>
  <region xml:id="s-r50" anchors="3701 3806"/>
  <node xml:id="s-n50">
    <link targets="s-r50"/>
  </node>
  <a xml:id="s-N66381" label="s" ref="s-n50" as="anc"/>
</graph>
