<?xml version="1.0" encoding="UTF-8"?><graph xmlns="http://www.xces.org/ns/GrAF/1.0/" xmlns:graf="http://www.xces.org/ns/GrAF/1.0/">
    <graphHeader>
        <labelsDecl>
        </labelsDecl>
    </graphHeader>
    <region xml:id="seg-r0" anchors="4 12"/>
    <region xml:id="seg-r2" anchors="13 17"/>
    <region xml:id="seg-r3" anchors="17 18"/>
    <region xml:id="seg-r5" anchors="19 22"/>
    <region xml:id="seg-r7" anchors="23 26"/>
    <region xml:id="seg-r9" anchors="27 31"/>
    <region xml:id="seg-r11" anchors="32 35"/>
    <region xml:id="seg-r13" anchors="36 39"/>
    <region xml:id="seg-r15" anchors="40 43"/>
    <region xml:id="seg-r17" anchors="44 46"/>
    <region xml:id="seg-r19" anchors="47 50"/>
    <region xml:id="seg-r21" anchors="51 55"/>
    <region xml:id="seg-r23" anchors="56 58"/>
    <region xml:id="seg-r25" anchors="59 63"/>
    <region xml:id="seg-r27" anchors="65 69"/>
    <region xml:id="seg-r29" anchors="70 71"/>
    <region xml:id="seg-r31" anchors="72 76"/>
    <region xml:id="seg-r33" anchors="77 79"/>
    <region xml:id="seg-r35" anchors="80 83"/>
    <region xml:id="seg-r37" anchors="84 92"/>
    <region xml:id="seg-r39" anchors="93 96"/>
    <region xml:id="seg-r41" anchors="97 102"/>
    <region xml:id="seg-r43" anchors="103 105"/>
    <region xml:id="seg-r45" anchors="106 110"/>
    <region xml:id="seg-r47" anchors="111 117"/>
    <region xml:id="seg-r49" anchors="118 121"/>
    <region xml:id="seg-r51" anchors="122 126"/>
    <region xml:id="seg-r53" anchors="127 130"/>
    <region xml:id="seg-r55" anchors="131 134"/>
    <region xml:id="seg-r57" anchors="135 137"/>
    <region xml:id="seg-r59" anchors="138 141"/>
    <region xml:id="seg-r61" anchors="142 143"/>
    <region xml:id="seg-r63" anchors="144 150"/>
    <region xml:id="seg-r65" anchors="151 158"/>
    <region xml:id="seg-r66" anchors="158 159"/>
    <region xml:id="seg-r68" anchors="160 162"/>
    <region xml:id="seg-r69" anchors="162 163"/>
    <region xml:id="seg-r71" anchors="164 167"/>
    <region xml:id="seg-r73" anchors="168 175"/>
    <region xml:id="seg-r75" anchors="176 180"/>
    <region xml:id="seg-r77" anchors="181 185"/>
    <region xml:id="seg-r78" anchors="185 186"/>
    <region xml:id="seg-r80" anchors="187 190"/>
    <region xml:id="seg-r82" anchors="191 195"/>
    <region xml:id="seg-r84" anchors="196 199"/>
    <region xml:id="seg-r86" anchors="200 203"/>
    <region xml:id="seg-r88" anchors="204 205"/>
    <region xml:id="seg-r90" anchors="206 212"/>
    <region xml:id="seg-r92" anchors="213 219"/>
    <region xml:id="seg-r94" anchors="220 221"/>
    <region xml:id="seg-r96" anchors="222 231"/>
    <region xml:id="seg-r98" anchors="232 239"/>
    <region xml:id="seg-r100" anchors="240 247"/>
    <region xml:id="seg-r101" anchors="247 248"/>
    <region xml:id="seg-r103" anchors="249 254"/>
    <region xml:id="seg-r105" anchors="255 261"/>
    <region xml:id="seg-r107" anchors="262 266"/>
    <region xml:id="seg-r109" anchors="267 270"/>
    <region xml:id="seg-r111" anchors="271 276"/>
    <region xml:id="seg-r113" anchors="277 290"/>
    <region xml:id="seg-r115" anchors="291 293"/>
    <region xml:id="seg-r117" anchors="294 298"/>
    <region xml:id="seg-r118" anchors="298 299"/>
    <region xml:id="seg-r120" anchors="300 304"/>
    <region xml:id="seg-r122" anchors="305 313"/>
    <region xml:id="seg-r124" anchors="314 317"/>
    <region xml:id="seg-r126" anchors="318 322"/>
    <region xml:id="seg-r128" anchors="323 332"/>
    <region xml:id="seg-r130" anchors="333 336"/>
    <region xml:id="seg-r132" anchors="337 340"/>
    <region xml:id="seg-r134" anchors="341 346"/>
    <region xml:id="seg-r136" anchors="347 349"/>
    <region xml:id="seg-r138" anchors="350 355"/>
    <region xml:id="seg-r139" anchors="355 356"/>
    <region xml:id="seg-r141" anchors="357 361"/>
    <region xml:id="seg-r143" anchors="362 370"/>
    <region xml:id="seg-r144" anchors="370 371"/>
    <region xml:id="seg-r146" anchors="372 375"/>
    <region xml:id="seg-r147" anchors="375 378"/>
    <region xml:id="seg-r149" anchors="379 385"/>
    <region xml:id="seg-r151" anchors="386 395"/>
    <region xml:id="seg-r153" anchors="396 398"/>
    <region xml:id="seg-r155" anchors="399 403"/>
    <region xml:id="seg-r157" anchors="404 412"/>
    <region xml:id="seg-r159" anchors="413 415"/>
    <region xml:id="seg-r161" anchors="416 418"/>
    <region xml:id="seg-r163" anchors="419 420"/>
    <region xml:id="seg-r165" anchors="421 425"/>
    <region xml:id="seg-r167" anchors="426 431"/>
    <region xml:id="seg-r168" anchors="431 432"/>
    <region xml:id="seg-r170" anchors="433 437"/>
    <region xml:id="seg-r171" anchors="437 438"/>
    <region xml:id="seg-r173" anchors="439 442"/>
    <region xml:id="seg-r175" anchors="443 446"/>
    <region xml:id="seg-r177" anchors="447 449"/>
    <region xml:id="seg-r178" anchors="449 450"/>
    <region xml:id="seg-r180" anchors="451 455"/>
    <region xml:id="seg-r181" anchors="455 456"/>
    <region xml:id="seg-r183" anchors="457 459"/>
    <region xml:id="seg-r184" anchors="459 461"/>
    <region xml:id="seg-r186" anchors="462 467"/>
    <region xml:id="seg-r188" anchors="468 474"/>
    <region xml:id="seg-r190" anchors="475 482"/>
    <region xml:id="seg-r192" anchors="483 490"/>
    <region xml:id="seg-r194" anchors="491 500"/>
    <region xml:id="seg-r196" anchors="501 505"/>
    <region xml:id="seg-r197" anchors="505 506"/>
    <region xml:id="seg-r199" anchors="507 510"/>
    <region xml:id="seg-r201" anchors="511 514"/>
    <region xml:id="seg-r203" anchors="515 518"/>
    <region xml:id="seg-r205" anchors="519 522"/>
    <region xml:id="seg-r207" anchors="523 527"/>
    <region xml:id="seg-r209" anchors="528 530"/>
    <region xml:id="seg-r211" anchors="531 534"/>
    <region xml:id="seg-r213" anchors="535 540"/>
    <region xml:id="seg-r215" anchors="541 545"/>
    <region xml:id="seg-r216" anchors="545 546"/>
    <region xml:id="seg-r218" anchors="547 550"/>
    <region xml:id="seg-r220" anchors="551 554"/>
    <region xml:id="seg-r222" anchors="555 559"/>
    <region xml:id="seg-r224" anchors="560 564"/>
    <region xml:id="seg-r226" anchors="565 572"/>
    <region xml:id="seg-r228" anchors="573 582"/>
    <region xml:id="seg-r230" anchors="583 591"/>
    <region xml:id="seg-r232" anchors="592 599"/>
    <region xml:id="seg-r233" anchors="599 600"/>
    <region xml:id="seg-r235" anchors="601 611"/>
    <region xml:id="seg-r237" anchors="612 615"/>
    <region xml:id="seg-r239" anchors="616 621"/>
    <region xml:id="seg-r241" anchors="622 629"/>
    <region xml:id="seg-r242" anchors="629 630"/>
    <region xml:id="seg-r244" anchors="631 640"/>
    <region xml:id="seg-r246" anchors="641 646"/>
    <region xml:id="seg-r248" anchors="647 649"/>
    <region xml:id="seg-r250" anchors="650 653"/>
    <region xml:id="seg-r252" anchors="654 663"/>
    <region xml:id="seg-r254" anchors="664 666"/>
    <region xml:id="seg-r256" anchors="667 669"/>
    <region xml:id="seg-r258" anchors="670 679"/>
    <region xml:id="seg-r260" anchors="680 683"/>
    <region xml:id="seg-r262" anchors="684 694"/>
    <region xml:id="seg-r264" anchors="695 700"/>
    <region xml:id="seg-r265" anchors="700 701"/>
    <region xml:id="seg-r267" anchors="702 704"/>
    <region xml:id="seg-r269" anchors="705 708"/>
    <region xml:id="seg-r271" anchors="709 712"/>
    <region xml:id="seg-r273" anchors="713 716"/>
    <region xml:id="seg-r275" anchors="717 718"/>
    <region xml:id="seg-r277" anchors="719 727"/>
    <region xml:id="seg-r279" anchors="728 730"/>
    <region xml:id="seg-r281" anchors="731 739"/>
    <region xml:id="seg-r283" anchors="740 743"/>
    <region xml:id="seg-r285" anchors="744 747"/>
    <region xml:id="seg-r287" anchors="748 751"/>
    <region xml:id="seg-r289" anchors="752 761"/>
    <region xml:id="seg-r291" anchors="762 770"/>
    <region xml:id="seg-r293" anchors="771 775"/>
    <region xml:id="seg-r295" anchors="776 777"/>
    <region xml:id="seg-r297" anchors="778 787"/>
    <region xml:id="seg-r298" anchors="787 788"/>
    <region xml:id="seg-r300" anchors="789 792"/>
    <region xml:id="seg-r301" anchors="792 794"/>
    <region xml:id="seg-r303" anchors="795 799"/>
    <region xml:id="seg-r305" anchors="800 802"/>
    <region xml:id="seg-r307" anchors="805 807"/>
    <region xml:id="seg-r309" anchors="808 811"/>
    <region xml:id="seg-r311" anchors="812 820"/>
    <region xml:id="seg-r313" anchors="821 822"/>
    <region xml:id="seg-r315" anchors="823 826"/>
    <region xml:id="seg-r317" anchors="827 833"/>
    <region xml:id="seg-r318" anchors="833 835"/>
    <region xml:id="seg-r319" anchors="835 836"/>
    <region xml:id="seg-r321" anchors="838 840"/>
    <region xml:id="seg-r323" anchors="841 844"/>
    <region xml:id="seg-r325" anchors="845 848"/>
    <region xml:id="seg-r327" anchors="849 852"/>
    <region xml:id="seg-r329" anchors="853 857"/>
    <region xml:id="seg-r330" anchors="857 858"/>
    <region xml:id="seg-r332" anchors="859 863"/>
    <region xml:id="seg-r334" anchors="864 867"/>
    <region xml:id="seg-r336" anchors="868 873"/>
    <region xml:id="seg-r338" anchors="874 878"/>
    <region xml:id="seg-r340" anchors="879 880"/>
    <region xml:id="seg-r342" anchors="881 886"/>
    <region xml:id="seg-r344" anchors="887 893"/>
    <region xml:id="seg-r346" anchors="894 901"/>
    <region xml:id="seg-r348" anchors="902 904"/>
    <region xml:id="seg-r350" anchors="905 908"/>
    <region xml:id="seg-r352" anchors="909 913"/>
    <region xml:id="seg-r354" anchors="914 916"/>
    <region xml:id="seg-r356" anchors="917 924"/>
    <region xml:id="seg-r358" anchors="925 930"/>
    <region xml:id="seg-r360" anchors="931 937"/>
    <region xml:id="seg-r362" anchors="938 940"/>
    <region xml:id="seg-r364" anchors="941 943"/>
    <region xml:id="seg-r365" anchors="943 945"/>
    <region xml:id="seg-r367" anchors="946 953"/>
    <region xml:id="seg-r368" anchors="953 954"/>
    <region xml:id="seg-r370" anchors="955 958"/>
    <region xml:id="seg-r372" anchors="959 964"/>
    <region xml:id="seg-r374" anchors="965 971"/>
    <region xml:id="seg-r376" anchors="972 976"/>
    <region xml:id="seg-r378" anchors="977 982"/>
    <region xml:id="seg-r379" anchors="982 983"/>
    <region xml:id="seg-r381" anchors="985 993"/>
    <region xml:id="seg-r383" anchors="994 998"/>
    <region xml:id="seg-r385" anchors="999 1001"/>
    <region xml:id="seg-r386" anchors="1001 1002"/>
    <region xml:id="seg-r388" anchors="1003 1009"/>
    <region xml:id="seg-r390" anchors="1010 1014"/>
    <region xml:id="seg-r391" anchors="1014 1015"/>
    <region xml:id="seg-r393" anchors="1016 1021"/>
    <region xml:id="seg-r394" anchors="1021 1022"/>
    <region xml:id="seg-r396" anchors="1023 1025"/>
    <region xml:id="seg-r398" anchors="1026 1030"/>
    <region xml:id="seg-r399" anchors="1030 1031"/>
    <region xml:id="seg-r401" anchors="1032 1034"/>
    <region xml:id="seg-r403" anchors="1035 1036"/>
    <region xml:id="seg-r405" anchors="1037 1043"/>
    <region xml:id="seg-r406" anchors="1043 1044"/>
    <region xml:id="seg-r408" anchors="1045 1049"/>
    <region xml:id="seg-r410" anchors="1050 1053"/>
    <region xml:id="seg-r412" anchors="1054 1058"/>
    <region xml:id="seg-r414" anchors="1059 1060"/>
    <region xml:id="seg-r416" anchors="1061 1068"/>
    <region xml:id="seg-r418" anchors="1069 1077"/>
    <region xml:id="seg-r420" anchors="1078 1082"/>
    <region xml:id="seg-r421" anchors="1082 1083"/>
    <region xml:id="seg-r423" anchors="1084 1090"/>
    <region xml:id="seg-r425" anchors="1091 1094"/>
    <region xml:id="seg-r427" anchors="1095 1101"/>
    <region xml:id="seg-r428" anchors="1101 1103"/>
    <region xml:id="seg-r430" anchors="1104 1107"/>
    <region xml:id="seg-r432" anchors="1108 1113"/>
    <region xml:id="seg-r434" anchors="1114 1117"/>
    <region xml:id="seg-r436" anchors="1118 1120"/>
    <region xml:id="seg-r438" anchors="1121 1126"/>
    <region xml:id="seg-r440" anchors="1127 1133"/>
    <region xml:id="seg-r442" anchors="1134 1138"/>
    <region xml:id="seg-r443" anchors="1138 1139"/>
    <region xml:id="seg-r445" anchors="1140 1143"/>
    <region xml:id="seg-r447" anchors="1144 1148"/>
    <region xml:id="seg-r449" anchors="1149 1158"/>
    <region xml:id="seg-r451" anchors="1159 1162"/>
    <region xml:id="seg-r453" anchors="1163 1165"/>
    <region xml:id="seg-r455" anchors="1166 1173"/>
    <region xml:id="seg-r457" anchors="1174 1182"/>
    <region xml:id="seg-r458" anchors="1182 1183"/>
    <region xml:id="seg-r460" anchors="1184 1187"/>
    <region xml:id="seg-r462" anchors="1188 1193"/>
    <region xml:id="seg-r464" anchors="1194 1198"/>
    <region xml:id="seg-r466" anchors="1199 1205"/>
    <region xml:id="seg-r468" anchors="1206 1211"/>
    <region xml:id="seg-r470" anchors="1212 1216"/>
    <region xml:id="seg-r472" anchors="1217 1224"/>
    <region xml:id="seg-r474" anchors="1225 1228"/>
    <region xml:id="seg-r476" anchors="1229 1233"/>
    <region xml:id="seg-r478" anchors="1234 1240"/>
    <region xml:id="seg-r480" anchors="1241 1245"/>
    <region xml:id="seg-r482" anchors="1246 1249"/>
    <region xml:id="seg-r483" anchors="1249 1250"/>
    <region xml:id="seg-r485" anchors="1251 1254"/>
    <region xml:id="seg-r487" anchors="1255 1261"/>
    <region xml:id="seg-r488" anchors="1261 1263"/>
    <region xml:id="seg-r490" anchors="1264 1274"/>
    <region xml:id="seg-r492" anchors="1275 1279"/>
    <region xml:id="seg-r494" anchors="1280 1287"/>
    <region xml:id="seg-r496" anchors="1288 1290"/>
    <region xml:id="seg-r498" anchors="1291 1294"/>
    <region xml:id="seg-r500" anchors="1295 1299"/>
    <region xml:id="seg-r502" anchors="1300 1303"/>
    <region xml:id="seg-r504" anchors="1304 1314"/>
    <region xml:id="seg-r506" anchors="1315 1320"/>
    <region xml:id="seg-r508" anchors="1321 1324"/>
    <region xml:id="seg-r510" anchors="1325 1326"/>
    <region xml:id="seg-r512" anchors="1327 1330"/>
    <region xml:id="seg-r514" anchors="1331 1333"/>
    <region xml:id="seg-r516" anchors="1334 1338"/>
    <region xml:id="seg-r518" anchors="1339 1346"/>
    <region xml:id="seg-r519" anchors="1346 1347"/>
    <region xml:id="seg-r521" anchors="1348 1351"/>
    <region xml:id="seg-r523" anchors="1352 1356"/>
    <region xml:id="seg-r525" anchors="1357 1358"/>
    <region xml:id="seg-r527" anchors="1359 1364"/>
    <region xml:id="seg-r529" anchors="1365 1369"/>
    <region xml:id="seg-r531" anchors="1370 1381"/>
    <region xml:id="seg-r533" anchors="1382 1383"/>
    <region xml:id="seg-r534" anchors="1383 1385"/>
    <region xml:id="seg-r536" anchors="1386 1390"/>
    <region xml:id="seg-r538" anchors="1391 1395"/>
    <region xml:id="seg-r540" anchors="1396 1399"/>
    <region xml:id="seg-r542" anchors="1400 1402"/>
    <region xml:id="seg-r544" anchors="1403 1405"/>
    <region xml:id="seg-r546" anchors="1406 1409"/>
    <region xml:id="seg-r548" anchors="1410 1414"/>
    <region xml:id="seg-r549" anchors="1414 1415"/>
    <region xml:id="seg-r551" anchors="1416 1422"/>
    <region xml:id="seg-r553" anchors="1423 1427"/>
    <region xml:id="seg-r555" anchors="1428 1430"/>
    <region xml:id="seg-r557" anchors="1431 1434"/>
    <region xml:id="seg-r559" anchors="1435 1438"/>
    <region xml:id="seg-r561" anchors="1439 1444"/>
    <region xml:id="seg-r563" anchors="1445 1449"/>
    <region xml:id="seg-r564" anchors="1449 1450"/>
    <region xml:id="seg-r566" anchors="1451 1454"/>
    <region xml:id="seg-r568" anchors="1455 1459"/>
    <region xml:id="seg-r570" anchors="1460 1465"/>
    <region xml:id="seg-r572" anchors="1466 1470"/>
    <region xml:id="seg-r574" anchors="1471 1483"/>
    <region xml:id="seg-r576" anchors="1484 1488"/>
    <region xml:id="seg-r578" anchors="1489 1493"/>
    <region xml:id="seg-r580" anchors="1494 1501"/>
    <region xml:id="seg-r582" anchors="1502 1504"/>
    <region xml:id="seg-r584" anchors="1505 1508"/>
    <region xml:id="seg-r586" anchors="1509 1513"/>
    <region xml:id="seg-r587" anchors="1513 1514"/>
    <region xml:id="seg-r589" anchors="1515 1518"/>
    <region xml:id="seg-r591" anchors="1519 1528"/>
    <region xml:id="seg-r593" anchors="1529 1531"/>
    <region xml:id="seg-r595" anchors="1532 1534"/>
    <region xml:id="seg-r597" anchors="1535 1537"/>
    <region xml:id="seg-r599" anchors="1538 1543"/>
    <region xml:id="seg-r601" anchors="1544 1548"/>
    <region xml:id="seg-r602" anchors="1548 1549"/>
    <region xml:id="seg-r604" anchors="1550 1553"/>
    <region xml:id="seg-r606" anchors="1554 1558"/>
    <region xml:id="seg-r608" anchors="1559 1566"/>
    <region xml:id="seg-r610" anchors="1567 1569"/>
    <region xml:id="seg-r612" anchors="1570 1572"/>
    <region xml:id="seg-r614" anchors="1573 1576"/>
    <region xml:id="seg-r616" anchors="1577 1583"/>
    <region xml:id="seg-r618" anchors="1584 1589"/>
    <region xml:id="seg-r620" anchors="1590 1595"/>
    <region xml:id="seg-r621" anchors="1595 1596"/>
    <region xml:id="seg-r623" anchors="1597 1600"/>
    <region xml:id="seg-r624" anchors="1600 1601"/>
    <region xml:id="seg-r626" anchors="1602 1605"/>
    <region xml:id="seg-r627" anchors="1605 1607"/>
    <region xml:id="seg-r629" anchors="1608 1612"/>
    <region xml:id="seg-r631" anchors="1613 1614"/>
    <region xml:id="seg-r633" anchors="1615 1619"/>
    <region xml:id="seg-r635" anchors="1620 1622"/>
    <region xml:id="seg-r637" anchors="1623 1627"/>
    <region xml:id="seg-r639" anchors="1628 1631"/>
    <region xml:id="seg-r641" anchors="1632 1638"/>
    <region xml:id="seg-r642" anchors="1638 1640"/>
    <region xml:id="seg-r644" anchors="1641 1649"/>
    <region xml:id="seg-r646" anchors="1650 1658"/>
    <region xml:id="seg-r648" anchors="1659 1663"/>
    <region xml:id="seg-r650" anchors="1664 1669"/>
    <region xml:id="seg-r652" anchors="1670 1674"/>
    <region xml:id="seg-r654" anchors="1675 1680"/>
    <region xml:id="seg-r655" anchors="1680 1681"/>
    <region xml:id="seg-r657" anchors="1682 1688"/>
    <region xml:id="seg-r658" anchors="1688 1689"/>
    <region xml:id="seg-r660" anchors="1690 1692"/>
    <region xml:id="seg-r661" anchors="1692 1694"/>
    <region xml:id="seg-r663" anchors="1695 1699"/>
    <region xml:id="seg-r664" anchors="1699 1700"/>
    <region xml:id="seg-r666" anchors="1701 1711"/>
    <region xml:id="seg-r668" anchors="1712 1717"/>
    <region xml:id="seg-r670" anchors="1718 1721"/>
    <region xml:id="seg-r672" anchors="1722 1725"/>
    <region xml:id="seg-r674" anchors="1726 1733"/>
    <region xml:id="seg-r675" anchors="1733 1734"/>
    <region xml:id="seg-r677" anchors="1735 1739"/>
    <region xml:id="seg-r679" anchors="1740 1744"/>
    <region xml:id="seg-r681" anchors="1745 1749"/>
    <region xml:id="seg-r683" anchors="1750 1751"/>
    <region xml:id="seg-r685" anchors="1752 1755"/>
    <region xml:id="seg-r687" anchors="1756 1760"/>
    <region xml:id="seg-r688" anchors="1760 1761"/>
    <region xml:id="seg-r690" anchors="1762 1763"/>
    <region xml:id="seg-r691" anchors="1763 1765"/>
    <region xml:id="seg-r693" anchors="1766 1774"/>
    <region xml:id="seg-r695" anchors="1775 1777"/>
    <region xml:id="seg-r697" anchors="1778 1781"/>
    <region xml:id="seg-r699" anchors="1782 1791"/>
    <region xml:id="seg-r701" anchors="1792 1794"/>
    <region xml:id="seg-r703" anchors="1795 1797"/>
    <region xml:id="seg-r705" anchors="1798 1802"/>
    <region xml:id="seg-r707" anchors="1803 1806"/>
    <region xml:id="seg-r709" anchors="1807 1812"/>
    <region xml:id="seg-r711" anchors="1813 1816"/>
    <region xml:id="seg-r713" anchors="1817 1824"/>
    <region xml:id="seg-r715" anchors="1825 1832"/>
    <region xml:id="seg-r717" anchors="1833 1836"/>
    <region xml:id="seg-r719" anchors="1837 1841"/>
    <region xml:id="seg-r721" anchors="1842 1845"/>
    <region xml:id="seg-r723" anchors="1846 1853"/>
    <region xml:id="seg-r725" anchors="1854 1856"/>
    <region xml:id="seg-r727" anchors="1857 1863"/>
    <region xml:id="seg-r729" anchors="1864 1868"/>
    <region xml:id="seg-r731" anchors="1869 1875"/>
    <region xml:id="seg-r733" anchors="1876 1880"/>
    <region xml:id="seg-r735" anchors="1881 1888"/>
    <region xml:id="seg-r737" anchors="1889 1893"/>
    <region xml:id="seg-r738" anchors="1893 1894"/>
    <region xml:id="seg-r740" anchors="1895 1896"/>
    <region xml:id="seg-r742" anchors="1897 1900"/>
    <region xml:id="seg-r744" anchors="1901 1907"/>
    <region xml:id="seg-r745" anchors="1907 1909"/>
    <region xml:id="seg-r747" anchors="1910 1918"/>
    <region xml:id="seg-r749" anchors="1919 1923"/>
    <region xml:id="seg-r751" anchors="1924 1928"/>
    <region xml:id="seg-r753" anchors="1929 1934"/>
    <region xml:id="seg-r754" anchors="1934 1935"/>
    <region xml:id="seg-r756" anchors="1936 1940"/>
    <region xml:id="seg-r758" anchors="1941 1948"/>
    <region xml:id="seg-r760" anchors="1949 1950"/>
    <region xml:id="seg-r762" anchors="1951 1956"/>
    <region xml:id="seg-r764" anchors="1957 1959"/>
    <region xml:id="seg-r766" anchors="1960 1963"/>
    <region xml:id="seg-r768" anchors="1964 1968"/>
    <region xml:id="seg-r770" anchors="1969 1973"/>
    <region xml:id="seg-r772" anchors="1974 1978"/>
    <region xml:id="seg-r774" anchors="1979 1981"/>
    <region xml:id="seg-r776" anchors="1982 1986"/>
    <region xml:id="seg-r777" anchors="1986 1987"/>
    <region xml:id="seg-r779" anchors="1988 1991"/>
    <region xml:id="seg-r781" anchors="1992 1998"/>
    <region xml:id="seg-r782" anchors="1998 2000"/>
    <region xml:id="seg-r784" anchors="2001 2007"/>
    <region xml:id="seg-r786" anchors="2008 2012"/>
    <region xml:id="seg-r788" anchors="2013 2016"/>
    <region xml:id="seg-r790" anchors="2017 2019"/>
    <region xml:id="seg-r792" anchors="2020 2025"/>
    <region xml:id="seg-r794" anchors="2026 2031"/>
    <region xml:id="seg-r796" anchors="2032 2038"/>
    <region xml:id="seg-r798" anchors="2039 2041"/>
    <region xml:id="seg-r800" anchors="2042 2047"/>
    <region xml:id="seg-r802" anchors="2048 2060"/>
    <region xml:id="seg-r804" anchors="2061 2065"/>
    <region xml:id="seg-r806" anchors="2066 2073"/>
    <region xml:id="seg-r808" anchors="2074 2080"/>
    <region xml:id="seg-r809" anchors="2080 2081"/>
    <region xml:id="seg-r811" anchors="2082 2084"/>
    <region xml:id="seg-r812" anchors="2084 2086"/>
    <region xml:id="seg-r814" anchors="2087 2091"/>
    <region xml:id="seg-r816" anchors="2092 2094"/>
    <region xml:id="seg-r818" anchors="2095 2099"/>
    <region xml:id="seg-r820" anchors="2100 2102"/>
    <region xml:id="seg-r822" anchors="2103 2106"/>
    <region xml:id="seg-r824" anchors="2107 2113"/>
    <region xml:id="seg-r825" anchors="2113 2115"/>
    <region xml:id="seg-r827" anchors="2116 2119"/>
    <region xml:id="seg-r829" anchors="2120 2124"/>
    <region xml:id="seg-r831" anchors="2125 2134"/>
    <region xml:id="seg-r833" anchors="2135 2138"/>
    <region xml:id="seg-r834" anchors="2138 2141"/>
    <region xml:id="seg-r836" anchors="2142 2145"/>
    <region xml:id="seg-r838" anchors="2146 2150"/>
    <region xml:id="seg-r840" anchors="2151 2157"/>
    <region xml:id="seg-r842" anchors="2158 2163"/>
    <region xml:id="seg-r843" anchors="2163 2164"/>
    <region xml:id="seg-r845" anchors="2165 2166"/>
    <region xml:id="seg-r847" anchors="2167 2172"/>
    <region xml:id="seg-r849" anchors="2173 2179"/>
    <region xml:id="seg-r851" anchors="2180 2182"/>
    <region xml:id="seg-r853" anchors="2183 2189"/>
    <region xml:id="seg-r855" anchors="2190 2194"/>
    <region xml:id="seg-r857" anchors="2195 2200"/>
    <region xml:id="seg-r859" anchors="2201 2204"/>
    <region xml:id="seg-r861" anchors="2205 2210"/>
    <region xml:id="seg-r863" anchors="2211 2215"/>
    <region xml:id="seg-r865" anchors="2216 2218"/>
    <region xml:id="seg-r867" anchors="2219 2227"/>
    <region xml:id="seg-r869" anchors="2228 2231"/>
    <region xml:id="seg-r870" anchors="2231 2232"/>
    <region xml:id="seg-r872" anchors="2233 2236"/>
    <region xml:id="seg-r874" anchors="2237 2244"/>
    <region xml:id="seg-r876" anchors="2245 2247"/>
    <region xml:id="seg-r878" anchors="2248 2254"/>
    <region xml:id="seg-r880" anchors="2255 2259"/>
    <region xml:id="seg-r882" anchors="2260 2264"/>
    <region xml:id="seg-r884" anchors="2265 2267"/>
    <region xml:id="seg-r886" anchors="2268 2274"/>
    <region xml:id="seg-r888" anchors="2275 2283"/>
    <region xml:id="seg-r889" anchors="2283 2284"/>
    <region xml:id="seg-r891" anchors="2285 2288"/>
    <region xml:id="seg-r893" anchors="2289 2292"/>
    <region xml:id="seg-r894" anchors="2292 2295"/>
    <region xml:id="seg-r896" anchors="2296 2298"/>
    <region xml:id="seg-r898" anchors="2299 2305"/>
    <region xml:id="seg-r900" anchors="2306 2308"/>
    <region xml:id="seg-r902" anchors="2309 2317"/>
    <region xml:id="seg-r904" anchors="2318 2319"/>
    <region xml:id="seg-r906" anchors="2320 2332"/>
    <region xml:id="seg-r908" anchors="2333 2337"/>
    <region xml:id="seg-r910" anchors="2338 2342"/>
    <region xml:id="seg-r912" anchors="2343 2347"/>
    <region xml:id="seg-r914" anchors="2348 2358"/>
    <region xml:id="seg-r916" anchors="2359 2361"/>
    <region xml:id="seg-r918" anchors="2362 2367"/>
    <region xml:id="seg-r920" anchors="2368 2370"/>
    <region xml:id="seg-r922" anchors="2371 2372"/>
    <region xml:id="seg-r924" anchors="2373 2374"/>
    <region xml:id="seg-r925" anchors="2374 2378"/>
    <region xml:id="seg-r927" anchors="2379 2383"/>
    <region xml:id="seg-r929" anchors="2384 2387"/>
    <region xml:id="seg-r931" anchors="2388 2392"/>
    <region xml:id="seg-r933" anchors="2393 2396"/>
    <region xml:id="seg-r935" anchors="2397 2399"/>
    <region xml:id="seg-r937" anchors="2400 2406"/>
    <region xml:id="seg-r938" anchors="2406 2407"/>
    <region xml:id="seg-r940" anchors="2408 2418"/>
    <region xml:id="seg-r941" anchors="2418 2419"/>
    <region xml:id="seg-r943" anchors="2420 2425"/>
    <region xml:id="seg-r944" anchors="2425 2426"/>
    <region xml:id="seg-r946" anchors="2427 2430"/>
    <region xml:id="seg-r948" anchors="2431 2442"/>
    <region xml:id="seg-r950" anchors="2443 2449"/>
    <region xml:id="seg-r952" anchors="2450 2455"/>
    <region xml:id="seg-r954" anchors="2456 2460"/>
    <region xml:id="seg-r955" anchors="2460 2461"/>
    <region xml:id="seg-r957" anchors="2462 2465"/>
    <region xml:id="seg-r959" anchors="2466 2470"/>
    <region xml:id="seg-r961" anchors="2471 2479"/>
    <region xml:id="seg-r963" anchors="2480 2483"/>
    <region xml:id="seg-r965" anchors="2484 2487"/>
    <region xml:id="seg-r967" anchors="2488 2493"/>
    <region xml:id="seg-r969" anchors="2494 2496"/>
    <region xml:id="seg-r971" anchors="2497 2503"/>
    <region xml:id="seg-r973" anchors="2504 2508"/>
    <region xml:id="seg-r974" anchors="2508 2509"/>
    <region xml:id="seg-r976" anchors="2510 2514"/>
    <region xml:id="seg-r978" anchors="2515 2517"/>
    <region xml:id="seg-r980" anchors="2518 2521"/>
    <region xml:id="seg-r982" anchors="2522 2526"/>
    <region xml:id="seg-r984" anchors="2527 2529"/>
    <region xml:id="seg-r986" anchors="2530 2533"/>
    <region xml:id="seg-r988" anchors="2534 2540"/>
    <region xml:id="seg-r989" anchors="2540 2542"/>
    <region xml:id="seg-r991" anchors="2543 2545"/>
    <region xml:id="seg-r993" anchors="2546 2551"/>
    <region xml:id="seg-r995" anchors="2552 2558"/>
    <region xml:id="seg-r997" anchors="2559 2563"/>
    <region xml:id="seg-r999" anchors="2564 2569"/>
    <region xml:id="seg-r1001" anchors="2570 2574"/>
    <region xml:id="seg-r1003" anchors="2575 2582"/>
    <region xml:id="seg-r1005" anchors="2583 2585"/>
    <region xml:id="seg-r1007" anchors="2586 2594"/>
    <region xml:id="seg-r1009" anchors="2595 2602"/>
    <region xml:id="seg-r1010" anchors="2602 2603"/>
    <region xml:id="seg-r1012" anchors="2604 2607"/>
    <region xml:id="seg-r1014" anchors="2608 2611"/>
    <region xml:id="seg-r1016" anchors="2612 2623"/>
    <region xml:id="seg-r1018" anchors="2624 2630"/>
    <region xml:id="seg-r1020" anchors="2631 2635"/>
    <region xml:id="seg-r1022" anchors="2636 2641"/>
    <region xml:id="seg-r1023" anchors="2641 2642"/>
    <region xml:id="seg-r1025" anchors="2643 2647"/>
    <region xml:id="seg-r1027" anchors="2648 2652"/>
    <region xml:id="seg-r1029" anchors="2653 2655"/>
    <region xml:id="seg-r1031" anchors="2656 2657"/>
    <region xml:id="seg-r1033" anchors="2658 2665"/>
    <region xml:id="seg-r1035" anchors="2666 2671"/>
    <region xml:id="seg-r1037" anchors="2672 2675"/>
    <region xml:id="seg-r1039" anchors="2676 2684"/>
    <region xml:id="seg-r1041" anchors="2685 2688"/>
    <region xml:id="seg-r1043" anchors="2689 2696"/>
    <region xml:id="seg-r1045" anchors="2697 2699"/>
    <region xml:id="seg-r1047" anchors="2700 2702"/>
    <region xml:id="seg-r1049" anchors="2703 2711"/>
    <region xml:id="seg-r1051" anchors="2712 2715"/>
    <region xml:id="seg-r1053" anchors="2716 2721"/>
    <region xml:id="seg-r1055" anchors="2722 2726"/>
    <region xml:id="seg-r1057" anchors="2727 2730"/>
    <region xml:id="seg-r1059" anchors="2731 2735"/>
    <region xml:id="seg-r1061" anchors="2736 2737"/>
    <region xml:id="seg-r1063" anchors="2738 2746"/>
    <region xml:id="seg-r1065" anchors="2747 2751"/>
    <region xml:id="seg-r1066" anchors="2751 2752"/>
    <region xml:id="seg-r1068" anchors="2753 2757"/>
    <region xml:id="seg-r1070" anchors="2758 2760"/>
    <region xml:id="seg-r1071" anchors="2760 2761"/>
    <region xml:id="seg-r1073" anchors="2762 2766"/>
    <region xml:id="seg-r1075" anchors="2767 2772"/>
    <region xml:id="seg-r1076" anchors="2772 2773"/>
    <region xml:id="seg-r1078" anchors="2774 2778"/>
    <region xml:id="seg-r1079" anchors="2778 2780"/>
    <region xml:id="seg-r1081" anchors="2781 2784"/>
    <region xml:id="seg-r1083" anchors="2785 2786"/>
    <region xml:id="seg-r1085" anchors="2787 2792"/>
    <region xml:id="seg-r1087" anchors="2793 2797"/>
    <region xml:id="seg-r1088" anchors="2797 2798"/>
    <region xml:id="seg-r1090" anchors="2799 2801"/>
    <region xml:id="seg-r1091" anchors="2801 2803"/>
    <region xml:id="seg-r1093" anchors="2804 2807"/>
    <region xml:id="seg-r1095" anchors="2808 2809"/>
    <region xml:id="seg-r1097" anchors="2810 2818"/>
    <region xml:id="seg-r1099" anchors="2819 2823"/>
    <region xml:id="seg-r1101" anchors="2824 2826"/>
    <region xml:id="seg-r1103" anchors="2827 2830"/>
    <region xml:id="seg-r1105" anchors="2831 2840"/>
    <region xml:id="seg-r1106" anchors="2840 2841"/>
    <region xml:id="seg-r1108" anchors="2842 2846"/>
    <region xml:id="seg-r1110" anchors="2847 2849"/>
    <region xml:id="seg-r1112" anchors="2850 2852"/>
    <region xml:id="seg-r1114" anchors="2853 2854"/>
    <region xml:id="seg-r1116" anchors="2855 2858"/>
    <region xml:id="seg-r1117" anchors="2858 2859"/>
    <region xml:id="seg-r1119" anchors="2860 2864"/>
    <region xml:id="seg-r1121" anchors="2865 2867"/>
    <region xml:id="seg-r1123" anchors="2868 2872"/>
    <region xml:id="seg-r1125" anchors="2873 2878"/>
    <region xml:id="seg-r1126" anchors="2878 2879"/>
    <region xml:id="seg-r1128" anchors="2880 2883"/>
    <region xml:id="seg-r1130" anchors="2884 2889"/>
    <region xml:id="seg-r1132" anchors="2890 2892"/>
    <region xml:id="seg-r1134" anchors="2893 2899"/>
    <region xml:id="seg-r1136" anchors="2900 2905"/>
    <region xml:id="seg-r1138" anchors="2906 2908"/>
    <region xml:id="seg-r1139" anchors="2908 2911"/>
    <region xml:id="seg-r1141" anchors="2912 2914"/>
    <region xml:id="seg-r1143" anchors="2915 2925"/>
    <region xml:id="seg-r1145" anchors="2926 2933"/>
    <region xml:id="seg-r1147" anchors="2934 2937"/>
    <region xml:id="seg-r1149" anchors="2938 2939"/>
    <region xml:id="seg-r1151" anchors="2940 2944"/>
    <region xml:id="seg-r1153" anchors="2945 2948"/>
    <region xml:id="seg-r1155" anchors="2949 2954"/>
    <region xml:id="seg-r1157" anchors="2955 2957"/>
    <region xml:id="seg-r1159" anchors="2958 2964"/>
    <region xml:id="seg-r1161" anchors="2965 2969"/>
    <region xml:id="seg-r1163" anchors="2970 2971"/>
    <region xml:id="seg-r1165" anchors="2972 2977"/>
    <region xml:id="seg-r1167" anchors="2978 2981"/>
    <region xml:id="seg-r1169" anchors="2982 2983"/>
    <region xml:id="seg-r1171" anchors="2984 2989"/>
    <region xml:id="seg-r1173" anchors="2990 2994"/>
    <region xml:id="seg-r1175" anchors="2995 2997"/>
    <region xml:id="seg-r1177" anchors="2998 3005"/>
    <region xml:id="seg-r1178" anchors="3005 3006"/>
    <region xml:id="seg-r1180" anchors="3007 3012"/>
    <region xml:id="seg-r1182" anchors="3013 3017"/>
    <region xml:id="seg-r1184" anchors="3018 3019"/>
    <region xml:id="seg-r1186" anchors="3020 3030"/>
    <region xml:id="seg-r1188" anchors="3031 3038"/>
    <region xml:id="seg-r1190" anchors="3039 3041"/>
    <region xml:id="seg-r1192" anchors="3042 3045"/>
    <region xml:id="seg-r1194" anchors="3046 3051"/>
    <region xml:id="seg-r1196" anchors="3052 3054"/>
    <region xml:id="seg-r1198" anchors="3055 3060"/>
    <region xml:id="seg-r1200" anchors="3061 3068"/>
    <region xml:id="seg-r1201" anchors="3068 3069"/>
    <region xml:id="seg-r1203" anchors="3070 3071"/>
    <region xml:id="seg-r1204" anchors="3071 3073"/>
    <region xml:id="seg-r1206" anchors="3074 3077"/>
    <region xml:id="seg-r1208" anchors="3078 3084"/>
    <region xml:id="seg-r1210" anchors="3085 3089"/>
    <region xml:id="seg-r1212" anchors="3090 3097"/>
    <region xml:id="seg-r1214" anchors="3098 3105"/>
    <region xml:id="seg-r1215" anchors="3105 3106"/>
    <region xml:id="seg-r1217" anchors="3107 3109"/>
    <region xml:id="seg-r1219" anchors="3110 3111"/>
    <region xml:id="seg-r1220" anchors="3111 3119"/>
    <region xml:id="seg-r1222" anchors="3120 3123"/>
    <region xml:id="seg-r1224" anchors="3124 3131"/>
    <region xml:id="seg-r1225" anchors="3131 3132"/>
    <region xml:id="seg-r1227" anchors="3133 3139"/>
    <region xml:id="seg-r1229" anchors="3140 3143"/>
    <region xml:id="seg-r1230" anchors="3143 3146"/>
    <region xml:id="seg-r1232" anchors="3147 3151"/>
    <region xml:id="seg-r1234" anchors="3152 3153"/>
    <region xml:id="seg-r1236" anchors="3154 3158"/>
    <region xml:id="seg-r1238" anchors="3159 3164"/>
    <region xml:id="seg-r1239" anchors="3164 3165"/>
    <region xml:id="seg-r1241" anchors="3166 3167"/>
    <region xml:id="seg-r1243" anchors="3168 3173"/>
    <region xml:id="seg-r1245" anchors="3174 3178"/>
    <region xml:id="seg-r1247" anchors="3179 3183"/>
    <region xml:id="seg-r1249" anchors="3184 3192"/>
    <region xml:id="seg-r1251" anchors="3193 3197"/>
    <region xml:id="seg-r1253" anchors="3198 3201"/>
    <region xml:id="seg-r1255" anchors="3202 3204"/>
    <region xml:id="seg-r1257" anchors="3205 3213"/>
    <region xml:id="seg-r1258" anchors="3213 3214"/>
    <region xml:id="seg-r1260" anchors="3215 3219"/>
    <region xml:id="seg-r1262" anchors="3220 3222"/>
    <region xml:id="seg-r1264" anchors="3223 3224"/>
    <region xml:id="seg-r1266" anchors="3225 3229"/>
    <region xml:id="seg-r1268" anchors="3230 3232"/>
    <region xml:id="seg-r1270" anchors="3233 3237"/>
    <region xml:id="seg-r1272" anchors="3238 3246"/>
    <region xml:id="seg-r1273" anchors="3246 3247"/>
    <region xml:id="seg-r1275" anchors="3248 3250"/>
    <region xml:id="seg-r1277" anchors="3251 3252"/>
    <region xml:id="seg-r1279" anchors="3253 3259"/>
    <region xml:id="seg-r1281" anchors="3260 3263"/>
    <region xml:id="seg-r1283" anchors="3264 3270"/>
    <region xml:id="seg-r1285" anchors="3271 3274"/>
    <region xml:id="seg-r1287" anchors="3275 3279"/>
    <region xml:id="seg-r1289" anchors="3280 3287"/>
    <region xml:id="seg-r1291" anchors="3288 3292"/>
    <region xml:id="seg-r1293" anchors="3293 3296"/>
    <region xml:id="seg-r1295" anchors="3297 3302"/>
    <region xml:id="seg-r1297" anchors="3303 3305"/>
    <region xml:id="seg-r1299" anchors="3306 3307"/>
    <region xml:id="seg-r1301" anchors="3308 3318"/>
    <region xml:id="seg-r1303" anchors="3319 3322"/>
    <region xml:id="seg-r1304" anchors="3322 3323"/>
    <region xml:id="seg-r1306" anchors="3324 3328"/>
    <region xml:id="seg-r1308" anchors="3329 3331"/>
    <region xml:id="seg-r1310" anchors="3332 3333"/>
    <region xml:id="seg-r1312" anchors="3334 3341"/>
    <region xml:id="seg-r1314" anchors="3342 3344"/>
    <region xml:id="seg-r1316" anchors="3345 3348"/>
    <region xml:id="seg-r1318" anchors="3349 3356"/>
    <region xml:id="seg-r1320" anchors="3357 3358"/>
    <region xml:id="seg-r1322" anchors="3359 3364"/>
    <region xml:id="seg-r1324" anchors="3365 3372"/>
    <region xml:id="seg-r1326" anchors="3373 3376"/>
    <region xml:id="seg-r1328" anchors="3377 3381"/>
    <region xml:id="seg-r1329" anchors="3381 3382"/>
    <region xml:id="seg-r1331" anchors="3383 3386"/>
    <region xml:id="seg-r1332" anchors="3386 3389"/>
    <region xml:id="seg-r1334" anchors="3390 3396"/>
    <region xml:id="seg-r1336" anchors="3397 3398"/>
    <region xml:id="seg-r1338" anchors="3399 3403"/>
    <region xml:id="seg-r1340" anchors="3404 3412"/>
    <region xml:id="seg-r1341" anchors="3412 3413"/>
    <region xml:id="seg-r1343" anchors="3414 3421"/>
    <region xml:id="seg-r1345" anchors="3422 3426"/>
    <region xml:id="seg-r1347" anchors="3427 3434"/>
    <region xml:id="seg-r1349" anchors="3435 3438"/>
    <region xml:id="seg-r1351" anchors="3439 3440"/>
    <region xml:id="seg-r1352" anchors="3440 3442"/>
    <region xml:id="seg-r1354" anchors="3443 3448"/>
    <region xml:id="seg-r1356" anchors="3449 3451"/>
    <region xml:id="seg-r1358" anchors="3452 3456"/>
    <region xml:id="seg-r1360" anchors="3457 3460"/>
    <region xml:id="seg-r1362" anchors="3461 3464"/>
    <region xml:id="seg-r1364" anchors="3465 3469"/>
    <region xml:id="seg-r1366" anchors="3470 3477"/>
    <region xml:id="seg-r1367" anchors="3477 3478"/>
    <region xml:id="seg-r1369" anchors="3479 3482"/>
    <region xml:id="seg-r1371" anchors="3483 3487"/>
    <region xml:id="seg-r1373" anchors="3488 3492"/>
    <region xml:id="seg-r1375" anchors="3493 3498"/>
    <region xml:id="seg-r1377" anchors="3499 3502"/>
    <region xml:id="seg-r1379" anchors="3503 3515"/>
    <region xml:id="seg-r1381" anchors="3516 3523"/>
    <region xml:id="seg-r1383" anchors="3524 3528"/>
    <region xml:id="seg-r1385" anchors="3529 3532"/>
    <region xml:id="seg-r1387" anchors="3533 3541"/>
    <region xml:id="seg-r1389" anchors="3542 3544"/>
    <region xml:id="seg-r1391" anchors="3545 3549"/>
    <region xml:id="seg-r1393" anchors="3550 3557"/>
    <region xml:id="seg-r1395" anchors="3558 3561"/>
    <region xml:id="seg-r1397" anchors="3562 3565"/>
    <region xml:id="seg-r1398" anchors="3565 3568"/>
    <region xml:id="seg-r1400" anchors="3569 3571"/>
    <region xml:id="seg-r1402" anchors="3572 3579"/>
    <region xml:id="seg-r1403" anchors="3579 3580"/>
    <region xml:id="seg-r1405" anchors="3586 3591"/>
    <region xml:id="seg-r1407" anchors="3592 3598"/>
    <region xml:id="seg-r1409" anchors="3599 3603"/>
    <region xml:id="seg-r1410" anchors="3603 3604"/>
    <region xml:id="seg-r1412" anchors="3605 3610"/>
    <region xml:id="seg-r1414" anchors="3611 3613"/>
    <region xml:id="seg-r1415" anchors="3613 3614"/>
    <region xml:id="seg-r1417" anchors="3615 3619"/>
    <region xml:id="seg-r1419" anchors="3620 3622"/>
    <region xml:id="seg-r1421" anchors="3623 3627"/>
    <region xml:id="seg-r1423" anchors="3628 3630"/>
    <region xml:id="seg-r1425" anchors="3632 3637"/>
    <region xml:id="seg-r1427" anchors="3638 3642"/>
    <region xml:id="seg-r1429" anchors="3643 3648"/>
    <region xml:id="seg-r1431" anchors="3649 3652"/>
    <region xml:id="seg-r1433" anchors="3653 3657"/>
    <region xml:id="seg-r1435" anchors="3658 3673"/>
    <region xml:id="seg-r1437" anchors="3674 3676"/>
    <region xml:id="seg-r1439" anchors="3677 3680"/>
    <region xml:id="seg-r1441" anchors="3681 3685"/>
    <region xml:id="seg-r1443" anchors="3686 3691"/>
    <region xml:id="seg-r1445" anchors="3692 3694"/>
    <region xml:id="seg-r1447" anchors="3695 3699"/>
    <region xml:id="seg-r1448" anchors="3699 3700"/>
    <region xml:id="seg-r1450" anchors="3701 3705"/>
    <region xml:id="seg-r1452" anchors="3706 3708"/>
    <region xml:id="seg-r1454" anchors="3709 3712"/>
    <region xml:id="seg-r1456" anchors="3713 3717"/>
    <region xml:id="seg-r1458" anchors="3718 3719"/>
    <region xml:id="seg-r1460" anchors="3720 3727"/>
    <region xml:id="seg-r1461" anchors="3727 3728"/>
    <region xml:id="seg-r1463" anchors="3729 3733"/>
    <region xml:id="seg-r1465" anchors="3734 3737"/>
    <region xml:id="seg-r1467" anchors="3738 3742"/>
    <region xml:id="seg-r1469" anchors="3743 3746"/>
    <region xml:id="seg-r1471" anchors="3747 3750"/>
    <region xml:id="seg-r1473" anchors="3751 3755"/>
    <region xml:id="seg-r1475" anchors="3756 3763"/>
    <region xml:id="seg-r1477" anchors="3764 3772"/>
    <region xml:id="seg-r1479" anchors="3773 3777"/>
    <region xml:id="seg-r1481" anchors="3778 3780"/>
    <region xml:id="seg-r1483" anchors="3781 3784"/>
    <region xml:id="seg-r1485" anchors="3785 3789"/>
    <region xml:id="seg-r1487" anchors="3790 3799"/>
    <region xml:id="seg-r1489" anchors="3800 3805"/>
    <region xml:id="seg-r1490" anchors="3805 3806"/>
</graph>
