<graph xmlns="http://www.xces.org/ns/GrAF/1.0/" xmlns:graf="http://www.xces.org/ns/GrAF/1.0/">
  <graphHeader>
    <labelsDecl>
      <labelUsage label="Head" occurs="2"/>
      <labelUsage label="s" occurs="36"/>
      <labelUsage label="q" occurs="1"/>
    </labelsDecl>
    <annotationSpaces>
      <annotationSpace as.id="anc"/>
    </annotationSpaces>
  </graphHeader>
  <region xml:id="s-r0" anchors="5 89"/>
  <node xml:id="s-n0">
    <link targets="s-r0"/>
  </node>
  <a xml:id="s-N65577" label="Head" ref="s-n0" as="anc"/>
  <region xml:id="s-r1" anchors="91 147"/>
  <node xml:id="s-n1">
    <link targets="s-r1"/>
  </node>
  <a xml:id="s-N65593" label="s" ref="s-n1" as="anc"/>
  <region xml:id="s-r2" anchors="148 278"/>
  <node xml:id="s-n2">
    <link targets="s-r2"/>
  </node>
  <a xml:id="s-N65609" label="s" ref="s-n2" as="anc"/>
  <region xml:id="s-r3" anchors="279 437"/>
  <node xml:id="s-n3">
    <link targets="s-r3"/>
  </node>
  <a xml:id="s-N65625" label="s" ref="s-n3" as="anc"/>
  <region xml:id="s-r4" anchors="438 602"/>
  <node xml:id="s-n4">
    <link targets="s-r4"/>
  </node>
  <a xml:id="s-N65641" label="s" ref="s-n4" as="anc"/>
  <region xml:id="s-r5" anchors="604 757"/>
  <node xml:id="s-n5">
    <link targets="s-r5"/>
  </node>
  <a xml:id="s-N65657" label="s" ref="s-n5" as="anc"/>
  <region xml:id="s-r6" anchors="758 840"/>
  <node xml:id="s-n6">
    <link targets="s-r6"/>
  </node>
  <a xml:id="s-N65673" label="s" ref="s-n6" as="anc"/>
  <region xml:id="s-r7" anchors="841 867"/>
  <node xml:id="s-n7">
    <link targets="s-r7"/>
  </node>
  <a xml:id="s-N65689" label="s" ref="s-n7" as="anc"/>
  <region xml:id="s-r8" anchors="869 950"/>
  <node xml:id="s-n8">
    <link targets="s-r8"/>
  </node>
  <a xml:id="s-N65705" label="s" ref="s-n8" as="anc"/>
  <region xml:id="s-r9" anchors="951 1081"/>
  <node xml:id="s-n9">
    <link targets="s-r9"/>
  </node>
  <a xml:id="s-N65721" label="s" ref="s-n9" as="anc"/>
  <region xml:id="s-r10" anchors="1082 1281"/>
  <node xml:id="s-n10">
    <link targets="s-r10"/>
  </node>
  <a xml:id="s-N65737" label="s" ref="s-n10" as="anc"/>
  <region xml:id="s-r11" anchors="1117 1163"/>
  <node xml:id="s-n11">
    <link targets="s-r11"/>
  </node>
  <a xml:id="s-N65753" label="q" ref="s-n11" as="anc"/>
  <region xml:id="s-r12" anchors="1282 1344"/>
  <node xml:id="s-n12">
    <link targets="s-r12"/>
  </node>
  <a xml:id="s-N65769" label="s" ref="s-n12" as="anc"/>
  <region xml:id="s-r13" anchors="1345 1401"/>
  <node xml:id="s-n13">
    <link targets="s-r13"/>
  </node>
  <a xml:id="s-N65785" label="s" ref="s-n13" as="anc"/>
  <region xml:id="s-r14" anchors="1402 1460"/>
  <node xml:id="s-n14">
    <link targets="s-r14"/>
  </node>
  <a xml:id="s-N65801" label="s" ref="s-n14" as="anc"/>
  <region xml:id="s-r15" anchors="1461 1575"/>
  <node xml:id="s-n15">
    <link targets="s-r15"/>
  </node>
  <a xml:id="s-N65817" label="s" ref="s-n15" as="anc"/>
  <region xml:id="s-r16" anchors="1576 1671"/>
  <node xml:id="s-n16">
    <link targets="s-r16"/>
  </node>
  <a xml:id="s-N65833" label="s" ref="s-n16" as="anc"/>
  <region xml:id="s-r17" anchors="1672 1771"/>
  <node xml:id="s-n17">
    <link targets="s-r17"/>
  </node>
  <a xml:id="s-N65849" label="s" ref="s-n17" as="anc"/>
  <region xml:id="s-r18" anchors="1773 1823"/>
  <node xml:id="s-n18">
    <link targets="s-r18"/>
  </node>
  <a xml:id="s-N65865" label="s" ref="s-n18" as="anc"/>
  <region xml:id="s-r19" anchors="1824 1883"/>
  <node xml:id="s-n19">
    <link targets="s-r19"/>
  </node>
  <a xml:id="s-N65881" label="s" ref="s-n19" as="anc"/>
  <region xml:id="s-r20" anchors="1884 1947"/>
  <node xml:id="s-n20">
    <link targets="s-r20"/>
  </node>
  <a xml:id="s-N65897" label="s" ref="s-n20" as="anc"/>
  <region xml:id="s-r21" anchors="1948 2022"/>
  <node xml:id="s-n21">
    <link targets="s-r21"/>
  </node>
  <a xml:id="s-N65913" label="s" ref="s-n21" as="anc"/>
  <region xml:id="s-r22" anchors="2023 2147"/>
  <node xml:id="s-n22">
    <link targets="s-r22"/>
  </node>
  <a xml:id="s-N65929" label="s" ref="s-n22" as="anc"/>
  <region xml:id="s-r23" anchors="2148 2192"/>
  <node xml:id="s-n23">
    <link targets="s-r23"/>
  </node>
  <a xml:id="s-N65945" label="s" ref="s-n23" as="anc"/>
  <region xml:id="s-r24" anchors="2193 2304"/>
  <node xml:id="s-n24">
    <link targets="s-r24"/>
  </node>
  <a xml:id="s-N65961" label="s" ref="s-n24" as="anc"/>
  <region xml:id="s-r25" anchors="2305 2327"/>
  <node xml:id="s-n25">
    <link targets="s-r25"/>
  </node>
  <a xml:id="s-N65977" label="s" ref="s-n25" as="anc"/>
  <region xml:id="s-r26" anchors="2328 2460"/>
  <node xml:id="s-n26">
    <link targets="s-r26"/>
  </node>
  <a xml:id="s-N65993" label="s" ref="s-n26" as="anc"/>
  <region xml:id="s-r27" anchors="2461 2504"/>
  <node xml:id="s-n27">
    <link targets="s-r27"/>
  </node>
  <a xml:id="s-N66009" label="s" ref="s-n27" as="anc"/>
  <region xml:id="s-r28" anchors="2505 2581"/>
  <node xml:id="s-n28">
    <link targets="s-r28"/>
  </node>
  <a xml:id="s-N66025" label="s" ref="s-n28" as="anc"/>
  <region xml:id="s-r29" anchors="2582 2681"/>
  <node xml:id="s-n29">
    <link targets="s-r29"/>
  </node>
  <a xml:id="s-N66041" label="s" ref="s-n29" as="anc"/>
  <region xml:id="s-r30" anchors="2682 2811"/>
  <node xml:id="s-n30">
    <link targets="s-r30"/>
  </node>
  <a xml:id="s-N66057" label="s" ref="s-n30" as="anc"/>
  <region xml:id="s-r31" anchors="2812 2915"/>
  <node xml:id="s-n31">
    <link targets="s-r31"/>
  </node>
  <a xml:id="s-N66073" label="s" ref="s-n31" as="anc"/>
  <region xml:id="s-r32" anchors="2916 2975"/>
  <node xml:id="s-n32">
    <link targets="s-r32"/>
  </node>
  <a xml:id="s-N66089" label="s" ref="s-n32" as="anc"/>
  <region xml:id="s-r33" anchors="2976 3006"/>
  <node xml:id="s-n33">
    <link targets="s-r33"/>
  </node>
  <a xml:id="s-N66105" label="s" ref="s-n33" as="anc"/>
  <region xml:id="s-r34" anchors="3007 3135"/>
  <node xml:id="s-n34">
    <link targets="s-r34"/>
  </node>
  <a xml:id="s-N66121" label="s" ref="s-n34" as="anc"/>
  <region xml:id="s-r35" anchors="3136 3165"/>
  <node xml:id="s-n35">
    <link targets="s-r35"/>
  </node>
  <a xml:id="s-N66137" label="s" ref="s-n35" as="anc"/>
  <region xml:id="s-r36" anchors="3170 3181"/>
  <node xml:id="s-n36">
    <link targets="s-r36"/>
  </node>
  <a xml:id="s-N66153" label="s" ref="s-n36" as="anc"/>
  <region xml:id="s-r37" anchors="3184 3225"/>
  <node xml:id="s-n37">
    <link targets="s-r37"/>
  </node>
  <a xml:id="s-N66169" label="Head" ref="s-n37" as="anc">
    <fs>
      <f name="type" value="subhead"/>
    </fs>
  </a>
  <region xml:id="s-r38" anchors="3227 3240"/>
  <node xml:id="s-n38">
    <link targets="s-r38"/>
  </node>
  <a xml:id="s-N66193" label="s" ref="s-n38" as="anc"/>
</graph>
