<graph xmlns="http://www.xces.org/ns/GrAF/1.0/" xmlns:graf="http://www.xces.org/ns/GrAF/1.0/">
  <graphHeader>
    <labelsDecl>
      <labelUsage label="body" occurs="1"/>
      <labelUsage label="author" occurs="1"/>
      <labelUsage label="text" occurs="1"/>
      <labelUsage label="strong" occurs="1"/>
      <labelUsage label="a" occurs="5"/>
      <labelUsage label="p" occurs="14"/>
      <labelUsage label="div" occurs="3"/>
      <labelUsage label="cesDoc" occurs="1"/>
      <labelUsage label="head" occurs="1"/>
      <labelUsage label="date" occurs="1"/>
    </labelsDecl>
    <annotationSpaces>
      <annotationSpace as.id="xces"/>
    </annotationSpaces>
  </graphHeader>
  <region xml:id="logical-r0" anchors="0 3812"/>
  <node xml:id="logical-n0">
    <link targets="logical-r0"/>
  </node>
  <a xml:id="logical-N65605" label="cesDoc" ref="logical-n0" as="xces">
    <fs>
      <f name="xmlns" value="http://www.xces.org/schema/2003"/>
      <f name="version" value="1.0.4"/>
    </fs>
  </a>
  <region xml:id="logical-r1" anchors="1 3811"/>
  <node xml:id="logical-n1">
    <link targets="logical-r1"/>
  </node>
  <a xml:id="logical-N65633" label="text" ref="logical-n1" as="xces"/>
  <region xml:id="logical-r2" anchors="2 3810"/>
  <node xml:id="logical-n2">
    <link targets="logical-r2"/>
  </node>
  <a xml:id="logical-N65649" label="body" ref="logical-n2" as="xces"/>
  <region xml:id="logical-r3" anchors="3 3582"/>
  <node xml:id="logical-n3">
    <link targets="logical-r3"/>
  </node>
  <a xml:id="logical-N65665" label="div" ref="logical-n3" as="xces">
    <fs>
      <f name="type" value="entry"/>
    </fs>
  </a>
  <region xml:id="logical-r4" anchors="4 43"/>
  <node xml:id="logical-n4">
    <link targets="logical-r4"/>
  </node>
  <a xml:id="logical-N65689" label="head" ref="logical-n4" as="xces">
    <fs>
      <f name="type" value="title"/>
    </fs>
  </a>
  <region xml:id="logical-r5" anchors="44 55"/>
  <node xml:id="logical-n5">
    <link targets="logical-r5"/>
  </node>
  <a xml:id="logical-N65713" label="date" ref="logical-n5" as="xces"/>
  <region xml:id="logical-r6" anchors="56 63"/>
  <node xml:id="logical-n6">
    <link targets="logical-r6"/>
  </node>
  <a xml:id="logical-N65729" label="author" ref="logical-n6" as="xces"/>
  <region xml:id="logical-r7" anchors="65 432"/>
  <node xml:id="logical-n7">
    <link targets="logical-r7"/>
  </node>
  <a xml:id="logical-N65745" label="p" ref="logical-n7" as="xces"/>
  <region xml:id="logical-r8" anchors="433 788"/>
  <node xml:id="logical-n8">
    <link targets="logical-r8"/>
  </node>
  <a xml:id="logical-N65761" label="p" ref="logical-n8" as="xces"/>
  <region xml:id="logical-r9" anchors="789 836"/>
  <node xml:id="logical-n9">
    <link targets="logical-r9"/>
  </node>
  <a xml:id="logical-N65777" label="p" ref="logical-n9" as="xces"/>
  <region xml:id="logical-r10" anchors="805 820"/>
  <node xml:id="logical-n10">
    <link targets="logical-r10"/>
  </node>
  <a xml:id="logical-N65793" label="a" ref="logical-n10" as="xces">
    <fs>
      <f name="href" value="http://www.rickliebling.com/2009/09/14/congratulations-tgi-fridays-now-the-work-begins/"/>
    </fs>
  </a>
  <region xml:id="logical-r11" anchors="837 984"/>
  <node xml:id="logical-n11">
    <link targets="logical-r11"/>
  </node>
  <a xml:id="logical-N65817" label="p" ref="logical-n11" as="xces"/>
  <region xml:id="logical-r12" anchors="959 971"/>
  <node xml:id="logical-n12">
    <link targets="logical-r12"/>
  </node>
  <a xml:id="logical-N65833" label="a" ref="logical-n12" as="xces">
    <fs>
      <f name="href" value="http://get.adobe.com/flashplayer/"/>
      <f name="target" value="_blank"/>
    </fs>
  </a>
  <region xml:id="logical-r13" anchors="985 1139"/>
  <node xml:id="logical-n13">
    <link targets="logical-r13"/>
  </node>
  <a xml:id="logical-N65861" label="p" ref="logical-n13" as="xces"/>
  <region xml:id="logical-r14" anchors="1084 1113"/>
  <node xml:id="logical-n14">
    <link targets="logical-r14"/>
  </node>
  <a xml:id="logical-N65877" label="a" ref="logical-n14" as="xces">
    <fs>
      <f name="href" value="http://www.google.com/search?q=tgi+fridays+fan+woody&amp;rls=com.microsoft:en-us&amp;ie=UTF-8&amp;oe=UTF-8&amp; startIndex=&amp;startPage=1"/>
    </fs>
  </a>
  <region xml:id="logical-r15" anchors="1140 1596"/>
  <node xml:id="logical-n15">
    <link targets="logical-r15"/>
  </node>
  <a xml:id="logical-N65901" label="p" ref="logical-n15" as="xces"/>
  <region xml:id="logical-r16" anchors="1597 1681"/>
  <node xml:id="logical-n16">
    <link targets="logical-r16"/>
  </node>
  <a xml:id="logical-N65917" label="p" ref="logical-n16" as="xces"/>
  <region xml:id="logical-r17" anchors="1682 1700"/>
  <node xml:id="logical-n17">
    <link targets="logical-r17"/>
  </node>
  <a xml:id="logical-N65933" label="p" ref="logical-n17" as="xces"/>
  <region xml:id="logical-r18" anchors="1701 2081"/>
  <node xml:id="logical-n18">
    <link targets="logical-r18"/>
  </node>
  <a xml:id="logical-N65949" label="p" ref="logical-n18" as="xces"/>
  <region xml:id="logical-r19" anchors="1701 1749"/>
  <node xml:id="logical-n19">
    <link targets="logical-r19"/>
  </node>
  <a xml:id="logical-N65965" label="a" ref="logical-n19" as="xces">
    <fs>
      <f name="href" value="http://thechaosscenario.net/blog/?p=1027"/>
    </fs>
  </a>
  <region xml:id="logical-r20" anchors="1897 1923"/>
  <node xml:id="logical-n20">
    <link targets="logical-r20"/>
  </node>
  <a xml:id="logical-N65989" label="a" ref="logical-n20" as="xces">
    <fs>
      <f name="href" value="http://www.facebook.com/home.php#!/TGIFridays?v=wall&amp;ref=ts"/>
    </fs>
  </a>
  <region xml:id="logical-r21" anchors="1988 2081"/>
  <node xml:id="logical-n21">
    <link targets="logical-r21"/>
  </node>
  <a xml:id="logical-N66013" label="strong" ref="logical-n21" as="xces"/>
  <region xml:id="logical-r22" anchors="2082 2419"/>
  <node xml:id="logical-n22">
    <link targets="logical-r22"/>
  </node>
  <a xml:id="logical-N66029" label="p" ref="logical-n22" as="xces"/>
  <region xml:id="logical-r23" anchors="2420 2879"/>
  <node xml:id="logical-n23">
    <link targets="logical-r23"/>
  </node>
  <a xml:id="logical-N66045" label="p" ref="logical-n23" as="xces"/>
  <region xml:id="logical-r24" anchors="2880 3580"/>
  <node xml:id="logical-n24">
    <link targets="logical-r24"/>
  </node>
  <a xml:id="logical-N66061" label="p" ref="logical-n24" as="xces"/>
  <region xml:id="logical-r25" anchors="3583 3809"/>
  <node xml:id="logical-n25">
    <link targets="logical-r25"/>
  </node>
  <a xml:id="logical-N66077" label="div" ref="logical-n25" as="xces">
    <fs>
      <f name="type" value="comments"/>
    </fs>
  </a>
  <region xml:id="logical-r26" anchors="3584 3808"/>
  <node xml:id="logical-n26">
    <link targets="logical-r26"/>
  </node>
  <a xml:id="logical-N66101" label="div" ref="logical-n26" as="xces">
    <fs>
      <f name="type" value="comment"/>
    </fs>
  </a>
  <region xml:id="logical-r27" anchors="3585 3630"/>
  <node xml:id="logical-n27">
    <link targets="logical-r27"/>
  </node>
  <a xml:id="logical-N66125" label="p" ref="logical-n27" as="xces"/>
  <region xml:id="logical-r28" anchors="3632 3806"/>
  <node xml:id="logical-n28">
    <link targets="logical-r28"/>
  </node>
  <a xml:id="logical-N66141" label="p" ref="logical-n28" as="xces"/>
</graph>
