<?xml version="1.0" encoding="UTF-8"?><graph xmlns="http://www.xces.org/ns/GrAF/1.0/" xmlns:graf="http://www.xces.org/ns/GrAF/1.0/">
    <graphHeader>
        <labelsDecl>
        </labelsDecl>
    </graphHeader>
    <region xml:id="seg-r0" anchors="5 8"/>
    <region xml:id="seg-r2" anchors="9 13"/>
    <region xml:id="seg-r4" anchors="14 16"/>
    <region xml:id="seg-r6" anchors="17 20"/>
    <region xml:id="seg-r7" anchors="20 21"/>
    <region xml:id="seg-r9" anchors="22 28"/>
    <region xml:id="seg-r11" anchors="29 34"/>
    <region xml:id="seg-r13" anchors="35 40"/>
    <region xml:id="seg-r15" anchors="41 44"/>
    <region xml:id="seg-r17" anchors="45 53"/>
    <region xml:id="seg-r18" anchors="53 54"/>
    <region xml:id="seg-r20" anchors="55 58"/>
    <region xml:id="seg-r22" anchors="59 64"/>
    <region xml:id="seg-r24" anchors="65 70"/>
    <region xml:id="seg-r26" anchors="71 72"/>
    <region xml:id="seg-r28" anchors="73 76"/>
    <region xml:id="seg-r30" anchors="77 81"/>
    <region xml:id="seg-r32" anchors="82 84"/>
    <region xml:id="seg-r34" anchors="85 89"/>
    <region xml:id="seg-r36" anchors="91 97"/>
    <region xml:id="seg-r38" anchors="98 103"/>
    <region xml:id="seg-r40" anchors="104 106"/>
    <region xml:id="seg-r42" anchors="107 109"/>
    <region xml:id="seg-r44" anchors="110 119"/>
    <region xml:id="seg-r46" anchors="120 128"/>
    <region xml:id="seg-r48" anchors="129 139"/>
    <region xml:id="seg-r50" anchors="140 146"/>
    <region xml:id="seg-r51" anchors="146 147"/>
    <region xml:id="seg-r53" anchors="148 150"/>
    <region xml:id="seg-r54" anchors="150 152"/>
    <region xml:id="seg-r56" anchors="153 157"/>
    <region xml:id="seg-r58" anchors="158 159"/>
    <region xml:id="seg-r60" anchors="160 164"/>
    <region xml:id="seg-r62" anchors="165 171"/>
    <region xml:id="seg-r64" anchors="172 182"/>
    <region xml:id="seg-r66" anchors="183 186"/>
    <region xml:id="seg-r68" anchors="187 198"/>
    <region xml:id="seg-r70" anchors="199 202"/>
    <region xml:id="seg-r72" anchors="203 205"/>
    <region xml:id="seg-r74" anchors="206 209"/>
    <region xml:id="seg-r76" anchors="210 213"/>
    <region xml:id="seg-r78" anchors="214 219"/>
    <region xml:id="seg-r80" anchors="220 222"/>
    <region xml:id="seg-r82" anchors="223 226"/>
    <region xml:id="seg-r84" anchors="227 234"/>
    <region xml:id="seg-r86" anchors="235 248"/>
    <region xml:id="seg-r88" anchors="249 257"/>
    <region xml:id="seg-r90" anchors="258 260"/>
    <region xml:id="seg-r92" anchors="261 263"/>
    <region xml:id="seg-r94" anchors="264 267"/>
    <region xml:id="seg-r96" anchors="268 277"/>
    <region xml:id="seg-r97" anchors="277 278"/>
    <region xml:id="seg-r99" anchors="279 281"/>
    <region xml:id="seg-r100" anchors="281 283"/>
    <region xml:id="seg-r102" anchors="284 288"/>
    <region xml:id="seg-r104" anchors="289 296"/>
    <region xml:id="seg-r106" anchors="297 299"/>
    <region xml:id="seg-r108" anchors="300 308"/>
    <region xml:id="seg-r110" anchors="309 316"/>
    <region xml:id="seg-r112" anchors="317 321"/>
    <region xml:id="seg-r114" anchors="322 328"/>
    <region xml:id="seg-r116" anchors="329 332"/>
    <region xml:id="seg-r118" anchors="333 343"/>
    <region xml:id="seg-r120" anchors="344 352"/>
    <region xml:id="seg-r121" anchors="352 353"/>
    <region xml:id="seg-r123" anchors="354 357"/>
    <region xml:id="seg-r125" anchors="358 359"/>
    <region xml:id="seg-r126" anchors="359 361"/>
    <region xml:id="seg-r128" anchors="362 370"/>
    <region xml:id="seg-r130" anchors="371 373"/>
    <region xml:id="seg-r132" anchors="374 380"/>
    <region xml:id="seg-r134" anchors="381 383"/>
    <region xml:id="seg-r136" anchors="384 386"/>
    <region xml:id="seg-r137" anchors="386 388"/>
    <region xml:id="seg-r139" anchors="389 393"/>
    <region xml:id="seg-r141" anchors="394 395"/>
    <region xml:id="seg-r143" anchors="396 399"/>
    <region xml:id="seg-r145" anchors="400 402"/>
    <region xml:id="seg-r147" anchors="403 416"/>
    <region xml:id="seg-r149" anchors="417 419"/>
    <region xml:id="seg-r151" anchors="420 428"/>
    <region xml:id="seg-r153" anchors="429 436"/>
    <region xml:id="seg-r154" anchors="436 437"/>
    <region xml:id="seg-r156" anchors="438 444"/>
    <region xml:id="seg-r158" anchors="445 448"/>
    <region xml:id="seg-r159" anchors="448 451"/>
    <region xml:id="seg-r161" anchors="452 456"/>
    <region xml:id="seg-r163" anchors="457 464"/>
    <region xml:id="seg-r165" anchors="465 475"/>
    <region xml:id="seg-r166" anchors="475 476"/>
    <region xml:id="seg-r168" anchors="477 479"/>
    <region xml:id="seg-r170" anchors="480 484"/>
    <region xml:id="seg-r172" anchors="485 493"/>
    <region xml:id="seg-r174" anchors="494 498"/>
    <region xml:id="seg-r176" anchors="499 503"/>
    <region xml:id="seg-r178" anchors="504 510"/>
    <region xml:id="seg-r180" anchors="511 513"/>
    <region xml:id="seg-r182" anchors="514 517"/>
    <region xml:id="seg-r184" anchors="518 522"/>
    <region xml:id="seg-r185" anchors="522 523"/>
    <region xml:id="seg-r187" anchors="524 527"/>
    <region xml:id="seg-r189" anchors="528 533"/>
    <region xml:id="seg-r191" anchors="534 541"/>
    <region xml:id="seg-r193" anchors="542 545"/>
    <region xml:id="seg-r195" anchors="546 555"/>
    <region xml:id="seg-r197" anchors="556 565"/>
    <region xml:id="seg-r199" anchors="566 568"/>
    <region xml:id="seg-r200" anchors="568 570"/>
    <region xml:id="seg-r202" anchors="571 574"/>
    <region xml:id="seg-r204" anchors="575 582"/>
    <region xml:id="seg-r206" anchors="583 587"/>
    <region xml:id="seg-r208" anchors="588 591"/>
    <region xml:id="seg-r210" anchors="592 601"/>
    <region xml:id="seg-r211" anchors="601 602"/>
    <region xml:id="seg-r213" anchors="604 606"/>
    <region xml:id="seg-r214" anchors="606 608"/>
    <region xml:id="seg-r216" anchors="609 610"/>
    <region xml:id="seg-r218" anchors="611 615"/>
    <region xml:id="seg-r220" anchors="616 621"/>
    <region xml:id="seg-r222" anchors="622 625"/>
    <region xml:id="seg-r224" anchors="626 629"/>
    <region xml:id="seg-r226" anchors="630 637"/>
    <region xml:id="seg-r228" anchors="638 640"/>
    <region xml:id="seg-r230" anchors="641 645"/>
    <region xml:id="seg-r232" anchors="646 649"/>
    <region xml:id="seg-r234" anchors="650 658"/>
    <region xml:id="seg-r236" anchors="659 664"/>
    <region xml:id="seg-r238" anchors="665 670"/>
    <region xml:id="seg-r240" anchors="671 675"/>
    <region xml:id="seg-r242" anchors="676 678"/>
    <region xml:id="seg-r243" anchors="678 680"/>
    <region xml:id="seg-r245" anchors="681 686"/>
    <region xml:id="seg-r247" anchors="687 689"/>
    <region xml:id="seg-r249" anchors="690 694"/>
    <region xml:id="seg-r251" anchors="695 698"/>
    <region xml:id="seg-r253" anchors="699 701"/>
    <region xml:id="seg-r255" anchors="702 703"/>
    <region xml:id="seg-r257" anchors="704 708"/>
    <region xml:id="seg-r259" anchors="709 715"/>
    <region xml:id="seg-r261" anchors="716 722"/>
    <region xml:id="seg-r262" anchors="722 723"/>
    <region xml:id="seg-r264" anchors="724 728"/>
    <region xml:id="seg-r266" anchors="729 730"/>
    <region xml:id="seg-r268" anchors="731 735"/>
    <region xml:id="seg-r270" anchors="736 748"/>
    <region xml:id="seg-r272" anchors="749 751"/>
    <region xml:id="seg-r274" anchors="752 756"/>
    <region xml:id="seg-r275" anchors="756 757"/>
    <region xml:id="seg-r277" anchors="758 765"/>
    <region xml:id="seg-r279" anchors="766 770"/>
    <region xml:id="seg-r281" anchors="771 775"/>
    <region xml:id="seg-r283" anchors="776 782"/>
    <region xml:id="seg-r285" anchors="783 789"/>
    <region xml:id="seg-r287" anchors="790 792"/>
    <region xml:id="seg-r289" anchors="793 800"/>
    <region xml:id="seg-r291" anchors="801 804"/>
    <region xml:id="seg-r293" anchors="805 812"/>
    <region xml:id="seg-r295" anchors="813 819"/>
    <region xml:id="seg-r297" anchors="820 821"/>
    <region xml:id="seg-r299" anchors="822 829"/>
    <region xml:id="seg-r301" anchors="830 839"/>
    <region xml:id="seg-r302" anchors="839 840"/>
    <region xml:id="seg-r304" anchors="841 845"/>
    <region xml:id="seg-r306" anchors="846 853"/>
    <region xml:id="seg-r308" anchors="854 856"/>
    <region xml:id="seg-r310" anchors="857 866"/>
    <region xml:id="seg-r311" anchors="866 867"/>
    <region xml:id="seg-r313" anchors="869 875"/>
    <region xml:id="seg-r315" anchors="876 881"/>
    <region xml:id="seg-r317" anchors="882 885"/>
    <region xml:id="seg-r319" anchors="886 888"/>
    <region xml:id="seg-r321" anchors="889 895"/>
    <region xml:id="seg-r323" anchors="896 897"/>
    <region xml:id="seg-r325" anchors="898 906"/>
    <region xml:id="seg-r327" anchors="907 912"/>
    <region xml:id="seg-r329" anchors="913 916"/>
    <region xml:id="seg-r331" anchors="917 921"/>
    <region xml:id="seg-r333" anchors="922 929"/>
    <region xml:id="seg-r335" anchors="930 933"/>
    <region xml:id="seg-r337" anchors="934 941"/>
    <region xml:id="seg-r339" anchors="942 944"/>
    <region xml:id="seg-r341" anchors="945 949"/>
    <region xml:id="seg-r342" anchors="949 950"/>
    <region xml:id="seg-r344" anchors="951 954"/>
    <region xml:id="seg-r346" anchors="955 956"/>
    <region xml:id="seg-r347" anchors="956 958"/>
    <region xml:id="seg-r349" anchors="959 967"/>
    <region xml:id="seg-r351" anchors="968 970"/>
    <region xml:id="seg-r353" anchors="971 977"/>
    <region xml:id="seg-r355" anchors="978 980"/>
    <region xml:id="seg-r357" anchors="981 987"/>
    <region xml:id="seg-r359" anchors="988 990"/>
    <region xml:id="seg-r360" anchors="990 993"/>
    <region xml:id="seg-r362" anchors="994 1002"/>
    <region xml:id="seg-r364" anchors="1003 1010"/>
    <region xml:id="seg-r366" anchors="1011 1015"/>
    <region xml:id="seg-r368" anchors="1016 1017"/>
    <region xml:id="seg-r370" anchors="1018 1024"/>
    <region xml:id="seg-r371" anchors="1024 1025"/>
    <region xml:id="seg-r373" anchors="1026 1029"/>
    <region xml:id="seg-r375" anchors="1030 1033"/>
    <region xml:id="seg-r377" anchors="1034 1039"/>
    <region xml:id="seg-r379" anchors="1040 1047"/>
    <region xml:id="seg-r381" anchors="1048 1051"/>
    <region xml:id="seg-r383" anchors="1052 1059"/>
    <region xml:id="seg-r385" anchors="1060 1069"/>
    <region xml:id="seg-r387" anchors="1070 1073"/>
    <region xml:id="seg-r389" anchors="1074 1080"/>
    <region xml:id="seg-r390" anchors="1080 1081"/>
    <region xml:id="seg-r392" anchors="1082 1086"/>
    <region xml:id="seg-r393" anchors="1086 1087"/>
    <region xml:id="seg-r395" anchors="1088 1097"/>
    <region xml:id="seg-r397" anchors="1098 1099"/>
    <region xml:id="seg-r398" anchors="1099 1100"/>
    <region xml:id="seg-r399" anchors="1100 1104"/>
    <region xml:id="seg-r401" anchors="1105 1109"/>
    <region xml:id="seg-r403" anchors="1110 1114"/>
    <region xml:id="seg-r404" anchors="1114 1115"/>
    <region xml:id="seg-r406" anchors="1117 1118"/>
    <region xml:id="seg-r407" anchors="1118 1119"/>
    <region xml:id="seg-r408" anchors="1119 1122"/>
    <region xml:id="seg-r410" anchors="1123 1126"/>
    <region xml:id="seg-r412" anchors="1127 1129"/>
    <region xml:id="seg-r414" anchors="1130 1135"/>
    <region xml:id="seg-r416" anchors="1136 1141"/>
    <region xml:id="seg-r418" anchors="1142 1145"/>
    <region xml:id="seg-r420" anchors="1146 1153"/>
    <region xml:id="seg-r422" anchors="1154 1157"/>
    <region xml:id="seg-r424" anchors="1158 1161"/>
    <region xml:id="seg-r425" anchors="1161 1162"/>
    <region xml:id="seg-r426" anchors="1162 1163"/>
    <region xml:id="seg-r428" anchors="1164 1167"/>
    <region xml:id="seg-r430" anchors="1168 1172"/>
    <region xml:id="seg-r432" anchors="1173 1176"/>
    <region xml:id="seg-r434" anchors="1177 1183"/>
    <region xml:id="seg-r436" anchors="1184 1185"/>
    <region xml:id="seg-r438" anchors="1186 1192"/>
    <region xml:id="seg-r440" anchors="1193 1197"/>
    <region xml:id="seg-r442" anchors="1198 1202"/>
    <region xml:id="seg-r444" anchors="1203 1204"/>
    <region xml:id="seg-r445" anchors="1204 1213"/>
    <region xml:id="seg-r446" anchors="1213 1214"/>
    <region xml:id="seg-r448" anchors="1215 1224"/>
    <region xml:id="seg-r450" anchors="1225 1228"/>
    <region xml:id="seg-r452" anchors="1229 1232"/>
    <region xml:id="seg-r454" anchors="1233 1241"/>
    <region xml:id="seg-r456" anchors="1242 1245"/>
    <region xml:id="seg-r458" anchors="1246 1249"/>
    <region xml:id="seg-r460" anchors="1250 1251"/>
    <region xml:id="seg-r462" anchors="1252 1257"/>
    <region xml:id="seg-r464" anchors="1258 1270"/>
    <region xml:id="seg-r466" anchors="1271 1275"/>
    <region xml:id="seg-r468" anchors="1276 1280"/>
    <region xml:id="seg-r469" anchors="1280 1281"/>
    <region xml:id="seg-r471" anchors="1282 1286"/>
    <region xml:id="seg-r472" anchors="1286 1288"/>
    <region xml:id="seg-r474" anchors="1289 1292"/>
    <region xml:id="seg-r476" anchors="1293 1295"/>
    <region xml:id="seg-r478" anchors="1296 1299"/>
    <region xml:id="seg-r480" anchors="1300 1307"/>
    <region xml:id="seg-r482" anchors="1309 1313"/>
    <region xml:id="seg-r483" anchors="1313 1315"/>
    <region xml:id="seg-r485" anchors="1316 1320"/>
    <region xml:id="seg-r487" anchors="1321 1322"/>
    <region xml:id="seg-r489" anchors="1323 1327"/>
    <region xml:id="seg-r491" anchors="1328 1331"/>
    <region xml:id="seg-r493" anchors="1332 1334"/>
    <region xml:id="seg-r495" anchors="1335 1342"/>
    <region xml:id="seg-r497" anchors="1343 1344"/>
    <region xml:id="seg-r499" anchors="1345 1351"/>
    <region xml:id="seg-r501" anchors="1352 1356"/>
    <region xml:id="seg-r502" anchors="1356 1359"/>
    <region xml:id="seg-r504" anchors="1360 1364"/>
    <region xml:id="seg-r506" anchors="1365 1369"/>
    <region xml:id="seg-r508" anchors="1370 1374"/>
    <region xml:id="seg-r510" anchors="1375 1377"/>
    <region xml:id="seg-r512" anchors="1378 1390"/>
    <region xml:id="seg-r514" anchors="1391 1395"/>
    <region xml:id="seg-r516" anchors="1396 1400"/>
    <region xml:id="seg-r517" anchors="1400 1401"/>
    <region xml:id="seg-r519" anchors="1402 1403"/>
    <region xml:id="seg-r521" anchors="1404 1409"/>
    <region xml:id="seg-r523" anchors="1410 1412"/>
    <region xml:id="seg-r525" anchors="1413 1424"/>
    <region xml:id="seg-r527" anchors="1425 1435"/>
    <region xml:id="seg-r529" anchors="1436 1441"/>
    <region xml:id="seg-r531" anchors="1442 1444"/>
    <region xml:id="seg-r533" anchors="1445 1449"/>
    <region xml:id="seg-r535" anchors="1450 1459"/>
    <region xml:id="seg-r536" anchors="1459 1460"/>
    <region xml:id="seg-r538" anchors="1461 1463"/>
    <region xml:id="seg-r540" anchors="1464 1474"/>
    <region xml:id="seg-r542" anchors="1475 1483"/>
    <region xml:id="seg-r544" anchors="1484 1490"/>
    <region xml:id="seg-r546" anchors="1491 1493"/>
    <region xml:id="seg-r548" anchors="1494 1501"/>
    <region xml:id="seg-r550" anchors="1502 1505"/>
    <region xml:id="seg-r552" anchors="1506 1510"/>
    <region xml:id="seg-r554" anchors="1511 1513"/>
    <region xml:id="seg-r556" anchors="1514 1517"/>
    <region xml:id="seg-r558" anchors="1518 1522"/>
    <region xml:id="seg-r560" anchors="1523 1525"/>
    <region xml:id="seg-r562" anchors="1526 1529"/>
    <region xml:id="seg-r564" anchors="1530 1534"/>
    <region xml:id="seg-r566" anchors="1535 1536"/>
    <region xml:id="seg-r568" anchors="1537 1541"/>
    <region xml:id="seg-r570" anchors="1542 1546"/>
    <region xml:id="seg-r572" anchors="1547 1551"/>
    <region xml:id="seg-r574" anchors="1552 1559"/>
    <region xml:id="seg-r576" anchors="1560 1567"/>
    <region xml:id="seg-r578" anchors="1568 1569"/>
    <region xml:id="seg-r580" anchors="1570 1574"/>
    <region xml:id="seg-r581" anchors="1574 1575"/>
    <region xml:id="seg-r583" anchors="1576 1578"/>
    <region xml:id="seg-r585" anchors="1579 1585"/>
    <region xml:id="seg-r587" anchors="1586 1589"/>
    <region xml:id="seg-r589" anchors="1590 1602"/>
    <region xml:id="seg-r591" anchors="1603 1605"/>
    <region xml:id="seg-r593" anchors="1606 1610"/>
    <region xml:id="seg-r595" anchors="1611 1617"/>
    <region xml:id="seg-r597" anchors="1618 1621"/>
    <region xml:id="seg-r598" anchors="1621 1622"/>
    <region xml:id="seg-r600" anchors="1623 1629"/>
    <region xml:id="seg-r602" anchors="1630 1633"/>
    <region xml:id="seg-r604" anchors="1634 1638"/>
    <region xml:id="seg-r606" anchors="1639 1645"/>
    <region xml:id="seg-r608" anchors="1646 1650"/>
    <region xml:id="seg-r610" anchors="1651 1659"/>
    <region xml:id="seg-r612" anchors="1660 1662"/>
    <region xml:id="seg-r614" anchors="1663 1670"/>
    <region xml:id="seg-r615" anchors="1670 1671"/>
    <region xml:id="seg-r617" anchors="1672 1675"/>
    <region xml:id="seg-r619" anchors="1676 1681"/>
    <region xml:id="seg-r621" anchors="1682 1685"/>
    <region xml:id="seg-r623" anchors="1686 1689"/>
    <region xml:id="seg-r625" anchors="1690 1695"/>
    <region xml:id="seg-r627" anchors="1696 1699"/>
    <region xml:id="seg-r629" anchors="1700 1704"/>
    <region xml:id="seg-r631" anchors="1705 1707"/>
    <region xml:id="seg-r633" anchors="1708 1711"/>
    <region xml:id="seg-r635" anchors="1712 1716"/>
    <region xml:id="seg-r637" anchors="1717 1720"/>
    <region xml:id="seg-r639" anchors="1721 1724"/>
    <region xml:id="seg-r641" anchors="1725 1733"/>
    <region xml:id="seg-r643" anchors="1734 1739"/>
    <region xml:id="seg-r645" anchors="1740 1744"/>
    <region xml:id="seg-r647" anchors="1745 1754"/>
    <region xml:id="seg-r648" anchors="1754 1755"/>
    <region xml:id="seg-r650" anchors="1756 1761"/>
    <region xml:id="seg-r652" anchors="1762 1765"/>
    <region xml:id="seg-r654" anchors="1766 1770"/>
    <region xml:id="seg-r655" anchors="1770 1771"/>
    <region xml:id="seg-r657" anchors="1773 1778"/>
    <region xml:id="seg-r659" anchors="1779 1782"/>
    <region xml:id="seg-r661" anchors="1783 1788"/>
    <region xml:id="seg-r663" anchors="1789 1796"/>
    <region xml:id="seg-r665" anchors="1797 1799"/>
    <region xml:id="seg-r667" anchors="1800 1803"/>
    <region xml:id="seg-r669" anchors="1804 1813"/>
    <region xml:id="seg-r671" anchors="1814 1822"/>
    <region xml:id="seg-r672" anchors="1822 1823"/>
    <region xml:id="seg-r674" anchors="1824 1825"/>
    <region xml:id="seg-r675" anchors="1825 1826"/>
    <region xml:id="seg-r677" anchors="1827 1834"/>
    <region xml:id="seg-r679" anchors="1835 1836"/>
    <region xml:id="seg-r681" anchors="1837 1842"/>
    <region xml:id="seg-r683" anchors="1843 1845"/>
    <region xml:id="seg-r685" anchors="1846 1854"/>
    <region xml:id="seg-r687" anchors="1855 1866"/>
    <region xml:id="seg-r689" anchors="1867 1875"/>
    <region xml:id="seg-r691" anchors="1876 1878"/>
    <region xml:id="seg-r693" anchors="1879 1883"/>
    <region xml:id="seg-r695" anchors="1884 1885"/>
    <region xml:id="seg-r696" anchors="1885 1886"/>
    <region xml:id="seg-r698" anchors="1887 1890"/>
    <region xml:id="seg-r700" anchors="1891 1898"/>
    <region xml:id="seg-r702" anchors="1899 1900"/>
    <region xml:id="seg-r704" anchors="1901 1906"/>
    <region xml:id="seg-r706" anchors="1907 1911"/>
    <region xml:id="seg-r708" anchors="1912 1914"/>
    <region xml:id="seg-r710" anchors="1915 1919"/>
    <region xml:id="seg-r712" anchors="1920 1922"/>
    <region xml:id="seg-r714" anchors="1923 1924"/>
    <region xml:id="seg-r716" anchors="1925 1932"/>
    <region xml:id="seg-r718" anchors="1933 1947"/>
    <region xml:id="seg-r720" anchors="1948 1949"/>
    <region xml:id="seg-r721" anchors="1949 1950"/>
    <region xml:id="seg-r723" anchors="1951 1958"/>
    <region xml:id="seg-r725" anchors="1959 1960"/>
    <region xml:id="seg-r727" anchors="1961 1966"/>
    <region xml:id="seg-r729" anchors="1967 1971"/>
    <region xml:id="seg-r731" anchors="1972 1978"/>
    <region xml:id="seg-r733" anchors="1979 1981"/>
    <region xml:id="seg-r735" anchors="1982 1986"/>
    <region xml:id="seg-r737" anchors="1987 1993"/>
    <region xml:id="seg-r739" anchors="1994 1998"/>
    <region xml:id="seg-r741" anchors="1999 2001"/>
    <region xml:id="seg-r743" anchors="2002 2007"/>
    <region xml:id="seg-r744" anchors="2007 2010"/>
    <region xml:id="seg-r746" anchors="2011 2013"/>
    <region xml:id="seg-r748" anchors="2014 2016"/>
    <region xml:id="seg-r750" anchors="2017 2022"/>
    <region xml:id="seg-r752" anchors="2023 2024"/>
    <region xml:id="seg-r753" anchors="2024 2025"/>
    <region xml:id="seg-r755" anchors="2026 2028"/>
    <region xml:id="seg-r756" anchors="2028 2030"/>
    <region xml:id="seg-r758" anchors="2031 2034"/>
    <region xml:id="seg-r760" anchors="2035 2042"/>
    <region xml:id="seg-r762" anchors="2043 2045"/>
    <region xml:id="seg-r764" anchors="2046 2047"/>
    <region xml:id="seg-r766" anchors="2048 2056"/>
    <region xml:id="seg-r768" anchors="2057 2062"/>
    <region xml:id="seg-r770" anchors="2063 2065"/>
    <region xml:id="seg-r772" anchors="2066 2068"/>
    <region xml:id="seg-r774" anchors="2069 2075"/>
    <region xml:id="seg-r776" anchors="2076 2085"/>
    <region xml:id="seg-r777" anchors="2085 2086"/>
    <region xml:id="seg-r779" anchors="2087 2092"/>
    <region xml:id="seg-r781" anchors="2093 2098"/>
    <region xml:id="seg-r783" anchors="2099 2103"/>
    <region xml:id="seg-r785" anchors="2104 2105"/>
    <region xml:id="seg-r786" anchors="2105 2108"/>
    <region xml:id="seg-r788" anchors="2109 2118"/>
    <region xml:id="seg-r789" anchors="2118 2119"/>
    <region xml:id="seg-r791" anchors="2120 2124"/>
    <region xml:id="seg-r793" anchors="2125 2127"/>
    <region xml:id="seg-r795" anchors="2128 2135"/>
    <region xml:id="seg-r797" anchors="2136 2143"/>
    <region xml:id="seg-r799" anchors="2144 2147"/>
    <region xml:id="seg-r801" anchors="2148 2154"/>
    <region xml:id="seg-r803" anchors="2155 2159"/>
    <region xml:id="seg-r805" anchors="2160 2164"/>
    <region xml:id="seg-r807" anchors="2165 2169"/>
    <region xml:id="seg-r809" anchors="2170 2179"/>
    <region xml:id="seg-r810" anchors="2179 2180"/>
    <region xml:id="seg-r812" anchors="2181 2185"/>
    <region xml:id="seg-r813" anchors="2185 2188"/>
    <region xml:id="seg-r815" anchors="2189 2191"/>
    <region xml:id="seg-r816" anchors="2191 2192"/>
    <region xml:id="seg-r818" anchors="2193 2194"/>
    <region xml:id="seg-r819" anchors="2194 2196"/>
    <region xml:id="seg-r821" anchors="2197 2199"/>
    <region xml:id="seg-r823" anchors="2200 2206"/>
    <region xml:id="seg-r825" anchors="2207 2210"/>
    <region xml:id="seg-r827" anchors="2211 2217"/>
    <region xml:id="seg-r829" anchors="2218 2229"/>
    <region xml:id="seg-r831" anchors="2230 2233"/>
    <region xml:id="seg-r833" anchors="2234 2238"/>
    <region xml:id="seg-r835" anchors="2239 2241"/>
    <region xml:id="seg-r837" anchors="2242 2245"/>
    <region xml:id="seg-r839" anchors="2246 2254"/>
    <region xml:id="seg-r841" anchors="2255 2261"/>
    <region xml:id="seg-r843" anchors="2262 2270"/>
    <region xml:id="seg-r844" anchors="2270 2271"/>
    <region xml:id="seg-r846" anchors="2272 2275"/>
    <region xml:id="seg-r848" anchors="2276 2279"/>
    <region xml:id="seg-r850" anchors="2280 2284"/>
    <region xml:id="seg-r852" anchors="2285 2289"/>
    <region xml:id="seg-r854" anchors="2290 2297"/>
    <region xml:id="seg-r856" anchors="2298 2300"/>
    <region xml:id="seg-r858" anchors="2301 2303"/>
    <region xml:id="seg-r859" anchors="2303 2304"/>
    <region xml:id="seg-r861" anchors="2305 2312"/>
    <region xml:id="seg-r863" anchors="2313 2326"/>
    <region xml:id="seg-r864" anchors="2326 2327"/>
    <region xml:id="seg-r866" anchors="2328 2331"/>
    <region xml:id="seg-r868" anchors="2332 2336"/>
    <region xml:id="seg-r870" anchors="2337 2342"/>
    <region xml:id="seg-r872" anchors="2343 2347"/>
    <region xml:id="seg-r874" anchors="2348 2353"/>
    <region xml:id="seg-r876" anchors="2354 2365"/>
    <region xml:id="seg-r877" anchors="2365 2366"/>
    <region xml:id="seg-r879" anchors="2367 2370"/>
    <region xml:id="seg-r881" anchors="2371 2388"/>
    <region xml:id="seg-r883" anchors="2389 2396"/>
    <region xml:id="seg-r885" anchors="2397 2405"/>
    <region xml:id="seg-r887" anchors="2406 2409"/>
    <region xml:id="seg-r889" anchors="2410 2413"/>
    <region xml:id="seg-r891" anchors="2414 2422"/>
    <region xml:id="seg-r893" anchors="2423 2425"/>
    <region xml:id="seg-r895" anchors="2426 2429"/>
    <region xml:id="seg-r897" anchors="2430 2439"/>
    <region xml:id="seg-r899" anchors="2440 2446"/>
    <region xml:id="seg-r901" anchors="2447 2450"/>
    <region xml:id="seg-r903" anchors="2451 2459"/>
    <region xml:id="seg-r904" anchors="2459 2460"/>
    <region xml:id="seg-r906" anchors="2461 2464"/>
    <region xml:id="seg-r907" anchors="2464 2466"/>
    <region xml:id="seg-r909" anchors="2467 2470"/>
    <region xml:id="seg-r911" anchors="2471 2475"/>
    <region xml:id="seg-r913" anchors="2476 2479"/>
    <region xml:id="seg-r915" anchors="2480 2486"/>
    <region xml:id="seg-r917" anchors="2487 2492"/>
    <region xml:id="seg-r919" anchors="2493 2496"/>
    <region xml:id="seg-r921" anchors="2497 2503"/>
    <region xml:id="seg-r922" anchors="2503 2504"/>
    <region xml:id="seg-r924" anchors="2505 2507"/>
    <region xml:id="seg-r926" anchors="2508 2512"/>
    <region xml:id="seg-r928" anchors="2513 2515"/>
    <region xml:id="seg-r929" anchors="2515 2518"/>
    <region xml:id="seg-r931" anchors="2519 2521"/>
    <region xml:id="seg-r933" anchors="2522 2526"/>
    <region xml:id="seg-r934" anchors="2526 2527"/>
    <region xml:id="seg-r936" anchors="2528 2531"/>
    <region xml:id="seg-r938" anchors="2532 2535"/>
    <region xml:id="seg-r940" anchors="2536 2540"/>
    <region xml:id="seg-r942" anchors="2541 2543"/>
    <region xml:id="seg-r944" anchors="2544 2546"/>
    <region xml:id="seg-r946" anchors="2547 2553"/>
    <region xml:id="seg-r948" anchors="2554 2556"/>
    <region xml:id="seg-r950" anchors="2557 2561"/>
    <region xml:id="seg-r952" anchors="2562 2568"/>
    <region xml:id="seg-r954" anchors="2569 2572"/>
    <region xml:id="seg-r956" anchors="2573 2580"/>
    <region xml:id="seg-r957" anchors="2580 2581"/>
    <region xml:id="seg-r959" anchors="2582 2589"/>
    <region xml:id="seg-r961" anchors="2590 2596"/>
    <region xml:id="seg-r963" anchors="2597 2603"/>
    <region xml:id="seg-r965" anchors="2604 2608"/>
    <region xml:id="seg-r967" anchors="2609 2614"/>
    <region xml:id="seg-r969" anchors="2615 2616"/>
    <region xml:id="seg-r971" anchors="2618 2623"/>
    <region xml:id="seg-r973" anchors="2624 2631"/>
    <region xml:id="seg-r975" anchors="2632 2639"/>
    <region xml:id="seg-r977" anchors="2640 2645"/>
    <region xml:id="seg-r979" anchors="2646 2650"/>
    <region xml:id="seg-r981" anchors="2651 2654"/>
    <region xml:id="seg-r983" anchors="2655 2662"/>
    <region xml:id="seg-r985" anchors="2663 2665"/>
    <region xml:id="seg-r987" anchors="2666 2671"/>
    <region xml:id="seg-r989" anchors="2672 2680"/>
    <region xml:id="seg-r990" anchors="2680 2681"/>
    <region xml:id="seg-r992" anchors="2682 2684"/>
    <region xml:id="seg-r994" anchors="2685 2686"/>
    <region xml:id="seg-r996" anchors="2687 2691"/>
    <region xml:id="seg-r998" anchors="2692 2694"/>
    <region xml:id="seg-r1000" anchors="2695 2702"/>
    <region xml:id="seg-r1002" anchors="2703 2707"/>
    <region xml:id="seg-r1004" anchors="2708 2712"/>
    <region xml:id="seg-r1006" anchors="2713 2716"/>
    <region xml:id="seg-r1008" anchors="2717 2720"/>
    <region xml:id="seg-r1009" anchors="2720 2721"/>
    <region xml:id="seg-r1011" anchors="2722 2723"/>
    <region xml:id="seg-r1013" anchors="2724 2729"/>
    <region xml:id="seg-r1015" anchors="2730 2734"/>
    <region xml:id="seg-r1017" anchors="2735 2739"/>
    <region xml:id="seg-r1019" anchors="2740 2743"/>
    <region xml:id="seg-r1021" anchors="2744 2746"/>
    <region xml:id="seg-r1023" anchors="2747 2749"/>
    <region xml:id="seg-r1025" anchors="2750 2753"/>
    <region xml:id="seg-r1027" anchors="2754 2757"/>
    <region xml:id="seg-r1029" anchors="2758 2762"/>
    <region xml:id="seg-r1031" anchors="2763 2767"/>
    <region xml:id="seg-r1033" anchors="2768 2776"/>
    <region xml:id="seg-r1035" anchors="2777 2780"/>
    <region xml:id="seg-r1037" anchors="2781 2784"/>
    <region xml:id="seg-r1039" anchors="2785 2787"/>
    <region xml:id="seg-r1041" anchors="2788 2790"/>
    <region xml:id="seg-r1043" anchors="2791 2794"/>
    <region xml:id="seg-r1045" anchors="2795 2797"/>
    <region xml:id="seg-r1047" anchors="2798 2801"/>
    <region xml:id="seg-r1049" anchors="2802 2805"/>
    <region xml:id="seg-r1051" anchors="2806 2810"/>
    <region xml:id="seg-r1052" anchors="2810 2811"/>
    <region xml:id="seg-r1054" anchors="2812 2816"/>
    <region xml:id="seg-r1056" anchors="2817 2821"/>
    <region xml:id="seg-r1058" anchors="2822 2824"/>
    <region xml:id="seg-r1059" anchors="2824 2826"/>
    <region xml:id="seg-r1061" anchors="2827 2832"/>
    <region xml:id="seg-r1063" anchors="2833 2837"/>
    <region xml:id="seg-r1065" anchors="2838 2841"/>
    <region xml:id="seg-r1067" anchors="2842 2846"/>
    <region xml:id="seg-r1069" anchors="2847 2852"/>
    <region xml:id="seg-r1071" anchors="2853 2858"/>
    <region xml:id="seg-r1073" anchors="2859 2862"/>
    <region xml:id="seg-r1075" anchors="2863 2867"/>
    <region xml:id="seg-r1077" anchors="2868 2870"/>
    <region xml:id="seg-r1078" anchors="2870 2872"/>
    <region xml:id="seg-r1080" anchors="2873 2880"/>
    <region xml:id="seg-r1082" anchors="2881 2888"/>
    <region xml:id="seg-r1084" anchors="2889 2891"/>
    <region xml:id="seg-r1086" anchors="2892 2897"/>
    <region xml:id="seg-r1088" anchors="2898 2902"/>
    <region xml:id="seg-r1090" anchors="2903 2905"/>
    <region xml:id="seg-r1092" anchors="2906 2909"/>
    <region xml:id="seg-r1094" anchors="2910 2914"/>
    <region xml:id="seg-r1095" anchors="2914 2915"/>
    <region xml:id="seg-r1097" anchors="2916 2920"/>
    <region xml:id="seg-r1099" anchors="2921 2924"/>
    <region xml:id="seg-r1101" anchors="2925 2929"/>
    <region xml:id="seg-r1103" anchors="2930 2935"/>
    <region xml:id="seg-r1105" anchors="2936 2940"/>
    <region xml:id="seg-r1107" anchors="2941 2948"/>
    <region xml:id="seg-r1109" anchors="2949 2951"/>
    <region xml:id="seg-r1111" anchors="2952 2959"/>
    <region xml:id="seg-r1113" anchors="2960 2961"/>
    <region xml:id="seg-r1115" anchors="2962 2974"/>
    <region xml:id="seg-r1116" anchors="2974 2975"/>
    <region xml:id="seg-r1118" anchors="2976 2980"/>
    <region xml:id="seg-r1120" anchors="2981 2985"/>
    <region xml:id="seg-r1122" anchors="2986 2989"/>
    <region xml:id="seg-r1124" anchors="2990 2993"/>
    <region xml:id="seg-r1126" anchors="2994 2998"/>
    <region xml:id="seg-r1128" anchors="2999 3005"/>
    <region xml:id="seg-r1129" anchors="3005 3006"/>
    <region xml:id="seg-r1131" anchors="3007 3013"/>
    <region xml:id="seg-r1132" anchors="3013 3014"/>
    <region xml:id="seg-r1134" anchors="3016 3022"/>
    <region xml:id="seg-r1136" anchors="3023 3030"/>
    <region xml:id="seg-r1138" anchors="3031 3034"/>
    <region xml:id="seg-r1140" anchors="3035 3040"/>
    <region xml:id="seg-r1142" anchors="3041 3045"/>
    <region xml:id="seg-r1144" anchors="3046 3049"/>
    <region xml:id="seg-r1146" anchors="3050 3053"/>
    <region xml:id="seg-r1148" anchors="3054 3066"/>
    <region xml:id="seg-r1150" anchors="3067 3069"/>
    <region xml:id="seg-r1152" anchors="3070 3075"/>
    <region xml:id="seg-r1154" anchors="3076 3084"/>
    <region xml:id="seg-r1155" anchors="3084 3085"/>
    <region xml:id="seg-r1157" anchors="3086 3090"/>
    <region xml:id="seg-r1159" anchors="3091 3097"/>
    <region xml:id="seg-r1161" anchors="3098 3102"/>
    <region xml:id="seg-r1163" anchors="3103 3110"/>
    <region xml:id="seg-r1165" anchors="3111 3114"/>
    <region xml:id="seg-r1167" anchors="3115 3119"/>
    <region xml:id="seg-r1169" anchors="3120 3122"/>
    <region xml:id="seg-r1171" anchors="3123 3128"/>
    <region xml:id="seg-r1173" anchors="3129 3134"/>
    <region xml:id="seg-r1174" anchors="3134 3135"/>
    <region xml:id="seg-r1176" anchors="3136 3142"/>
    <region xml:id="seg-r1178" anchors="3143 3144"/>
    <region xml:id="seg-r1179" anchors="3144 3145"/>
    <region xml:id="seg-r1181" anchors="3146 3149"/>
    <region xml:id="seg-r1183" anchors="3150 3152"/>
    <region xml:id="seg-r1185" anchors="3153 3155"/>
    <region xml:id="seg-r1187" anchors="3156 3162"/>
    <region xml:id="seg-r1188" anchors="3162 3165"/>
    <region xml:id="seg-r1190" anchors="3170 3173"/>
    <region xml:id="seg-r1192" anchors="3174 3181"/>
    <region xml:id="seg-r1194" anchors="3184 3187"/>
    <region xml:id="seg-r1196" anchors="3188 3195"/>
    <region xml:id="seg-r1198" anchors="3196 3200"/>
    <region xml:id="seg-r1199" anchors="3200 3201"/>
    <region xml:id="seg-r1201" anchors="3202 3206"/>
    <region xml:id="seg-r1203" anchors="3207 3208"/>
    <region xml:id="seg-r1204" anchors="3208 3209"/>
    <region xml:id="seg-r1206" anchors="3210 3214"/>
    <region xml:id="seg-r1208" anchors="3215 3217"/>
    <region xml:id="seg-r1210" anchors="3218 3222"/>
    <region xml:id="seg-r1212" anchors="3223 3225"/>
    <region xml:id="seg-r1214" anchors="3227 3239"/>
    <region xml:id="seg-r1215" anchors="3239 3240"/>
</graph>
