<graph xmlns="http://www.xces.org/ns/GrAF/1.0/" xmlns:graf="http://www.xces.org/ns/GrAF/1.0/">
  <graphHeader>
    <labelsDecl>
      <labelUsage label="vchunk" occurs="97"/>
    </labelsDecl>
    <dependencies>
      <dependsOn f.id="f.penn"/>
    </dependencies>
    <annotationSpaces>
      <annotationSpace as.id="anc"/>
    </annotationSpaces>
  </graphHeader>
  <node xml:id="vc-n0"/>
  <a xml:id="vc-N65567" label="vchunk" ref="vc-n0" as="anc">
    <fs>
      <f name="voice" value="active"/>
      <f name="tense" value="SimPre"/>
      <f name="type" value="FVG"/>
    </fs>
  </a>
  <node xml:id="vc-n1"/>
  <a xml:id="vc-N65591" label="vchunk" ref="vc-n1" as="anc">
    <fs>
      <f name="neg" value="no"/>
      <f name="tense" value="SimPre"/>
      <f name="type" value="FVG"/>
      <f name="voice" value="active"/>
    </fs>
  </a>
  <node xml:id="vc-n10"/>
  <a xml:id="vc-N65619" label="vchunk" ref="vc-n10" as="anc">
    <fs>
      <f name="voice" value="active"/>
      <f name="tense" value="Pre"/>
      <f name="type" value="PART"/>
    </fs>
  </a>
  <node xml:id="vc-n11"/>
  <a xml:id="vc-N65643" label="vchunk" ref="vc-n11" as="anc">
    <fs>
      <f name="voice" value="active"/>
      <f name="tense" value="Inf"/>
      <f name="type" value="NFVG"/>
    </fs>
  </a>
  <node xml:id="vc-n12"/>
  <a xml:id="vc-N65667" label="vchunk" ref="vc-n12" as="anc">
    <fs>
      <f name="voice" value="active"/>
      <f name="tense" value="SimPre"/>
      <f name="type" value="FVG"/>
    </fs>
  </a>
  <node xml:id="vc-n13"/>
  <a xml:id="vc-N65691" label="vchunk" ref="vc-n13" as="anc">
    <fs>
      <f name="voice" value="active"/>
      <f name="tense" value="SimPas"/>
      <f name="type" value="FVG"/>
    </fs>
  </a>
  <node xml:id="vc-n14"/>
  <a xml:id="vc-N65715" label="vchunk" ref="vc-n14" as="anc">
    <fs>
      <f name="type" value="FVG"/>
      <f name="tense" value="SimPas"/>
      <f name="voice" value="active"/>
      <f name="neg" value="yes"/>
    </fs>
  </a>
  <node xml:id="vc-n15"/>
  <a xml:id="vc-N65743" label="vchunk" ref="vc-n15" as="anc">
    <fs>
      <f name="voice" value="active"/>
      <f name="tense" value="Pre"/>
      <f name="type" value="PART"/>
    </fs>
  </a>
  <node xml:id="vc-n16"/>
  <a xml:id="vc-N65767" label="vchunk" ref="vc-n16" as="anc">
    <fs>
      <f name="voice" value="active"/>
      <f name="tense" value="SimPre"/>
      <f name="type" value="FVG"/>
    </fs>
  </a>
  <node xml:id="vc-n17"/>
  <a xml:id="vc-N65791" label="vchunk" ref="vc-n17" as="anc">
    <fs>
      <f name="voice" value="active"/>
      <f name="tense" value="SimPas"/>
      <f name="type" value="FVG"/>
    </fs>
  </a>
  <node xml:id="vc-n18"/>
  <a xml:id="vc-N65815" label="vchunk" ref="vc-n18" as="anc">
    <fs>
      <f name="voice" value="active"/>
      <f name="tense" value="SimPre"/>
      <f name="type" value="FVG"/>
    </fs>
  </a>
  <node xml:id="vc-n19"/>
  <a xml:id="vc-N65839" label="vchunk" ref="vc-n19" as="anc">
    <fs>
      <f name="voice" value="active"/>
      <f name="tense" value="SimPas"/>
      <f name="type" value="FVG"/>
    </fs>
  </a>
  <node xml:id="vc-n2"/>
  <a xml:id="vc-N65863" label="vchunk" ref="vc-n2" as="anc">
    <fs>
      <f name="voice" value="active"/>
      <f name="tense" value="SimPre"/>
      <f name="type" value="FVG"/>
    </fs>
  </a>
  <node xml:id="vc-n20"/>
  <a xml:id="vc-N65887" label="vchunk" ref="vc-n20" as="anc">
    <fs>
      <f name="voice" value="none"/>
      <f name="tense" value="Pre"/>
      <f name="type" value="SPECIAL"/>
    </fs>
  </a>
  <node xml:id="vc-n21"/>
  <a xml:id="vc-N65911" label="vchunk" ref="vc-n21" as="anc">
    <fs>
      <f name="voice" value="active"/>
      <f name="tense" value="SimPas"/>
      <f name="type" value="FVG"/>
    </fs>
  </a>
  <node xml:id="vc-n22"/>
  <a xml:id="vc-N65935" label="vchunk" ref="vc-n22" as="anc">
    <fs>
      <f name="voice" value="active"/>
      <f name="tense" value="SimPas"/>
      <f name="type" value="FVG"/>
    </fs>
  </a>
  <node xml:id="vc-n23"/>
  <a xml:id="vc-N65959" label="vchunk" ref="vc-n23" as="anc">
    <fs>
      <f name="voice" value="active"/>
      <f name="tense" value="SimPas"/>
      <f name="type" value="FVG"/>
    </fs>
  </a>
  <node xml:id="vc-n24"/>
  <a xml:id="vc-N65983" label="vchunk" ref="vc-n24" as="anc">
    <fs>
      <f name="voice" value="active"/>
      <f name="tense" value="SimPas"/>
      <f name="type" value="FVG"/>
    </fs>
  </a>
  <node xml:id="vc-n25"/>
  <a xml:id="vc-N66007" label="vchunk" ref="vc-n25" as="anc">
    <fs>
      <f name="voice" value="active"/>
      <f name="tense" value="PasCon"/>
      <f name="type" value="FVG"/>
    </fs>
  </a>
  <node xml:id="vc-n26"/>
  <a xml:id="vc-N66031" label="vchunk" ref="vc-n26" as="anc">
    <fs>
      <f name="voice" value="active"/>
      <f name="tense" value="SimPre"/>
      <f name="type" value="FVG"/>
    </fs>
  </a>
  <node xml:id="vc-n27"/>
  <a xml:id="vc-N66055" label="vchunk" ref="vc-n27" as="anc">
    <fs>
      <f name="voice" value="active"/>
      <f name="tense" value="Pre"/>
      <f name="type" value="PART"/>
    </fs>
  </a>
  <node xml:id="vc-n28"/>
  <a xml:id="vc-N66079" label="vchunk" ref="vc-n28" as="anc">
    <fs>
      <f name="voice" value="active"/>
      <f name="tense" value="Inf"/>
      <f name="type" value="NFVG"/>
    </fs>
  </a>
  <node xml:id="vc-n29"/>
  <a xml:id="vc-N66103" label="vchunk" ref="vc-n29" as="anc">
    <fs>
      <f name="type" value="FVG"/>
      <f name="tense" value="PreCon"/>
      <f name="voice" value="active"/>
      <f name="neg" value="yes"/>
    </fs>
  </a>
  <node xml:id="vc-n3"/>
  <a xml:id="vc-N66131" label="vchunk" ref="vc-n3" as="anc">
    <fs>
      <f name="voice" value="active"/>
      <f name="tense" value="SimPre"/>
      <f name="type" value="FVG"/>
    </fs>
  </a>
  <node xml:id="vc-n30"/>
  <a xml:id="vc-N66155" label="vchunk" ref="vc-n30" as="anc">
    <fs>
      <f name="voice" value="active"/>
      <f name="tense" value="SimPre"/>
      <f name="type" value="FVG"/>
    </fs>
  </a>
  <node xml:id="vc-n31"/>
  <a xml:id="vc-N66179" label="vchunk" ref="vc-n31" as="anc">
    <fs>
      <f name="voice" value="none"/>
      <f name="tense" value="none"/>
      <f name="type" value="MODAL"/>
    </fs>
  </a>
  <node xml:id="vc-n32"/>
  <a xml:id="vc-N66203" label="vchunk" ref="vc-n32" as="anc">
    <fs>
      <f name="voice" value="active"/>
      <f name="tense" value="SimPas"/>
      <f name="type" value="FVG"/>
    </fs>
  </a>
  <node xml:id="vc-n33"/>
  <a xml:id="vc-N66227" label="vchunk" ref="vc-n33" as="anc">
    <fs>
      <f name="voice" value="active"/>
      <f name="tense" value="SimPre"/>
      <f name="type" value="FVG"/>
    </fs>
  </a>
  <node xml:id="vc-n34"/>
  <a xml:id="vc-N66251" label="vchunk" ref="vc-n34" as="anc">
    <fs>
      <f name="voice" value="none"/>
      <f name="tense" value="Pas"/>
      <f name="type" value="PART"/>
    </fs>
  </a>
  <node xml:id="vc-n35"/>
  <a xml:id="vc-N66275" label="vchunk" ref="vc-n35" as="anc">
    <fs>
      <f name="voice" value="active"/>
      <f name="tense" value="SimPas"/>
      <f name="type" value="FVG"/>
    </fs>
  </a>
  <node xml:id="vc-n36"/>
  <a xml:id="vc-N66299" label="vchunk" ref="vc-n36" as="anc">
    <fs>
      <f name="voice" value="active"/>
      <f name="tense" value="SimPas"/>
      <f name="type" value="FVG"/>
    </fs>
  </a>
  <node xml:id="vc-n37"/>
  <a xml:id="vc-N66323" label="vchunk" ref="vc-n37" as="anc">
    <fs>
      <f name="voice" value="active"/>
      <f name="tense" value="SimPas"/>
      <f name="type" value="FVG"/>
    </fs>
  </a>
  <node xml:id="vc-n38"/>
  <a xml:id="vc-N66347" label="vchunk" ref="vc-n38" as="anc">
    <fs>
      <f name="voice" value="active"/>
      <f name="tense" value="SimPre"/>
      <f name="type" value="FVG"/>
    </fs>
  </a>
  <node xml:id="vc-n39"/>
  <a xml:id="vc-N66371" label="vchunk" ref="vc-n39" as="anc">
    <fs>
      <f name="voice" value="active"/>
      <f name="tense" value="SimPre"/>
      <f name="type" value="FVG"/>
    </fs>
  </a>
  <node xml:id="vc-n4"/>
  <a xml:id="vc-N66395" label="vchunk" ref="vc-n4" as="anc">
    <fs>
      <f name="voice" value="active"/>
      <f name="tense" value="SimPre"/>
      <f name="type" value="FVG"/>
    </fs>
  </a>
  <node xml:id="vc-n40"/>
  <a xml:id="vc-N66419" label="vchunk" ref="vc-n40" as="anc">
    <fs>
      <f name="voice" value="none"/>
      <f name="tense" value="Pas"/>
      <f name="type" value="PART"/>
    </fs>
  </a>
  <node xml:id="vc-n41"/>
  <a xml:id="vc-N66443" label="vchunk" ref="vc-n41" as="anc">
    <fs>
      <f name="type" value="FVG"/>
      <f name="tense" value="SimPre"/>
      <f name="voice" value="active"/>
      <f name="neg" value="yes"/>
    </fs>
  </a>
  <node xml:id="vc-n42"/>
  <a xml:id="vc-N66471" label="vchunk" ref="vc-n42" as="anc">
    <fs>
      <f name="voice" value="active"/>
      <f name="tense" value="SimPre"/>
      <f name="type" value="FVG"/>
    </fs>
  </a>
  <node xml:id="vc-n43"/>
  <a xml:id="vc-N66495" label="vchunk" ref="vc-n43" as="anc">
    <fs>
      <f name="voice" value="none"/>
      <f name="tense" value="none"/>
      <f name="type" value="MODAL"/>
    </fs>
  </a>
  <node xml:id="vc-n44"/>
  <a xml:id="vc-N66519" label="vchunk" ref="vc-n44" as="anc">
    <fs>
      <f name="voice" value="active"/>
      <f name="tense" value="SimPas"/>
      <f name="type" value="FVG"/>
    </fs>
  </a>
  <node xml:id="vc-n45"/>
  <a xml:id="vc-N66543" label="vchunk" ref="vc-n45" as="anc">
    <fs>
      <f name="voice" value="active"/>
      <f name="tense" value="Pre"/>
      <f name="type" value="PART"/>
    </fs>
  </a>
  <node xml:id="vc-n46"/>
  <a xml:id="vc-N66567" label="vchunk" ref="vc-n46" as="anc">
    <fs>
      <f name="voice" value="active"/>
      <f name="tense" value="Pre"/>
      <f name="type" value="PART"/>
    </fs>
  </a>
  <node xml:id="vc-n47"/>
  <a xml:id="vc-N66591" label="vchunk" ref="vc-n47" as="anc">
    <fs>
      <f name="voice" value="active"/>
      <f name="tense" value="PrePer"/>
      <f name="type" value="FVG"/>
    </fs>
  </a>
  <node xml:id="vc-n48"/>
  <a xml:id="vc-N66615" label="vchunk" ref="vc-n48" as="anc">
    <fs>
      <f name="voice" value="active"/>
      <f name="tense" value="Inf"/>
      <f name="type" value="NFVG"/>
    </fs>
  </a>
  <node xml:id="vc-n49"/>
  <a xml:id="vc-N66639" label="vchunk" ref="vc-n49" as="anc">
    <fs>
      <f name="voice" value="none"/>
      <f name="tense" value="none"/>
      <f name="type" value="MODAL"/>
    </fs>
  </a>
  <node xml:id="vc-n5"/>
  <a xml:id="vc-N66663" label="vchunk" ref="vc-n5" as="anc">
    <fs>
      <f name="voice" value="active"/>
      <f name="tense" value="Inf"/>
      <f name="type" value="NFVG"/>
    </fs>
  </a>
  <node xml:id="vc-n50"/>
  <a xml:id="vc-N66687" label="vchunk" ref="vc-n50" as="anc">
    <fs>
      <f name="voice" value="active"/>
      <f name="tense" value="SimPre"/>
      <f name="type" value="FVG"/>
    </fs>
  </a>
  <node xml:id="vc-n51"/>
  <a xml:id="vc-N66711" label="vchunk" ref="vc-n51" as="anc">
    <fs>
      <f name="voice" value="active"/>
      <f name="tense" value="SimPre"/>
      <f name="type" value="FVG"/>
    </fs>
  </a>
  <node xml:id="vc-n52"/>
  <a xml:id="vc-N66735" label="vchunk" ref="vc-n52" as="anc">
    <fs>
      <f name="voice" value="active"/>
      <f name="tense" value="Pre"/>
      <f name="type" value="PART"/>
    </fs>
  </a>
  <node xml:id="vc-n53"/>
  <a xml:id="vc-N66759" label="vchunk" ref="vc-n53" as="anc">
    <fs>
      <f name="voice" value="passive"/>
      <f name="tense" value="SimPre"/>
      <f name="type" value="FVG"/>
    </fs>
  </a>
  <node xml:id="vc-n54"/>
  <a xml:id="vc-N66783" label="vchunk" ref="vc-n54" as="anc">
    <fs>
      <f name="voice" value="active"/>
      <f name="tense" value="SimPre"/>
      <f name="type" value="FVG"/>
    </fs>
  </a>
  <node xml:id="vc-n55"/>
  <a xml:id="vc-N66807" label="vchunk" ref="vc-n55" as="anc">
    <fs>
      <f name="voice" value="active"/>
      <f name="tense" value="Pre"/>
      <f name="type" value="PART"/>
    </fs>
  </a>
  <node xml:id="vc-n56"/>
  <a xml:id="vc-N66831" label="vchunk" ref="vc-n56" as="anc">
    <fs>
      <f name="voice" value="active"/>
      <f name="tense" value="SimFut"/>
      <f name="type" value="FVG"/>
    </fs>
  </a>
  <node xml:id="vc-n57"/>
  <a xml:id="vc-N66855" label="vchunk" ref="vc-n57" as="anc">
    <fs>
      <f name="voice" value="none"/>
      <f name="tense" value="Pas"/>
      <f name="type" value="PART"/>
    </fs>
  </a>
  <node xml:id="vc-n58"/>
  <a xml:id="vc-N66879" label="vchunk" ref="vc-n58" as="anc">
    <fs>
      <f name="voice" value="active"/>
      <f name="tense" value="Pre"/>
      <f name="type" value="PART"/>
    </fs>
  </a>
  <node xml:id="vc-n59"/>
  <a xml:id="vc-N66903" label="vchunk" ref="vc-n59" as="anc">
    <fs>
      <f name="voice" value="active"/>
      <f name="tense" value="SimFut"/>
      <f name="type" value="FVG"/>
    </fs>
  </a>
  <node xml:id="vc-n6"/>
  <a xml:id="vc-N66927" label="vchunk" ref="vc-n6" as="anc">
    <fs>
      <f name="voice" value="active"/>
      <f name="tense" value="SimPre"/>
      <f name="type" value="FVG"/>
    </fs>
  </a>
  <node xml:id="vc-n60"/>
  <a xml:id="vc-N66951" label="vchunk" ref="vc-n60" as="anc">
    <fs>
      <f name="voice" value="active"/>
      <f name="tense" value="Pre"/>
      <f name="type" value="PART"/>
    </fs>
  </a>
  <node xml:id="vc-n61"/>
  <a xml:id="vc-N66975" label="vchunk" ref="vc-n61" as="anc">
    <fs>
      <f name="voice" value="none"/>
      <f name="tense" value="none"/>
      <f name="type" value="MODAL"/>
    </fs>
  </a>
  <node xml:id="vc-n62"/>
  <a xml:id="vc-N66999" label="vchunk" ref="vc-n62" as="anc">
    <fs>
      <f name="voice" value="active"/>
      <f name="tense" value="SimPre"/>
      <f name="type" value="FVG"/>
    </fs>
  </a>
  <node xml:id="vc-n63"/>
  <a xml:id="vc-N67023" label="vchunk" ref="vc-n63" as="anc">
    <fs>
      <f name="voice" value="active"/>
      <f name="tense" value="SimPre"/>
      <f name="type" value="FVG"/>
    </fs>
  </a>
  <node xml:id="vc-n64"/>
  <a xml:id="vc-N67047" label="vchunk" ref="vc-n64" as="anc">
    <fs>
      <f name="voice" value="active"/>
      <f name="tense" value="FutCon"/>
      <f name="type" value="FVG"/>
    </fs>
  </a>
  <node xml:id="vc-n65"/>
  <a xml:id="vc-N67071" label="vchunk" ref="vc-n65" as="anc">
    <fs>
      <f name="voice" value="active"/>
      <f name="tense" value="SimPre"/>
      <f name="type" value="FVG"/>
    </fs>
  </a>
  <node xml:id="vc-n66"/>
  <a xml:id="vc-N67095" label="vchunk" ref="vc-n66" as="anc">
    <fs>
      <f name="voice" value="active"/>
      <f name="tense" value="SimPre"/>
      <f name="type" value="FVG"/>
    </fs>
  </a>
  <node xml:id="vc-n67"/>
  <a xml:id="vc-N67119" label="vchunk" ref="vc-n67" as="anc">
    <fs>
      <f name="voice" value="active"/>
      <f name="tense" value="SimPre"/>
      <f name="type" value="FVG"/>
    </fs>
  </a>
  <node xml:id="vc-n68"/>
  <a xml:id="vc-N67143" label="vchunk" ref="vc-n68" as="anc">
    <fs>
      <f name="voice" value="active"/>
      <f name="tense" value="SimPre"/>
      <f name="type" value="FVG"/>
    </fs>
  </a>
  <node xml:id="vc-n69"/>
  <a xml:id="vc-N67167" label="vchunk" ref="vc-n69" as="anc">
    <fs>
      <f name="voice" value="active"/>
      <f name="tense" value="SimPre"/>
      <f name="type" value="FVG"/>
    </fs>
  </a>
  <node xml:id="vc-n7"/>
  <a xml:id="vc-N67191" label="vchunk" ref="vc-n7" as="anc">
    <fs>
      <f name="voice" value="none"/>
      <f name="tense" value="Pas"/>
      <f name="type" value="PART"/>
    </fs>
  </a>
  <node xml:id="vc-n70"/>
  <a xml:id="vc-N67215" label="vchunk" ref="vc-n70" as="anc">
    <fs>
      <f name="voice" value="active"/>
      <f name="tense" value="Pre"/>
      <f name="type" value="PART"/>
    </fs>
  </a>
  <node xml:id="vc-n71"/>
  <a xml:id="vc-N67239" label="vchunk" ref="vc-n71" as="anc">
    <fs>
      <f name="type" value="FVG"/>
      <f name="tense" value="PreCon"/>
      <f name="voice" value="active"/>
      <f name="neg" value="yes"/>
    </fs>
  </a>
  <node xml:id="vc-n72"/>
  <a xml:id="vc-N67267" label="vchunk" ref="vc-n72" as="anc">
    <fs>
      <f name="voice" value="active"/>
      <f name="tense" value="Inf"/>
      <f name="type" value="NFVG"/>
    </fs>
  </a>
  <node xml:id="vc-n73"/>
  <a xml:id="vc-N67291" label="vchunk" ref="vc-n73" as="anc">
    <fs>
      <f name="voice" value="active"/>
      <f name="tense" value="Inf"/>
      <f name="type" value="NFVG"/>
    </fs>
  </a>
  <node xml:id="vc-n74"/>
  <a xml:id="vc-N67315" label="vchunk" ref="vc-n74" as="anc">
    <fs>
      <f name="voice" value="active"/>
      <f name="tense" value="SimPre"/>
      <f name="type" value="FVG"/>
    </fs>
  </a>
  <node xml:id="vc-n75"/>
  <a xml:id="vc-N67339" label="vchunk" ref="vc-n75" as="anc">
    <fs>
      <f name="voice" value="active"/>
      <f name="tense" value="SimPre"/>
      <f name="type" value="FVG"/>
    </fs>
  </a>
  <node xml:id="vc-n76"/>
  <a xml:id="vc-N67363" label="vchunk" ref="vc-n76" as="anc">
    <fs>
      <f name="voice" value="active"/>
      <f name="tense" value="SimFut"/>
      <f name="type" value="FVG"/>
    </fs>
  </a>
  <node xml:id="vc-n77"/>
  <a xml:id="vc-N67387" label="vchunk" ref="vc-n77" as="anc">
    <fs>
      <f name="voice" value="passive"/>
      <f name="tense" value="Inf"/>
      <f name="type" value="NFVG"/>
    </fs>
  </a>
  <node xml:id="vc-n78"/>
  <a xml:id="vc-N67411" label="vchunk" ref="vc-n78" as="anc">
    <fs>
      <f name="voice" value="none"/>
      <f name="tense" value="HaveVBN"/>
      <f name="type" value="MODAL"/>
    </fs>
  </a>
  <node xml:id="vc-n79"/>
  <a xml:id="vc-N67435" label="vchunk" ref="vc-n79" as="anc">
    <fs>
      <f name="voice" value="none"/>
      <f name="tense" value="Pre"/>
      <f name="type" value="SPECIAL"/>
    </fs>
  </a>
  <node xml:id="vc-n8"/>
  <a xml:id="vc-N67459" label="vchunk" ref="vc-n8" as="anc">
    <fs>
      <f name="voice" value="active"/>
      <f name="tense" value="SimPre"/>
      <f name="type" value="FVG"/>
    </fs>
  </a>
  <node xml:id="vc-n80"/>
  <a xml:id="vc-N67483" label="vchunk" ref="vc-n80" as="anc">
    <fs>
      <f name="voice" value="none"/>
      <f name="tense" value="HaveVBN"/>
      <f name="type" value="MODAL"/>
    </fs>
  </a>
  <node xml:id="vc-n81"/>
  <a xml:id="vc-N67507" label="vchunk" ref="vc-n81" as="anc">
    <fs>
      <f name="voice" value="active"/>
      <f name="tense" value="Inf"/>
      <f name="type" value="NFVG"/>
    </fs>
  </a>
  <node xml:id="vc-n82"/>
  <a xml:id="vc-N67531" label="vchunk" ref="vc-n82" as="anc">
    <fs>
      <f name="voice" value="active"/>
      <f name="tense" value="Inf"/>
      <f name="type" value="NFVG"/>
    </fs>
  </a>
  <node xml:id="vc-n83"/>
  <a xml:id="vc-N67555" label="vchunk" ref="vc-n83" as="anc">
    <fs>
      <f name="voice" value="passive"/>
      <f name="tense" value="Inf"/>
      <f name="type" value="NFVG"/>
    </fs>
  </a>
  <node xml:id="vc-n84"/>
  <a xml:id="vc-N67579" label="vchunk" ref="vc-n84" as="anc">
    <fs>
      <f name="voice" value="active"/>
      <f name="tense" value="Inf"/>
      <f name="type" value="NFVG"/>
    </fs>
  </a>
  <node xml:id="vc-n85"/>
  <a xml:id="vc-N67603" label="vchunk" ref="vc-n85" as="anc">
    <fs>
      <f name="voice" value="active"/>
      <f name="tense" value="SimPre"/>
      <f name="type" value="FVG"/>
    </fs>
  </a>
  <node xml:id="vc-n86"/>
  <a xml:id="vc-N67627" label="vchunk" ref="vc-n86" as="anc">
    <fs>
      <f name="voice" value="active"/>
      <f name="tense" value="SimPre"/>
      <f name="type" value="FVG"/>
    </fs>
  </a>
  <node xml:id="vc-n87"/>
  <a xml:id="vc-N67651" label="vchunk" ref="vc-n87" as="anc">
    <fs>
      <f name="voice" value="active"/>
      <f name="tense" value="SimPre"/>
      <f name="type" value="FVG"/>
    </fs>
  </a>
  <node xml:id="vc-n88"/>
  <a xml:id="vc-N67675" label="vchunk" ref="vc-n88" as="anc">
    <fs>
      <f name="voice" value="active"/>
      <f name="tense" value="Pre"/>
      <f name="type" value="PART"/>
    </fs>
  </a>
  <node xml:id="vc-n89"/>
  <a xml:id="vc-N67699" label="vchunk" ref="vc-n89" as="anc">
    <fs>
      <f name="voice" value="active"/>
      <f name="tense" value="Pre"/>
      <f name="type" value="PART"/>
    </fs>
  </a>
  <node xml:id="vc-n9"/>
  <a xml:id="vc-N67723" label="vchunk" ref="vc-n9" as="anc">
    <fs>
      <f name="voice" value="active"/>
      <f name="tense" value="SimPre"/>
      <f name="type" value="FVG"/>
    </fs>
  </a>
  <node xml:id="vc-n90"/>
  <a xml:id="vc-N67747" label="vchunk" ref="vc-n90" as="anc">
    <fs>
      <f name="voice" value="active"/>
      <f name="tense" value="PreCon"/>
      <f name="type" value="FVG"/>
    </fs>
  </a>
  <node xml:id="vc-n91"/>
  <a xml:id="vc-N67771" label="vchunk" ref="vc-n91" as="anc">
    <fs>
      <f name="voice" value="active"/>
      <f name="tense" value="SimPas"/>
      <f name="type" value="FVG"/>
    </fs>
  </a>
  <node xml:id="vc-n92"/>
  <a xml:id="vc-N67795" label="vchunk" ref="vc-n92" as="anc">
    <fs>
      <f name="voice" value="active"/>
      <f name="tense" value="SimPre"/>
      <f name="type" value="FVG"/>
    </fs>
  </a>
  <node xml:id="vc-n93"/>
  <a xml:id="vc-N67819" label="vchunk" ref="vc-n93" as="anc">
    <fs>
      <f name="voice" value="active"/>
      <f name="tense" value="Inf"/>
      <f name="type" value="NFVG"/>
    </fs>
  </a>
  <node xml:id="vc-n94"/>
  <a xml:id="vc-N67843" label="vchunk" ref="vc-n94" as="anc">
    <fs>
      <f name="voice" value="active"/>
      <f name="tense" value="Pre"/>
      <f name="type" value="PART"/>
    </fs>
  </a>
  <node xml:id="vc-n95"/>
  <a xml:id="vc-N67867" label="vchunk" ref="vc-n95" as="anc">
    <fs>
      <f name="voice" value="active"/>
      <f name="tense" value="SimPre"/>
      <f name="type" value="FVG"/>
    </fs>
  </a>
  <node xml:id="vc-n96"/>
  <a xml:id="vc-N67891" label="vchunk" ref="vc-n96" as="anc">
    <fs>
      <f name="voice" value="active"/>
      <f name="tense" value="SimPre"/>
      <f name="type" value="FVG"/>
    </fs>
  </a>
  <edge xml:id="vc-lnk39" from="vc-n29" to="penn-n191"/>
  <edge xml:id="vc-lnk38" from="vc-n28" to="penn-n188"/>
  <edge xml:id="vc-lnk37" from="vc-n28" to="penn-n187"/>
  <edge xml:id="vc-lnk36" from="vc-n27" to="penn-n186"/>
  <edge xml:id="vc-lnk35" from="vc-n26" to="penn-n185"/>
  <edge xml:id="vc-lnk99" from="vc-n71" to="penn-n477"/>
  <edge xml:id="vc-lnk34" from="vc-n25" to="penn-n179"/>
  <edge xml:id="vc-lnk98" from="vc-n70" to="penn-n462"/>
  <edge xml:id="vc-lnk33" from="vc-n25" to="penn-n178"/>
  <edge xml:id="vc-lnk97" from="vc-n69" to="penn-n456"/>
  <edge xml:id="vc-lnk32" from="vc-n24" to="penn-n169"/>
  <edge xml:id="vc-lnk96" from="vc-n68" to="penn-n452"/>
  <edge xml:id="vc-lnk31" from="vc-n23" to="penn-n165"/>
  <edge xml:id="vc-lnk95" from="vc-n67" to="penn-n440"/>
  <edge xml:id="vc-lnk30" from="vc-n22" to="penn-n157"/>
  <edge xml:id="vc-lnk94" from="vc-n66" to="penn-n435"/>
  <edge xml:id="vc-lnk93" from="vc-n65" to="penn-n429"/>
  <edge xml:id="vc-lnk92" from="vc-n64" to="penn-n426"/>
  <edge xml:id="vc-lnk91" from="vc-n64" to="penn-n425"/>
  <edge xml:id="vc-lnk90" from="vc-n64" to="penn-n424"/>
  <edge xml:id="vc-lnk29" from="vc-n21" to="penn-n152"/>
  <edge xml:id="vc-lnk28" from="vc-n20" to="penn-n133"/>
  <edge xml:id="vc-lnk27" from="vc-n20" to="penn-n132"/>
  <edge xml:id="vc-lnk26" from="vc-n20" to="penn-n131"/>
  <edge xml:id="vc-lnk25" from="vc-n20" to="penn-n130"/>
  <edge xml:id="vc-lnk89" from="vc-n63" to="penn-n414"/>
  <edge xml:id="vc-lnk24" from="vc-n19" to="penn-n123"/>
  <edge xml:id="vc-lnk88" from="vc-n62" to="penn-n405"/>
  <edge xml:id="vc-lnk23" from="vc-n18" to="penn-n115"/>
  <edge xml:id="vc-lnk87" from="vc-n61" to="penn-n399"/>
  <edge xml:id="vc-lnk22" from="vc-n17" to="penn-n108"/>
  <edge xml:id="vc-lnk86" from="vc-n61" to="penn-n398"/>
  <edge xml:id="vc-lnk21" from="vc-n16" to="penn-n107"/>
  <edge xml:id="vc-lnk85" from="vc-n61" to="penn-n397"/>
  <edge xml:id="vc-lnk20" from="vc-n15" to="penn-n102"/>
  <edge xml:id="vc-lnk84" from="vc-n60" to="penn-n394"/>
  <edge xml:id="vc-lnk83" from="vc-n59" to="penn-n391"/>
  <edge xml:id="vc-lnk82" from="vc-n59" to="penn-n390"/>
  <edge xml:id="vc-lnk136" from="vc-n96" to="penn-n641"/>
  <edge xml:id="vc-lnk81" from="vc-n58" to="penn-n387"/>
  <edge xml:id="vc-lnk135" from="vc-n95" to="penn-n635"/>
  <edge xml:id="vc-lnk80" from="vc-n57" to="penn-n380"/>
  <edge xml:id="vc-lnk134" from="vc-n94" to="penn-n622"/>
  <edge xml:id="vc-lnk133" from="vc-n93" to="penn-n617"/>
  <edge xml:id="vc-lnk132" from="vc-n92" to="penn-n608"/>
  <edge xml:id="vc-lnk131" from="vc-n91" to="penn-n600"/>
  <edge xml:id="vc-lnk130" from="vc-n90" to="penn-n594"/>
  <edge xml:id="vc-lnk19" from="vc-n14" to="penn-n86"/>
  <edge xml:id="vc-lnk18" from="vc-n14" to="penn-n85"/>
  <edge xml:id="vc-lnk17" from="vc-n14" to="penn-n84"/>
  <edge xml:id="vc-lnk16" from="vc-n13" to="penn-n74"/>
  <edge xml:id="vc-lnk15" from="vc-n12" to="penn-n73"/>
  <edge xml:id="vc-lnk79" from="vc-n56" to="penn-n379"/>
  <edge xml:id="vc-lnk14" from="vc-n11" to="penn-n70"/>
  <edge xml:id="vc-lnk78" from="vc-n56" to="penn-n378"/>
  <edge xml:id="vc-lnk13" from="vc-n11" to="penn-n69"/>
  <edge xml:id="vc-lnk77" from="vc-n55" to="penn-n375"/>
  <edge xml:id="vc-lnk12" from="vc-n10" to="penn-n68"/>
  <edge xml:id="vc-lnk76" from="vc-n54" to="penn-n371"/>
  <edge xml:id="vc-lnk11" from="vc-n10" to="penn-n67"/>
  <edge xml:id="vc-lnk75" from="vc-n53" to="penn-n367"/>
  <edge xml:id="vc-lnk10" from="vc-n9" to="penn-n62"/>
  <edge xml:id="vc-lnk129" from="vc-n90" to="penn-n593"/>
  <edge xml:id="vc-lnk74" from="vc-n53" to="penn-n366"/>
  <edge xml:id="vc-lnk128" from="vc-n89" to="penn-n581"/>
  <edge xml:id="vc-lnk73" from="vc-n52" to="penn-n363"/>
  <edge xml:id="vc-lnk127" from="vc-n88" to="penn-n578"/>
  <edge xml:id="vc-lnk72" from="vc-n51" to="penn-n354"/>
  <edge xml:id="vc-lnk126" from="vc-n87" to="penn-n577"/>
  <edge xml:id="vc-lnk71" from="vc-n50" to="penn-n342"/>
  <edge xml:id="vc-lnk125" from="vc-n86" to="penn-n572"/>
  <edge xml:id="vc-lnk70" from="vc-n49" to="penn-n337"/>
  <edge xml:id="vc-lnk124" from="vc-n85" to="penn-n567"/>
  <edge xml:id="vc-lnk123" from="vc-n84" to="penn-n564"/>
  <edge xml:id="vc-lnk122" from="vc-n83" to="penn-n558"/>
  <edge xml:id="vc-lnk121" from="vc-n83" to="penn-n557"/>
  <edge xml:id="vc-lnk120" from="vc-n82" to="penn-n555"/>
  <edge xml:id="vc-lnk69" from="vc-n49" to="penn-n336"/>
  <edge xml:id="vc-lnk68" from="vc-n48" to="penn-n331"/>
  <edge xml:id="vc-lnk67" from="vc-n47" to="penn-n325"/>
  <edge xml:id="vc-lnk66" from="vc-n47" to="penn-n324"/>
  <edge xml:id="vc-lnk65" from="vc-n47" to="penn-n323"/>
  <edge xml:id="vc-lnk119" from="vc-n81" to="penn-n548"/>
  <edge xml:id="vc-lnk64" from="vc-n46" to="penn-n314"/>
  <edge xml:id="vc-lnk118" from="vc-n81" to="penn-n547"/>
  <edge xml:id="vc-lnk63" from="vc-n45" to="penn-n309"/>
  <edge xml:id="vc-lnk117" from="vc-n80" to="penn-n545"/>
  <edge xml:id="vc-lnk62" from="vc-n44" to="penn-n303"/>
  <edge xml:id="vc-lnk9" from="vc-n8" to="penn-n57"/>
  <edge xml:id="vc-lnk116" from="vc-n80" to="penn-n544"/>
  <edge xml:id="vc-lnk61" from="vc-n43" to="penn-n286"/>
  <edge xml:id="vc-lnk8" from="vc-n7" to="penn-n55"/>
  <edge xml:id="vc-lnk115" from="vc-n80" to="penn-n543"/>
  <edge xml:id="vc-lnk60" from="vc-n43" to="penn-n285"/>
  <edge xml:id="vc-lnk7" from="vc-n6" to="penn-n53"/>
  <edge xml:id="vc-lnk114" from="vc-n79" to="penn-n536"/>
  <edge xml:id="vc-lnk6" from="vc-n5" to="penn-n39"/>
  <edge xml:id="vc-lnk113" from="vc-n79" to="penn-n535"/>
  <edge xml:id="vc-lnk5" from="vc-n5" to="penn-n38"/>
  <edge xml:id="vc-lnk112" from="vc-n79" to="penn-n534"/>
  <edge xml:id="vc-lnk4" from="vc-n4" to="penn-n36"/>
  <edge xml:id="vc-lnk111" from="vc-n78" to="penn-n519"/>
  <edge xml:id="vc-lnk3" from="vc-n3" to="penn-n29"/>
  <edge xml:id="vc-lnk110" from="vc-n78" to="penn-n518"/>
  <edge xml:id="vc-lnk2" from="vc-n2" to="penn-n21"/>
  <edge xml:id="vc-lnk1" from="vc-n1" to="penn-n7"/>
  <edge xml:id="vc-lnk0" from="vc-n0" to="penn-n2"/>
  <edge xml:id="vc-lnk59" from="vc-n42" to="penn-n281"/>
  <edge xml:id="vc-lnk58" from="vc-n41" to="penn-n272"/>
  <edge xml:id="vc-lnk57" from="vc-n41" to="penn-n271"/>
  <edge xml:id="vc-lnk56" from="vc-n41" to="penn-n270"/>
  <edge xml:id="vc-lnk55" from="vc-n40" to="penn-n262"/>
  <edge xml:id="vc-lnk109" from="vc-n78" to="penn-n517"/>
  <edge xml:id="vc-lnk54" from="vc-n39" to="penn-n259"/>
  <edge xml:id="vc-lnk108" from="vc-n77" to="penn-n508"/>
  <edge xml:id="vc-lnk53" from="vc-n38" to="penn-n255"/>
  <edge xml:id="vc-lnk107" from="vc-n77" to="penn-n507"/>
  <edge xml:id="vc-lnk52" from="vc-n37" to="penn-n247"/>
  <edge xml:id="vc-lnk106" from="vc-n76" to="penn-n500"/>
  <edge xml:id="vc-lnk51" from="vc-n36" to="penn-n244"/>
  <edge xml:id="vc-lnk105" from="vc-n76" to="penn-n499"/>
  <edge xml:id="vc-lnk50" from="vc-n35" to="penn-n233"/>
  <edge xml:id="vc-lnk104" from="vc-n75" to="penn-n497"/>
  <edge xml:id="vc-lnk103" from="vc-n74" to="penn-n492"/>
  <edge xml:id="vc-lnk102" from="vc-n73" to="penn-n488"/>
  <edge xml:id="vc-lnk101" from="vc-n72" to="penn-n486"/>
  <edge xml:id="vc-lnk100" from="vc-n71" to="penn-n478"/>
  <edge xml:id="vc-lnk49" from="vc-n34" to="penn-n221"/>
  <edge xml:id="vc-lnk48" from="vc-n33" to="penn-n220"/>
  <edge xml:id="vc-lnk47" from="vc-n32" to="penn-n216"/>
  <edge xml:id="vc-lnk46" from="vc-n31" to="penn-n207"/>
  <edge xml:id="vc-lnk45" from="vc-n31" to="penn-n206"/>
  <edge xml:id="vc-lnk44" from="vc-n30" to="penn-n202"/>
  <edge xml:id="vc-lnk43" from="vc-n30" to="penn-n201"/>
  <edge xml:id="vc-lnk42" from="vc-n30" to="penn-n200"/>
  <edge xml:id="vc-lnk41" from="vc-n29" to="penn-n193"/>
  <edge xml:id="vc-lnk40" from="vc-n29" to="penn-n192"/>
</graph>
