<graph xmlns="http://www.xces.org/ns/GrAF/1.0/" xmlns:graf="http://www.xces.org/ns/GrAF/1.0/">
  <graphHeader>
    <labelsDecl>
      <labelUsage label="vchunk" occurs="123"/>
    </labelsDecl>
    <dependencies>
      <dependsOn f.id="f.penn"/>
    </dependencies>
    <annotationSpaces>
      <annotationSpace as.id="anc"/>
    </annotationSpaces>
  </graphHeader>
  <node xml:id="vc-n0"/>
  <a xml:id="vc-N65567" label="vchunk" ref="vc-n0" as="anc">
    <fs>
      <f name="voice" value="active"/>
      <f name="tense" value="SimPre"/>
      <f name="type" value="FVG"/>
    </fs>
  </a>
  <node xml:id="vc-n1"/>
  <a xml:id="vc-N65591" label="vchunk" ref="vc-n1" as="anc">
    <fs>
      <f name="voice" value="active"/>
      <f name="tense" value="Inf"/>
      <f name="type" value="NFVG"/>
    </fs>
  </a>
  <node xml:id="vc-n10"/>
  <a xml:id="vc-N65615" label="vchunk" ref="vc-n10" as="anc">
    <fs>
      <f name="type" value="FVG"/>
      <f name="tense" value="PreCon"/>
      <f name="voice" value="active"/>
      <f name="neg" value="yes"/>
    </fs>
  </a>
  <node xml:id="vc-n100"/>
  <a xml:id="vc-N65643" label="vchunk" ref="vc-n100" as="anc">
    <fs>
      <f name="type" value="FVG"/>
      <f name="tense" value="SimPre"/>
      <f name="voice" value="active"/>
      <f name="neg" value="yes"/>
    </fs>
  </a>
  <node xml:id="vc-n101"/>
  <a xml:id="vc-N65671" label="vchunk" ref="vc-n101" as="anc">
    <fs>
      <f name="voice" value="active"/>
      <f name="tense" value="SimPre"/>
      <f name="type" value="FVG"/>
    </fs>
  </a>
  <node xml:id="vc-n102"/>
  <a xml:id="vc-N65695" label="vchunk" ref="vc-n102" as="anc">
    <fs>
      <f name="voice" value="none"/>
      <f name="tense" value="Pas"/>
      <f name="type" value="PART"/>
    </fs>
  </a>
  <node xml:id="vc-n103"/>
  <a xml:id="vc-N65719" label="vchunk" ref="vc-n103" as="anc">
    <fs>
      <f name="voice" value="none"/>
      <f name="tense" value="none"/>
      <f name="type" value="MODAL"/>
    </fs>
  </a>
  <node xml:id="vc-n104"/>
  <a xml:id="vc-N65743" label="vchunk" ref="vc-n104" as="anc">
    <fs>
      <f name="voice" value="active"/>
      <f name="tense" value="SimPre"/>
      <f name="type" value="FVG"/>
    </fs>
  </a>
  <node xml:id="vc-n105"/>
  <a xml:id="vc-N65767" label="vchunk" ref="vc-n105" as="anc">
    <fs>
      <f name="voice" value="active"/>
      <f name="tense" value="SimPre"/>
      <f name="type" value="FVG"/>
    </fs>
  </a>
  <node xml:id="vc-n106"/>
  <a xml:id="vc-N65791" label="vchunk" ref="vc-n106" as="anc">
    <fs>
      <f name="voice" value="none"/>
      <f name="tense" value="Pas"/>
      <f name="type" value="PART"/>
    </fs>
  </a>
  <node xml:id="vc-n107"/>
  <a xml:id="vc-N65815" label="vchunk" ref="vc-n107" as="anc">
    <fs>
      <f name="voice" value="active"/>
      <f name="tense" value="PrePer"/>
      <f name="type" value="FVG"/>
    </fs>
  </a>
  <node xml:id="vc-n108"/>
  <a xml:id="vc-N65839" label="vchunk" ref="vc-n108" as="anc">
    <fs>
      <f name="voice" value="active"/>
      <f name="tense" value="Inf"/>
      <f name="type" value="NFVG"/>
    </fs>
  </a>
  <node xml:id="vc-n109"/>
  <a xml:id="vc-N65863" label="vchunk" ref="vc-n109" as="anc">
    <fs>
      <f name="voice" value="active"/>
      <f name="tense" value="Pre"/>
      <f name="type" value="PART"/>
    </fs>
  </a>
  <node xml:id="vc-n11"/>
  <a xml:id="vc-N65887" label="vchunk" ref="vc-n11" as="anc">
    <fs>
      <f name="voice" value="none"/>
      <f name="tense" value="Pas"/>
      <f name="type" value="PART"/>
    </fs>
  </a>
  <node xml:id="vc-n110"/>
  <a xml:id="vc-N65911" label="vchunk" ref="vc-n110" as="anc">
    <fs>
      <f name="voice" value="active"/>
      <f name="tense" value="SimPre"/>
      <f name="type" value="FVG"/>
    </fs>
  </a>
  <node xml:id="vc-n111"/>
  <a xml:id="vc-N65935" label="vchunk" ref="vc-n111" as="anc">
    <fs>
      <f name="voice" value="none"/>
      <f name="tense" value="Pas"/>
      <f name="type" value="PART"/>
    </fs>
  </a>
  <node xml:id="vc-n112"/>
  <a xml:id="vc-N65959" label="vchunk" ref="vc-n112" as="anc">
    <fs>
      <f name="voice" value="active"/>
      <f name="tense" value="SimPre"/>
      <f name="type" value="FVG"/>
    </fs>
  </a>
  <node xml:id="vc-n113"/>
  <a xml:id="vc-N65983" label="vchunk" ref="vc-n113" as="anc">
    <fs>
      <f name="voice" value="active"/>
      <f name="tense" value="Inf"/>
      <f name="type" value="NFVG"/>
    </fs>
  </a>
  <node xml:id="vc-n114"/>
  <a xml:id="vc-N66007" label="vchunk" ref="vc-n114" as="anc">
    <fs>
      <f name="voice" value="active"/>
      <f name="tense" value="SimPre"/>
      <f name="type" value="FVG"/>
    </fs>
  </a>
  <node xml:id="vc-n115"/>
  <a xml:id="vc-N66031" label="vchunk" ref="vc-n115" as="anc">
    <fs>
      <f name="voice" value="passive"/>
      <f name="tense" value="SimPre"/>
      <f name="type" value="FVG"/>
    </fs>
  </a>
  <node xml:id="vc-n116"/>
  <a xml:id="vc-N66055" label="vchunk" ref="vc-n116" as="anc">
    <fs>
      <f name="voice" value="active"/>
      <f name="tense" value="SimPre"/>
      <f name="type" value="FVG"/>
    </fs>
  </a>
  <node xml:id="vc-n117"/>
  <a xml:id="vc-N66079" label="vchunk" ref="vc-n117" as="anc">
    <fs>
      <f name="voice" value="active"/>
      <f name="tense" value="SimPre"/>
      <f name="type" value="FVG"/>
    </fs>
  </a>
  <node xml:id="vc-n118"/>
  <a xml:id="vc-N66103" label="vchunk" ref="vc-n118" as="anc">
    <fs>
      <f name="voice" value="active"/>
      <f name="tense" value="SimPas"/>
      <f name="type" value="FVG"/>
    </fs>
  </a>
  <node xml:id="vc-n119"/>
  <a xml:id="vc-N66127" label="vchunk" ref="vc-n119" as="anc">
    <fs>
      <f name="voice" value="active"/>
      <f name="tense" value="SimPre"/>
      <f name="type" value="FVG"/>
    </fs>
  </a>
  <node xml:id="vc-n12"/>
  <a xml:id="vc-N66151" label="vchunk" ref="vc-n12" as="anc">
    <fs>
      <f name="voice" value="active"/>
      <f name="tense" value="Inf"/>
      <f name="type" value="NFVG"/>
    </fs>
  </a>
  <node xml:id="vc-n120"/>
  <a xml:id="vc-N66175" label="vchunk" ref="vc-n120" as="anc">
    <fs>
      <f name="voice" value="active"/>
      <f name="tense" value="SimPre"/>
      <f name="type" value="FVG"/>
    </fs>
  </a>
  <node xml:id="vc-n121"/>
  <a xml:id="vc-N66199" label="vchunk" ref="vc-n121" as="anc">
    <fs>
      <f name="voice" value="none"/>
      <f name="tense" value="Pas"/>
      <f name="type" value="PART"/>
    </fs>
  </a>
  <node xml:id="vc-n122"/>
  <a xml:id="vc-N66223" label="vchunk" ref="vc-n122" as="anc">
    <fs>
      <f name="voice" value="active"/>
      <f name="tense" value="SimPre"/>
      <f name="type" value="FVG"/>
    </fs>
  </a>
  <node xml:id="vc-n13"/>
  <a xml:id="vc-N66247" label="vchunk" ref="vc-n13" as="anc">
    <fs>
      <f name="voice" value="active"/>
      <f name="tense" value="SimPre"/>
      <f name="type" value="FVG"/>
    </fs>
  </a>
  <node xml:id="vc-n14"/>
  <a xml:id="vc-N66271" label="vchunk" ref="vc-n14" as="anc">
    <fs>
      <f name="voice" value="active"/>
      <f name="type" value="Part"/>
      <f name="tense" value="Pre"/>
    </fs>
  </a>
  <node xml:id="vc-n15"/>
  <a xml:id="vc-N66295" label="vchunk" ref="vc-n15" as="anc">
    <fs>
      <f name="voice" value="active"/>
      <f name="tense" value="SimPas"/>
      <f name="type" value="FVG"/>
    </fs>
  </a>
  <node xml:id="vc-n16"/>
  <a xml:id="vc-N66319" label="vchunk" ref="vc-n16" as="anc">
    <fs>
      <f name="voice" value="active"/>
      <f name="tense" value="SimPre"/>
      <f name="type" value="FVG"/>
    </fs>
  </a>
  <node xml:id="vc-n17"/>
  <a xml:id="vc-N66343" label="vchunk" ref="vc-n17" as="anc">
    <fs>
      <f name="voice" value="active"/>
      <f name="tense" value="Inf"/>
      <f name="type" value="NFVG"/>
    </fs>
  </a>
  <node xml:id="vc-n18"/>
  <a xml:id="vc-N66367" label="vchunk" ref="vc-n18" as="anc">
    <fs>
      <f name="voice" value="active"/>
      <f name="tense" value="SimPas"/>
      <f name="type" value="FVG"/>
    </fs>
  </a>
  <node xml:id="vc-n19"/>
  <a xml:id="vc-N66391" label="vchunk" ref="vc-n19" as="anc">
    <fs>
      <f name="voice" value="active"/>
      <f name="tense" value="SimPre"/>
      <f name="type" value="FVG"/>
    </fs>
  </a>
  <node xml:id="vc-n2"/>
  <a xml:id="vc-N66415" label="vchunk" ref="vc-n2" as="anc">
    <fs>
      <f name="voice" value="active"/>
      <f name="tense" value="SimPre"/>
      <f name="type" value="FVG"/>
    </fs>
  </a>
  <node xml:id="vc-n20"/>
  <a xml:id="vc-N66439" label="vchunk" ref="vc-n20" as="anc">
    <fs>
      <f name="voice" value="active"/>
      <f name="tense" value="Pre"/>
      <f name="type" value="PART"/>
    </fs>
  </a>
  <node xml:id="vc-n21"/>
  <a xml:id="vc-N66463" label="vchunk" ref="vc-n21" as="anc">
    <fs>
      <f name="voice" value="active"/>
      <f name="tense" value="Pre"/>
      <f name="type" value="PART"/>
    </fs>
  </a>
  <node xml:id="vc-n22"/>
  <a xml:id="vc-N66487" label="vchunk" ref="vc-n22" as="anc">
    <fs>
      <f name="voice" value="active"/>
      <f name="tense" value="SimPas"/>
      <f name="type" value="FVG"/>
    </fs>
  </a>
  <node xml:id="vc-n23"/>
  <a xml:id="vc-N66511" label="vchunk" ref="vc-n23" as="anc">
    <fs>
      <f name="voice" value="active"/>
      <f name="tense" value="SimPre"/>
      <f name="type" value="FVG"/>
    </fs>
  </a>
  <node xml:id="vc-n24"/>
  <a xml:id="vc-N66535" label="vchunk" ref="vc-n24" as="anc">
    <fs>
      <f name="voice" value="active"/>
      <f name="tense" value="SimPas"/>
      <f name="type" value="FVG"/>
    </fs>
  </a>
  <node xml:id="vc-n25"/>
  <a xml:id="vc-N66559" label="vchunk" ref="vc-n25" as="anc">
    <fs>
      <f name="voice" value="active"/>
      <f name="tense" value="Inf"/>
      <f name="type" value="NFVG"/>
    </fs>
  </a>
  <node xml:id="vc-n26"/>
  <a xml:id="vc-N66583" label="vchunk" ref="vc-n26" as="anc">
    <fs>
      <f name="voice" value="active"/>
      <f name="tense" value="Inf"/>
      <f name="type" value="NFVG"/>
    </fs>
  </a>
  <node xml:id="vc-n27"/>
  <a xml:id="vc-N66607" label="vchunk" ref="vc-n27" as="anc">
    <fs>
      <f name="voice" value="none"/>
      <f name="tense" value="none"/>
      <f name="type" value="MODAL"/>
    </fs>
  </a>
  <node xml:id="vc-n28"/>
  <a xml:id="vc-N66631" label="vchunk" ref="vc-n28" as="anc">
    <fs>
      <f name="voice" value="none"/>
      <f name="tense" value="none"/>
      <f name="type" value="MODAL"/>
    </fs>
  </a>
  <node xml:id="vc-n29"/>
  <a xml:id="vc-N66655" label="vchunk" ref="vc-n29" as="anc">
    <fs>
      <f name="voice" value="active"/>
      <f name="tense" value="SimPre"/>
      <f name="type" value="FVG"/>
    </fs>
  </a>
  <node xml:id="vc-n3"/>
  <a xml:id="vc-N66679" label="vchunk" ref="vc-n3" as="anc">
    <fs>
      <f name="type" value="FVG"/>
      <f name="tense" value="SimPre"/>
      <f name="voice" value="active"/>
      <f name="neg" value="yes"/>
    </fs>
  </a>
  <node xml:id="vc-n30"/>
  <a xml:id="vc-N66707" label="vchunk" ref="vc-n30" as="anc">
    <fs>
      <f name="voice" value="active"/>
      <f name="tense" value="Inf"/>
      <f name="type" value="NFVG"/>
    </fs>
  </a>
  <node xml:id="vc-n31"/>
  <a xml:id="vc-N66731" label="vchunk" ref="vc-n31" as="anc">
    <fs>
      <f name="voice" value="active"/>
      <f name="tense" value="SimPre"/>
      <f name="type" value="FVG"/>
    </fs>
  </a>
  <node xml:id="vc-n32"/>
  <a xml:id="vc-N66755" label="vchunk" ref="vc-n32" as="anc">
    <fs>
      <f name="voice" value="active"/>
      <f name="tense" value="Pre"/>
      <f name="type" value="PART"/>
    </fs>
  </a>
  <node xml:id="vc-n33"/>
  <a xml:id="vc-N66779" label="vchunk" ref="vc-n33" as="anc">
    <fs>
      <f name="voice" value="active"/>
      <f name="tense" value="Inf"/>
      <f name="type" value="NFVG"/>
    </fs>
  </a>
  <node xml:id="vc-n34"/>
  <a xml:id="vc-N66803" label="vchunk" ref="vc-n34" as="anc">
    <fs>
      <f name="voice" value="active"/>
      <f name="tense" value="Inf"/>
      <f name="type" value="NFVG"/>
    </fs>
  </a>
  <node xml:id="vc-n35"/>
  <a xml:id="vc-N66827" label="vchunk" ref="vc-n35" as="anc">
    <fs>
      <f name="voice" value="active"/>
      <f name="tense" value="SimPre"/>
      <f name="type" value="FVG"/>
    </fs>
  </a>
  <node xml:id="vc-n36"/>
  <a xml:id="vc-N66851" label="vchunk" ref="vc-n36" as="anc">
    <fs>
      <f name="voice" value="active"/>
      <f name="tense" value="SimPas"/>
      <f name="type" value="FVG"/>
    </fs>
  </a>
  <node xml:id="vc-n37"/>
  <a xml:id="vc-N66875" label="vchunk" ref="vc-n37" as="anc">
    <fs>
      <f name="voice" value="active"/>
      <f name="type" value="NFVG"/>
      <f name="tense" value="Inf"/>
    </fs>
  </a>
  <node xml:id="vc-n38"/>
  <a xml:id="vc-N66899" label="vchunk" ref="vc-n38" as="anc">
    <fs>
      <f name="voice" value="active"/>
      <f name="tense" value="SimPre"/>
      <f name="type" value="FVG"/>
    </fs>
  </a>
  <node xml:id="vc-n39"/>
  <a xml:id="vc-N66923" label="vchunk" ref="vc-n39" as="anc">
    <fs>
      <f name="voice" value="active"/>
      <f name="tense" value="SimPas"/>
      <f name="type" value="FVG"/>
    </fs>
  </a>
  <node xml:id="vc-n4"/>
  <a xml:id="vc-N66947" label="vchunk" ref="vc-n4" as="anc">
    <fs>
      <f name="voice" value="active"/>
      <f name="tense" value="SimPre"/>
      <f name="type" value="FVG"/>
    </fs>
  </a>
  <node xml:id="vc-n40"/>
  <a xml:id="vc-N66971" label="vchunk" ref="vc-n40" as="anc">
    <fs>
      <f name="voice" value="active"/>
      <f name="tense" value="SimPas"/>
      <f name="type" value="FVG"/>
    </fs>
  </a>
  <node xml:id="vc-n41"/>
  <a xml:id="vc-N66995" label="vchunk" ref="vc-n41" as="anc">
    <fs>
      <f name="voice" value="active"/>
      <f name="tense" value="SimPas"/>
      <f name="type" value="FVG"/>
    </fs>
  </a>
  <node xml:id="vc-n42"/>
  <a xml:id="vc-N67019" label="vchunk" ref="vc-n42" as="anc">
    <fs>
      <f name="voice" value="active"/>
      <f name="tense" value="SimPas"/>
      <f name="type" value="FVG"/>
    </fs>
  </a>
  <node xml:id="vc-n43"/>
  <a xml:id="vc-N67043" label="vchunk" ref="vc-n43" as="anc">
    <fs>
      <f name="voice" value="active"/>
      <f name="tense" value="SimPas"/>
      <f name="type" value="FVG"/>
    </fs>
  </a>
  <node xml:id="vc-n44"/>
  <a xml:id="vc-N67067" label="vchunk" ref="vc-n44" as="anc">
    <fs>
      <f name="voice" value="active"/>
      <f name="tense" value="SimPre"/>
      <f name="type" value="FVG"/>
    </fs>
  </a>
  <node xml:id="vc-n45"/>
  <a xml:id="vc-N67091" label="vchunk" ref="vc-n45" as="anc">
    <fs>
      <f name="voice" value="active"/>
      <f name="type" value="FVG"/>
      <f name="tense" value="SimPas"/>
    </fs>
  </a>
  <node xml:id="vc-n46"/>
  <a xml:id="vc-N67115" label="vchunk" ref="vc-n46" as="anc">
    <fs>
      <f name="voice" value="active"/>
      <f name="tense" value="SimPas"/>
      <f name="type" value="FVG"/>
    </fs>
  </a>
  <node xml:id="vc-n47"/>
  <a xml:id="vc-N67139" label="vchunk" ref="vc-n47" as="anc">
    <fs>
      <f name="voice" value="active"/>
      <f name="tense" value="SimPas"/>
      <f name="type" value="FVG"/>
    </fs>
  </a>
  <node xml:id="vc-n48"/>
  <a xml:id="vc-N67163" label="vchunk" ref="vc-n48" as="anc">
    <fs>
      <f name="voice" value="none"/>
      <f name="tense" value="HaveVBN"/>
      <f name="type" value="MODAL"/>
    </fs>
  </a>
  <node xml:id="vc-n49"/>
  <a xml:id="vc-N67187" label="vchunk" ref="vc-n49" as="anc">
    <fs>
      <f name="voice" value="active"/>
      <f name="tense" value="SimPas"/>
      <f name="type" value="FVG"/>
    </fs>
  </a>
  <node xml:id="vc-n5"/>
  <a xml:id="vc-N67211" label="vchunk" ref="vc-n5" as="anc">
    <fs>
      <f name="voice" value="active"/>
      <f name="type" value="FVG"/>
      <f name="tense" value="SimPre"/>
    </fs>
  </a>
  <node xml:id="vc-n50"/>
  <a xml:id="vc-N67235" label="vchunk" ref="vc-n50" as="anc">
    <fs>
      <f name="voice" value="active"/>
      <f name="tense" value="Inf"/>
      <f name="type" value="NFVG"/>
    </fs>
  </a>
  <node xml:id="vc-n51"/>
  <a xml:id="vc-N67259" label="vchunk" ref="vc-n51" as="anc">
    <fs>
      <f name="voice" value="active"/>
      <f name="tense" value="Inf"/>
      <f name="type" value="NFVG"/>
    </fs>
  </a>
  <node xml:id="vc-n52"/>
  <a xml:id="vc-N67283" label="vchunk" ref="vc-n52" as="anc">
    <fs>
      <f name="voice" value="active"/>
      <f name="tense" value="Inf"/>
      <f name="type" value="NFVG"/>
    </fs>
  </a>
  <node xml:id="vc-n53"/>
  <a xml:id="vc-N67307" label="vchunk" ref="vc-n53" as="anc">
    <fs>
      <f name="voice" value="active"/>
      <f name="tense" value="SimPre"/>
      <f name="type" value="FVG"/>
    </fs>
  </a>
  <node xml:id="vc-n54"/>
  <a xml:id="vc-N67331" label="vchunk" ref="vc-n54" as="anc">
    <fs>
      <f name="voice" value="active"/>
      <f name="tense" value="SimPre"/>
      <f name="type" value="FVG"/>
    </fs>
  </a>
  <node xml:id="vc-n55"/>
  <a xml:id="vc-N67355" label="vchunk" ref="vc-n55" as="anc">
    <fs>
      <f name="voice" value="none"/>
      <f name="tense" value="Pas"/>
      <f name="type" value="PART"/>
    </fs>
  </a>
  <node xml:id="vc-n56"/>
  <a xml:id="vc-N67379" label="vchunk" ref="vc-n56" as="anc">
    <fs>
      <f name="voice" value="active"/>
      <f name="tense" value="SimPas"/>
      <f name="type" value="FVG"/>
    </fs>
  </a>
  <node xml:id="vc-n57"/>
  <a xml:id="vc-N67403" label="vchunk" ref="vc-n57" as="anc">
    <fs>
      <f name="voice" value="active"/>
      <f name="tense" value="Inf"/>
      <f name="type" value="NFVG"/>
    </fs>
  </a>
  <node xml:id="vc-n58"/>
  <a xml:id="vc-N67427" label="vchunk" ref="vc-n58" as="anc">
    <fs>
      <f name="voice" value="active"/>
      <f name="tense" value="SimPre"/>
      <f name="type" value="FVG"/>
    </fs>
  </a>
  <node xml:id="vc-n59"/>
  <a xml:id="vc-N67451" label="vchunk" ref="vc-n59" as="anc">
    <fs>
      <f name="voice" value="active"/>
      <f name="tense" value="Pre"/>
      <f name="type" value="PART"/>
    </fs>
  </a>
  <node xml:id="vc-n6"/>
  <a xml:id="vc-N67475" label="vchunk" ref="vc-n6" as="anc">
    <fs>
      <f name="voice" value="active"/>
      <f name="tense" value="SimPre"/>
      <f name="type" value="FVG"/>
    </fs>
  </a>
  <node xml:id="vc-n60"/>
  <a xml:id="vc-N67499" label="vchunk" ref="vc-n60" as="anc">
    <fs>
      <f name="voice" value="active"/>
      <f name="tense" value="Inf"/>
      <f name="type" value="NFVG"/>
    </fs>
  </a>
  <node xml:id="vc-n61"/>
  <a xml:id="vc-N67523" label="vchunk" ref="vc-n61" as="anc">
    <fs>
      <f name="voice" value="active"/>
      <f name="tense" value="PasPer"/>
      <f name="type" value="FVG"/>
    </fs>
  </a>
  <node xml:id="vc-n62"/>
  <a xml:id="vc-N67547" label="vchunk" ref="vc-n62" as="anc">
    <fs>
      <f name="voice" value="active"/>
      <f name="tense" value="Pre"/>
      <f name="type" value="PART"/>
    </fs>
  </a>
  <node xml:id="vc-n63"/>
  <a xml:id="vc-N67571" label="vchunk" ref="vc-n63" as="anc">
    <fs>
      <f name="voice" value="active"/>
      <f name="tense" value="Pre"/>
      <f name="type" value="PART"/>
    </fs>
  </a>
  <node xml:id="vc-n64"/>
  <a xml:id="vc-N67595" label="vchunk" ref="vc-n64" as="anc">
    <fs>
      <f name="voice" value="active"/>
      <f name="tense" value="SimPre"/>
      <f name="type" value="FVG"/>
    </fs>
  </a>
  <node xml:id="vc-n65"/>
  <a xml:id="vc-N67619" label="vchunk" ref="vc-n65" as="anc">
    <fs>
      <f name="voice" value="active"/>
      <f name="tense" value="Inf"/>
      <f name="type" value="NFVG"/>
    </fs>
  </a>
  <node xml:id="vc-n66"/>
  <a xml:id="vc-N67643" label="vchunk" ref="vc-n66" as="anc">
    <fs>
      <f name="voice" value="none"/>
      <f name="tense" value="Pre"/>
      <f name="type" value="SPECIAL"/>
    </fs>
  </a>
  <node xml:id="vc-n67"/>
  <a xml:id="vc-N67667" label="vchunk" ref="vc-n67" as="anc">
    <fs>
      <f name="voice" value="active"/>
      <f name="tense" value="SimPas"/>
      <f name="type" value="FVG"/>
    </fs>
  </a>
  <node xml:id="vc-n68"/>
  <a xml:id="vc-N67691" label="vchunk" ref="vc-n68" as="anc">
    <fs>
      <f name="neg" value="no"/>
      <f name="tense" value="Inf"/>
      <f name="type" value="NFVG"/>
      <f name="voice" value="none"/>
    </fs>
  </a>
  <node xml:id="vc-n69"/>
  <a xml:id="vc-N67719" label="vchunk" ref="vc-n69" as="anc">
    <fs>
      <f name="voice" value="active"/>
      <f name="tense" value="SimPre"/>
      <f name="type" value="FVG"/>
    </fs>
  </a>
  <node xml:id="vc-n7"/>
  <a xml:id="vc-N67743" label="vchunk" ref="vc-n7" as="anc">
    <fs>
      <f name="voice" value="active"/>
      <f name="tense" value="SimPas"/>
      <f name="type" value="FVG"/>
    </fs>
  </a>
  <node xml:id="vc-n70"/>
  <a xml:id="vc-N67767" label="vchunk" ref="vc-n70" as="anc">
    <fs>
      <f name="voice" value="active"/>
      <f name="tense" value="Inf"/>
      <f name="type" value="NFVG"/>
    </fs>
  </a>
  <node xml:id="vc-n71"/>
  <a xml:id="vc-N67791" label="vchunk" ref="vc-n71" as="anc">
    <fs>
      <f name="type" value="FVG"/>
      <f name="tense" value="SimPre"/>
      <f name="voice" value="active"/>
      <f name="neg" value="yes"/>
    </fs>
  </a>
  <node xml:id="vc-n72"/>
  <a xml:id="vc-N67819" label="vchunk" ref="vc-n72" as="anc">
    <fs>
      <f name="voice" value="active"/>
      <f name="tense" value="SimPre"/>
      <f name="type" value="FVG"/>
    </fs>
  </a>
  <node xml:id="vc-n73"/>
  <a xml:id="vc-N67843" label="vchunk" ref="vc-n73" as="anc">
    <fs>
      <f name="voice" value="active"/>
      <f name="tense" value="PrePer"/>
      <f name="type" value="FVG"/>
    </fs>
  </a>
  <node xml:id="vc-n74"/>
  <a xml:id="vc-N67867" label="vchunk" ref="vc-n74" as="anc">
    <fs>
      <f name="voice" value="active"/>
      <f name="tense" value="Inf"/>
      <f name="type" value="NFVG"/>
    </fs>
  </a>
  <node xml:id="vc-n75"/>
  <a xml:id="vc-N67891" label="vchunk" ref="vc-n75" as="anc">
    <fs>
      <f name="voice" value="active"/>
      <f name="tense" value="SimPre"/>
      <f name="type" value="FVG"/>
    </fs>
  </a>
  <node xml:id="vc-n76"/>
  <a xml:id="vc-N67915" label="vchunk" ref="vc-n76" as="anc">
    <fs>
      <f name="voice" value="active"/>
      <f name="tense" value="SimPre"/>
      <f name="type" value="FVG"/>
    </fs>
  </a>
  <node xml:id="vc-n77"/>
  <a xml:id="vc-N67939" label="vchunk" ref="vc-n77" as="anc">
    <fs>
      <f name="voice" value="active"/>
      <f name="tense" value="Pre"/>
      <f name="type" value="PART"/>
    </fs>
  </a>
  <node xml:id="vc-n78"/>
  <a xml:id="vc-N67963" label="vchunk" ref="vc-n78" as="anc">
    <fs>
      <f name="voice" value="passive"/>
      <f name="tense" value="SimPre"/>
      <f name="type" value="FVG"/>
    </fs>
  </a>
  <node xml:id="vc-n79"/>
  <a xml:id="vc-N67987" label="vchunk" ref="vc-n79" as="anc">
    <fs>
      <f name="voice" value="active"/>
      <f name="tense" value="SimPre"/>
      <f name="type" value="FVG"/>
    </fs>
  </a>
  <node xml:id="vc-n8"/>
  <a xml:id="vc-N68011" label="vchunk" ref="vc-n8" as="anc">
    <fs>
      <f name="voice" value="active"/>
      <f name="tense" value="SimPas"/>
      <f name="type" value="FVG"/>
    </fs>
  </a>
  <node xml:id="vc-n80"/>
  <a xml:id="vc-N68035" label="vchunk" ref="vc-n80" as="anc">
    <fs>
      <f name="voice" value="none"/>
      <f name="tense" value="Pas"/>
      <f name="type" value="PART"/>
    </fs>
  </a>
  <node xml:id="vc-n81"/>
  <a xml:id="vc-N68059" label="vchunk" ref="vc-n81" as="anc">
    <fs>
      <f name="voice" value="active"/>
      <f name="tense" value="SimPas"/>
      <f name="type" value="FVG"/>
    </fs>
  </a>
  <node xml:id="vc-n82"/>
  <a xml:id="vc-N68083" label="vchunk" ref="vc-n82" as="anc">
    <fs>
      <f name="voice" value="active"/>
      <f name="tense" value="SimPas"/>
      <f name="type" value="FVG"/>
    </fs>
  </a>
  <node xml:id="vc-n83"/>
  <a xml:id="vc-N68107" label="vchunk" ref="vc-n83" as="anc">
    <fs>
      <f name="voice" value="active"/>
      <f name="tense" value="Inf"/>
      <f name="type" value="NFVG"/>
    </fs>
  </a>
  <node xml:id="vc-n84"/>
  <a xml:id="vc-N68131" label="vchunk" ref="vc-n84" as="anc">
    <fs>
      <f name="voice" value="active"/>
      <f name="tense" value="PreCon"/>
      <f name="type" value="FVG"/>
    </fs>
  </a>
  <node xml:id="vc-n85"/>
  <a xml:id="vc-N68155" label="vchunk" ref="vc-n85" as="anc">
    <fs>
      <f name="voice" value="active"/>
      <f name="tense" value="SimPre"/>
      <f name="type" value="FVG"/>
    </fs>
  </a>
  <node xml:id="vc-n86"/>
  <a xml:id="vc-N68179" label="vchunk" ref="vc-n86" as="anc">
    <fs>
      <f name="voice" value="passive"/>
      <f name="tense" value="Inf"/>
      <f name="type" value="NFVG"/>
    </fs>
  </a>
  <node xml:id="vc-n87"/>
  <a xml:id="vc-N68203" label="vchunk" ref="vc-n87" as="anc">
    <fs>
      <f name="voice" value="active"/>
      <f name="tense" value="Pre"/>
      <f name="type" value="PART"/>
    </fs>
  </a>
  <node xml:id="vc-n88"/>
  <a xml:id="vc-N68227" label="vchunk" ref="vc-n88" as="anc">
    <fs>
      <f name="voice" value="active"/>
      <f name="tense" value="SimPre"/>
      <f name="type" value="FVG"/>
    </fs>
  </a>
  <node xml:id="vc-n89"/>
  <a xml:id="vc-N68251" label="vchunk" ref="vc-n89" as="anc">
    <fs>
      <f name="voice" value="active"/>
      <f name="tense" value="SimPre"/>
      <f name="type" value="FVG"/>
    </fs>
  </a>
  <node xml:id="vc-n9"/>
  <a xml:id="vc-N68275" label="vchunk" ref="vc-n9" as="anc">
    <fs>
      <f name="voice" value="active"/>
      <f name="tense" value="SimPas"/>
      <f name="type" value="FVG"/>
    </fs>
  </a>
  <node xml:id="vc-n90"/>
  <a xml:id="vc-N68299" label="vchunk" ref="vc-n90" as="anc">
    <fs>
      <f name="voice" value="active"/>
      <f name="tense" value="SimPre"/>
      <f name="type" value="FVG"/>
    </fs>
  </a>
  <node xml:id="vc-n91"/>
  <a xml:id="vc-N68323" label="vchunk" ref="vc-n91" as="anc">
    <fs>
      <f name="voice" value="active"/>
      <f name="tense" value="Inf"/>
      <f name="type" value="NFVG"/>
    </fs>
  </a>
  <node xml:id="vc-n92"/>
  <a xml:id="vc-N68347" label="vchunk" ref="vc-n92" as="anc">
    <fs>
      <f name="type" value="FVG"/>
      <f name="tense" value="SimPre"/>
      <f name="voice" value="active"/>
      <f name="neg" value="yes"/>
    </fs>
  </a>
  <node xml:id="vc-n93"/>
  <a xml:id="vc-N68375" label="vchunk" ref="vc-n93" as="anc">
    <fs>
      <f name="voice" value="active"/>
      <f name="tense" value="Inf"/>
      <f name="type" value="NFVG"/>
    </fs>
  </a>
  <node xml:id="vc-n94"/>
  <a xml:id="vc-N68399" label="vchunk" ref="vc-n94" as="anc">
    <fs>
      <f name="voice" value="active"/>
      <f name="tense" value="SimPre"/>
      <f name="type" value="FVG"/>
    </fs>
  </a>
  <node xml:id="vc-n95"/>
  <a xml:id="vc-N68423" label="vchunk" ref="vc-n95" as="anc">
    <fs>
      <f name="voice" value="active"/>
      <f name="tense" value="Inf"/>
      <f name="type" value="NFVG"/>
    </fs>
  </a>
  <node xml:id="vc-n96"/>
  <a xml:id="vc-N68447" label="vchunk" ref="vc-n96" as="anc">
    <fs>
      <f name="voice" value="active"/>
      <f name="tense" value="SimPas"/>
      <f name="type" value="FVG"/>
    </fs>
  </a>
  <node xml:id="vc-n97"/>
  <a xml:id="vc-N68471" label="vchunk" ref="vc-n97" as="anc">
    <fs>
      <f name="voice" value="active"/>
      <f name="tense" value="SimPre"/>
      <f name="type" value="FVG"/>
    </fs>
  </a>
  <node xml:id="vc-n98"/>
  <a xml:id="vc-N68495" label="vchunk" ref="vc-n98" as="anc">
    <fs>
      <f name="voice" value="active"/>
      <f name="tense" value="SimPre"/>
      <f name="type" value="FVG"/>
    </fs>
  </a>
  <node xml:id="vc-n99"/>
  <a xml:id="vc-N68519" label="vchunk" ref="vc-n99" as="anc">
    <fs>
      <f name="type" value="FVG"/>
      <f name="tense" value="PreCon"/>
      <f name="voice" value="active"/>
      <f name="neg" value="yes"/>
    </fs>
  </a>
  <edge xml:id="vc-lnk99" from="vc-n80" to="penn-n500"/>
  <edge xml:id="vc-lnk98" from="vc-n79" to="penn-n498"/>
  <edge xml:id="vc-lnk97" from="vc-n78" to="penn-n493"/>
  <edge xml:id="vc-lnk96" from="vc-n78" to="penn-n492"/>
  <edge xml:id="vc-lnk95" from="vc-n77" to="penn-n485"/>
  <edge xml:id="vc-lnk94" from="vc-n76" to="penn-n481"/>
  <edge xml:id="vc-lnk93" from="vc-n75" to="penn-n475"/>
  <edge xml:id="vc-lnk92" from="vc-n74" to="penn-n472"/>
  <edge xml:id="vc-lnk129" from="vc-n100" to="penn-n662"/>
  <edge xml:id="vc-lnk91" from="vc-n74" to="penn-n471"/>
  <edge xml:id="vc-lnk128" from="vc-n100" to="penn-n661"/>
  <edge xml:id="vc-lnk90" from="vc-n73" to="penn-n461"/>
  <edge xml:id="vc-lnk127" from="vc-n99" to="penn-n649"/>
  <edge xml:id="vc-lnk126" from="vc-n99" to="penn-n648"/>
  <edge xml:id="vc-lnk125" from="vc-n98" to="penn-n647"/>
  <edge xml:id="vc-lnk124" from="vc-n97" to="penn-n639"/>
  <edge xml:id="vc-lnk123" from="vc-n96" to="penn-n637"/>
  <edge xml:id="vc-lnk122" from="vc-n95" to="penn-n623"/>
  <edge xml:id="vc-lnk121" from="vc-n95" to="penn-n622"/>
  <edge xml:id="vc-lnk120" from="vc-n94" to="penn-n621"/>
  <edge xml:id="vc-lnk89" from="vc-n73" to="penn-n460"/>
  <edge xml:id="vc-lnk88" from="vc-n72" to="penn-n456"/>
  <edge xml:id="vc-lnk87" from="vc-n71" to="penn-n449"/>
  <edge xml:id="vc-lnk86" from="vc-n71" to="penn-n448"/>
  <edge xml:id="vc-lnk85" from="vc-n70" to="penn-n440"/>
  <edge xml:id="vc-lnk84" from="vc-n70" to="penn-n439"/>
  <edge xml:id="vc-lnk83" from="vc-n69" to="penn-n437"/>
  <edge xml:id="vc-lnk82" from="vc-n68" to="penn-n426"/>
  <edge xml:id="vc-lnk119" from="vc-n93" to="penn-n615"/>
  <edge xml:id="vc-lnk81" from="vc-n67" to="penn-n424"/>
  <edge xml:id="vc-lnk118" from="vc-n93" to="penn-n614"/>
  <edge xml:id="vc-lnk80" from="vc-n66" to="penn-n417"/>
  <edge xml:id="vc-lnk117" from="vc-n92" to="penn-n613"/>
  <edge xml:id="vc-lnk116" from="vc-n92" to="penn-n612"/>
  <edge xml:id="vc-lnk115" from="vc-n91" to="penn-n602"/>
  <edge xml:id="vc-lnk114" from="vc-n90" to="penn-n587"/>
  <edge xml:id="vc-lnk113" from="vc-n89" to="penn-n580"/>
  <edge xml:id="vc-lnk112" from="vc-n88" to="penn-n574"/>
  <edge xml:id="vc-lnk111" from="vc-n87" to="penn-n565"/>
  <edge xml:id="vc-lnk110" from="vc-n86" to="penn-n563"/>
  <edge xml:id="vc-lnk79" from="vc-n66" to="penn-n416"/>
  <edge xml:id="vc-lnk78" from="vc-n66" to="penn-n415"/>
  <edge xml:id="vc-lnk77" from="vc-n65" to="penn-n405"/>
  <edge xml:id="vc-lnk76" from="vc-n64" to="penn-n404"/>
  <edge xml:id="vc-lnk75" from="vc-n63" to="penn-n395"/>
  <edge xml:id="vc-lnk74" from="vc-n62" to="penn-n391"/>
  <edge xml:id="vc-lnk73" from="vc-n61" to="penn-n389"/>
  <edge xml:id="vc-lnk72" from="vc-n61" to="penn-n388"/>
  <edge xml:id="vc-lnk109" from="vc-n86" to="penn-n562"/>
  <edge xml:id="vc-lnk71" from="vc-n60" to="penn-n379"/>
  <edge xml:id="vc-lnk108" from="vc-n86" to="penn-n561"/>
  <edge xml:id="vc-lnk70" from="vc-n60" to="penn-n378"/>
  <edge xml:id="vc-lnk107" from="vc-n85" to="penn-n560"/>
  <edge xml:id="vc-lnk106" from="vc-n84" to="penn-n547"/>
  <edge xml:id="vc-lnk105" from="vc-n84" to="penn-n546"/>
  <edge xml:id="vc-lnk104" from="vc-n84" to="penn-n545"/>
  <edge xml:id="vc-lnk103" from="vc-n83" to="penn-n522"/>
  <edge xml:id="vc-lnk102" from="vc-n83" to="penn-n521"/>
  <edge xml:id="vc-lnk101" from="vc-n82" to="penn-n516"/>
  <edge xml:id="vc-lnk100" from="vc-n81" to="penn-n511"/>
  <edge xml:id="vc-lnk69" from="vc-n59" to="penn-n374"/>
  <edge xml:id="vc-lnk68" from="vc-n58" to="penn-n373"/>
  <edge xml:id="vc-lnk67" from="vc-n57" to="penn-n370"/>
  <edge xml:id="vc-lnk66" from="vc-n56" to="penn-n366"/>
  <edge xml:id="vc-lnk65" from="vc-n55" to="penn-n357"/>
  <edge xml:id="vc-lnk64" from="vc-n54" to="penn-n356"/>
  <edge xml:id="vc-lnk63" from="vc-n53" to="penn-n349"/>
  <edge xml:id="vc-lnk62" from="vc-n52" to="penn-n338"/>
  <edge xml:id="vc-lnk61" from="vc-n51" to="penn-n336"/>
  <edge xml:id="vc-lnk60" from="vc-n50" to="penn-n328"/>
  <edge xml:id="vc-lnk59" from="vc-n50" to="penn-n327"/>
  <edge xml:id="vc-lnk58" from="vc-n49" to="penn-n326"/>
  <edge xml:id="vc-lnk57" from="vc-n48" to="penn-n308"/>
  <edge xml:id="vc-lnk56" from="vc-n48" to="penn-n307"/>
  <edge xml:id="vc-lnk55" from="vc-n48" to="penn-n306"/>
  <edge xml:id="vc-lnk54" from="vc-n47" to="penn-n300"/>
  <edge xml:id="vc-lnk53" from="vc-n46" to="penn-n297"/>
  <edge xml:id="vc-lnk52" from="vc-n45" to="penn-n290"/>
  <edge xml:id="vc-lnk51" from="vc-n44" to="penn-n287"/>
  <edge xml:id="vc-lnk50" from="vc-n43" to="penn-n272"/>
  <edge xml:id="vc-lnk49" from="vc-n42" to="penn-n265"/>
  <edge xml:id="vc-lnk48" from="vc-n41" to="penn-n257"/>
  <edge xml:id="vc-lnk47" from="vc-n40" to="penn-n251"/>
  <edge xml:id="vc-lnk46" from="vc-n39" to="penn-n246"/>
  <edge xml:id="vc-lnk45" from="vc-n38" to="penn-n236"/>
  <edge xml:id="vc-lnk44" from="vc-n37" to="penn-n228"/>
  <edge xml:id="vc-lnk43" from="vc-n36" to="penn-n221"/>
  <edge xml:id="vc-lnk42" from="vc-n35" to="penn-n218"/>
  <edge xml:id="vc-lnk41" from="vc-n34" to="penn-n204"/>
  <edge xml:id="vc-lnk40" from="vc-n33" to="penn-n198"/>
  <edge xml:id="vc-lnk39" from="vc-n32" to="penn-n196"/>
  <edge xml:id="vc-lnk38" from="vc-n31" to="penn-n195"/>
  <edge xml:id="vc-lnk37" from="vc-n30" to="penn-n190"/>
  <edge xml:id="vc-lnk36" from="vc-n30" to="penn-n189"/>
  <edge xml:id="vc-lnk35" from="vc-n29" to="penn-n188"/>
  <edge xml:id="vc-lnk34" from="vc-n28" to="penn-n181"/>
  <edge xml:id="vc-lnk33" from="vc-n28" to="penn-n180"/>
  <edge xml:id="vc-lnk32" from="vc-n27" to="penn-n175"/>
  <edge xml:id="vc-lnk31" from="vc-n27" to="penn-n174"/>
  <edge xml:id="vc-lnk30" from="vc-n26" to="penn-n162"/>
  <edge xml:id="vc-lnk29" from="vc-n25" to="penn-n160"/>
  <edge xml:id="vc-lnk28" from="vc-n24" to="penn-n152"/>
  <edge xml:id="vc-lnk27" from="vc-n23" to="penn-n146"/>
  <edge xml:id="vc-lnk26" from="vc-n22" to="penn-n144"/>
  <edge xml:id="vc-lnk25" from="vc-n21" to="penn-n131"/>
  <edge xml:id="vc-lnk24" from="vc-n20" to="penn-n126"/>
  <edge xml:id="vc-lnk23" from="vc-n19" to="penn-n119"/>
  <edge xml:id="vc-lnk22" from="vc-n18" to="penn-n117"/>
  <edge xml:id="vc-lnk21" from="vc-n17" to="penn-n113"/>
  <edge xml:id="vc-lnk20" from="vc-n17" to="penn-n112"/>
  <edge xml:id="vc-lnk19" from="vc-n16" to="penn-n111"/>
  <edge xml:id="vc-lnk18" from="vc-n15" to="penn-n109"/>
  <edge xml:id="vc-lnk17" from="vc-n14" to="penn-n101"/>
  <edge xml:id="vc-lnk16" from="vc-n13" to="penn-n99"/>
  <edge xml:id="vc-lnk15" from="vc-n12" to="penn-n85"/>
  <edge xml:id="vc-lnk14" from="vc-n12" to="penn-n84"/>
  <edge xml:id="vc-lnk13" from="vc-n11" to="penn-n83"/>
  <edge xml:id="vc-lnk12" from="vc-n10" to="penn-n79"/>
  <edge xml:id="vc-lnk11" from="vc-n10" to="penn-n78"/>
  <edge xml:id="vc-lnk10" from="vc-n9" to="penn-n77"/>
  <edge xml:id="vc-lnk9" from="vc-n8" to="penn-n75"/>
  <edge xml:id="vc-lnk8" from="vc-n7" to="penn-n55"/>
  <edge xml:id="vc-lnk7" from="vc-n6" to="penn-n52"/>
  <edge xml:id="vc-lnk6" from="vc-n5" to="penn-n45"/>
  <edge xml:id="vc-lnk5" from="vc-n4" to="penn-n39"/>
  <edge xml:id="vc-lnk4" from="vc-n3" to="penn-n30"/>
  <edge xml:id="vc-lnk3" from="vc-n3" to="penn-n29"/>
  <edge xml:id="vc-lnk2" from="vc-n2" to="penn-n28"/>
  <edge xml:id="vc-lnk1" from="vc-n1" to="penn-n14"/>
  <edge xml:id="vc-lnk0" from="vc-n0" to="penn-n4"/>
  <edge xml:id="vc-lnk155" from="vc-n122" to="penn-n795"/>
  <edge xml:id="vc-lnk154" from="vc-n121" to="penn-n792"/>
  <edge xml:id="vc-lnk153" from="vc-n120" to="penn-n789"/>
  <edge xml:id="vc-lnk152" from="vc-n119" to="penn-n782"/>
  <edge xml:id="vc-lnk151" from="vc-n118" to="penn-n769"/>
  <edge xml:id="vc-lnk150" from="vc-n117" to="penn-n757"/>
  <edge xml:id="vc-lnk149" from="vc-n116" to="penn-n751"/>
  <edge xml:id="vc-lnk148" from="vc-n115" to="penn-n745"/>
  <edge xml:id="vc-lnk147" from="vc-n115" to="penn-n744"/>
  <edge xml:id="vc-lnk146" from="vc-n114" to="penn-n739"/>
  <edge xml:id="vc-lnk145" from="vc-n113" to="penn-n730"/>
  <edge xml:id="vc-lnk144" from="vc-n113" to="penn-n729"/>
  <edge xml:id="vc-lnk143" from="vc-n112" to="penn-n727"/>
  <edge xml:id="vc-lnk142" from="vc-n111" to="penn-n717"/>
  <edge xml:id="vc-lnk141" from="vc-n110" to="penn-n716"/>
  <edge xml:id="vc-lnk140" from="vc-n109" to="penn-n708"/>
  <edge xml:id="vc-lnk139" from="vc-n108" to="penn-n702"/>
  <edge xml:id="vc-lnk138" from="vc-n107" to="penn-n693"/>
  <edge xml:id="vc-lnk137" from="vc-n107" to="penn-n692"/>
  <edge xml:id="vc-lnk136" from="vc-n106" to="penn-n683"/>
  <edge xml:id="vc-lnk135" from="vc-n105" to="penn-n681"/>
  <edge xml:id="vc-lnk134" from="vc-n104" to="penn-n679"/>
  <edge xml:id="vc-lnk133" from="vc-n103" to="penn-n675"/>
  <edge xml:id="vc-lnk132" from="vc-n103" to="penn-n674"/>
  <edge xml:id="vc-lnk131" from="vc-n102" to="penn-n671"/>
  <edge xml:id="vc-lnk130" from="vc-n101" to="penn-n669"/>
</graph>
