<graph xmlns="http://www.xces.org/ns/GrAF/1.0/" xmlns:graf="http://www.xces.org/ns/GrAF/1.0/">
  <graphHeader>
    <labelsDecl>
      <labelUsage label="body" occurs="1"/>
      <labelUsage label="author" occurs="1"/>
      <labelUsage label="text" occurs="1"/>
      <labelUsage label="a" occurs="4"/>
      <labelUsage label="p" occurs="18"/>
      <labelUsage label="div" occurs="3"/>
      <labelUsage label="cesDoc" occurs="1"/>
      <labelUsage label="date" occurs="1"/>
      <labelUsage label="head" occurs="2"/>
    </labelsDecl>
    <annotationSpaces>
      <annotationSpace as.id="xces"/>
    </annotationSpaces>
  </graphHeader>
  <region xml:id="logical-r0" anchors="0 3247"/>
  <node xml:id="logical-n0">
    <link targets="logical-r0"/>
  </node>
  <a xml:id="logical-N65601" label="cesDoc" ref="logical-n0" as="xces">
    <fs>
      <f name="xmlns" value="http://www.xces.org/schema/2003"/>
      <f name="version" value="1.0.4"/>
    </fs>
  </a>
  <region xml:id="logical-r1" anchors="1 3246"/>
  <node xml:id="logical-n1">
    <link targets="logical-r1"/>
  </node>
  <a xml:id="logical-N65629" label="text" ref="logical-n1" as="xces"/>
  <region xml:id="logical-r2" anchors="2 3245"/>
  <node xml:id="logical-n2">
    <link targets="logical-r2"/>
  </node>
  <a xml:id="logical-N65645" label="body" ref="logical-n2" as="xces"/>
  <region xml:id="logical-r3" anchors="4 3166"/>
  <node xml:id="logical-n3">
    <link targets="logical-r3"/>
  </node>
  <a xml:id="logical-N65661" label="div" ref="logical-n3" as="xces">
    <fs>
      <f name="type" value="entry"/>
    </fs>
  </a>
  <region xml:id="logical-r4" anchors="5 70"/>
  <node xml:id="logical-n4">
    <link targets="logical-r4"/>
  </node>
  <a xml:id="logical-N65685" label="head" ref="logical-n4" as="xces">
    <fs>
      <f name="type" value="title"/>
    </fs>
  </a>
  <region xml:id="logical-r5" anchors="71 81"/>
  <node xml:id="logical-n5">
    <link targets="logical-r5"/>
  </node>
  <a xml:id="logical-N65709" label="date" ref="logical-n5" as="xces"/>
  <region xml:id="logical-r6" anchors="82 89"/>
  <node xml:id="logical-n6">
    <link targets="logical-r6"/>
  </node>
  <a xml:id="logical-N65725" label="author" ref="logical-n6" as="xces"/>
  <region xml:id="logical-r7" anchors="91 437"/>
  <node xml:id="logical-n7">
    <link targets="logical-r7"/>
  </node>
  <a xml:id="logical-N65741" label="p" ref="logical-n7" as="xces"/>
  <region xml:id="logical-r8" anchors="438 757"/>
  <node xml:id="logical-n8">
    <link targets="logical-r8"/>
  </node>
  <a xml:id="logical-N65757" label="p" ref="logical-n8" as="xces"/>
  <region xml:id="logical-r9" anchors="758 867"/>
  <node xml:id="logical-n9">
    <link targets="logical-r9"/>
  </node>
  <a xml:id="logical-N65773" label="p" ref="logical-n9" as="xces"/>
  <region xml:id="logical-r10" anchors="869 950"/>
  <node xml:id="logical-n10">
    <link targets="logical-r10"/>
  </node>
  <a xml:id="logical-N65789" label="p" ref="logical-n10" as="xces"/>
  <region xml:id="logical-r11" anchors="951 1081"/>
  <node xml:id="logical-n11">
    <link targets="logical-r11"/>
  </node>
  <a xml:id="logical-N65805" label="p" ref="logical-n11" as="xces"/>
  <region xml:id="logical-r12" anchors="1082 1575"/>
  <node xml:id="logical-n12">
    <link targets="logical-r12"/>
  </node>
  <a xml:id="logical-N65821" label="p" ref="logical-n12" as="xces"/>
  <region xml:id="logical-r13" anchors="1117 1163"/>
  <node xml:id="logical-n13">
    <link targets="logical-r13"/>
  </node>
  <a xml:id="logical-N65837" label="a" ref="logical-n13" as="xces">
    <fs>
      <f name="href" value="http://www.shaqquotes.com/"/>
    </fs>
  </a>
  <region xml:id="logical-r14" anchors="1308 1342"/>
  <node xml:id="logical-n14">
    <link targets="logical-r14"/>
  </node>
  <a xml:id="logical-N65861" label="a" ref="logical-n14" as="xces">
    <fs>
      <f name="href" value="http://twitter.com/the_real_shaq"/>
    </fs>
  </a>
  <region xml:id="logical-r15" anchors="1576 1823"/>
  <node xml:id="logical-n15">
    <link targets="logical-r15"/>
  </node>
  <a xml:id="logical-N65885" label="p" ref="logical-n15" as="xces"/>
  <region xml:id="logical-r16" anchors="1824 1883"/>
  <node xml:id="logical-n16">
    <link targets="logical-r16"/>
  </node>
  <a xml:id="logical-N65901" label="p" ref="logical-n16" as="xces"/>
  <region xml:id="logical-r17" anchors="1884 1947"/>
  <node xml:id="logical-n17">
    <link targets="logical-r17"/>
  </node>
  <a xml:id="logical-N65917" label="p" ref="logical-n17" as="xces"/>
  <region xml:id="logical-r18" anchors="1948 2022"/>
  <node xml:id="logical-n18">
    <link targets="logical-r18"/>
  </node>
  <a xml:id="logical-N65933" label="p" ref="logical-n18" as="xces"/>
  <region xml:id="logical-r19" anchors="2023 2147"/>
  <node xml:id="logical-n19">
    <link targets="logical-r19"/>
  </node>
  <a xml:id="logical-N65949" label="p" ref="logical-n19" as="xces"/>
  <region xml:id="logical-r20" anchors="2148 2460"/>
  <node xml:id="logical-n20">
    <link targets="logical-r20"/>
  </node>
  <a xml:id="logical-N65965" label="p" ref="logical-n20" as="xces"/>
  <region xml:id="logical-r21" anchors="2461 2975"/>
  <node xml:id="logical-n21">
    <link targets="logical-r21"/>
  </node>
  <a xml:id="logical-N65981" label="p" ref="logical-n21" as="xces"/>
  <region xml:id="logical-r22" anchors="2617 2639"/>
  <node xml:id="logical-n22">
    <link targets="logical-r22"/>
  </node>
  <a xml:id="logical-N65997" label="a" ref="logical-n22" as="xces">
    <fs>
      <f name="href" value="http://www.amazon.com/Chief-Culture-Officer-Breathing-Corporation/dp/0465018327"/>
    </fs>
  </a>
  <region xml:id="logical-r23" anchors="2976 3006"/>
  <node xml:id="logical-n23">
    <link targets="logical-r23"/>
  </node>
  <a xml:id="logical-N66021" label="p" ref="logical-n23" as="xces"/>
  <region xml:id="logical-r24" anchors="3007 3135"/>
  <node xml:id="logical-n24">
    <link targets="logical-r24"/>
  </node>
  <a xml:id="logical-N66037" label="p" ref="logical-n24" as="xces"/>
  <region xml:id="logical-r25" anchors="3015 3045"/>
  <node xml:id="logical-n25">
    <link targets="logical-r25"/>
  </node>
  <a xml:id="logical-N66053" label="a" ref="logical-n25" as="xces">
    <fs>
      <f name="href" value="http://nba.fanhouse.com/2010/07/08/lebron-james-picks-miami-heat/"/>
    </fs>
  </a>
  <region xml:id="logical-r26" anchors="3136 3165"/>
  <node xml:id="logical-n26">
    <link targets="logical-r26"/>
  </node>
  <a xml:id="logical-N66077" label="p" ref="logical-n26" as="xces"/>
  <region xml:id="logical-r27" anchors="3168 3244"/>
  <node xml:id="logical-n27">
    <link targets="logical-r27"/>
  </node>
  <a xml:id="logical-N66093" label="div" ref="logical-n27" as="xces">
    <fs>
      <f name="type" value="comments"/>
    </fs>
  </a>
  <region xml:id="logical-r28" anchors="3170 3181"/>
  <node xml:id="logical-n28">
    <link targets="logical-r28"/>
  </node>
  <a xml:id="logical-N66117" label="head" ref="logical-n28" as="xces"/>
  <region xml:id="logical-r29" anchors="3182 3242"/>
  <node xml:id="logical-n29">
    <link targets="logical-r29"/>
  </node>
  <a xml:id="logical-N66133" label="div" ref="logical-n29" as="xces">
    <fs>
      <f name="type" value="comment"/>
    </fs>
  </a>
  <region xml:id="logical-r30" anchors="3183 3225"/>
  <node xml:id="logical-n30">
    <link targets="logical-r30"/>
  </node>
  <a xml:id="logical-N66157" label="p" ref="logical-n30" as="xces"/>
  <region xml:id="logical-r31" anchors="3227 3240"/>
  <node xml:id="logical-n31">
    <link targets="logical-r31"/>
  </node>
  <a xml:id="logical-N66173" label="p" ref="logical-n31" as="xces"/>
</graph>
