<?xml version="1.0" encoding="UTF-8"?><graph xmlns="http://www.xces.org/ns/GrAF/1.0/" xmlns:graf="http://www.xces.org/ns/GrAF/1.0/">
    <graphHeader>
        <labelsDecl>
        </labelsDecl>
    </graphHeader>
    <region xml:id="seg-r0" anchors="3 12"/>
    <region xml:id="seg-r1" anchors="12 13"/>
    <region xml:id="seg-r3" anchors="14 16"/>
    <region xml:id="seg-r5" anchors="17 20"/>
    <region xml:id="seg-r7" anchors="21 25"/>
    <region xml:id="seg-r9" anchors="28 31"/>
    <region xml:id="seg-r11" anchors="32 38"/>
    <region xml:id="seg-r13" anchors="39 41"/>
    <region xml:id="seg-r15" anchors="42 45"/>
    <region xml:id="seg-r17" anchors="46 51"/>
    <region xml:id="seg-r19" anchors="52 54"/>
    <region xml:id="seg-r21" anchors="55 63"/>
    <region xml:id="seg-r23" anchors="64 66"/>
    <region xml:id="seg-r25" anchors="67 72"/>
    <region xml:id="seg-r27" anchors="73 75"/>
    <region xml:id="seg-r29" anchors="76 77"/>
    <region xml:id="seg-r31" anchors="78 81"/>
    <region xml:id="seg-r33" anchors="82 86"/>
    <region xml:id="seg-r35" anchors="87 88"/>
    <region xml:id="seg-r37" anchors="89 93"/>
    <region xml:id="seg-r39" anchors="94 99"/>
    <region xml:id="seg-r41" anchors="100 102"/>
    <region xml:id="seg-r43" anchors="103 109"/>
    <region xml:id="seg-r45" anchors="110 112"/>
    <region xml:id="seg-r47" anchors="113 118"/>
    <region xml:id="seg-r48" anchors="118 119"/>
    <region xml:id="seg-r50" anchors="121 123"/>
    <region xml:id="seg-r52" anchors="124 127"/>
    <region xml:id="seg-r54" anchors="128 136"/>
    <region xml:id="seg-r56" anchors="137 144"/>
    <region xml:id="seg-r57" anchors="144 145"/>
    <region xml:id="seg-r59" anchors="146 148"/>
    <region xml:id="seg-r61" anchors="149 153"/>
    <region xml:id="seg-r63" anchors="154 156"/>
    <region xml:id="seg-r65" anchors="157 166"/>
    <region xml:id="seg-r67" anchors="167 169"/>
    <region xml:id="seg-r69" anchors="170 178"/>
    <region xml:id="seg-r71" anchors="179 186"/>
    <region xml:id="seg-r73" anchors="187 189"/>
    <region xml:id="seg-r75" anchors="190 192"/>
    <region xml:id="seg-r77" anchors="193 198"/>
    <region xml:id="seg-r79" anchors="199 201"/>
    <region xml:id="seg-r81" anchors="202 211"/>
    <region xml:id="seg-r83" anchors="212 216"/>
    <region xml:id="seg-r85" anchors="217 218"/>
    <region xml:id="seg-r87" anchors="219 227"/>
    <region xml:id="seg-r89" anchors="228 232"/>
    <region xml:id="seg-r91" anchors="233 235"/>
    <region xml:id="seg-r92" anchors="235 236"/>
    <region xml:id="seg-r94" anchors="237 245"/>
    <region xml:id="seg-r96" anchors="246 251"/>
    <region xml:id="seg-r98" anchors="252 255"/>
    <region xml:id="seg-r100" anchors="256 266"/>
    <region xml:id="seg-r102" anchors="267 279"/>
    <region xml:id="seg-r104" anchors="280 281"/>
    <region xml:id="seg-r106" anchors="282 284"/>
    <region xml:id="seg-r107" anchors="284 285"/>
    <region xml:id="seg-r109" anchors="286 287"/>
    <region xml:id="seg-r111" anchors="288 293"/>
    <region xml:id="seg-r113" anchors="294 304"/>
    <region xml:id="seg-r115" anchors="305 308"/>
    <region xml:id="seg-r117" anchors="309 315"/>
    <region xml:id="seg-r119" anchors="316 318"/>
    <region xml:id="seg-r121" anchors="319 326"/>
    <region xml:id="seg-r123" anchors="327 330"/>
    <region xml:id="seg-r125" anchors="331 333"/>
    <region xml:id="seg-r127" anchors="334 340"/>
    <region xml:id="seg-r129" anchors="341 347"/>
    <region xml:id="seg-r131" anchors="348 350"/>
    <region xml:id="seg-r133" anchors="351 356"/>
    <region xml:id="seg-r134" anchors="356 357"/>
    <region xml:id="seg-r136" anchors="358 363"/>
    <region xml:id="seg-r138" anchors="364 366"/>
    <region xml:id="seg-r140" anchors="367 378"/>
    <region xml:id="seg-r142" anchors="379 384"/>
    <region xml:id="seg-r144" anchors="385 387"/>
    <region xml:id="seg-r146" anchors="388 395"/>
    <region xml:id="seg-r148" anchors="396 399"/>
    <region xml:id="seg-r150" anchors="400 404"/>
    <region xml:id="seg-r152" anchors="405 407"/>
    <region xml:id="seg-r154" anchors="408 418"/>
    <region xml:id="seg-r155" anchors="418 419"/>
    <region xml:id="seg-r157" anchors="420 422"/>
    <region xml:id="seg-r159" anchors="423 431"/>
    <region xml:id="seg-r161" anchors="432 434"/>
    <region xml:id="seg-r163" anchors="435 438"/>
    <region xml:id="seg-r165" anchors="439 449"/>
    <region xml:id="seg-r167" anchors="450 457"/>
    <region xml:id="seg-r169" anchors="458 461"/>
    <region xml:id="seg-r171" anchors="462 468"/>
    <region xml:id="seg-r173" anchors="469 471"/>
    <region xml:id="seg-r174" anchors="471 472"/>
    <region xml:id="seg-r176" anchors="473 474"/>
    <region xml:id="seg-r178" anchors="475 482"/>
    <region xml:id="seg-r180" anchors="483 484"/>
    <region xml:id="seg-r182" anchors="485 492"/>
    <region xml:id="seg-r184" anchors="493 494"/>
    <region xml:id="seg-r185" anchors="494 502"/>
    <region xml:id="seg-r187" anchors="503 505"/>
    <region xml:id="seg-r189" anchors="506 509"/>
    <region xml:id="seg-r190" anchors="509 510"/>
    <region xml:id="seg-r192" anchors="511 513"/>
    <region xml:id="seg-r194" anchors="514 517"/>
    <region xml:id="seg-r196" anchors="518 523"/>
    <region xml:id="seg-r198" anchors="524 527"/>
    <region xml:id="seg-r199" anchors="527 530"/>
    <region xml:id="seg-r201" anchors="531 533"/>
    <region xml:id="seg-r203" anchors="534 541"/>
    <region xml:id="seg-r205" anchors="542 544"/>
    <region xml:id="seg-r207" anchors="545 549"/>
    <region xml:id="seg-r209" anchors="550 552"/>
    <region xml:id="seg-r211" anchors="553 559"/>
    <region xml:id="seg-r213" anchors="560 565"/>
    <region xml:id="seg-r215" anchors="566 570"/>
    <region xml:id="seg-r216" anchors="570 571"/>
    <region xml:id="seg-r218" anchors="573 577"/>
    <region xml:id="seg-r219" anchors="577 579"/>
    <region xml:id="seg-r221" anchors="580 583"/>
    <region xml:id="seg-r223" anchors="584 588"/>
    <region xml:id="seg-r225" anchors="589 592"/>
    <region xml:id="seg-r226" anchors="592 595"/>
    <region xml:id="seg-r228" anchors="596 598"/>
    <region xml:id="seg-r230" anchors="599 606"/>
    <region xml:id="seg-r232" anchors="607 610"/>
    <region xml:id="seg-r234" anchors="611 623"/>
    <region xml:id="seg-r236" anchors="624 626"/>
    <region xml:id="seg-r238" anchors="627 630"/>
    <region xml:id="seg-r240" anchors="631 635"/>
    <region xml:id="seg-r242" anchors="636 639"/>
    <region xml:id="seg-r244" anchors="640 646"/>
    <region xml:id="seg-r245" anchors="646 647"/>
    <region xml:id="seg-r247" anchors="648 651"/>
    <region xml:id="seg-r249" anchors="652 658"/>
    <region xml:id="seg-r251" anchors="659 661"/>
    <region xml:id="seg-r253" anchors="662 666"/>
    <region xml:id="seg-r255" anchors="667 668"/>
    <region xml:id="seg-r256" anchors="668 674"/>
    <region xml:id="seg-r258" anchors="675 678"/>
    <region xml:id="seg-r260" anchors="679 681"/>
    <region xml:id="seg-r262" anchors="682 686"/>
    <region xml:id="seg-r264" anchors="687 689"/>
    <region xml:id="seg-r266" anchors="690 691"/>
    <region xml:id="seg-r268" anchors="692 699"/>
    <region xml:id="seg-r269" anchors="699 700"/>
    <region xml:id="seg-r271" anchors="701 704"/>
    <region xml:id="seg-r273" anchors="705 711"/>
    <region xml:id="seg-r275" anchors="712 720"/>
    <region xml:id="seg-r277" anchors="721 723"/>
    <region xml:id="seg-r279" anchors="724 732"/>
    <region xml:id="seg-r281" anchors="733 736"/>
    <region xml:id="seg-r283" anchors="737 741"/>
    <region xml:id="seg-r284" anchors="741 742"/>
    <region xml:id="seg-r286" anchors="743 748"/>
    <region xml:id="seg-r287" anchors="748 750"/>
    <region xml:id="seg-r289" anchors="751 752"/>
    <region xml:id="seg-r291" anchors="753 759"/>
    <region xml:id="seg-r293" anchors="760 762"/>
    <region xml:id="seg-r295" anchors="763 766"/>
    <region xml:id="seg-r297" anchors="767 771"/>
    <region xml:id="seg-r299" anchors="772 776"/>
    <region xml:id="seg-r301" anchors="777 780"/>
    <region xml:id="seg-r303" anchors="781 786"/>
    <region xml:id="seg-r305" anchors="787 796"/>
    <region xml:id="seg-r307" anchors="797 805"/>
    <region xml:id="seg-r309" anchors="806 810"/>
    <region xml:id="seg-r310" anchors="810 811"/>
    <region xml:id="seg-r312" anchors="812 815"/>
    <region xml:id="seg-r314" anchors="816 820"/>
    <region xml:id="seg-r316" anchors="821 825"/>
    <region xml:id="seg-r318" anchors="826 830"/>
    <region xml:id="seg-r320" anchors="831 832"/>
    <region xml:id="seg-r322" anchors="833 837"/>
    <region xml:id="seg-r324" anchors="838 841"/>
    <region xml:id="seg-r326" anchors="842 852"/>
    <region xml:id="seg-r328" anchors="853 856"/>
    <region xml:id="seg-r330" anchors="857 859"/>
    <region xml:id="seg-r332" anchors="860 866"/>
    <region xml:id="seg-r334" anchors="867 873"/>
    <region xml:id="seg-r336" anchors="874 877"/>
    <region xml:id="seg-r338" anchors="878 881"/>
    <region xml:id="seg-r339" anchors="881 882"/>
    <region xml:id="seg-r341" anchors="883 885"/>
    <region xml:id="seg-r343" anchors="886 889"/>
    <region xml:id="seg-r345" anchors="890 894"/>
    <region xml:id="seg-r347" anchors="895 906"/>
    <region xml:id="seg-r349" anchors="907 908"/>
    <region xml:id="seg-r351" anchors="909 913"/>
    <region xml:id="seg-r353" anchors="914 916"/>
    <region xml:id="seg-r355" anchors="917 921"/>
    <region xml:id="seg-r357" anchors="922 924"/>
    <region xml:id="seg-r359" anchors="925 928"/>
    <region xml:id="seg-r361" anchors="929 930"/>
    <region xml:id="seg-r362" anchors="930 933"/>
    <region xml:id="seg-r364" anchors="934 939"/>
    <region xml:id="seg-r365" anchors="939 940"/>
    <region xml:id="seg-r367" anchors="941 943"/>
    <region xml:id="seg-r369" anchors="944 948"/>
    <region xml:id="seg-r371" anchors="949 953"/>
    <region xml:id="seg-r373" anchors="954 958"/>
    <region xml:id="seg-r375" anchors="959 961"/>
    <region xml:id="seg-r377" anchors="962 965"/>
    <region xml:id="seg-r379" anchors="966 970"/>
    <region xml:id="seg-r381" anchors="971 978"/>
    <region xml:id="seg-r383" anchors="979 983"/>
    <region xml:id="seg-r385" anchors="984 987"/>
    <region xml:id="seg-r387" anchors="988 992"/>
    <region xml:id="seg-r389" anchors="993 998"/>
    <region xml:id="seg-r391" anchors="999 1005"/>
    <region xml:id="seg-r393" anchors="1006 1008"/>
    <region xml:id="seg-r395" anchors="1009 1011"/>
    <region xml:id="seg-r397" anchors="1012 1030"/>
    <region xml:id="seg-r398" anchors="1030 1031"/>
    <region xml:id="seg-r400" anchors="1032 1034"/>
    <region xml:id="seg-r402" anchors="1035 1041"/>
    <region xml:id="seg-r403" anchors="1041 1042"/>
    <region xml:id="seg-r405" anchors="1043 1047"/>
    <region xml:id="seg-r407" anchors="1048 1051"/>
    <region xml:id="seg-r409" anchors="1052 1056"/>
    <region xml:id="seg-r411" anchors="1057 1065"/>
    <region xml:id="seg-r413" anchors="1066 1070"/>
    <region xml:id="seg-r415" anchors="1071 1078"/>
    <region xml:id="seg-r417" anchors="1079 1081"/>
    <region xml:id="seg-r419" anchors="1082 1088"/>
    <region xml:id="seg-r421" anchors="1089 1095"/>
    <region xml:id="seg-r423" anchors="1096 1098"/>
    <region xml:id="seg-r425" anchors="1099 1108"/>
    <region xml:id="seg-r427" anchors="1109 1112"/>
    <region xml:id="seg-r429" anchors="1113 1121"/>
    <region xml:id="seg-r431" anchors="1122 1123"/>
    <region xml:id="seg-r433" anchors="1124 1134"/>
    <region xml:id="seg-r434" anchors="1134 1135"/>
    <region xml:id="seg-r436" anchors="1136 1141"/>
    <region xml:id="seg-r438" anchors="1142 1144"/>
    <region xml:id="seg-r440" anchors="1145 1155"/>
    <region xml:id="seg-r442" anchors="1156 1158"/>
    <region xml:id="seg-r443" anchors="1158 1161"/>
    <region xml:id="seg-r444" anchors="1161 1162"/>
    <region xml:id="seg-r446" anchors="1163 1166"/>
    <region xml:id="seg-r448" anchors="1167 1171"/>
    <region xml:id="seg-r450" anchors="1172 1176"/>
    <region xml:id="seg-r452" anchors="1177 1179"/>
    <region xml:id="seg-r453" anchors="1179 1182"/>
    <region xml:id="seg-r455" anchors="1183 1188"/>
    <region xml:id="seg-r457" anchors="1189 1192"/>
    <region xml:id="seg-r459" anchors="1193 1203"/>
    <region xml:id="seg-r461" anchors="1204 1205"/>
    <region xml:id="seg-r463" anchors="1206 1212"/>
    <region xml:id="seg-r465" anchors="1213 1217"/>
    <region xml:id="seg-r467" anchors="1218 1219"/>
    <region xml:id="seg-r469" anchors="1220 1224"/>
    <region xml:id="seg-r470" anchors="1224 1227"/>
    <region xml:id="seg-r472" anchors="1228 1233"/>
    <region xml:id="seg-r474" anchors="1234 1238"/>
    <region xml:id="seg-r476" anchors="1239 1242"/>
    <region xml:id="seg-r478" anchors="1243 1245"/>
    <region xml:id="seg-r480" anchors="1246 1247"/>
    <region xml:id="seg-r482" anchors="1248 1252"/>
    <region xml:id="seg-r484" anchors="1253 1254"/>
    <region xml:id="seg-r485" anchors="1254 1259"/>
    <region xml:id="seg-r487" anchors="1260 1265"/>
    <region xml:id="seg-r489" anchors="1266 1268"/>
    <region xml:id="seg-r491" anchors="1269 1277"/>
    <region xml:id="seg-r493" anchors="1278 1282"/>
    <region xml:id="seg-r495" anchors="1283 1288"/>
    <region xml:id="seg-r496" anchors="1288 1289"/>
    <region xml:id="seg-r497" anchors="1289 1290"/>
    <region xml:id="seg-r499" anchors="1291 1298"/>
    <region xml:id="seg-r501" anchors="1299 1305"/>
    <region xml:id="seg-r503" anchors="1306 1309"/>
    <region xml:id="seg-r505" anchors="1310 1317"/>
    <region xml:id="seg-r507" anchors="1318 1320"/>
    <region xml:id="seg-r509" anchors="1321 1323"/>
    <region xml:id="seg-r511" anchors="1324 1332"/>
    <region xml:id="seg-r513" anchors="1333 1340"/>
    <region xml:id="seg-r515" anchors="1341 1346"/>
    <region xml:id="seg-r517" anchors="1347 1351"/>
    <region xml:id="seg-r519" anchors="1352 1355"/>
    <region xml:id="seg-r521" anchors="1356 1363"/>
    <region xml:id="seg-r523" anchors="1364 1368"/>
    <region xml:id="seg-r525" anchors="1369 1373"/>
    <region xml:id="seg-r527" anchors="1374 1382"/>
    <region xml:id="seg-r529" anchors="1383 1389"/>
    <region xml:id="seg-r530" anchors="1389 1390"/>
    <region xml:id="seg-r532" anchors="1391 1394"/>
    <region xml:id="seg-r534" anchors="1395 1397"/>
    <region xml:id="seg-r536" anchors="1398 1403"/>
    <region xml:id="seg-r538" anchors="1404 1411"/>
    <region xml:id="seg-r540" anchors="1412 1416"/>
    <region xml:id="seg-r542" anchors="1417 1420"/>
    <region xml:id="seg-r543" anchors="1420 1421"/>
    <region xml:id="seg-r545" anchors="1423 1424"/>
    <region xml:id="seg-r546" anchors="1424 1427"/>
    <region xml:id="seg-r548" anchors="1428 1435"/>
    <region xml:id="seg-r550" anchors="1436 1441"/>
    <region xml:id="seg-r552" anchors="1442 1448"/>
    <region xml:id="seg-r554" anchors="1449 1455"/>
    <region xml:id="seg-r556" anchors="1456 1457"/>
    <region xml:id="seg-r558" anchors="1458 1461"/>
    <region xml:id="seg-r560" anchors="1462 1469"/>
    <region xml:id="seg-r562" anchors="1470 1473"/>
    <region xml:id="seg-r564" anchors="1474 1478"/>
    <region xml:id="seg-r566" anchors="1479 1481"/>
    <region xml:id="seg-r568" anchors="1482 1491"/>
    <region xml:id="seg-r570" anchors="1492 1494"/>
    <region xml:id="seg-r572" anchors="1495 1499"/>
    <region xml:id="seg-r574" anchors="1500 1504"/>
    <region xml:id="seg-r576" anchors="1505 1513"/>
    <region xml:id="seg-r578" anchors="1514 1525"/>
    <region xml:id="seg-r580" anchors="1526 1528"/>
    <region xml:id="seg-r582" anchors="1529 1532"/>
    <region xml:id="seg-r584" anchors="1533 1537"/>
    <region xml:id="seg-r585" anchors="1537 1538"/>
    <region xml:id="seg-r587" anchors="1539 1540"/>
    <region xml:id="seg-r589" anchors="1541 1545"/>
    <region xml:id="seg-r591" anchors="1546 1555"/>
    <region xml:id="seg-r593" anchors="1556 1558"/>
    <region xml:id="seg-r595" anchors="1559 1561"/>
    <region xml:id="seg-r597" anchors="1562 1564"/>
    <region xml:id="seg-r599" anchors="1565 1570"/>
    <region xml:id="seg-r600" anchors="1570 1571"/>
    <region xml:id="seg-r602" anchors="1572 1574"/>
    <region xml:id="seg-r604" anchors="1575 1576"/>
    <region xml:id="seg-r606" anchors="1577 1582"/>
    <region xml:id="seg-r608" anchors="1583 1585"/>
    <region xml:id="seg-r610" anchors="1586 1590"/>
    <region xml:id="seg-r612" anchors="1591 1595"/>
    <region xml:id="seg-r613" anchors="1595 1596"/>
    <region xml:id="seg-r615" anchors="1597 1603"/>
    <region xml:id="seg-r617" anchors="1604 1606"/>
    <region xml:id="seg-r619" anchors="1607 1610"/>
    <region xml:id="seg-r621" anchors="1611 1612"/>
    <region xml:id="seg-r623" anchors="1613 1614"/>
    <region xml:id="seg-r624" anchors="1614 1619"/>
    <region xml:id="seg-r625" anchors="1619 1620"/>
    <region xml:id="seg-r627" anchors="1621 1625"/>
    <region xml:id="seg-r629" anchors="1626 1628"/>
    <region xml:id="seg-r631" anchors="1629 1633"/>
    <region xml:id="seg-r633" anchors="1634 1636"/>
    <region xml:id="seg-r635" anchors="1637 1639"/>
    <region xml:id="seg-r637" anchors="1640 1641"/>
    <region xml:id="seg-r638" anchors="1641 1648"/>
    <region xml:id="seg-r639" anchors="1648 1649"/>
    <region xml:id="seg-r641" anchors="1650 1653"/>
    <region xml:id="seg-r642" anchors="1653 1654"/>
    <region xml:id="seg-r644" anchors="1655 1656"/>
    <region xml:id="seg-r645" anchors="1656 1659"/>
    <region xml:id="seg-r647" anchors="1660 1662"/>
    <region xml:id="seg-r649" anchors="1663 1668"/>
    <region xml:id="seg-r651" anchors="1669 1674"/>
    <region xml:id="seg-r653" anchors="1675 1677"/>
    <region xml:id="seg-r655" anchors="1678 1682"/>
    <region xml:id="seg-r657" anchors="1683 1689"/>
    <region xml:id="seg-r659" anchors="1690 1692"/>
    <region xml:id="seg-r661" anchors="1693 1702"/>
    <region xml:id="seg-r663" anchors="1703 1708"/>
    <region xml:id="seg-r665" anchors="1709 1711"/>
    <region xml:id="seg-r667" anchors="1712 1716"/>
    <region xml:id="seg-r668" anchors="1716 1717"/>
    <region xml:id="seg-r669" anchors="1717 1718"/>
    <region xml:id="seg-r671" anchors="1719 1721"/>
    <region xml:id="seg-r673" anchors="1722 1728"/>
    <region xml:id="seg-r675" anchors="1729 1731"/>
    <region xml:id="seg-r677" anchors="1732 1735"/>
    <region xml:id="seg-r679" anchors="1736 1741"/>
    <region xml:id="seg-r681" anchors="1742 1743"/>
    <region xml:id="seg-r683" anchors="1744 1747"/>
    <region xml:id="seg-r685" anchors="1748 1750"/>
    <region xml:id="seg-r687" anchors="1751 1754"/>
    <region xml:id="seg-r689" anchors="1755 1760"/>
    <region xml:id="seg-r691" anchors="1761 1771"/>
    <region xml:id="seg-r693" anchors="1772 1778"/>
    <region xml:id="seg-r695" anchors="1779 1782"/>
    <region xml:id="seg-r697" anchors="1783 1787"/>
    <region xml:id="seg-r699" anchors="1788 1793"/>
    <region xml:id="seg-r700" anchors="1793 1794"/>
    <region xml:id="seg-r702" anchors="1795 1802"/>
    <region xml:id="seg-r704" anchors="1803 1807"/>
    <region xml:id="seg-r706" anchors="1808 1811"/>
    <region xml:id="seg-r708" anchors="1812 1821"/>
    <region xml:id="seg-r710" anchors="1822 1826"/>
    <region xml:id="seg-r712" anchors="1827 1838"/>
    <region xml:id="seg-r714" anchors="1839 1843"/>
    <region xml:id="seg-r716" anchors="1844 1852"/>
    <region xml:id="seg-r718" anchors="1853 1857"/>
    <region xml:id="seg-r720" anchors="1858 1862"/>
    <region xml:id="seg-r722" anchors="1863 1865"/>
    <region xml:id="seg-r723" anchors="1865 1866"/>
    <region xml:id="seg-r725" anchors="1868 1871"/>
    <region xml:id="seg-r727" anchors="1872 1878"/>
    <region xml:id="seg-r729" anchors="1879 1881"/>
    <region xml:id="seg-r731" anchors="1882 1885"/>
    <region xml:id="seg-r733" anchors="1886 1890"/>
    <region xml:id="seg-r735" anchors="1891 1893"/>
    <region xml:id="seg-r737" anchors="1894 1906"/>
    <region xml:id="seg-r739" anchors="1907 1910"/>
    <region xml:id="seg-r741" anchors="1911 1915"/>
    <region xml:id="seg-r743" anchors="1916 1921"/>
    <region xml:id="seg-r745" anchors="1922 1924"/>
    <region xml:id="seg-r747" anchors="1925 1931"/>
    <region xml:id="seg-r749" anchors="1932 1934"/>
    <region xml:id="seg-r751" anchors="1935 1950"/>
    <region xml:id="seg-r753" anchors="1951 1953"/>
    <region xml:id="seg-r755" anchors="1954 1958"/>
    <region xml:id="seg-r756" anchors="1958 1959"/>
    <region xml:id="seg-r758" anchors="1960 1964"/>
    <region xml:id="seg-r760" anchors="1965 1968"/>
    <region xml:id="seg-r762" anchors="1969 1972"/>
    <region xml:id="seg-r764" anchors="1973 1975"/>
    <region xml:id="seg-r766" anchors="1976 1979"/>
    <region xml:id="seg-r768" anchors="1980 1986"/>
    <region xml:id="seg-r770" anchors="1987 1989"/>
    <region xml:id="seg-r772" anchors="1990 1993"/>
    <region xml:id="seg-r774" anchors="1994 2000"/>
    <region xml:id="seg-r776" anchors="2001 2007"/>
    <region xml:id="seg-r778" anchors="2008 2010"/>
    <region xml:id="seg-r780" anchors="2011 2016"/>
    <region xml:id="seg-r782" anchors="2017 2020"/>
    <region xml:id="seg-r784" anchors="2021 2028"/>
    <region xml:id="seg-r786" anchors="2029 2035"/>
    <region xml:id="seg-r788" anchors="2036 2037"/>
    <region xml:id="seg-r790" anchors="2038 2045"/>
    <region xml:id="seg-r792" anchors="2046 2050"/>
    <region xml:id="seg-r794" anchors="2051 2057"/>
    <region xml:id="seg-r796" anchors="2058 2062"/>
    <region xml:id="seg-r798" anchors="2063 2072"/>
    <region xml:id="seg-r800" anchors="2073 2075"/>
    <region xml:id="seg-r802" anchors="2076 2086"/>
    <region xml:id="seg-r804" anchors="2087 2099"/>
    <region xml:id="seg-r806" anchors="2100 2104"/>
    <region xml:id="seg-r808" anchors="2105 2109"/>
    <region xml:id="seg-r810" anchors="2110 2112"/>
    <region xml:id="seg-r812" anchors="2113 2119"/>
    <region xml:id="seg-r814" anchors="2120 2126"/>
    <region xml:id="seg-r816" anchors="2127 2133"/>
    <region xml:id="seg-r818" anchors="2134 2140"/>
    <region xml:id="seg-r820" anchors="2141 2151"/>
    <region xml:id="seg-r822" anchors="2152 2156"/>
    <region xml:id="seg-r824" anchors="2157 2160"/>
    <region xml:id="seg-r826" anchors="2161 2169"/>
    <region xml:id="seg-r828" anchors="2170 2178"/>
    <region xml:id="seg-r830" anchors="2179 2181"/>
    <region xml:id="seg-r832" anchors="2182 2187"/>
    <region xml:id="seg-r833" anchors="2187 2189"/>
    <region xml:id="seg-r835" anchors="2190 2195"/>
    <region xml:id="seg-r836" anchors="2195 2196"/>
    <region xml:id="seg-r838" anchors="2198 2202"/>
    <region xml:id="seg-r840" anchors="2203 2206"/>
    <region xml:id="seg-r842" anchors="2207 2217"/>
    <region xml:id="seg-r843" anchors="2217 2219"/>
    <region xml:id="seg-r845" anchors="2220 2231"/>
    <region xml:id="seg-r847" anchors="2232 2238"/>
    <region xml:id="seg-r848" anchors="2238 2239"/>
    <region xml:id="seg-r850" anchors="2241 2245"/>
    <region xml:id="seg-r851" anchors="2245 2246"/>
    <region xml:id="seg-r853" anchors="2247 2251"/>
    <region xml:id="seg-r855" anchors="2252 2255"/>
    <region xml:id="seg-r857" anchors="2256 2265"/>
    <region xml:id="seg-r858" anchors="2265 2275"/>
    <region xml:id="seg-r860" anchors="2276 2282"/>
    <region xml:id="seg-r862" anchors="2283 2286"/>
    <region xml:id="seg-r864" anchors="2287 2291"/>
    <region xml:id="seg-r865" anchors="2291 2292"/>
    <region xml:id="seg-r867" anchors="2293 2297"/>
    <region xml:id="seg-r869" anchors="2298 2301"/>
    <region xml:id="seg-r871" anchors="2302 2308"/>
    <region xml:id="seg-r872" anchors="2308 2310"/>
    <region xml:id="seg-r874" anchors="2311 2319"/>
    <region xml:id="seg-r875" anchors="2319 2320"/>
    <region xml:id="seg-r877" anchors="2321 2324"/>
    <region xml:id="seg-r879" anchors="2325 2329"/>
    <region xml:id="seg-r881" anchors="2330 2332"/>
    <region xml:id="seg-r883" anchors="2333 2336"/>
    <region xml:id="seg-r885" anchors="2337 2342"/>
    <region xml:id="seg-r887" anchors="2343 2348"/>
    <region xml:id="seg-r888" anchors="2348 2349"/>
    <region xml:id="seg-r890" anchors="2350 2354"/>
    <region xml:id="seg-r892" anchors="2355 2358"/>
    <region xml:id="seg-r894" anchors="2359 2362"/>
    <region xml:id="seg-r896" anchors="2363 2374"/>
    <region xml:id="seg-r898" anchors="2375 2383"/>
    <region xml:id="seg-r899" anchors="2383 2384"/>
    <region xml:id="seg-r901" anchors="2385 2392"/>
    <region xml:id="seg-r903" anchors="2393 2396"/>
    <region xml:id="seg-r905" anchors="2397 2401"/>
    <region xml:id="seg-r907" anchors="2402 2404"/>
    <region xml:id="seg-r909" anchors="2405 2408"/>
    <region xml:id="seg-r911" anchors="2409 2412"/>
    <region xml:id="seg-r913" anchors="2413 2418"/>
    <region xml:id="seg-r915" anchors="2419 2424"/>
    <region xml:id="seg-r916" anchors="2424 2425"/>
    <region xml:id="seg-r918" anchors="2426 2428"/>
    <region xml:id="seg-r920" anchors="2429 2434"/>
    <region xml:id="seg-r922" anchors="2435 2437"/>
    <region xml:id="seg-r924" anchors="2438 2439"/>
    <region xml:id="seg-r926" anchors="2440 2447"/>
    <region xml:id="seg-r927" anchors="2447 2448"/>
    <region xml:id="seg-r929" anchors="2450 2454"/>
    <region xml:id="seg-r931" anchors="2455 2462"/>
    <region xml:id="seg-r933" anchors="2463 2466"/>
    <region xml:id="seg-r935" anchors="2467 2469"/>
    <region xml:id="seg-r937" anchors="2470 2473"/>
    <region xml:id="seg-r939" anchors="2474 2481"/>
    <region xml:id="seg-r941" anchors="2482 2484"/>
    <region xml:id="seg-r943" anchors="2485 2488"/>
    <region xml:id="seg-r945" anchors="2489 2496"/>
    <region xml:id="seg-r946" anchors="2496 2497"/>
    <region xml:id="seg-r948" anchors="2498 2506"/>
    <region xml:id="seg-r949" anchors="2506 2507"/>
    <region xml:id="seg-r951" anchors="2508 2510"/>
    <region xml:id="seg-r953" anchors="2511 2516"/>
    <region xml:id="seg-r955" anchors="2517 2519"/>
    <region xml:id="seg-r957" anchors="2520 2525"/>
    <region xml:id="seg-r959" anchors="2526 2529"/>
    <region xml:id="seg-r961" anchors="2530 2534"/>
    <region xml:id="seg-r963" anchors="2535 2539"/>
    <region xml:id="seg-r965" anchors="2540 2542"/>
    <region xml:id="seg-r967" anchors="2543 2553"/>
    <region xml:id="seg-r969" anchors="2554 2561"/>
    <region xml:id="seg-r971" anchors="2562 2564"/>
    <region xml:id="seg-r973" anchors="2565 2569"/>
    <region xml:id="seg-r975" anchors="2570 2575"/>
    <region xml:id="seg-r976" anchors="2575 2577"/>
    <region xml:id="seg-r978" anchors="2578 2583"/>
    <region xml:id="seg-r980" anchors="2584 2588"/>
    <region xml:id="seg-r982" anchors="2589 2591"/>
    <region xml:id="seg-r984" anchors="2592 2595"/>
    <region xml:id="seg-r986" anchors="2596 2598"/>
    <region xml:id="seg-r988" anchors="2599 2601"/>
    <region xml:id="seg-r990" anchors="2602 2605"/>
    <region xml:id="seg-r992" anchors="2606 2611"/>
    <region xml:id="seg-r994" anchors="2612 2614"/>
    <region xml:id="seg-r996" anchors="2615 2624"/>
    <region xml:id="seg-r998" anchors="2625 2629"/>
    <region xml:id="seg-r1000" anchors="2630 2633"/>
    <region xml:id="seg-r1002" anchors="2634 2635"/>
    <region xml:id="seg-r1003" anchors="2635 2642"/>
    <region xml:id="seg-r1004" anchors="2642 2643"/>
    <region xml:id="seg-r1006" anchors="2644 2646"/>
    <region xml:id="seg-r1008" anchors="2647 2657"/>
    <region xml:id="seg-r1010" anchors="2658 2661"/>
    <region xml:id="seg-r1012" anchors="2662 2668"/>
    <region xml:id="seg-r1013" anchors="2668 2669"/>
    <region xml:id="seg-r1015" anchors="2671 2674"/>
    <region xml:id="seg-r1017" anchors="2675 2679"/>
    <region xml:id="seg-r1019" anchors="2680 2690"/>
    <region xml:id="seg-r1021" anchors="2691 2698"/>
    <region xml:id="seg-r1023" anchors="2699 2703"/>
    <region xml:id="seg-r1025" anchors="2704 2710"/>
    <region xml:id="seg-r1027" anchors="2711 2714"/>
    <region xml:id="seg-r1029" anchors="2715 2718"/>
    <region xml:id="seg-r1031" anchors="2719 2725"/>
    <region xml:id="seg-r1033" anchors="2726 2728"/>
    <region xml:id="seg-r1035" anchors="2729 2733"/>
    <region xml:id="seg-r1037" anchors="2734 2737"/>
    <region xml:id="seg-r1039" anchors="2738 2743"/>
    <region xml:id="seg-r1041" anchors="2744 2750"/>
    <region xml:id="seg-r1043" anchors="2751 2758"/>
    <region xml:id="seg-r1045" anchors="2759 2762"/>
    <region xml:id="seg-r1047" anchors="2763 2767"/>
    <region xml:id="seg-r1049" anchors="2768 2775"/>
    <region xml:id="seg-r1051" anchors="2776 2778"/>
    <region xml:id="seg-r1053" anchors="2779 2785"/>
    <region xml:id="seg-r1055" anchors="2786 2790"/>
    <region xml:id="seg-r1057" anchors="2791 2792"/>
    <region xml:id="seg-r1059" anchors="2793 2799"/>
    <region xml:id="seg-r1061" anchors="2800 2803"/>
    <region xml:id="seg-r1063" anchors="2804 2814"/>
    <region xml:id="seg-r1065" anchors="2815 2819"/>
    <region xml:id="seg-r1067" anchors="2820 2825"/>
    <region xml:id="seg-r1069" anchors="2826 2827"/>
    <region xml:id="seg-r1070" anchors="2827 2832"/>
    <region xml:id="seg-r1072" anchors="2833 2836"/>
    <region xml:id="seg-r1074" anchors="2837 2844"/>
    <region xml:id="seg-r1075" anchors="2844 2845"/>
    <region xml:id="seg-r1077" anchors="2846 2853"/>
    <region xml:id="seg-r1079" anchors="2854 2861"/>
    <region xml:id="seg-r1081" anchors="2862 2864"/>
    <region xml:id="seg-r1083" anchors="2865 2868"/>
    <region xml:id="seg-r1085" anchors="2869 2873"/>
    <region xml:id="seg-r1087" anchors="2874 2875"/>
    <region xml:id="seg-r1089" anchors="2876 2883"/>
    <region xml:id="seg-r1091" anchors="2884 2891"/>
    <region xml:id="seg-r1093" anchors="2892 2899"/>
    <region xml:id="seg-r1095" anchors="2900 2910"/>
    <region xml:id="seg-r1097" anchors="2911 2921"/>
    <region xml:id="seg-r1099" anchors="2922 2927"/>
    <region xml:id="seg-r1101" anchors="2928 2930"/>
    <region xml:id="seg-r1103" anchors="2931 2945"/>
    <region xml:id="seg-r1104" anchors="2945 2946"/>
    <region xml:id="seg-r1106" anchors="2947 2958"/>
    <region xml:id="seg-r1108" anchors="2959 2962"/>
    <region xml:id="seg-r1110" anchors="2963 2970"/>
    <region xml:id="seg-r1112" anchors="2971 2975"/>
    <region xml:id="seg-r1114" anchors="2976 2979"/>
    <region xml:id="seg-r1116" anchors="2980 2987"/>
    <region xml:id="seg-r1118" anchors="2988 2995"/>
    <region xml:id="seg-r1120" anchors="2996 3004"/>
    <region xml:id="seg-r1121" anchors="3004 3005"/>
    <region xml:id="seg-r1123" anchors="3006 3016"/>
    <region xml:id="seg-r1125" anchors="3017 3028"/>
    <region xml:id="seg-r1126" anchors="3028 3029"/>
    <region xml:id="seg-r1128" anchors="3030 3033"/>
    <region xml:id="seg-r1130" anchors="3034 3041"/>
    <region xml:id="seg-r1132" anchors="3042 3049"/>
    <region xml:id="seg-r1134" anchors="3050 3052"/>
    <region xml:id="seg-r1136" anchors="3053 3062"/>
    <region xml:id="seg-r1138" anchors="3063 3072"/>
    <region xml:id="seg-r1139" anchors="3072 3073"/>
    <region xml:id="seg-r1141" anchors="3074 3077"/>
    <region xml:id="seg-r1143" anchors="3078 3080"/>
    <region xml:id="seg-r1145" anchors="3081 3083"/>
    <region xml:id="seg-r1146" anchors="3083 3084"/>
    <region xml:id="seg-r1148" anchors="3085 3089"/>
    <region xml:id="seg-r1150" anchors="3090 3100"/>
    <region xml:id="seg-r1152" anchors="3101 3103"/>
    <region xml:id="seg-r1154" anchors="3104 3107"/>
    <region xml:id="seg-r1156" anchors="3108 3115"/>
    <region xml:id="seg-r1158" anchors="3116 3121"/>
    <region xml:id="seg-r1160" anchors="3122 3125"/>
    <region xml:id="seg-r1162" anchors="3126 3129"/>
    <region xml:id="seg-r1164" anchors="3130 3135"/>
    <region xml:id="seg-r1166" anchors="3136 3145"/>
    <region xml:id="seg-r1168" anchors="3146 3149"/>
    <region xml:id="seg-r1170" anchors="3150 3154"/>
    <region xml:id="seg-r1172" anchors="3155 3162"/>
    <region xml:id="seg-r1174" anchors="3163 3166"/>
    <region xml:id="seg-r1176" anchors="3167 3172"/>
    <region xml:id="seg-r1178" anchors="3173 3176"/>
    <region xml:id="seg-r1180" anchors="3177 3185"/>
    <region xml:id="seg-r1182" anchors="3186 3189"/>
    <region xml:id="seg-r1184" anchors="3190 3193"/>
    <region xml:id="seg-r1186" anchors="3194 3197"/>
    <region xml:id="seg-r1188" anchors="3198 3202"/>
    <region xml:id="seg-r1190" anchors="3203 3208"/>
    <region xml:id="seg-r1191" anchors="3208 3209"/>
    <region xml:id="seg-r1193" anchors="3211 3214"/>
    <region xml:id="seg-r1195" anchors="3215 3218"/>
    <region xml:id="seg-r1197" anchors="3219 3224"/>
    <region xml:id="seg-r1199" anchors="3225 3228"/>
    <region xml:id="seg-r1201" anchors="3229 3234"/>
    <region xml:id="seg-r1203" anchors="3235 3241"/>
    <region xml:id="seg-r1205" anchors="3242 3249"/>
    <region xml:id="seg-r1207" anchors="3250 3253"/>
    <region xml:id="seg-r1209" anchors="3254 3258"/>
    <region xml:id="seg-r1211" anchors="3259 3263"/>
    <region xml:id="seg-r1213" anchors="3264 3267"/>
    <region xml:id="seg-r1215" anchors="3268 3273"/>
    <region xml:id="seg-r1217" anchors="3274 3280"/>
    <region xml:id="seg-r1219" anchors="3281 3283"/>
    <region xml:id="seg-r1221" anchors="3284 3287"/>
    <region xml:id="seg-r1223" anchors="3288 3294"/>
    <region xml:id="seg-r1225" anchors="3295 3300"/>
    <region xml:id="seg-r1227" anchors="3301 3307"/>
    <region xml:id="seg-r1229" anchors="3308 3310"/>
    <region xml:id="seg-r1231" anchors="3311 3313"/>
    <region xml:id="seg-r1233" anchors="3314 3322"/>
    <region xml:id="seg-r1235" anchors="3323 3331"/>
    <region xml:id="seg-r1236" anchors="3331 3332"/>
    <region xml:id="seg-r1238" anchors="3333 3334"/>
    <region xml:id="seg-r1239" anchors="3334 3338"/>
    <region xml:id="seg-r1241" anchors="3339 3341"/>
    <region xml:id="seg-r1242" anchors="3341 3344"/>
    <region xml:id="seg-r1244" anchors="3345 3356"/>
    <region xml:id="seg-r1246" anchors="3357 3361"/>
    <region xml:id="seg-r1247" anchors="3361 3362"/>
    <region xml:id="seg-r1249" anchors="3363 3366"/>
    <region xml:id="seg-r1251" anchors="3367 3369"/>
    <region xml:id="seg-r1253" anchors="3370 3380"/>
    <region xml:id="seg-r1255" anchors="3381 3390"/>
    <region xml:id="seg-r1257" anchors="3391 3394"/>
    <region xml:id="seg-r1259" anchors="3395 3397"/>
    <region xml:id="seg-r1261" anchors="3398 3403"/>
    <region xml:id="seg-r1263" anchors="3404 3406"/>
    <region xml:id="seg-r1265" anchors="3407 3412"/>
    <region xml:id="seg-r1267" anchors="3413 3425"/>
    <region xml:id="seg-r1269" anchors="3426 3428"/>
    <region xml:id="seg-r1271" anchors="3429 3432"/>
    <region xml:id="seg-r1273" anchors="3433 3437"/>
    <region xml:id="seg-r1274" anchors="3437 3439"/>
    <region xml:id="seg-r1276" anchors="3440 3449"/>
    <region xml:id="seg-r1277" anchors="3449 3450"/>
    <region xml:id="seg-r1278" anchors="3450 3451"/>
    <region xml:id="seg-r1280" anchors="3452 3455"/>
    <region xml:id="seg-r1282" anchors="3456 3460"/>
    <region xml:id="seg-r1284" anchors="3461 3463"/>
    <region xml:id="seg-r1286" anchors="3464 3468"/>
    <region xml:id="seg-r1288" anchors="3469 3473"/>
    <region xml:id="seg-r1290" anchors="3474 3484"/>
    <region xml:id="seg-r1291" anchors="3484 3485"/>
    <region xml:id="seg-r1293" anchors="3486 3492"/>
    <region xml:id="seg-r1294" anchors="3492 3493"/>
    <region xml:id="seg-r1296" anchors="3494 3501"/>
    <region xml:id="seg-r1298" anchors="3502 3504"/>
    <region xml:id="seg-r1300" anchors="3505 3508"/>
    <region xml:id="seg-r1302" anchors="3509 3517"/>
    <region xml:id="seg-r1304" anchors="3518 3520"/>
    <region xml:id="seg-r1306" anchors="3521 3524"/>
    <region xml:id="seg-r1308" anchors="3525 3534"/>
    <region xml:id="seg-r1310" anchors="3535 3537"/>
    <region xml:id="seg-r1312" anchors="3538 3547"/>
    <region xml:id="seg-r1314" anchors="3548 3552"/>
    <region xml:id="seg-r1316" anchors="3553 3561"/>
    <region xml:id="seg-r1318" anchors="3562 3567"/>
    <region xml:id="seg-r1320" anchors="3568 3575"/>
    <region xml:id="seg-r1322" anchors="3576 3580"/>
    <region xml:id="seg-r1324" anchors="3581 3584"/>
    <region xml:id="seg-r1326" anchors="3585 3591"/>
    <region xml:id="seg-r1328" anchors="3592 3599"/>
    <region xml:id="seg-r1330" anchors="3600 3603"/>
    <region xml:id="seg-r1332" anchors="3604 3609"/>
    <region xml:id="seg-r1334" anchors="3610 3613"/>
    <region xml:id="seg-r1336" anchors="3614 3620"/>
    <region xml:id="seg-r1338" anchors="3621 3622"/>
    <region xml:id="seg-r1340" anchors="3623 3627"/>
    <region xml:id="seg-r1342" anchors="3628 3635"/>
    <region xml:id="seg-r1344" anchors="3636 3638"/>
    <region xml:id="seg-r1346" anchors="3639 3642"/>
    <region xml:id="seg-r1348" anchors="3643 3647"/>
    <region xml:id="seg-r1350" anchors="3648 3651"/>
    <region xml:id="seg-r1352" anchors="3652 3659"/>
    <region xml:id="seg-r1354" anchors="3660 3663"/>
    <region xml:id="seg-r1355" anchors="3663 3664"/>
    <region xml:id="seg-r1357" anchors="3665 3667"/>
    <region xml:id="seg-r1359" anchors="3668 3671"/>
    <region xml:id="seg-r1361" anchors="3672 3680"/>
    <region xml:id="seg-r1363" anchors="3681 3688"/>
    <region xml:id="seg-r1365" anchors="3689 3696"/>
    <region xml:id="seg-r1366" anchors="3696 3697"/>
    <region xml:id="seg-r1368" anchors="3698 3701"/>
    <region xml:id="seg-r1370" anchors="3702 3704"/>
    <region xml:id="seg-r1372" anchors="3705 3706"/>
    <region xml:id="seg-r1374" anchors="3707 3715"/>
    <region xml:id="seg-r1376" anchors="3716 3728"/>
    <region xml:id="seg-r1378" anchors="3729 3734"/>
    <region xml:id="seg-r1380" anchors="3735 3736"/>
    <region xml:id="seg-r1382" anchors="3737 3741"/>
    <region xml:id="seg-r1383" anchors="3741 3742"/>
    <region xml:id="seg-r1385" anchors="3743 3744"/>
    <region xml:id="seg-r1386" anchors="3744 3753"/>
    <region xml:id="seg-r1388" anchors="3754 3757"/>
    <region xml:id="seg-r1390" anchors="3758 3770"/>
    <region xml:id="seg-r1392" anchors="3771 3773"/>
    <region xml:id="seg-r1394" anchors="3774 3781"/>
    <region xml:id="seg-r1396" anchors="3782 3795"/>
    <region xml:id="seg-r1398" anchors="3796 3799"/>
    <region xml:id="seg-r1400" anchors="3800 3805"/>
    <region xml:id="seg-r1402" anchors="3806 3810"/>
    <region xml:id="seg-r1404" anchors="3811 3814"/>
    <region xml:id="seg-r1406" anchors="3815 3820"/>
    <region xml:id="seg-r1408" anchors="3821 3822"/>
    <region xml:id="seg-r1410" anchors="3823 3824"/>
    <region xml:id="seg-r1411" anchors="3824 3828"/>
    <region xml:id="seg-r1412" anchors="3828 3829"/>
    <region xml:id="seg-r1414" anchors="3830 3840"/>
    <region xml:id="seg-r1416" anchors="3841 3843"/>
    <region xml:id="seg-r1418" anchors="3844 3847"/>
    <region xml:id="seg-r1420" anchors="3848 3854"/>
    <region xml:id="seg-r1422" anchors="3855 3857"/>
    <region xml:id="seg-r1424" anchors="3858 3861"/>
    <region xml:id="seg-r1426" anchors="3862 3866"/>
    <region xml:id="seg-r1428" anchors="3867 3871"/>
    <region xml:id="seg-r1430" anchors="3872 3875"/>
    <region xml:id="seg-r1432" anchors="3876 3887"/>
    <region xml:id="seg-r1434" anchors="3888 3891"/>
    <region xml:id="seg-r1436" anchors="3892 3900"/>
    <region xml:id="seg-r1437" anchors="3900 3901"/>
    <region xml:id="seg-r1438" anchors="3901 3902"/>
    <region xml:id="seg-r1439" anchors="3902 3909"/>
    <region xml:id="seg-r1441" anchors="3910 3912"/>
    <region xml:id="seg-r1443" anchors="3913 3915"/>
    <region xml:id="seg-r1444" anchors="3915 3916"/>
    <region xml:id="seg-r1445" anchors="3916 3917"/>
    <region xml:id="seg-r1447" anchors="3918 3919"/>
    <region xml:id="seg-r1449" anchors="3920 3924"/>
    <region xml:id="seg-r1451" anchors="3925 3932"/>
    <region xml:id="seg-r1453" anchors="3933 3937"/>
    <region xml:id="seg-r1455" anchors="3938 3945"/>
    <region xml:id="seg-r1457" anchors="3946 3948"/>
    <region xml:id="seg-r1459" anchors="3949 3953"/>
    <region xml:id="seg-r1461" anchors="3954 3955"/>
    <region xml:id="seg-r1463" anchors="3956 3963"/>
    <region xml:id="seg-r1465" anchors="3964 3967"/>
    <region xml:id="seg-r1467" anchors="3968 3972"/>
    <region xml:id="seg-r1469" anchors="3973 3977"/>
    <region xml:id="seg-r1471" anchors="3978 3981"/>
    <region xml:id="seg-r1473" anchors="3982 3986"/>
    <region xml:id="seg-r1475" anchors="3987 3990"/>
    <region xml:id="seg-r1476" anchors="3990 3991"/>
    <region xml:id="seg-r1478" anchors="3992 3994"/>
    <region xml:id="seg-r1480" anchors="3995 3998"/>
    <region xml:id="seg-r1482" anchors="3999 4007"/>
    <region xml:id="seg-r1484" anchors="4008 4015"/>
    <region xml:id="seg-r1485" anchors="4015 4016"/>
    <region xml:id="seg-r1487" anchors="4017 4020"/>
    <region xml:id="seg-r1489" anchors="4021 4025"/>
    <region xml:id="seg-r1491" anchors="4026 4031"/>
    <region xml:id="seg-r1493" anchors="4032 4034"/>
    <region xml:id="seg-r1495" anchors="4035 4039"/>
    <region xml:id="seg-r1497" anchors="4040 4044"/>
    <region xml:id="seg-r1499" anchors="4045 4048"/>
    <region xml:id="seg-r1501" anchors="4049 4051"/>
    <region xml:id="seg-r1503" anchors="4052 4059"/>
    <region xml:id="seg-r1505" anchors="4060 4062"/>
    <region xml:id="seg-r1507" anchors="4063 4064"/>
    <region xml:id="seg-r1509" anchors="4065 4068"/>
    <region xml:id="seg-r1511" anchors="4069 4071"/>
    <region xml:id="seg-r1513" anchors="4072 4081"/>
    <region xml:id="seg-r1515" anchors="4082 4093"/>
    <region xml:id="seg-r1517" anchors="4094 4100"/>
    <region xml:id="seg-r1519" anchors="4101 4110"/>
    <region xml:id="seg-r1521" anchors="4111 4113"/>
    <region xml:id="seg-r1523" anchors="4114 4115"/>
    <region xml:id="seg-r1525" anchors="4116 4121"/>
    <region xml:id="seg-r1527" anchors="4122 4124"/>
    <region xml:id="seg-r1529" anchors="4125 4133"/>
    <region xml:id="seg-r1531" anchors="4134 4140"/>
    <region xml:id="seg-r1533" anchors="4141 4145"/>
    <region xml:id="seg-r1535" anchors="4146 4148"/>
    <region xml:id="seg-r1537" anchors="4149 4155"/>
    <region xml:id="seg-r1539" anchors="4156 4158"/>
    <region xml:id="seg-r1541" anchors="4159 4165"/>
    <region xml:id="seg-r1543" anchors="4166 4173"/>
    <region xml:id="seg-r1545" anchors="4174 4179"/>
    <region xml:id="seg-r1547" anchors="4180 4182"/>
    <region xml:id="seg-r1549" anchors="4183 4187"/>
    <region xml:id="seg-r1551" anchors="4188 4191"/>
    <region xml:id="seg-r1553" anchors="4192 4197"/>
    <region xml:id="seg-r1555" anchors="4198 4200"/>
    <region xml:id="seg-r1557" anchors="4201 4207"/>
    <region xml:id="seg-r1558" anchors="4207 4208"/>
    <region xml:id="seg-r1560" anchors="4210 4211"/>
    <region xml:id="seg-r1561" anchors="4211 4213"/>
    <region xml:id="seg-r1563" anchors="4214 4216"/>
    <region xml:id="seg-r1565" anchors="4217 4220"/>
    <region xml:id="seg-r1566" anchors="4220 4223"/>
    <region xml:id="seg-r1567" anchors="4223 4224"/>
    <region xml:id="seg-r1569" anchors="4225 4229"/>
    <region xml:id="seg-r1571" anchors="4230 4235"/>
    <region xml:id="seg-r1573" anchors="4236 4240"/>
    <region xml:id="seg-r1574" anchors="4240 4241"/>
    <region xml:id="seg-r1576" anchors="4242 4244"/>
    <region xml:id="seg-r1577" anchors="4244 4245"/>
    <region xml:id="seg-r1579" anchors="4246 4249"/>
    <region xml:id="seg-r1581" anchors="4250 4259"/>
    <region xml:id="seg-r1582" anchors="4259 4260"/>
    <region xml:id="seg-r1584" anchors="4261 4263"/>
    <region xml:id="seg-r1586" anchors="4264 4268"/>
    <region xml:id="seg-r1587" anchors="4268 4270"/>
    <region xml:id="seg-r1589" anchors="4271 4274"/>
    <region xml:id="seg-r1591" anchors="4275 4276"/>
    <region xml:id="seg-r1593" anchors="4277 4284"/>
    <region xml:id="seg-r1595" anchors="4285 4286"/>
    <region xml:id="seg-r1597" anchors="4287 4295"/>
    <region xml:id="seg-r1599" anchors="4296 4300"/>
    <region xml:id="seg-r1600" anchors="4300 4301"/>
    <region xml:id="seg-r1602" anchors="4302 4304"/>
    <region xml:id="seg-r1603" anchors="4304 4306"/>
    <region xml:id="seg-r1605" anchors="4307 4314"/>
    <region xml:id="seg-r1607" anchors="4315 4318"/>
    <region xml:id="seg-r1609" anchors="4319 4323"/>
    <region xml:id="seg-r1611" anchors="4324 4325"/>
    <region xml:id="seg-r1613" anchors="4326 4338"/>
    <region xml:id="seg-r1615" anchors="4339 4343"/>
    <region xml:id="seg-r1616" anchors="4343 4344"/>
    <region xml:id="seg-r1618" anchors="4345 4352"/>
    <region xml:id="seg-r1620" anchors="4353 4358"/>
    <region xml:id="seg-r1622" anchors="4359 4362"/>
    <region xml:id="seg-r1624" anchors="4363 4366"/>
    <region xml:id="seg-r1626" anchors="4367 4371"/>
    <region xml:id="seg-r1627" anchors="4371 4373"/>
    <region xml:id="seg-r1629" anchors="4374 4379"/>
    <region xml:id="seg-r1631" anchors="4380 4385"/>
    <region xml:id="seg-r1632" anchors="4385 4386"/>
    <region xml:id="seg-r1634" anchors="4387 4390"/>
    <region xml:id="seg-r1636" anchors="4391 4396"/>
    <region xml:id="seg-r1638" anchors="4397 4400"/>
    <region xml:id="seg-r1640" anchors="4401 4403"/>
    <region xml:id="seg-r1642" anchors="4404 4407"/>
    <region xml:id="seg-r1644" anchors="4408 4409"/>
    <region xml:id="seg-r1646" anchors="4413 4415"/>
    <region xml:id="seg-r1648" anchors="4416 4419"/>
    <region xml:id="seg-r1650" anchors="4420 4422"/>
    <region xml:id="seg-r1652" anchors="4423 4430"/>
    <region xml:id="seg-r1653" anchors="4430 4431"/>
    <region xml:id="seg-r1655" anchors="4432 4435"/>
    <region xml:id="seg-r1657" anchors="4436 4438"/>
    <region xml:id="seg-r1659" anchors="4439 4442"/>
    <region xml:id="seg-r1661" anchors="4443 4445"/>
    <region xml:id="seg-r1663" anchors="4446 4454"/>
    <region xml:id="seg-r1664" anchors="4454 4455"/>
    <region xml:id="seg-r1666" anchors="4456 4459"/>
    <region xml:id="seg-r1668" anchors="4460 4464"/>
    <region xml:id="seg-r1670" anchors="4465 4469"/>
    <region xml:id="seg-r1672" anchors="4470 4475"/>
    <region xml:id="seg-r1674" anchors="4476 4480"/>
    <region xml:id="seg-r1676" anchors="4481 4485"/>
    <region xml:id="seg-r1678" anchors="4486 4489"/>
    <region xml:id="seg-r1680" anchors="4490 4498"/>
    <region xml:id="seg-r1682" anchors="4499 4502"/>
    <region xml:id="seg-r1684" anchors="4503 4507"/>
    <region xml:id="seg-r1686" anchors="4508 4511"/>
    <region xml:id="seg-r1688" anchors="4512 4519"/>
    <region xml:id="seg-r1690" anchors="4520 4528"/>
    <region xml:id="seg-r1692" anchors="4529 4531"/>
    <region xml:id="seg-r1694" anchors="4532 4536"/>
    <region xml:id="seg-r1696" anchors="4537 4540"/>
    <region xml:id="seg-r1698" anchors="4541 4544"/>
    <region xml:id="seg-r1700" anchors="4545 4549"/>
    <region xml:id="seg-r1702" anchors="4550 4552"/>
    <region xml:id="seg-r1704" anchors="4553 4556"/>
    <region xml:id="seg-r1706" anchors="4557 4561"/>
    <region xml:id="seg-r1708" anchors="4562 4564"/>
    <region xml:id="seg-r1710" anchors="4565 4567"/>
    <region xml:id="seg-r1712" anchors="4568 4571"/>
    <region xml:id="seg-r1714" anchors="4572 4580"/>
    <region xml:id="seg-r1716" anchors="4581 4585"/>
    <region xml:id="seg-r1718" anchors="4586 4589"/>
    <region xml:id="seg-r1720" anchors="4590 4593"/>
    <region xml:id="seg-r1722" anchors="4594 4597"/>
    <region xml:id="seg-r1724" anchors="4598 4602"/>
    <region xml:id="seg-r1726" anchors="4603 4607"/>
    <region xml:id="seg-r1728" anchors="4608 4610"/>
    <region xml:id="seg-r1730" anchors="4611 4616"/>
    <region xml:id="seg-r1732" anchors="4617 4621"/>
    <region xml:id="seg-r1734" anchors="4622 4624"/>
    <region xml:id="seg-r1736" anchors="4625 4629"/>
    <region xml:id="seg-r1738" anchors="4630 4635"/>
    <region xml:id="seg-r1739" anchors="4635 4636"/>
    <region xml:id="seg-r1741" anchors="4637 4638"/>
    <region xml:id="seg-r1743" anchors="4639 4643"/>
    <region xml:id="seg-r1745" anchors="4644 4648"/>
    <region xml:id="seg-r1747" anchors="4649 4651"/>
    <region xml:id="seg-r1749" anchors="4652 4656"/>
    <region xml:id="seg-r1751" anchors="4657 4661"/>
    <region xml:id="seg-r1752" anchors="4661 4662"/>
    <region xml:id="seg-r1754" anchors="4663 4666"/>
    <region xml:id="seg-r1756" anchors="4667 4670"/>
    <region xml:id="seg-r1758" anchors="4671 4675"/>
    <region xml:id="seg-r1760" anchors="4676 4678"/>
    <region xml:id="seg-r1762" anchors="4679 4682"/>
    <region xml:id="seg-r1764" anchors="4683 4686"/>
    <region xml:id="seg-r1766" anchors="4687 4689"/>
    <region xml:id="seg-r1768" anchors="4690 4693"/>
    <region xml:id="seg-r1770" anchors="4694 4698"/>
    <region xml:id="seg-r1772" anchors="4699 4702"/>
    <region xml:id="seg-r1774" anchors="4703 4706"/>
    <region xml:id="seg-r1776" anchors="4707 4709"/>
    <region xml:id="seg-r1778" anchors="4710 4713"/>
    <region xml:id="seg-r1780" anchors="4714 4719"/>
    <region xml:id="seg-r1782" anchors="4720 4723"/>
    <region xml:id="seg-r1784" anchors="4724 4730"/>
    <region xml:id="seg-r1786" anchors="4731 4734"/>
    <region xml:id="seg-r1788" anchors="4735 4741"/>
    <region xml:id="seg-r1790" anchors="4742 4745"/>
    <region xml:id="seg-r1792" anchors="4746 4752"/>
    <region xml:id="seg-r1794" anchors="4753 4755"/>
    <region xml:id="seg-r1796" anchors="4756 4759"/>
    <region xml:id="seg-r1798" anchors="4760 4763"/>
    <region xml:id="seg-r1800" anchors="4764 4767"/>
    <region xml:id="seg-r1802" anchors="4768 4772"/>
    <region xml:id="seg-r1804" anchors="4773 4777"/>
    <region xml:id="seg-r1806" anchors="4778 4782"/>
    <region xml:id="seg-r1808" anchors="4783 4786"/>
    <region xml:id="seg-r1810" anchors="4787 4792"/>
    <region xml:id="seg-r1812" anchors="4793 4795"/>
    <region xml:id="seg-r1814" anchors="4796 4798"/>
    <region xml:id="seg-r1816" anchors="4799 4803"/>
    <region xml:id="seg-r1818" anchors="4804 4809"/>
    <region xml:id="seg-r1819" anchors="4809 4810"/>
    <region xml:id="seg-r1821" anchors="4812 4818"/>
    <region xml:id="seg-r1823" anchors="4819 4821"/>
    <region xml:id="seg-r1824" anchors="4821 4822"/>
    <region xml:id="seg-r1826" anchors="4823 4828"/>
    <region xml:id="seg-r1828" anchors="4829 4830"/>
    <region xml:id="seg-r1830" anchors="4831 4840"/>
    <region xml:id="seg-r1831" anchors="4840 4841"/>
    <region xml:id="seg-r1833" anchors="4842 4844"/>
    <region xml:id="seg-r1835" anchors="4845 4848"/>
    <region xml:id="seg-r1837" anchors="4849 4853"/>
    <region xml:id="seg-r1839" anchors="4854 4856"/>
    <region xml:id="seg-r1841" anchors="4857 4862"/>
    <region xml:id="seg-r1843" anchors="4863 4865"/>
    <region xml:id="seg-r1845" anchors="4868 4872"/>
    <region xml:id="seg-r1847" anchors="4873 4874"/>
    <region xml:id="seg-r1849" anchors="4875 4880"/>
    <region xml:id="seg-r1851" anchors="4881 4889"/>
    <region xml:id="seg-r1853" anchors="4890 4894"/>
    <region xml:id="seg-r1855" anchors="4895 4900"/>
    <region xml:id="seg-r1857" anchors="4901 4906"/>
    <region xml:id="seg-r1859" anchors="4907 4918"/>
    <region xml:id="seg-r1861" anchors="4919 4920"/>
    <region xml:id="seg-r1863" anchors="4921 4927"/>
    <region xml:id="seg-r1865" anchors="4928 4931"/>
    <region xml:id="seg-r1867" anchors="4932 4933"/>
    <region xml:id="seg-r1869" anchors="4934 4942"/>
    <region xml:id="seg-r1871" anchors="4944 4950"/>
    <region xml:id="seg-r1873" anchors="4951 4953"/>
    <region xml:id="seg-r1874" anchors="4953 4954"/>
    <region xml:id="seg-r1876" anchors="4955 4964"/>
    <region xml:id="seg-r1878" anchors="4965 4966"/>
    <region xml:id="seg-r1880" anchors="4967 4976"/>
    <region xml:id="seg-r1881" anchors="4976 4977"/>
    <region xml:id="seg-r1883" anchors="4978 4980"/>
    <region xml:id="seg-r1885" anchors="4981 4984"/>
    <region xml:id="seg-r1887" anchors="4985 4989"/>
    <region xml:id="seg-r1889" anchors="4990 4992"/>
    <region xml:id="seg-r1891" anchors="4993 4998"/>
    <region xml:id="seg-r1893" anchors="4999 5001"/>
    <region xml:id="seg-r1895" anchors="5004 5009"/>
    <region xml:id="seg-r1896" anchors="5009 5010"/>
    <region xml:id="seg-r1898" anchors="5011 5012"/>
    <region xml:id="seg-r1900" anchors="5013 5015"/>
    <region xml:id="seg-r1901" anchors="5015 5018"/>
    <region xml:id="seg-r1903" anchors="5019 5027"/>
    <region xml:id="seg-r1905" anchors="5028 5032"/>
    <region xml:id="seg-r1907" anchors="5033 5035"/>
    <region xml:id="seg-r1909" anchors="5036 5046"/>
    <region xml:id="seg-r1911" anchors="5047 5050"/>
    <region xml:id="seg-r1912" anchors="5050 5051"/>
    <region xml:id="seg-r1914" anchors="5052 5055"/>
    <region xml:id="seg-r1916" anchors="5056 5058"/>
    <region xml:id="seg-r1918" anchors="5059 5063"/>
    <region xml:id="seg-r1920" anchors="5064 5068"/>
    <region xml:id="seg-r1922" anchors="5069 5070"/>
    <region xml:id="seg-r1924" anchors="5071 5075"/>
    <region xml:id="seg-r1925" anchors="5075 5076"/>
    <region xml:id="seg-r1927" anchors="5077 5078"/>
    <region xml:id="seg-r1928" anchors="5078 5080"/>
    <region xml:id="seg-r1930" anchors="5081 5084"/>
    <region xml:id="seg-r1932" anchors="5085 5088"/>
    <region xml:id="seg-r1934" anchors="5089 5092"/>
    <region xml:id="seg-r1936" anchors="5093 5095"/>
    <region xml:id="seg-r1938" anchors="5096 5104"/>
    <region xml:id="seg-r1939" anchors="5104 5105"/>
    <region xml:id="seg-r1941" anchors="5106 5111"/>
    <region xml:id="seg-r1942" anchors="5111 5112"/>
    <region xml:id="seg-r1944" anchors="5113 5114"/>
    <region xml:id="seg-r1945" anchors="5114 5116"/>
    <region xml:id="seg-r1947" anchors="5117 5123"/>
    <region xml:id="seg-r1949" anchors="5124 5126"/>
    <region xml:id="seg-r1951" anchors="5127 5131"/>
    <region xml:id="seg-r1953" anchors="5132 5134"/>
    <region xml:id="seg-r1955" anchors="5135 5142"/>
    <region xml:id="seg-r1957" anchors="5143 5145"/>
    <region xml:id="seg-r1959" anchors="5146 5155"/>
    <region xml:id="seg-r1960" anchors="5155 5156"/>
    <region xml:id="seg-r1962" anchors="5157 5168"/>
    <region xml:id="seg-r1964" anchors="5169 5173"/>
    <region xml:id="seg-r1965" anchors="5173 5174"/>
    <region xml:id="seg-r1967" anchors="5176 5182"/>
    <region xml:id="seg-r1969" anchors="5183 5185"/>
    <region xml:id="seg-r1970" anchors="5185 5186"/>
    <region xml:id="seg-r1972" anchors="5187 5190"/>
    <region xml:id="seg-r1974" anchors="5191 5192"/>
    <region xml:id="seg-r1976" anchors="5193 5202"/>
    <region xml:id="seg-r1977" anchors="5202 5203"/>
    <region xml:id="seg-r1979" anchors="5204 5206"/>
    <region xml:id="seg-r1981" anchors="5207 5210"/>
    <region xml:id="seg-r1983" anchors="5211 5215"/>
    <region xml:id="seg-r1985" anchors="5216 5218"/>
    <region xml:id="seg-r1987" anchors="5219 5224"/>
    <region xml:id="seg-r1989" anchors="5225 5227"/>
    <region xml:id="seg-r1991" anchors="5230 5232"/>
    <region xml:id="seg-r1992" anchors="5232 5233"/>
    <region xml:id="seg-r1994" anchors="5234 5239"/>
    <region xml:id="seg-r1996" anchors="5240 5241"/>
    <region xml:id="seg-r1998" anchors="5242 5245"/>
    <region xml:id="seg-r2000" anchors="5246 5256"/>
    <region xml:id="seg-r2001" anchors="5256 5257"/>
    <region xml:id="seg-r2003" anchors="5259 5260"/>
    <region xml:id="seg-r2005" anchors="5261 5263"/>
    <region xml:id="seg-r2006" anchors="5263 5266"/>
    <region xml:id="seg-r2008" anchors="5267 5271"/>
    <region xml:id="seg-r2010" anchors="5272 5274"/>
    <region xml:id="seg-r2012" anchors="5275 5278"/>
    <region xml:id="seg-r2014" anchors="5279 5288"/>
    <region xml:id="seg-r2015" anchors="5288 5290"/>
    <region xml:id="seg-r2017" anchors="5291 5293"/>
    <region xml:id="seg-r2019" anchors="5294 5295"/>
    <region xml:id="seg-r2021" anchors="5296 5299"/>
    <region xml:id="seg-r2023" anchors="5300 5305"/>
    <region xml:id="seg-r2025" anchors="5306 5311"/>
    <region xml:id="seg-r2027" anchors="5312 5317"/>
    <region xml:id="seg-r2029" anchors="5318 5322"/>
    <region xml:id="seg-r2031" anchors="5323 5325"/>
    <region xml:id="seg-r2033" anchors="5326 5329"/>
    <region xml:id="seg-r2035" anchors="5330 5333"/>
    <region xml:id="seg-r2037" anchors="5334 5339"/>
    <region xml:id="seg-r2039" anchors="5340 5344"/>
    <region xml:id="seg-r2040" anchors="5344 5345"/>
    <region xml:id="seg-r2042" anchors="5347 5353"/>
    <region xml:id="seg-r2044" anchors="5354 5356"/>
    <region xml:id="seg-r2045" anchors="5356 5357"/>
    <region xml:id="seg-r2047" anchors="5358 5367"/>
    <region xml:id="seg-r2049" anchors="5368 5369"/>
    <region xml:id="seg-r2051" anchors="5370 5378"/>
    <region xml:id="seg-r2052" anchors="5378 5379"/>
    <region xml:id="seg-r2054" anchors="5380 5382"/>
    <region xml:id="seg-r2056" anchors="5383 5386"/>
    <region xml:id="seg-r2058" anchors="5387 5391"/>
    <region xml:id="seg-r2060" anchors="5392 5394"/>
    <region xml:id="seg-r2062" anchors="5395 5400"/>
    <region xml:id="seg-r2064" anchors="5401 5403"/>
</graph>
