<graph xmlns="http://www.xces.org/ns/GrAF/1.0/" xmlns:graf="http://www.xces.org/ns/GrAF/1.0/">
  <graphHeader>
    <labelsDecl>
      <labelUsage label="person" occurs="15"/>
      <labelUsage label="location" occurs="11"/>
      <labelUsage label="date" occurs="13"/>
      <labelUsage label="org" occurs="4"/>
    </labelsDecl>
    <dependencies>
      <dependsOn f.id="f.penn"/>
    </dependencies>
    <annotationSpaces>
      <annotationSpace as.id="anc"/>
    </annotationSpaces>
  </graphHeader>
  <node xml:id="ne-n0"/>
  <a xml:id="ne-N65579" label="date" ref="ne-n0" as="anc">
    <fs>
      <f name="kind" value="dateTime"/>
      <f name="id" value="110095"/>
    </fs>
  </a>
  <node xml:id="ne-n1"/>
  <a xml:id="ne-N65599" label="location" ref="ne-n1" as="anc">
    <fs>
      <f name="type" value="country"/>
      <f name="number" value="singular"/>
      <f name="case" value="objective"/>
      <f name="person" value="third"/>
      <f name="id" value="1455"/>
    </fs>
  </a>
  <node xml:id="ne-n10"/>
  <a xml:id="ne-N65631" label="date" ref="ne-n10" as="anc">
    <fs>
      <f name="kind" value="dateTime"/>
      <f name="id" value="331219"/>
    </fs>
  </a>
  <node xml:id="ne-n11"/>
  <a xml:id="ne-N65651" label="date" ref="ne-n11" as="anc">
    <fs>
      <f name="id" value="22995"/>
      <f name="kind" value="time"/>
    </fs>
  </a>
  <node xml:id="ne-n12"/>
  <a xml:id="ne-N65671" label="date" ref="ne-n12" as="anc">
    <fs>
      <f name="kind" value="time"/>
      <f name="id" value="9005"/>
    </fs>
  </a>
  <node xml:id="ne-n13"/>
  <a xml:id="ne-N65691" label="org" ref="ne-n13" as="anc">
    <fs>
      <f name="type" value="newspaper/media"/>
      <f name="number" value="singular"/>
      <f name="case" value="objective"/>
      <f name="person" value="third"/>
      <f name="id" value="1464"/>
    </fs>
  </a>
  <node xml:id="ne-n14"/>
  <a xml:id="ne-N65723" label="location" ref="ne-n14" as="anc">
    <fs>
      <f name="type" value="city"/>
      <f name="number" value="singular"/>
      <f name="case" value="objective"/>
      <f name="person" value="third"/>
      <f name="id" value="1465"/>
    </fs>
  </a>
  <node xml:id="ne-n15"/>
  <a xml:id="ne-N65755" label="location" ref="ne-n15" as="anc">
    <fs>
      <f name="type" value="city"/>
      <f name="number" value="singular"/>
      <f name="case" value="objective"/>
      <f name="person" value="third"/>
      <f name="id" value="1466"/>
    </fs>
  </a>
  <node xml:id="ne-n16"/>
  <a xml:id="ne-N65787" label="location" ref="ne-n16" as="anc">
    <fs>
      <f name="type" value="city"/>
      <f name="number" value="singular"/>
      <f name="case" value="objective"/>
      <f name="person" value="third"/>
      <f name="id" value="1467"/>
    </fs>
  </a>
  <node xml:id="ne-n17"/>
  <a xml:id="ne-N65819" label="person" ref="ne-n17" as="anc">
    <fs>
      <f name="sex" value="male"/>
      <f name="id" value="12518"/>
    </fs>
  </a>
  <node xml:id="ne-n18"/>
  <a xml:id="ne-N65839" label="person" ref="ne-n18" as="anc">
    <fs>
      <f name="sex" value="female"/>
      <f name="id" value="14698"/>
    </fs>
  </a>
  <node xml:id="ne-n19"/>
  <a xml:id="ne-N65859" label="person" ref="ne-n19" as="anc">
    <fs>
      <f name="sex" value="male"/>
      <f name="person" value="third"/>
      <f name="number" value="singular"/>
      <f name="case" value="objective"/>
      <f name="id" value="1469"/>
    </fs>
  </a>
  <node xml:id="ne-n2"/>
  <a xml:id="ne-N65891" label="location" ref="ne-n2" as="anc">
    <fs>
      <f name="id" value="1456"/>
      <f name="person" value="third"/>
      <f name="case" value="objective"/>
      <f name="number" value="singular"/>
      <f name="type" value="region"/>
    </fs>
  </a>
  <node xml:id="ne-n20"/>
  <a xml:id="ne-N65923" label="person" ref="ne-n20" as="anc">
    <fs>
      <f name="person" value="third"/>
      <f name="id" value="1470"/>
      <f name="sex" value="male"/>
      <f name="number" value="singular"/>
      <f name="case" value="objective"/>
    </fs>
  </a>
  <node xml:id="ne-n21"/>
  <a xml:id="ne-N65955" label="person" ref="ne-n21" as="anc">
    <fs>
      <f name="sex" value="female"/>
      <f name="number" value="singular"/>
      <f name="case" value="objective"/>
      <f name="person" value="third"/>
      <f name="id" value="1471"/>
    </fs>
  </a>
  <node xml:id="ne-n22"/>
  <a xml:id="ne-N65987" label="org" ref="ne-n22" as="anc">
    <fs>
      <f name="type" value="other"/>
      <f name="id" value="14716"/>
    </fs>
  </a>
  <node xml:id="ne-n23"/>
  <a xml:id="ne-N66007" label="org" ref="ne-n23" as="anc">
    <fs>
      <f name="id" value="14726"/>
      <f name="type" value="other"/>
    </fs>
  </a>
  <node xml:id="ne-n24"/>
  <a xml:id="ne-N66027" label="person" ref="ne-n24" as="anc">
    <fs>
      <f name="sex" value="female"/>
      <f name="number" value="singular"/>
      <f name="case" value="objective"/>
      <f name="person" value="third"/>
      <f name="id" value="1472"/>
    </fs>
  </a>
  <node xml:id="ne-n25"/>
  <a xml:id="ne-N66059" label="location" ref="ne-n25" as="anc">
    <fs>
      <f name="id" value="1473"/>
      <f name="number" value="singular"/>
      <f name="case" value="objective"/>
      <f name="person" value="third"/>
      <f name="type" value="educational_facility"/>
    </fs>
  </a>
  <node xml:id="ne-n26"/>
  <a xml:id="ne-N66091" label="person" ref="ne-n26" as="anc">
    <fs>
      <f name="id" value="1474"/>
      <f name="person" value="third"/>
      <f name="case" value="objective"/>
      <f name="number" value="singular"/>
      <f name="sex" value="male"/>
    </fs>
  </a>
  <node xml:id="ne-n27"/>
  <a xml:id="ne-N66123" label="location" ref="ne-n27" as="anc">
    <fs>
      <f name="type" value="city"/>
      <f name="number" value="singular"/>
      <f name="case" value="nominative"/>
      <f name="person" value="third"/>
      <f name="id" value="1475"/>
    </fs>
  </a>
  <node xml:id="ne-n28"/>
  <a xml:id="ne-N66155" label="location" ref="ne-n28" as="anc">
    <fs>
      <f name="type" value="city"/>
      <f name="number" value="singular"/>
      <f name="case" value="objective"/>
      <f name="person" value="third"/>
      <f name="id" value="1476"/>
    </fs>
  </a>
  <node xml:id="ne-n29"/>
  <a xml:id="ne-N66187" label="person" ref="ne-n29" as="anc">
    <fs>
      <f name="id" value="13167"/>
      <f name="sex" value="male"/>
    </fs>
  </a>
  <node xml:id="ne-n3"/>
  <a xml:id="ne-N66207" label="location" ref="ne-n3" as="anc">
    <fs>
      <f name="type" value="country"/>
      <f name="number" value="singular"/>
      <f name="case" value="objective"/>
      <f name="person" value="third"/>
      <f name="id" value="1457"/>
    </fs>
  </a>
  <node xml:id="ne-n30"/>
  <a xml:id="ne-N66239" label="location" ref="ne-n30" as="anc">
    <fs>
      <f name="id" value="1477"/>
      <f name="number" value="singular"/>
      <f name="case" value="nominative"/>
      <f name="person" value="third"/>
      <f name="type" value="facility"/>
    </fs>
  </a>
  <node xml:id="ne-n31"/>
  <a xml:id="ne-N66271" label="date" ref="ne-n31" as="anc">
    <fs>
      <f name="kind" value="date"/>
      <f name="id" value="9010"/>
    </fs>
  </a>
  <node xml:id="ne-n32"/>
  <a xml:id="ne-N66291" label="person" ref="ne-n32" as="anc">
    <fs>
      <f name="sex" value="male"/>
      <f name="case" value="objective"/>
      <f name="person" value="third"/>
      <f name="number" value="singular"/>
      <f name="id" value="1479"/>
    </fs>
  </a>
  <node xml:id="ne-n33"/>
  <a xml:id="ne-N66323" label="person" ref="ne-n33" as="anc">
    <fs>
      <f name="id" value="9901"/>
      <f name="sex" value="unknown"/>
    </fs>
  </a>
  <node xml:id="ne-n34"/>
  <a xml:id="ne-N66343" label="date" ref="ne-n34" as="anc">
    <fs>
      <f name="id" value="111232"/>
      <f name="kind" value="dateTime"/>
    </fs>
  </a>
  <node xml:id="ne-n35"/>
  <a xml:id="ne-N66363" label="person" ref="ne-n35" as="anc">
    <fs>
      <f name="id" value="14247"/>
      <f name="sex" value="unknown"/>
    </fs>
  </a>
  <node xml:id="ne-n36"/>
  <a xml:id="ne-N66383" label="date" ref="ne-n36" as="anc">
    <fs>
      <f name="id" value="29456"/>
      <f name="kind" value="dateTime"/>
    </fs>
  </a>
  <node xml:id="ne-n37"/>
  <a xml:id="ne-N66403" label="person" ref="ne-n37" as="anc">
    <fs>
      <f name="sex" value="unknown"/>
      <f name="id" value="14277"/>
    </fs>
  </a>
  <node xml:id="ne-n38"/>
  <a xml:id="ne-N66423" label="person" ref="ne-n38" as="anc">
    <fs>
      <f name="sex" value="male"/>
      <f name="id" value="17257"/>
    </fs>
  </a>
  <node xml:id="ne-n39"/>
  <a xml:id="ne-N66443" label="date" ref="ne-n39" as="anc">
    <fs>
      <f name="id" value="22651"/>
      <f name="kind" value="dateTime"/>
    </fs>
  </a>
  <node xml:id="ne-n4"/>
  <a xml:id="ne-N66463" label="location" ref="ne-n4" as="anc">
    <fs>
      <f name="type" value="region"/>
      <f name="number" value="singular"/>
      <f name="case" value="objective"/>
      <f name="person" value="third"/>
      <f name="id" value="1458"/>
    </fs>
  </a>
  <node xml:id="ne-n40"/>
  <a xml:id="ne-N66495" label="person" ref="ne-n40" as="anc">
    <fs>
      <f name="id" value="1486"/>
      <f name="number" value="singular"/>
      <f name="person" value="third"/>
      <f name="case" value="objective"/>
      <f name="sex" value="female"/>
    </fs>
  </a>
  <node xml:id="ne-n41"/>
  <a xml:id="ne-N66527" label="person" ref="ne-n41" as="anc">
    <fs>
      <f name="id" value="14509"/>
      <f name="sex" value="unknown"/>
    </fs>
  </a>
  <node xml:id="ne-n42"/>
  <a xml:id="ne-N66547" label="date" ref="ne-n42" as="anc">
    <fs>
      <f name="id" value="222365"/>
      <f name="kind" value="dateTime"/>
    </fs>
  </a>
  <node xml:id="ne-n5"/>
  <a xml:id="ne-N66567" label="date" ref="ne-n5" as="anc">
    <fs>
      <f name="kind" value="date"/>
      <f name="id" value="119399"/>
    </fs>
  </a>
  <node xml:id="ne-n6"/>
  <a xml:id="ne-N66587" label="date" ref="ne-n6" as="anc">
    <fs>
      <f name="kind" value="duration"/>
      <f name="id" value="331198"/>
    </fs>
  </a>
  <node xml:id="ne-n7"/>
  <a xml:id="ne-N66607" label="date" ref="ne-n7" as="anc">
    <fs>
      <f name="kind" value="time"/>
      <f name="id" value="331209"/>
    </fs>
  </a>
  <node xml:id="ne-n8"/>
  <a xml:id="ne-N66627" label="org" ref="ne-n8" as="anc">
    <fs>
      <f name="type" value="newspaper/media"/>
      <f name="number" value="singular"/>
      <f name="case" value="objective"/>
      <f name="person" value="third"/>
      <f name="id" value="1461"/>
    </fs>
  </a>
  <node xml:id="ne-n9"/>
  <a xml:id="ne-N66659" label="date" ref="ne-n9" as="anc">
    <fs>
      <f name="kind" value="time"/>
      <f name="id" value="9001"/>
    </fs>
  </a>
  <edge xml:id="ne-lnk32" from="ne-n16" to="penn-n327"/>
  <edge xml:id="ne-lnk31" from="ne-n15" to="penn-n294"/>
  <edge xml:id="ne-lnk30" from="ne-n14" to="penn-n281"/>
  <edge xml:id="ne-lnk91" from="ne-n42" to="penn-n1102"/>
  <edge xml:id="ne-lnk90" from="ne-n42" to="penn-n1101"/>
  <edge xml:id="ne-lnk29" from="ne-n13" to="penn-n272"/>
  <edge xml:id="ne-lnk28" from="ne-n12" to="penn-n261"/>
  <edge xml:id="ne-lnk27" from="ne-n11" to="penn-n255"/>
  <edge xml:id="ne-lnk26" from="ne-n10" to="penn-n220"/>
  <edge xml:id="ne-lnk25" from="ne-n10" to="penn-n219"/>
  <edge xml:id="ne-lnk89" from="ne-n42" to="penn-n1100"/>
  <edge xml:id="ne-lnk24" from="ne-n9" to="penn-n202"/>
  <edge xml:id="ne-lnk88" from="ne-n42" to="penn-n1099"/>
  <edge xml:id="ne-lnk23" from="ne-n9" to="penn-n201"/>
  <edge xml:id="ne-lnk87" from="ne-n42" to="penn-n1098"/>
  <edge xml:id="ne-lnk22" from="ne-n9" to="penn-n200"/>
  <edge xml:id="ne-lnk86" from="ne-n42" to="penn-n1097"/>
  <edge xml:id="ne-lnk21" from="ne-n9" to="penn-n199"/>
  <edge xml:id="ne-lnk85" from="ne-n42" to="penn-n1096"/>
  <edge xml:id="ne-lnk20" from="ne-n9" to="penn-n198"/>
  <edge xml:id="ne-lnk84" from="ne-n42" to="penn-n1095"/>
  <edge xml:id="ne-lnk83" from="ne-n41" to="penn-n1093"/>
  <edge xml:id="ne-lnk82" from="ne-n40" to="penn-n1081"/>
  <edge xml:id="ne-lnk81" from="ne-n39" to="penn-n1061"/>
  <edge xml:id="ne-lnk80" from="ne-n39" to="penn-n1060"/>
  <edge xml:id="ne-lnk19" from="ne-n9" to="penn-n197"/>
  <edge xml:id="ne-lnk18" from="ne-n9" to="penn-n196"/>
  <edge xml:id="ne-lnk17" from="ne-n8" to="penn-n193"/>
  <edge xml:id="ne-lnk16" from="ne-n7" to="penn-n179"/>
  <edge xml:id="ne-lnk15" from="ne-n7" to="penn-n178"/>
  <edge xml:id="ne-lnk79" from="ne-n39" to="penn-n1059"/>
  <edge xml:id="ne-lnk14" from="ne-n6" to="penn-n129"/>
  <edge xml:id="ne-lnk78" from="ne-n39" to="penn-n1058"/>
  <edge xml:id="ne-lnk13" from="ne-n6" to="penn-n128"/>
  <edge xml:id="ne-lnk77" from="ne-n39" to="penn-n1057"/>
  <edge xml:id="ne-lnk12" from="ne-n6" to="penn-n127"/>
  <edge xml:id="ne-lnk76" from="ne-n39" to="penn-n1056"/>
  <edge xml:id="ne-lnk11" from="ne-n6" to="penn-n126"/>
  <edge xml:id="ne-lnk75" from="ne-n39" to="penn-n1055"/>
  <edge xml:id="ne-lnk10" from="ne-n5" to="penn-n113"/>
  <edge xml:id="ne-lnk74" from="ne-n39" to="penn-n1054"/>
  <edge xml:id="ne-lnk73" from="ne-n38" to="penn-n1052"/>
  <edge xml:id="ne-lnk72" from="ne-n37" to="penn-n1008"/>
  <edge xml:id="ne-lnk71" from="ne-n36" to="penn-n1007"/>
  <edge xml:id="ne-lnk70" from="ne-n36" to="penn-n1006"/>
  <edge xml:id="ne-lnk9" from="ne-n4" to="penn-n76"/>
  <edge xml:id="ne-lnk8" from="ne-n3" to="penn-n69"/>
  <edge xml:id="ne-lnk7" from="ne-n2" to="penn-n66"/>
  <edge xml:id="ne-lnk6" from="ne-n2" to="penn-n65"/>
  <edge xml:id="ne-lnk5" from="ne-n1" to="penn-n13"/>
  <edge xml:id="ne-lnk4" from="ne-n0" to="penn-n4"/>
  <edge xml:id="ne-lnk3" from="ne-n0" to="penn-n3"/>
  <edge xml:id="ne-lnk2" from="ne-n0" to="penn-n2"/>
  <edge xml:id="ne-lnk1" from="ne-n0" to="penn-n1"/>
  <edge xml:id="ne-lnk0" from="ne-n0" to="penn-n0"/>
  <edge xml:id="ne-lnk69" from="ne-n36" to="penn-n1005"/>
  <edge xml:id="ne-lnk68" from="ne-n36" to="penn-n1004"/>
  <edge xml:id="ne-lnk67" from="ne-n36" to="penn-n1003"/>
  <edge xml:id="ne-lnk66" from="ne-n36" to="penn-n1002"/>
  <edge xml:id="ne-lnk65" from="ne-n36" to="penn-n1001"/>
  <edge xml:id="ne-lnk64" from="ne-n36" to="penn-n1000"/>
  <edge xml:id="ne-lnk63" from="ne-n35" to="penn-n998"/>
  <edge xml:id="ne-lnk62" from="ne-n34" to="penn-n981"/>
  <edge xml:id="ne-lnk61" from="ne-n34" to="penn-n980"/>
  <edge xml:id="ne-lnk60" from="ne-n34" to="penn-n979"/>
  <edge xml:id="ne-lnk59" from="ne-n34" to="penn-n978"/>
  <edge xml:id="ne-lnk58" from="ne-n34" to="penn-n977"/>
  <edge xml:id="ne-lnk57" from="ne-n34" to="penn-n976"/>
  <edge xml:id="ne-lnk56" from="ne-n34" to="penn-n975"/>
  <edge xml:id="ne-lnk55" from="ne-n34" to="penn-n974"/>
  <edge xml:id="ne-lnk54" from="ne-n33" to="penn-n972"/>
  <edge xml:id="ne-lnk53" from="ne-n32" to="penn-n837"/>
  <edge xml:id="ne-lnk52" from="ne-n31" to="penn-n778"/>
  <edge xml:id="ne-lnk51" from="ne-n30" to="penn-n621"/>
  <edge xml:id="ne-lnk50" from="ne-n30" to="penn-n620"/>
  <edge xml:id="ne-lnk49" from="ne-n29" to="penn-n572"/>
  <edge xml:id="ne-lnk48" from="ne-n28" to="penn-n561"/>
  <edge xml:id="ne-lnk47" from="ne-n27" to="penn-n550"/>
  <edge xml:id="ne-lnk46" from="ne-n26" to="penn-n547"/>
  <edge xml:id="ne-lnk45" from="ne-n25" to="penn-n532"/>
  <edge xml:id="ne-lnk44" from="ne-n25" to="penn-n531"/>
  <edge xml:id="ne-lnk43" from="ne-n24" to="penn-n520"/>
  <edge xml:id="ne-lnk42" from="ne-n23" to="penn-n457"/>
  <edge xml:id="ne-lnk41" from="ne-n22" to="penn-n447"/>
  <edge xml:id="ne-lnk40" from="ne-n21" to="penn-n441"/>
  <edge xml:id="ne-lnk39" from="ne-n20" to="penn-n433"/>
  <edge xml:id="ne-lnk38" from="ne-n20" to="penn-n432"/>
  <edge xml:id="ne-lnk37" from="ne-n19" to="penn-n422"/>
  <edge xml:id="ne-lnk36" from="ne-n19" to="penn-n421"/>
  <edge xml:id="ne-lnk35" from="ne-n18" to="penn-n415"/>
  <edge xml:id="ne-lnk34" from="ne-n17" to="penn-n347"/>
  <edge xml:id="ne-lnk33" from="ne-n17" to="penn-n346"/>
</graph>
