<graph xmlns="http://www.xces.org/ns/GrAF/1.0/" xmlns:graf="http://www.xces.org/ns/GrAF/1.0/">
  <graphHeader>
    <labelsDecl>
      <labelUsage label="vchunk" occurs="141"/>
    </labelsDecl>
    <dependencies>
      <dependsOn f.id="f.penn"/>
    </dependencies>
    <annotationSpaces>
      <annotationSpace as.id="anc"/>
    </annotationSpaces>
  </graphHeader>
  <node xml:id="vc-n0"/>
  <a xml:id="vc-N65567" label="vchunk" ref="vc-n0" as="anc">
    <fs>
      <f name="type" value="FVG"/>
      <f name="tense" value="PreCon"/>
      <f name="voice" value="active"/>
      <f name="neg" value="yes"/>
    </fs>
  </a>
  <node xml:id="vc-n1"/>
  <a xml:id="vc-N65595" label="vchunk" ref="vc-n1" as="anc">
    <fs>
      <f name="voice" value="active"/>
      <f name="type" value="NFVG"/>
      <f name="tense" value="Inf"/>
    </fs>
  </a>
  <node xml:id="vc-n10"/>
  <a xml:id="vc-N65619" label="vchunk" ref="vc-n10" as="anc">
    <fs>
      <f name="type" value="NFVG"/>
      <f name="tense" value="Inf"/>
      <f name="voice" value="active"/>
    </fs>
  </a>
  <node xml:id="vc-n100"/>
  <a xml:id="vc-N65643" label="vchunk" ref="vc-n100" as="anc">
    <fs>
      <f name="type" value="FVG"/>
      <f name="tense" value="SimPre"/>
      <f name="voice" value="active"/>
    </fs>
  </a>
  <node xml:id="vc-n101"/>
  <a xml:id="vc-N65667" label="vchunk" ref="vc-n101" as="anc">
    <fs>
      <f name="type" value="FVG"/>
      <f name="tense" value="SimPas"/>
      <f name="voice" value="active"/>
    </fs>
  </a>
  <node xml:id="vc-n102"/>
  <a xml:id="vc-N65691" label="vchunk" ref="vc-n102" as="anc">
    <fs>
      <f name="type" value="FVG"/>
      <f name="tense" value="SimPre"/>
      <f name="voice" value="active"/>
    </fs>
  </a>
  <node xml:id="vc-n103"/>
  <a xml:id="vc-N65715" label="vchunk" ref="vc-n103" as="anc">
    <fs>
      <f name="type" value="FVG"/>
      <f name="tense" value="SimPre"/>
      <f name="voice" value="active"/>
    </fs>
  </a>
  <node xml:id="vc-n104"/>
  <a xml:id="vc-N65739" label="vchunk" ref="vc-n104" as="anc">
    <fs>
      <f name="type" value="FVG"/>
      <f name="tense" value="SimPre"/>
      <f name="voice" value="active"/>
    </fs>
  </a>
  <node xml:id="vc-n105"/>
  <a xml:id="vc-N65763" label="vchunk" ref="vc-n105" as="anc">
    <fs>
      <f name="type" value="FVG"/>
      <f name="tense" value="PreCon"/>
      <f name="voice" value="active"/>
    </fs>
  </a>
  <node xml:id="vc-n106"/>
  <a xml:id="vc-N65787" label="vchunk" ref="vc-n106" as="anc">
    <fs>
      <f name="type" value="FVG"/>
      <f name="tense" value="SimPre"/>
      <f name="voice" value="active"/>
      <f name="neg" value="yes"/>
    </fs>
  </a>
  <node xml:id="vc-n107"/>
  <a xml:id="vc-N65815" label="vchunk" ref="vc-n107" as="anc">
    <fs>
      <f name="type" value="FVG"/>
      <f name="tense" value="SimFut"/>
      <f name="voice" value="active"/>
    </fs>
  </a>
  <node xml:id="vc-n108"/>
  <a xml:id="vc-N65839" label="vchunk" ref="vc-n108" as="anc">
    <fs>
      <f name="type" value="NFVG"/>
      <f name="tense" value="Inf"/>
      <f name="voice" value="active"/>
    </fs>
  </a>
  <node xml:id="vc-n109"/>
  <a xml:id="vc-N65863" label="vchunk" ref="vc-n109" as="anc">
    <fs>
      <f name="type" value="NFVG"/>
      <f name="tense" value="Inf"/>
      <f name="voice" value="active"/>
    </fs>
  </a>
  <node xml:id="vc-n11"/>
  <a xml:id="vc-N65887" label="vchunk" ref="vc-n11" as="anc">
    <fs>
      <f name="type" value="FVG"/>
      <f name="tense" value="FutCon"/>
      <f name="voice" value="active"/>
    </fs>
  </a>
  <node xml:id="vc-n110"/>
  <a xml:id="vc-N65911" label="vchunk" ref="vc-n110" as="anc">
    <fs>
      <f name="type" value="FVG"/>
      <f name="tense" value="SimPre"/>
      <f name="voice" value="active"/>
    </fs>
  </a>
  <node xml:id="vc-n111"/>
  <a xml:id="vc-N65935" label="vchunk" ref="vc-n111" as="anc">
    <fs>
      <f name="type" value="FVG"/>
      <f name="tense" value="SimPre"/>
      <f name="voice" value="active"/>
    </fs>
  </a>
  <node xml:id="vc-n112"/>
  <a xml:id="vc-N65959" label="vchunk" ref="vc-n112" as="anc">
    <fs>
      <f name="type" value="NFVG"/>
      <f name="tense" value="Inf"/>
      <f name="voice" value="active"/>
    </fs>
  </a>
  <node xml:id="vc-n113"/>
  <a xml:id="vc-N65983" label="vchunk" ref="vc-n113" as="anc">
    <fs>
      <f name="type" value="FVG"/>
      <f name="tense" value="SimPre"/>
      <f name="voice" value="active"/>
    </fs>
  </a>
  <node xml:id="vc-n114"/>
  <a xml:id="vc-N66007" label="vchunk" ref="vc-n114" as="anc">
    <fs>
      <f name="type" value="FVG"/>
      <f name="tense" value="SimPre"/>
      <f name="voice" value="passive"/>
    </fs>
  </a>
  <node xml:id="vc-n115"/>
  <a xml:id="vc-N66031" label="vchunk" ref="vc-n115" as="anc">
    <fs>
      <f name="type" value="FVG"/>
      <f name="tense" value="SimPre"/>
      <f name="voice" value="active"/>
    </fs>
  </a>
  <node xml:id="vc-n116"/>
  <a xml:id="vc-N66055" label="vchunk" ref="vc-n116" as="anc">
    <fs>
      <f name="type" value="FVG"/>
      <f name="tense" value="SimPre"/>
      <f name="voice" value="active"/>
    </fs>
  </a>
  <node xml:id="vc-n117"/>
  <a xml:id="vc-N66079" label="vchunk" ref="vc-n117" as="anc">
    <fs>
      <f name="type" value="FVG"/>
      <f name="tense" value="SimPre"/>
      <f name="voice" value="active"/>
    </fs>
  </a>
  <node xml:id="vc-n118"/>
  <a xml:id="vc-N66103" label="vchunk" ref="vc-n118" as="anc">
    <fs>
      <f name="type" value="NFVG"/>
      <f name="tense" value="Inf"/>
      <f name="voice" value="active"/>
    </fs>
  </a>
  <node xml:id="vc-n119"/>
  <a xml:id="vc-N66127" label="vchunk" ref="vc-n119" as="anc">
    <fs>
      <f name="type" value="FVG"/>
      <f name="tense" value="SimPre"/>
      <f name="voice" value="active"/>
    </fs>
  </a>
  <node xml:id="vc-n12"/>
  <a xml:id="vc-N66151" label="vchunk" ref="vc-n12" as="anc">
    <fs>
      <f name="type" value="FVG"/>
      <f name="tense" value="SimPre"/>
      <f name="voice" value="active"/>
    </fs>
  </a>
  <node xml:id="vc-n120"/>
  <a xml:id="vc-N66175" label="vchunk" ref="vc-n120" as="anc">
    <fs>
      <f name="type" value="NFVG"/>
      <f name="tense" value="Inf"/>
      <f name="voice" value="active"/>
    </fs>
  </a>
  <node xml:id="vc-n121"/>
  <a xml:id="vc-N66199" label="vchunk" ref="vc-n121" as="anc">
    <fs>
      <f name="type" value="MODAL"/>
      <f name="tense" value="none"/>
      <f name="voice" value="none"/>
    </fs>
  </a>
  <node xml:id="vc-n122"/>
  <a xml:id="vc-N66223" label="vchunk" ref="vc-n122" as="anc">
    <fs>
      <f name="type" value="NFVG"/>
      <f name="tense" value="Inf"/>
      <f name="voice" value="active"/>
    </fs>
  </a>
  <node xml:id="vc-n123"/>
  <a xml:id="vc-N66247" label="vchunk" ref="vc-n123" as="anc">
    <fs>
      <f name="type" value="PART"/>
      <f name="tense" value="Pas"/>
      <f name="voice" value="none"/>
    </fs>
  </a>
  <node xml:id="vc-n124"/>
  <a xml:id="vc-N66271" label="vchunk" ref="vc-n124" as="anc">
    <fs>
      <f name="type" value="FVG"/>
      <f name="tense" value="SimPre"/>
      <f name="voice" value="active"/>
    </fs>
  </a>
  <node xml:id="vc-n125"/>
  <a xml:id="vc-N66295" label="vchunk" ref="vc-n125" as="anc">
    <fs>
      <f name="type" value="FVG"/>
      <f name="tense" value="SimPre"/>
      <f name="voice" value="active"/>
    </fs>
  </a>
  <node xml:id="vc-n126"/>
  <a xml:id="vc-N66319" label="vchunk" ref="vc-n126" as="anc">
    <fs>
      <f name="type" value="MODAL"/>
      <f name="tense" value="none"/>
      <f name="voice" value="none"/>
    </fs>
  </a>
  <node xml:id="vc-n127"/>
  <a xml:id="vc-N66343" label="vchunk" ref="vc-n127" as="anc">
    <fs>
      <f name="type" value="PART"/>
      <f name="tense" value="Pas"/>
      <f name="voice" value="none"/>
    </fs>
  </a>
  <node xml:id="vc-n128"/>
  <a xml:id="vc-N66367" label="vchunk" ref="vc-n128" as="anc">
    <fs>
      <f name="type" value="FVG"/>
      <f name="tense" value="SimPre"/>
      <f name="voice" value="active"/>
    </fs>
  </a>
  <node xml:id="vc-n129"/>
  <a xml:id="vc-N66391" label="vchunk" ref="vc-n129" as="anc">
    <fs>
      <f name="type" value="NFVG"/>
      <f name="tense" value="Inf"/>
      <f name="voice" value="active"/>
    </fs>
  </a>
  <node xml:id="vc-n13"/>
  <a xml:id="vc-N66415" label="vchunk" ref="vc-n13" as="anc">
    <fs>
      <f name="type" value="FVG"/>
      <f name="tense" value="FutCon"/>
      <f name="voice" value="active"/>
    </fs>
  </a>
  <node xml:id="vc-n130"/>
  <a xml:id="vc-N66439" label="vchunk" ref="vc-n130" as="anc">
    <fs>
      <f name="type" value="FVG"/>
      <f name="tense" value="SimPre"/>
      <f name="voice" value="active"/>
    </fs>
  </a>
  <node xml:id="vc-n131"/>
  <a xml:id="vc-N66463" label="vchunk" ref="vc-n131" as="anc">
    <fs>
      <f name="type" value="FVG"/>
      <f name="tense" value="SimPre"/>
      <f name="voice" value="active"/>
    </fs>
  </a>
  <node xml:id="vc-n132"/>
  <a xml:id="vc-N66487" label="vchunk" ref="vc-n132" as="anc">
    <fs>
      <f name="type" value="PART"/>
      <f name="tense" value="Pre"/>
      <f name="voice" value="active"/>
    </fs>
  </a>
  <node xml:id="vc-n133"/>
  <a xml:id="vc-N66511" label="vchunk" ref="vc-n133" as="anc">
    <fs>
      <f name="type" value="NFVG"/>
      <f name="tense" value="Inf"/>
      <f name="voice" value="active"/>
    </fs>
  </a>
  <node xml:id="vc-n134"/>
  <a xml:id="vc-N66535" label="vchunk" ref="vc-n134" as="anc">
    <fs>
      <f name="type" value="PART"/>
      <f name="tense" value="Pre"/>
      <f name="voice" value="active"/>
    </fs>
  </a>
  <node xml:id="vc-n135"/>
  <a xml:id="vc-N66559" label="vchunk" ref="vc-n135" as="anc">
    <fs>
      <f name="type" value="PART"/>
      <f name="tense" value="Pas"/>
      <f name="voice" value="none"/>
    </fs>
  </a>
  <node xml:id="vc-n136"/>
  <a xml:id="vc-N66583" label="vchunk" ref="vc-n136" as="anc">
    <fs>
      <f name="type" value="NFVG"/>
      <f name="tense" value="Inf"/>
      <f name="voice" value="active"/>
    </fs>
  </a>
  <node xml:id="vc-n137"/>
  <a xml:id="vc-N66607" label="vchunk" ref="vc-n137" as="anc">
    <fs>
      <f name="type" value="NFVG"/>
      <f name="tense" value="Inf"/>
      <f name="voice" value="active"/>
    </fs>
  </a>
  <node xml:id="vc-n138"/>
  <a xml:id="vc-N66631" label="vchunk" ref="vc-n138" as="anc">
    <fs>
      <f name="type" value="MODAL"/>
      <f name="tense" value="none"/>
      <f name="voice" value="none"/>
    </fs>
  </a>
  <node xml:id="vc-n139"/>
  <a xml:id="vc-N66655" label="vchunk" ref="vc-n139" as="anc">
    <fs>
      <f name="type" value="FVG"/>
      <f name="tense" value="SimPas"/>
      <f name="voice" value="active"/>
    </fs>
  </a>
  <node xml:id="vc-n14"/>
  <a xml:id="vc-N66679" label="vchunk" ref="vc-n14" as="anc">
    <fs>
      <f name="type" value="FVG"/>
      <f name="tense" value="SimPre"/>
      <f name="voice" value="active"/>
    </fs>
  </a>
  <node xml:id="vc-n140"/>
  <a xml:id="vc-N66703" label="vchunk" ref="vc-n140" as="anc">
    <fs>
      <f name="type" value="PART"/>
      <f name="tense" value="Pas"/>
      <f name="voice" value="none"/>
    </fs>
  </a>
  <node xml:id="vc-n15"/>
  <a xml:id="vc-N66727" label="vchunk" ref="vc-n15" as="anc">
    <fs>
      <f name="type" value="FVG"/>
      <f name="tense" value="SimPas"/>
      <f name="voice" value="active"/>
    </fs>
  </a>
  <node xml:id="vc-n16"/>
  <a xml:id="vc-N66751" label="vchunk" ref="vc-n16" as="anc">
    <fs>
      <f name="type" value="PART"/>
      <f name="tense" value="Pas"/>
      <f name="voice" value="none"/>
    </fs>
  </a>
  <node xml:id="vc-n17"/>
  <a xml:id="vc-N66775" label="vchunk" ref="vc-n17" as="anc">
    <fs>
      <f name="type" value="FVG"/>
      <f name="tense" value="SimPre"/>
      <f name="voice" value="active"/>
    </fs>
  </a>
  <node xml:id="vc-n18"/>
  <a xml:id="vc-N66799" label="vchunk" ref="vc-n18" as="anc">
    <fs>
      <f name="type" value="FVG"/>
      <f name="tense" value="SimPre"/>
      <f name="voice" value="active"/>
    </fs>
  </a>
  <node xml:id="vc-n19"/>
  <a xml:id="vc-N66823" label="vchunk" ref="vc-n19" as="anc">
    <fs>
      <f name="type" value="NFVG"/>
      <f name="tense" value="Inf"/>
      <f name="voice" value="active"/>
    </fs>
  </a>
  <node xml:id="vc-n2"/>
  <a xml:id="vc-N66847" label="vchunk" ref="vc-n2" as="anc">
    <fs>
      <f name="type" value="FVG"/>
      <f name="tense" value="SimPas"/>
      <f name="voice" value="active"/>
    </fs>
  </a>
  <node xml:id="vc-n20"/>
  <a xml:id="vc-N66871" label="vchunk" ref="vc-n20" as="anc">
    <fs>
      <f name="type" value="SPECIAL"/>
      <f name="tense" value="Pre"/>
      <f name="voice" value="none"/>
    </fs>
  </a>
  <node xml:id="vc-n21"/>
  <a xml:id="vc-N66895" label="vchunk" ref="vc-n21" as="anc">
    <fs>
      <f name="type" value="FVG"/>
      <f name="tense" value="SimPre"/>
      <f name="voice" value="active"/>
    </fs>
  </a>
  <node xml:id="vc-n22"/>
  <a xml:id="vc-N66919" label="vchunk" ref="vc-n22" as="anc">
    <fs>
      <f name="type" value="FVG"/>
      <f name="tense" value="SimPre"/>
      <f name="voice" value="active"/>
    </fs>
  </a>
  <node xml:id="vc-n23"/>
  <a xml:id="vc-N66943" label="vchunk" ref="vc-n23" as="anc">
    <fs>
      <f name="type" value="NFVG"/>
      <f name="tense" value="Inf"/>
      <f name="voice" value="active"/>
    </fs>
  </a>
  <node xml:id="vc-n24"/>
  <a xml:id="vc-N66967" label="vchunk" ref="vc-n24" as="anc">
    <fs>
      <f name="type" value="FVG"/>
      <f name="tense" value="SimPre"/>
      <f name="voice" value="active"/>
    </fs>
  </a>
  <node xml:id="vc-n25"/>
  <a xml:id="vc-N66991" label="vchunk" ref="vc-n25" as="anc">
    <fs>
      <f name="type" value="NFVG"/>
      <f name="tense" value="Inf"/>
      <f name="voice" value="active"/>
    </fs>
  </a>
  <node xml:id="vc-n26"/>
  <a xml:id="vc-N67015" label="vchunk" ref="vc-n26" as="anc">
    <fs>
      <f name="type" value="NFVG"/>
      <f name="tense" value="Inf"/>
      <f name="voice" value="active"/>
    </fs>
  </a>
  <node xml:id="vc-n27"/>
  <a xml:id="vc-N67039" label="vchunk" ref="vc-n27" as="anc">
    <fs>
      <f name="type" value="FVG"/>
      <f name="tense" value="SimPre"/>
      <f name="voice" value="active"/>
      <f name="neg" value="yes"/>
    </fs>
  </a>
  <node xml:id="vc-n28"/>
  <a xml:id="vc-N67067" label="vchunk" ref="vc-n28" as="anc">
    <fs>
      <f name="type" value="FVG"/>
      <f name="tense" value="SimPre"/>
      <f name="voice" value="active"/>
      <f name="neg" value="yes"/>
    </fs>
  </a>
  <node xml:id="vc-n29"/>
  <a xml:id="vc-N67095" label="vchunk" ref="vc-n29" as="anc">
    <fs>
      <f name="type" value="FVG"/>
      <f name="tense" value="SimPre"/>
      <f name="voice" value="active"/>
    </fs>
  </a>
  <node xml:id="vc-n3"/>
  <a xml:id="vc-N67119" label="vchunk" ref="vc-n3" as="anc">
    <fs>
      <f name="type" value="FVG"/>
      <f name="tense" value="SimPre"/>
      <f name="voice" value="active"/>
    </fs>
  </a>
  <node xml:id="vc-n30"/>
  <a xml:id="vc-N67143" label="vchunk" ref="vc-n30" as="anc">
    <fs>
      <f name="type" value="FVG"/>
      <f name="tense" value="PrePer"/>
      <f name="voice" value="active"/>
      <f name="neg" value="yes"/>
    </fs>
  </a>
  <node xml:id="vc-n31"/>
  <a xml:id="vc-N67171" label="vchunk" ref="vc-n31" as="anc">
    <fs>
      <f name="type" value="MODAL"/>
      <f name="tense" value="none"/>
      <f name="voice" value="none"/>
    </fs>
  </a>
  <node xml:id="vc-n32"/>
  <a xml:id="vc-N67195" label="vchunk" ref="vc-n32" as="anc">
    <fs>
      <f name="type" value="FVG"/>
      <f name="tense" value="SimPre"/>
      <f name="voice" value="active"/>
    </fs>
  </a>
  <node xml:id="vc-n33"/>
  <a xml:id="vc-N67219" label="vchunk" ref="vc-n33" as="anc">
    <fs>
      <f name="type" value="FVG"/>
      <f name="tense" value="SimPre"/>
      <f name="voice" value="active"/>
    </fs>
  </a>
  <node xml:id="vc-n34"/>
  <a xml:id="vc-N67243" label="vchunk" ref="vc-n34" as="anc">
    <fs>
      <f name="type" value="FVG"/>
      <f name="tense" value="SimPre"/>
      <f name="voice" value="active"/>
    </fs>
  </a>
  <node xml:id="vc-n35"/>
  <a xml:id="vc-N67267" label="vchunk" ref="vc-n35" as="anc">
    <fs>
      <f name="type" value="PART"/>
      <f name="tense" value="Pas"/>
      <f name="voice" value="none"/>
    </fs>
  </a>
  <node xml:id="vc-n36"/>
  <a xml:id="vc-N67291" label="vchunk" ref="vc-n36" as="anc">
    <fs>
      <f name="type" value="FVG"/>
      <f name="tense" value="PreCon"/>
      <f name="voice" value="active"/>
    </fs>
  </a>
  <node xml:id="vc-n37"/>
  <a xml:id="vc-N67315" label="vchunk" ref="vc-n37" as="anc">
    <fs>
      <f name="type" value="FVG"/>
      <f name="tense" value="SimPre"/>
      <f name="voice" value="active"/>
    </fs>
  </a>
  <node xml:id="vc-n38"/>
  <a xml:id="vc-N67339" label="vchunk" ref="vc-n38" as="anc">
    <fs>
      <f name="type" value="PART"/>
      <f name="tense" value="Pas"/>
      <f name="voice" value="none"/>
    </fs>
  </a>
  <node xml:id="vc-n39"/>
  <a xml:id="vc-N67363" label="vchunk" ref="vc-n39" as="anc">
    <fs>
      <f name="type" value="NFVG"/>
      <f name="tense" value="Inf"/>
      <f name="voice" value="active"/>
    </fs>
  </a>
  <node xml:id="vc-n4"/>
  <a xml:id="vc-N67387" label="vchunk" ref="vc-n4" as="anc">
    <fs>
      <f name="type" value="FVG"/>
      <f name="tense" value="SimPre"/>
      <f name="voice" value="active"/>
    </fs>
  </a>
  <node xml:id="vc-n40"/>
  <a xml:id="vc-N67411" label="vchunk" ref="vc-n40" as="anc">
    <fs>
      <f name="type" value="FVG"/>
      <f name="tense" value="SimPas"/>
      <f name="voice" value="active"/>
    </fs>
  </a>
  <node xml:id="vc-n41"/>
  <a xml:id="vc-N67435" label="vchunk" ref="vc-n41" as="anc">
    <fs>
      <f name="type" value="FVG"/>
      <f name="tense" value="SimPre"/>
      <f name="voice" value="active"/>
      <f name="neg" value="yes"/>
    </fs>
  </a>
  <node xml:id="vc-n42"/>
  <a xml:id="vc-N67463" label="vchunk" ref="vc-n42" as="anc">
    <fs>
      <f name="type" value="PART"/>
      <f name="tense" value="Pas"/>
      <f name="voice" value="none"/>
    </fs>
  </a>
  <node xml:id="vc-n43"/>
  <a xml:id="vc-N67487" label="vchunk" ref="vc-n43" as="anc">
    <fs>
      <f name="type" value="FVG"/>
      <f name="tense" value="SimPas"/>
      <f name="voice" value="active"/>
    </fs>
  </a>
  <node xml:id="vc-n44"/>
  <a xml:id="vc-N67511" label="vchunk" ref="vc-n44" as="anc">
    <fs>
      <f name="type" value="FVG"/>
      <f name="tense" value="SimPre"/>
      <f name="voice" value="active"/>
    </fs>
  </a>
  <node xml:id="vc-n45"/>
  <a xml:id="vc-N67535" label="vchunk" ref="vc-n45" as="anc">
    <fs>
      <f name="type" value="NFVG"/>
      <f name="tense" value="Per"/>
      <f name="voice" value="active"/>
    </fs>
  </a>
  <node xml:id="vc-n46"/>
  <a xml:id="vc-N67559" label="vchunk" ref="vc-n46" as="anc">
    <fs>
      <f name="type" value="FVG"/>
      <f name="tense" value="SimPas"/>
      <f name="voice" value="passive"/>
    </fs>
  </a>
  <node xml:id="vc-n47"/>
  <a xml:id="vc-N67583" label="vchunk" ref="vc-n47" as="anc">
    <fs>
      <f name="type" value="FVG"/>
      <f name="tense" value="SimPas"/>
      <f name="voice" value="passive"/>
    </fs>
  </a>
  <node xml:id="vc-n48"/>
  <a xml:id="vc-N67607" label="vchunk" ref="vc-n48" as="anc">
    <fs>
      <f name="type" value="PART"/>
      <f name="tense" value="Pre"/>
      <f name="voice" value="active"/>
    </fs>
  </a>
  <node xml:id="vc-n49"/>
  <a xml:id="vc-N67631" label="vchunk" ref="vc-n49" as="anc">
    <fs>
      <f name="type" value="FVG"/>
      <f name="tense" value="SimPas"/>
      <f name="voice" value="passive"/>
    </fs>
  </a>
  <node xml:id="vc-n5"/>
  <a xml:id="vc-N67655" label="vchunk" ref="vc-n5" as="anc">
    <fs>
      <f name="type" value="PART"/>
      <f name="tense" value="Pas"/>
      <f name="voice" value="none"/>
    </fs>
  </a>
  <node xml:id="vc-n50"/>
  <a xml:id="vc-N67679" label="vchunk" ref="vc-n50" as="anc">
    <fs>
      <f name="type" value="PART"/>
      <f name="tense" value="Pre"/>
      <f name="voice" value="active"/>
    </fs>
  </a>
  <node xml:id="vc-n51"/>
  <a xml:id="vc-N67703" label="vchunk" ref="vc-n51" as="anc">
    <fs>
      <f name="type" value="FVG"/>
      <f name="tense" value="SimPre"/>
      <f name="voice" value="active"/>
    </fs>
  </a>
  <node xml:id="vc-n52"/>
  <a xml:id="vc-N67727" label="vchunk" ref="vc-n52" as="anc">
    <fs>
      <f name="type" value="FVG"/>
      <f name="tense" value="SimPre"/>
      <f name="voice" value="active"/>
    </fs>
  </a>
  <node xml:id="vc-n53"/>
  <a xml:id="vc-N67751" label="vchunk" ref="vc-n53" as="anc">
    <fs>
      <f name="type" value="FVG"/>
      <f name="tense" value="SimPas"/>
      <f name="voice" value="active"/>
    </fs>
  </a>
  <node xml:id="vc-n54"/>
  <a xml:id="vc-N67775" label="vchunk" ref="vc-n54" as="anc">
    <fs>
      <f name="type" value="NFVG"/>
      <f name="tense" value="Inf"/>
      <f name="voice" value="active"/>
    </fs>
  </a>
  <node xml:id="vc-n55"/>
  <a xml:id="vc-N67799" label="vchunk" ref="vc-n55" as="anc">
    <fs>
      <f name="type" value="PART"/>
      <f name="tense" value="Pre"/>
      <f name="voice" value="active"/>
    </fs>
  </a>
  <node xml:id="vc-n56"/>
  <a xml:id="vc-N67823" label="vchunk" ref="vc-n56" as="anc">
    <fs>
      <f name="type" value="FVG"/>
      <f name="tense" value="SimPas"/>
      <f name="voice" value="active"/>
    </fs>
  </a>
  <node xml:id="vc-n57"/>
  <a xml:id="vc-N67847" label="vchunk" ref="vc-n57" as="anc">
    <fs>
      <f name="type" value="FVG"/>
      <f name="tense" value="SimPre"/>
      <f name="voice" value="active"/>
    </fs>
  </a>
  <node xml:id="vc-n58"/>
  <a xml:id="vc-N67871" label="vchunk" ref="vc-n58" as="anc">
    <fs>
      <f name="type" value="FVG"/>
      <f name="tense" value="SimPas"/>
      <f name="voice" value="active"/>
    </fs>
  </a>
  <node xml:id="vc-n59"/>
  <a xml:id="vc-N67895" label="vchunk" ref="vc-n59" as="anc">
    <fs>
      <f name="type" value="NFVG"/>
      <f name="tense" value="Inf"/>
      <f name="voice" value="active"/>
    </fs>
  </a>
  <node xml:id="vc-n6"/>
  <a xml:id="vc-N67919" label="vchunk" ref="vc-n6" as="anc">
    <fs>
      <f name="type" value="FVG"/>
      <f name="tense" value="SimPre"/>
      <f name="voice" value="active"/>
    </fs>
  </a>
  <node xml:id="vc-n60"/>
  <a xml:id="vc-N67943" label="vchunk" ref="vc-n60" as="anc">
    <fs>
      <f name="type" value="FVG"/>
      <f name="tense" value="SimPas"/>
      <f name="voice" value="active"/>
    </fs>
  </a>
  <node xml:id="vc-n61"/>
  <a xml:id="vc-N67967" label="vchunk" ref="vc-n61" as="anc">
    <fs>
      <f name="type" value="FVG"/>
      <f name="tense" value="SimPre"/>
      <f name="voice" value="active"/>
    </fs>
  </a>
  <node xml:id="vc-n62"/>
  <a xml:id="vc-N67991" label="vchunk" ref="vc-n62" as="anc">
    <fs>
      <f name="type" value="MODAL"/>
      <f name="tense" value="none"/>
      <f name="voice" value="none"/>
    </fs>
  </a>
  <node xml:id="vc-n63"/>
  <a xml:id="vc-N68015" label="vchunk" ref="vc-n63" as="anc">
    <fs>
      <f name="type" value="NFVG"/>
      <f name="tense" value="Inf"/>
      <f name="voice" value="active"/>
    </fs>
  </a>
  <node xml:id="vc-n64"/>
  <a xml:id="vc-N68039" label="vchunk" ref="vc-n64" as="anc">
    <fs>
      <f name="type" value="PART"/>
      <f name="tense" value="Pre"/>
      <f name="voice" value="active"/>
    </fs>
  </a>
  <node xml:id="vc-n65"/>
  <a xml:id="vc-N68063" label="vchunk" ref="vc-n65" as="anc">
    <fs>
      <f name="type" value="NFVG"/>
      <f name="tense" value="Inf"/>
      <f name="voice" value="active"/>
    </fs>
  </a>
  <node xml:id="vc-n66"/>
  <a xml:id="vc-N68087" label="vchunk" ref="vc-n66" as="anc">
    <fs>
      <f name="type" value="PART"/>
      <f name="tense" value="Pre"/>
      <f name="voice" value="active"/>
    </fs>
  </a>
  <node xml:id="vc-n67"/>
  <a xml:id="vc-N68111" label="vchunk" ref="vc-n67" as="anc">
    <fs>
      <f name="type" value="PART"/>
      <f name="tense" value="Pas"/>
      <f name="voice" value="none"/>
    </fs>
  </a>
  <node xml:id="vc-n68"/>
  <a xml:id="vc-N68135" label="vchunk" ref="vc-n68" as="anc">
    <fs>
      <f name="type" value="MODAL"/>
      <f name="tense" value="none"/>
      <f name="voice" value="none"/>
    </fs>
  </a>
  <node xml:id="vc-n69"/>
  <a xml:id="vc-N68159" label="vchunk" ref="vc-n69" as="anc">
    <fs>
      <f name="type" value="FVG"/>
      <f name="tense" value="SimPas"/>
      <f name="voice" value="active"/>
    </fs>
  </a>
  <node xml:id="vc-n7"/>
  <a xml:id="vc-N68183" label="vchunk" ref="vc-n7" as="anc">
    <fs>
      <f name="type" value="MODAL"/>
      <f name="tense" value="none"/>
      <f name="voice" value="none"/>
    </fs>
  </a>
  <node xml:id="vc-n70"/>
  <a xml:id="vc-N68207" label="vchunk" ref="vc-n70" as="anc">
    <fs>
      <f name="type" value="FVG"/>
      <f name="tense" value="SimPre"/>
      <f name="voice" value="active"/>
    </fs>
  </a>
  <node xml:id="vc-n71"/>
  <a xml:id="vc-N68231" label="vchunk" ref="vc-n71" as="anc">
    <fs>
      <f name="type" value="FVG"/>
      <f name="tense" value="SimPre"/>
      <f name="voice" value="active"/>
    </fs>
  </a>
  <node xml:id="vc-n72"/>
  <a xml:id="vc-N68255" label="vchunk" ref="vc-n72" as="anc">
    <fs>
      <f name="type" value="MODAL"/>
      <f name="tense" value="none"/>
      <f name="voice" value="none"/>
    </fs>
  </a>
  <node xml:id="vc-n73"/>
  <a xml:id="vc-N68279" label="vchunk" ref="vc-n73" as="anc">
    <fs>
      <f name="type" value="FVG"/>
      <f name="tense" value="SimPre"/>
      <f name="voice" value="active"/>
      <f name="neg" value="yes"/>
    </fs>
  </a>
  <node xml:id="vc-n74"/>
  <a xml:id="vc-N68307" label="vchunk" ref="vc-n74" as="anc">
    <fs>
      <f name="type" value="FVG"/>
      <f name="tense" value="SimPre"/>
      <f name="voice" value="active"/>
    </fs>
  </a>
  <node xml:id="vc-n75"/>
  <a xml:id="vc-N68331" label="vchunk" ref="vc-n75" as="anc">
    <fs>
      <f name="type" value="FVG"/>
      <f name="tense" value="SimPre"/>
      <f name="voice" value="active"/>
    </fs>
  </a>
  <node xml:id="vc-n76"/>
  <a xml:id="vc-N68355" label="vchunk" ref="vc-n76" as="anc">
    <fs>
      <f name="type" value="FVG"/>
      <f name="tense" value="SimPre"/>
      <f name="voice" value="active"/>
    </fs>
  </a>
  <node xml:id="vc-n77"/>
  <a xml:id="vc-N68379" label="vchunk" ref="vc-n77" as="anc">
    <fs>
      <f name="type" value="NFVG"/>
      <f name="tense" value="Inf"/>
      <f name="voice" value="active"/>
    </fs>
  </a>
  <node xml:id="vc-n78"/>
  <a xml:id="vc-N68403" label="vchunk" ref="vc-n78" as="anc">
    <fs>
      <f name="type" value="FVG"/>
      <f name="tense" value="SimPre"/>
      <f name="voice" value="active"/>
    </fs>
  </a>
  <node xml:id="vc-n79"/>
  <a xml:id="vc-N68427" label="vchunk" ref="vc-n79" as="anc">
    <fs>
      <f name="type" value="FVG"/>
      <f name="tense" value="SimPre"/>
      <f name="voice" value="active"/>
      <f name="neg" value="yes"/>
    </fs>
  </a>
  <node xml:id="vc-n8"/>
  <a xml:id="vc-N68455" label="vchunk" ref="vc-n8" as="anc">
    <fs>
      <f name="type" value="FVG"/>
      <f name="tense" value="SimPre"/>
      <f name="voice" value="active"/>
    </fs>
  </a>
  <node xml:id="vc-n80"/>
  <a xml:id="vc-N68479" label="vchunk" ref="vc-n80" as="anc">
    <fs>
      <f name="type" value="FVG"/>
      <f name="tense" value="SimPre"/>
      <f name="voice" value="active"/>
    </fs>
  </a>
  <node xml:id="vc-n81"/>
  <a xml:id="vc-N68503" label="vchunk" ref="vc-n81" as="anc">
    <fs>
      <f name="type" value="FVG"/>
      <f name="tense" value="SimPre"/>
      <f name="voice" value="active"/>
    </fs>
  </a>
  <node xml:id="vc-n82"/>
  <a xml:id="vc-N68527" label="vchunk" ref="vc-n82" as="anc">
    <fs>
      <f name="type" value="FVG"/>
      <f name="tense" value="SimPre"/>
      <f name="voice" value="active"/>
    </fs>
  </a>
  <node xml:id="vc-n83"/>
  <a xml:id="vc-N68551" label="vchunk" ref="vc-n83" as="anc">
    <fs>
      <f name="type" value="NFVG"/>
      <f name="tense" value="Inf"/>
      <f name="voice" value="active"/>
    </fs>
  </a>
  <node xml:id="vc-n84"/>
  <a xml:id="vc-N68575" label="vchunk" ref="vc-n84" as="anc">
    <fs>
      <f name="type" value="FVG"/>
      <f name="tense" value="SimPre"/>
      <f name="voice" value="active"/>
    </fs>
  </a>
  <node xml:id="vc-n85"/>
  <a xml:id="vc-N68599" label="vchunk" ref="vc-n85" as="anc">
    <fs>
      <f name="type" value="FVG"/>
      <f name="tense" value="SimPre"/>
      <f name="voice" value="active"/>
    </fs>
  </a>
  <node xml:id="vc-n86"/>
  <a xml:id="vc-N68623" label="vchunk" ref="vc-n86" as="anc">
    <fs>
      <f name="type" value="PART"/>
      <f name="tense" value="Pas"/>
      <f name="voice" value="none"/>
    </fs>
  </a>
  <node xml:id="vc-n87"/>
  <a xml:id="vc-N68647" label="vchunk" ref="vc-n87" as="anc">
    <fs>
      <f name="type" value="PART"/>
      <f name="tense" value="Pas"/>
      <f name="voice" value="none"/>
    </fs>
  </a>
  <node xml:id="vc-n88"/>
  <a xml:id="vc-N68671" label="vchunk" ref="vc-n88" as="anc">
    <fs>
      <f name="type" value="FVG"/>
      <f name="tense" value="SimPre"/>
      <f name="voice" value="active"/>
    </fs>
  </a>
  <node xml:id="vc-n89"/>
  <a xml:id="vc-N68695" label="vchunk" ref="vc-n89" as="anc">
    <fs>
      <f name="type" value="FVG"/>
      <f name="tense" value="SimPas"/>
      <f name="voice" value="active"/>
    </fs>
  </a>
  <node xml:id="vc-n9"/>
  <a xml:id="vc-N68719" label="vchunk" ref="vc-n9" as="anc">
    <fs>
      <f name="type" value="FVG"/>
      <f name="tense" value="SimPre"/>
      <f name="voice" value="active"/>
    </fs>
  </a>
  <node xml:id="vc-n90"/>
  <a xml:id="vc-N68743" label="vchunk" ref="vc-n90" as="anc">
    <fs>
      <f name="type" value="FVG"/>
      <f name="tense" value="SimPas"/>
      <f name="voice" value="active"/>
    </fs>
  </a>
  <node xml:id="vc-n91"/>
  <a xml:id="vc-N68767" label="vchunk" ref="vc-n91" as="anc">
    <fs>
      <f name="type" value="SPECIAL"/>
      <f name="tense" value="Pre"/>
      <f name="voice" value="none"/>
    </fs>
  </a>
  <node xml:id="vc-n92"/>
  <a xml:id="vc-N68791" label="vchunk" ref="vc-n92" as="anc">
    <fs>
      <f name="type" value="PART"/>
      <f name="tense" value="Pre"/>
      <f name="voice" value="active"/>
    </fs>
  </a>
  <node xml:id="vc-n93"/>
  <a xml:id="vc-N68815" label="vchunk" ref="vc-n93" as="anc">
    <fs>
      <f name="type" value="PART"/>
      <f name="tense" value="Pre"/>
      <f name="voice" value="active"/>
    </fs>
  </a>
  <node xml:id="vc-n94"/>
  <a xml:id="vc-N68839" label="vchunk" ref="vc-n94" as="anc">
    <fs>
      <f name="type" value="PART"/>
      <f name="tense" value="Pre"/>
      <f name="voice" value="active"/>
    </fs>
  </a>
  <node xml:id="vc-n95"/>
  <a xml:id="vc-N68863" label="vchunk" ref="vc-n95" as="anc">
    <fs>
      <f name="type" value="FVG"/>
      <f name="tense" value="SimPre"/>
      <f name="voice" value="active"/>
    </fs>
  </a>
  <node xml:id="vc-n96"/>
  <a xml:id="vc-N68887" label="vchunk" ref="vc-n96" as="anc">
    <fs>
      <f name="type" value="NFVG"/>
      <f name="tense" value="Inf"/>
      <f name="voice" value="active"/>
    </fs>
  </a>
  <node xml:id="vc-n97"/>
  <a xml:id="vc-N68911" label="vchunk" ref="vc-n97" as="anc">
    <fs>
      <f name="type" value="NFVG"/>
      <f name="tense" value="Inf"/>
      <f name="voice" value="active"/>
    </fs>
  </a>
  <node xml:id="vc-n98"/>
  <a xml:id="vc-N68935" label="vchunk" ref="vc-n98" as="anc">
    <fs>
      <f name="type" value="FVG"/>
      <f name="tense" value="SimPre"/>
      <f name="voice" value="active"/>
      <f name="neg" value="yes"/>
    </fs>
  </a>
  <node xml:id="vc-n99"/>
  <a xml:id="vc-N68963" label="vchunk" ref="vc-n99" as="anc">
    <fs>
      <f name="type" value="FVG"/>
      <f name="tense" value="SimPre"/>
      <f name="voice" value="active"/>
    </fs>
  </a>
  <edge xml:id="vc-lnk99" from="vc-n69" to="penn-n624"/>
  <edge xml:id="vc-lnk98" from="vc-n68" to="penn-n591"/>
  <edge xml:id="vc-lnk97" from="vc-n68" to="penn-n590"/>
  <edge xml:id="vc-lnk96" from="vc-n67" to="penn-n584"/>
  <edge xml:id="vc-lnk95" from="vc-n66" to="penn-n582"/>
  <edge xml:id="vc-lnk94" from="vc-n65" to="penn-n577"/>
  <edge xml:id="vc-lnk93" from="vc-n65" to="penn-n576"/>
  <edge xml:id="vc-lnk92" from="vc-n64" to="penn-n575"/>
  <edge xml:id="vc-lnk129" from="vc-n93" to="penn-n809"/>
  <edge xml:id="vc-lnk91" from="vc-n63" to="penn-n566"/>
  <edge xml:id="vc-lnk128" from="vc-n92" to="penn-n807"/>
  <edge xml:id="vc-lnk90" from="vc-n62" to="penn-n555"/>
  <edge xml:id="vc-lnk127" from="vc-n91" to="penn-n801"/>
  <edge xml:id="vc-lnk126" from="vc-n91" to="penn-n800"/>
  <edge xml:id="vc-lnk125" from="vc-n91" to="penn-n799"/>
  <edge xml:id="vc-lnk124" from="vc-n90" to="penn-n791"/>
  <edge xml:id="vc-lnk123" from="vc-n89" to="penn-n780"/>
  <edge xml:id="vc-lnk122" from="vc-n88" to="penn-n774"/>
  <edge xml:id="vc-lnk121" from="vc-n87" to="penn-n767"/>
  <edge xml:id="vc-lnk120" from="vc-n86" to="penn-n756"/>
  <edge xml:id="vc-lnk89" from="vc-n62" to="penn-n554"/>
  <edge xml:id="vc-lnk88" from="vc-n61" to="penn-n551"/>
  <edge xml:id="vc-lnk87" from="vc-n60" to="penn-n548"/>
  <edge xml:id="vc-lnk86" from="vc-n59" to="penn-n525"/>
  <edge xml:id="vc-lnk85" from="vc-n59" to="penn-n524"/>
  <edge xml:id="vc-lnk84" from="vc-n58" to="penn-n517"/>
  <edge xml:id="vc-lnk83" from="vc-n57" to="penn-n511"/>
  <edge xml:id="vc-lnk82" from="vc-n56" to="penn-n501"/>
  <edge xml:id="vc-lnk119" from="vc-n85" to="penn-n754"/>
  <edge xml:id="vc-lnk81" from="vc-n55" to="penn-n434"/>
  <edge xml:id="vc-lnk118" from="vc-n84" to="penn-n748"/>
  <edge xml:id="vc-lnk80" from="vc-n54" to="penn-n431"/>
  <edge xml:id="vc-lnk117" from="vc-n83" to="penn-n738"/>
  <edge xml:id="vc-lnk116" from="vc-n82" to="penn-n735"/>
  <edge xml:id="vc-lnk115" from="vc-n81" to="penn-n731"/>
  <edge xml:id="vc-lnk114" from="vc-n80" to="penn-n726"/>
  <edge xml:id="vc-lnk113" from="vc-n79" to="penn-n716"/>
  <edge xml:id="vc-lnk112" from="vc-n79" to="penn-n715"/>
  <edge xml:id="vc-lnk111" from="vc-n78" to="penn-n707"/>
  <edge xml:id="vc-lnk110" from="vc-n77" to="penn-n699"/>
  <edge xml:id="vc-lnk79" from="vc-n54" to="penn-n430"/>
  <edge xml:id="vc-lnk78" from="vc-n53" to="penn-n423"/>
  <edge xml:id="vc-lnk77" from="vc-n52" to="penn-n396"/>
  <edge xml:id="vc-lnk76" from="vc-n51" to="penn-n389"/>
  <edge xml:id="vc-lnk75" from="vc-n50" to="penn-n382"/>
  <edge xml:id="vc-lnk74" from="vc-n49" to="penn-n380"/>
  <edge xml:id="vc-lnk73" from="vc-n49" to="penn-n379"/>
  <edge xml:id="vc-lnk72" from="vc-n48" to="penn-n375"/>
  <edge xml:id="vc-lnk109" from="vc-n77" to="penn-n698"/>
  <edge xml:id="vc-lnk71" from="vc-n47" to="penn-n368"/>
  <edge xml:id="vc-lnk108" from="vc-n76" to="penn-n684"/>
  <edge xml:id="vc-lnk70" from="vc-n47" to="penn-n367"/>
  <edge xml:id="vc-lnk107" from="vc-n75" to="penn-n671"/>
  <edge xml:id="vc-lnk106" from="vc-n74" to="penn-n668"/>
  <edge xml:id="vc-lnk105" from="vc-n73" to="penn-n661"/>
  <edge xml:id="vc-lnk104" from="vc-n73" to="penn-n660"/>
  <edge xml:id="vc-lnk103" from="vc-n72" to="penn-n637"/>
  <edge xml:id="vc-lnk102" from="vc-n72" to="penn-n636"/>
  <edge xml:id="vc-lnk101" from="vc-n71" to="penn-n633"/>
  <edge xml:id="vc-lnk100" from="vc-n70" to="penn-n628"/>
  <edge xml:id="vc-lnk69" from="vc-n46" to="penn-n363"/>
  <edge xml:id="vc-lnk68" from="vc-n46" to="penn-n362"/>
  <edge xml:id="vc-lnk67" from="vc-n45" to="penn-n351"/>
  <edge xml:id="vc-lnk66" from="vc-n45" to="penn-n350"/>
  <edge xml:id="vc-lnk65" from="vc-n45" to="penn-n349"/>
  <edge xml:id="vc-lnk64" from="vc-n44" to="penn-n348"/>
  <edge xml:id="vc-lnk63" from="vc-n43" to="penn-n340"/>
  <edge xml:id="vc-lnk62" from="vc-n42" to="penn-n332"/>
  <edge xml:id="vc-lnk61" from="vc-n41" to="penn-n329"/>
  <edge xml:id="vc-lnk60" from="vc-n41" to="penn-n328"/>
  <edge xml:id="vc-lnk59" from="vc-n40" to="penn-n322"/>
  <edge xml:id="vc-lnk58" from="vc-n39" to="penn-n316"/>
  <edge xml:id="vc-lnk57" from="vc-n39" to="penn-n315"/>
  <edge xml:id="vc-lnk56" from="vc-n38" to="penn-n314"/>
  <edge xml:id="vc-lnk55" from="vc-n37" to="penn-n313"/>
  <edge xml:id="vc-lnk54" from="vc-n36" to="penn-n302"/>
  <edge xml:id="vc-lnk53" from="vc-n36" to="penn-n301"/>
  <edge xml:id="vc-lnk52" from="vc-n35" to="penn-n292"/>
  <edge xml:id="vc-lnk51" from="vc-n34" to="penn-n291"/>
  <edge xml:id="vc-lnk50" from="vc-n33" to="penn-n274"/>
  <edge xml:id="vc-lnk49" from="vc-n32" to="penn-n269"/>
  <edge xml:id="vc-lnk48" from="vc-n31" to="penn-n260"/>
  <edge xml:id="vc-lnk47" from="vc-n31" to="penn-n259"/>
  <edge xml:id="vc-lnk46" from="vc-n30" to="penn-n251"/>
  <edge xml:id="vc-lnk45" from="vc-n30" to="penn-n250"/>
  <edge xml:id="vc-lnk44" from="vc-n30" to="penn-n249"/>
  <edge xml:id="vc-lnk43" from="vc-n29" to="penn-n246"/>
  <edge xml:id="vc-lnk42" from="vc-n28" to="penn-n241"/>
  <edge xml:id="vc-lnk41" from="vc-n28" to="penn-n240"/>
  <edge xml:id="vc-lnk40" from="vc-n27" to="penn-n235"/>
  <edge xml:id="vc-lnk192" from="vc-n140" to="penn-n1090"/>
  <edge xml:id="vc-lnk191" from="vc-n139" to="penn-n1085"/>
  <edge xml:id="vc-lnk190" from="vc-n138" to="penn-n1080"/>
  <edge xml:id="vc-lnk39" from="vc-n27" to="penn-n234"/>
  <edge xml:id="vc-lnk38" from="vc-n26" to="penn-n227"/>
  <edge xml:id="vc-lnk37" from="vc-n25" to="penn-n225"/>
  <edge xml:id="vc-lnk36" from="vc-n25" to="penn-n224"/>
  <edge xml:id="vc-lnk35" from="vc-n24" to="penn-n221"/>
  <edge xml:id="vc-lnk34" from="vc-n23" to="penn-n209"/>
  <edge xml:id="vc-lnk33" from="vc-n23" to="penn-n208"/>
  <edge xml:id="vc-lnk32" from="vc-n22" to="penn-n206"/>
  <edge xml:id="vc-lnk31" from="vc-n21" to="penn-n195"/>
  <edge xml:id="vc-lnk30" from="vc-n20" to="penn-n188"/>
  <edge xml:id="vc-lnk189" from="vc-n138" to="penn-n1079"/>
  <edge xml:id="vc-lnk188" from="vc-n137" to="penn-n1074"/>
  <edge xml:id="vc-lnk187" from="vc-n137" to="penn-n1073"/>
  <edge xml:id="vc-lnk186" from="vc-n136" to="penn-n1072"/>
  <edge xml:id="vc-lnk185" from="vc-n136" to="penn-n1071"/>
  <edge xml:id="vc-lnk184" from="vc-n135" to="penn-n1049"/>
  <edge xml:id="vc-lnk183" from="vc-n134" to="penn-n1046"/>
  <edge xml:id="vc-lnk182" from="vc-n133" to="penn-n1040"/>
  <edge xml:id="vc-lnk181" from="vc-n133" to="penn-n1039"/>
  <edge xml:id="vc-lnk180" from="vc-n132" to="penn-n1038"/>
  <edge xml:id="vc-lnk29" from="vc-n20" to="penn-n187"/>
  <edge xml:id="vc-lnk28" from="vc-n20" to="penn-n186"/>
  <edge xml:id="vc-lnk27" from="vc-n19" to="penn-n176"/>
  <edge xml:id="vc-lnk26" from="vc-n19" to="penn-n175"/>
  <edge xml:id="vc-lnk25" from="vc-n18" to="penn-n163"/>
  <edge xml:id="vc-lnk24" from="vc-n17" to="penn-n153"/>
  <edge xml:id="vc-lnk23" from="vc-n16" to="penn-n146"/>
  <edge xml:id="vc-lnk22" from="vc-n15" to="penn-n142"/>
  <edge xml:id="vc-lnk21" from="vc-n14" to="penn-n133"/>
  <edge xml:id="vc-lnk20" from="vc-n13" to="penn-n122"/>
  <edge xml:id="vc-lnk179" from="vc-n131" to="penn-n1037"/>
  <edge xml:id="vc-lnk178" from="vc-n130" to="penn-n1027"/>
  <edge xml:id="vc-lnk177" from="vc-n129" to="penn-n1016"/>
  <edge xml:id="vc-lnk176" from="vc-n129" to="penn-n1015"/>
  <edge xml:id="vc-lnk175" from="vc-n128" to="penn-n1011"/>
  <edge xml:id="vc-lnk174" from="vc-n127" to="penn-n995"/>
  <edge xml:id="vc-lnk173" from="vc-n126" to="penn-n992"/>
  <edge xml:id="vc-lnk172" from="vc-n126" to="penn-n991"/>
  <edge xml:id="vc-lnk171" from="vc-n125" to="penn-n988"/>
  <edge xml:id="vc-lnk170" from="vc-n124" to="penn-n982"/>
  <edge xml:id="vc-lnk19" from="vc-n13" to="penn-n121"/>
  <edge xml:id="vc-lnk18" from="vc-n13" to="penn-n120"/>
  <edge xml:id="vc-lnk17" from="vc-n12" to="penn-n116"/>
  <edge xml:id="vc-lnk16" from="vc-n11" to="penn-n107"/>
  <edge xml:id="vc-lnk15" from="vc-n11" to="penn-n106"/>
  <edge xml:id="vc-lnk14" from="vc-n11" to="penn-n105"/>
  <edge xml:id="vc-lnk13" from="vc-n10" to="penn-n93"/>
  <edge xml:id="vc-lnk12" from="vc-n9" to="penn-n90"/>
  <edge xml:id="vc-lnk11" from="vc-n8" to="penn-n72"/>
  <edge xml:id="vc-lnk10" from="vc-n7" to="penn-n59"/>
  <edge xml:id="vc-lnk169" from="vc-n123" to="penn-n969"/>
  <edge xml:id="vc-lnk168" from="vc-n122" to="penn-n963"/>
  <edge xml:id="vc-lnk167" from="vc-n121" to="penn-n958"/>
  <edge xml:id="vc-lnk166" from="vc-n121" to="penn-n957"/>
  <edge xml:id="vc-lnk165" from="vc-n120" to="penn-n952"/>
  <edge xml:id="vc-lnk164" from="vc-n119" to="penn-n945"/>
  <edge xml:id="vc-lnk9" from="vc-n7" to="penn-n58"/>
  <edge xml:id="vc-lnk163" from="vc-n118" to="penn-n939"/>
  <edge xml:id="vc-lnk8" from="vc-n6" to="penn-n55"/>
  <edge xml:id="vc-lnk162" from="vc-n118" to="penn-n938"/>
  <edge xml:id="vc-lnk7" from="vc-n5" to="penn-n50"/>
  <edge xml:id="vc-lnk161" from="vc-n117" to="penn-n937"/>
  <edge xml:id="vc-lnk6" from="vc-n4" to="penn-n41"/>
  <edge xml:id="vc-lnk160" from="vc-n116" to="penn-n931"/>
  <edge xml:id="vc-lnk5" from="vc-n3" to="penn-n33"/>
  <edge xml:id="vc-lnk4" from="vc-n2" to="penn-n29"/>
  <edge xml:id="vc-lnk3" from="vc-n1" to="penn-n24"/>
  <edge xml:id="vc-lnk2" from="vc-n1" to="penn-n23"/>
  <edge xml:id="vc-lnk1" from="vc-n0" to="penn-n9"/>
  <edge xml:id="vc-lnk0" from="vc-n0" to="penn-n8"/>
  <edge xml:id="vc-lnk159" from="vc-n115" to="penn-n929"/>
  <edge xml:id="vc-lnk158" from="vc-n114" to="penn-n919"/>
  <edge xml:id="vc-lnk157" from="vc-n114" to="penn-n918"/>
  <edge xml:id="vc-lnk156" from="vc-n113" to="penn-n915"/>
  <edge xml:id="vc-lnk155" from="vc-n112" to="penn-n909"/>
  <edge xml:id="vc-lnk154" from="vc-n112" to="penn-n908"/>
  <edge xml:id="vc-lnk153" from="vc-n111" to="penn-n907"/>
  <edge xml:id="vc-lnk152" from="vc-n110" to="penn-n903"/>
  <edge xml:id="vc-lnk151" from="vc-n109" to="penn-n901"/>
  <edge xml:id="vc-lnk150" from="vc-n108" to="penn-n899"/>
  <edge xml:id="vc-lnk149" from="vc-n107" to="penn-n895"/>
  <edge xml:id="vc-lnk148" from="vc-n107" to="penn-n894"/>
  <edge xml:id="vc-lnk147" from="vc-n106" to="penn-n886"/>
  <edge xml:id="vc-lnk146" from="vc-n106" to="penn-n885"/>
  <edge xml:id="vc-lnk145" from="vc-n105" to="penn-n882"/>
  <edge xml:id="vc-lnk144" from="vc-n105" to="penn-n881"/>
  <edge xml:id="vc-lnk143" from="vc-n104" to="penn-n875"/>
  <edge xml:id="vc-lnk142" from="vc-n103" to="penn-n862"/>
  <edge xml:id="vc-lnk141" from="vc-n102" to="penn-n856"/>
  <edge xml:id="vc-lnk140" from="vc-n101" to="penn-n853"/>
  <edge xml:id="vc-lnk139" from="vc-n100" to="penn-n847"/>
  <edge xml:id="vc-lnk138" from="vc-n99" to="penn-n838"/>
  <edge xml:id="vc-lnk137" from="vc-n98" to="penn-n834"/>
  <edge xml:id="vc-lnk136" from="vc-n98" to="penn-n833"/>
  <edge xml:id="vc-lnk135" from="vc-n97" to="penn-n828"/>
  <edge xml:id="vc-lnk134" from="vc-n97" to="penn-n827"/>
  <edge xml:id="vc-lnk133" from="vc-n96" to="penn-n824"/>
  <edge xml:id="vc-lnk132" from="vc-n96" to="penn-n823"/>
  <edge xml:id="vc-lnk131" from="vc-n95" to="penn-n822"/>
  <edge xml:id="vc-lnk130" from="vc-n94" to="penn-n821"/>
</graph>
