<?xml version="1.0" encoding="UTF-8"?><graph xmlns="http://www.xces.org/ns/GrAF/1.0/" xmlns:graf="http://www.xces.org/ns/GrAF/1.0/">
    <graphHeader>
        <labelsDecl>
            <labelUsage label="Head" occurs="1"/>
            <labelUsage label="s" occurs="86"/>
            <labelUsage label="q" occurs="10"/>
        </labelsDecl>
        <annotationSpaces>
            <annotationSpace as.id="anc"/>
        </annotationSpaces>
    </graphHeader>
    <region xml:id="s-r0" anchors="4 62"/>
    <node xml:id="s-n0">
        <link targets="s-r0"/>
    </node>
    <a xml:id="s-N65577" label="Head" ref="s-n0" as="anc"/>
    <region xml:id="s-r1" anchors="65 192"/>
    <node xml:id="s-n1">
        <link targets="s-r1"/>
    </node>
    <a xml:id="s-N65593" label="s" ref="s-n1" as="anc"/>
    <region xml:id="s-r2" anchors="193 234"/>
    <node xml:id="s-n2">
        <link targets="s-r2"/>
    </node>
    <a xml:id="s-N65609" label="s" ref="s-n2" as="anc"/>
    <region xml:id="s-r3" anchors="235 313"/>
    <node xml:id="s-n3">
        <link targets="s-r3"/>
    </node>
    <a xml:id="s-N65625" label="s" ref="s-n3" as="anc"/>
    <region xml:id="s-r4" anchors="314 366"/>
    <node xml:id="s-n4">
        <link targets="s-r4"/>
    </node>
    <a xml:id="s-N65641" label="s" ref="s-n4" as="anc"/>
    <region xml:id="s-r5" anchors="367 423"/>
    <node xml:id="s-n5">
        <link targets="s-r5"/>
    </node>
    <a xml:id="s-N65657" label="s" ref="s-n5" as="anc"/>
    <region xml:id="s-r6" anchors="425 520"/>
    <node xml:id="s-n6">
        <link targets="s-r6"/>
    </node>
    <a xml:id="s-N65673" label="s" ref="s-n6" as="anc"/>
    <region xml:id="s-r7" anchors="521 543"/>
    <node xml:id="s-n7">
        <link targets="s-r7"/>
    </node>
    <a xml:id="s-N65689" label="s" ref="s-n7" as="anc"/>
    <region xml:id="s-r8" anchors="544 578"/>
    <node xml:id="s-n8">
        <link targets="s-r8"/>
    </node>
    <a xml:id="s-N65705" label="s" ref="s-n8" as="anc"/>
    <region xml:id="s-r9" anchors="579 654"/>
    <node xml:id="s-n9">
        <link targets="s-r9"/>
    </node>
    <a xml:id="s-N65721" label="s" ref="s-n9" as="anc"/>
    <region xml:id="s-r10" anchors="655 682"/>
    <node xml:id="s-n10">
        <link targets="s-r10"/>
    </node>
    <a xml:id="s-N65737" label="s" ref="s-n10" as="anc"/>
    <region xml:id="s-r11" anchors="683 718"/>
    <node xml:id="s-n11">
        <link targets="s-r11"/>
    </node>
    <a xml:id="s-N65753" label="s" ref="s-n11" as="anc"/>
    <region xml:id="s-r12" anchors="720 813"/>
    <node xml:id="s-n12">
        <link targets="s-r12"/>
    </node>
    <a xml:id="s-N65769" label="s" ref="s-n12" as="anc"/>
    <region xml:id="s-r13" anchors="789 813"/>
    <node xml:id="s-n13">
        <link targets="s-r13"/>
    </node>
    <a xml:id="s-N65785" label="q" ref="s-n13" as="anc"/>
    <region xml:id="s-r14" anchors="814 1021"/>
    <node xml:id="s-n14">
        <link targets="s-r14"/>
    </node>
    <a xml:id="s-N65801" label="s" ref="s-n14" as="anc"/>
    <region xml:id="s-r15" anchors="1023 1036"/>
    <node xml:id="s-n15">
        <link targets="s-r15"/>
    </node>
    <a xml:id="s-N65817" label="s" ref="s-n15" as="anc"/>
    <region xml:id="s-r16" anchors="1037 1140"/>
    <node xml:id="s-n16">
        <link targets="s-r16"/>
    </node>
    <a xml:id="s-N65833" label="s" ref="s-n16" as="anc"/>
    <region xml:id="s-r17" anchors="1141 1314"/>
    <node xml:id="s-n17">
        <link targets="s-r17"/>
    </node>
    <a xml:id="s-N65849" label="s" ref="s-n17" as="anc"/>
    <region xml:id="s-r18" anchors="1316 1347"/>
    <node xml:id="s-n18">
        <link targets="s-r18"/>
    </node>
    <a xml:id="s-N65865" label="s" ref="s-n18" as="anc"/>
    <region xml:id="s-r19" anchors="1349 1400"/>
    <node xml:id="s-n19">
        <link targets="s-r19"/>
    </node>
    <a xml:id="s-N65881" label="s" ref="s-n19" as="anc"/>
    <region xml:id="s-r20" anchors="1404 1440"/>
    <node xml:id="s-n20">
        <link targets="s-r20"/>
    </node>
    <a xml:id="s-N65897" label="s" ref="s-n20" as="anc"/>
    <region xml:id="s-r21" anchors="1442 1502"/>
    <node xml:id="s-n21">
        <link targets="s-r21"/>
    </node>
    <a xml:id="s-N65913" label="s" ref="s-n21" as="anc"/>
    <region xml:id="s-r22" anchors="1503 1633"/>
    <node xml:id="s-n22">
        <link targets="s-r22"/>
    </node>
    <a xml:id="s-N65929" label="s" ref="s-n22" as="anc"/>
    <region xml:id="s-r23" anchors="1636 1703"/>
    <node xml:id="s-n23">
        <link targets="s-r23"/>
    </node>
    <a xml:id="s-N65945" label="s" ref="s-n23" as="anc"/>
    <region xml:id="s-r24" anchors="1704 1721"/>
    <node xml:id="s-n24">
        <link targets="s-r24"/>
    </node>
    <a xml:id="s-N65961" label="s" ref="s-n24" as="anc"/>
    <region xml:id="s-r25" anchors="1724 1798"/>
    <node xml:id="s-n25">
        <link targets="s-r25"/>
    </node>
    <a xml:id="s-N65977" label="s" ref="s-n25" as="anc"/>
    <region xml:id="s-r26" anchors="1799 1871"/>
    <node xml:id="s-n26">
        <link targets="s-r26"/>
    </node>
    <a xml:id="s-N65993" label="s" ref="s-n26" as="anc"/>
    <region xml:id="s-r27" anchors="1874 1965"/>
    <node xml:id="s-n27">
        <link targets="s-r27"/>
    </node>
    <a xml:id="s-N66009" label="s" ref="s-n27" as="anc"/>
    <region xml:id="s-r28" anchors="1966 1997"/>
    <node xml:id="s-n28">
        <link targets="s-r28"/>
    </node>
    <a xml:id="s-N66025" label="s" ref="s-n28" as="anc"/>
    <region xml:id="s-r29" anchors="1998 2176"/>
    <node xml:id="s-n29">
        <link targets="s-r29"/>
    </node>
    <a xml:id="s-N66041" label="s" ref="s-n29" as="anc"/>
    <region xml:id="s-r30" anchors="2177 2210"/>
    <node xml:id="s-n30">
        <link targets="s-r30"/>
    </node>
    <a xml:id="s-N66057" label="s" ref="s-n30" as="anc"/>
    <region xml:id="s-r31" anchors="2213 2351"/>
    <node xml:id="s-n31">
        <link targets="s-r31"/>
    </node>
    <a xml:id="s-N66073" label="s" ref="s-n31" as="anc"/>
    <region xml:id="s-r32" anchors="2352 2460"/>
    <node xml:id="s-n32">
        <link targets="s-r32"/>
    </node>
    <a xml:id="s-N66089" label="s" ref="s-n32" as="anc"/>
    <region xml:id="s-r33" anchors="2461 2677"/>
    <node xml:id="s-n33">
        <link targets="s-r33"/>
    </node>
    <a xml:id="s-N66105" label="s" ref="s-n33" as="anc"/>
    <region xml:id="s-r34" anchors="2679 2982"/>
    <node xml:id="s-n34">
        <link targets="s-r34"/>
    </node>
    <a xml:id="s-N66121" label="s" ref="s-n34" as="anc"/>
    <region xml:id="s-r35" anchors="2983 3279"/>
    <node xml:id="s-n35">
        <link targets="s-r35"/>
    </node>
    <a xml:id="s-N66137" label="s" ref="s-n35" as="anc"/>
    <region xml:id="s-r36" anchors="3280 3490"/>
    <node xml:id="s-n36">
        <link targets="s-r36"/>
    </node>
    <a xml:id="s-N66153" label="s" ref="s-n36" as="anc"/>
    <region xml:id="s-r37" anchors="3492 3616"/>
    <node xml:id="s-n37">
        <link targets="s-r37"/>
    </node>
    <a xml:id="s-N66169" label="s" ref="s-n37" as="anc"/>
    <region xml:id="s-r38" anchors="3619 3681"/>
    <node xml:id="s-n38">
        <link targets="s-r38"/>
    </node>
    <a xml:id="s-N66185" label="s" ref="s-n38" as="anc"/>
    <region xml:id="s-r39" anchors="3649 3895"/>
    <node xml:id="s-n39">
        <link targets="s-r39"/>
    </node>
    <a xml:id="s-N66201" label="q" ref="s-n39" as="anc"/>
    <region xml:id="s-r40" anchors="3682 3860"/>
    <node xml:id="s-n40">
        <link targets="s-r40"/>
    </node>
    <a xml:id="s-N66217" label="s" ref="s-n40" as="anc"/>
    <region xml:id="s-r41" anchors="3861 3895"/>
    <node xml:id="s-n41">
        <link targets="s-r41"/>
    </node>
    <a xml:id="s-N66233" label="s" ref="s-n41" as="anc"/>
    <region xml:id="s-r42" anchors="3897 3999"/>
    <node xml:id="s-n42">
        <link targets="s-r42"/>
    </node>
    <a xml:id="s-N66249" label="s" ref="s-n42" as="anc"/>
    <region xml:id="s-r43" anchors="4002 4131"/>
    <node xml:id="s-n43">
        <link targets="s-r43"/>
    </node>
    <a xml:id="s-N66265" label="s" ref="s-n43" as="anc"/>
    <region xml:id="s-r44" anchors="4132 4200"/>
    <node xml:id="s-n44">
        <link targets="s-r44"/>
    </node>
    <a xml:id="s-N66281" label="s" ref="s-n44" as="anc"/>
    <region xml:id="s-r45" anchors="4201 4310"/>
    <node xml:id="s-n45">
        <link targets="s-r45"/>
    </node>
    <a xml:id="s-N66297" label="s" ref="s-n45" as="anc"/>
    <region xml:id="s-r46" anchors="4311 4399"/>
    <node xml:id="s-n46">
        <link targets="s-r46"/>
    </node>
    <a xml:id="s-N66313" label="s" ref="s-n46" as="anc"/>
    <region xml:id="s-r47" anchors="4402 4548"/>
    <node xml:id="s-n47">
        <link targets="s-r47"/>
    </node>
    <a xml:id="s-N66329" label="s" ref="s-n47" as="anc"/>
    <region xml:id="s-r48" anchors="4549 4610"/>
    <node xml:id="s-n48">
        <link targets="s-r48"/>
    </node>
    <a xml:id="s-N66345" label="s" ref="s-n48" as="anc"/>
    <region xml:id="s-r49" anchors="4611 4775"/>
    <node xml:id="s-n49">
        <link targets="s-r49"/>
    </node>
    <a xml:id="s-N66361" label="s" ref="s-n49" as="anc"/>
    <region xml:id="s-r50" anchors="4776 4976"/>
    <node xml:id="s-n50">
        <link targets="s-r50"/>
    </node>
    <a xml:id="s-N66377" label="s" ref="s-n50" as="anc"/>
    <region xml:id="s-r51" anchors="4979 5103"/>
    <node xml:id="s-n51">
        <link targets="s-r51"/>
    </node>
    <a xml:id="s-N66393" label="s" ref="s-n51" as="anc"/>
    <region xml:id="s-r52" anchors="5104 5211"/>
    <node xml:id="s-n52">
        <link targets="s-r52"/>
    </node>
    <a xml:id="s-N66409" label="s" ref="s-n52" as="anc"/>
    <region xml:id="s-r53" anchors="5213 5327"/>
    <node xml:id="s-n53">
        <link targets="s-r53"/>
    </node>
    <a xml:id="s-N66425" label="s" ref="s-n53" as="anc"/>
    <region xml:id="s-r54" anchors="5328 5354"/>
    <node xml:id="s-n54">
        <link targets="s-r54"/>
    </node>
    <a xml:id="s-N66441" label="s" ref="s-n54" as="anc"/>
    <region xml:id="s-r55" anchors="5355 5372"/>
    <node xml:id="s-n55">
        <link targets="s-r55"/>
    </node>
    <a xml:id="s-N66457" label="s" ref="s-n55" as="anc"/>
    <region xml:id="s-r56" anchors="5373 5409"/>
    <node xml:id="s-n56">
        <link targets="s-r56"/>
    </node>
    <a xml:id="s-N66473" label="s" ref="s-n56" as="anc"/>
    <region xml:id="s-r57" anchors="5410 5483"/>
    <node xml:id="s-n57">
        <link targets="s-r57"/>
    </node>
    <a xml:id="s-N66489" label="s" ref="s-n57" as="anc"/>
    <region xml:id="s-r58" anchors="5484 5530"/>
    <node xml:id="s-n58">
        <link targets="s-r58"/>
    </node>
    <a xml:id="s-N66505" label="s" ref="s-n58" as="anc"/>
    <region xml:id="s-r59" anchors="5531 5616"/>
    <node xml:id="s-n59">
        <link targets="s-r59"/>
    </node>
    <a xml:id="s-N66521" label="s" ref="s-n59" as="anc"/>
    <region xml:id="s-r60" anchors="5617 5700"/>
    <node xml:id="s-n60">
        <link targets="s-r60"/>
    </node>
    <a xml:id="s-N66537" label="s" ref="s-n60" as="anc"/>
    <region xml:id="s-r61" anchors="5701 5764"/>
    <node xml:id="s-n61">
        <link targets="s-r61"/>
    </node>
    <a xml:id="s-N66553" label="s" ref="s-n61" as="anc"/>
    <region xml:id="s-r62" anchors="5765 5852"/>
    <node xml:id="s-n62">
        <link targets="s-r62"/>
    </node>
    <a xml:id="s-N66569" label="s" ref="s-n62" as="anc"/>
    <region xml:id="s-r63" anchors="5853 5935"/>
    <node xml:id="s-n63">
        <link targets="s-r63"/>
    </node>
    <a xml:id="s-N66585" label="s" ref="s-n63" as="anc"/>
    <region xml:id="s-r64" anchors="5936 6020"/>
    <node xml:id="s-n64">
        <link targets="s-r64"/>
    </node>
    <a xml:id="s-N66601" label="s" ref="s-n64" as="anc"/>
    <region xml:id="s-r65" anchors="6021 6145"/>
    <node xml:id="s-n65">
        <link targets="s-r65"/>
    </node>
    <a xml:id="s-N66617" label="s" ref="s-n65" as="anc"/>
    <region xml:id="s-r66" anchors="6147 6274"/>
    <node xml:id="s-n66">
        <link targets="s-r66"/>
    </node>
    <a xml:id="s-N66633" label="s" ref="s-n66" as="anc"/>
    <region xml:id="s-r67" anchors="6275 6405"/>
    <node xml:id="s-n67">
        <link targets="s-r67"/>
    </node>
    <a xml:id="s-N66649" label="s" ref="s-n67" as="anc"/>
    <region xml:id="s-r68" anchors="6408 6500"/>
    <node xml:id="s-n68">
        <link targets="s-r68"/>
    </node>
    <a xml:id="s-N66665" label="s" ref="s-n68" as="anc"/>
    <region xml:id="s-r69" anchors="6501 6531"/>
    <node xml:id="s-n69">
        <link targets="s-r69"/>
    </node>
    <a xml:id="s-N66681" label="s" ref="s-n69" as="anc"/>
    <region xml:id="s-r70" anchors="6534 6634"/>
    <node xml:id="s-n70">
        <link targets="s-r70"/>
    </node>
    <a xml:id="s-N66697" label="s" ref="s-n70" as="anc"/>
    <region xml:id="s-r71" anchors="6561 6634"/>
    <node xml:id="s-n71">
        <link targets="s-r71"/>
    </node>
    <a xml:id="s-N66713" label="q" ref="s-n71" as="anc"/>
    <region xml:id="s-r72" anchors="6637 6744"/>
    <node xml:id="s-n72">
        <link targets="s-r72"/>
    </node>
    <a xml:id="s-N66729" label="s" ref="s-n72" as="anc"/>
    <region xml:id="s-r73" anchors="6746 6867"/>
    <node xml:id="s-n73">
        <link targets="s-r73"/>
    </node>
    <a xml:id="s-N66745" label="s" ref="s-n73" as="anc"/>
    <region xml:id="s-r74" anchors="6761 6779"/>
    <node xml:id="s-n74">
        <link targets="s-r74"/>
    </node>
    <a xml:id="s-N66761" label="q" ref="s-n74" as="anc"/>
    <region xml:id="s-r75" anchors="6870 7037"/>
    <node xml:id="s-n75">
        <link targets="s-r75"/>
    </node>
    <a xml:id="s-N66777" label="s" ref="s-n75" as="anc"/>
    <region xml:id="s-r76" anchors="7039 7172"/>
    <node xml:id="s-n76">
        <link targets="s-r76"/>
    </node>
    <a xml:id="s-N66793" label="s" ref="s-n76" as="anc"/>
    <region xml:id="s-r77" anchors="7061 7117"/>
    <node xml:id="s-n77">
        <link targets="s-r77"/>
    </node>
    <a xml:id="s-N66809" label="q" ref="s-n77" as="anc"/>
    <region xml:id="s-r78" anchors="7174 7371"/>
    <node xml:id="s-n78">
        <link targets="s-r78"/>
    </node>
    <a xml:id="s-N66825" label="s" ref="s-n78" as="anc"/>
    <region xml:id="s-r79" anchors="7187 7203"/>
    <node xml:id="s-n79">
        <link targets="s-r79"/>
    </node>
    <a xml:id="s-N66841" label="q" ref="s-n79" as="anc"/>
    <region xml:id="s-r80" anchors="7302 7370"/>
    <node xml:id="s-n80">
        <link targets="s-r80"/>
    </node>
    <a xml:id="s-N66857" label="q" ref="s-n80" as="anc"/>
    <region xml:id="s-r81" anchors="7373 7624"/>
    <node xml:id="s-n81">
        <link targets="s-r81"/>
    </node>
    <a xml:id="s-N66873" label="s" ref="s-n81" as="anc"/>
    <region xml:id="s-r82" anchors="7373 7606"/>
    <node xml:id="s-n82">
        <link targets="s-r82"/>
    </node>
    <a xml:id="s-N66889" label="q" ref="s-n82" as="anc"/>
    <region xml:id="s-r83" anchors="7627 7672"/>
    <node xml:id="s-n83">
        <link targets="s-r83"/>
    </node>
    <a xml:id="s-N66905" label="s" ref="s-n83" as="anc"/>
    <region xml:id="s-r84" anchors="7673 7748"/>
    <node xml:id="s-n84">
        <link targets="s-r84"/>
    </node>
    <a xml:id="s-N66921" label="s" ref="s-n84" as="anc"/>
    <region xml:id="s-r85" anchors="7708 7720"/>
    <node xml:id="s-n85">
        <link targets="s-r85"/>
    </node>
    <a xml:id="s-N66937" label="q" ref="s-n85" as="anc"/>
    <region xml:id="s-r86" anchors="7752 7837"/>
    <node xml:id="s-n86">
        <link targets="s-r86"/>
    </node>
    <a xml:id="s-N66953" label="s" ref="s-n86" as="anc"/>
    <region xml:id="s-r87" anchors="7838 7895"/>
    <node xml:id="s-n87">
        <link targets="s-r87"/>
    </node>
    <a xml:id="s-N66969" label="s" ref="s-n87" as="anc"/>
    <region xml:id="s-r88" anchors="7897 8062"/>
    <node xml:id="s-n88">
        <link targets="s-r88"/>
    </node>
    <a xml:id="s-N66985" label="s" ref="s-n88" as="anc"/>
    <region xml:id="s-r89" anchors="8063 8232"/>
    <node xml:id="s-n89">
        <link targets="s-r89"/>
    </node>
    <a xml:id="s-N67001" label="s" ref="s-n89" as="anc"/>
    <region xml:id="s-r90" anchors="8233 8412"/>
    <node xml:id="s-n90">
        <link targets="s-r90"/>
    </node>
    <a xml:id="s-N67017" label="s" ref="s-n90" as="anc"/>
    <region xml:id="s-r91" anchors="8414 8452"/>
    <node xml:id="s-n91">
        <link targets="s-r91"/>
    </node>
    <a xml:id="s-N67033" label="s" ref="s-n91" as="anc"/>
    <region xml:id="s-r92" anchors="8453 8539"/>
    <node xml:id="s-n92">
        <link targets="s-r92"/>
    </node>
    <a xml:id="s-N67049" label="s" ref="s-n92" as="anc"/>
    <region xml:id="s-r93" anchors="8540 8606"/>
    <node xml:id="s-n93">
        <link targets="s-r93"/>
    </node>
    <a xml:id="s-N67065" label="s" ref="s-n93" as="anc"/>
    <region xml:id="s-r94" anchors="8596 8606"/>
    <node xml:id="s-n94">
        <link targets="s-r94"/>
    </node>
    <a xml:id="s-N67081" label="q" ref="s-n94" as="anc"/>
    <region xml:id="s-r95" anchors="8609 8763"/>
    <node xml:id="s-n95">
        <link targets="s-r95"/>
    </node>
    <a xml:id="s-N67097" label="s" ref="s-n95" as="anc"/>
    <region xml:id="s-r96" anchors="8765 8911"/>
    <node xml:id="s-n96">
        <link targets="s-r96"/>
    </node>
    <a xml:id="s-N67113" label="s" ref="s-n96" as="anc"/>
</graph>
