<graph xmlns="http://www.xces.org/ns/GrAF/1.0/" xmlns:graf="http://www.xces.org/ns/GrAF/1.0/">
  <graphHeader>
    <labelsDecl>
      <labelUsage label="body" occurs="1"/>
      <labelUsage label="text" occurs="1"/>
      <labelUsage label="a" occurs="1"/>
      <labelUsage label="p" occurs="43"/>
      <labelUsage label="div" occurs="10"/>
      <labelUsage label="h4" occurs="1"/>
      <labelUsage label="hi" occurs="11"/>
      <labelUsage label="cesDoc" occurs="1"/>
      <labelUsage label="head" occurs="5"/>
    </labelsDecl>
    <annotationSpaces>
      <annotationSpace as.id="xces"/>
    </annotationSpaces>
  </graphHeader>
  <region xml:id="logical-r0" anchors="0 6560"/>
  <node xml:id="logical-n0">
    <link targets="logical-r0"/>
  </node>
  <a xml:id="logical-N65601" label="cesDoc" ref="logical-n0" as="xces">
    <fs>
      <f name="xmlns" value="http://www.xces.org/schema/2003"/>
      <f name="version" value="1.0.4"/>
    </fs>
  </a>
  <region xml:id="logical-r1" anchors="1 6559"/>
  <node xml:id="logical-n1">
    <link targets="logical-r1"/>
  </node>
  <a xml:id="logical-N65629" label="text" ref="logical-n1" as="xces"/>
  <region xml:id="logical-r2" anchors="2 6558"/>
  <node xml:id="logical-n2">
    <link targets="logical-r2"/>
  </node>
  <a xml:id="logical-N65645" label="body" ref="logical-n2" as="xces"/>
  <region xml:id="logical-r3" anchors="3 3531"/>
  <node xml:id="logical-n3">
    <link targets="logical-r3"/>
  </node>
  <a xml:id="logical-N65661" label="div" ref="logical-n3" as="xces">
    <fs>
      <f name="type" value="entry"/>
    </fs>
  </a>
  <region xml:id="logical-r4" anchors="6 94"/>
  <node xml:id="logical-n4">
    <link targets="logical-r4"/>
  </node>
  <a xml:id="logical-N65685" label="p" ref="logical-n4" as="xces"/>
  <region xml:id="logical-r5" anchors="7 93"/>
  <node xml:id="logical-n5">
    <link targets="logical-r5"/>
  </node>
  <a xml:id="logical-N65701" label="hi" ref="logical-n5" as="xces">
    <fs>
      <f name="rend" value="bold"/>
    </fs>
  </a>
  <region xml:id="logical-r6" anchors="66 91"/>
  <node xml:id="logical-n6">
    <link targets="logical-r6"/>
  </node>
  <a xml:id="logical-N65725" label="a" ref="logical-n6" as="xces">
    <fs>
      <f name="href" value="http://uprooted.jessicareeder.com/author/raggedyannarchy/"/>
    </fs>
  </a>
  <region xml:id="logical-r7" anchors="96 886"/>
  <node xml:id="logical-n7">
    <link targets="logical-r7"/>
  </node>
  <a xml:id="logical-N65749" label="div" ref="logical-n7" as="xces">
    <fs>
      <f name="type" value="section"/>
    </fs>
  </a>
  <region xml:id="logical-r8" anchors="97 216"/>
  <node xml:id="logical-n8">
    <link targets="logical-r8"/>
  </node>
  <a xml:id="logical-N65773" label="head" ref="logical-n8" as="xces"/>
  <region xml:id="logical-r9" anchors="218 418"/>
  <node xml:id="logical-n9">
    <link targets="logical-r9"/>
  </node>
  <a xml:id="logical-N65789" label="p" ref="logical-n9" as="xces"/>
  <region xml:id="logical-r10" anchors="420 552"/>
  <node xml:id="logical-n10">
    <link targets="logical-r10"/>
  </node>
  <a xml:id="logical-N65805" label="p" ref="logical-n10" as="xces"/>
  <region xml:id="logical-r11" anchors="554 782"/>
  <node xml:id="logical-n11">
    <link targets="logical-r11"/>
  </node>
  <a xml:id="logical-N65821" label="p" ref="logical-n11" as="xces"/>
  <region xml:id="logical-r12" anchors="554 573"/>
  <node xml:id="logical-n12">
    <link targets="logical-r12"/>
  </node>
  <a xml:id="logical-N65837" label="hi" ref="logical-n12" as="xces">
    <fs>
      <f name="rend" value="bold"/>
    </fs>
  </a>
  <region xml:id="logical-r13" anchors="576 580"/>
  <node xml:id="logical-n13">
    <link targets="logical-r13"/>
  </node>
  <a xml:id="logical-N65861" label="hi" ref="logical-n13" as="xces">
    <fs>
      <f name="rend" value="italic"/>
    </fs>
  </a>
  <region xml:id="logical-r14" anchors="663 782"/>
  <node xml:id="logical-n14">
    <link targets="logical-r14"/>
  </node>
  <a xml:id="logical-N65885" label="hi" ref="logical-n14" as="xces">
    <fs>
      <f name="rend" value="bold"/>
    </fs>
  </a>
  <region xml:id="logical-r15" anchors="784 809"/>
  <node xml:id="logical-n15">
    <link targets="logical-r15"/>
  </node>
  <a xml:id="logical-N65909" label="p" ref="logical-n15" as="xces"/>
  <region xml:id="logical-r16" anchors="812 885"/>
  <node xml:id="logical-n16">
    <link targets="logical-r16"/>
  </node>
  <a xml:id="logical-N65925" label="p" ref="logical-n16" as="xces"/>
  <region xml:id="logical-r17" anchors="888 904"/>
  <node xml:id="logical-n17">
    <link targets="logical-r17"/>
  </node>
  <a xml:id="logical-N65941" label="head" ref="logical-n17" as="xces"/>
  <region xml:id="logical-r18" anchors="906 1007"/>
  <node xml:id="logical-n18">
    <link targets="logical-r18"/>
  </node>
  <a xml:id="logical-N65957" label="p" ref="logical-n18" as="xces"/>
  <region xml:id="logical-r19" anchors="1009 1214"/>
  <node xml:id="logical-n19">
    <link targets="logical-r19"/>
  </node>
  <a xml:id="logical-N65973" label="p" ref="logical-n19" as="xces"/>
  <region xml:id="logical-r20" anchors="1216 1424"/>
  <node xml:id="logical-n20">
    <link targets="logical-r20"/>
  </node>
  <a xml:id="logical-N65989" label="p" ref="logical-n20" as="xces"/>
  <region xml:id="logical-r21" anchors="1217 1423"/>
  <node xml:id="logical-n21">
    <link targets="logical-r21"/>
  </node>
  <a xml:id="logical-N66005" label="hi" ref="logical-n21" as="xces">
    <fs>
      <f name="rend" value="italic"/>
    </fs>
  </a>
  <region xml:id="logical-r22" anchors="1426 1440"/>
  <node xml:id="logical-n22">
    <link targets="logical-r22"/>
  </node>
  <a xml:id="logical-N66029" label="head" ref="logical-n22" as="xces"/>
  <region xml:id="logical-r23" anchors="1442 1573"/>
  <node xml:id="logical-n23">
    <link targets="logical-r23"/>
  </node>
  <a xml:id="logical-N66045" label="p" ref="logical-n23" as="xces"/>
  <region xml:id="logical-r24" anchors="1575 1668"/>
  <node xml:id="logical-n24">
    <link targets="logical-r24"/>
  </node>
  <a xml:id="logical-N66061" label="p" ref="logical-n24" as="xces"/>
  <region xml:id="logical-r25" anchors="1670 1742"/>
  <node xml:id="logical-n25">
    <link targets="logical-r25"/>
  </node>
  <a xml:id="logical-N66077" label="p" ref="logical-n25" as="xces"/>
  <region xml:id="logical-r26" anchors="1743 1752"/>
  <node xml:id="logical-n26">
    <link targets="logical-r26"/>
  </node>
  <a xml:id="logical-N66093" label="h4" ref="logical-n26" as="xces"/>
  <region xml:id="logical-r27" anchors="1754 1927"/>
  <node xml:id="logical-n27">
    <link targets="logical-r27"/>
  </node>
  <a xml:id="logical-N66109" label="p" ref="logical-n27" as="xces"/>
  <region xml:id="logical-r28" anchors="1930 2206"/>
  <node xml:id="logical-n28">
    <link targets="logical-r28"/>
  </node>
  <a xml:id="logical-N66125" label="p" ref="logical-n28" as="xces"/>
  <region xml:id="logical-r29" anchors="1954 2009"/>
  <node xml:id="logical-n29">
    <link targets="logical-r29"/>
  </node>
  <a xml:id="logical-N66141" label="hi" ref="logical-n29" as="xces">
    <fs>
      <f name="rend" value="bold"/>
    </fs>
  </a>
  <region xml:id="logical-r30" anchors="2208 2380"/>
  <node xml:id="logical-n30">
    <link targets="logical-r30"/>
  </node>
  <a xml:id="logical-N66165" label="p" ref="logical-n30" as="xces"/>
  <region xml:id="logical-r31" anchors="2382 2626"/>
  <node xml:id="logical-n31">
    <link targets="logical-r31"/>
  </node>
  <a xml:id="logical-N66181" label="p" ref="logical-n31" as="xces"/>
  <region xml:id="logical-r32" anchors="2399 2448"/>
  <node xml:id="logical-n32">
    <link targets="logical-r32"/>
  </node>
  <a xml:id="logical-N66197" label="hi" ref="logical-n32" as="xces">
    <fs>
      <f name="rend" value="bold"/>
    </fs>
  </a>
  <region xml:id="logical-r33" anchors="2628 3033"/>
  <node xml:id="logical-n33">
    <link targets="logical-r33"/>
  </node>
  <a xml:id="logical-N66221" label="p" ref="logical-n33" as="xces"/>
  <region xml:id="logical-r34" anchors="2651 2659"/>
  <node xml:id="logical-n34">
    <link targets="logical-r34"/>
  </node>
  <a xml:id="logical-N66237" label="hi" ref="logical-n34" as="xces">
    <fs>
      <f name="rend" value="bold"/>
    </fs>
  </a>
  <region xml:id="logical-r35" anchors="3035 3123"/>
  <node xml:id="logical-n35">
    <link targets="logical-r35"/>
  </node>
  <a xml:id="logical-N66261" label="p" ref="logical-n35" as="xces"/>
  <region xml:id="logical-r36" anchors="3126 3317"/>
  <node xml:id="logical-n36">
    <link targets="logical-r36"/>
  </node>
  <a xml:id="logical-N66277" label="p" ref="logical-n36" as="xces"/>
  <region xml:id="logical-r37" anchors="3319 3418"/>
  <node xml:id="logical-n37">
    <link targets="logical-r37"/>
  </node>
  <a xml:id="logical-N66293" label="p" ref="logical-n37" as="xces"/>
  <region xml:id="logical-r38" anchors="3420 3429"/>
  <node xml:id="logical-n38">
    <link targets="logical-r38"/>
  </node>
  <a xml:id="logical-N66309" label="head" ref="logical-n38" as="xces"/>
  <region xml:id="logical-r39" anchors="3432 3530"/>
  <node xml:id="logical-n39">
    <link targets="logical-r39"/>
  </node>
  <a xml:id="logical-N66325" label="p" ref="logical-n39" as="xces"/>
  <region xml:id="logical-r40" anchors="3532 4522"/>
  <node xml:id="logical-n40">
    <link targets="logical-r40"/>
  </node>
  <a xml:id="logical-N66341" label="div" ref="logical-n40" as="xces">
    <fs>
      <f name="type" value="section"/>
    </fs>
  </a>
  <region xml:id="logical-r41" anchors="3533 3852"/>
  <node xml:id="logical-n41">
    <link targets="logical-r41"/>
  </node>
  <a xml:id="logical-N66365" label="p" ref="logical-n41" as="xces"/>
  <region xml:id="logical-r42" anchors="3854 4416"/>
  <node xml:id="logical-n42">
    <link targets="logical-r42"/>
  </node>
  <a xml:id="logical-N66381" label="p" ref="logical-n42" as="xces"/>
  <region xml:id="logical-r43" anchors="3898 3940"/>
  <node xml:id="logical-n43">
    <link targets="logical-r43"/>
  </node>
  <a xml:id="logical-N66397" label="hi" ref="logical-n43" as="xces">
    <fs>
      <f name="rend" value="bold"/>
    </fs>
  </a>
  <region xml:id="logical-r44" anchors="3959 3962"/>
  <node xml:id="logical-n44">
    <link targets="logical-r44"/>
  </node>
  <a xml:id="logical-N66421" label="hi" ref="logical-n44" as="xces">
    <fs>
      <f name="rend" value="italic"/>
    </fs>
  </a>
  <region xml:id="logical-r45" anchors="4285 4371"/>
  <node xml:id="logical-n45">
    <link targets="logical-r45"/>
  </node>
  <a xml:id="logical-N66445" label="hi" ref="logical-n45" as="xces">
    <fs>
      <f name="rend" value="bold"/>
    </fs>
  </a>
  <region xml:id="logical-r46" anchors="4418 4488"/>
  <node xml:id="logical-n46">
    <link targets="logical-r46"/>
  </node>
  <a xml:id="logical-N66469" label="p" ref="logical-n46" as="xces"/>
  <region xml:id="logical-r47" anchors="4490 4521"/>
  <node xml:id="logical-n47">
    <link targets="logical-r47"/>
  </node>
  <a xml:id="logical-N66485" label="p" ref="logical-n47" as="xces"/>
  <region xml:id="logical-r48" anchors="4525 5820"/>
  <node xml:id="logical-n48">
    <link targets="logical-r48"/>
  </node>
  <a xml:id="logical-N66501" label="div" ref="logical-n48" as="xces">
    <fs>
      <f name="id" value="comments"/>
    </fs>
  </a>
  <region xml:id="logical-r49" anchors="4526 4585"/>
  <node xml:id="logical-n49">
    <link targets="logical-r49"/>
  </node>
  <a xml:id="logical-N66525" label="head" ref="logical-n49" as="xces"/>
  <region xml:id="logical-r50" anchors="4587 4843"/>
  <node xml:id="logical-n50">
    <link targets="logical-r50"/>
  </node>
  <a xml:id="logical-N66541" label="div" ref="logical-n50" as="xces">
    <fs>
      <f name="type" value="comment"/>
    </fs>
  </a>
  <region xml:id="logical-r51" anchors="4589 4618"/>
  <node xml:id="logical-n51">
    <link targets="logical-r51"/>
  </node>
  <a xml:id="logical-N66565" label="p" ref="logical-n51" as="xces"/>
  <region xml:id="logical-r52" anchors="4620 4841"/>
  <node xml:id="logical-n52">
    <link targets="logical-r52"/>
  </node>
  <a xml:id="logical-N66581" label="p" ref="logical-n52" as="xces"/>
  <region xml:id="logical-r53" anchors="4844 5210"/>
  <node xml:id="logical-n53">
    <link targets="logical-r53"/>
  </node>
  <a xml:id="logical-N66597" label="div" ref="logical-n53" as="xces">
    <fs>
      <f name="class" value="comment-container"/>
    </fs>
  </a>
  <region xml:id="logical-r54" anchors="4846 4886"/>
  <node xml:id="logical-n54">
    <link targets="logical-r54"/>
  </node>
  <a xml:id="logical-N66621" label="p" ref="logical-n54" as="xces"/>
  <region xml:id="logical-r55" anchors="4888 4947"/>
  <node xml:id="logical-n55">
    <link targets="logical-r55"/>
  </node>
  <a xml:id="logical-N66637" label="p" ref="logical-n55" as="xces"/>
  <region xml:id="logical-r56" anchors="4949 5188"/>
  <node xml:id="logical-n56">
    <link targets="logical-r56"/>
  </node>
  <a xml:id="logical-N66653" label="p" ref="logical-n56" as="xces"/>
  <region xml:id="logical-r57" anchors="5190 5208"/>
  <node xml:id="logical-n57">
    <link targets="logical-r57"/>
  </node>
  <a xml:id="logical-N66669" label="p" ref="logical-n57" as="xces"/>
  <region xml:id="logical-r58" anchors="5211 5260"/>
  <node xml:id="logical-n58">
    <link targets="logical-r58"/>
  </node>
  <a xml:id="logical-N66685" label="div" ref="logical-n58" as="xces">
    <fs>
      <f name="type" value="comment"/>
    </fs>
  </a>
  <region xml:id="logical-r59" anchors="5213 5245"/>
  <node xml:id="logical-n59">
    <link targets="logical-r59"/>
  </node>
  <a xml:id="logical-N66709" label="p" ref="logical-n59" as="xces"/>
  <region xml:id="logical-r60" anchors="5247 5258"/>
  <node xml:id="logical-n60">
    <link targets="logical-r60"/>
  </node>
  <a xml:id="logical-N66725" label="p" ref="logical-n60" as="xces"/>
  <region xml:id="logical-r61" anchors="5261 5544"/>
  <node xml:id="logical-n61">
    <link targets="logical-r61"/>
  </node>
  <a xml:id="logical-N66741" label="div" ref="logical-n61" as="xces">
    <fs>
      <f name="type" value="comment"/>
    </fs>
  </a>
  <region xml:id="logical-r62" anchors="5263 5293"/>
  <node xml:id="logical-n62">
    <link targets="logical-r62"/>
  </node>
  <a xml:id="logical-N66765" label="p" ref="logical-n62" as="xces"/>
  <region xml:id="logical-r63" anchors="5295 5504"/>
  <node xml:id="logical-n63">
    <link targets="logical-r63"/>
  </node>
  <a xml:id="logical-N66781" label="p" ref="logical-n63" as="xces"/>
  <region xml:id="logical-r64" anchors="5506 5542"/>
  <node xml:id="logical-n64">
    <link targets="logical-r64"/>
  </node>
  <a xml:id="logical-N66797" label="p" ref="logical-n64" as="xces"/>
  <region xml:id="logical-r65" anchors="5545 5819"/>
  <node xml:id="logical-n65">
    <link targets="logical-r65"/>
  </node>
  <a xml:id="logical-N66813" label="div" ref="logical-n65" as="xces">
    <fs>
      <f name="class" value="comment-container"/>
    </fs>
  </a>
  <region xml:id="logical-r66" anchors="5547 5586"/>
  <node xml:id="logical-n66">
    <link targets="logical-r66"/>
  </node>
  <a xml:id="logical-N66837" label="p" ref="logical-n66" as="xces"/>
  <region xml:id="logical-r67" anchors="5588 5645"/>
  <node xml:id="logical-n67">
    <link targets="logical-r67"/>
  </node>
  <a xml:id="logical-N66853" label="p" ref="logical-n67" as="xces"/>
  <region xml:id="logical-r68" anchors="5647 5701"/>
  <node xml:id="logical-n68">
    <link targets="logical-r68"/>
  </node>
  <a xml:id="logical-N66869" label="p" ref="logical-n68" as="xces"/>
  <region xml:id="logical-r69" anchors="5703 5817"/>
  <node xml:id="logical-n69">
    <link targets="logical-r69"/>
  </node>
  <a xml:id="logical-N66885" label="p" ref="logical-n69" as="xces"/>
  <region xml:id="logical-r70" anchors="5821 6557"/>
  <node xml:id="logical-n70">
    <link targets="logical-r70"/>
  </node>
  <a xml:id="logical-N66901" label="div" ref="logical-n70" as="xces">
    <fs>
      <f name="type" value="author-desc"/>
    </fs>
  </a>
  <region xml:id="logical-r71" anchors="5822 6064"/>
  <node xml:id="logical-n71">
    <link targets="logical-r71"/>
  </node>
  <a xml:id="logical-N66925" label="p" ref="logical-n71" as="xces"/>
  <region xml:id="logical-r72" anchors="6066 6339"/>
  <node xml:id="logical-n72">
    <link targets="logical-r72"/>
  </node>
  <a xml:id="logical-N66941" label="p" ref="logical-n72" as="xces"/>
  <region xml:id="logical-r73" anchors="6342 6555"/>
  <node xml:id="logical-n73">
    <link targets="logical-r73"/>
  </node>
  <a xml:id="logical-N66957" label="p" ref="logical-n73" as="xces"/>
</graph>
