<graph xmlns="http://www.xces.org/ns/GrAF/1.0/" xmlns:graf="http://www.xces.org/ns/GrAF/1.0/">
  <graphHeader>
    <labelsDecl>
      <labelUsage label="person" occurs="12"/>
      <labelUsage label="location" occurs="10"/>
      <labelUsage label="org" occurs="3"/>
      <labelUsage label="date" occurs="11"/>
    </labelsDecl>
    <dependencies>
      <dependsOn f.id="f.penn"/>
    </dependencies>
    <annotationSpaces>
      <annotationSpace as.id="anc"/>
    </annotationSpaces>
  </graphHeader>
  <node xml:id="ne-n0"/>
  <a xml:id="ne-N65579" label="person" ref="ne-n0" as="anc">
    <fs>
      <f name="sex" value="female"/>
      <f name="id" value="19057"/>
    </fs>
  </a>
  <node xml:id="ne-n1"/>
  <a xml:id="ne-N65599" label="location" ref="ne-n1" as="anc">
    <fs>
      <f name="id" value="1905"/>
      <f name="person" value="third"/>
      <f name="case" value="objective"/>
      <f name="number" value="singular"/>
      <f name="type" value="province_state"/>
    </fs>
  </a>
  <node xml:id="ne-n10"/>
  <a xml:id="ne-N65631" label="location" ref="ne-n10" as="anc">
    <fs>
      <f name="type" value="planet"/>
      <f name="number" value="singular"/>
      <f name="case" value="nominative"/>
      <f name="person" value="third"/>
      <f name="id" value="1912"/>
    </fs>
  </a>
  <node xml:id="ne-n11"/>
  <a xml:id="ne-N65663" label="org" ref="ne-n11" as="anc">
    <fs>
      <f name="type" value="newspaper/media"/>
      <f name="number" value="singular"/>
      <f name="case" value="objective"/>
      <f name="person" value="third"/>
      <f name="id" value="1913"/>
    </fs>
  </a>
  <node xml:id="ne-n12"/>
  <a xml:id="ne-N65695" label="date" ref="ne-n12" as="anc">
    <fs>
      <f name="kind" value="date"/>
      <f name="id" value="9001"/>
    </fs>
  </a>
  <node xml:id="ne-n13"/>
  <a xml:id="ne-N65715" label="date" ref="ne-n13" as="anc">
    <fs>
      <f name="kind" value="date"/>
      <f name="id" value="331766"/>
    </fs>
  </a>
  <node xml:id="ne-n14"/>
  <a xml:id="ne-N65735" label="person" ref="ne-n14" as="anc">
    <fs>
      <f name="sex" value="female"/>
      <f name="id" value="17743"/>
    </fs>
  </a>
  <node xml:id="ne-n15"/>
  <a xml:id="ne-N65755" label="person" ref="ne-n15" as="anc">
    <fs>
      <f name="sex" value="female"/>
      <f name="id" value="1916"/>
    </fs>
  </a>
  <node xml:id="ne-n16"/>
  <a xml:id="ne-N65775" label="date" ref="ne-n16" as="anc">
    <fs>
      <f name="id" value="88375"/>
      <f name="kind" value="dateTime"/>
    </fs>
  </a>
  <node xml:id="ne-n17"/>
  <a xml:id="ne-N65795" label="location" ref="ne-n17" as="anc">
    <fs>
      <f name="id" value="1919"/>
      <f name="person" value="third"/>
      <f name="case" value="objective"/>
      <f name="number" value="singular"/>
      <f name="type" value="facility"/>
    </fs>
  </a>
  <node xml:id="ne-n18"/>
  <a xml:id="ne-N65827" label="date" ref="ne-n18" as="anc">
    <fs>
      <f name="kind" value="duration"/>
      <f name="id" value="331791"/>
    </fs>
  </a>
  <node xml:id="ne-n19"/>
  <a xml:id="ne-N65847" label="person" ref="ne-n19" as="anc">
    <fs>
      <f name="id" value="19197"/>
      <f name="sex" value="unknown"/>
    </fs>
  </a>
  <node xml:id="ne-n2"/>
  <a xml:id="ne-N65867" label="location" ref="ne-n2" as="anc">
    <fs>
      <f name="id" value="1906"/>
      <f name="person" value="third"/>
      <f name="case" value="objective"/>
      <f name="number" value="singular"/>
      <f name="type" value="province_state"/>
    </fs>
  </a>
  <node xml:id="ne-n20"/>
  <a xml:id="ne-N65899" label="date" ref="ne-n20" as="anc">
    <fs>
      <f name="id" value="22776"/>
      <f name="kind" value="dateTime"/>
    </fs>
  </a>
  <node xml:id="ne-n21"/>
  <a xml:id="ne-N65919" label="person" ref="ne-n21" as="anc">
    <fs>
      <f name="id" value="1922"/>
      <f name="number" value="singular"/>
      <f name="person" value="third"/>
      <f name="case" value="objective"/>
      <f name="sex" value="female"/>
    </fs>
  </a>
  <node xml:id="ne-n22"/>
  <a xml:id="ne-N65951" label="location" ref="ne-n22" as="anc">
    <fs>
      <f name="id" value="1923"/>
      <f name="person" value="third"/>
      <f name="case" value="objective"/>
      <f name="number" value="singular"/>
      <f name="type" value="facility"/>
    </fs>
  </a>
  <node xml:id="ne-n23"/>
  <a xml:id="ne-N65983" label="location" ref="ne-n23" as="anc">
    <fs>
      <f name="type" value="country"/>
      <f name="number" value="singular"/>
      <f name="case" value="objective"/>
      <f name="person" value="third"/>
      <f name="id" value="1924"/>
    </fs>
  </a>
  <node xml:id="ne-n24"/>
  <a xml:id="ne-N66015" label="person" ref="ne-n24" as="anc">
    <fs>
      <f name="sex" value="female"/>
      <f name="id" value="1925"/>
    </fs>
  </a>
  <node xml:id="ne-n25"/>
  <a xml:id="ne-N66035" label="date" ref="ne-n25" as="anc">
    <fs>
      <f name="id" value="22880"/>
      <f name="kind" value="dateTime"/>
    </fs>
  </a>
  <node xml:id="ne-n26"/>
  <a xml:id="ne-N66055" label="person" ref="ne-n26" as="anc">
    <fs>
      <f name="sex" value="male"/>
      <f name="id" value="1928"/>
    </fs>
  </a>
  <node xml:id="ne-n27"/>
  <a xml:id="ne-N66075" label="date" ref="ne-n27" as="anc">
    <fs>
      <f name="kind" value="dateTime"/>
      <f name="id" value="33775"/>
    </fs>
  </a>
  <node xml:id="ne-n28"/>
  <a xml:id="ne-N66095" label="location" ref="ne-n28" as="anc">
    <fs>
      <f name="id" value="1931"/>
      <f name="person" value="third"/>
      <f name="case" value="objective"/>
      <f name="number" value="singular"/>
      <f name="type" value="province_state"/>
    </fs>
  </a>
  <node xml:id="ne-n29"/>
  <a xml:id="ne-N66127" label="location" ref="ne-n29" as="anc">
    <fs>
      <f name="id" value="1932"/>
      <f name="person" value="third"/>
      <f name="case" value="objective"/>
      <f name="number" value="singular"/>
      <f name="type" value="province_state"/>
    </fs>
  </a>
  <node xml:id="ne-n3"/>
  <a xml:id="ne-N66159" label="person" ref="ne-n3" as="anc">
    <fs>
      <f name="id" value="223465"/>
      <f name="sex" value="female"/>
      <f name="number" value="singular"/>
      <f name="case" value="objective"/>
      <f name="person" value="third"/>
    </fs>
  </a>
  <node xml:id="ne-n30"/>
  <a xml:id="ne-N66191" label="person" ref="ne-n30" as="anc">
    <fs>
      <f name="sex" value="female"/>
      <f name="id" value="1933"/>
    </fs>
  </a>
  <node xml:id="ne-n31"/>
  <a xml:id="ne-N66211" label="date" ref="ne-n31" as="anc">
    <fs>
      <f name="kind" value="dateTime"/>
      <f name="id" value="90980"/>
    </fs>
  </a>
  <node xml:id="ne-n32"/>
  <a xml:id="ne-N66231" label="person" ref="ne-n32" as="anc">
    <fs>
      <f name="id" value="1936"/>
      <f name="number" value="singular"/>
      <f name="person" value="third"/>
      <f name="case" value="nominative"/>
      <f name="sex" value="male"/>
    </fs>
  </a>
  <node xml:id="ne-n33"/>
  <a xml:id="ne-N66263" label="location" ref="ne-n33" as="anc">
    <fs>
      <f name="id" value="18697"/>
      <f name="type" value="planet"/>
    </fs>
  </a>
  <node xml:id="ne-n34"/>
  <a xml:id="ne-N66283" label="org" ref="ne-n34" as="anc">
    <fs>
      <f name="type" value="company"/>
      <f name="id" value="18836"/>
    </fs>
  </a>
  <node xml:id="ne-n35"/>
  <a xml:id="ne-N66303" label="person" ref="ne-n35" as="anc">
    <fs>
      <f name="id" value="19367"/>
      <f name="sex" value="female"/>
    </fs>
  </a>
  <node xml:id="ne-n4"/>
  <a xml:id="ne-N66323" label="person" ref="ne-n4" as="anc">
    <fs>
      <f name="sex" value="female"/>
      <f name="id" value="19067"/>
    </fs>
  </a>
  <node xml:id="ne-n5"/>
  <a xml:id="ne-N66343" label="date" ref="ne-n5" as="anc">
    <fs>
      <f name="kind" value="date"/>
      <f name="id" value="331593"/>
    </fs>
  </a>
  <node xml:id="ne-n6"/>
  <a xml:id="ne-N66363" label="date" ref="ne-n6" as="anc">
    <fs>
      <f name="kind" value="date"/>
      <f name="id" value="331623"/>
    </fs>
  </a>
  <node xml:id="ne-n7"/>
  <a xml:id="ne-N66383" label="date" ref="ne-n7" as="anc">
    <fs>
      <f name="kind" value="duration"/>
      <f name="id" value="331628"/>
    </fs>
  </a>
  <node xml:id="ne-n8"/>
  <a xml:id="ne-N66403" label="org" ref="ne-n8" as="anc">
    <fs>
      <f name="type" value="company"/>
      <f name="id" value="16936"/>
    </fs>
  </a>
  <node xml:id="ne-n9"/>
  <a xml:id="ne-N66423" label="location" ref="ne-n9" as="anc">
    <fs>
      <f name="id" value="1910"/>
      <f name="person" value="third"/>
      <f name="case" value="objective"/>
      <f name="number" value="singular"/>
      <f name="type" value="facility"/>
    </fs>
  </a>
  <edge xml:id="ne-lnk32" from="ne-n16" to="penn-n934"/>
  <edge xml:id="ne-lnk31" from="ne-n16" to="penn-n933"/>
  <edge xml:id="ne-lnk30" from="ne-n16" to="penn-n932"/>
  <edge xml:id="ne-lnk29" from="ne-n16" to="penn-n931"/>
  <edge xml:id="ne-lnk28" from="ne-n16" to="penn-n930"/>
  <edge xml:id="ne-lnk27" from="ne-n15" to="penn-n929"/>
  <edge xml:id="ne-lnk26" from="ne-n14" to="penn-n925"/>
  <edge xml:id="ne-lnk25" from="ne-n14" to="penn-n924"/>
  <edge xml:id="ne-lnk89" from="ne-n35" to="penn-n1318"/>
  <edge xml:id="ne-lnk24" from="ne-n14" to="penn-n923"/>
  <edge xml:id="ne-lnk88" from="ne-n35" to="penn-n1317"/>
  <edge xml:id="ne-lnk23" from="ne-n13" to="penn-n893"/>
  <edge xml:id="ne-lnk87" from="ne-n35" to="penn-n1316"/>
  <edge xml:id="ne-lnk22" from="ne-n12" to="penn-n758"/>
  <edge xml:id="ne-lnk86" from="ne-n34" to="penn-n1273"/>
  <edge xml:id="ne-lnk21" from="ne-n11" to="penn-n720"/>
  <edge xml:id="ne-lnk85" from="ne-n34" to="penn-n1272"/>
  <edge xml:id="ne-lnk20" from="ne-n10" to="penn-n701"/>
  <edge xml:id="ne-lnk84" from="ne-n33" to="penn-n1232"/>
  <edge xml:id="ne-lnk83" from="ne-n32" to="penn-n1151"/>
  <edge xml:id="ne-lnk82" from="ne-n31" to="penn-n1149"/>
  <edge xml:id="ne-lnk81" from="ne-n31" to="penn-n1148"/>
  <edge xml:id="ne-lnk80" from="ne-n31" to="penn-n1147"/>
  <edge xml:id="ne-lnk19" from="ne-n9" to="penn-n633"/>
  <edge xml:id="ne-lnk18" from="ne-n9" to="penn-n632"/>
  <edge xml:id="ne-lnk17" from="ne-n9" to="penn-n631"/>
  <edge xml:id="ne-lnk16" from="ne-n9" to="penn-n630"/>
  <edge xml:id="ne-lnk15" from="ne-n8" to="penn-n623"/>
  <edge xml:id="ne-lnk79" from="ne-n31" to="penn-n1146"/>
  <edge xml:id="ne-lnk14" from="ne-n8" to="penn-n622"/>
  <edge xml:id="ne-lnk78" from="ne-n31" to="penn-n1145"/>
  <edge xml:id="ne-lnk13" from="ne-n7" to="penn-n370"/>
  <edge xml:id="ne-lnk77" from="ne-n31" to="penn-n1144"/>
  <edge xml:id="ne-lnk12" from="ne-n7" to="penn-n369"/>
  <edge xml:id="ne-lnk76" from="ne-n31" to="penn-n1143"/>
  <edge xml:id="ne-lnk11" from="ne-n7" to="penn-n368"/>
  <edge xml:id="ne-lnk75" from="ne-n31" to="penn-n1142"/>
  <edge xml:id="ne-lnk10" from="ne-n6" to="penn-n356"/>
  <edge xml:id="ne-lnk74" from="ne-n30" to="penn-n1141"/>
  <edge xml:id="ne-lnk73" from="ne-n30" to="penn-n1140"/>
  <edge xml:id="ne-lnk72" from="ne-n29" to="penn-n1121"/>
  <edge xml:id="ne-lnk71" from="ne-n28" to="penn-n1105"/>
  <edge xml:id="ne-lnk70" from="ne-n27" to="penn-n1080"/>
  <edge xml:id="ne-lnk9" from="ne-n5" to="penn-n231"/>
  <edge xml:id="ne-lnk8" from="ne-n5" to="penn-n230"/>
  <edge xml:id="ne-lnk7" from="ne-n4" to="penn-n160"/>
  <edge xml:id="ne-lnk6" from="ne-n3" to="penn-n154"/>
  <edge xml:id="ne-lnk5" from="ne-n3" to="penn-n153"/>
  <edge xml:id="ne-lnk4" from="ne-n2" to="penn-n150"/>
  <edge xml:id="ne-lnk3" from="ne-n1" to="penn-n18"/>
  <edge xml:id="ne-lnk2" from="ne-n0" to="penn-n14"/>
  <edge xml:id="ne-lnk1" from="ne-n0" to="penn-n13"/>
  <edge xml:id="ne-lnk0" from="ne-n0" to="penn-n12"/>
  <edge xml:id="ne-lnk69" from="ne-n27" to="penn-n1079"/>
  <edge xml:id="ne-lnk68" from="ne-n27" to="penn-n1078"/>
  <edge xml:id="ne-lnk67" from="ne-n27" to="penn-n1077"/>
  <edge xml:id="ne-lnk66" from="ne-n27" to="penn-n1076"/>
  <edge xml:id="ne-lnk65" from="ne-n27" to="penn-n1075"/>
  <edge xml:id="ne-lnk64" from="ne-n27" to="penn-n1074"/>
  <edge xml:id="ne-lnk63" from="ne-n27" to="penn-n1073"/>
  <edge xml:id="ne-lnk62" from="ne-n26" to="penn-n1072"/>
  <edge xml:id="ne-lnk61" from="ne-n25" to="penn-n1068"/>
  <edge xml:id="ne-lnk60" from="ne-n25" to="penn-n1067"/>
  <edge xml:id="ne-lnk59" from="ne-n25" to="penn-n1066"/>
  <edge xml:id="ne-lnk58" from="ne-n25" to="penn-n1065"/>
  <edge xml:id="ne-lnk57" from="ne-n25" to="penn-n1064"/>
  <edge xml:id="ne-lnk56" from="ne-n25" to="penn-n1063"/>
  <edge xml:id="ne-lnk55" from="ne-n25" to="penn-n1062"/>
  <edge xml:id="ne-lnk54" from="ne-n25" to="penn-n1061"/>
  <edge xml:id="ne-lnk53" from="ne-n24" to="penn-n1060"/>
  <edge xml:id="ne-lnk52" from="ne-n23" to="penn-n1047"/>
  <edge xml:id="ne-lnk51" from="ne-n22" to="penn-n1026"/>
  <edge xml:id="ne-lnk50" from="ne-n22" to="penn-n1025"/>
  <edge xml:id="ne-lnk49" from="ne-n21" to="penn-n1002"/>
  <edge xml:id="ne-lnk48" from="ne-n20" to="penn-n997"/>
  <edge xml:id="ne-lnk47" from="ne-n20" to="penn-n996"/>
  <edge xml:id="ne-lnk46" from="ne-n20" to="penn-n995"/>
  <edge xml:id="ne-lnk45" from="ne-n20" to="penn-n994"/>
  <edge xml:id="ne-lnk44" from="ne-n20" to="penn-n993"/>
  <edge xml:id="ne-lnk43" from="ne-n20" to="penn-n992"/>
  <edge xml:id="ne-lnk42" from="ne-n20" to="penn-n991"/>
  <edge xml:id="ne-lnk41" from="ne-n20" to="penn-n990"/>
  <edge xml:id="ne-lnk40" from="ne-n19" to="penn-n989"/>
  <edge xml:id="ne-lnk39" from="ne-n19" to="penn-n988"/>
  <edge xml:id="ne-lnk38" from="ne-n18" to="penn-n971"/>
  <edge xml:id="ne-lnk37" from="ne-n17" to="penn-n945"/>
  <edge xml:id="ne-lnk36" from="ne-n17" to="penn-n944"/>
  <edge xml:id="ne-lnk35" from="ne-n16" to="penn-n937"/>
  <edge xml:id="ne-lnk34" from="ne-n16" to="penn-n936"/>
  <edge xml:id="ne-lnk33" from="ne-n16" to="penn-n935"/>
</graph>
