<graph xmlns="http://www.xces.org/ns/GrAF/1.0/" xmlns:graf="http://www.xces.org/ns/GrAF/1.0/">
  <graphHeader>
    <labelsDecl>
      <labelUsage label="Head" occurs="1"/>
      <labelUsage label="s" occurs="34"/>
      <labelUsage label="q" occurs="5"/>
    </labelsDecl>
    <annotationSpaces>
      <annotationSpace as.id="anc"/>
    </annotationSpaces>
  </graphHeader>
  <region xml:id="s-r0" anchors="3 52"/>
  <node xml:id="s-n0">
    <link targets="s-r0"/>
  </node>
  <a xml:id="s-N65577" label="Head" ref="s-n0" as="anc">
    <fs>
      <f name="type" value="subhead"/>
    </fs>
  </a>
  <region xml:id="s-r1" anchors="54 102"/>
  <node xml:id="s-n1">
    <link targets="s-r1"/>
  </node>
  <a xml:id="s-N65601" label="s" ref="s-n1" as="anc"/>
  <region xml:id="s-r2" anchors="107 157"/>
  <node xml:id="s-n2">
    <link targets="s-r2"/>
  </node>
  <a xml:id="s-N65617" label="s" ref="s-n2" as="anc"/>
  <region xml:id="s-r3" anchors="159 194"/>
  <node xml:id="s-n3">
    <link targets="s-r3"/>
  </node>
  <a xml:id="s-N65633" label="s" ref="s-n3" as="anc"/>
  <region xml:id="s-r4" anchors="195 321"/>
  <node xml:id="s-n4">
    <link targets="s-r4"/>
  </node>
  <a xml:id="s-N65649" label="s" ref="s-n4" as="anc"/>
  <region xml:id="s-r5" anchors="322 512"/>
  <node xml:id="s-n5">
    <link targets="s-r5"/>
  </node>
  <a xml:id="s-N65665" label="s" ref="s-n5" as="anc"/>
  <region xml:id="s-r6" anchors="404 412"/>
  <node xml:id="s-n6">
    <link targets="s-r6"/>
  </node>
  <a xml:id="s-N65681" label="q" ref="s-n6" as="anc"/>
  <region xml:id="s-r7" anchors="514 672"/>
  <node xml:id="s-n7">
    <link targets="s-r7"/>
  </node>
  <a xml:id="s-N65697" label="s" ref="s-n7" as="anc"/>
  <region xml:id="s-r8" anchors="673 828"/>
  <node xml:id="s-n8">
    <link targets="s-r8"/>
  </node>
  <a xml:id="s-N65713" label="s" ref="s-n8" as="anc"/>
  <region xml:id="s-r9" anchors="829 957"/>
  <node xml:id="s-n9">
    <link targets="s-r9"/>
  </node>
  <a xml:id="s-N65729" label="s" ref="s-n9" as="anc"/>
  <region xml:id="s-r10" anchors="867 957"/>
  <node xml:id="s-n10">
    <link targets="s-r10"/>
  </node>
  <a xml:id="s-N65745" label="q" ref="s-n10" as="anc"/>
  <region xml:id="s-r11" anchors="959 990"/>
  <node xml:id="s-n11">
    <link targets="s-r11"/>
  </node>
  <a xml:id="s-N65761" label="s" ref="s-n11" as="anc"/>
  <region xml:id="s-r12" anchors="991 1198"/>
  <node xml:id="s-n12">
    <link targets="s-r12"/>
  </node>
  <a xml:id="s-N65777" label="s" ref="s-n12" as="anc"/>
  <region xml:id="s-r13" anchors="1042 1198"/>
  <node xml:id="s-n13">
    <link targets="s-r13"/>
  </node>
  <a xml:id="s-N65793" label="q" ref="s-n13" as="anc"/>
  <region xml:id="s-r14" anchors="1199 1247"/>
  <node xml:id="s-n14">
    <link targets="s-r14"/>
  </node>
  <a xml:id="s-N65809" label="s" ref="s-n14" as="anc"/>
  <region xml:id="s-r15" anchors="1249 1373"/>
  <node xml:id="s-n15">
    <link targets="s-r15"/>
  </node>
  <a xml:id="s-N65825" label="s" ref="s-n15" as="anc"/>
  <region xml:id="s-r16" anchors="1374 1405"/>
  <node xml:id="s-n16">
    <link targets="s-r16"/>
  </node>
  <a xml:id="s-N65841" label="s" ref="s-n16" as="anc"/>
  <region xml:id="s-r17" anchors="1406 1654"/>
  <node xml:id="s-n17">
    <link targets="s-r17"/>
  </node>
  <a xml:id="s-N65857" label="s" ref="s-n17" as="anc"/>
  <region xml:id="s-r18" anchors="1462 1475"/>
  <node xml:id="s-n18">
    <link targets="s-r18"/>
  </node>
  <a xml:id="s-N65873" label="q" ref="s-n18" as="anc"/>
  <region xml:id="s-r19" anchors="1488 1738"/>
  <node xml:id="s-n19">
    <link targets="s-r19"/>
  </node>
  <a xml:id="s-N65889" label="q" ref="s-n19" as="anc"/>
  <region xml:id="s-r20" anchors="1655 1687"/>
  <node xml:id="s-n20">
    <link targets="s-r20"/>
  </node>
  <a xml:id="s-N65905" label="s" ref="s-n20" as="anc"/>
  <region xml:id="s-r21" anchors="1688 1738"/>
  <node xml:id="s-n21">
    <link targets="s-r21"/>
  </node>
  <a xml:id="s-N65921" label="s" ref="s-n21" as="anc"/>
  <region xml:id="s-r22" anchors="1739 1918"/>
  <node xml:id="s-n22">
    <link targets="s-r22"/>
  </node>
  <a xml:id="s-N65937" label="s" ref="s-n22" as="anc"/>
  <region xml:id="s-r23" anchors="1921 2110"/>
  <node xml:id="s-n23">
    <link targets="s-r23"/>
  </node>
  <a xml:id="s-N65953" label="s" ref="s-n23" as="anc"/>
  <region xml:id="s-r24" anchors="2119 2141"/>
  <node xml:id="s-n24">
    <link targets="s-r24"/>
  </node>
  <a xml:id="s-N65969" label="s" ref="s-n24" as="anc"/>
  <region xml:id="s-r25" anchors="2143 2226"/>
  <node xml:id="s-n25">
    <link targets="s-r25"/>
  </node>
  <a xml:id="s-N65985" label="s" ref="s-n25" as="anc"/>
  <region xml:id="s-r26" anchors="2227 2315"/>
  <node xml:id="s-n26">
    <link targets="s-r26"/>
  </node>
  <a xml:id="s-N66001" label="s" ref="s-n26" as="anc"/>
  <region xml:id="s-r27" anchors="2316 2319"/>
  <node xml:id="s-n27">
    <link targets="s-r27"/>
  </node>
  <a xml:id="s-N66017" label="s" ref="s-n27" as="anc"/>
  <region xml:id="s-r28" anchors="2320 2343"/>
  <node xml:id="s-n28">
    <link targets="s-r28"/>
  </node>
  <a xml:id="s-N66033" label="s" ref="s-n28" as="anc"/>
  <region xml:id="s-r29" anchors="2344 2366"/>
  <node xml:id="s-n29">
    <link targets="s-r29"/>
  </node>
  <a xml:id="s-N66049" label="s" ref="s-n29" as="anc"/>
  <region xml:id="s-r30" anchors="2370 2400"/>
  <node xml:id="s-n30">
    <link targets="s-r30"/>
  </node>
  <a xml:id="s-N66065" label="s" ref="s-n30" as="anc"/>
  <region xml:id="s-r31" anchors="2402 2410"/>
  <node xml:id="s-n31">
    <link targets="s-r31"/>
  </node>
  <a xml:id="s-N66081" label="s" ref="s-n31" as="anc"/>
  <region xml:id="s-r32" anchors="2411 2430"/>
  <node xml:id="s-n32">
    <link targets="s-r32"/>
  </node>
  <a xml:id="s-N66097" label="s" ref="s-n32" as="anc"/>
  <region xml:id="s-r33" anchors="2431 2453"/>
  <node xml:id="s-n33">
    <link targets="s-r33"/>
  </node>
  <a xml:id="s-N66113" label="s" ref="s-n33" as="anc"/>
  <region xml:id="s-r34" anchors="2457 2486"/>
  <node xml:id="s-n34">
    <link targets="s-r34"/>
  </node>
  <a xml:id="s-N66129" label="s" ref="s-n34" as="anc"/>
  <region xml:id="s-r35" anchors="2487 2542"/>
  <node xml:id="s-n35">
    <link targets="s-r35"/>
  </node>
  <a xml:id="s-N66145" label="s" ref="s-n35" as="anc"/>
  <region xml:id="s-r36" anchors="2543 2565"/>
  <node xml:id="s-n36">
    <link targets="s-r36"/>
  </node>
  <a xml:id="s-N66161" label="s" ref="s-n36" as="anc"/>
  <region xml:id="s-r37" anchors="2569 2598"/>
  <node xml:id="s-n37">
    <link targets="s-r37"/>
  </node>
  <a xml:id="s-N66177" label="s" ref="s-n37" as="anc"/>
  <region xml:id="s-r38" anchors="2600 2655"/>
  <node xml:id="s-n38">
    <link targets="s-r38"/>
  </node>
  <a xml:id="s-N66193" label="s" ref="s-n38" as="anc"/>
  <region xml:id="s-r39" anchors="2656 2678"/>
  <node xml:id="s-n39">
    <link targets="s-r39"/>
  </node>
  <a xml:id="s-N66209" label="s" ref="s-n39" as="anc"/>
</graph>
