<graph xmlns="http://www.xces.org/ns/GrAF/1.0/" xmlns:graf="http://www.xces.org/ns/GrAF/1.0/">
  <graphHeader>
    <labelsDecl>
      <labelUsage label="vchunk" occurs="70"/>
    </labelsDecl>
    <dependencies>
      <dependsOn f.id="f.penn"/>
    </dependencies>
    <annotationSpaces>
      <annotationSpace as.id="anc"/>
    </annotationSpaces>
  </graphHeader>
  <node xml:id="vc-n0"/>
  <a xml:id="vc-N65567" label="vchunk" ref="vc-n0" as="anc">
    <fs>
      <f name="type" value="FVG"/>
      <f name="tense" value="SimPre"/>
      <f name="voice" value="active"/>
    </fs>
  </a>
  <node xml:id="vc-n1"/>
  <a xml:id="vc-N65591" label="vchunk" ref="vc-n1" as="anc">
    <fs>
      <f name="type" value="PART"/>
      <f name="tense" value="Pas"/>
      <f name="voice" value="none"/>
    </fs>
  </a>
  <node xml:id="vc-n10"/>
  <a xml:id="vc-N65615" label="vchunk" ref="vc-n10" as="anc">
    <fs>
      <f name="voice" value="none"/>
      <f name="type" value="PART"/>
      <f name="tense" value="Pas"/>
    </fs>
  </a>
  <node xml:id="vc-n11"/>
  <a xml:id="vc-N65639" label="vchunk" ref="vc-n11" as="anc">
    <fs>
      <f name="voice" value="none"/>
      <f name="type" value="PART"/>
      <f name="tense" value="Pas"/>
    </fs>
  </a>
  <node xml:id="vc-n12"/>
  <a xml:id="vc-N65663" label="vchunk" ref="vc-n12" as="anc">
    <fs>
      <f name="type" value="FVG"/>
      <f name="tense" value="PrePer"/>
      <f name="voice" value="passive"/>
    </fs>
  </a>
  <node xml:id="vc-n13"/>
  <a xml:id="vc-N65687" label="vchunk" ref="vc-n13" as="anc">
    <fs>
      <f name="type" value="PART"/>
      <f name="tense" value="Pas"/>
      <f name="voice" value="none"/>
    </fs>
  </a>
  <node xml:id="vc-n14"/>
  <a xml:id="vc-N65711" label="vchunk" ref="vc-n14" as="anc">
    <fs>
      <f name="type" value="FVG"/>
      <f name="tense" value="SimPas"/>
      <f name="voice" value="active"/>
    </fs>
  </a>
  <node xml:id="vc-n15"/>
  <a xml:id="vc-N65735" label="vchunk" ref="vc-n15" as="anc">
    <fs>
      <f name="type" value="FVG"/>
      <f name="tense" value="SimPas"/>
      <f name="voice" value="active"/>
    </fs>
  </a>
  <node xml:id="vc-n16"/>
  <a xml:id="vc-N65759" label="vchunk" ref="vc-n16" as="anc">
    <fs>
      <f name="type" value="FVG"/>
      <f name="tense" value="SimPas"/>
      <f name="voice" value="active"/>
    </fs>
  </a>
  <node xml:id="vc-n17"/>
  <a xml:id="vc-N65783" label="vchunk" ref="vc-n17" as="anc">
    <fs>
      <f name="voice" value="active"/>
      <f name="type" value="FVG"/>
      <f name="tense" value="SimPas"/>
    </fs>
  </a>
  <node xml:id="vc-n18"/>
  <a xml:id="vc-N65807" label="vchunk" ref="vc-n18" as="anc">
    <fs>
      <f name="type" value="PART"/>
      <f name="tense" value="Pre"/>
      <f name="voice" value="active"/>
    </fs>
  </a>
  <node xml:id="vc-n19"/>
  <a xml:id="vc-N65831" label="vchunk" ref="vc-n19" as="anc">
    <fs>
      <f name="type" value="FVG"/>
      <f name="tense" value="SimPas"/>
      <f name="voice" value="passive"/>
    </fs>
  </a>
  <node xml:id="vc-n2"/>
  <a xml:id="vc-N65855" label="vchunk" ref="vc-n2" as="anc">
    <fs>
      <f name="type" value="PART"/>
      <f name="tense" value="Pas"/>
      <f name="voice" value="none"/>
    </fs>
  </a>
  <node xml:id="vc-n20"/>
  <a xml:id="vc-N65879" label="vchunk" ref="vc-n20" as="anc">
    <fs>
      <f name="type" value="FVG"/>
      <f name="tense" value="SimPas"/>
      <f name="voice" value="active"/>
    </fs>
  </a>
  <node xml:id="vc-n21"/>
  <a xml:id="vc-N65903" label="vchunk" ref="vc-n21" as="anc">
    <fs>
      <f name="type" value="FVG"/>
      <f name="tense" value="SimPas"/>
      <f name="voice" value="active"/>
    </fs>
  </a>
  <node xml:id="vc-n22"/>
  <a xml:id="vc-N65927" label="vchunk" ref="vc-n22" as="anc">
    <fs>
      <f name="type" value="FVG"/>
      <f name="tense" value="SimPas"/>
      <f name="voice" value="active"/>
    </fs>
  </a>
  <node xml:id="vc-n23"/>
  <a xml:id="vc-N65951" label="vchunk" ref="vc-n23" as="anc">
    <fs>
      <f name="type" value="FVG"/>
      <f name="tense" value="SimPas"/>
      <f name="voice" value="active"/>
    </fs>
  </a>
  <node xml:id="vc-n24"/>
  <a xml:id="vc-N65975" label="vchunk" ref="vc-n24" as="anc">
    <fs>
      <f name="type" value="PART"/>
      <f name="tense" value="Pre"/>
      <f name="voice" value="active"/>
    </fs>
  </a>
  <node xml:id="vc-n25"/>
  <a xml:id="vc-N65999" label="vchunk" ref="vc-n25" as="anc">
    <fs>
      <f name="voice" value="active"/>
      <f name="type" value="FVG"/>
      <f name="tense" value="SimPas"/>
    </fs>
  </a>
  <node xml:id="vc-n26"/>
  <a xml:id="vc-N66023" label="vchunk" ref="vc-n26" as="anc">
    <fs>
      <f name="type" value="NFVG"/>
      <f name="tense" value="Inf"/>
      <f name="voice" value="active"/>
    </fs>
  </a>
  <node xml:id="vc-n27"/>
  <a xml:id="vc-N66047" label="vchunk" ref="vc-n27" as="anc">
    <fs>
      <f name="type" value="FVG"/>
      <f name="tense" value="SimPre"/>
      <f name="voice" value="active"/>
    </fs>
  </a>
  <node xml:id="vc-n28"/>
  <a xml:id="vc-N66071" label="vchunk" ref="vc-n28" as="anc">
    <fs>
      <f name="type" value="FVG"/>
      <f name="tense" value="SimPre"/>
      <f name="voice" value="active"/>
    </fs>
  </a>
  <node xml:id="vc-n29"/>
  <a xml:id="vc-N66095" label="vchunk" ref="vc-n29" as="anc">
    <fs>
      <f name="type" value="FVG"/>
      <f name="tense" value="SimPas"/>
      <f name="voice" value="active"/>
    </fs>
  </a>
  <node xml:id="vc-n3"/>
  <a xml:id="vc-N66119" label="vchunk" ref="vc-n3" as="anc">
    <fs>
      <f name="type" value="FVG"/>
      <f name="tense" value="SimPre"/>
      <f name="voice" value="active"/>
    </fs>
  </a>
  <node xml:id="vc-n30"/>
  <a xml:id="vc-N66143" label="vchunk" ref="vc-n30" as="anc">
    <fs>
      <f name="type" value="FVG"/>
      <f name="tense" value="SimPas"/>
      <f name="voice" value="active"/>
    </fs>
  </a>
  <node xml:id="vc-n31"/>
  <a xml:id="vc-N66167" label="vchunk" ref="vc-n31" as="anc">
    <fs>
      <f name="type" value="FVG"/>
      <f name="tense" value="SimPas"/>
      <f name="voice" value="passive"/>
    </fs>
  </a>
  <node xml:id="vc-n32"/>
  <a xml:id="vc-N66191" label="vchunk" ref="vc-n32" as="anc">
    <fs>
      <f name="type" value="NFVG"/>
      <f name="tense" value="Inf"/>
      <f name="voice" value="active"/>
    </fs>
  </a>
  <node xml:id="vc-n33"/>
  <a xml:id="vc-N66215" label="vchunk" ref="vc-n33" as="anc">
    <fs>
      <f name="type" value="FVG"/>
      <f name="tense" value="PasPer"/>
      <f name="voice" value="active"/>
    </fs>
  </a>
  <node xml:id="vc-n34"/>
  <a xml:id="vc-N66239" label="vchunk" ref="vc-n34" as="anc">
    <fs>
      <f name="voice" value="none"/>
      <f name="type" value="SPECIAL"/>
      <f name="tense" value="Pre"/>
    </fs>
  </a>
  <node xml:id="vc-n35"/>
  <a xml:id="vc-N66263" label="vchunk" ref="vc-n35" as="anc">
    <fs>
      <f name="type" value="MODAL"/>
      <f name="tense" value="none"/>
      <f name="voice" value="none"/>
    </fs>
  </a>
  <node xml:id="vc-n36"/>
  <a xml:id="vc-N66287" label="vchunk" ref="vc-n36" as="anc">
    <fs>
      <f name="voice" value="active"/>
      <f name="type" value="FVG"/>
      <f name="tense" value="SimPas"/>
    </fs>
  </a>
  <node xml:id="vc-n37"/>
  <a xml:id="vc-N66311" label="vchunk" ref="vc-n37" as="anc">
    <fs>
      <f name="type" value="FVG"/>
      <f name="tense" value="SimPas"/>
      <f name="voice" value="active"/>
    </fs>
  </a>
  <node xml:id="vc-n38"/>
  <a xml:id="vc-N66335" label="vchunk" ref="vc-n38" as="anc">
    <fs>
      <f name="type" value="FVG"/>
      <f name="tense" value="SimPre"/>
      <f name="voice" value="active"/>
    </fs>
  </a>
  <node xml:id="vc-n39"/>
  <a xml:id="vc-N66359" label="vchunk" ref="vc-n39" as="anc">
    <fs>
      <f name="type" value="FVG"/>
      <f name="tense" value="SimFut"/>
      <f name="voice" value="active"/>
    </fs>
  </a>
  <node xml:id="vc-n4"/>
  <a xml:id="vc-N66383" label="vchunk" ref="vc-n4" as="anc">
    <fs>
      <f name="type" value="NFVG"/>
      <f name="tense" value="Inf"/>
      <f name="voice" value="active"/>
    </fs>
  </a>
  <node xml:id="vc-n40"/>
  <a xml:id="vc-N66407" label="vchunk" ref="vc-n40" as="anc">
    <fs>
      <f name="voice" value="active"/>
      <f name="tense" value="SimFut"/>
      <f name="type" value="FVG"/>
      <f name="neg" value="yes"/>
    </fs>
  </a>
  <node xml:id="vc-n41"/>
  <a xml:id="vc-N66435" label="vchunk" ref="vc-n41" as="anc">
    <fs>
      <f name="type" value="NFVG"/>
      <f name="tense" value="Inf"/>
      <f name="voice" value="active"/>
    </fs>
  </a>
  <node xml:id="vc-n42"/>
  <a xml:id="vc-N66459" label="vchunk" ref="vc-n42" as="anc">
    <fs>
      <f name="type" value="FVG"/>
      <f name="tense" value="SimFut"/>
      <f name="voice" value="active"/>
    </fs>
  </a>
  <node xml:id="vc-n43"/>
  <a xml:id="vc-N66483" label="vchunk" ref="vc-n43" as="anc">
    <fs>
      <f name="type" value="MODAL"/>
      <f name="voice" value="none"/>
      <f name="tense" value="none"/>
    </fs>
  </a>
  <node xml:id="vc-n44"/>
  <a xml:id="vc-N66507" label="vchunk" ref="vc-n44" as="anc">
    <fs>
      <f name="type" value="FVG"/>
      <f name="tense" value="SimPre"/>
      <f name="voice" value="active"/>
    </fs>
  </a>
  <node xml:id="vc-n45"/>
  <a xml:id="vc-N66531" label="vchunk" ref="vc-n45" as="anc">
    <fs>
      <f name="voice" value="active"/>
      <f name="type" value="FVG"/>
      <f name="tense" value="SimPre"/>
    </fs>
  </a>
  <node xml:id="vc-n46"/>
  <a xml:id="vc-N66555" label="vchunk" ref="vc-n46" as="anc">
    <fs>
      <f name="voice" value="active"/>
      <f name="type" value="FVG"/>
      <f name="tense" value="SimPre"/>
    </fs>
  </a>
  <node xml:id="vc-n47"/>
  <a xml:id="vc-N66579" label="vchunk" ref="vc-n47" as="anc">
    <fs>
      <f name="type" value="FVG"/>
      <f name="tense" value="SimPre"/>
      <f name="voice" value="passive"/>
    </fs>
  </a>
  <node xml:id="vc-n48"/>
  <a xml:id="vc-N66603" label="vchunk" ref="vc-n48" as="anc">
    <fs>
      <f name="type" value="MODAL"/>
      <f name="tense" value="none"/>
      <f name="voice" value="none"/>
    </fs>
  </a>
  <node xml:id="vc-n49"/>
  <a xml:id="vc-N66627" label="vchunk" ref="vc-n49" as="anc">
    <fs>
      <f name="type" value="MODAL"/>
      <f name="tense" value="none"/>
      <f name="voice" value="none"/>
    </fs>
  </a>
  <node xml:id="vc-n5"/>
  <a xml:id="vc-N66651" label="vchunk" ref="vc-n5" as="anc">
    <fs>
      <f name="type" value="FVG"/>
      <f name="tense" value="PrePer"/>
      <f name="voice" value="active"/>
    </fs>
  </a>
  <node xml:id="vc-n50"/>
  <a xml:id="vc-N66675" label="vchunk" ref="vc-n50" as="anc">
    <fs>
      <f name="type" value="PART"/>
      <f name="tense" value="Pre"/>
      <f name="voice" value="active"/>
    </fs>
  </a>
  <node xml:id="vc-n51"/>
  <a xml:id="vc-N66699" label="vchunk" ref="vc-n51" as="anc">
    <fs>
      <f name="type" value="FVG"/>
      <f name="tense" value="SimPre"/>
      <f name="voice" value="active"/>
    </fs>
  </a>
  <node xml:id="vc-n52"/>
  <a xml:id="vc-N66723" label="vchunk" ref="vc-n52" as="anc">
    <fs>
      <f name="type" value="PART"/>
      <f name="tense" value="Pas"/>
      <f name="voice" value="none"/>
    </fs>
  </a>
  <node xml:id="vc-n53"/>
  <a xml:id="vc-N66747" label="vchunk" ref="vc-n53" as="anc">
    <fs>
      <f name="type" value="FVG"/>
      <f name="tense" value="SimPre"/>
      <f name="voice" value="active"/>
    </fs>
  </a>
  <node xml:id="vc-n54"/>
  <a xml:id="vc-N66771" label="vchunk" ref="vc-n54" as="anc">
    <fs>
      <f name="type" value="FVG"/>
      <f name="tense" value="SimPre"/>
      <f name="voice" value="active"/>
      <f name="neg" value="yes"/>
    </fs>
  </a>
  <node xml:id="vc-n55"/>
  <a xml:id="vc-N66799" label="vchunk" ref="vc-n55" as="anc">
    <fs>
      <f name="type" value="MODAL"/>
      <f name="tense" value="none"/>
      <f name="voice" value="none"/>
    </fs>
  </a>
  <node xml:id="vc-n56"/>
  <a xml:id="vc-N66823" label="vchunk" ref="vc-n56" as="anc">
    <fs>
      <f name="type" value="MODAL"/>
      <f name="tense" value="HaveVBN"/>
      <f name="voice" value="none"/>
    </fs>
  </a>
  <node xml:id="vc-n57"/>
  <a xml:id="vc-N66847" label="vchunk" ref="vc-n57" as="anc">
    <fs>
      <f name="type" value="FVG"/>
      <f name="tense" value="SimPas"/>
      <f name="voice" value="passive"/>
    </fs>
  </a>
  <node xml:id="vc-n58"/>
  <a xml:id="vc-N66871" label="vchunk" ref="vc-n58" as="anc">
    <fs>
      <f name="type" value="FVG"/>
      <f name="tense" value="SimPas"/>
      <f name="voice" value="passive"/>
    </fs>
  </a>
  <node xml:id="vc-n59"/>
  <a xml:id="vc-N66895" label="vchunk" ref="vc-n59" as="anc">
    <fs>
      <f name="type" value="FVG"/>
      <f name="tense" value="SimPas"/>
      <f name="voice" value="active"/>
    </fs>
  </a>
  <node xml:id="vc-n6"/>
  <a xml:id="vc-N66919" label="vchunk" ref="vc-n6" as="anc">
    <fs>
      <f name="type" value="FVG"/>
      <f name="tense" value="SimPas"/>
      <f name="voice" value="active"/>
    </fs>
  </a>
  <node xml:id="vc-n60"/>
  <a xml:id="vc-N66943" label="vchunk" ref="vc-n60" as="anc">
    <fs>
      <f name="type" value="FVG"/>
      <f name="tense" value="SimPas"/>
      <f name="voice" value="active"/>
    </fs>
  </a>
  <node xml:id="vc-n61"/>
  <a xml:id="vc-N66967" label="vchunk" ref="vc-n61" as="anc">
    <fs>
      <f name="type" value="SPECIAL"/>
      <f name="tense" value="Pre"/>
      <f name="voice" value="none"/>
    </fs>
  </a>
  <node xml:id="vc-n62"/>
  <a xml:id="vc-N66991" label="vchunk" ref="vc-n62" as="anc">
    <fs>
      <f name="type" value="FVG"/>
      <f name="tense" value="SimPas"/>
      <f name="voice" value="active"/>
    </fs>
  </a>
  <node xml:id="vc-n63"/>
  <a xml:id="vc-N67015" label="vchunk" ref="vc-n63" as="anc">
    <fs>
      <f name="type" value="FVG"/>
      <f name="tense" value="PasPer"/>
      <f name="voice" value="passive"/>
    </fs>
  </a>
  <node xml:id="vc-n64"/>
  <a xml:id="vc-N67039" label="vchunk" ref="vc-n64" as="anc">
    <fs>
      <f name="type" value="FVG"/>
      <f name="tense" value="SimPre"/>
      <f name="voice" value="active"/>
    </fs>
  </a>
  <node xml:id="vc-n65"/>
  <a xml:id="vc-N67063" label="vchunk" ref="vc-n65" as="anc">
    <fs>
      <f name="type" value="FVG"/>
      <f name="tense" value="SimPre"/>
      <f name="voice" value="active"/>
    </fs>
  </a>
  <node xml:id="vc-n66"/>
  <a xml:id="vc-N67087" label="vchunk" ref="vc-n66" as="anc">
    <fs>
      <f name="type" value="FVG"/>
      <f name="tense" value="SimPre"/>
      <f name="voice" value="active"/>
    </fs>
  </a>
  <node xml:id="vc-n67"/>
  <a xml:id="vc-N67111" label="vchunk" ref="vc-n67" as="anc">
    <fs>
      <f name="voice" value="active"/>
      <f name="tense" value="SimPas"/>
      <f name="type" value="FVG"/>
      <f name="neg" value="yes"/>
    </fs>
  </a>
  <node xml:id="vc-n68"/>
  <a xml:id="vc-N67139" label="vchunk" ref="vc-n68" as="anc">
    <fs>
      <f name="type" value="FVG"/>
      <f name="tense" value="SimPre"/>
      <f name="voice" value="active"/>
    </fs>
  </a>
  <node xml:id="vc-n69"/>
  <a xml:id="vc-N67163" label="vchunk" ref="vc-n69" as="anc">
    <fs>
      <f name="voice" value="active"/>
      <f name="tense" value="SimPas"/>
      <f name="type" value="FVG"/>
      <f name="neg" value="yes"/>
    </fs>
  </a>
  <node xml:id="vc-n7"/>
  <a xml:id="vc-N67191" label="vchunk" ref="vc-n7" as="anc">
    <fs>
      <f name="type" value="FVG"/>
      <f name="tense" value="SimPas"/>
      <f name="voice" value="passive"/>
    </fs>
  </a>
  <node xml:id="vc-n8"/>
  <a xml:id="vc-N67215" label="vchunk" ref="vc-n8" as="anc">
    <fs>
      <f name="type" value="PART"/>
      <f name="tense" value="SimPre"/>
      <f name="voice" value="active"/>
    </fs>
  </a>
  <node xml:id="vc-n9"/>
  <a xml:id="vc-N67239" label="vchunk" ref="vc-n9" as="anc">
    <fs>
      <f name="type" value="NFVG"/>
      <f name="tense" value="Inf"/>
      <f name="voice" value="active"/>
    </fs>
  </a>
  <edge xml:id="vc-lnk39" from="vc-n27" to="penn-n200"/>
  <edge xml:id="vc-lnk38" from="vc-n26" to="penn-n193"/>
  <edge xml:id="vc-lnk37" from="vc-n26" to="penn-n192"/>
  <edge xml:id="vc-lnk36" from="vc-n25" to="penn-n191"/>
  <edge xml:id="vc-lnk35" from="vc-n24" to="penn-n188"/>
  <edge xml:id="vc-lnk99" from="vc-n57" to="penn-n435"/>
  <edge xml:id="vc-lnk34" from="vc-n23" to="penn-n187"/>
  <edge xml:id="vc-lnk98" from="vc-n56" to="penn-n431"/>
  <edge xml:id="vc-lnk33" from="vc-n22" to="penn-n184"/>
  <edge xml:id="vc-lnk97" from="vc-n56" to="penn-n430"/>
  <edge xml:id="vc-lnk32" from="vc-n21" to="penn-n171"/>
  <edge xml:id="vc-lnk96" from="vc-n56" to="penn-n429"/>
  <edge xml:id="vc-lnk31" from="vc-n20" to="penn-n166"/>
  <edge xml:id="vc-lnk95" from="vc-n55" to="penn-n414"/>
  <edge xml:id="vc-lnk30" from="vc-n19" to="penn-n156"/>
  <edge xml:id="vc-lnk94" from="vc-n55" to="penn-n413"/>
  <edge xml:id="vc-lnk93" from="vc-n55" to="penn-n412"/>
  <edge xml:id="vc-lnk92" from="vc-n55" to="penn-n411"/>
  <edge xml:id="vc-lnk91" from="vc-n55" to="penn-n410"/>
  <edge xml:id="vc-lnk90" from="vc-n54" to="penn-n405"/>
  <edge xml:id="vc-lnk29" from="vc-n19" to="penn-n155"/>
  <edge xml:id="vc-lnk28" from="vc-n18" to="penn-n143"/>
  <edge xml:id="vc-lnk27" from="vc-n17" to="penn-n140"/>
  <edge xml:id="vc-lnk26" from="vc-n16" to="penn-n134"/>
  <edge xml:id="vc-lnk25" from="vc-n15" to="penn-n128"/>
  <edge xml:id="vc-lnk89" from="vc-n54" to="penn-n404"/>
  <edge xml:id="vc-lnk24" from="vc-n14" to="penn-n115"/>
  <edge xml:id="vc-lnk88" from="vc-n54" to="penn-n403"/>
  <edge xml:id="vc-lnk23" from="vc-n13" to="penn-n110"/>
  <edge xml:id="vc-lnk87" from="vc-n53" to="penn-n400"/>
  <edge xml:id="vc-lnk22" from="vc-n13" to="penn-n109"/>
  <edge xml:id="vc-lnk86" from="vc-n52" to="penn-n399"/>
  <edge xml:id="vc-lnk21" from="vc-n12" to="penn-n102"/>
  <edge xml:id="vc-lnk85" from="vc-n51" to="penn-n398"/>
  <edge xml:id="vc-lnk20" from="vc-n12" to="penn-n101"/>
  <edge xml:id="vc-lnk84" from="vc-n50" to="penn-n393"/>
  <edge xml:id="vc-lnk83" from="vc-n49" to="penn-n388"/>
  <edge xml:id="vc-lnk82" from="vc-n49" to="penn-n387"/>
  <edge xml:id="vc-lnk81" from="vc-n48" to="penn-n385"/>
  <edge xml:id="vc-lnk80" from="vc-n48" to="penn-n384"/>
  <edge xml:id="vc-lnk19" from="vc-n12" to="penn-n100"/>
  <edge xml:id="vc-lnk18" from="vc-n12" to="penn-n99"/>
  <edge xml:id="vc-lnk17" from="vc-n11" to="penn-n81"/>
  <edge xml:id="vc-lnk16" from="vc-n11" to="penn-n80"/>
  <edge xml:id="vc-lnk15" from="vc-n10" to="penn-n63"/>
  <edge xml:id="vc-lnk79" from="vc-n48" to="penn-n383"/>
  <edge xml:id="vc-lnk14" from="vc-n9" to="penn-n57"/>
  <edge xml:id="vc-lnk78" from="vc-n47" to="penn-n370"/>
  <edge xml:id="vc-lnk13" from="vc-n9" to="penn-n56"/>
  <edge xml:id="vc-lnk77" from="vc-n47" to="penn-n369"/>
  <edge xml:id="vc-lnk12" from="vc-n8" to="penn-n54"/>
  <edge xml:id="vc-lnk76" from="vc-n47" to="penn-n368"/>
  <edge xml:id="vc-lnk11" from="vc-n7" to="penn-n51"/>
  <edge xml:id="vc-lnk75" from="vc-n46" to="penn-n363"/>
  <edge xml:id="vc-lnk10" from="vc-n7" to="penn-n50"/>
  <edge xml:id="vc-lnk74" from="vc-n46" to="penn-n362"/>
  <edge xml:id="vc-lnk73" from="vc-n45" to="penn-n357"/>
  <edge xml:id="vc-lnk72" from="vc-n45" to="penn-n356"/>
  <edge xml:id="vc-lnk71" from="vc-n44" to="penn-n354"/>
  <edge xml:id="vc-lnk70" from="vc-n43" to="penn-n346"/>
  <edge xml:id="vc-lnk122" from="vc-n69" to="penn-n564"/>
  <edge xml:id="vc-lnk121" from="vc-n69" to="penn-n563"/>
  <edge xml:id="vc-lnk120" from="vc-n69" to="penn-n562"/>
  <edge xml:id="vc-lnk69" from="vc-n43" to="penn-n345"/>
  <edge xml:id="vc-lnk68" from="vc-n43" to="penn-n344"/>
  <edge xml:id="vc-lnk67" from="vc-n43" to="penn-n343"/>
  <edge xml:id="vc-lnk66" from="vc-n42" to="penn-n339"/>
  <edge xml:id="vc-lnk65" from="vc-n42" to="penn-n338"/>
  <edge xml:id="vc-lnk119" from="vc-n68" to="penn-n559"/>
  <edge xml:id="vc-lnk64" from="vc-n42" to="penn-n337"/>
  <edge xml:id="vc-lnk118" from="vc-n67" to="penn-n539"/>
  <edge xml:id="vc-lnk63" from="vc-n41" to="penn-n330"/>
  <edge xml:id="vc-lnk117" from="vc-n67" to="penn-n538"/>
  <edge xml:id="vc-lnk62" from="vc-n41" to="penn-n329"/>
  <edge xml:id="vc-lnk9" from="vc-n7" to="penn-n49"/>
  <edge xml:id="vc-lnk116" from="vc-n67" to="penn-n537"/>
  <edge xml:id="vc-lnk61" from="vc-n40" to="penn-n325"/>
  <edge xml:id="vc-lnk8" from="vc-n6" to="penn-n47"/>
  <edge xml:id="vc-lnk115" from="vc-n66" to="penn-n534"/>
  <edge xml:id="vc-lnk60" from="vc-n40" to="penn-n324"/>
  <edge xml:id="vc-lnk7" from="vc-n5" to="penn-n35"/>
  <edge xml:id="vc-lnk114" from="vc-n65" to="penn-n518"/>
  <edge xml:id="vc-lnk6" from="vc-n5" to="penn-n34"/>
  <edge xml:id="vc-lnk113" from="vc-n65" to="penn-n517"/>
  <edge xml:id="vc-lnk5" from="vc-n4" to="penn-n29"/>
  <edge xml:id="vc-lnk112" from="vc-n64" to="penn-n494"/>
  <edge xml:id="vc-lnk4" from="vc-n4" to="penn-n28"/>
  <edge xml:id="vc-lnk111" from="vc-n63" to="penn-n484"/>
  <edge xml:id="vc-lnk3" from="vc-n3" to="penn-n27"/>
  <edge xml:id="vc-lnk110" from="vc-n63" to="penn-n483"/>
  <edge xml:id="vc-lnk2" from="vc-n2" to="penn-n11"/>
  <edge xml:id="vc-lnk1" from="vc-n1" to="penn-n8"/>
  <edge xml:id="vc-lnk0" from="vc-n0" to="penn-n5"/>
  <edge xml:id="vc-lnk59" from="vc-n40" to="penn-n323"/>
  <edge xml:id="vc-lnk58" from="vc-n40" to="penn-n322"/>
  <edge xml:id="vc-lnk57" from="vc-n39" to="penn-n315"/>
  <edge xml:id="vc-lnk56" from="vc-n39" to="penn-n314"/>
  <edge xml:id="vc-lnk55" from="vc-n38" to="penn-n307"/>
  <edge xml:id="vc-lnk109" from="vc-n63" to="penn-n482"/>
  <edge xml:id="vc-lnk54" from="vc-n37" to="penn-n293"/>
  <edge xml:id="vc-lnk108" from="vc-n62" to="penn-n473"/>
  <edge xml:id="vc-lnk53" from="vc-n36" to="penn-n271"/>
  <edge xml:id="vc-lnk107" from="vc-n61" to="penn-n466"/>
  <edge xml:id="vc-lnk52" from="vc-n35" to="penn-n265"/>
  <edge xml:id="vc-lnk106" from="vc-n61" to="penn-n465"/>
  <edge xml:id="vc-lnk51" from="vc-n35" to="penn-n264"/>
  <edge xml:id="vc-lnk105" from="vc-n61" to="penn-n464"/>
  <edge xml:id="vc-lnk50" from="vc-n34" to="penn-n253"/>
  <edge xml:id="vc-lnk104" from="vc-n61" to="penn-n463"/>
  <edge xml:id="vc-lnk103" from="vc-n60" to="penn-n461"/>
  <edge xml:id="vc-lnk102" from="vc-n60" to="penn-n460"/>
  <edge xml:id="vc-lnk101" from="vc-n59" to="penn-n453"/>
  <edge xml:id="vc-lnk100" from="vc-n58" to="penn-n437"/>
  <edge xml:id="vc-lnk49" from="vc-n34" to="penn-n252"/>
  <edge xml:id="vc-lnk48" from="vc-n33" to="penn-n249"/>
  <edge xml:id="vc-lnk47" from="vc-n33" to="penn-n248"/>
  <edge xml:id="vc-lnk46" from="vc-n32" to="penn-n244"/>
  <edge xml:id="vc-lnk45" from="vc-n32" to="penn-n243"/>
  <edge xml:id="vc-lnk44" from="vc-n31" to="penn-n242"/>
  <edge xml:id="vc-lnk43" from="vc-n31" to="penn-n241"/>
  <edge xml:id="vc-lnk42" from="vc-n30" to="penn-n239"/>
  <edge xml:id="vc-lnk41" from="vc-n29" to="penn-n228"/>
  <edge xml:id="vc-lnk40" from="vc-n28" to="penn-n209"/>
</graph>
