<?xml version="1.0" encoding="UTF-8"?><graph xmlns="http://www.xces.org/ns/GrAF/1.0/" xmlns:graf="http://www.xces.org/ns/GrAF/1.0/">
    <graphHeader>
        <labelsDecl>
        </labelsDecl>
    </graphHeader>
    <region xml:id="seg-r0" anchors="3 9"/>
    <region xml:id="seg-r1" anchors="9 11"/>
    <region xml:id="seg-r3" anchors="12 16"/>
    <region xml:id="seg-r4" anchors="16 17"/>
    <region xml:id="seg-r6" anchors="18 23"/>
    <region xml:id="seg-r7" anchors="23 25"/>
    <region xml:id="seg-r9" anchors="26 27"/>
    <region xml:id="seg-r11" anchors="28 34"/>
    <region xml:id="seg-r13" anchors="35 39"/>
    <region xml:id="seg-r15" anchors="40 45"/>
    <region xml:id="seg-r17" anchors="46 52"/>
    <region xml:id="seg-r19" anchors="54 60"/>
    <region xml:id="seg-r21" anchors="61 63"/>
    <region xml:id="seg-r23" anchors="64 70"/>
    <region xml:id="seg-r25" anchors="71 76"/>
    <region xml:id="seg-r27" anchors="77 79"/>
    <region xml:id="seg-r29" anchors="80 85"/>
    <region xml:id="seg-r31" anchors="86 87"/>
    <region xml:id="seg-r32" anchors="87 88"/>
    <region xml:id="seg-r34" anchors="89 93"/>
    <region xml:id="seg-r36" anchors="94 99"/>
    <region xml:id="seg-r38" anchors="100 102"/>
    <region xml:id="seg-r40" anchors="107 110"/>
    <region xml:id="seg-r42" anchors="111 121"/>
    <region xml:id="seg-r43" anchors="121 122"/>
    <region xml:id="seg-r45" anchors="123 127"/>
    <region xml:id="seg-r47" anchors="128 131"/>
    <region xml:id="seg-r49" anchors="132 134"/>
    <region xml:id="seg-r51" anchors="135 137"/>
    <region xml:id="seg-r53" anchors="138 142"/>
    <region xml:id="seg-r55" anchors="143 145"/>
    <region xml:id="seg-r57" anchors="146 156"/>
    <region xml:id="seg-r58" anchors="156 157"/>
    <region xml:id="seg-r60" anchors="159 163"/>
    <region xml:id="seg-r62" anchors="164 167"/>
    <region xml:id="seg-r64" anchors="168 172"/>
    <region xml:id="seg-r66" anchors="173 174"/>
    <region xml:id="seg-r68" anchors="175 178"/>
    <region xml:id="seg-r70" anchors="179 183"/>
    <region xml:id="seg-r72" anchors="184 187"/>
    <region xml:id="seg-r74" anchors="188 193"/>
    <region xml:id="seg-r75" anchors="193 194"/>
    <region xml:id="seg-r77" anchors="195 200"/>
    <region xml:id="seg-r79" anchors="201 204"/>
    <region xml:id="seg-r81" anchors="205 214"/>
    <region xml:id="seg-r83" anchors="215 223"/>
    <region xml:id="seg-r85" anchors="224 227"/>
    <region xml:id="seg-r87" anchors="228 232"/>
    <region xml:id="seg-r89" anchors="233 236"/>
    <region xml:id="seg-r91" anchors="237 240"/>
    <region xml:id="seg-r93" anchors="241 250"/>
    <region xml:id="seg-r95" anchors="251 257"/>
    <region xml:id="seg-r97" anchors="258 260"/>
    <region xml:id="seg-r99" anchors="261 267"/>
    <region xml:id="seg-r101" anchors="268 273"/>
    <region xml:id="seg-r103" anchors="274 277"/>
    <region xml:id="seg-r105" anchors="278 280"/>
    <region xml:id="seg-r107" anchors="281 283"/>
    <region xml:id="seg-r109" anchors="284 288"/>
    <region xml:id="seg-r111" anchors="289 290"/>
    <region xml:id="seg-r113" anchors="291 298"/>
    <region xml:id="seg-r114" anchors="298 299"/>
    <region xml:id="seg-r116" anchors="300 302"/>
    <region xml:id="seg-r118" anchors="303 312"/>
    <region xml:id="seg-r119" anchors="312 313"/>
    <region xml:id="seg-r121" anchors="314 320"/>
    <region xml:id="seg-r122" anchors="320 321"/>
    <region xml:id="seg-r124" anchors="322 325"/>
    <region xml:id="seg-r125" anchors="325 326"/>
    <region xml:id="seg-r127" anchors="327 335"/>
    <region xml:id="seg-r129" anchors="336 343"/>
    <region xml:id="seg-r130" anchors="343 344"/>
    <region xml:id="seg-r132" anchors="345 348"/>
    <region xml:id="seg-r134" anchors="349 355"/>
    <region xml:id="seg-r136" anchors="356 358"/>
    <region xml:id="seg-r138" anchors="359 363"/>
    <region xml:id="seg-r140" anchors="364 367"/>
    <region xml:id="seg-r142" anchors="368 380"/>
    <region xml:id="seg-r144" anchors="381 382"/>
    <region xml:id="seg-r146" anchors="383 386"/>
    <region xml:id="seg-r148" anchors="387 393"/>
    <region xml:id="seg-r150" anchors="394 403"/>
    <region xml:id="seg-r152" anchors="404 405"/>
    <region xml:id="seg-r153" anchors="405 411"/>
    <region xml:id="seg-r154" anchors="411 412"/>
    <region xml:id="seg-r156" anchors="413 418"/>
    <region xml:id="seg-r158" anchors="419 422"/>
    <region xml:id="seg-r160" anchors="423 427"/>
    <region xml:id="seg-r162" anchors="428 430"/>
    <region xml:id="seg-r164" anchors="431 432"/>
    <region xml:id="seg-r166" anchors="433 437"/>
    <region xml:id="seg-r168" anchors="438 444"/>
    <region xml:id="seg-r170" anchors="445 453"/>
    <region xml:id="seg-r171" anchors="453 454"/>
    <region xml:id="seg-r172" anchors="454 458"/>
    <region xml:id="seg-r174" anchors="459 464"/>
    <region xml:id="seg-r176" anchors="465 469"/>
    <region xml:id="seg-r178" anchors="470 476"/>
    <region xml:id="seg-r179" anchors="476 477"/>
    <region xml:id="seg-r181" anchors="478 481"/>
    <region xml:id="seg-r183" anchors="482 486"/>
    <region xml:id="seg-r185" anchors="487 491"/>
    <region xml:id="seg-r187" anchors="492 500"/>
    <region xml:id="seg-r189" anchors="501 503"/>
    <region xml:id="seg-r191" anchors="504 505"/>
    <region xml:id="seg-r193" anchors="506 511"/>
    <region xml:id="seg-r194" anchors="511 512"/>
    <region xml:id="seg-r196" anchors="514 516"/>
    <region xml:id="seg-r198" anchors="517 520"/>
    <region xml:id="seg-r200" anchors="521 528"/>
    <region xml:id="seg-r202" anchors="529 533"/>
    <region xml:id="seg-r204" anchors="534 538"/>
    <region xml:id="seg-r205" anchors="538 539"/>
    <region xml:id="seg-r207" anchors="540 543"/>
    <region xml:id="seg-r209" anchors="544 551"/>
    <region xml:id="seg-r211" anchors="552 557"/>
    <region xml:id="seg-r213" anchors="558 563"/>
    <region xml:id="seg-r215" anchors="564 567"/>
    <region xml:id="seg-r217" anchors="568 576"/>
    <region xml:id="seg-r218" anchors="576 584"/>
    <region xml:id="seg-r220" anchors="585 591"/>
    <region xml:id="seg-r222" anchors="592 600"/>
    <region xml:id="seg-r223" anchors="600 601"/>
    <region xml:id="seg-r225" anchors="602 609"/>
    <region xml:id="seg-r227" anchors="610 613"/>
    <region xml:id="seg-r229" anchors="614 618"/>
    <region xml:id="seg-r230" anchors="618 619"/>
    <region xml:id="seg-r232" anchors="620 623"/>
    <region xml:id="seg-r234" anchors="624 630"/>
    <region xml:id="seg-r236" anchors="631 634"/>
    <region xml:id="seg-r238" anchors="635 641"/>
    <region xml:id="seg-r240" anchors="642 646"/>
    <region xml:id="seg-r242" anchors="647 651"/>
    <region xml:id="seg-r244" anchors="652 656"/>
    <region xml:id="seg-r246" anchors="657 661"/>
    <region xml:id="seg-r248" anchors="662 664"/>
    <region xml:id="seg-r250" anchors="665 668"/>
    <region xml:id="seg-r252" anchors="669 671"/>
    <region xml:id="seg-r253" anchors="671 672"/>
    <region xml:id="seg-r255" anchors="673 676"/>
    <region xml:id="seg-r257" anchors="677 687"/>
    <region xml:id="seg-r259" anchors="688 691"/>
    <region xml:id="seg-r261" anchors="692 703"/>
    <region xml:id="seg-r263" anchors="704 710"/>
    <region xml:id="seg-r265" anchors="711 715"/>
    <region xml:id="seg-r267" anchors="716 726"/>
    <region xml:id="seg-r269" anchors="727 730"/>
    <region xml:id="seg-r271" anchors="731 735"/>
    <region xml:id="seg-r273" anchors="736 743"/>
    <region xml:id="seg-r275" anchors="744 746"/>
    <region xml:id="seg-r277" anchors="747 750"/>
    <region xml:id="seg-r279" anchors="751 753"/>
    <region xml:id="seg-r281" anchors="754 757"/>
    <region xml:id="seg-r283" anchors="758 761"/>
    <region xml:id="seg-r285" anchors="762 765"/>
    <region xml:id="seg-r287" anchors="766 769"/>
    <region xml:id="seg-r289" anchors="770 775"/>
    <region xml:id="seg-r291" anchors="776 779"/>
    <region xml:id="seg-r293" anchors="780 785"/>
    <region xml:id="seg-r295" anchors="786 789"/>
    <region xml:id="seg-r297" anchors="790 792"/>
    <region xml:id="seg-r299" anchors="793 794"/>
    <region xml:id="seg-r301" anchors="795 803"/>
    <region xml:id="seg-r303" anchors="804 811"/>
    <region xml:id="seg-r305" anchors="812 816"/>
    <region xml:id="seg-r307" anchors="817 820"/>
    <region xml:id="seg-r309" anchors="821 824"/>
    <region xml:id="seg-r311" anchors="825 827"/>
    <region xml:id="seg-r312" anchors="827 828"/>
    <region xml:id="seg-r314" anchors="829 832"/>
    <region xml:id="seg-r316" anchors="833 840"/>
    <region xml:id="seg-r318" anchors="841 845"/>
    <region xml:id="seg-r320" anchors="846 849"/>
    <region xml:id="seg-r322" anchors="850 855"/>
    <region xml:id="seg-r324" anchors="856 860"/>
    <region xml:id="seg-r326" anchors="861 865"/>
    <region xml:id="seg-r327" anchors="865 866"/>
    <region xml:id="seg-r329" anchors="867 868"/>
    <region xml:id="seg-r330" anchors="868 871"/>
    <region xml:id="seg-r332" anchors="872 874"/>
    <region xml:id="seg-r334" anchors="875 878"/>
    <region xml:id="seg-r336" anchors="879 884"/>
    <region xml:id="seg-r338" anchors="885 891"/>
    <region xml:id="seg-r340" anchors="892 893"/>
    <region xml:id="seg-r342" anchors="894 897"/>
    <region xml:id="seg-r344" anchors="898 902"/>
    <region xml:id="seg-r346" anchors="903 904"/>
    <region xml:id="seg-r348" anchors="905 912"/>
    <region xml:id="seg-r350" anchors="913 919"/>
    <region xml:id="seg-r352" anchors="920 924"/>
    <region xml:id="seg-r354" anchors="925 930"/>
    <region xml:id="seg-r356" anchors="931 934"/>
    <region xml:id="seg-r358" anchors="935 937"/>
    <region xml:id="seg-r360" anchors="938 941"/>
    <region xml:id="seg-r362" anchors="942 943"/>
    <region xml:id="seg-r364" anchors="944 950"/>
    <region xml:id="seg-r366" anchors="951 955"/>
    <region xml:id="seg-r367" anchors="955 956"/>
    <region xml:id="seg-r368" anchors="956 957"/>
    <region xml:id="seg-r370" anchors="959 961"/>
    <region xml:id="seg-r371" anchors="961 963"/>
    <region xml:id="seg-r373" anchors="964 968"/>
    <region xml:id="seg-r375" anchors="969 970"/>
    <region xml:id="seg-r377" anchors="971 977"/>
    <region xml:id="seg-r379" anchors="978 980"/>
    <region xml:id="seg-r381" anchors="981 982"/>
    <region xml:id="seg-r383" anchors="983 989"/>
    <region xml:id="seg-r384" anchors="989 990"/>
    <region xml:id="seg-r386" anchors="991 995"/>
    <region xml:id="seg-r388" anchors="996 998"/>
    <region xml:id="seg-r390" anchors="999 1001"/>
    <region xml:id="seg-r392" anchors="1002 1010"/>
    <region xml:id="seg-r394" anchors="1011 1015"/>
    <region xml:id="seg-r396" anchors="1016 1018"/>
    <region xml:id="seg-r398" anchors="1019 1022"/>
    <region xml:id="seg-r400" anchors="1023 1028"/>
    <region xml:id="seg-r402" anchors="1029 1032"/>
    <region xml:id="seg-r404" anchors="1033 1040"/>
    <region xml:id="seg-r405" anchors="1040 1041"/>
    <region xml:id="seg-r407" anchors="1042 1043"/>
    <region xml:id="seg-r408" anchors="1043 1048"/>
    <region xml:id="seg-r410" anchors="1049 1056"/>
    <region xml:id="seg-r411" anchors="1056 1057"/>
    <region xml:id="seg-r413" anchors="1058 1061"/>
    <region xml:id="seg-r415" anchors="1062 1068"/>
    <region xml:id="seg-r417" anchors="1069 1071"/>
    <region xml:id="seg-r419" anchors="1072 1081"/>
    <region xml:id="seg-r421" anchors="1082 1085"/>
    <region xml:id="seg-r423" anchors="1086 1092"/>
    <region xml:id="seg-r425" anchors="1093 1097"/>
    <region xml:id="seg-r427" anchors="1098 1101"/>
    <region xml:id="seg-r429" anchors="1102 1109"/>
    <region xml:id="seg-r431" anchors="1110 1113"/>
    <region xml:id="seg-r433" anchors="1114 1119"/>
    <region xml:id="seg-r435" anchors="1120 1125"/>
    <region xml:id="seg-r437" anchors="1126 1128"/>
    <region xml:id="seg-r439" anchors="1129 1132"/>
    <region xml:id="seg-r441" anchors="1133 1137"/>
    <region xml:id="seg-r442" anchors="1137 1138"/>
    <region xml:id="seg-r444" anchors="1139 1143"/>
    <region xml:id="seg-r446" anchors="1144 1147"/>
    <region xml:id="seg-r448" anchors="1148 1151"/>
    <region xml:id="seg-r450" anchors="1152 1159"/>
    <region xml:id="seg-r452" anchors="1160 1162"/>
    <region xml:id="seg-r454" anchors="1163 1171"/>
    <region xml:id="seg-r456" anchors="1172 1176"/>
    <region xml:id="seg-r458" anchors="1177 1180"/>
    <region xml:id="seg-r460" anchors="1181 1187"/>
    <region xml:id="seg-r462" anchors="1188 1191"/>
    <region xml:id="seg-r464" anchors="1192 1196"/>
    <region xml:id="seg-r465" anchors="1196 1197"/>
    <region xml:id="seg-r466" anchors="1197 1198"/>
    <region xml:id="seg-r468" anchors="1199 1204"/>
    <region xml:id="seg-r470" anchors="1205 1209"/>
    <region xml:id="seg-r472" anchors="1210 1214"/>
    <region xml:id="seg-r474" anchors="1215 1229"/>
    <region xml:id="seg-r476" anchors="1230 1233"/>
    <region xml:id="seg-r478" anchors="1234 1239"/>
    <region xml:id="seg-r480" anchors="1240 1246"/>
    <region xml:id="seg-r481" anchors="1246 1247"/>
    <region xml:id="seg-r483" anchors="1249 1252"/>
    <region xml:id="seg-r485" anchors="1253 1262"/>
    <region xml:id="seg-r486" anchors="1262 1263"/>
    <region xml:id="seg-r488" anchors="1264 1267"/>
    <region xml:id="seg-r490" anchors="1268 1271"/>
    <region xml:id="seg-r492" anchors="1272 1280"/>
    <region xml:id="seg-r494" anchors="1281 1283"/>
    <region xml:id="seg-r496" anchors="1284 1291"/>
    <region xml:id="seg-r498" anchors="1292 1296"/>
    <region xml:id="seg-r500" anchors="1297 1303"/>
    <region xml:id="seg-r502" anchors="1304 1308"/>
    <region xml:id="seg-r504" anchors="1309 1316"/>
    <region xml:id="seg-r506" anchors="1317 1319"/>
    <region xml:id="seg-r508" anchors="1320 1327"/>
    <region xml:id="seg-r510" anchors="1328 1331"/>
    <region xml:id="seg-r512" anchors="1332 1336"/>
    <region xml:id="seg-r514" anchors="1337 1342"/>
    <region xml:id="seg-r516" anchors="1343 1350"/>
    <region xml:id="seg-r518" anchors="1351 1353"/>
    <region xml:id="seg-r520" anchors="1354 1358"/>
    <region xml:id="seg-r522" anchors="1359 1361"/>
    <region xml:id="seg-r524" anchors="1362 1372"/>
    <region xml:id="seg-r525" anchors="1372 1373"/>
    <region xml:id="seg-r527" anchors="1374 1375"/>
    <region xml:id="seg-r528" anchors="1375 1377"/>
    <region xml:id="seg-r530" anchors="1378 1382"/>
    <region xml:id="seg-r532" anchors="1383 1385"/>
    <region xml:id="seg-r534" anchors="1386 1389"/>
    <region xml:id="seg-r536" anchors="1390 1397"/>
    <region xml:id="seg-r538" anchors="1398 1402"/>
    <region xml:id="seg-r540" anchors="1403 1404"/>
    <region xml:id="seg-r541" anchors="1404 1405"/>
    <region xml:id="seg-r543" anchors="1406 1410"/>
    <region xml:id="seg-r545" anchors="1411 1414"/>
    <region xml:id="seg-r547" anchors="1415 1418"/>
    <region xml:id="seg-r549" anchors="1419 1421"/>
    <region xml:id="seg-r551" anchors="1422 1426"/>
    <region xml:id="seg-r553" anchors="1427 1436"/>
    <region xml:id="seg-r555" anchors="1437 1443"/>
    <region xml:id="seg-r557" anchors="1444 1448"/>
    <region xml:id="seg-r559" anchors="1449 1452"/>
    <region xml:id="seg-r561" anchors="1453 1460"/>
    <region xml:id="seg-r562" anchors="1460 1461"/>
    <region xml:id="seg-r564" anchors="1462 1463"/>
    <region xml:id="seg-r565" anchors="1463 1473"/>
    <region xml:id="seg-r566" anchors="1473 1474"/>
    <region xml:id="seg-r567" anchors="1474 1475"/>
    <region xml:id="seg-r569" anchors="1476 1480"/>
    <region xml:id="seg-r571" anchors="1481 1486"/>
    <region xml:id="seg-r572" anchors="1486 1487"/>
    <region xml:id="seg-r574" anchors="1488 1489"/>
    <region xml:id="seg-r575" anchors="1489 1490"/>
    <region xml:id="seg-r577" anchors="1491 1503"/>
    <region xml:id="seg-r579" anchors="1504 1508"/>
    <region xml:id="seg-r581" anchors="1509 1513"/>
    <region xml:id="seg-r583" anchors="1514 1518"/>
    <region xml:id="seg-r585" anchors="1519 1521"/>
    <region xml:id="seg-r587" anchors="1522 1525"/>
    <region xml:id="seg-r589" anchors="1526 1539"/>
    <region xml:id="seg-r590" anchors="1539 1540"/>
    <region xml:id="seg-r592" anchors="1541 1544"/>
    <region xml:id="seg-r594" anchors="1545 1550"/>
    <region xml:id="seg-r596" anchors="1551 1554"/>
    <region xml:id="seg-r597" anchors="1554 1555"/>
    <region xml:id="seg-r598" anchors="1555 1556"/>
    <region xml:id="seg-r600" anchors="1557 1559"/>
    <region xml:id="seg-r602" anchors="1560 1566"/>
    <region xml:id="seg-r604" anchors="1567 1569"/>
    <region xml:id="seg-r606" anchors="1570 1575"/>
    <region xml:id="seg-r608" anchors="1576 1578"/>
    <region xml:id="seg-r610" anchors="1579 1582"/>
    <region xml:id="seg-r612" anchors="1583 1585"/>
    <region xml:id="seg-r614" anchors="1586 1588"/>
    <region xml:id="seg-r616" anchors="1589 1596"/>
    <region xml:id="seg-r617" anchors="1596 1597"/>
    <region xml:id="seg-r619" anchors="1598 1600"/>
    <region xml:id="seg-r621" anchors="1601 1606"/>
    <region xml:id="seg-r622" anchors="1606 1607"/>
    <region xml:id="seg-r623" anchors="1607 1609"/>
    <region xml:id="seg-r625" anchors="1610 1612"/>
    <region xml:id="seg-r627" anchors="1613 1616"/>
    <region xml:id="seg-r628" anchors="1616 1617"/>
    <region xml:id="seg-r630" anchors="1618 1621"/>
    <region xml:id="seg-r632" anchors="1622 1629"/>
    <region xml:id="seg-r633" anchors="1629 1630"/>
    <region xml:id="seg-r634" anchors="1630 1631"/>
    <region xml:id="seg-r636" anchors="1632 1636"/>
    <region xml:id="seg-r638" anchors="1637 1640"/>
    <region xml:id="seg-r640" anchors="1641 1647"/>
    <region xml:id="seg-r642" anchors="1648 1653"/>
    <region xml:id="seg-r643" anchors="1653 1654"/>
    <region xml:id="seg-r645" anchors="1655 1657"/>
    <region xml:id="seg-r647" anchors="1658 1660"/>
    <region xml:id="seg-r649" anchors="1661 1664"/>
    <region xml:id="seg-r651" anchors="1665 1672"/>
    <region xml:id="seg-r653" anchors="1673 1675"/>
    <region xml:id="seg-r654" anchors="1675 1676"/>
    <region xml:id="seg-r655" anchors="1676 1678"/>
    <region xml:id="seg-r657" anchors="1679 1686"/>
    <region xml:id="seg-r658" anchors="1686 1687"/>
    <region xml:id="seg-r660" anchors="1688 1693"/>
    <region xml:id="seg-r662" anchors="1694 1695"/>
    <region xml:id="seg-r663" anchors="1695 1696"/>
    <region xml:id="seg-r664" anchors="1696 1697"/>
    <region xml:id="seg-r666" anchors="1698 1701"/>
    <region xml:id="seg-r668" anchors="1702 1706"/>
    <region xml:id="seg-r670" anchors="1707 1710"/>
    <region xml:id="seg-r672" anchors="1711 1714"/>
    <region xml:id="seg-r673" anchors="1714 1715"/>
    <region xml:id="seg-r674" anchors="1715 1716"/>
    <region xml:id="seg-r676" anchors="1717 1728"/>
    <region xml:id="seg-r678" anchors="1729 1731"/>
    <region xml:id="seg-r680" anchors="1732 1736"/>
    <region xml:id="seg-r681" anchors="1736 1737"/>
    <region xml:id="seg-r682" anchors="1737 1738"/>
    <region xml:id="seg-r684" anchors="1739 1742"/>
    <region xml:id="seg-r686" anchors="1743 1746"/>
    <region xml:id="seg-r688" anchors="1747 1753"/>
    <region xml:id="seg-r690" anchors="1754 1756"/>
    <region xml:id="seg-r692" anchors="1757 1761"/>
    <region xml:id="seg-r694" anchors="1762 1773"/>
    <region xml:id="seg-r695" anchors="1773 1774"/>
    <region xml:id="seg-r697" anchors="1775 1778"/>
    <region xml:id="seg-r699" anchors="1779 1782"/>
    <region xml:id="seg-r701" anchors="1783 1787"/>
    <region xml:id="seg-r703" anchors="1788 1792"/>
    <region xml:id="seg-r704" anchors="1792 1793"/>
    <region xml:id="seg-r706" anchors="1794 1799"/>
    <region xml:id="seg-r708" anchors="1800 1802"/>
    <region xml:id="seg-r710" anchors="1803 1807"/>
    <region xml:id="seg-r712" anchors="1808 1811"/>
    <region xml:id="seg-r714" anchors="1812 1816"/>
    <region xml:id="seg-r716" anchors="1817 1822"/>
    <region xml:id="seg-r718" anchors="1823 1832"/>
    <region xml:id="seg-r720" anchors="1833 1839"/>
    <region xml:id="seg-r722" anchors="1840 1842"/>
    <region xml:id="seg-r724" anchors="1843 1848"/>
    <region xml:id="seg-r726" anchors="1849 1853"/>
    <region xml:id="seg-r728" anchors="1854 1857"/>
    <region xml:id="seg-r730" anchors="1858 1867"/>
    <region xml:id="seg-r732" anchors="1868 1871"/>
    <region xml:id="seg-r734" anchors="1872 1877"/>
    <region xml:id="seg-r736" anchors="1878 1882"/>
    <region xml:id="seg-r738" anchors="1883 1885"/>
    <region xml:id="seg-r740" anchors="1886 1889"/>
    <region xml:id="seg-r742" anchors="1890 1899"/>
    <region xml:id="seg-r744" anchors="1900 1905"/>
    <region xml:id="seg-r746" anchors="1906 1917"/>
    <region xml:id="seg-r747" anchors="1917 1918"/>
    <region xml:id="seg-r749" anchors="1921 1922"/>
    <region xml:id="seg-r751" anchors="1923 1925"/>
    <region xml:id="seg-r752" anchors="1925 1928"/>
    <region xml:id="seg-r754" anchors="1929 1933"/>
    <region xml:id="seg-r756" anchors="1934 1937"/>
    <region xml:id="seg-r758" anchors="1938 1944"/>
    <region xml:id="seg-r760" anchors="1945 1947"/>
    <region xml:id="seg-r762" anchors="1948 1951"/>
    <region xml:id="seg-r764" anchors="1952 1959"/>
    <region xml:id="seg-r765" anchors="1959 1961"/>
    <region xml:id="seg-r767" anchors="1962 1966"/>
    <region xml:id="seg-r769" anchors="1967 1971"/>
    <region xml:id="seg-r771" anchors="1972 1975"/>
    <region xml:id="seg-r773" anchors="1976 1978"/>
    <region xml:id="seg-r774" anchors="1978 1980"/>
    <region xml:id="seg-r776" anchors="1981 1992"/>
    <region xml:id="seg-r777" anchors="1992 1993"/>
    <region xml:id="seg-r779" anchors="1994 2021"/>
    <region xml:id="seg-r781" anchors="2022 2027"/>
    <region xml:id="seg-r782" anchors="2027 2028"/>
    <region xml:id="seg-r784" anchors="2029 2034"/>
    <region xml:id="seg-r786" anchors="2035 2039"/>
    <region xml:id="seg-r788" anchors="2040 2046"/>
    <region xml:id="seg-r790" anchors="2047 2050"/>
    <region xml:id="seg-r792" anchors="2051 2056"/>
    <region xml:id="seg-r794" anchors="2057 2061"/>
    <region xml:id="seg-r796" anchors="2062 2066"/>
    <region xml:id="seg-r798" anchors="2067 2069"/>
    <region xml:id="seg-r800" anchors="2070 2074"/>
    <region xml:id="seg-r802" anchors="2075 2077"/>
    <region xml:id="seg-r804" anchors="2078 2079"/>
    <region xml:id="seg-r806" anchors="2080 2084"/>
    <region xml:id="seg-r808" anchors="2085 2092"/>
    <region xml:id="seg-r810" anchors="2093 2098"/>
    <region xml:id="seg-r812" anchors="2099 2101"/>
    <region xml:id="seg-r814" anchors="2102 2109"/>
    <region xml:id="seg-r815" anchors="2109 2110"/>
    <region xml:id="seg-r817" anchors="2119 2126"/>
    <region xml:id="seg-r819" anchors="2127 2128"/>
    <region xml:id="seg-r820" anchors="2128 2129"/>
    <region xml:id="seg-r821" anchors="2129 2130"/>
    <region xml:id="seg-r823" anchors="2131 2133"/>
    <region xml:id="seg-r825" anchors="2134 2141"/>
    <region xml:id="seg-r827" anchors="2143 2144"/>
    <region xml:id="seg-r829" anchors="2145 2149"/>
    <region xml:id="seg-r831" anchors="2150 2154"/>
    <region xml:id="seg-r833" anchors="2155 2162"/>
    <region xml:id="seg-r835" anchors="2163 2165"/>
    <region xml:id="seg-r837" anchors="2166 2169"/>
    <region xml:id="seg-r839" anchors="2170 2175"/>
    <region xml:id="seg-r841" anchors="2176 2179"/>
    <region xml:id="seg-r843" anchors="2180 2191"/>
    <region xml:id="seg-r845" anchors="2192 2199"/>
    <region xml:id="seg-r847" anchors="2200 2202"/>
    <region xml:id="seg-r849" anchors="2203 2206"/>
    <region xml:id="seg-r851" anchors="2207 2212"/>
    <region xml:id="seg-r853" anchors="2213 2215"/>
    <region xml:id="seg-r855" anchors="2216 2218"/>
    <region xml:id="seg-r857" anchors="2219 2220"/>
    <region xml:id="seg-r859" anchors="2221 2225"/>
    <region xml:id="seg-r860" anchors="2225 2226"/>
    <region xml:id="seg-r862" anchors="2227 2230"/>
    <region xml:id="seg-r864" anchors="2231 2235"/>
    <region xml:id="seg-r866" anchors="2236 2237"/>
    <region xml:id="seg-r868" anchors="2238 2245"/>
    <region xml:id="seg-r869" anchors="2245 2246"/>
    <region xml:id="seg-r871" anchors="2247 2253"/>
    <region xml:id="seg-r873" anchors="2254 2259"/>
    <region xml:id="seg-r875" anchors="2260 2263"/>
    <region xml:id="seg-r877" anchors="2264 2267"/>
    <region xml:id="seg-r879" anchors="2268 2274"/>
    <region xml:id="seg-r880" anchors="2274 2275"/>
    <region xml:id="seg-r882" anchors="2276 2279"/>
    <region xml:id="seg-r884" anchors="2280 2283"/>
    <region xml:id="seg-r886" anchors="2284 2288"/>
    <region xml:id="seg-r888" anchors="2289 2295"/>
    <region xml:id="seg-r890" anchors="2296 2298"/>
    <region xml:id="seg-r892" anchors="2299 2305"/>
    <region xml:id="seg-r894" anchors="2306 2309"/>
    <region xml:id="seg-r896" anchors="2310 2314"/>
    <region xml:id="seg-r897" anchors="2314 2315"/>
    <region xml:id="seg-r899" anchors="2316 2318"/>
    <region xml:id="seg-r900" anchors="2318 2319"/>
    <region xml:id="seg-r902" anchors="2320 2325"/>
    <region xml:id="seg-r904" anchors="2326 2327"/>
    <region xml:id="seg-r905" anchors="2327 2329"/>
    <region xml:id="seg-r907" anchors="2330 2331"/>
    <region xml:id="seg-r909" anchors="2332 2338"/>
    <region xml:id="seg-r911" anchors="2339 2342"/>
    <region xml:id="seg-r912" anchors="2342 2343"/>
    <region xml:id="seg-r914" anchors="2344 2349"/>
    <region xml:id="seg-r916" anchors="2350 2351"/>
    <region xml:id="seg-r917" anchors="2351 2352"/>
    <region xml:id="seg-r919" anchors="2353 2357"/>
    <region xml:id="seg-r921" anchors="2358 2363"/>
    <region xml:id="seg-r923" anchors="2364 2366"/>
    <region xml:id="seg-r925" anchors="2370 2377"/>
    <region xml:id="seg-r927" anchors="2378 2379"/>
    <region xml:id="seg-r928" anchors="2379 2380"/>
    <region xml:id="seg-r929" anchors="2380 2381"/>
    <region xml:id="seg-r931" anchors="2382 2384"/>
    <region xml:id="seg-r933" anchors="2385 2392"/>
    <region xml:id="seg-r935" anchors="2393 2400"/>
    <region xml:id="seg-r937" anchors="2402 2404"/>
    <region xml:id="seg-r938" anchors="2404 2405"/>
    <region xml:id="seg-r940" anchors="2406 2409"/>
    <region xml:id="seg-r941" anchors="2409 2410"/>
    <region xml:id="seg-r943" anchors="2411 2415"/>
    <region xml:id="seg-r945" anchors="2416 2418"/>
    <region xml:id="seg-r947" anchors="2419 2429"/>
    <region xml:id="seg-r948" anchors="2429 2430"/>
    <region xml:id="seg-r950" anchors="2431 2436"/>
    <region xml:id="seg-r952" anchors="2437 2438"/>
    <region xml:id="seg-r953" anchors="2438 2439"/>
    <region xml:id="seg-r955" anchors="2440 2444"/>
    <region xml:id="seg-r957" anchors="2445 2450"/>
    <region xml:id="seg-r959" anchors="2451 2453"/>
    <region xml:id="seg-r961" anchors="2457 2464"/>
    <region xml:id="seg-r963" anchors="2465 2466"/>
    <region xml:id="seg-r964" anchors="2466 2467"/>
    <region xml:id="seg-r965" anchors="2467 2468"/>
    <region xml:id="seg-r967" anchors="2469 2471"/>
    <region xml:id="seg-r969" anchors="2472 2477"/>
    <region xml:id="seg-r971" anchors="2478 2486"/>
    <region xml:id="seg-r973" anchors="2487 2488"/>
    <region xml:id="seg-r975" anchors="2489 2495"/>
    <region xml:id="seg-r977" anchors="2496 2499"/>
    <region xml:id="seg-r979" anchors="2500 2504"/>
    <region xml:id="seg-r981" anchors="2505 2508"/>
    <region xml:id="seg-r982" anchors="2508 2511"/>
    <region xml:id="seg-r984" anchors="2512 2519"/>
    <region xml:id="seg-r986" anchors="2520 2525"/>
    <region xml:id="seg-r988" anchors="2526 2531"/>
    <region xml:id="seg-r990" anchors="2532 2534"/>
    <region xml:id="seg-r992" anchors="2535 2541"/>
    <region xml:id="seg-r993" anchors="2541 2542"/>
    <region xml:id="seg-r995" anchors="2543 2548"/>
    <region xml:id="seg-r997" anchors="2549 2550"/>
    <region xml:id="seg-r998" anchors="2550 2551"/>
    <region xml:id="seg-r1000" anchors="2552 2556"/>
    <region xml:id="seg-r1002" anchors="2557 2562"/>
    <region xml:id="seg-r1004" anchors="2563 2565"/>
    <region xml:id="seg-r1006" anchors="2569 2576"/>
    <region xml:id="seg-r1008" anchors="2577 2578"/>
    <region xml:id="seg-r1009" anchors="2578 2579"/>
    <region xml:id="seg-r1010" anchors="2579 2580"/>
    <region xml:id="seg-r1012" anchors="2581 2583"/>
    <region xml:id="seg-r1014" anchors="2584 2589"/>
    <region xml:id="seg-r1016" anchors="2590 2598"/>
    <region xml:id="seg-r1018" anchors="2600 2601"/>
    <region xml:id="seg-r1020" anchors="2602 2608"/>
    <region xml:id="seg-r1022" anchors="2609 2612"/>
    <region xml:id="seg-r1024" anchors="2613 2617"/>
    <region xml:id="seg-r1026" anchors="2618 2621"/>
    <region xml:id="seg-r1027" anchors="2621 2624"/>
    <region xml:id="seg-r1029" anchors="2625 2632"/>
    <region xml:id="seg-r1031" anchors="2633 2638"/>
    <region xml:id="seg-r1033" anchors="2639 2644"/>
    <region xml:id="seg-r1035" anchors="2645 2647"/>
    <region xml:id="seg-r1037" anchors="2648 2654"/>
    <region xml:id="seg-r1038" anchors="2654 2655"/>
    <region xml:id="seg-r1040" anchors="2656 2661"/>
    <region xml:id="seg-r1042" anchors="2662 2663"/>
    <region xml:id="seg-r1043" anchors="2663 2664"/>
    <region xml:id="seg-r1045" anchors="2665 2669"/>
    <region xml:id="seg-r1047" anchors="2670 2675"/>
    <region xml:id="seg-r1049" anchors="2676 2678"/>
</graph>
