<graph xmlns="http://www.xces.org/ns/GrAF/1.0/" xmlns:graf="http://www.xces.org/ns/GrAF/1.0/">
  <graphHeader>
    <labelsDecl>
      <labelUsage label="location" occurs="11"/>
      <labelUsage label="org" occurs="4"/>
      <labelUsage label="date" occurs="3"/>
    </labelsDecl>
    <dependencies>
      <dependsOn f.id="f.penn"/>
    </dependencies>
    <annotationSpaces>
      <annotationSpace as.id="anc"/>
    </annotationSpaces>
  </graphHeader>
  <node xml:id="ne-n0"/>
  <a xml:id="ne-N65575" label="location" ref="ne-n0" as="anc">
    <fs>
      <f name="id" value="1095"/>
      <f name="type" value="facility"/>
    </fs>
  </a>
  <node xml:id="ne-n1"/>
  <a xml:id="ne-N65595" label="date" ref="ne-n1" as="anc">
    <fs>
      <f name="kind" value="dateTime"/>
      <f name="id" value="6001"/>
    </fs>
  </a>
  <node xml:id="ne-n10"/>
  <a xml:id="ne-N65615" label="location" ref="ne-n10" as="anc">
    <fs>
      <f name="id" value="11031"/>
      <f name="type" value="city"/>
    </fs>
  </a>
  <node xml:id="ne-n11"/>
  <a xml:id="ne-N65635" label="org" ref="ne-n11" as="anc">
    <fs>
      <f name="type" value="company"/>
      <f name="number" value="singular"/>
      <f name="case" value="objective"/>
      <f name="person" value="third"/>
      <f name="id" value="1105"/>
    </fs>
  </a>
  <node xml:id="ne-n12"/>
  <a xml:id="ne-N65667" label="location" ref="ne-n12" as="anc">
    <fs>
      <f name="type" value="province_state"/>
      <f name="number" value="singular"/>
      <f name="case" value="objective"/>
      <f name="person" value="third"/>
      <f name="id" value="1107"/>
    </fs>
  </a>
  <node xml:id="ne-n13"/>
  <a xml:id="ne-N65699" label="location" ref="ne-n13" as="anc">
    <fs>
      <f name="type" value="facility"/>
      <f name="number" value="singular"/>
      <f name="case" value="objective"/>
      <f name="person" value="third"/>
      <f name="id" value="1108"/>
    </fs>
  </a>
  <node xml:id="ne-n14"/>
  <a xml:id="ne-N65731" label="org" ref="ne-n14" as="anc">
    <fs>
      <f name="number" value="singular"/>
      <f name="case" value="objective"/>
      <f name="person" value="third"/>
      <f name="id" value="1109"/>
      <f name="type" value="company"/>
    </fs>
  </a>
  <node xml:id="ne-n15"/>
  <a xml:id="ne-N65763" label="location" ref="ne-n15" as="anc">
    <fs>
      <f name="type" value="city"/>
      <f name="number" value="singular"/>
      <f name="case" value="objective"/>
      <f name="person" value="third"/>
      <f name="id" value="1110"/>
    </fs>
  </a>
  <node xml:id="ne-n16"/>
  <a xml:id="ne-N65795" label="location" ref="ne-n16" as="anc">
    <fs>
      <f name="person" value="third"/>
      <f name="case" value="nominative"/>
      <f name="number" value="singular"/>
      <f name="type" value="province_state"/>
      <f name="id" value="1111"/>
    </fs>
  </a>
  <node xml:id="ne-n17"/>
  <a xml:id="ne-N65827" label="location" ref="ne-n17" as="anc">
    <fs>
      <f name="id" value="11101"/>
      <f name="type" value="facility"/>
    </fs>
  </a>
  <node xml:id="ne-n2"/>
  <a xml:id="ne-N65847" label="location" ref="ne-n2" as="anc">
    <fs>
      <f name="type" value="city"/>
      <f name="number" value="singular"/>
      <f name="case" value="objective"/>
      <f name="person" value="third"/>
      <f name="id" value="1097"/>
    </fs>
  </a>
  <node xml:id="ne-n3"/>
  <a xml:id="ne-N65879" label="org" ref="ne-n3" as="anc">
    <fs>
      <f name="type" value="newspaper/media"/>
      <f name="number" value="singular"/>
      <f name="case" value="objective"/>
      <f name="person" value="third"/>
      <f name="id" value="1098"/>
    </fs>
  </a>
  <node xml:id="ne-n4"/>
  <a xml:id="ne-N65911" label="location" ref="ne-n4" as="anc">
    <fs>
      <f name="type" value="facility"/>
      <f name="number" value="singular"/>
      <f name="case" value="objective"/>
      <f name="person" value="third"/>
      <f name="id" value="1099"/>
    </fs>
  </a>
  <node xml:id="ne-n5"/>
  <a xml:id="ne-N65943" label="org" ref="ne-n5" as="anc">
    <fs>
      <f name="number" value="singular"/>
      <f name="case" value="nominative"/>
      <f name="person" value="third"/>
      <f name="id" value="1100"/>
      <f name="type" value="company"/>
    </fs>
  </a>
  <node xml:id="ne-n6"/>
  <a xml:id="ne-N65975" label="location" ref="ne-n6" as="anc">
    <fs>
      <f name="type" value="city"/>
      <f name="number" value="singular"/>
      <f name="case" value="objective"/>
      <f name="person" value="third"/>
      <f name="id" value="1101"/>
    </fs>
  </a>
  <node xml:id="ne-n7"/>
  <a xml:id="ne-N66007" label="date" ref="ne-n7" as="anc">
    <fs>
      <f name="kind" value="date"/>
      <f name="id" value="6002"/>
    </fs>
  </a>
  <node xml:id="ne-n8"/>
  <a xml:id="ne-N66027" label="location" ref="ne-n8" as="anc">
    <fs>
      <f name="type" value="city"/>
      <f name="number" value="singular"/>
      <f name="case" value="objective"/>
      <f name="person" value="third"/>
      <f name="id" value="1103"/>
    </fs>
  </a>
  <node xml:id="ne-n9"/>
  <a xml:id="ne-N66059" label="date" ref="ne-n9" as="anc">
    <fs>
      <f name="kind" value="dateTime"/>
      <f name="id" value="6011"/>
    </fs>
  </a>
  <edge xml:id="ne-lnk35" from="ne-n17" to="penn-n813"/>
  <edge xml:id="ne-lnk34" from="ne-n17" to="penn-n812"/>
  <edge xml:id="ne-lnk33" from="ne-n16" to="penn-n805"/>
  <edge xml:id="ne-lnk32" from="ne-n15" to="penn-n789"/>
  <edge xml:id="ne-lnk31" from="ne-n14" to="penn-n774"/>
  <edge xml:id="ne-lnk30" from="ne-n14" to="penn-n773"/>
  <edge xml:id="ne-lnk9" from="ne-n3" to="penn-n77"/>
  <edge xml:id="ne-lnk8" from="ne-n2" to="penn-n29"/>
  <edge xml:id="ne-lnk7" from="ne-n1" to="penn-n22"/>
  <edge xml:id="ne-lnk6" from="ne-n1" to="penn-n21"/>
  <edge xml:id="ne-lnk5" from="ne-n1" to="penn-n20"/>
  <edge xml:id="ne-lnk4" from="ne-n1" to="penn-n19"/>
  <edge xml:id="ne-lnk3" from="ne-n1" to="penn-n18"/>
  <edge xml:id="ne-lnk2" from="ne-n0" to="penn-n6"/>
  <edge xml:id="ne-lnk1" from="ne-n0" to="penn-n5"/>
  <edge xml:id="ne-lnk0" from="ne-n0" to="penn-n4"/>
  <edge xml:id="ne-lnk29" from="ne-n14" to="penn-n772"/>
  <edge xml:id="ne-lnk28" from="ne-n13" to="penn-n582"/>
  <edge xml:id="ne-lnk27" from="ne-n13" to="penn-n581"/>
  <edge xml:id="ne-lnk26" from="ne-n13" to="penn-n580"/>
  <edge xml:id="ne-lnk25" from="ne-n12" to="penn-n404"/>
  <edge xml:id="ne-lnk24" from="ne-n11" to="penn-n329"/>
  <edge xml:id="ne-lnk23" from="ne-n11" to="penn-n328"/>
  <edge xml:id="ne-lnk22" from="ne-n11" to="penn-n327"/>
  <edge xml:id="ne-lnk21" from="ne-n10" to="penn-n274"/>
  <edge xml:id="ne-lnk20" from="ne-n9" to="penn-n214"/>
  <edge xml:id="ne-lnk19" from="ne-n9" to="penn-n213"/>
  <edge xml:id="ne-lnk18" from="ne-n8" to="penn-n179"/>
  <edge xml:id="ne-lnk17" from="ne-n7" to="penn-n123"/>
  <edge xml:id="ne-lnk16" from="ne-n6" to="penn-n121"/>
  <edge xml:id="ne-lnk15" from="ne-n5" to="penn-n117"/>
  <edge xml:id="ne-lnk14" from="ne-n5" to="penn-n116"/>
  <edge xml:id="ne-lnk13" from="ne-n5" to="penn-n115"/>
  <edge xml:id="ne-lnk12" from="ne-n4" to="penn-n100"/>
  <edge xml:id="ne-lnk11" from="ne-n4" to="penn-n99"/>
  <edge xml:id="ne-lnk10" from="ne-n4" to="penn-n98"/>
</graph>
