<graph xmlns="http://www.xces.org/ns/GrAF/1.0/" xmlns:graf="http://www.xces.org/ns/GrAF/1.0/">
  <graphHeader>
    <labelsDecl>
      <labelUsage label="body" occurs="1"/>
      <labelUsage label="text" occurs="1"/>
      <labelUsage label="a" occurs="5"/>
      <labelUsage label="p" occurs="17"/>
      <labelUsage label="div" occurs="2"/>
      <labelUsage label="blockquote" occurs="1"/>
      <labelUsage label="em" occurs="1"/>
      <labelUsage label="cesDoc" occurs="1"/>
      <labelUsage label="head" occurs="1"/>
      <labelUsage label="date" occurs="1"/>
    </labelsDecl>
    <annotationSpaces>
      <annotationSpace as.id="xces"/>
    </annotationSpaces>
  </graphHeader>
  <region xml:id="logical-r0" anchors="0 3857"/>
  <node xml:id="logical-n0">
    <link targets="logical-r0"/>
  </node>
  <a xml:id="logical-N65605" label="cesDoc" ref="logical-n0" as="xces">
    <fs>
      <f name="xmlns" value="http://www.xces.org/schema/2003"/>
      <f name="version" value="1.0.4"/>
    </fs>
  </a>
  <region xml:id="logical-r1" anchors="1 3856"/>
  <node xml:id="logical-n1">
    <link targets="logical-r1"/>
  </node>
  <a xml:id="logical-N65633" label="text" ref="logical-n1" as="xces"/>
  <region xml:id="logical-r2" anchors="2 3855"/>
  <node xml:id="logical-n2">
    <link targets="logical-r2"/>
  </node>
  <a xml:id="logical-N65649" label="body" ref="logical-n2" as="xces"/>
  <region xml:id="logical-r3" anchors="4 89"/>
  <node xml:id="logical-n3">
    <link targets="logical-r3"/>
  </node>
  <a xml:id="logical-N65665" label="head" ref="logical-n3" as="xces">
    <fs>
      <f name="type" value="title"/>
    </fs>
  </a>
  <region xml:id="logical-r4" anchors="91 105"/>
  <node xml:id="logical-n4">
    <link targets="logical-r4"/>
  </node>
  <a xml:id="logical-N65689" label="date" ref="logical-n4" as="xces"/>
  <region xml:id="logical-r5" anchors="108 2783"/>
  <node xml:id="logical-n5">
    <link targets="logical-r5"/>
  </node>
  <a xml:id="logical-N65705" label="div" ref="logical-n5" as="xces">
    <fs>
      <f name="type" value="section"/>
      <f name="n" value="1"/>
    </fs>
  </a>
  <region xml:id="logical-r6" anchors="111 324"/>
  <node xml:id="logical-n6">
    <link targets="logical-r6"/>
  </node>
  <a xml:id="logical-N65733" label="p" ref="logical-n6" as="xces"/>
  <region xml:id="logical-r7" anchors="295 312"/>
  <node xml:id="logical-n7">
    <link targets="logical-r7"/>
  </node>
  <a xml:id="logical-N65749" label="a" ref="logical-n7" as="xces">
    <fs>
      <f name="href" value="http://uprooted.jessicareeder.com/2010/03/5-and-a-half-free-things-to-do-in-asheville/"/>
    </fs>
  </a>
  <region xml:id="logical-r8" anchors="326 520"/>
  <node xml:id="logical-n8">
    <link targets="logical-r8"/>
  </node>
  <a xml:id="logical-N65773" label="p" ref="logical-n8" as="xces"/>
  <region xml:id="logical-r9" anchors="350 358"/>
  <node xml:id="logical-n9">
    <link targets="logical-r9"/>
  </node>
  <a xml:id="logical-N65789" label="a" ref="logical-n9" as="xces">
    <fs>
      <f name="href" value="http://www.facebook.com/pages/Uprooted-an-ecotravel-blog/191147614337"/>
    </fs>
  </a>
  <region xml:id="logical-r10" anchors="428 431"/>
  <node xml:id="logical-n10">
    <link targets="logical-r10"/>
  </node>
  <a xml:id="logical-N65813" label="em" ref="logical-n10" as="xces"/>
  <region xml:id="logical-r11" anchors="445 462"/>
  <node xml:id="logical-n11">
    <link targets="logical-r11"/>
  </node>
  <a xml:id="logical-N65829" label="a" ref="logical-n11" as="xces">
    <fs>
      <f name="href" value="http://www.tupelohoneycafe.com/"/>
    </fs>
  </a>
  <region xml:id="logical-r12" anchors="522 977"/>
  <node xml:id="logical-n12">
    <link targets="logical-r12"/>
  </node>
  <a xml:id="logical-N65853" label="blockquote" ref="logical-n12" as="xces"/>
  <region xml:id="logical-r13" anchors="523 976"/>
  <node xml:id="logical-n13">
    <link targets="logical-r13"/>
  </node>
  <a xml:id="logical-N65869" label="p" ref="logical-n13" as="xces"/>
  <region xml:id="logical-r14" anchors="957 976"/>
  <node xml:id="logical-n14">
    <link targets="logical-r14"/>
  </node>
  <a xml:id="logical-N65885" label="a" ref="logical-n14" as="xces">
    <fs>
      <f name="href" value="http://www.tupelohoneycafe.com/"/>
    </fs>
  </a>
  <region xml:id="logical-r15" anchors="979 1187"/>
  <node xml:id="logical-n15">
    <link targets="logical-r15"/>
  </node>
  <a xml:id="logical-N65909" label="p" ref="logical-n15" as="xces"/>
  <region xml:id="logical-r16" anchors="1189 1504"/>
  <node xml:id="logical-n16">
    <link targets="logical-r16"/>
  </node>
  <a xml:id="logical-N65925" label="p" ref="logical-n16" as="xces"/>
  <region xml:id="logical-r17" anchors="1506 1731"/>
  <node xml:id="logical-n17">
    <link targets="logical-r17"/>
  </node>
  <a xml:id="logical-N65941" label="p" ref="logical-n17" as="xces"/>
  <region xml:id="logical-r18" anchors="1733 2017"/>
  <node xml:id="logical-n18">
    <link targets="logical-r18"/>
  </node>
  <a xml:id="logical-N65957" label="p" ref="logical-n18" as="xces"/>
  <region xml:id="logical-r19" anchors="1951 1963"/>
  <node xml:id="logical-n19">
    <link targets="logical-r19"/>
  </node>
  <a xml:id="logical-N65973" label="a" ref="logical-n19" as="xces">
    <fs>
      <f name="href" value="http://en.wikipedia.org/wiki/Tupelo#Tupelo_honey"/>
    </fs>
  </a>
  <region xml:id="logical-r20" anchors="2019 2211"/>
  <node xml:id="logical-n20">
    <link targets="logical-r20"/>
  </node>
  <a xml:id="logical-N65997" label="p" ref="logical-n20" as="xces"/>
  <region xml:id="logical-r21" anchors="2213 2657"/>
  <node xml:id="logical-n21">
    <link targets="logical-r21"/>
  </node>
  <a xml:id="logical-N66013" label="p" ref="logical-n21" as="xces"/>
  <region xml:id="logical-r22" anchors="2659 2782"/>
  <node xml:id="logical-n22">
    <link targets="logical-r22"/>
  </node>
  <a xml:id="logical-N66029" label="p" ref="logical-n22" as="xces"/>
  <region xml:id="logical-r23" anchors="2784 3854"/>
  <node xml:id="logical-n23">
    <link targets="logical-r23"/>
  </node>
  <a xml:id="logical-N66045" label="div" ref="logical-n23" as="xces">
    <fs>
      <f name="type" value="section"/>
      <f name="n" value="2"/>
    </fs>
  </a>
  <region xml:id="logical-r24" anchors="2785 2895"/>
  <node xml:id="logical-n24">
    <link targets="logical-r24"/>
  </node>
  <a xml:id="logical-N66073" label="p" ref="logical-n24" as="xces"/>
  <region xml:id="logical-r25" anchors="2897 3027"/>
  <node xml:id="logical-n25">
    <link targets="logical-r25"/>
  </node>
  <a xml:id="logical-N66089" label="p" ref="logical-n25" as="xces"/>
  <region xml:id="logical-r26" anchors="3029 3271"/>
  <node xml:id="logical-n26">
    <link targets="logical-r26"/>
  </node>
  <a xml:id="logical-N66105" label="p" ref="logical-n26" as="xces"/>
  <region xml:id="logical-r27" anchors="3273 3451"/>
  <node xml:id="logical-n27">
    <link targets="logical-r27"/>
  </node>
  <a xml:id="logical-N66121" label="p" ref="logical-n27" as="xces"/>
  <region xml:id="logical-r28" anchors="3453 3694"/>
  <node xml:id="logical-n28">
    <link targets="logical-r28"/>
  </node>
  <a xml:id="logical-N66137" label="p" ref="logical-n28" as="xces"/>
  <region xml:id="logical-r29" anchors="3696 3711"/>
  <node xml:id="logical-n29">
    <link targets="logical-r29"/>
  </node>
  <a xml:id="logical-N66153" label="p" ref="logical-n29" as="xces"/>
  <region xml:id="logical-r30" anchors="3713 3853"/>
  <node xml:id="logical-n30">
    <link targets="logical-r30"/>
  </node>
  <a xml:id="logical-N66169" label="p" ref="logical-n30" as="xces"/>
</graph>
