<graph xmlns="http://www.xces.org/ns/GrAF/1.0/" xmlns:graf="http://www.xces.org/ns/GrAF/1.0/">
  <graphHeader>
    <labelsDecl>
      <labelUsage label="vchunk" occurs="116"/>
    </labelsDecl>
    <dependencies>
      <dependsOn f.id="f.penn"/>
    </dependencies>
    <annotationSpaces>
      <annotationSpace as.id="anc"/>
    </annotationSpaces>
  </graphHeader>
  <node xml:id="vc-n0"/>
  <a xml:id="vc-N65567" label="vchunk" ref="vc-n0" as="anc">
    <fs>
      <f name="voice" value="active"/>
      <f name="type" value="PART"/>
      <f name="tense" value="Pre"/>
    </fs>
  </a>
  <node xml:id="vc-n1"/>
  <a xml:id="vc-N65591" label="vchunk" ref="vc-n1" as="anc">
    <fs>
      <f name="type" value="NFVG"/>
      <f name="tense" value="Inf"/>
      <f name="voice" value="active"/>
    </fs>
  </a>
  <node xml:id="vc-n10"/>
  <a xml:id="vc-N65615" label="vchunk" ref="vc-n10" as="anc">
    <fs>
      <f name="type" value="FVG"/>
      <f name="tense" value="PasCon"/>
      <f name="voice" value="active"/>
    </fs>
  </a>
  <node xml:id="vc-n100"/>
  <a xml:id="vc-N65639" label="vchunk" ref="vc-n100" as="anc">
    <fs>
      <f name="type" value="NFVG"/>
      <f name="tense" value="Inf"/>
      <f name="voice" value="active"/>
    </fs>
  </a>
  <node xml:id="vc-n101"/>
  <a xml:id="vc-N65663" label="vchunk" ref="vc-n101" as="anc">
    <fs>
      <f name="type" value="FVG"/>
      <f name="tense" value="SimPre"/>
      <f name="voice" value="active"/>
    </fs>
  </a>
  <node xml:id="vc-n102"/>
  <a xml:id="vc-N65687" label="vchunk" ref="vc-n102" as="anc">
    <fs>
      <f name="type" value="FVG"/>
      <f name="tense" value="SimPre"/>
      <f name="voice" value="active"/>
    </fs>
  </a>
  <node xml:id="vc-n103"/>
  <a xml:id="vc-N65711" label="vchunk" ref="vc-n103" as="anc">
    <fs>
      <f name="voice" value="active"/>
      <f name="tense" value="SimPre"/>
      <f name="type" value="FVG"/>
      <f name="neg" value="yes"/>
    </fs>
  </a>
  <node xml:id="vc-n104"/>
  <a xml:id="vc-N65739" label="vchunk" ref="vc-n104" as="anc">
    <fs>
      <f name="type" value="FVG"/>
      <f name="tense" value="SimPre"/>
      <f name="voice" value="active"/>
    </fs>
  </a>
  <node xml:id="vc-n105"/>
  <a xml:id="vc-N65763" label="vchunk" ref="vc-n105" as="anc">
    <fs>
      <f name="type" value="MODAL"/>
      <f name="tense" value="none"/>
      <f name="voice" value="none"/>
    </fs>
  </a>
  <node xml:id="vc-n106"/>
  <a xml:id="vc-N65787" label="vchunk" ref="vc-n106" as="anc">
    <fs>
      <f name="type" value="FVG"/>
      <f name="tense" value="SimFut"/>
      <f name="voice" value="active"/>
    </fs>
  </a>
  <node xml:id="vc-n107"/>
  <a xml:id="vc-N65811" label="vchunk" ref="vc-n107" as="anc">
    <fs>
      <f name="type" value="FVG"/>
      <f name="tense" value="SimFut"/>
      <f name="voice" value="active"/>
    </fs>
  </a>
  <node xml:id="vc-n108"/>
  <a xml:id="vc-N65835" label="vchunk" ref="vc-n108" as="anc">
    <fs>
      <f name="voice" value="active"/>
      <f name="type" value="FVG"/>
      <f name="tense" value="SimFut"/>
    </fs>
  </a>
  <node xml:id="vc-n109"/>
  <a xml:id="vc-N65859" label="vchunk" ref="vc-n109" as="anc">
    <fs>
      <f name="type" value="FVG"/>
      <f name="tense" value="PrePer"/>
      <f name="voice" value="active"/>
    </fs>
  </a>
  <node xml:id="vc-n11"/>
  <a xml:id="vc-N65883" label="vchunk" ref="vc-n11" as="anc">
    <fs>
      <f name="type" value="FVG"/>
      <f name="tense" value="SimPas"/>
      <f name="voice" value="active"/>
    </fs>
  </a>
  <node xml:id="vc-n110"/>
  <a xml:id="vc-N65907" label="vchunk" ref="vc-n110" as="anc">
    <fs>
      <f name="voice" value="active"/>
      <f name="type" value="FVG"/>
      <f name="tense" value="SimPre"/>
    </fs>
  </a>
  <node xml:id="vc-n111"/>
  <a xml:id="vc-N65931" label="vchunk" ref="vc-n111" as="anc">
    <fs>
      <f name="type" value="FVG"/>
      <f name="tense" value="SimPre"/>
      <f name="voice" value="active"/>
    </fs>
  </a>
  <node xml:id="vc-n112"/>
  <a xml:id="vc-N65955" label="vchunk" ref="vc-n112" as="anc">
    <fs>
      <f name="type" value="MODAL"/>
      <f name="tense" value="none"/>
      <f name="voice" value="none"/>
    </fs>
  </a>
  <node xml:id="vc-n113"/>
  <a xml:id="vc-N65979" label="vchunk" ref="vc-n113" as="anc">
    <fs>
      <f name="type" value="FVG"/>
      <f name="tense" value="SimPre"/>
      <f name="voice" value="active"/>
    </fs>
  </a>
  <node xml:id="vc-n114"/>
  <a xml:id="vc-N66003" label="vchunk" ref="vc-n114" as="anc">
    <fs>
      <f name="type" value="NFVG"/>
      <f name="tense" value="Inf"/>
      <f name="voice" value="active"/>
    </fs>
  </a>
  <node xml:id="vc-n115"/>
  <a xml:id="vc-N66027" label="vchunk" ref="vc-n115" as="anc">
    <fs>
      <f name="type" value="FVG"/>
      <f name="tense" value="SimPre"/>
      <f name="voice" value="active"/>
    </fs>
  </a>
  <node xml:id="vc-n12"/>
  <a xml:id="vc-N66051" label="vchunk" ref="vc-n12" as="anc">
    <fs>
      <f name="type" value="SPECIAL"/>
      <f name="tense" value="Pre"/>
      <f name="voice" value="none"/>
    </fs>
  </a>
  <node xml:id="vc-n13"/>
  <a xml:id="vc-N66075" label="vchunk" ref="vc-n13" as="anc">
    <fs>
      <f name="type" value="FVG"/>
      <f name="tense" value="SimPas"/>
      <f name="voice" value="active"/>
    </fs>
  </a>
  <node xml:id="vc-n14"/>
  <a xml:id="vc-N66099" label="vchunk" ref="vc-n14" as="anc">
    <fs>
      <f name="type" value="FVG"/>
      <f name="tense" value="SimPas"/>
      <f name="voice" value="active"/>
    </fs>
  </a>
  <node xml:id="vc-n15"/>
  <a xml:id="vc-N66123" label="vchunk" ref="vc-n15" as="anc">
    <fs>
      <f name="type" value="FVG"/>
      <f name="tense" value="SimPas"/>
      <f name="voice" value="active"/>
    </fs>
  </a>
  <node xml:id="vc-n16"/>
  <a xml:id="vc-N66147" label="vchunk" ref="vc-n16" as="anc">
    <fs>
      <f name="voice" value="active"/>
      <f name="type" value="FVG"/>
      <f name="tense" value="SimPre"/>
    </fs>
  </a>
  <node xml:id="vc-n17"/>
  <a xml:id="vc-N66171" label="vchunk" ref="vc-n17" as="anc">
    <fs>
      <f name="type" value="FVG"/>
      <f name="tense" value="SimPre"/>
      <f name="voice" value="active"/>
    </fs>
  </a>
  <node xml:id="vc-n18"/>
  <a xml:id="vc-N66195" label="vchunk" ref="vc-n18" as="anc">
    <fs>
      <f name="type" value="PART"/>
      <f name="tense" value="Pas"/>
      <f name="voice" value="none"/>
    </fs>
  </a>
  <node xml:id="vc-n19"/>
  <a xml:id="vc-N66219" label="vchunk" ref="vc-n19" as="anc">
    <fs>
      <f name="voice" value="active"/>
      <f name="type" value="FVG"/>
      <f name="tense" value="SimPre"/>
    </fs>
  </a>
  <node xml:id="vc-n2"/>
  <a xml:id="vc-N66243" label="vchunk" ref="vc-n2" as="anc">
    <fs>
      <f name="type" value="FVG"/>
      <f name="tense" value="SimPas"/>
      <f name="voice" value="active"/>
    </fs>
  </a>
  <node xml:id="vc-n20"/>
  <a xml:id="vc-N66267" label="vchunk" ref="vc-n20" as="anc">
    <fs>
      <f name="voice" value="active"/>
      <f name="type" value="FVG"/>
      <f name="tense" value="SimPre"/>
    </fs>
  </a>
  <node xml:id="vc-n21"/>
  <a xml:id="vc-N66291" label="vchunk" ref="vc-n21" as="anc">
    <fs>
      <f name="type" value="FVG"/>
      <f name="tense" value="SimPre"/>
      <f name="voice" value="active"/>
    </fs>
  </a>
  <node xml:id="vc-n22"/>
  <a xml:id="vc-N66315" label="vchunk" ref="vc-n22" as="anc">
    <fs>
      <f name="type" value="FVG"/>
      <f name="tense" value="SimPas"/>
      <f name="voice" value="passive"/>
    </fs>
  </a>
  <node xml:id="vc-n23"/>
  <a xml:id="vc-N66339" label="vchunk" ref="vc-n23" as="anc">
    <fs>
      <f name="type" value="FVG"/>
      <f name="tense" value="SimPre"/>
      <f name="voice" value="active"/>
      <f name="neg" value="yes"/>
    </fs>
  </a>
  <node xml:id="vc-n24"/>
  <a xml:id="vc-N66367" label="vchunk" ref="vc-n24" as="anc">
    <fs>
      <f name="type" value="FVG"/>
      <f name="tense" value="SimPas"/>
      <f name="voice" value="active"/>
    </fs>
  </a>
  <node xml:id="vc-n25"/>
  <a xml:id="vc-N66391" label="vchunk" ref="vc-n25" as="anc">
    <fs>
      <f name="type" value="PART"/>
      <f name="tense" value="Pre"/>
      <f name="voice" value="active"/>
    </fs>
  </a>
  <node xml:id="vc-n26"/>
  <a xml:id="vc-N66415" label="vchunk" ref="vc-n26" as="anc">
    <fs>
      <f name="type" value="PART"/>
      <f name="tense" value="Pre"/>
      <f name="voice" value="active"/>
    </fs>
  </a>
  <node xml:id="vc-n27"/>
  <a xml:id="vc-N66439" label="vchunk" ref="vc-n27" as="anc">
    <fs>
      <f name="type" value="PART"/>
      <f name="tense" value="Pre"/>
      <f name="voice" value="active"/>
    </fs>
  </a>
  <node xml:id="vc-n28"/>
  <a xml:id="vc-N66463" label="vchunk" ref="vc-n28" as="anc">
    <fs>
      <f name="type" value="FVG"/>
      <f name="tense" value="SimPas"/>
      <f name="voice" value="active"/>
    </fs>
  </a>
  <node xml:id="vc-n29"/>
  <a xml:id="vc-N66487" label="vchunk" ref="vc-n29" as="anc">
    <fs>
      <f name="type" value="NFVG"/>
      <f name="tense" value="Inf"/>
      <f name="voice" value="active"/>
    </fs>
  </a>
  <node xml:id="vc-n3"/>
  <a xml:id="vc-N66511" label="vchunk" ref="vc-n3" as="anc">
    <fs>
      <f name="type" value="FVG"/>
      <f name="tense" value="PasCon"/>
      <f name="voice" value="active"/>
    </fs>
  </a>
  <node xml:id="vc-n30"/>
  <a xml:id="vc-N66535" label="vchunk" ref="vc-n30" as="anc">
    <fs>
      <f name="type" value="FVG"/>
      <f name="tense" value="SimPas"/>
      <f name="voice" value="active"/>
    </fs>
  </a>
  <node xml:id="vc-n31"/>
  <a xml:id="vc-N66559" label="vchunk" ref="vc-n31" as="anc">
    <fs>
      <f name="type" value="FVG"/>
      <f name="tense" value="SimPas"/>
      <f name="voice" value="passive"/>
    </fs>
  </a>
  <node xml:id="vc-n32"/>
  <a xml:id="vc-N66583" label="vchunk" ref="vc-n32" as="anc">
    <fs>
      <f name="type" value="FVG"/>
      <f name="tense" value="SimPas"/>
      <f name="voice" value="active"/>
    </fs>
  </a>
  <node xml:id="vc-n33"/>
  <a xml:id="vc-N66607" label="vchunk" ref="vc-n33" as="anc">
    <fs>
      <f name="type" value="NFVG"/>
      <f name="tense" value="Inf"/>
      <f name="voice" value="active"/>
    </fs>
  </a>
  <node xml:id="vc-n34"/>
  <a xml:id="vc-N66631" label="vchunk" ref="vc-n34" as="anc">
    <fs>
      <f name="voice" value="none"/>
      <f name="type" value="PART"/>
      <f name="tense" value="Pas"/>
    </fs>
  </a>
  <node xml:id="vc-n35"/>
  <a xml:id="vc-N66655" label="vchunk" ref="vc-n35" as="anc">
    <fs>
      <f name="voice" value="none"/>
      <f name="type" value="PART"/>
      <f name="tense" value="Pas"/>
    </fs>
  </a>
  <node xml:id="vc-n36"/>
  <a xml:id="vc-N66679" label="vchunk" ref="vc-n36" as="anc">
    <fs>
      <f name="voice" value="none"/>
      <f name="type" value="PART"/>
      <f name="tense" value="Pas"/>
    </fs>
  </a>
  <node xml:id="vc-n37"/>
  <a xml:id="vc-N66703" label="vchunk" ref="vc-n37" as="anc">
    <fs>
      <f name="type" value="MODAL"/>
      <f name="tense" value="none"/>
      <f name="voice" value="none"/>
    </fs>
  </a>
  <node xml:id="vc-n38"/>
  <a xml:id="vc-N66727" label="vchunk" ref="vc-n38" as="anc">
    <fs>
      <f name="type" value="FVG"/>
      <f name="tense" value="SimPas"/>
      <f name="voice" value="active"/>
    </fs>
  </a>
  <node xml:id="vc-n39"/>
  <a xml:id="vc-N66751" label="vchunk" ref="vc-n39" as="anc">
    <fs>
      <f name="type" value="FVG"/>
      <f name="tense" value="SimPas"/>
      <f name="voice" value="active"/>
    </fs>
  </a>
  <node xml:id="vc-n4"/>
  <a xml:id="vc-N66775" label="vchunk" ref="vc-n4" as="anc">
    <fs>
      <f name="type" value="FVG"/>
      <f name="tense" value="SimPas"/>
      <f name="voice" value="active"/>
    </fs>
  </a>
  <node xml:id="vc-n40"/>
  <a xml:id="vc-N66799" label="vchunk" ref="vc-n40" as="anc">
    <fs>
      <f name="voice" value="active"/>
      <f name="type" value="FVG"/>
      <f name="tense" value="SimPre"/>
    </fs>
  </a>
  <node xml:id="vc-n41"/>
  <a xml:id="vc-N66823" label="vchunk" ref="vc-n41" as="anc">
    <fs>
      <f name="type" value="FVG"/>
      <f name="tense" value="PrePer"/>
      <f name="voice" value="active"/>
    </fs>
  </a>
  <node xml:id="vc-n42"/>
  <a xml:id="vc-N66847" label="vchunk" ref="vc-n42" as="anc">
    <fs>
      <f name="type" value="MODAL"/>
      <f name="tense" value="none"/>
      <f name="voice" value="none"/>
    </fs>
  </a>
  <node xml:id="vc-n43"/>
  <a xml:id="vc-N66871" label="vchunk" ref="vc-n43" as="anc">
    <fs>
      <f name="type" value="FVG"/>
      <f name="tense" value="PrePer"/>
      <f name="voice" value="active"/>
    </fs>
  </a>
  <node xml:id="vc-n44"/>
  <a xml:id="vc-N66895" label="vchunk" ref="vc-n44" as="anc">
    <fs>
      <f name="type" value="FVG"/>
      <f name="tense" value="SimPre"/>
      <f name="voice" value="active"/>
    </fs>
  </a>
  <node xml:id="vc-n45"/>
  <a xml:id="vc-N66919" label="vchunk" ref="vc-n45" as="anc">
    <fs>
      <f name="type" value="FVG"/>
      <f name="tense" value="SimPre"/>
      <f name="voice" value="active"/>
    </fs>
  </a>
  <node xml:id="vc-n46"/>
  <a xml:id="vc-N66943" label="vchunk" ref="vc-n46" as="anc">
    <fs>
      <f name="type" value="FVG"/>
      <f name="tense" value="SimPre"/>
      <f name="voice" value="active"/>
    </fs>
  </a>
  <node xml:id="vc-n47"/>
  <a xml:id="vc-N66967" label="vchunk" ref="vc-n47" as="anc">
    <fs>
      <f name="type" value="SPECIAL"/>
      <f name="tense" value="Pre"/>
      <f name="voice" value="none"/>
    </fs>
  </a>
  <node xml:id="vc-n48"/>
  <a xml:id="vc-N66991" label="vchunk" ref="vc-n48" as="anc">
    <fs>
      <f name="type" value="FVG"/>
      <f name="tense" value="SimPre"/>
      <f name="voice" value="passive"/>
    </fs>
  </a>
  <node xml:id="vc-n49"/>
  <a xml:id="vc-N67015" label="vchunk" ref="vc-n49" as="anc">
    <fs>
      <f name="type" value="FVG"/>
      <f name="tense" value="SimPre"/>
      <f name="voice" value="active"/>
    </fs>
  </a>
  <node xml:id="vc-n5"/>
  <a xml:id="vc-N67039" label="vchunk" ref="vc-n5" as="anc">
    <fs>
      <f name="voice" value="active"/>
      <f name="type" value="PART"/>
      <f name="tense" value="Pre"/>
    </fs>
  </a>
  <node xml:id="vc-n50"/>
  <a xml:id="vc-N67063" label="vchunk" ref="vc-n50" as="anc">
    <fs>
      <f name="type" value="NFVG"/>
      <f name="tense" value="Inf"/>
      <f name="voice" value="active"/>
    </fs>
  </a>
  <node xml:id="vc-n51"/>
  <a xml:id="vc-N67087" label="vchunk" ref="vc-n51" as="anc">
    <fs>
      <f name="type" value="PART"/>
      <f name="tense" value="Pas"/>
      <f name="voice" value="none"/>
    </fs>
  </a>
  <node xml:id="vc-n52"/>
  <a xml:id="vc-N67111" label="vchunk" ref="vc-n52" as="anc">
    <fs>
      <f name="type" value="FVG"/>
      <f name="tense" value="SimPre"/>
      <f name="voice" value="active"/>
    </fs>
  </a>
  <node xml:id="vc-n53"/>
  <a xml:id="vc-N67135" label="vchunk" ref="vc-n53" as="anc">
    <fs>
      <f name="type" value="NFVG"/>
      <f name="tense" value="Inf"/>
      <f name="voice" value="active"/>
    </fs>
  </a>
  <node xml:id="vc-n54"/>
  <a xml:id="vc-N67159" label="vchunk" ref="vc-n54" as="anc">
    <fs>
      <f name="type" value="FVG"/>
      <f name="tense" value="SimPre"/>
      <f name="voice" value="active"/>
    </fs>
  </a>
  <node xml:id="vc-n55"/>
  <a xml:id="vc-N67183" label="vchunk" ref="vc-n55" as="anc">
    <fs>
      <f name="type" value="FVG"/>
      <f name="tense" value="SimPre"/>
      <f name="voice" value="active"/>
    </fs>
  </a>
  <node xml:id="vc-n56"/>
  <a xml:id="vc-N67207" label="vchunk" ref="vc-n56" as="anc">
    <fs>
      <f name="type" value="FVG"/>
      <f name="tense" value="SimPas"/>
      <f name="voice" value="active"/>
    </fs>
  </a>
  <node xml:id="vc-n57"/>
  <a xml:id="vc-N67231" label="vchunk" ref="vc-n57" as="anc">
    <fs>
      <f name="type" value="FVG"/>
      <f name="tense" value="SimPas"/>
      <f name="voice" value="active"/>
    </fs>
  </a>
  <node xml:id="vc-n58"/>
  <a xml:id="vc-N67255" label="vchunk" ref="vc-n58" as="anc">
    <fs>
      <f name="type" value="PART"/>
      <f name="tense" value="Pre"/>
      <f name="voice" value="active"/>
    </fs>
  </a>
  <node xml:id="vc-n59"/>
  <a xml:id="vc-N67279" label="vchunk" ref="vc-n59" as="anc">
    <fs>
      <f name="type" value="NFVG"/>
      <f name="tense" value="Inf"/>
      <f name="voice" value="active"/>
    </fs>
  </a>
  <node xml:id="vc-n6"/>
  <a xml:id="vc-N67303" label="vchunk" ref="vc-n6" as="anc">
    <fs>
      <f name="voice" value="active"/>
      <f name="type" value="FVG"/>
      <f name="tense" value="SimPas"/>
    </fs>
  </a>
  <node xml:id="vc-n60"/>
  <a xml:id="vc-N67327" label="vchunk" ref="vc-n60" as="anc">
    <fs>
      <f name="type" value="FVG"/>
      <f name="tense" value="SimPas"/>
      <f name="voice" value="active"/>
    </fs>
  </a>
  <node xml:id="vc-n61"/>
  <a xml:id="vc-N67351" label="vchunk" ref="vc-n61" as="anc">
    <fs>
      <f name="type" value="FVG"/>
      <f name="tense" value="SimPas"/>
      <f name="voice" value="passive"/>
    </fs>
  </a>
  <node xml:id="vc-n62"/>
  <a xml:id="vc-N67375" label="vchunk" ref="vc-n62" as="anc">
    <fs>
      <f name="type" value="FVG"/>
      <f name="tense" value="SimPas"/>
      <f name="voice" value="active"/>
    </fs>
  </a>
  <node xml:id="vc-n63"/>
  <a xml:id="vc-N67399" label="vchunk" ref="vc-n63" as="anc">
    <fs>
      <f name="type" value="FVG"/>
      <f name="tense" value="SimPre"/>
      <f name="voice" value="active"/>
    </fs>
  </a>
  <node xml:id="vc-n64"/>
  <a xml:id="vc-N67423" label="vchunk" ref="vc-n64" as="anc">
    <fs>
      <f name="type" value="NFVG"/>
      <f name="tense" value="Inf"/>
      <f name="voice" value="active"/>
    </fs>
  </a>
  <node xml:id="vc-n65"/>
  <a xml:id="vc-N67447" label="vchunk" ref="vc-n65" as="anc">
    <fs>
      <f name="type" value="FVG"/>
      <f name="tense" value="SimPre"/>
      <f name="voice" value="active"/>
    </fs>
  </a>
  <node xml:id="vc-n66"/>
  <a xml:id="vc-N67471" label="vchunk" ref="vc-n66" as="anc">
    <fs>
      <f name="type" value="PART"/>
      <f name="tense" value="Pre"/>
      <f name="voice" value="active"/>
    </fs>
  </a>
  <node xml:id="vc-n67"/>
  <a xml:id="vc-N67495" label="vchunk" ref="vc-n67" as="anc">
    <fs>
      <f name="type" value="FVG"/>
      <f name="tense" value="SimPre"/>
      <f name="voice" value="active"/>
    </fs>
  </a>
  <node xml:id="vc-n68"/>
  <a xml:id="vc-N67519" label="vchunk" ref="vc-n68" as="anc">
    <fs>
      <f name="type" value="FVG"/>
      <f name="tense" value="PrePer"/>
      <f name="voice" value="active"/>
    </fs>
  </a>
  <node xml:id="vc-n69"/>
  <a xml:id="vc-N67543" label="vchunk" ref="vc-n69" as="anc">
    <fs>
      <f name="type" value="FVG"/>
      <f name="tense" value="SimPas"/>
      <f name="voice" value="active"/>
    </fs>
  </a>
  <node xml:id="vc-n7"/>
  <a xml:id="vc-N67567" label="vchunk" ref="vc-n7" as="anc">
    <fs>
      <f name="type" value="FVG"/>
      <f name="tense" value="SimPas"/>
      <f name="voice" value="active"/>
    </fs>
  </a>
  <node xml:id="vc-n70"/>
  <a xml:id="vc-N67591" label="vchunk" ref="vc-n70" as="anc">
    <fs>
      <f name="type" value="PART"/>
      <f name="tense" value="Pre"/>
      <f name="voice" value="active"/>
    </fs>
  </a>
  <node xml:id="vc-n71"/>
  <a xml:id="vc-N67615" label="vchunk" ref="vc-n71" as="anc">
    <fs>
      <f name="type" value="FVG"/>
      <f name="tense" value="SimPre"/>
      <f name="voice" value="active"/>
    </fs>
  </a>
  <node xml:id="vc-n72"/>
  <a xml:id="vc-N67639" label="vchunk" ref="vc-n72" as="anc">
    <fs>
      <f name="type" value="FVG"/>
      <f name="tense" value="SimFut"/>
      <f name="voice" value="active"/>
    </fs>
  </a>
  <node xml:id="vc-n73"/>
  <a xml:id="vc-N67663" label="vchunk" ref="vc-n73" as="anc">
    <fs>
      <f name="type" value="FVG"/>
      <f name="tense" value="SimPas"/>
      <f name="voice" value="active"/>
    </fs>
  </a>
  <node xml:id="vc-n74"/>
  <a xml:id="vc-N67687" label="vchunk" ref="vc-n74" as="anc">
    <fs>
      <f name="type" value="PART"/>
      <f name="tense" value="Pre"/>
      <f name="voice" value="active"/>
    </fs>
  </a>
  <node xml:id="vc-n75"/>
  <a xml:id="vc-N67711" label="vchunk" ref="vc-n75" as="anc">
    <fs>
      <f name="voice" value="active"/>
      <f name="type" value="FVG"/>
      <f name="tense" value="SimPas"/>
    </fs>
  </a>
  <node xml:id="vc-n76"/>
  <a xml:id="vc-N67735" label="vchunk" ref="vc-n76" as="anc">
    <fs>
      <f name="type" value="FVG"/>
      <f name="tense" value="SimPas"/>
      <f name="voice" value="active"/>
    </fs>
  </a>
  <node xml:id="vc-n77"/>
  <a xml:id="vc-N67759" label="vchunk" ref="vc-n77" as="anc">
    <fs>
      <f name="type" value="MODAL"/>
      <f name="tense" value="none"/>
      <f name="voice" value="none"/>
    </fs>
  </a>
  <node xml:id="vc-n78"/>
  <a xml:id="vc-N67783" label="vchunk" ref="vc-n78" as="anc">
    <fs>
      <f name="type" value="MODAL"/>
      <f name="tense" value="none"/>
      <f name="voice" value="none"/>
    </fs>
  </a>
  <node xml:id="vc-n79"/>
  <a xml:id="vc-N67807" label="vchunk" ref="vc-n79" as="anc">
    <fs>
      <f name="type" value="FVG"/>
      <f name="tense" value="SimPas"/>
      <f name="voice" value="active"/>
    </fs>
  </a>
  <node xml:id="vc-n8"/>
  <a xml:id="vc-N67831" label="vchunk" ref="vc-n8" as="anc">
    <fs>
      <f name="type" value="NFVG"/>
      <f name="tense" value="Inf"/>
      <f name="voice" value="active"/>
    </fs>
  </a>
  <node xml:id="vc-n80"/>
  <a xml:id="vc-N67855" label="vchunk" ref="vc-n80" as="anc">
    <fs>
      <f name="type" value="MODAL"/>
      <f name="tense" value="none"/>
      <f name="voice" value="none"/>
    </fs>
  </a>
  <node xml:id="vc-n81"/>
  <a xml:id="vc-N67879" label="vchunk" ref="vc-n81" as="anc">
    <fs>
      <f name="type" value="NFVG"/>
      <f name="tense" value="Inf"/>
      <f name="voice" value="active"/>
    </fs>
  </a>
  <node xml:id="vc-n82"/>
  <a xml:id="vc-N67903" label="vchunk" ref="vc-n82" as="anc">
    <fs>
      <f name="type" value="FVG"/>
      <f name="tense" value="PreCon"/>
      <f name="voice" value="active"/>
    </fs>
  </a>
  <node xml:id="vc-n83"/>
  <a xml:id="vc-N67927" label="vchunk" ref="vc-n83" as="anc">
    <fs>
      <f name="type" value="FVG"/>
      <f name="tense" value="SimPre"/>
      <f name="voice" value="active"/>
    </fs>
  </a>
  <node xml:id="vc-n84"/>
  <a xml:id="vc-N67951" label="vchunk" ref="vc-n84" as="anc">
    <fs>
      <f name="type" value="FVG"/>
      <f name="tense" value="SimPre"/>
      <f name="voice" value="active"/>
    </fs>
  </a>
  <node xml:id="vc-n85"/>
  <a xml:id="vc-N67975" label="vchunk" ref="vc-n85" as="anc">
    <fs>
      <f name="type" value="FVG"/>
      <f name="tense" value="SimPre"/>
      <f name="voice" value="active"/>
    </fs>
  </a>
  <node xml:id="vc-n86"/>
  <a xml:id="vc-N67999" label="vchunk" ref="vc-n86" as="anc">
    <fs>
      <f name="type" value="FVG"/>
      <f name="tense" value="PasPer"/>
      <f name="voice" value="active"/>
    </fs>
  </a>
  <node xml:id="vc-n87"/>
  <a xml:id="vc-N68023" label="vchunk" ref="vc-n87" as="anc">
    <fs>
      <f name="type" value="FVG"/>
      <f name="tense" value="PasPer"/>
      <f name="voice" value="active"/>
    </fs>
  </a>
  <node xml:id="vc-n88"/>
  <a xml:id="vc-N68047" label="vchunk" ref="vc-n88" as="anc">
    <fs>
      <f name="type" value="FVG"/>
      <f name="tense" value="SimPas"/>
      <f name="voice" value="active"/>
    </fs>
  </a>
  <node xml:id="vc-n89"/>
  <a xml:id="vc-N68071" label="vchunk" ref="vc-n89" as="anc">
    <fs>
      <f name="type" value="FVG"/>
      <f name="tense" value="SimPas"/>
      <f name="voice" value="active"/>
    </fs>
  </a>
  <node xml:id="vc-n9"/>
  <a xml:id="vc-N68095" label="vchunk" ref="vc-n9" as="anc">
    <fs>
      <f name="type" value="FVG"/>
      <f name="tense" value="PasPer"/>
      <f name="voice" value="active"/>
    </fs>
  </a>
  <node xml:id="vc-n90"/>
  <a xml:id="vc-N68119" label="vchunk" ref="vc-n90" as="anc">
    <fs>
      <f name="type" value="PART"/>
      <f name="tense" value="Pre"/>
      <f name="voice" value="active"/>
    </fs>
  </a>
  <node xml:id="vc-n91"/>
  <a xml:id="vc-N68143" label="vchunk" ref="vc-n91" as="anc">
    <fs>
      <f name="type" value="FVG"/>
      <f name="tense" value="SimPas"/>
      <f name="voice" value="active"/>
    </fs>
  </a>
  <node xml:id="vc-n92"/>
  <a xml:id="vc-N68167" label="vchunk" ref="vc-n92" as="anc">
    <fs>
      <f name="type" value="FVG"/>
      <f name="tense" value="SimPas"/>
      <f name="voice" value="active"/>
    </fs>
  </a>
  <node xml:id="vc-n93"/>
  <a xml:id="vc-N68191" label="vchunk" ref="vc-n93" as="anc">
    <fs>
      <f name="type" value="NFVG"/>
      <f name="tense" value="Inf"/>
      <f name="voice" value="active"/>
    </fs>
  </a>
  <node xml:id="vc-n94"/>
  <a xml:id="vc-N68215" label="vchunk" ref="vc-n94" as="anc">
    <fs>
      <f name="type" value="NFVG"/>
      <f name="tense" value="Inf"/>
      <f name="voice" value="passive"/>
    </fs>
  </a>
  <node xml:id="vc-n95"/>
  <a xml:id="vc-N68239" label="vchunk" ref="vc-n95" as="anc">
    <fs>
      <f name="type" value="FVG"/>
      <f name="tense" value="PreCon"/>
      <f name="voice" value="active"/>
      <f name="neg" value="yes"/>
    </fs>
  </a>
  <node xml:id="vc-n96"/>
  <a xml:id="vc-N68267" label="vchunk" ref="vc-n96" as="anc">
    <fs>
      <f name="voice" value="active"/>
      <f name="type" value="FVG"/>
      <f name="tense" value="SimPas"/>
    </fs>
  </a>
  <node xml:id="vc-n97"/>
  <a xml:id="vc-N68291" label="vchunk" ref="vc-n97" as="anc">
    <fs>
      <f name="voice" value="active"/>
      <f name="type" value="FVG"/>
      <f name="tense" value="SimPas"/>
    </fs>
  </a>
  <node xml:id="vc-n98"/>
  <a xml:id="vc-N68315" label="vchunk" ref="vc-n98" as="anc">
    <fs>
      <f name="type" value="FVG"/>
      <f name="tense" value="SimPas"/>
      <f name="voice" value="active"/>
    </fs>
  </a>
  <node xml:id="vc-n99"/>
  <a xml:id="vc-N68339" label="vchunk" ref="vc-n99" as="anc">
    <fs>
      <f name="type" value="FVG"/>
      <f name="tense" value="SimPas"/>
      <f name="voice" value="active"/>
    </fs>
  </a>
  <edge xml:id="vc-lnk99" from="vc-n60" to="penn-n477"/>
  <edge xml:id="vc-lnk98" from="vc-n59" to="penn-n470"/>
  <edge xml:id="vc-lnk97" from="vc-n59" to="penn-n469"/>
  <edge xml:id="vc-lnk96" from="vc-n58" to="penn-n465"/>
  <edge xml:id="vc-lnk95" from="vc-n58" to="penn-n464"/>
  <edge xml:id="vc-lnk94" from="vc-n58" to="penn-n463"/>
  <edge xml:id="vc-lnk93" from="vc-n58" to="penn-n462"/>
  <edge xml:id="vc-lnk92" from="vc-n57" to="penn-n460"/>
  <edge xml:id="vc-lnk129" from="vc-n75" to="penn-n551"/>
  <edge xml:id="vc-lnk91" from="vc-n56" to="penn-n455"/>
  <edge xml:id="vc-lnk128" from="vc-n74" to="penn-n544"/>
  <edge xml:id="vc-lnk90" from="vc-n55" to="penn-n450"/>
  <edge xml:id="vc-lnk127" from="vc-n73" to="penn-n543"/>
  <edge xml:id="vc-lnk126" from="vc-n72" to="penn-n539"/>
  <edge xml:id="vc-lnk125" from="vc-n72" to="penn-n538"/>
  <edge xml:id="vc-lnk124" from="vc-n72" to="penn-n537"/>
  <edge xml:id="vc-lnk123" from="vc-n71" to="penn-n531"/>
  <edge xml:id="vc-lnk122" from="vc-n70" to="penn-n523"/>
  <edge xml:id="vc-lnk121" from="vc-n70" to="penn-n522"/>
  <edge xml:id="vc-lnk120" from="vc-n69" to="penn-n520"/>
  <edge xml:id="vc-lnk89" from="vc-n54" to="penn-n437"/>
  <edge xml:id="vc-lnk88" from="vc-n54" to="penn-n436"/>
  <edge xml:id="vc-lnk87" from="vc-n53" to="penn-n431"/>
  <edge xml:id="vc-lnk86" from="vc-n53" to="penn-n430"/>
  <edge xml:id="vc-lnk85" from="vc-n53" to="penn-n429"/>
  <edge xml:id="vc-lnk84" from="vc-n53" to="penn-n428"/>
  <edge xml:id="vc-lnk83" from="vc-n52" to="penn-n427"/>
  <edge xml:id="vc-lnk82" from="vc-n51" to="penn-n422"/>
  <edge xml:id="vc-lnk119" from="vc-n68" to="penn-n514"/>
  <edge xml:id="vc-lnk81" from="vc-n50" to="penn-n419"/>
  <edge xml:id="vc-lnk118" from="vc-n68" to="penn-n513"/>
  <edge xml:id="vc-lnk80" from="vc-n50" to="penn-n418"/>
  <edge xml:id="vc-lnk117" from="vc-n67" to="penn-n511"/>
  <edge xml:id="vc-lnk116" from="vc-n66" to="penn-n506"/>
  <edge xml:id="vc-lnk115" from="vc-n65" to="penn-n505"/>
  <edge xml:id="vc-lnk114" from="vc-n65" to="penn-n504"/>
  <edge xml:id="vc-lnk113" from="vc-n65" to="penn-n503"/>
  <edge xml:id="vc-lnk112" from="vc-n64" to="penn-n499"/>
  <edge xml:id="vc-lnk111" from="vc-n64" to="penn-n498"/>
  <edge xml:id="vc-lnk110" from="vc-n63" to="penn-n496"/>
  <edge xml:id="vc-lnk79" from="vc-n49" to="penn-n417"/>
  <edge xml:id="vc-lnk78" from="vc-n49" to="penn-n416"/>
  <edge xml:id="vc-lnk77" from="vc-n48" to="penn-n410"/>
  <edge xml:id="vc-lnk76" from="vc-n48" to="penn-n409"/>
  <edge xml:id="vc-lnk75" from="vc-n48" to="penn-n408"/>
  <edge xml:id="vc-lnk74" from="vc-n47" to="penn-n402"/>
  <edge xml:id="vc-lnk73" from="vc-n47" to="penn-n401"/>
  <edge xml:id="vc-lnk72" from="vc-n47" to="penn-n400"/>
  <edge xml:id="vc-lnk109" from="vc-n62" to="penn-n493"/>
  <edge xml:id="vc-lnk71" from="vc-n46" to="penn-n394"/>
  <edge xml:id="vc-lnk108" from="vc-n62" to="penn-n492"/>
  <edge xml:id="vc-lnk70" from="vc-n45" to="penn-n390"/>
  <edge xml:id="vc-lnk107" from="vc-n62" to="penn-n491"/>
  <edge xml:id="vc-lnk106" from="vc-n62" to="penn-n490"/>
  <edge xml:id="vc-lnk105" from="vc-n61" to="penn-n486"/>
  <edge xml:id="vc-lnk104" from="vc-n61" to="penn-n485"/>
  <edge xml:id="vc-lnk103" from="vc-n61" to="penn-n484"/>
  <edge xml:id="vc-lnk102" from="vc-n60" to="penn-n480"/>
  <edge xml:id="vc-lnk101" from="vc-n60" to="penn-n479"/>
  <edge xml:id="vc-lnk100" from="vc-n60" to="penn-n478"/>
  <edge xml:id="vc-lnk69" from="vc-n45" to="penn-n389"/>
  <edge xml:id="vc-lnk68" from="vc-n45" to="penn-n388"/>
  <edge xml:id="vc-lnk67" from="vc-n44" to="penn-n377"/>
  <edge xml:id="vc-lnk66" from="vc-n43" to="penn-n372"/>
  <edge xml:id="vc-lnk65" from="vc-n43" to="penn-n371"/>
  <edge xml:id="vc-lnk64" from="vc-n42" to="penn-n367"/>
  <edge xml:id="vc-lnk63" from="vc-n42" to="penn-n366"/>
  <edge xml:id="vc-lnk62" from="vc-n41" to="penn-n357"/>
  <edge xml:id="vc-lnk61" from="vc-n41" to="penn-n356"/>
  <edge xml:id="vc-lnk60" from="vc-n40" to="penn-n330"/>
  <edge xml:id="vc-lnk59" from="vc-n39" to="penn-n319"/>
  <edge xml:id="vc-lnk58" from="vc-n38" to="penn-n313"/>
  <edge xml:id="vc-lnk57" from="vc-n37" to="penn-n308"/>
  <edge xml:id="vc-lnk56" from="vc-n37" to="penn-n307"/>
  <edge xml:id="vc-lnk55" from="vc-n36" to="penn-n287"/>
  <edge xml:id="vc-lnk54" from="vc-n35" to="penn-n280"/>
  <edge xml:id="vc-lnk53" from="vc-n34" to="penn-n279"/>
  <edge xml:id="vc-lnk52" from="vc-n33" to="penn-n271"/>
  <edge xml:id="vc-lnk51" from="vc-n33" to="penn-n270"/>
  <edge xml:id="vc-lnk50" from="vc-n32" to="penn-n265"/>
  <edge xml:id="vc-lnk49" from="vc-n31" to="penn-n262"/>
  <edge xml:id="vc-lnk48" from="vc-n31" to="penn-n261"/>
  <edge xml:id="vc-lnk47" from="vc-n30" to="penn-n253"/>
  <edge xml:id="vc-lnk46" from="vc-n30" to="penn-n252"/>
  <edge xml:id="vc-lnk45" from="vc-n29" to="penn-n243"/>
  <edge xml:id="vc-lnk44" from="vc-n29" to="penn-n242"/>
  <edge xml:id="vc-lnk43" from="vc-n28" to="penn-n241"/>
  <edge xml:id="vc-lnk42" from="vc-n27" to="penn-n229"/>
  <edge xml:id="vc-lnk41" from="vc-n26" to="penn-n227"/>
  <edge xml:id="vc-lnk40" from="vc-n25" to="penn-n225"/>
  <edge xml:id="vc-lnk193" from="vc-n115" to="penn-n809"/>
  <edge xml:id="vc-lnk192" from="vc-n114" to="penn-n798"/>
  <edge xml:id="vc-lnk191" from="vc-n114" to="penn-n797"/>
  <edge xml:id="vc-lnk190" from="vc-n113" to="penn-n795"/>
  <edge xml:id="vc-lnk39" from="vc-n24" to="penn-n219"/>
  <edge xml:id="vc-lnk38" from="vc-n23" to="penn-n208"/>
  <edge xml:id="vc-lnk37" from="vc-n23" to="penn-n207"/>
  <edge xml:id="vc-lnk36" from="vc-n23" to="penn-n206"/>
  <edge xml:id="vc-lnk35" from="vc-n22" to="penn-n203"/>
  <edge xml:id="vc-lnk34" from="vc-n22" to="penn-n202"/>
  <edge xml:id="vc-lnk33" from="vc-n21" to="penn-n189"/>
  <edge xml:id="vc-lnk32" from="vc-n20" to="penn-n181"/>
  <edge xml:id="vc-lnk31" from="vc-n19" to="penn-n163"/>
  <edge xml:id="vc-lnk30" from="vc-n18" to="penn-n153"/>
  <edge xml:id="vc-lnk189" from="vc-n112" to="penn-n787"/>
  <edge xml:id="vc-lnk188" from="vc-n112" to="penn-n786"/>
  <edge xml:id="vc-lnk187" from="vc-n111" to="penn-n782"/>
  <edge xml:id="vc-lnk186" from="vc-n110" to="penn-n777"/>
  <edge xml:id="vc-lnk185" from="vc-n109" to="penn-n770"/>
  <edge xml:id="vc-lnk184" from="vc-n109" to="penn-n769"/>
  <edge xml:id="vc-lnk183" from="vc-n108" to="penn-n756"/>
  <edge xml:id="vc-lnk182" from="vc-n107" to="penn-n752"/>
  <edge xml:id="vc-lnk181" from="vc-n107" to="penn-n751"/>
  <edge xml:id="vc-lnk180" from="vc-n106" to="penn-n746"/>
  <edge xml:id="vc-lnk29" from="vc-n17" to="penn-n151"/>
  <edge xml:id="vc-lnk28" from="vc-n17" to="penn-n150"/>
  <edge xml:id="vc-lnk27" from="vc-n16" to="penn-n144"/>
  <edge xml:id="vc-lnk26" from="vc-n15" to="penn-n118"/>
  <edge xml:id="vc-lnk25" from="vc-n14" to="penn-n110"/>
  <edge xml:id="vc-lnk24" from="vc-n14" to="penn-n109"/>
  <edge xml:id="vc-lnk23" from="vc-n13" to="penn-n104"/>
  <edge xml:id="vc-lnk22" from="vc-n12" to="penn-n96"/>
  <edge xml:id="vc-lnk21" from="vc-n12" to="penn-n95"/>
  <edge xml:id="vc-lnk20" from="vc-n12" to="penn-n94"/>
  <edge xml:id="vc-lnk179" from="vc-n106" to="penn-n745"/>
  <edge xml:id="vc-lnk178" from="vc-n105" to="penn-n743"/>
  <edge xml:id="vc-lnk177" from="vc-n105" to="penn-n742"/>
  <edge xml:id="vc-lnk176" from="vc-n105" to="penn-n741"/>
  <edge xml:id="vc-lnk175" from="vc-n104" to="penn-n735"/>
  <edge xml:id="vc-lnk174" from="vc-n103" to="penn-n733"/>
  <edge xml:id="vc-lnk173" from="vc-n103" to="penn-n732"/>
  <edge xml:id="vc-lnk172" from="vc-n102" to="penn-n726"/>
  <edge xml:id="vc-lnk171" from="vc-n101" to="penn-n723"/>
  <edge xml:id="vc-lnk170" from="vc-n101" to="penn-n722"/>
  <edge xml:id="vc-lnk19" from="vc-n12" to="penn-n93"/>
  <edge xml:id="vc-lnk18" from="vc-n11" to="penn-n90"/>
  <edge xml:id="vc-lnk17" from="vc-n10" to="penn-n81"/>
  <edge xml:id="vc-lnk16" from="vc-n10" to="penn-n80"/>
  <edge xml:id="vc-lnk15" from="vc-n9" to="penn-n75"/>
  <edge xml:id="vc-lnk14" from="vc-n9" to="penn-n74"/>
  <edge xml:id="vc-lnk13" from="vc-n8" to="penn-n67"/>
  <edge xml:id="vc-lnk12" from="vc-n8" to="penn-n66"/>
  <edge xml:id="vc-lnk11" from="vc-n7" to="penn-n63"/>
  <edge xml:id="vc-lnk10" from="vc-n6" to="penn-n58"/>
  <edge xml:id="vc-lnk169" from="vc-n101" to="penn-n721"/>
  <edge xml:id="vc-lnk168" from="vc-n100" to="penn-n708"/>
  <edge xml:id="vc-lnk167" from="vc-n100" to="penn-n707"/>
  <edge xml:id="vc-lnk166" from="vc-n99" to="penn-n706"/>
  <edge xml:id="vc-lnk165" from="vc-n98" to="penn-n703"/>
  <edge xml:id="vc-lnk164" from="vc-n98" to="penn-n702"/>
  <edge xml:id="vc-lnk9" from="vc-n6" to="penn-n57"/>
  <edge xml:id="vc-lnk163" from="vc-n97" to="penn-n696"/>
  <edge xml:id="vc-lnk8" from="vc-n5" to="penn-n53"/>
  <edge xml:id="vc-lnk162" from="vc-n97" to="penn-n695"/>
  <edge xml:id="vc-lnk7" from="vc-n4" to="penn-n52"/>
  <edge xml:id="vc-lnk161" from="vc-n96" to="penn-n691"/>
  <edge xml:id="vc-lnk6" from="vc-n3" to="penn-n33"/>
  <edge xml:id="vc-lnk160" from="vc-n96" to="penn-n690"/>
  <edge xml:id="vc-lnk5" from="vc-n3" to="penn-n32"/>
  <edge xml:id="vc-lnk4" from="vc-n2" to="penn-n27"/>
  <edge xml:id="vc-lnk3" from="vc-n1" to="penn-n12"/>
  <edge xml:id="vc-lnk2" from="vc-n1" to="penn-n11"/>
  <edge xml:id="vc-lnk1" from="vc-n0" to="penn-n1"/>
  <edge xml:id="vc-lnk0" from="vc-n0" to="penn-n0"/>
  <edge xml:id="vc-lnk159" from="vc-n95" to="penn-n684"/>
  <edge xml:id="vc-lnk158" from="vc-n95" to="penn-n683"/>
  <edge xml:id="vc-lnk157" from="vc-n95" to="penn-n682"/>
  <edge xml:id="vc-lnk156" from="vc-n94" to="penn-n676"/>
  <edge xml:id="vc-lnk155" from="vc-n94" to="penn-n675"/>
  <edge xml:id="vc-lnk154" from="vc-n94" to="penn-n674"/>
  <edge xml:id="vc-lnk153" from="vc-n93" to="penn-n670"/>
  <edge xml:id="vc-lnk152" from="vc-n93" to="penn-n669"/>
  <edge xml:id="vc-lnk151" from="vc-n92" to="penn-n663"/>
  <edge xml:id="vc-lnk150" from="vc-n91" to="penn-n655"/>
  <edge xml:id="vc-lnk149" from="vc-n90" to="penn-n653"/>
  <edge xml:id="vc-lnk148" from="vc-n89" to="penn-n652"/>
  <edge xml:id="vc-lnk147" from="vc-n88" to="penn-n644"/>
  <edge xml:id="vc-lnk146" from="vc-n87" to="penn-n630"/>
  <edge xml:id="vc-lnk145" from="vc-n86" to="penn-n628"/>
  <edge xml:id="vc-lnk144" from="vc-n85" to="penn-n612"/>
  <edge xml:id="vc-lnk143" from="vc-n84" to="penn-n608"/>
  <edge xml:id="vc-lnk142" from="vc-n83" to="penn-n604"/>
  <edge xml:id="vc-lnk141" from="vc-n82" to="penn-n598"/>
  <edge xml:id="vc-lnk140" from="vc-n82" to="penn-n597"/>
  <edge xml:id="vc-lnk139" from="vc-n81" to="penn-n590"/>
  <edge xml:id="vc-lnk138" from="vc-n81" to="penn-n589"/>
  <edge xml:id="vc-lnk137" from="vc-n80" to="penn-n588"/>
  <edge xml:id="vc-lnk136" from="vc-n80" to="penn-n587"/>
  <edge xml:id="vc-lnk135" from="vc-n79" to="penn-n574"/>
  <edge xml:id="vc-lnk134" from="vc-n78" to="penn-n564"/>
  <edge xml:id="vc-lnk133" from="vc-n77" to="penn-n559"/>
  <edge xml:id="vc-lnk132" from="vc-n77" to="penn-n558"/>
  <edge xml:id="vc-lnk131" from="vc-n76" to="penn-n555"/>
  <edge xml:id="vc-lnk130" from="vc-n75" to="penn-n552"/>
</graph>
