<graph xmlns="http://www.xces.org/ns/GrAF/1.0/" xmlns:graf="http://www.xces.org/ns/GrAF/1.0/">
  <graphHeader>
    <labelsDecl>
      <labelUsage label="Head" occurs="5"/>
      <labelUsage label="s" occurs="80"/>
      <labelUsage label="q" occurs="2"/>
    </labelsDecl>
    <annotationSpaces>
      <annotationSpace as.id="anc"/>
    </annotationSpaces>
  </graphHeader>
  <region xml:id="s-r0" anchors="4 59"/>
  <node xml:id="s-n0">
    <link targets="s-r0"/>
  </node>
  <a xml:id="s-N65577" label="Head" ref="s-n0" as="anc"/>
  <region xml:id="s-r1" anchors="61 74"/>
  <node xml:id="s-n1">
    <link targets="s-r1"/>
  </node>
  <a xml:id="s-N65593" label="s" ref="s-n1" as="anc"/>
  <region xml:id="s-r2" anchors="76 138"/>
  <node xml:id="s-n2">
    <link targets="s-r2"/>
  </node>
  <a xml:id="s-N65609" label="s" ref="s-n2" as="anc"/>
  <region xml:id="s-r3" anchors="139 226"/>
  <node xml:id="s-n3">
    <link targets="s-r3"/>
  </node>
  <a xml:id="s-N65625" label="s" ref="s-n3" as="anc"/>
  <region xml:id="s-r4" anchors="228 266"/>
  <node xml:id="s-n4">
    <link targets="s-r4"/>
  </node>
  <a xml:id="s-N65641" label="s" ref="s-n4" as="anc"/>
  <region xml:id="s-r5" anchors="267 320"/>
  <node xml:id="s-n5">
    <link targets="s-r5"/>
  </node>
  <a xml:id="s-N65657" label="s" ref="s-n5" as="anc"/>
  <region xml:id="s-r6" anchors="321 411"/>
  <node xml:id="s-n6">
    <link targets="s-r6"/>
  </node>
  <a xml:id="s-N65673" label="s" ref="s-n6" as="anc"/>
  <region xml:id="s-r7" anchors="412 548"/>
  <node xml:id="s-n7">
    <link targets="s-r7"/>
  </node>
  <a xml:id="s-N65689" label="s" ref="s-n7" as="anc"/>
  <region xml:id="s-r8" anchors="549 635"/>
  <node xml:id="s-n8">
    <link targets="s-r8"/>
  </node>
  <a xml:id="s-N65705" label="s" ref="s-n8" as="anc"/>
  <region xml:id="s-r9" anchors="636 786"/>
  <node xml:id="s-n9">
    <link targets="s-r9"/>
  </node>
  <a xml:id="s-N65721" label="s" ref="s-n9" as="anc"/>
  <region xml:id="s-r10" anchors="787 868"/>
  <node xml:id="s-n10">
    <link targets="s-r10"/>
  </node>
  <a xml:id="s-N65737" label="s" ref="s-n10" as="anc"/>
  <region xml:id="s-r11" anchors="869 910"/>
  <node xml:id="s-n11">
    <link targets="s-r11"/>
  </node>
  <a xml:id="s-N65753" label="s" ref="s-n11" as="anc"/>
  <region xml:id="s-r12" anchors="911 1003"/>
  <node xml:id="s-n12">
    <link targets="s-r12"/>
  </node>
  <a xml:id="s-N65769" label="s" ref="s-n12" as="anc"/>
  <region xml:id="s-r13" anchors="1004 1090"/>
  <node xml:id="s-n13">
    <link targets="s-r13"/>
  </node>
  <a xml:id="s-N65785" label="s" ref="s-n13" as="anc"/>
  <region xml:id="s-r14" anchors="1091 1222"/>
  <node xml:id="s-n14">
    <link targets="s-r14"/>
  </node>
  <a xml:id="s-N65801" label="s" ref="s-n14" as="anc"/>
  <region xml:id="s-r15" anchors="1223 1312"/>
  <node xml:id="s-n15">
    <link targets="s-r15"/>
  </node>
  <a xml:id="s-N65817" label="s" ref="s-n15" as="anc"/>
  <region xml:id="s-r16" anchors="1313 1423"/>
  <node xml:id="s-n16">
    <link targets="s-r16"/>
  </node>
  <a xml:id="s-N65833" label="s" ref="s-n16" as="anc"/>
  <region xml:id="s-r17" anchors="1424 1512"/>
  <node xml:id="s-n17">
    <link targets="s-r17"/>
  </node>
  <a xml:id="s-N65849" label="s" ref="s-n17" as="anc"/>
  <region xml:id="s-r18" anchors="1513 1620"/>
  <node xml:id="s-n18">
    <link targets="s-r18"/>
  </node>
  <a xml:id="s-N65865" label="s" ref="s-n18" as="anc"/>
  <region xml:id="s-r19" anchors="1621 1843"/>
  <node xml:id="s-n19">
    <link targets="s-r19"/>
  </node>
  <a xml:id="s-N65881" label="s" ref="s-n19" as="anc"/>
  <region xml:id="s-r20" anchors="1845 1940"/>
  <node xml:id="s-n20">
    <link targets="s-r20"/>
  </node>
  <a xml:id="s-N65897" label="s" ref="s-n20" as="anc"/>
  <region xml:id="s-r21" anchors="1941 1975"/>
  <node xml:id="s-n21">
    <link targets="s-r21"/>
  </node>
  <a xml:id="s-N65913" label="s" ref="s-n21" as="anc"/>
  <region xml:id="s-r22" anchors="1976 1988"/>
  <node xml:id="s-n22">
    <link targets="s-r22"/>
  </node>
  <a xml:id="s-N65929" label="s" ref="s-n22" as="anc"/>
  <region xml:id="s-r23" anchors="1990 2111"/>
  <node xml:id="s-n23">
    <link targets="s-r23"/>
  </node>
  <a xml:id="s-N65945" label="s" ref="s-n23" as="anc"/>
  <region xml:id="s-r24" anchors="2112 2187"/>
  <node xml:id="s-n24">
    <link targets="s-r24"/>
  </node>
  <a xml:id="s-N65961" label="s" ref="s-n24" as="anc"/>
  <region xml:id="s-r25" anchors="2188 2353"/>
  <node xml:id="s-n25">
    <link targets="s-r25"/>
  </node>
  <a xml:id="s-N65977" label="s" ref="s-n25" as="anc"/>
  <region xml:id="s-r26" anchors="2356 2558"/>
  <node xml:id="s-n26">
    <link targets="s-r26"/>
  </node>
  <a xml:id="s-N65993" label="s" ref="s-n26" as="anc"/>
  <region xml:id="s-r27" anchors="2559 2592"/>
  <node xml:id="s-n27">
    <link targets="s-r27"/>
  </node>
  <a xml:id="s-N66009" label="s" ref="s-n27" as="anc"/>
  <region xml:id="s-r28" anchors="2593 2652"/>
  <node xml:id="s-n28">
    <link targets="s-r28"/>
  </node>
  <a xml:id="s-N66025" label="s" ref="s-n28" as="anc"/>
  <region xml:id="s-r29" anchors="2653 2725"/>
  <node xml:id="s-n29">
    <link targets="s-r29"/>
  </node>
  <a xml:id="s-N66041" label="s" ref="s-n29" as="anc"/>
  <region xml:id="s-r30" anchors="2726 2850"/>
  <node xml:id="s-n30">
    <link targets="s-r30"/>
  </node>
  <a xml:id="s-N66057" label="s" ref="s-n30" as="anc"/>
  <region xml:id="s-r31" anchors="2852 2905"/>
  <node xml:id="s-n31">
    <link targets="s-r31"/>
  </node>
  <a xml:id="s-N66073" label="s" ref="s-n31" as="anc"/>
  <region xml:id="s-r32" anchors="2906 2994"/>
  <node xml:id="s-n32">
    <link targets="s-r32"/>
  </node>
  <a xml:id="s-N66089" label="s" ref="s-n32" as="anc"/>
  <region xml:id="s-r33" anchors="2995 3124"/>
  <node xml:id="s-n33">
    <link targets="s-r33"/>
  </node>
  <a xml:id="s-N66105" label="s" ref="s-n33" as="anc"/>
  <region xml:id="s-r34" anchors="3125 3201"/>
  <node xml:id="s-n34">
    <link targets="s-r34"/>
  </node>
  <a xml:id="s-N66121" label="s" ref="s-n34" as="anc"/>
  <region xml:id="s-r35" anchors="3202 3250"/>
  <node xml:id="s-n35">
    <link targets="s-r35"/>
  </node>
  <a xml:id="s-N66137" label="s" ref="s-n35" as="anc"/>
  <region xml:id="s-r36" anchors="3251 3453"/>
  <node xml:id="s-n36">
    <link targets="s-r36"/>
  </node>
  <a xml:id="s-N66153" label="s" ref="s-n36" as="anc"/>
  <region xml:id="s-r37" anchors="3455 3597"/>
  <node xml:id="s-n37">
    <link targets="s-r37"/>
  </node>
  <a xml:id="s-N66169" label="s" ref="s-n37" as="anc"/>
  <region xml:id="s-r38" anchors="3598 3669"/>
  <node xml:id="s-n38">
    <link targets="s-r38"/>
  </node>
  <a xml:id="s-N66185" label="s" ref="s-n38" as="anc"/>
  <region xml:id="s-r39" anchors="3670 3701"/>
  <node xml:id="s-n39">
    <link targets="s-r39"/>
  </node>
  <a xml:id="s-N66201" label="s" ref="s-n39" as="anc"/>
  <region xml:id="s-r40" anchors="3670 3691"/>
  <node xml:id="s-n40">
    <link targets="s-r40"/>
  </node>
  <a xml:id="s-N66217" label="q" ref="s-n40" as="anc"/>
  <region xml:id="s-r42" anchors="3702 3746"/>
  <node xml:id="s-n42">
    <link targets="s-r42"/>
  </node>
  <a xml:id="s-N66233" label="q" ref="s-n42" as="anc"/>
  <region xml:id="s-r41" anchors="3702 3746"/>
  <node xml:id="s-n41">
    <link targets="s-r41"/>
  </node>
  <a xml:id="s-N66249" label="s" ref="s-n41" as="anc"/>
  <region xml:id="s-r43" anchors="3747 3800"/>
  <node xml:id="s-n43">
    <link targets="s-r43"/>
  </node>
  <a xml:id="s-N66265" label="s" ref="s-n43" as="anc"/>
  <region xml:id="s-r44" anchors="3801 3886"/>
  <node xml:id="s-n44">
    <link targets="s-r44"/>
  </node>
  <a xml:id="s-N66281" label="s" ref="s-n44" as="anc"/>
  <region xml:id="s-r45" anchors="3887 4010"/>
  <node xml:id="s-n45">
    <link targets="s-r45"/>
  </node>
  <a xml:id="s-N66297" label="s" ref="s-n45" as="anc"/>
  <region xml:id="s-r46" anchors="4011 4129"/>
  <node xml:id="s-n46">
    <link targets="s-r46"/>
  </node>
  <a xml:id="s-N66313" label="s" ref="s-n46" as="anc"/>
  <region xml:id="s-r47" anchors="4130 4194"/>
  <node xml:id="s-n47">
    <link targets="s-r47"/>
  </node>
  <a xml:id="s-N66329" label="s" ref="s-n47" as="anc"/>
  <region xml:id="s-r48" anchors="4195 4224"/>
  <node xml:id="s-n48">
    <link targets="s-r48"/>
  </node>
  <a xml:id="s-N66345" label="Head" ref="s-n48" as="anc">
    <fs>
      <f name="type" value="subhead"/>
    </fs>
  </a>
  <region xml:id="s-r49" anchors="4225 4289"/>
  <node xml:id="s-n49">
    <link targets="s-r49"/>
  </node>
  <a xml:id="s-N66369" label="s" ref="s-n49" as="anc"/>
  <region xml:id="s-r50" anchors="4290 4315"/>
  <node xml:id="s-n50">
    <link targets="s-r50"/>
  </node>
  <a xml:id="s-N66385" label="s" ref="s-n50" as="anc"/>
  <region xml:id="s-r51" anchors="4316 4386"/>
  <node xml:id="s-n51">
    <link targets="s-r51"/>
  </node>
  <a xml:id="s-N66401" label="s" ref="s-n51" as="anc"/>
  <region xml:id="s-r52" anchors="4387 4453"/>
  <node xml:id="s-n52">
    <link targets="s-r52"/>
  </node>
  <a xml:id="s-N66417" label="s" ref="s-n52" as="anc"/>
  <region xml:id="s-r53" anchors="4454 4507"/>
  <node xml:id="s-n53">
    <link targets="s-r53"/>
  </node>
  <a xml:id="s-N66433" label="s" ref="s-n53" as="anc"/>
  <region xml:id="s-r54" anchors="4508 4524"/>
  <node xml:id="s-n54">
    <link targets="s-r54"/>
  </node>
  <a xml:id="s-N66449" label="s" ref="s-n54" as="anc"/>
  <region xml:id="s-r55" anchors="4525 4602"/>
  <node xml:id="s-n55">
    <link targets="s-r55"/>
  </node>
  <a xml:id="s-N66465" label="s" ref="s-n55" as="anc"/>
  <region xml:id="s-r56" anchors="4603 4703"/>
  <node xml:id="s-n56">
    <link targets="s-r56"/>
  </node>
  <a xml:id="s-N66481" label="s" ref="s-n56" as="anc"/>
  <region xml:id="s-r57" anchors="4704 4735"/>
  <node xml:id="s-n57">
    <link targets="s-r57"/>
  </node>
  <a xml:id="s-N66497" label="s" ref="s-n57" as="anc"/>
  <region xml:id="s-r58" anchors="4736 4798"/>
  <node xml:id="s-n58">
    <link targets="s-r58"/>
  </node>
  <a xml:id="s-N66513" label="s" ref="s-n58" as="anc"/>
  <region xml:id="s-r59" anchors="4799 4830"/>
  <node xml:id="s-n59">
    <link targets="s-r59"/>
  </node>
  <a xml:id="s-N66529" label="s" ref="s-n59" as="anc"/>
  <region xml:id="s-r60" anchors="4831 4910"/>
  <node xml:id="s-n60">
    <link targets="s-r60"/>
  </node>
  <a xml:id="s-N66545" label="s" ref="s-n60" as="anc"/>
  <region xml:id="s-r61" anchors="4911 4994"/>
  <node xml:id="s-n61">
    <link targets="s-r61"/>
  </node>
  <a xml:id="s-N66561" label="s" ref="s-n61" as="anc"/>
  <region xml:id="s-r62" anchors="4995 5053"/>
  <node xml:id="s-n62">
    <link targets="s-r62"/>
  </node>
  <a xml:id="s-N66577" label="s" ref="s-n62" as="anc"/>
  <region xml:id="s-r63" anchors="5054 5168"/>
  <node xml:id="s-n63">
    <link targets="s-r63"/>
  </node>
  <a xml:id="s-N66593" label="s" ref="s-n63" as="anc"/>
  <region xml:id="s-r64" anchors="5169 5242"/>
  <node xml:id="s-n64">
    <link targets="s-r64"/>
  </node>
  <a xml:id="s-N66609" label="s" ref="s-n64" as="anc"/>
  <region xml:id="s-r65" anchors="5243 5299"/>
  <node xml:id="s-n65">
    <link targets="s-r65"/>
  </node>
  <a xml:id="s-N66625" label="s" ref="s-n65" as="anc"/>
  <region xml:id="s-r66" anchors="5300 5320"/>
  <node xml:id="s-n66">
    <link targets="s-r66"/>
  </node>
  <a xml:id="s-N66641" label="s" ref="s-n66" as="anc"/>
  <region xml:id="s-r67" anchors="5321 5446"/>
  <node xml:id="s-n67">
    <link targets="s-r67"/>
  </node>
  <a xml:id="s-N66657" label="s" ref="s-n67" as="anc"/>
  <region xml:id="s-r68" anchors="5447 5534"/>
  <node xml:id="s-n68">
    <link targets="s-r68"/>
  </node>
  <a xml:id="s-N66673" label="s" ref="s-n68" as="anc"/>
  <region xml:id="s-r69" anchors="5536 5557"/>
  <node xml:id="s-n69">
    <link targets="s-r69"/>
  </node>
  <a xml:id="s-N66689" label="s" ref="s-n69" as="anc"/>
  <region xml:id="s-r70" anchors="5558 5700"/>
  <node xml:id="s-n70">
    <link targets="s-r70"/>
  </node>
  <a xml:id="s-N66705" label="s" ref="s-n70" as="anc"/>
  <region xml:id="s-r71" anchors="5701 5729"/>
  <node xml:id="s-n71">
    <link targets="s-r71"/>
  </node>
  <a xml:id="s-N66721" label="s" ref="s-n71" as="anc"/>
  <region xml:id="s-r72" anchors="5730 5745"/>
  <node xml:id="s-n72">
    <link targets="s-r72"/>
  </node>
  <a xml:id="s-N66737" label="s" ref="s-n72" as="anc"/>
  <region xml:id="s-r73" anchors="5755 5799"/>
  <node xml:id="s-n73">
    <link targets="s-r73"/>
  </node>
  <a xml:id="s-N66753" label="Head" ref="s-n73" as="anc">
    <fs>
      <f name="type" value="subhead"/>
    </fs>
  </a>
  <region xml:id="s-r74" anchors="5804 5844"/>
  <node xml:id="s-n74">
    <link targets="s-r74"/>
  </node>
  <a xml:id="s-N66777" label="Head" ref="s-n74" as="anc">
    <fs>
      <f name="type" value="subhead"/>
    </fs>
  </a>
  <region xml:id="s-r75" anchors="5846 5892"/>
  <node xml:id="s-n75">
    <link targets="s-r75"/>
  </node>
  <a xml:id="s-N66801" label="s" ref="s-n75" as="anc"/>
  <region xml:id="s-r76" anchors="5893 6027"/>
  <node xml:id="s-n76">
    <link targets="s-r76"/>
  </node>
  <a xml:id="s-N66817" label="s" ref="s-n76" as="anc"/>
  <region xml:id="s-r77" anchors="6032 6074"/>
  <node xml:id="s-n77">
    <link targets="s-r77"/>
  </node>
  <a xml:id="s-N66833" label="Head" ref="s-n77" as="anc">
    <fs>
      <f name="type" value="subhead"/>
    </fs>
  </a>
  <region xml:id="s-r78" anchors="6076 6115"/>
  <node xml:id="s-n78">
    <link targets="s-r78"/>
  </node>
  <a xml:id="s-N66857" label="s" ref="s-n78" as="anc"/>
  <region xml:id="s-r79" anchors="6116 6201"/>
  <node xml:id="s-n79">
    <link targets="s-r79"/>
  </node>
  <a xml:id="s-N66873" label="s" ref="s-n79" as="anc"/>
  <region xml:id="s-r80" anchors="6202 6243"/>
  <node xml:id="s-n80">
    <link targets="s-r80"/>
  </node>
  <a xml:id="s-N66889" label="s" ref="s-n80" as="anc"/>
  <region xml:id="s-r81" anchors="6244 6277"/>
  <node xml:id="s-n81">
    <link targets="s-r81"/>
  </node>
  <a xml:id="s-N66905" label="s" ref="s-n81" as="anc"/>
  <region xml:id="s-r82" anchors="6278 6423"/>
  <node xml:id="s-n82">
    <link targets="s-r82"/>
  </node>
  <a xml:id="s-N66921" label="s" ref="s-n82" as="anc"/>
  <region xml:id="s-r83" anchors="6424 6437"/>
  <node xml:id="s-n83">
    <link targets="s-r83"/>
  </node>
  <a xml:id="s-N66937" label="s" ref="s-n83" as="anc"/>
  <region xml:id="s-r84" anchors="6438 6502"/>
  <node xml:id="s-n84">
    <link targets="s-r84"/>
  </node>
  <a xml:id="s-N66953" label="s" ref="s-n84" as="anc"/>
  <region xml:id="s-r85" anchors="6503 6686"/>
  <node xml:id="s-n85">
    <link targets="s-r85"/>
  </node>
  <a xml:id="s-N66969" label="s" ref="s-n85" as="anc"/>
  <region xml:id="s-r86" anchors="6687 6744"/>
  <node xml:id="s-n86">
    <link targets="s-r86"/>
  </node>
  <a xml:id="s-N66985" label="s" ref="s-n86" as="anc"/>
</graph>
