<graph xmlns="http://www.xces.org/ns/GrAF/1.0/" xmlns:graf="http://www.xces.org/ns/GrAF/1.0/">
  <graphHeader>
    <labelsDecl>
      <labelUsage label="person" occurs="9"/>
      <labelUsage label="location" occurs="7"/>
      <labelUsage label="date" occurs="10"/>
      <labelUsage label="org" occurs="12"/>
    </labelsDecl>
    <dependencies>
      <dependsOn f.id="f.penn"/>
    </dependencies>
    <annotationSpaces>
      <annotationSpace as.id="anc"/>
    </annotationSpaces>
  </graphHeader>
  <node xml:id="ne-n0"/>
  <a xml:id="ne-N65579" label="org" ref="ne-n0" as="anc">
    <fs>
      <f name="id" value="1960"/>
      <f name="type" value="company"/>
    </fs>
  </a>
  <node xml:id="ne-n1"/>
  <a xml:id="ne-N65599" label="date" ref="ne-n1" as="anc">
    <fs>
      <f name="kind" value="date"/>
    </fs>
  </a>
  <node xml:id="ne-n10"/>
  <a xml:id="ne-N65615" label="person" ref="ne-n10" as="anc">
    <fs>
      <f name="person" value="third"/>
      <f name="case" value="nominative"/>
      <f name="sex" value="male"/>
      <f name="number" value="singular"/>
      <f name="id" value="1970"/>
    </fs>
  </a>
  <node xml:id="ne-n11"/>
  <a xml:id="ne-N65647" label="person" ref="ne-n11" as="anc">
    <fs>
      <f name="person" value="third"/>
      <f name="case" value="nominative"/>
      <f name="sex" value="male"/>
      <f name="number" value="singular"/>
      <f name="id" value="1971"/>
    </fs>
  </a>
  <node xml:id="ne-n12"/>
  <a xml:id="ne-N65679" label="location" ref="ne-n12" as="anc">
    <fs>
      <f name="rule " value="InLoc"/>
      <f name="type" value="city"/>
      <f name="number" value="singular"/>
      <f name="case" value="objective"/>
      <f name="person" value="third"/>
      <f name="id" value="1973"/>
    </fs>
  </a>
  <node xml:id="ne-n13"/>
  <a xml:id="ne-N65715" label="person" ref="ne-n13" as="anc">
    <fs>
      <f name="person" value="third"/>
      <f name="case" value="nominative"/>
      <f name="sex" value="male"/>
      <f name="number" value="singular"/>
      <f name="id" value="1974"/>
    </fs>
  </a>
  <node xml:id="ne-n14"/>
  <a xml:id="ne-N65747" label="org" ref="ne-n14" as="anc">
    <fs>
      <f name="type" value="company"/>
      <f name="number" value="singular"/>
      <f name="case" value="objective"/>
      <f name="person" value="third"/>
      <f name="id" value="1975"/>
    </fs>
  </a>
  <node xml:id="ne-n15"/>
  <a xml:id="ne-N65779" label="org" ref="ne-n15" as="anc">
    <fs>
      <f name="id" value="1976"/>
      <f name="person" value="third"/>
      <f name="case" value="objective"/>
      <f name="number" value="singular"/>
      <f name="type" value="company"/>
    </fs>
  </a>
  <node xml:id="ne-n16"/>
  <a xml:id="ne-N65811" label="location" ref="ne-n16" as="anc">
    <fs>
      <f name="id" value="1979"/>
      <f name="person" value="third"/>
      <f name="case" value="objective"/>
      <f name="number" value="singular"/>
      <f name="type" value="city"/>
    </fs>
  </a>
  <node xml:id="ne-n17"/>
  <a xml:id="ne-N65843" label="org" ref="ne-n17" as="anc">
    <fs>
      <f name="id" value="1980"/>
      <f name="type" value="company"/>
      <f name="number" value="singular"/>
      <f name="case" value="objective"/>
      <f name="person" value="third"/>
    </fs>
  </a>
  <node xml:id="ne-n18"/>
  <a xml:id="ne-N65875" label="org" ref="ne-n18" as="anc">
    <fs>
      <f name="id" value="1981"/>
      <f name="person" value="third"/>
      <f name="case" value="nominative"/>
      <f name="number" value="singular"/>
      <f name="type" value="company"/>
    </fs>
  </a>
  <node xml:id="ne-n19"/>
  <a xml:id="ne-N65907" label="org" ref="ne-n19" as="anc">
    <fs>
      <f name="id" value="1982"/>
      <f name="person" value="third"/>
      <f name="case" value="objective"/>
      <f name="number" value="singular"/>
      <f name="type" value="company"/>
    </fs>
  </a>
  <node xml:id="ne-n2"/>
  <a xml:id="ne-N65939" label="date" ref="ne-n2" as="anc">
    <fs>
      <f name="kind" value="date"/>
    </fs>
  </a>
  <node xml:id="ne-n20"/>
  <a xml:id="ne-N65955" label="org" ref="ne-n20" as="anc">
    <fs>
      <f name="type" value="company"/>
      <f name="number" value="singular"/>
      <f name="case" value="nominative"/>
      <f name="person" value="third"/>
      <f name="id" value="1983"/>
    </fs>
  </a>
  <node xml:id="ne-n21"/>
  <a xml:id="ne-N65987" label="org" ref="ne-n21" as="anc">
    <fs>
      <f name="type" value="company"/>
      <f name="number" value="singular"/>
      <f name="case" value="objective"/>
      <f name="person" value="third"/>
      <f name="id" value="1985"/>
    </fs>
  </a>
  <node xml:id="ne-n22"/>
  <a xml:id="ne-N66019" label="org" ref="ne-n22" as="anc">
    <fs>
      <f name="type" value="company"/>
      <f name="number" value="singular"/>
      <f name="case" value="nominative"/>
      <f name="person" value="third"/>
      <f name="id" value="1986"/>
    </fs>
  </a>
  <node xml:id="ne-n23"/>
  <a xml:id="ne-N66051" label="person" ref="ne-n23" as="anc">
    <fs>
      <f name="id" value="1987"/>
      <f name="person" value="third"/>
      <f name="case" value="objective"/>
      <f name="number" value="singular"/>
      <f name="sex" value="male"/>
    </fs>
  </a>
  <node xml:id="ne-n24"/>
  <a xml:id="ne-N66083" label="person" ref="ne-n24" as="anc">
    <fs>
      <f name="id" value="1988"/>
      <f name="person" value="third"/>
      <f name="case" value="objective"/>
      <f name="number" value="singular"/>
      <f name="sex" value="male"/>
    </fs>
  </a>
  <node xml:id="ne-n25"/>
  <a xml:id="ne-N66115" label="org" ref="ne-n25" as="anc">
    <fs>
      <f name="id" value="1989"/>
      <f name="person" value="third"/>
      <f name="case" value="objective"/>
      <f name="number" value="singular"/>
      <f name="type" value="company"/>
    </fs>
  </a>
  <node xml:id="ne-n26"/>
  <a xml:id="ne-N66147" label="location" ref="ne-n26" as="anc">
    <fs>
      <f name="id" value="1990"/>
      <f name="person" value="third"/>
      <f name="case" value="objective"/>
      <f name="number" value="singular"/>
      <f name="type" value="country"/>
    </fs>
  </a>
  <node xml:id="ne-n27"/>
  <a xml:id="ne-N66179" label="date" ref="ne-n27" as="anc">
    <fs>
      <f name="kind" value="date"/>
    </fs>
  </a>
  <node xml:id="ne-n28"/>
  <a xml:id="ne-N66195" label="person" ref="ne-n28" as="anc">
    <fs>
      <f name="sex" value="female"/>
      <f name="id" value="1994"/>
    </fs>
  </a>
  <node xml:id="ne-n29"/>
  <a xml:id="ne-N66215" label="date" ref="ne-n29" as="anc">
    <fs>
      <f name="kind" value="date"/>
    </fs>
  </a>
  <node xml:id="ne-n3"/>
  <a xml:id="ne-N66231" label="date" ref="ne-n3" as="anc">
    <fs>
      <f name="kind" value="date"/>
    </fs>
  </a>
  <node xml:id="ne-n30"/>
  <a xml:id="ne-N66247" label="date" ref="ne-n30" as="anc">
    <fs>
      <f name="kind" value="time"/>
    </fs>
  </a>
  <node xml:id="ne-n31"/>
  <a xml:id="ne-N66263" label="date" ref="ne-n31" as="anc">
    <fs>
      <f name="kind" value="date"/>
    </fs>
  </a>
  <node xml:id="ne-n32"/>
  <a xml:id="ne-N66279" label="date" ref="ne-n32" as="anc">
    <fs>
      <f name="kind" value="time"/>
    </fs>
  </a>
  <node xml:id="ne-n33"/>
  <a xml:id="ne-N66295" label="person" ref="ne-n33" as="anc">
    <fs>
      <f name="sex" value="female"/>
      <f name="number" value="singular"/>
      <f name="case" value="objective"/>
      <f name="person" value="third"/>
    </fs>
  </a>
  <node xml:id="ne-n34"/>
  <a xml:id="ne-N66323" label="location" ref="ne-n34" as="anc">
    <fs>
      <f name="type" value="country"/>
      <f name="number" value="singular"/>
      <f name="case" value="objective"/>
      <f name="person" value="third"/>
      <f name="id" value="2000"/>
    </fs>
  </a>
  <node xml:id="ne-n35"/>
  <a xml:id="ne-N66355" label="location" ref="ne-n35" as="anc">
    <fs>
      <f name="id" value="2001"/>
      <f name="person" value="third"/>
      <f name="case" value="objective"/>
      <f name="number" value="singular"/>
      <f name="type" value="region"/>
    </fs>
  </a>
  <node xml:id="ne-n36"/>
  <a xml:id="ne-N66387" label="org" ref="ne-n36" as="anc">
    <fs>
      <f name="id" value="2002"/>
      <f name="person" value="third"/>
      <f name="case" value="objective"/>
      <f name="number" value="singular"/>
      <f name="type" value="company"/>
    </fs>
  </a>
  <node xml:id="ne-n37"/>
  <a xml:id="ne-N66419" label="date" ref="ne-n37" as="anc">
    <fs>
      <f name="kind" value="date"/>
    </fs>
  </a>
  <node xml:id="ne-n4"/>
  <a xml:id="ne-N66435" label="location" ref="ne-n4" as="anc">
    <fs>
      <f name="type" value="city"/>
      <f name="number" value="singular"/>
      <f name="case" value="objective"/>
      <f name="person" value="third"/>
      <f name="id" value="1964"/>
    </fs>
  </a>
  <node xml:id="ne-n5"/>
  <a xml:id="ne-N66467" label="location" ref="ne-n5" as="anc">
    <fs>
      <f name="id" value="1965"/>
      <f name="person" value="third"/>
      <f name="case" value="nominative"/>
      <f name="number" value="singular"/>
      <f name="type" value="province_state"/>
    </fs>
  </a>
  <node xml:id="ne-n6"/>
  <a xml:id="ne-N66499" label="person" ref="ne-n6" as="anc">
    <fs>
      <f name="person" value="third"/>
      <f name="case" value="objective"/>
      <f name="number" value="singular"/>
      <f name="sex" value="male"/>
      <f name="id" value="1966"/>
    </fs>
  </a>
  <node xml:id="ne-n7"/>
  <a xml:id="ne-N66531" label="org" ref="ne-n7" as="anc">
    <fs>
      <f name="person" value="third"/>
      <f name="case" value="objective"/>
      <f name="number" value="singular"/>
      <f name="type" value="company"/>
      <f name="id" value="1967"/>
    </fs>
  </a>
  <node xml:id="ne-n8"/>
  <a xml:id="ne-N66563" label="date" ref="ne-n8" as="anc">
    <fs>
      <f name="kind" value="date"/>
    </fs>
  </a>
  <node xml:id="ne-n9"/>
  <a xml:id="ne-N66579" label="person" ref="ne-n9" as="anc">
    <fs>
      <f name="id" value="1969"/>
      <f name="person" value="third"/>
      <f name="case" value="objective"/>
      <f name="number" value="singular"/>
      <f name="sex" value="male"/>
    </fs>
  </a>
  <edge xml:id="ne-lnk39" from="ne-n23" to="penn-n698"/>
  <edge xml:id="ne-lnk38" from="ne-n22" to="penn-n642"/>
  <edge xml:id="ne-lnk37" from="ne-n22" to="penn-n641"/>
  <edge xml:id="ne-lnk36" from="ne-n22" to="penn-n640"/>
  <edge xml:id="ne-lnk35" from="ne-n21" to="penn-n602"/>
  <edge xml:id="ne-lnk34" from="ne-n20" to="penn-n536"/>
  <edge xml:id="ne-lnk33" from="ne-n19" to="penn-n498"/>
  <edge xml:id="ne-lnk32" from="ne-n18" to="penn-n386"/>
  <edge xml:id="ne-lnk63" from="ne-n37" to="penn-n1440"/>
  <edge xml:id="ne-lnk31" from="ne-n17" to="penn-n366"/>
  <edge xml:id="ne-lnk62" from="ne-n36" to="penn-n1434"/>
  <edge xml:id="ne-lnk30" from="ne-n17" to="penn-n365"/>
  <edge xml:id="ne-lnk61" from="ne-n36" to="penn-n1433"/>
  <edge xml:id="ne-lnk60" from="ne-n36" to="penn-n1432"/>
  <edge xml:id="ne-lnk9" from="ne-n3" to="penn-n58"/>
  <edge xml:id="ne-lnk8" from="ne-n2" to="penn-n33"/>
  <edge xml:id="ne-lnk7" from="ne-n1" to="penn-n17"/>
  <edge xml:id="ne-lnk6" from="ne-n1" to="penn-n16"/>
  <edge xml:id="ne-lnk5" from="ne-n1" to="penn-n15"/>
  <edge xml:id="ne-lnk4" from="ne-n1" to="penn-n14"/>
  <edge xml:id="ne-lnk3" from="ne-n1" to="penn-n13"/>
  <edge xml:id="ne-lnk2" from="ne-n0" to="penn-n12"/>
  <edge xml:id="ne-lnk1" from="ne-n0" to="penn-n11"/>
  <edge xml:id="ne-lnk0" from="ne-n0" to="penn-n10"/>
  <edge xml:id="ne-lnk29" from="ne-n17" to="penn-n364"/>
  <edge xml:id="ne-lnk28" from="ne-n16" to="penn-n362"/>
  <edge xml:id="ne-lnk59" from="ne-n35" to="penn-n1428"/>
  <edge xml:id="ne-lnk27" from="ne-n15" to="penn-n320"/>
  <edge xml:id="ne-lnk58" from="ne-n35" to="penn-n1427"/>
  <edge xml:id="ne-lnk26" from="ne-n14" to="penn-n314"/>
  <edge xml:id="ne-lnk57" from="ne-n34" to="penn-n1425"/>
  <edge xml:id="ne-lnk25" from="ne-n14" to="penn-n313"/>
  <edge xml:id="ne-lnk56" from="ne-n33" to="penn-n1385"/>
  <edge xml:id="ne-lnk24" from="ne-n14" to="penn-n312"/>
  <edge xml:id="ne-lnk55" from="ne-n32" to="penn-n1307"/>
  <edge xml:id="ne-lnk23" from="ne-n13" to="penn-n309"/>
  <edge xml:id="ne-lnk54" from="ne-n32" to="penn-n1306"/>
  <edge xml:id="ne-lnk22" from="ne-n12" to="penn-n297"/>
  <edge xml:id="ne-lnk53" from="ne-n31" to="penn-n1304"/>
  <edge xml:id="ne-lnk21" from="ne-n11" to="penn-n285"/>
  <edge xml:id="ne-lnk52" from="ne-n31" to="penn-n1303"/>
  <edge xml:id="ne-lnk20" from="ne-n10" to="penn-n276"/>
  <edge xml:id="ne-lnk51" from="ne-n31" to="penn-n1302"/>
  <edge xml:id="ne-lnk50" from="ne-n30" to="penn-n1271"/>
  <edge xml:id="ne-lnk19" from="ne-n9" to="penn-n233"/>
  <edge xml:id="ne-lnk18" from="ne-n8" to="penn-n230"/>
  <edge xml:id="ne-lnk49" from="ne-n30" to="penn-n1270"/>
  <edge xml:id="ne-lnk17" from="ne-n7" to="penn-n225"/>
  <edge xml:id="ne-lnk48" from="ne-n29" to="penn-n1268"/>
  <edge xml:id="ne-lnk16" from="ne-n7" to="penn-n224"/>
  <edge xml:id="ne-lnk47" from="ne-n29" to="penn-n1267"/>
  <edge xml:id="ne-lnk15" from="ne-n7" to="penn-n223"/>
  <edge xml:id="ne-lnk46" from="ne-n29" to="penn-n1266"/>
  <edge xml:id="ne-lnk14" from="ne-n6" to="penn-n204"/>
  <edge xml:id="ne-lnk45" from="ne-n28" to="penn-n1263"/>
  <edge xml:id="ne-lnk13" from="ne-n6" to="penn-n203"/>
  <edge xml:id="ne-lnk44" from="ne-n28" to="penn-n1262"/>
  <edge xml:id="ne-lnk12" from="ne-n5" to="penn-n198"/>
  <edge xml:id="ne-lnk43" from="ne-n27" to="penn-n896"/>
  <edge xml:id="ne-lnk11" from="ne-n5" to="penn-n197"/>
  <edge xml:id="ne-lnk42" from="ne-n26" to="penn-n848"/>
  <edge xml:id="ne-lnk10" from="ne-n4" to="penn-n195"/>
  <edge xml:id="ne-lnk41" from="ne-n25" to="penn-n801"/>
  <edge xml:id="ne-lnk40" from="ne-n24" to="penn-n772"/>
</graph>
