<?xml version="1.0" encoding="UTF-8"?><graph xmlns="http://www.xces.org/ns/GrAF/1.0/" xmlns:graf="http://www.xces.org/ns/GrAF/1.0/">
    <graphHeader>
        <labelsDecl>
            <labelUsage label="nchunk" occurs="400"/>
        </labelsDecl>
        <dependencies>
            <dependsOn f.id="f.penn"/>
        </dependencies>
        <annotationSpaces>
            <annotationSpace as.id="anc"/>
        </annotationSpaces>
    </graphHeader>
    <node xml:id="nc-n0"/>
    <a xml:id="nc-N65567" label="nchunk" ref="nc-n0" as="anc"/>
    <node xml:id="nc-n1"/>
    <a xml:id="nc-N65583" label="nchunk" ref="nc-n1" as="anc"/>
    <node xml:id="nc-n10"/>
    <a xml:id="nc-N65599" label="nchunk" ref="nc-n10" as="anc"/>
    <node xml:id="nc-n100"/>
    <a xml:id="nc-N65615" label="nchunk" ref="nc-n100" as="anc"/>
    <node xml:id="nc-n101"/>
    <a xml:id="nc-N65631" label="nchunk" ref="nc-n101" as="anc"/>
    <node xml:id="nc-n102"/>
    <a xml:id="nc-N65647" label="nchunk" ref="nc-n102" as="anc"/>
    <node xml:id="nc-n103"/>
    <a xml:id="nc-N65663" label="nchunk" ref="nc-n103" as="anc"/>
    <node xml:id="nc-n104"/>
    <a xml:id="nc-N65679" label="nchunk" ref="nc-n104" as="anc"/>
    <node xml:id="nc-n105"/>
    <a xml:id="nc-N65695" label="nchunk" ref="nc-n105" as="anc"/>
    <node xml:id="nc-n106"/>
    <a xml:id="nc-N65711" label="nchunk" ref="nc-n106" as="anc"/>
    <node xml:id="nc-n107"/>
    <a xml:id="nc-N65727" label="nchunk" ref="nc-n107" as="anc"/>
    <node xml:id="nc-n108"/>
    <a xml:id="nc-N65743" label="nchunk" ref="nc-n108" as="anc"/>
    <node xml:id="nc-n109"/>
    <a xml:id="nc-N65759" label="nchunk" ref="nc-n109" as="anc"/>
    <node xml:id="nc-n11"/>
    <a xml:id="nc-N65775" label="nchunk" ref="nc-n11" as="anc"/>
    <node xml:id="nc-n110"/>
    <a xml:id="nc-N65791" label="nchunk" ref="nc-n110" as="anc"/>
    <node xml:id="nc-n111"/>
    <a xml:id="nc-N65807" label="nchunk" ref="nc-n111" as="anc"/>
    <node xml:id="nc-n112"/>
    <a xml:id="nc-N65823" label="nchunk" ref="nc-n112" as="anc"/>
    <node xml:id="nc-n113"/>
    <a xml:id="nc-N65839" label="nchunk" ref="nc-n113" as="anc"/>
    <node xml:id="nc-n114"/>
    <a xml:id="nc-N65855" label="nchunk" ref="nc-n114" as="anc"/>
    <node xml:id="nc-n115"/>
    <a xml:id="nc-N65871" label="nchunk" ref="nc-n115" as="anc"/>
    <node xml:id="nc-n116"/>
    <a xml:id="nc-N65887" label="nchunk" ref="nc-n116" as="anc"/>
    <node xml:id="nc-n117"/>
    <a xml:id="nc-N65903" label="nchunk" ref="nc-n117" as="anc"/>
    <node xml:id="nc-n118"/>
    <a xml:id="nc-N65919" label="nchunk" ref="nc-n118" as="anc"/>
    <node xml:id="nc-n119"/>
    <a xml:id="nc-N65935" label="nchunk" ref="nc-n119" as="anc"/>
    <node xml:id="nc-n12"/>
    <a xml:id="nc-N65951" label="nchunk" ref="nc-n12" as="anc"/>
    <node xml:id="nc-n120"/>
    <a xml:id="nc-N65967" label="nchunk" ref="nc-n120" as="anc"/>
    <node xml:id="nc-n121"/>
    <a xml:id="nc-N65983" label="nchunk" ref="nc-n121" as="anc"/>
    <node xml:id="nc-n122"/>
    <a xml:id="nc-N65999" label="nchunk" ref="nc-n122" as="anc"/>
    <node xml:id="nc-n123"/>
    <a xml:id="nc-N66015" label="nchunk" ref="nc-n123" as="anc"/>
    <node xml:id="nc-n124"/>
    <a xml:id="nc-N66031" label="nchunk" ref="nc-n124" as="anc"/>
    <node xml:id="nc-n125"/>
    <a xml:id="nc-N66047" label="nchunk" ref="nc-n125" as="anc"/>
    <node xml:id="nc-n126"/>
    <a xml:id="nc-N66063" label="nchunk" ref="nc-n126" as="anc"/>
    <node xml:id="nc-n127"/>
    <a xml:id="nc-N66079" label="nchunk" ref="nc-n127" as="anc"/>
    <node xml:id="nc-n128"/>
    <a xml:id="nc-N66095" label="nchunk" ref="nc-n128" as="anc"/>
    <node xml:id="nc-n129"/>
    <a xml:id="nc-N66111" label="nchunk" ref="nc-n129" as="anc"/>
    <node xml:id="nc-n13"/>
    <a xml:id="nc-N66127" label="nchunk" ref="nc-n13" as="anc"/>
    <node xml:id="nc-n130"/>
    <a xml:id="nc-N66143" label="nchunk" ref="nc-n130" as="anc"/>
    <node xml:id="nc-n131"/>
    <a xml:id="nc-N66159" label="nchunk" ref="nc-n131" as="anc"/>
    <node xml:id="nc-n132"/>
    <a xml:id="nc-N66175" label="nchunk" ref="nc-n132" as="anc"/>
    <node xml:id="nc-n133"/>
    <a xml:id="nc-N66191" label="nchunk" ref="nc-n133" as="anc"/>
    <node xml:id="nc-n134"/>
    <a xml:id="nc-N66207" label="nchunk" ref="nc-n134" as="anc"/>
    <node xml:id="nc-n135"/>
    <a xml:id="nc-N66223" label="nchunk" ref="nc-n135" as="anc"/>
    <node xml:id="nc-n136"/>
    <a xml:id="nc-N66239" label="nchunk" ref="nc-n136" as="anc"/>
    <node xml:id="nc-n137"/>
    <a xml:id="nc-N66255" label="nchunk" ref="nc-n137" as="anc"/>
    <node xml:id="nc-n138"/>
    <a xml:id="nc-N66271" label="nchunk" ref="nc-n138" as="anc"/>
    <node xml:id="nc-n139"/>
    <a xml:id="nc-N66287" label="nchunk" ref="nc-n139" as="anc"/>
    <node xml:id="nc-n14"/>
    <a xml:id="nc-N66303" label="nchunk" ref="nc-n14" as="anc"/>
    <node xml:id="nc-n140"/>
    <a xml:id="nc-N66319" label="nchunk" ref="nc-n140" as="anc"/>
    <node xml:id="nc-n141"/>
    <a xml:id="nc-N66335" label="nchunk" ref="nc-n141" as="anc"/>
    <node xml:id="nc-n142"/>
    <a xml:id="nc-N66351" label="nchunk" ref="nc-n142" as="anc"/>
    <node xml:id="nc-n143"/>
    <a xml:id="nc-N66367" label="nchunk" ref="nc-n143" as="anc"/>
    <node xml:id="nc-n144"/>
    <a xml:id="nc-N66383" label="nchunk" ref="nc-n144" as="anc"/>
    <node xml:id="nc-n145"/>
    <a xml:id="nc-N66399" label="nchunk" ref="nc-n145" as="anc"/>
    <node xml:id="nc-n146"/>
    <a xml:id="nc-N66415" label="nchunk" ref="nc-n146" as="anc"/>
    <node xml:id="nc-n147"/>
    <a xml:id="nc-N66431" label="nchunk" ref="nc-n147" as="anc"/>
    <node xml:id="nc-n148"/>
    <a xml:id="nc-N66447" label="nchunk" ref="nc-n148" as="anc"/>
    <node xml:id="nc-n149"/>
    <a xml:id="nc-N66463" label="nchunk" ref="nc-n149" as="anc"/>
    <node xml:id="nc-n15"/>
    <a xml:id="nc-N66479" label="nchunk" ref="nc-n15" as="anc"/>
    <node xml:id="nc-n150"/>
    <a xml:id="nc-N66495" label="nchunk" ref="nc-n150" as="anc"/>
    <node xml:id="nc-n151"/>
    <a xml:id="nc-N66511" label="nchunk" ref="nc-n151" as="anc"/>
    <node xml:id="nc-n152"/>
    <a xml:id="nc-N66527" label="nchunk" ref="nc-n152" as="anc"/>
    <node xml:id="nc-n153"/>
    <a xml:id="nc-N66543" label="nchunk" ref="nc-n153" as="anc"/>
    <node xml:id="nc-n154"/>
    <a xml:id="nc-N66559" label="nchunk" ref="nc-n154" as="anc"/>
    <node xml:id="nc-n155"/>
    <a xml:id="nc-N66575" label="nchunk" ref="nc-n155" as="anc"/>
    <node xml:id="nc-n156"/>
    <a xml:id="nc-N66591" label="nchunk" ref="nc-n156" as="anc"/>
    <node xml:id="nc-n157"/>
    <a xml:id="nc-N66607" label="nchunk" ref="nc-n157" as="anc"/>
    <node xml:id="nc-n158"/>
    <a xml:id="nc-N66623" label="nchunk" ref="nc-n158" as="anc"/>
    <node xml:id="nc-n159"/>
    <a xml:id="nc-N66639" label="nchunk" ref="nc-n159" as="anc"/>
    <node xml:id="nc-n16"/>
    <a xml:id="nc-N66655" label="nchunk" ref="nc-n16" as="anc"/>
    <node xml:id="nc-n160"/>
    <a xml:id="nc-N66671" label="nchunk" ref="nc-n160" as="anc"/>
    <node xml:id="nc-n161"/>
    <a xml:id="nc-N66687" label="nchunk" ref="nc-n161" as="anc"/>
    <node xml:id="nc-n162"/>
    <a xml:id="nc-N66703" label="nchunk" ref="nc-n162" as="anc"/>
    <node xml:id="nc-n163"/>
    <a xml:id="nc-N66719" label="nchunk" ref="nc-n163" as="anc"/>
    <node xml:id="nc-n164"/>
    <a xml:id="nc-N66735" label="nchunk" ref="nc-n164" as="anc"/>
    <node xml:id="nc-n165"/>
    <a xml:id="nc-N66751" label="nchunk" ref="nc-n165" as="anc"/>
    <node xml:id="nc-n166"/>
    <a xml:id="nc-N66767" label="nchunk" ref="nc-n166" as="anc"/>
    <node xml:id="nc-n167"/>
    <a xml:id="nc-N66783" label="nchunk" ref="nc-n167" as="anc"/>
    <node xml:id="nc-n168"/>
    <a xml:id="nc-N66799" label="nchunk" ref="nc-n168" as="anc"/>
    <node xml:id="nc-n169"/>
    <a xml:id="nc-N66815" label="nchunk" ref="nc-n169" as="anc"/>
    <node xml:id="nc-n17"/>
    <a xml:id="nc-N66831" label="nchunk" ref="nc-n17" as="anc"/>
    <node xml:id="nc-n170"/>
    <a xml:id="nc-N66847" label="nchunk" ref="nc-n170" as="anc"/>
    <node xml:id="nc-n171"/>
    <a xml:id="nc-N66863" label="nchunk" ref="nc-n171" as="anc"/>
    <node xml:id="nc-n172"/>
    <a xml:id="nc-N66879" label="nchunk" ref="nc-n172" as="anc"/>
    <node xml:id="nc-n173"/>
    <a xml:id="nc-N66895" label="nchunk" ref="nc-n173" as="anc"/>
    <node xml:id="nc-n174"/>
    <a xml:id="nc-N66911" label="nchunk" ref="nc-n174" as="anc"/>
    <node xml:id="nc-n175"/>
    <a xml:id="nc-N66927" label="nchunk" ref="nc-n175" as="anc"/>
    <node xml:id="nc-n176"/>
    <a xml:id="nc-N66943" label="nchunk" ref="nc-n176" as="anc"/>
    <node xml:id="nc-n177"/>
    <a xml:id="nc-N66959" label="nchunk" ref="nc-n177" as="anc"/>
    <node xml:id="nc-n178"/>
    <a xml:id="nc-N66975" label="nchunk" ref="nc-n178" as="anc"/>
    <node xml:id="nc-n179"/>
    <a xml:id="nc-N66991" label="nchunk" ref="nc-n179" as="anc"/>
    <node xml:id="nc-n18"/>
    <a xml:id="nc-N67007" label="nchunk" ref="nc-n18" as="anc"/>
    <node xml:id="nc-n180"/>
    <a xml:id="nc-N67023" label="nchunk" ref="nc-n180" as="anc"/>
    <node xml:id="nc-n181"/>
    <a xml:id="nc-N67039" label="nchunk" ref="nc-n181" as="anc"/>
    <node xml:id="nc-n182"/>
    <a xml:id="nc-N67055" label="nchunk" ref="nc-n182" as="anc"/>
    <node xml:id="nc-n183"/>
    <a xml:id="nc-N67071" label="nchunk" ref="nc-n183" as="anc"/>
    <node xml:id="nc-n184"/>
    <a xml:id="nc-N67087" label="nchunk" ref="nc-n184" as="anc"/>
    <node xml:id="nc-n185"/>
    <a xml:id="nc-N67103" label="nchunk" ref="nc-n185" as="anc"/>
    <node xml:id="nc-n186"/>
    <a xml:id="nc-N67119" label="nchunk" ref="nc-n186" as="anc"/>
    <node xml:id="nc-n187"/>
    <a xml:id="nc-N67135" label="nchunk" ref="nc-n187" as="anc"/>
    <node xml:id="nc-n188"/>
    <a xml:id="nc-N67151" label="nchunk" ref="nc-n188" as="anc"/>
    <node xml:id="nc-n189"/>
    <a xml:id="nc-N67167" label="nchunk" ref="nc-n189" as="anc"/>
    <node xml:id="nc-n19"/>
    <a xml:id="nc-N67183" label="nchunk" ref="nc-n19" as="anc"/>
    <node xml:id="nc-n190"/>
    <a xml:id="nc-N67199" label="nchunk" ref="nc-n190" as="anc"/>
    <node xml:id="nc-n191"/>
    <a xml:id="nc-N67215" label="nchunk" ref="nc-n191" as="anc"/>
    <node xml:id="nc-n192"/>
    <a xml:id="nc-N67231" label="nchunk" ref="nc-n192" as="anc"/>
    <node xml:id="nc-n193"/>
    <a xml:id="nc-N67247" label="nchunk" ref="nc-n193" as="anc"/>
    <node xml:id="nc-n194"/>
    <a xml:id="nc-N67263" label="nchunk" ref="nc-n194" as="anc"/>
    <node xml:id="nc-n195"/>
    <a xml:id="nc-N67279" label="nchunk" ref="nc-n195" as="anc"/>
    <node xml:id="nc-n196"/>
    <a xml:id="nc-N67295" label="nchunk" ref="nc-n196" as="anc"/>
    <node xml:id="nc-n197"/>
    <a xml:id="nc-N67311" label="nchunk" ref="nc-n197" as="anc"/>
    <node xml:id="nc-n198"/>
    <a xml:id="nc-N67327" label="nchunk" ref="nc-n198" as="anc"/>
    <node xml:id="nc-n199"/>
    <a xml:id="nc-N67343" label="nchunk" ref="nc-n199" as="anc"/>
    <node xml:id="nc-n2"/>
    <a xml:id="nc-N67359" label="nchunk" ref="nc-n2" as="anc"/>
    <node xml:id="nc-n20"/>
    <a xml:id="nc-N67375" label="nchunk" ref="nc-n20" as="anc"/>
    <node xml:id="nc-n200"/>
    <a xml:id="nc-N67391" label="nchunk" ref="nc-n200" as="anc"/>
    <node xml:id="nc-n201"/>
    <a xml:id="nc-N67407" label="nchunk" ref="nc-n201" as="anc"/>
    <node xml:id="nc-n202"/>
    <a xml:id="nc-N67423" label="nchunk" ref="nc-n202" as="anc"/>
    <node xml:id="nc-n203"/>
    <a xml:id="nc-N67439" label="nchunk" ref="nc-n203" as="anc"/>
    <node xml:id="nc-n204"/>
    <a xml:id="nc-N67455" label="nchunk" ref="nc-n204" as="anc"/>
    <node xml:id="nc-n205"/>
    <a xml:id="nc-N67471" label="nchunk" ref="nc-n205" as="anc"/>
    <node xml:id="nc-n206"/>
    <a xml:id="nc-N67487" label="nchunk" ref="nc-n206" as="anc"/>
    <node xml:id="nc-n207"/>
    <a xml:id="nc-N67503" label="nchunk" ref="nc-n207" as="anc"/>
    <node xml:id="nc-n208"/>
    <a xml:id="nc-N67519" label="nchunk" ref="nc-n208" as="anc"/>
    <node xml:id="nc-n209"/>
    <a xml:id="nc-N67535" label="nchunk" ref="nc-n209" as="anc"/>
    <node xml:id="nc-n21"/>
    <a xml:id="nc-N67551" label="nchunk" ref="nc-n21" as="anc"/>
    <node xml:id="nc-n210"/>
    <a xml:id="nc-N67567" label="nchunk" ref="nc-n210" as="anc"/>
    <node xml:id="nc-n211"/>
    <a xml:id="nc-N67583" label="nchunk" ref="nc-n211" as="anc"/>
    <node xml:id="nc-n212"/>
    <a xml:id="nc-N67599" label="nchunk" ref="nc-n212" as="anc"/>
    <node xml:id="nc-n213"/>
    <a xml:id="nc-N67615" label="nchunk" ref="nc-n213" as="anc"/>
    <node xml:id="nc-n214"/>
    <a xml:id="nc-N67631" label="nchunk" ref="nc-n214" as="anc"/>
    <node xml:id="nc-n215"/>
    <a xml:id="nc-N67647" label="nchunk" ref="nc-n215" as="anc"/>
    <node xml:id="nc-n216"/>
    <a xml:id="nc-N67663" label="nchunk" ref="nc-n216" as="anc"/>
    <node xml:id="nc-n217"/>
    <a xml:id="nc-N67679" label="nchunk" ref="nc-n217" as="anc"/>
    <node xml:id="nc-n218"/>
    <a xml:id="nc-N67695" label="nchunk" ref="nc-n218" as="anc"/>
    <node xml:id="nc-n219"/>
    <a xml:id="nc-N67711" label="nchunk" ref="nc-n219" as="anc"/>
    <node xml:id="nc-n22"/>
    <a xml:id="nc-N67727" label="nchunk" ref="nc-n22" as="anc"/>
    <node xml:id="nc-n220"/>
    <a xml:id="nc-N67743" label="nchunk" ref="nc-n220" as="anc"/>
    <node xml:id="nc-n221"/>
    <a xml:id="nc-N67759" label="nchunk" ref="nc-n221" as="anc"/>
    <node xml:id="nc-n222"/>
    <a xml:id="nc-N67775" label="nchunk" ref="nc-n222" as="anc"/>
    <node xml:id="nc-n223"/>
    <a xml:id="nc-N67791" label="nchunk" ref="nc-n223" as="anc"/>
    <node xml:id="nc-n224"/>
    <a xml:id="nc-N67807" label="nchunk" ref="nc-n224" as="anc"/>
    <node xml:id="nc-n225"/>
    <a xml:id="nc-N67823" label="nchunk" ref="nc-n225" as="anc"/>
    <node xml:id="nc-n226"/>
    <a xml:id="nc-N67839" label="nchunk" ref="nc-n226" as="anc"/>
    <node xml:id="nc-n227"/>
    <a xml:id="nc-N67855" label="nchunk" ref="nc-n227" as="anc"/>
    <node xml:id="nc-n228"/>
    <a xml:id="nc-N67871" label="nchunk" ref="nc-n228" as="anc"/>
    <node xml:id="nc-n229"/>
    <a xml:id="nc-N67887" label="nchunk" ref="nc-n229" as="anc"/>
    <node xml:id="nc-n23"/>
    <a xml:id="nc-N67903" label="nchunk" ref="nc-n23" as="anc"/>
    <node xml:id="nc-n230"/>
    <a xml:id="nc-N67919" label="nchunk" ref="nc-n230" as="anc"/>
    <node xml:id="nc-n231"/>
    <a xml:id="nc-N67935" label="nchunk" ref="nc-n231" as="anc"/>
    <node xml:id="nc-n232"/>
    <a xml:id="nc-N67951" label="nchunk" ref="nc-n232" as="anc"/>
    <node xml:id="nc-n233"/>
    <a xml:id="nc-N67967" label="nchunk" ref="nc-n233" as="anc"/>
    <node xml:id="nc-n234"/>
    <a xml:id="nc-N67983" label="nchunk" ref="nc-n234" as="anc"/>
    <node xml:id="nc-n235"/>
    <a xml:id="nc-N67999" label="nchunk" ref="nc-n235" as="anc"/>
    <node xml:id="nc-n236"/>
    <a xml:id="nc-N68015" label="nchunk" ref="nc-n236" as="anc"/>
    <node xml:id="nc-n237"/>
    <a xml:id="nc-N68031" label="nchunk" ref="nc-n237" as="anc"/>
    <node xml:id="nc-n238"/>
    <a xml:id="nc-N68047" label="nchunk" ref="nc-n238" as="anc"/>
    <node xml:id="nc-n239"/>
    <a xml:id="nc-N68063" label="nchunk" ref="nc-n239" as="anc"/>
    <node xml:id="nc-n24"/>
    <a xml:id="nc-N68079" label="nchunk" ref="nc-n24" as="anc"/>
    <node xml:id="nc-n240"/>
    <a xml:id="nc-N68095" label="nchunk" ref="nc-n240" as="anc"/>
    <node xml:id="nc-n241"/>
    <a xml:id="nc-N68111" label="nchunk" ref="nc-n241" as="anc"/>
    <node xml:id="nc-n242"/>
    <a xml:id="nc-N68127" label="nchunk" ref="nc-n242" as="anc"/>
    <node xml:id="nc-n243"/>
    <a xml:id="nc-N68143" label="nchunk" ref="nc-n243" as="anc"/>
    <node xml:id="nc-n244"/>
    <a xml:id="nc-N68159" label="nchunk" ref="nc-n244" as="anc"/>
    <node xml:id="nc-n245"/>
    <a xml:id="nc-N68175" label="nchunk" ref="nc-n245" as="anc"/>
    <node xml:id="nc-n246"/>
    <a xml:id="nc-N68191" label="nchunk" ref="nc-n246" as="anc"/>
    <node xml:id="nc-n247"/>
    <a xml:id="nc-N68207" label="nchunk" ref="nc-n247" as="anc"/>
    <node xml:id="nc-n248"/>
    <a xml:id="nc-N68223" label="nchunk" ref="nc-n248" as="anc"/>
    <node xml:id="nc-n249"/>
    <a xml:id="nc-N68239" label="nchunk" ref="nc-n249" as="anc"/>
    <node xml:id="nc-n25"/>
    <a xml:id="nc-N68255" label="nchunk" ref="nc-n25" as="anc"/>
    <node xml:id="nc-n250"/>
    <a xml:id="nc-N68271" label="nchunk" ref="nc-n250" as="anc"/>
    <node xml:id="nc-n251"/>
    <a xml:id="nc-N68287" label="nchunk" ref="nc-n251" as="anc"/>
    <node xml:id="nc-n252"/>
    <a xml:id="nc-N68303" label="nchunk" ref="nc-n252" as="anc"/>
    <node xml:id="nc-n253"/>
    <a xml:id="nc-N68319" label="nchunk" ref="nc-n253" as="anc"/>
    <node xml:id="nc-n254"/>
    <a xml:id="nc-N68335" label="nchunk" ref="nc-n254" as="anc"/>
    <node xml:id="nc-n255"/>
    <a xml:id="nc-N68351" label="nchunk" ref="nc-n255" as="anc"/>
    <node xml:id="nc-n256"/>
    <a xml:id="nc-N68367" label="nchunk" ref="nc-n256" as="anc"/>
    <node xml:id="nc-n257"/>
    <a xml:id="nc-N68383" label="nchunk" ref="nc-n257" as="anc"/>
    <node xml:id="nc-n258"/>
    <a xml:id="nc-N68399" label="nchunk" ref="nc-n258" as="anc"/>
    <node xml:id="nc-n259"/>
    <a xml:id="nc-N68415" label="nchunk" ref="nc-n259" as="anc"/>
    <node xml:id="nc-n26"/>
    <a xml:id="nc-N68431" label="nchunk" ref="nc-n26" as="anc"/>
    <node xml:id="nc-n260"/>
    <a xml:id="nc-N68447" label="nchunk" ref="nc-n260" as="anc"/>
    <node xml:id="nc-n261"/>
    <a xml:id="nc-N68463" label="nchunk" ref="nc-n261" as="anc"/>
    <node xml:id="nc-n262"/>
    <a xml:id="nc-N68479" label="nchunk" ref="nc-n262" as="anc"/>
    <node xml:id="nc-n263"/>
    <a xml:id="nc-N68495" label="nchunk" ref="nc-n263" as="anc"/>
    <node xml:id="nc-n264"/>
    <a xml:id="nc-N68511" label="nchunk" ref="nc-n264" as="anc"/>
    <node xml:id="nc-n265"/>
    <a xml:id="nc-N68527" label="nchunk" ref="nc-n265" as="anc"/>
    <node xml:id="nc-n266"/>
    <a xml:id="nc-N68543" label="nchunk" ref="nc-n266" as="anc"/>
    <node xml:id="nc-n267"/>
    <a xml:id="nc-N68559" label="nchunk" ref="nc-n267" as="anc"/>
    <node xml:id="nc-n268"/>
    <a xml:id="nc-N68575" label="nchunk" ref="nc-n268" as="anc"/>
    <node xml:id="nc-n269"/>
    <a xml:id="nc-N68591" label="nchunk" ref="nc-n269" as="anc"/>
    <node xml:id="nc-n27"/>
    <a xml:id="nc-N68607" label="nchunk" ref="nc-n27" as="anc"/>
    <node xml:id="nc-n270"/>
    <a xml:id="nc-N68623" label="nchunk" ref="nc-n270" as="anc"/>
    <node xml:id="nc-n271"/>
    <a xml:id="nc-N68639" label="nchunk" ref="nc-n271" as="anc"/>
    <node xml:id="nc-n272"/>
    <a xml:id="nc-N68655" label="nchunk" ref="nc-n272" as="anc"/>
    <node xml:id="nc-n273"/>
    <a xml:id="nc-N68671" label="nchunk" ref="nc-n273" as="anc"/>
    <node xml:id="nc-n274"/>
    <a xml:id="nc-N68687" label="nchunk" ref="nc-n274" as="anc"/>
    <node xml:id="nc-n275"/>
    <a xml:id="nc-N68703" label="nchunk" ref="nc-n275" as="anc"/>
    <node xml:id="nc-n276"/>
    <a xml:id="nc-N68719" label="nchunk" ref="nc-n276" as="anc"/>
    <node xml:id="nc-n277"/>
    <a xml:id="nc-N68735" label="nchunk" ref="nc-n277" as="anc"/>
    <node xml:id="nc-n278"/>
    <a xml:id="nc-N68751" label="nchunk" ref="nc-n278" as="anc"/>
    <node xml:id="nc-n279"/>
    <a xml:id="nc-N68767" label="nchunk" ref="nc-n279" as="anc"/>
    <node xml:id="nc-n28"/>
    <a xml:id="nc-N68783" label="nchunk" ref="nc-n28" as="anc"/>
    <node xml:id="nc-n280"/>
    <a xml:id="nc-N68799" label="nchunk" ref="nc-n280" as="anc"/>
    <node xml:id="nc-n281"/>
    <a xml:id="nc-N68815" label="nchunk" ref="nc-n281" as="anc"/>
    <node xml:id="nc-n282"/>
    <a xml:id="nc-N68831" label="nchunk" ref="nc-n282" as="anc"/>
    <node xml:id="nc-n283"/>
    <a xml:id="nc-N68847" label="nchunk" ref="nc-n283" as="anc"/>
    <node xml:id="nc-n284"/>
    <a xml:id="nc-N68863" label="nchunk" ref="nc-n284" as="anc"/>
    <node xml:id="nc-n285"/>
    <a xml:id="nc-N68879" label="nchunk" ref="nc-n285" as="anc"/>
    <node xml:id="nc-n286"/>
    <a xml:id="nc-N68895" label="nchunk" ref="nc-n286" as="anc"/>
    <node xml:id="nc-n287"/>
    <a xml:id="nc-N68911" label="nchunk" ref="nc-n287" as="anc"/>
    <node xml:id="nc-n288"/>
    <a xml:id="nc-N68927" label="nchunk" ref="nc-n288" as="anc"/>
    <node xml:id="nc-n289"/>
    <a xml:id="nc-N68943" label="nchunk" ref="nc-n289" as="anc"/>
    <node xml:id="nc-n29"/>
    <a xml:id="nc-N68959" label="nchunk" ref="nc-n29" as="anc"/>
    <node xml:id="nc-n290"/>
    <a xml:id="nc-N68975" label="nchunk" ref="nc-n290" as="anc"/>
    <node xml:id="nc-n291"/>
    <a xml:id="nc-N68991" label="nchunk" ref="nc-n291" as="anc"/>
    <node xml:id="nc-n292"/>
    <a xml:id="nc-N69007" label="nchunk" ref="nc-n292" as="anc"/>
    <node xml:id="nc-n293"/>
    <a xml:id="nc-N69023" label="nchunk" ref="nc-n293" as="anc"/>
    <node xml:id="nc-n294"/>
    <a xml:id="nc-N69039" label="nchunk" ref="nc-n294" as="anc"/>
    <node xml:id="nc-n295"/>
    <a xml:id="nc-N69055" label="nchunk" ref="nc-n295" as="anc"/>
    <node xml:id="nc-n296"/>
    <a xml:id="nc-N69071" label="nchunk" ref="nc-n296" as="anc"/>
    <node xml:id="nc-n297"/>
    <a xml:id="nc-N69087" label="nchunk" ref="nc-n297" as="anc"/>
    <node xml:id="nc-n298"/>
    <a xml:id="nc-N69103" label="nchunk" ref="nc-n298" as="anc"/>
    <node xml:id="nc-n299"/>
    <a xml:id="nc-N69119" label="nchunk" ref="nc-n299" as="anc"/>
    <node xml:id="nc-n3"/>
    <a xml:id="nc-N69135" label="nchunk" ref="nc-n3" as="anc"/>
    <node xml:id="nc-n30"/>
    <a xml:id="nc-N69151" label="nchunk" ref="nc-n30" as="anc"/>
    <node xml:id="nc-n300"/>
    <a xml:id="nc-N69167" label="nchunk" ref="nc-n300" as="anc"/>
    <node xml:id="nc-n301"/>
    <a xml:id="nc-N69183" label="nchunk" ref="nc-n301" as="anc"/>
    <node xml:id="nc-n302"/>
    <a xml:id="nc-N69199" label="nchunk" ref="nc-n302" as="anc"/>
    <node xml:id="nc-n303"/>
    <a xml:id="nc-N69215" label="nchunk" ref="nc-n303" as="anc"/>
    <node xml:id="nc-n304"/>
    <a xml:id="nc-N69231" label="nchunk" ref="nc-n304" as="anc"/>
    <node xml:id="nc-n305"/>
    <a xml:id="nc-N69247" label="nchunk" ref="nc-n305" as="anc"/>
    <node xml:id="nc-n306"/>
    <a xml:id="nc-N69263" label="nchunk" ref="nc-n306" as="anc"/>
    <node xml:id="nc-n307"/>
    <a xml:id="nc-N69279" label="nchunk" ref="nc-n307" as="anc"/>
    <node xml:id="nc-n308"/>
    <a xml:id="nc-N69295" label="nchunk" ref="nc-n308" as="anc"/>
    <node xml:id="nc-n309"/>
    <a xml:id="nc-N69311" label="nchunk" ref="nc-n309" as="anc"/>
    <node xml:id="nc-n31"/>
    <a xml:id="nc-N69327" label="nchunk" ref="nc-n31" as="anc"/>
    <node xml:id="nc-n310"/>
    <a xml:id="nc-N69343" label="nchunk" ref="nc-n310" as="anc"/>
    <node xml:id="nc-n311"/>
    <a xml:id="nc-N69359" label="nchunk" ref="nc-n311" as="anc"/>
    <node xml:id="nc-n312"/>
    <a xml:id="nc-N69375" label="nchunk" ref="nc-n312" as="anc"/>
    <node xml:id="nc-n313"/>
    <a xml:id="nc-N69391" label="nchunk" ref="nc-n313" as="anc"/>
    <node xml:id="nc-n314"/>
    <a xml:id="nc-N69407" label="nchunk" ref="nc-n314" as="anc"/>
    <node xml:id="nc-n315"/>
    <a xml:id="nc-N69423" label="nchunk" ref="nc-n315" as="anc"/>
    <node xml:id="nc-n316"/>
    <a xml:id="nc-N69439" label="nchunk" ref="nc-n316" as="anc"/>
    <node xml:id="nc-n317"/>
    <a xml:id="nc-N69455" label="nchunk" ref="nc-n317" as="anc"/>
    <node xml:id="nc-n318"/>
    <a xml:id="nc-N69471" label="nchunk" ref="nc-n318" as="anc"/>
    <node xml:id="nc-n319"/>
    <a xml:id="nc-N69487" label="nchunk" ref="nc-n319" as="anc"/>
    <node xml:id="nc-n32"/>
    <a xml:id="nc-N69503" label="nchunk" ref="nc-n32" as="anc"/>
    <node xml:id="nc-n320"/>
    <a xml:id="nc-N69519" label="nchunk" ref="nc-n320" as="anc"/>
    <node xml:id="nc-n321"/>
    <a xml:id="nc-N69535" label="nchunk" ref="nc-n321" as="anc"/>
    <node xml:id="nc-n322"/>
    <a xml:id="nc-N69551" label="nchunk" ref="nc-n322" as="anc"/>
    <node xml:id="nc-n323"/>
    <a xml:id="nc-N69567" label="nchunk" ref="nc-n323" as="anc"/>
    <node xml:id="nc-n324"/>
    <a xml:id="nc-N69583" label="nchunk" ref="nc-n324" as="anc"/>
    <node xml:id="nc-n325"/>
    <a xml:id="nc-N69599" label="nchunk" ref="nc-n325" as="anc"/>
    <node xml:id="nc-n326"/>
    <a xml:id="nc-N69615" label="nchunk" ref="nc-n326" as="anc"/>
    <node xml:id="nc-n327"/>
    <a xml:id="nc-N69631" label="nchunk" ref="nc-n327" as="anc"/>
    <node xml:id="nc-n328"/>
    <a xml:id="nc-N69647" label="nchunk" ref="nc-n328" as="anc"/>
    <node xml:id="nc-n329"/>
    <a xml:id="nc-N69663" label="nchunk" ref="nc-n329" as="anc"/>
    <node xml:id="nc-n33"/>
    <a xml:id="nc-N69679" label="nchunk" ref="nc-n33" as="anc"/>
    <node xml:id="nc-n330"/>
    <a xml:id="nc-N69695" label="nchunk" ref="nc-n330" as="anc"/>
    <node xml:id="nc-n331"/>
    <a xml:id="nc-N69711" label="nchunk" ref="nc-n331" as="anc"/>
    <node xml:id="nc-n332"/>
    <a xml:id="nc-N69727" label="nchunk" ref="nc-n332" as="anc"/>
    <node xml:id="nc-n333"/>
    <a xml:id="nc-N69743" label="nchunk" ref="nc-n333" as="anc"/>
    <node xml:id="nc-n334"/>
    <a xml:id="nc-N69759" label="nchunk" ref="nc-n334" as="anc"/>
    <node xml:id="nc-n335"/>
    <a xml:id="nc-N69775" label="nchunk" ref="nc-n335" as="anc"/>
    <node xml:id="nc-n336"/>
    <a xml:id="nc-N69791" label="nchunk" ref="nc-n336" as="anc"/>
    <node xml:id="nc-n337"/>
    <a xml:id="nc-N69807" label="nchunk" ref="nc-n337" as="anc"/>
    <node xml:id="nc-n338"/>
    <a xml:id="nc-N69823" label="nchunk" ref="nc-n338" as="anc"/>
    <node xml:id="nc-n339"/>
    <a xml:id="nc-N69839" label="nchunk" ref="nc-n339" as="anc"/>
    <node xml:id="nc-n34"/>
    <a xml:id="nc-N69855" label="nchunk" ref="nc-n34" as="anc"/>
    <node xml:id="nc-n340"/>
    <a xml:id="nc-N69871" label="nchunk" ref="nc-n340" as="anc"/>
    <node xml:id="nc-n341"/>
    <a xml:id="nc-N69887" label="nchunk" ref="nc-n341" as="anc"/>
    <node xml:id="nc-n342"/>
    <a xml:id="nc-N69903" label="nchunk" ref="nc-n342" as="anc"/>
    <node xml:id="nc-n343"/>
    <a xml:id="nc-N69919" label="nchunk" ref="nc-n343" as="anc"/>
    <node xml:id="nc-n344"/>
    <a xml:id="nc-N69935" label="nchunk" ref="nc-n344" as="anc"/>
    <node xml:id="nc-n345"/>
    <a xml:id="nc-N69951" label="nchunk" ref="nc-n345" as="anc"/>
    <node xml:id="nc-n346"/>
    <a xml:id="nc-N69967" label="nchunk" ref="nc-n346" as="anc"/>
    <node xml:id="nc-n347"/>
    <a xml:id="nc-N69983" label="nchunk" ref="nc-n347" as="anc"/>
    <node xml:id="nc-n348"/>
    <a xml:id="nc-N69999" label="nchunk" ref="nc-n348" as="anc"/>
    <node xml:id="nc-n349"/>
    <a xml:id="nc-N70019" label="nchunk" ref="nc-n349" as="anc"/>
    <node xml:id="nc-n35"/>
    <a xml:id="nc-N70039" label="nchunk" ref="nc-n35" as="anc"/>
    <node xml:id="nc-n350"/>
    <a xml:id="nc-N70055" label="nchunk" ref="nc-n350" as="anc"/>
    <node xml:id="nc-n351"/>
    <a xml:id="nc-N70071" label="nchunk" ref="nc-n351" as="anc"/>
    <node xml:id="nc-n352"/>
    <a xml:id="nc-N70087" label="nchunk" ref="nc-n352" as="anc"/>
    <node xml:id="nc-n353"/>
    <a xml:id="nc-N70103" label="nchunk" ref="nc-n353" as="anc"/>
    <node xml:id="nc-n354"/>
    <a xml:id="nc-N70119" label="nchunk" ref="nc-n354" as="anc"/>
    <node xml:id="nc-n355"/>
    <a xml:id="nc-N70135" label="nchunk" ref="nc-n355" as="anc"/>
    <node xml:id="nc-n356"/>
    <a xml:id="nc-N70151" label="nchunk" ref="nc-n356" as="anc"/>
    <node xml:id="nc-n357"/>
    <a xml:id="nc-N70167" label="nchunk" ref="nc-n357" as="anc"/>
    <node xml:id="nc-n358"/>
    <a xml:id="nc-N70183" label="nchunk" ref="nc-n358" as="anc"/>
    <node xml:id="nc-n359"/>
    <a xml:id="nc-N70199" label="nchunk" ref="nc-n359" as="anc"/>
    <node xml:id="nc-n36"/>
    <a xml:id="nc-N70215" label="nchunk" ref="nc-n36" as="anc"/>
    <node xml:id="nc-n360"/>
    <a xml:id="nc-N70231" label="nchunk" ref="nc-n360" as="anc"/>
    <node xml:id="nc-n361"/>
    <a xml:id="nc-N70251" label="nchunk" ref="nc-n361" as="anc"/>
    <node xml:id="nc-n362"/>
    <a xml:id="nc-N70271" label="nchunk" ref="nc-n362" as="anc"/>
    <node xml:id="nc-n363"/>
    <a xml:id="nc-N70287" label="nchunk" ref="nc-n363" as="anc"/>
    <node xml:id="nc-n364"/>
    <a xml:id="nc-N70303" label="nchunk" ref="nc-n364" as="anc"/>
    <node xml:id="nc-n365"/>
    <a xml:id="nc-N70319" label="nchunk" ref="nc-n365" as="anc"/>
    <node xml:id="nc-n366"/>
    <a xml:id="nc-N70335" label="nchunk" ref="nc-n366" as="anc"/>
    <node xml:id="nc-n367"/>
    <a xml:id="nc-N70351" label="nchunk" ref="nc-n367" as="anc"/>
    <node xml:id="nc-n368"/>
    <a xml:id="nc-N70367" label="nchunk" ref="nc-n368" as="anc"/>
    <node xml:id="nc-n369"/>
    <a xml:id="nc-N70383" label="nchunk" ref="nc-n369" as="anc"/>
    <node xml:id="nc-n37"/>
    <a xml:id="nc-N70399" label="nchunk" ref="nc-n37" as="anc"/>
    <node xml:id="nc-n370"/>
    <a xml:id="nc-N70415" label="nchunk" ref="nc-n370" as="anc"/>
    <node xml:id="nc-n371"/>
    <a xml:id="nc-N70431" label="nchunk" ref="nc-n371" as="anc"/>
    <node xml:id="nc-n372"/>
    <a xml:id="nc-N70447" label="nchunk" ref="nc-n372" as="anc"/>
    <node xml:id="nc-n373"/>
    <a xml:id="nc-N70463" label="nchunk" ref="nc-n373" as="anc"/>
    <node xml:id="nc-n374"/>
    <a xml:id="nc-N70479" label="nchunk" ref="nc-n374" as="anc"/>
    <node xml:id="nc-n375"/>
    <a xml:id="nc-N70487" label="nchunk" ref="nc-n375" as="anc"/>
    <node xml:id="nc-n376"/>
    <a xml:id="nc-N70503" label="nchunk" ref="nc-n376" as="anc"/>
    <node xml:id="nc-n377"/>
    <a xml:id="nc-N70519" label="nchunk" ref="nc-n377" as="anc"/>
    <node xml:id="nc-n378"/>
    <a xml:id="nc-N70535" label="nchunk" ref="nc-n378" as="anc"/>
    <node xml:id="nc-n379"/>
    <a xml:id="nc-N70551" label="nchunk" ref="nc-n379" as="anc"/>
    <node xml:id="nc-n38"/>
    <a xml:id="nc-N70567" label="nchunk" ref="nc-n38" as="anc"/>
    <node xml:id="nc-n380"/>
    <a xml:id="nc-N70583" label="nchunk" ref="nc-n380" as="anc"/>
    <node xml:id="nc-n381"/>
    <a xml:id="nc-N70599" label="nchunk" ref="nc-n381" as="anc"/>
    <node xml:id="nc-n382"/>
    <a xml:id="nc-N70615" label="nchunk" ref="nc-n382" as="anc"/>
    <node xml:id="nc-n383"/>
    <a xml:id="nc-N70631" label="nchunk" ref="nc-n383" as="anc"/>
    <node xml:id="nc-n384"/>
    <a xml:id="nc-N70647" label="nchunk" ref="nc-n384" as="anc"/>
    <node xml:id="nc-n385"/>
    <a xml:id="nc-N70663" label="nchunk" ref="nc-n385" as="anc"/>
    <node xml:id="nc-n386"/>
    <a xml:id="nc-N70679" label="nchunk" ref="nc-n386" as="anc"/>
    <node xml:id="nc-n387"/>
    <a xml:id="nc-N70695" label="nchunk" ref="nc-n387" as="anc"/>
    <node xml:id="nc-n388"/>
    <a xml:id="nc-N70711" label="nchunk" ref="nc-n388" as="anc"/>
    <node xml:id="nc-n389"/>
    <a xml:id="nc-N70727" label="nchunk" ref="nc-n389" as="anc"/>
    <node xml:id="nc-n39"/>
    <a xml:id="nc-N70743" label="nchunk" ref="nc-n39" as="anc"/>
    <node xml:id="nc-n390"/>
    <a xml:id="nc-N70759" label="nchunk" ref="nc-n390" as="anc"/>
    <node xml:id="nc-n391"/>
    <a xml:id="nc-N70775" label="nchunk" ref="nc-n391" as="anc"/>
    <node xml:id="nc-n392"/>
    <a xml:id="nc-N70791" label="nchunk" ref="nc-n392" as="anc"/>
    <node xml:id="nc-n393"/>
    <a xml:id="nc-N70807" label="nchunk" ref="nc-n393" as="anc"/>
    <node xml:id="nc-n394"/>
    <a xml:id="nc-N70823" label="nchunk" ref="nc-n394" as="anc"/>
    <node xml:id="nc-n395"/>
    <a xml:id="nc-N70839" label="nchunk" ref="nc-n395" as="anc"/>
    <node xml:id="nc-n396"/>
    <a xml:id="nc-N70855" label="nchunk" ref="nc-n396" as="anc"/>
    <node xml:id="nc-n397"/>
    <a xml:id="nc-N70871" label="nchunk" ref="nc-n397" as="anc"/>
    <node xml:id="nc-n398"/>
    <a xml:id="nc-N70887" label="nchunk" ref="nc-n398" as="anc"/>
    <node xml:id="nc-n399"/>
    <a xml:id="nc-N70895" label="nchunk" ref="nc-n399" as="anc"/>
    <node xml:id="nc-n4"/>
    <a xml:id="nc-N70911" label="nchunk" ref="nc-n4" as="anc"/>
    <node xml:id="nc-n40"/>
    <a xml:id="nc-N70931" label="nchunk" ref="nc-n40" as="anc"/>
    <node xml:id="nc-n41"/>
    <a xml:id="nc-N70947" label="nchunk" ref="nc-n41" as="anc"/>
    <node xml:id="nc-n42"/>
    <a xml:id="nc-N70963" label="nchunk" ref="nc-n42" as="anc"/>
    <node xml:id="nc-n43"/>
    <a xml:id="nc-N70979" label="nchunk" ref="nc-n43" as="anc"/>
    <node xml:id="nc-n44"/>
    <a xml:id="nc-N70995" label="nchunk" ref="nc-n44" as="anc"/>
    <node xml:id="nc-n45"/>
    <a xml:id="nc-N71011" label="nchunk" ref="nc-n45" as="anc"/>
    <node xml:id="nc-n46"/>
    <a xml:id="nc-N71027" label="nchunk" ref="nc-n46" as="anc"/>
    <node xml:id="nc-n47"/>
    <a xml:id="nc-N71043" label="nchunk" ref="nc-n47" as="anc"/>
    <node xml:id="nc-n48"/>
    <a xml:id="nc-N71059" label="nchunk" ref="nc-n48" as="anc"/>
    <node xml:id="nc-n49"/>
    <a xml:id="nc-N71075" label="nchunk" ref="nc-n49" as="anc"/>
    <node xml:id="nc-n5"/>
    <a xml:id="nc-N71091" label="nchunk" ref="nc-n5" as="anc"/>
    <node xml:id="nc-n50"/>
    <a xml:id="nc-N71107" label="nchunk" ref="nc-n50" as="anc"/>
    <node xml:id="nc-n51"/>
    <a xml:id="nc-N71123" label="nchunk" ref="nc-n51" as="anc"/>
    <node xml:id="nc-n52"/>
    <a xml:id="nc-N71139" label="nchunk" ref="nc-n52" as="anc"/>
    <node xml:id="nc-n53"/>
    <a xml:id="nc-N71155" label="nchunk" ref="nc-n53" as="anc"/>
    <node xml:id="nc-n54"/>
    <a xml:id="nc-N71171" label="nchunk" ref="nc-n54" as="anc"/>
    <node xml:id="nc-n55"/>
    <a xml:id="nc-N71187" label="nchunk" ref="nc-n55" as="anc"/>
    <node xml:id="nc-n56"/>
    <a xml:id="nc-N71203" label="nchunk" ref="nc-n56" as="anc"/>
    <node xml:id="nc-n57"/>
    <a xml:id="nc-N71219" label="nchunk" ref="nc-n57" as="anc"/>
    <node xml:id="nc-n58"/>
    <a xml:id="nc-N71235" label="nchunk" ref="nc-n58" as="anc"/>
    <node xml:id="nc-n59"/>
    <a xml:id="nc-N71251" label="nchunk" ref="nc-n59" as="anc"/>
    <node xml:id="nc-n6"/>
    <a xml:id="nc-N71267" label="nchunk" ref="nc-n6" as="anc"/>
    <node xml:id="nc-n60"/>
    <a xml:id="nc-N71283" label="nchunk" ref="nc-n60" as="anc"/>
    <node xml:id="nc-n61"/>
    <a xml:id="nc-N71299" label="nchunk" ref="nc-n61" as="anc"/>
    <node xml:id="nc-n62"/>
    <a xml:id="nc-N71315" label="nchunk" ref="nc-n62" as="anc"/>
    <node xml:id="nc-n63"/>
    <a xml:id="nc-N71331" label="nchunk" ref="nc-n63" as="anc"/>
    <node xml:id="nc-n64"/>
    <a xml:id="nc-N71347" label="nchunk" ref="nc-n64" as="anc"/>
    <node xml:id="nc-n65"/>
    <a xml:id="nc-N71363" label="nchunk" ref="nc-n65" as="anc"/>
    <node xml:id="nc-n66"/>
    <a xml:id="nc-N71379" label="nchunk" ref="nc-n66" as="anc"/>
    <node xml:id="nc-n67"/>
    <a xml:id="nc-N71395" label="nchunk" ref="nc-n67" as="anc"/>
    <node xml:id="nc-n68"/>
    <a xml:id="nc-N71411" label="nchunk" ref="nc-n68" as="anc"/>
    <node xml:id="nc-n69"/>
    <a xml:id="nc-N71427" label="nchunk" ref="nc-n69" as="anc"/>
    <node xml:id="nc-n7"/>
    <a xml:id="nc-N71443" label="nchunk" ref="nc-n7" as="anc"/>
    <node xml:id="nc-n70"/>
    <a xml:id="nc-N71459" label="nchunk" ref="nc-n70" as="anc"/>
    <node xml:id="nc-n71"/>
    <a xml:id="nc-N71475" label="nchunk" ref="nc-n71" as="anc"/>
    <node xml:id="nc-n72"/>
    <a xml:id="nc-N71491" label="nchunk" ref="nc-n72" as="anc"/>
    <node xml:id="nc-n73"/>
    <a xml:id="nc-N71507" label="nchunk" ref="nc-n73" as="anc"/>
    <node xml:id="nc-n74"/>
    <a xml:id="nc-N71523" label="nchunk" ref="nc-n74" as="anc"/>
    <node xml:id="nc-n75"/>
    <a xml:id="nc-N71539" label="nchunk" ref="nc-n75" as="anc"/>
    <node xml:id="nc-n76"/>
    <a xml:id="nc-N71555" label="nchunk" ref="nc-n76" as="anc"/>
    <node xml:id="nc-n77"/>
    <a xml:id="nc-N71571" label="nchunk" ref="nc-n77" as="anc"/>
    <node xml:id="nc-n78"/>
    <a xml:id="nc-N71587" label="nchunk" ref="nc-n78" as="anc"/>
    <node xml:id="nc-n79"/>
    <a xml:id="nc-N71603" label="nchunk" ref="nc-n79" as="anc"/>
    <node xml:id="nc-n8"/>
    <a xml:id="nc-N71619" label="nchunk" ref="nc-n8" as="anc"/>
    <node xml:id="nc-n80"/>
    <a xml:id="nc-N71635" label="nchunk" ref="nc-n80" as="anc"/>
    <node xml:id="nc-n81"/>
    <a xml:id="nc-N71651" label="nchunk" ref="nc-n81" as="anc"/>
    <node xml:id="nc-n82"/>
    <a xml:id="nc-N71667" label="nchunk" ref="nc-n82" as="anc"/>
    <node xml:id="nc-n83"/>
    <a xml:id="nc-N71683" label="nchunk" ref="nc-n83" as="anc"/>
    <node xml:id="nc-n84"/>
    <a xml:id="nc-N71699" label="nchunk" ref="nc-n84" as="anc"/>
    <node xml:id="nc-n85"/>
    <a xml:id="nc-N71715" label="nchunk" ref="nc-n85" as="anc"/>
    <node xml:id="nc-n86"/>
    <a xml:id="nc-N71731" label="nchunk" ref="nc-n86" as="anc"/>
    <node xml:id="nc-n87"/>
    <a xml:id="nc-N71747" label="nchunk" ref="nc-n87" as="anc"/>
    <node xml:id="nc-n88"/>
    <a xml:id="nc-N71763" label="nchunk" ref="nc-n88" as="anc"/>
    <node xml:id="nc-n89"/>
    <a xml:id="nc-N71779" label="nchunk" ref="nc-n89" as="anc"/>
    <node xml:id="nc-n9"/>
    <a xml:id="nc-N71795" label="nchunk" ref="nc-n9" as="anc"/>
    <node xml:id="nc-n90"/>
    <a xml:id="nc-N71811" label="nchunk" ref="nc-n90" as="anc"/>
    <node xml:id="nc-n91"/>
    <a xml:id="nc-N71827" label="nchunk" ref="nc-n91" as="anc"/>
    <node xml:id="nc-n92"/>
    <a xml:id="nc-N71843" label="nchunk" ref="nc-n92" as="anc"/>
    <node xml:id="nc-n93"/>
    <a xml:id="nc-N71859" label="nchunk" ref="nc-n93" as="anc"/>
    <node xml:id="nc-n94"/>
    <a xml:id="nc-N71875" label="nchunk" ref="nc-n94" as="anc"/>
    <node xml:id="nc-n95"/>
    <a xml:id="nc-N71891" label="nchunk" ref="nc-n95" as="anc"/>
    <node xml:id="nc-n96"/>
    <a xml:id="nc-N71907" label="nchunk" ref="nc-n96" as="anc"/>
    <node xml:id="nc-n97"/>
    <a xml:id="nc-N71923" label="nchunk" ref="nc-n97" as="anc"/>
    <node xml:id="nc-n98"/>
    <a xml:id="nc-N71939" label="nchunk" ref="nc-n98" as="anc"/>
    <node xml:id="nc-n99"/>
    <a xml:id="nc-N71955" label="nchunk" ref="nc-n99" as="anc"/>
    <edge xml:id="nc-lnk146" from="nc-n79" to="penn-n291"/>
    <edge xml:id="nc-lnk145" from="nc-n78" to="penn-n289"/>
    <edge xml:id="nc-lnk144" from="nc-n77" to="penn-n285"/>
    <edge xml:id="nc-lnk143" from="nc-n76" to="penn-n282"/>
    <edge xml:id="nc-lnk142" from="nc-n76" to="penn-n281"/>
    <edge xml:id="nc-lnk141" from="nc-n75" to="penn-n279"/>
    <edge xml:id="nc-lnk140" from="nc-n75" to="penn-n278"/>
    <edge xml:id="nc-lnk49" from="nc-n23" to="penn-n91"/>
    <edge xml:id="nc-lnk48" from="nc-n22" to="penn-n86"/>
    <edge xml:id="nc-lnk47" from="nc-n21" to="penn-n81"/>
    <edge xml:id="nc-lnk46" from="nc-n20" to="penn-n77"/>
    <edge xml:id="nc-lnk45" from="nc-n20" to="penn-n76"/>
    <edge xml:id="nc-lnk44" from="nc-n19" to="penn-n71"/>
    <edge xml:id="nc-lnk43" from="nc-n18" to="penn-n70"/>
    <edge xml:id="nc-lnk42" from="nc-n18" to="penn-n69"/>
    <edge xml:id="nc-lnk41" from="nc-n18" to="penn-n68"/>
    <edge xml:id="nc-lnk40" from="nc-n17" to="penn-n65"/>
    <edge xml:id="nc-lnk139" from="nc-n75" to="penn-n277"/>
    <edge xml:id="nc-lnk138" from="nc-n74" to="penn-n276"/>
    <edge xml:id="nc-lnk499" from="nc-n283" to="penn-n1007"/>
    <edge xml:id="nc-lnk137" from="nc-n73" to="penn-n273"/>
    <edge xml:id="nc-lnk498" from="nc-n283" to="penn-n1006"/>
    <edge xml:id="nc-lnk136" from="nc-n73" to="penn-n272"/>
    <edge xml:id="nc-lnk497" from="nc-n283" to="penn-n1005"/>
    <edge xml:id="nc-lnk135" from="nc-n72" to="penn-n263"/>
    <edge xml:id="nc-lnk496" from="nc-n282" to="penn-n1003"/>
    <edge xml:id="nc-lnk134" from="nc-n71" to="penn-n260"/>
    <edge xml:id="nc-lnk495" from="nc-n281" to="penn-n997"/>
    <edge xml:id="nc-lnk133" from="nc-n71" to="penn-n259"/>
    <edge xml:id="nc-lnk494" from="nc-n280" to="penn-n995"/>
    <edge xml:id="nc-lnk132" from="nc-n70" to="penn-n256"/>
    <edge xml:id="nc-lnk493" from="nc-n279" to="penn-n993"/>
    <edge xml:id="nc-lnk131" from="nc-n69" to="penn-n253"/>
    <edge xml:id="nc-lnk492" from="nc-n279" to="penn-n992"/>
    <edge xml:id="nc-lnk130" from="nc-n69" to="penn-n252"/>
    <edge xml:id="nc-lnk491" from="nc-n279" to="penn-n991"/>
    <edge xml:id="nc-lnk490" from="nc-n278" to="penn-n989"/>
    <edge xml:id="nc-lnk39" from="nc-n17" to="penn-n64"/>
    <edge xml:id="nc-lnk38" from="nc-n17" to="penn-n63"/>
    <edge xml:id="nc-lnk37" from="nc-n16" to="penn-n59"/>
    <edge xml:id="nc-lnk36" from="nc-n16" to="penn-n58"/>
    <edge xml:id="nc-lnk35" from="nc-n16" to="penn-n57"/>
    <edge xml:id="nc-lnk34" from="nc-n15" to="penn-n56"/>
    <edge xml:id="nc-lnk33" from="nc-n14" to="penn-n53"/>
    <edge xml:id="nc-lnk32" from="nc-n14" to="penn-n52"/>
    <edge xml:id="nc-lnk31" from="nc-n14" to="penn-n51"/>
    <edge xml:id="nc-lnk30" from="nc-n13" to="penn-n49"/>
    <edge xml:id="nc-lnk129" from="nc-n68" to="penn-n250"/>
    <edge xml:id="nc-lnk128" from="nc-n67" to="penn-n248"/>
    <edge xml:id="nc-lnk489" from="nc-n277" to="penn-n986"/>
    <edge xml:id="nc-lnk127" from="nc-n67" to="penn-n247"/>
    <edge xml:id="nc-lnk488" from="nc-n277" to="penn-n985"/>
    <edge xml:id="nc-lnk126" from="nc-n66" to="penn-n244"/>
    <edge xml:id="nc-lnk487" from="nc-n276" to="penn-n983"/>
    <edge xml:id="nc-lnk125" from="nc-n65" to="penn-n242"/>
    <edge xml:id="nc-lnk486" from="nc-n276" to="penn-n982"/>
    <edge xml:id="nc-lnk124" from="nc-n64" to="penn-n239"/>
    <edge xml:id="nc-lnk485" from="nc-n275" to="penn-n979"/>
    <edge xml:id="nc-lnk123" from="nc-n63" to="penn-n237"/>
    <edge xml:id="nc-lnk484" from="nc-n274" to="penn-n977"/>
    <edge xml:id="nc-lnk122" from="nc-n62" to="penn-n233"/>
    <edge xml:id="nc-lnk483" from="nc-n274" to="penn-n976"/>
    <edge xml:id="nc-lnk121" from="nc-n61" to="penn-n230"/>
    <edge xml:id="nc-lnk482" from="nc-n273" to="penn-n974"/>
    <edge xml:id="nc-lnk120" from="nc-n60" to="penn-n227"/>
    <edge xml:id="nc-lnk481" from="nc-n273" to="penn-n973"/>
    <edge xml:id="nc-lnk480" from="nc-n272" to="penn-n965"/>
    <edge xml:id="nc-lnk29" from="nc-n12" to="penn-n45"/>
    <edge xml:id="nc-lnk28" from="nc-n12" to="penn-n44"/>
    <edge xml:id="nc-lnk27" from="nc-n12" to="penn-n43"/>
    <edge xml:id="nc-lnk26" from="nc-n11" to="penn-n40"/>
    <edge xml:id="nc-lnk25" from="nc-n11" to="penn-n39"/>
    <edge xml:id="nc-lnk24" from="nc-n10" to="penn-n37"/>
    <edge xml:id="nc-lnk23" from="nc-n9" to="penn-n33"/>
    <edge xml:id="nc-lnk22" from="nc-n8" to="penn-n29"/>
    <edge xml:id="nc-lnk21" from="nc-n8" to="penn-n28"/>
    <edge xml:id="nc-lnk20" from="nc-n7" to="penn-n26"/>
    <edge xml:id="nc-lnk119" from="nc-n59" to="penn-n225"/>
    <edge xml:id="nc-lnk118" from="nc-n59" to="penn-n224"/>
    <edge xml:id="nc-lnk479" from="nc-n272" to="penn-n964"/>
    <edge xml:id="nc-lnk117" from="nc-n59" to="penn-n223"/>
    <edge xml:id="nc-lnk478" from="nc-n271" to="penn-n962"/>
    <edge xml:id="nc-lnk116" from="nc-n59" to="penn-n222"/>
    <edge xml:id="nc-lnk477" from="nc-n271" to="penn-n961"/>
    <edge xml:id="nc-lnk115" from="nc-n58" to="penn-n220"/>
    <edge xml:id="nc-lnk476" from="nc-n270" to="penn-n959"/>
    <edge xml:id="nc-lnk114" from="nc-n58" to="penn-n219"/>
    <edge xml:id="nc-lnk475" from="nc-n269" to="penn-n954"/>
    <edge xml:id="nc-lnk113" from="nc-n58" to="penn-n218"/>
    <edge xml:id="nc-lnk474" from="nc-n268" to="penn-n950"/>
    <edge xml:id="nc-lnk112" from="nc-n57" to="penn-n216"/>
    <edge xml:id="nc-lnk473" from="nc-n267" to="penn-n949"/>
    <edge xml:id="nc-lnk111" from="nc-n56" to="penn-n213"/>
    <edge xml:id="nc-lnk472" from="nc-n266" to="penn-n936"/>
    <edge xml:id="nc-lnk110" from="nc-n56" to="penn-n212"/>
    <edge xml:id="nc-lnk471" from="nc-n265" to="penn-n934"/>
    <edge xml:id="nc-lnk470" from="nc-n264" to="penn-n932"/>
    <edge xml:id="nc-lnk19" from="nc-n7" to="penn-n25"/>
    <edge xml:id="nc-lnk18" from="nc-n7" to="penn-n24"/>
    <edge xml:id="nc-lnk17" from="nc-n6" to="penn-n22"/>
    <edge xml:id="nc-lnk16" from="nc-n6" to="penn-n21"/>
    <edge xml:id="nc-lnk15" from="nc-n5" to="penn-n19"/>
    <edge xml:id="nc-lnk14" from="nc-n5" to="penn-n18"/>
    <edge xml:id="nc-lnk13" from="nc-n4" to="penn-n17"/>
    <edge xml:id="nc-lnk12" from="nc-n4" to="penn-n16"/>
    <edge xml:id="nc-lnk11" from="nc-n4" to="penn-n15"/>
    <edge xml:id="nc-lnk10" from="nc-n4" to="penn-n14"/>
    <edge xml:id="nc-lnk109" from="nc-n56" to="penn-n211"/>
    <edge xml:id="nc-lnk108" from="nc-n56" to="penn-n210"/>
    <edge xml:id="nc-lnk469" from="nc-n264" to="penn-n931"/>
    <edge xml:id="nc-lnk107" from="nc-n55" to="penn-n206"/>
    <edge xml:id="nc-lnk468" from="nc-n263" to="penn-n929"/>
    <edge xml:id="nc-lnk106" from="nc-n54" to="penn-n204"/>
    <edge xml:id="nc-lnk467" from="nc-n263" to="penn-n928"/>
    <edge xml:id="nc-lnk105" from="nc-n54" to="penn-n203"/>
    <edge xml:id="nc-lnk466" from="nc-n263" to="penn-n927"/>
    <edge xml:id="nc-lnk104" from="nc-n54" to="penn-n202"/>
    <edge xml:id="nc-lnk465" from="nc-n263" to="penn-n926"/>
    <edge xml:id="nc-lnk103" from="nc-n53" to="penn-n200"/>
    <edge xml:id="nc-lnk464" from="nc-n262" to="penn-n924"/>
    <edge xml:id="nc-lnk102" from="nc-n52" to="penn-n198"/>
    <edge xml:id="nc-lnk463" from="nc-n261" to="penn-n921"/>
    <edge xml:id="nc-lnk101" from="nc-n52" to="penn-n197"/>
    <edge xml:id="nc-lnk462" from="nc-n260" to="penn-n917"/>
    <edge xml:id="nc-lnk100" from="nc-n51" to="penn-n195"/>
    <edge xml:id="nc-lnk461" from="nc-n259" to="penn-n913"/>
    <edge xml:id="nc-lnk460" from="nc-n258" to="penn-n911"/>
    <edge xml:id="nc-lnk459" from="nc-n257" to="penn-n909"/>
    <edge xml:id="nc-lnk458" from="nc-n257" to="penn-n908"/>
    <edge xml:id="nc-lnk457" from="nc-n257" to="penn-n907"/>
    <edge xml:id="nc-lnk456" from="nc-n256" to="penn-n904"/>
    <edge xml:id="nc-lnk455" from="nc-n256" to="penn-n903"/>
    <edge xml:id="nc-lnk454" from="nc-n255" to="penn-n900"/>
    <edge xml:id="nc-lnk453" from="nc-n254" to="penn-n898"/>
    <edge xml:id="nc-lnk452" from="nc-n253" to="penn-n896"/>
    <edge xml:id="nc-lnk451" from="nc-n252" to="penn-n892"/>
    <edge xml:id="nc-lnk450" from="nc-n251" to="penn-n890"/>
    <edge xml:id="nc-lnk449" from="nc-n250" to="penn-n887"/>
    <edge xml:id="nc-lnk448" from="nc-n250" to="penn-n886"/>
    <edge xml:id="nc-lnk447" from="nc-n249" to="penn-n880"/>
    <edge xml:id="nc-lnk446" from="nc-n248" to="penn-n879"/>
    <edge xml:id="nc-lnk445" from="nc-n247" to="penn-n877"/>
    <edge xml:id="nc-lnk444" from="nc-n247" to="penn-n876"/>
    <edge xml:id="nc-lnk443" from="nc-n246" to="penn-n872"/>
    <edge xml:id="nc-lnk442" from="nc-n245" to="penn-n870"/>
    <edge xml:id="nc-lnk441" from="nc-n245" to="penn-n869"/>
    <edge xml:id="nc-lnk440" from="nc-n245" to="penn-n868"/>
    <edge xml:id="nc-lnk439" from="nc-n245" to="penn-n867"/>
    <edge xml:id="nc-lnk438" from="nc-n245" to="penn-n866"/>
    <edge xml:id="nc-lnk9" from="nc-n4" to="penn-n13"/>
    <edge xml:id="nc-lnk437" from="nc-n245" to="penn-n865"/>
    <edge xml:id="nc-lnk8" from="nc-n3" to="penn-n12"/>
    <edge xml:id="nc-lnk436" from="nc-n244" to="penn-n863"/>
    <edge xml:id="nc-lnk7" from="nc-n3" to="penn-n11"/>
    <edge xml:id="nc-lnk435" from="nc-n243" to="penn-n860"/>
    <edge xml:id="nc-lnk6" from="nc-n3" to="penn-n10"/>
    <edge xml:id="nc-lnk434" from="nc-n242" to="penn-n856"/>
    <edge xml:id="nc-lnk5" from="nc-n2" to="penn-n8"/>
    <edge xml:id="nc-lnk433" from="nc-n241" to="penn-n851"/>
    <edge xml:id="nc-lnk4" from="nc-n2" to="penn-n7"/>
    <edge xml:id="nc-lnk432" from="nc-n241" to="penn-n850"/>
    <edge xml:id="nc-lnk3" from="nc-n1" to="penn-n6"/>
    <edge xml:id="nc-lnk431" from="nc-n240" to="penn-n848"/>
    <edge xml:id="nc-lnk2" from="nc-n1" to="penn-n5"/>
    <edge xml:id="nc-lnk430" from="nc-n239" to="penn-n842"/>
    <edge xml:id="nc-lnk1" from="nc-n0" to="penn-n2"/>
    <edge xml:id="nc-lnk0" from="nc-n0" to="penn-n1"/>
    <edge xml:id="nc-lnk429" from="nc-n238" to="penn-n841"/>
    <edge xml:id="nc-lnk428" from="nc-n237" to="penn-n839"/>
    <edge xml:id="nc-lnk427" from="nc-n237" to="penn-n838"/>
    <edge xml:id="nc-lnk426" from="nc-n236" to="penn-n836"/>
    <edge xml:id="nc-lnk425" from="nc-n235" to="penn-n835"/>
    <edge xml:id="nc-lnk424" from="nc-n234" to="penn-n832"/>
    <edge xml:id="nc-lnk423" from="nc-n234" to="penn-n831"/>
    <edge xml:id="nc-lnk422" from="nc-n234" to="penn-n830"/>
    <edge xml:id="nc-lnk421" from="nc-n234" to="penn-n829"/>
    <edge xml:id="nc-lnk420" from="nc-n233" to="penn-n828"/>
    <edge xml:id="nc-lnk419" from="nc-n233" to="penn-n827"/>
    <edge xml:id="nc-lnk418" from="nc-n232" to="penn-n824"/>
    <edge xml:id="nc-lnk417" from="nc-n231" to="penn-n822"/>
    <edge xml:id="nc-lnk416" from="nc-n231" to="penn-n821"/>
    <edge xml:id="nc-lnk415" from="nc-n231" to="penn-n820"/>
    <edge xml:id="nc-lnk414" from="nc-n231" to="penn-n819"/>
    <edge xml:id="nc-lnk413" from="nc-n231" to="penn-n818"/>
    <edge xml:id="nc-lnk412" from="nc-n231" to="penn-n817"/>
    <edge xml:id="nc-lnk411" from="nc-n230" to="penn-n813"/>
    <edge xml:id="nc-lnk410" from="nc-n229" to="penn-n809"/>
    <edge xml:id="nc-lnk409" from="nc-n228" to="penn-n807"/>
    <edge xml:id="nc-lnk408" from="nc-n228" to="penn-n806"/>
    <edge xml:id="nc-lnk407" from="nc-n228" to="penn-n805"/>
    <edge xml:id="nc-lnk406" from="nc-n228" to="penn-n804"/>
    <edge xml:id="nc-lnk405" from="nc-n227" to="penn-n801"/>
    <edge xml:id="nc-lnk404" from="nc-n226" to="penn-n795"/>
    <edge xml:id="nc-lnk403" from="nc-n225" to="penn-n792"/>
    <edge xml:id="nc-lnk402" from="nc-n224" to="penn-n790"/>
    <edge xml:id="nc-lnk401" from="nc-n224" to="penn-n789"/>
    <edge xml:id="nc-lnk400" from="nc-n224" to="penn-n788"/>
    <edge xml:id="nc-lnk299" from="nc-n170" to="penn-n577"/>
    <edge xml:id="nc-lnk298" from="nc-n170" to="penn-n576"/>
    <edge xml:id="nc-lnk297" from="nc-n169" to="penn-n571"/>
    <edge xml:id="nc-lnk296" from="nc-n168" to="penn-n569"/>
    <edge xml:id="nc-lnk295" from="nc-n167" to="penn-n567"/>
    <edge xml:id="nc-lnk294" from="nc-n166" to="penn-n563"/>
    <edge xml:id="nc-lnk293" from="nc-n165" to="penn-n558"/>
    <edge xml:id="nc-lnk292" from="nc-n164" to="penn-n554"/>
    <edge xml:id="nc-lnk291" from="nc-n163" to="penn-n553"/>
    <edge xml:id="nc-lnk290" from="nc-n162" to="penn-n549"/>
    <edge xml:id="nc-lnk289" from="nc-n162" to="penn-n548"/>
    <edge xml:id="nc-lnk288" from="nc-n161" to="penn-n546"/>
    <edge xml:id="nc-lnk287" from="nc-n161" to="penn-n545"/>
    <edge xml:id="nc-lnk286" from="nc-n161" to="penn-n544"/>
    <edge xml:id="nc-lnk285" from="nc-n160" to="penn-n541"/>
    <edge xml:id="nc-lnk284" from="nc-n160" to="penn-n540"/>
    <edge xml:id="nc-lnk283" from="nc-n159" to="penn-n538"/>
    <edge xml:id="nc-lnk282" from="nc-n158" to="penn-n536"/>
    <edge xml:id="nc-lnk281" from="nc-n157" to="penn-n533"/>
    <edge xml:id="nc-lnk280" from="nc-n157" to="penn-n532"/>
    <edge xml:id="nc-lnk279" from="nc-n156" to="penn-n529"/>
    <edge xml:id="nc-lnk278" from="nc-n155" to="penn-n528"/>
    <edge xml:id="nc-lnk277" from="nc-n155" to="penn-n527"/>
    <edge xml:id="nc-lnk276" from="nc-n154" to="penn-n522"/>
    <edge xml:id="nc-lnk275" from="nc-n154" to="penn-n521"/>
    <edge xml:id="nc-lnk274" from="nc-n153" to="penn-n519"/>
    <edge xml:id="nc-lnk273" from="nc-n153" to="penn-n518"/>
    <edge xml:id="nc-lnk272" from="nc-n152" to="penn-n515"/>
    <edge xml:id="nc-lnk271" from="nc-n151" to="penn-n513"/>
    <edge xml:id="nc-lnk270" from="nc-n150" to="penn-n511"/>
    <edge xml:id="nc-lnk705" from="nc-n399" to="penn-n1450"/>
    <edge xml:id="nc-lnk704" from="nc-n398" to="penn-n1444"/>
    <edge xml:id="nc-lnk703" from="nc-n398" to="penn-n1443"/>
    <edge xml:id="nc-lnk702" from="nc-n397" to="penn-n1440"/>
    <edge xml:id="nc-lnk701" from="nc-n396" to="penn-n1438"/>
    <edge xml:id="nc-lnk700" from="nc-n396" to="penn-n1437"/>
    <edge xml:id="nc-lnk269" from="nc-n149" to="penn-n509"/>
    <edge xml:id="nc-lnk268" from="nc-n148" to="penn-n507"/>
    <edge xml:id="nc-lnk267" from="nc-n147" to="penn-n505"/>
    <edge xml:id="nc-lnk266" from="nc-n146" to="penn-n501"/>
    <edge xml:id="nc-lnk265" from="nc-n145" to="penn-n499"/>
    <edge xml:id="nc-lnk264" from="nc-n145" to="penn-n498"/>
    <edge xml:id="nc-lnk263" from="nc-n145" to="penn-n497"/>
    <edge xml:id="nc-lnk262" from="nc-n144" to="penn-n495"/>
    <edge xml:id="nc-lnk261" from="nc-n143" to="penn-n492"/>
    <edge xml:id="nc-lnk260" from="nc-n143" to="penn-n491"/>
    <edge xml:id="nc-lnk259" from="nc-n143" to="penn-n490"/>
    <edge xml:id="nc-lnk258" from="nc-n143" to="penn-n489"/>
    <edge xml:id="nc-lnk257" from="nc-n142" to="penn-n487"/>
    <edge xml:id="nc-lnk256" from="nc-n142" to="penn-n486"/>
    <edge xml:id="nc-lnk255" from="nc-n141" to="penn-n484"/>
    <edge xml:id="nc-lnk254" from="nc-n140" to="penn-n482"/>
    <edge xml:id="nc-lnk253" from="nc-n140" to="penn-n481"/>
    <edge xml:id="nc-lnk252" from="nc-n139" to="penn-n478"/>
    <edge xml:id="nc-lnk251" from="nc-n139" to="penn-n477"/>
    <edge xml:id="nc-lnk250" from="nc-n138" to="penn-n473"/>
    <edge xml:id="nc-lnk249" from="nc-n137" to="penn-n471"/>
    <edge xml:id="nc-lnk248" from="nc-n136" to="penn-n470"/>
    <edge xml:id="nc-lnk247" from="nc-n136" to="penn-n469"/>
    <edge xml:id="nc-lnk246" from="nc-n135" to="penn-n465"/>
    <edge xml:id="nc-lnk245" from="nc-n135" to="penn-n464"/>
    <edge xml:id="nc-lnk244" from="nc-n134" to="penn-n462"/>
    <edge xml:id="nc-lnk243" from="nc-n133" to="penn-n460"/>
    <edge xml:id="nc-lnk242" from="nc-n133" to="penn-n459"/>
    <edge xml:id="nc-lnk241" from="nc-n132" to="penn-n451"/>
    <edge xml:id="nc-lnk240" from="nc-n132" to="penn-n450"/>
    <edge xml:id="nc-lnk239" from="nc-n131" to="penn-n448"/>
    <edge xml:id="nc-lnk599" from="nc-n344" to="penn-n1251"/>
    <edge xml:id="nc-lnk238" from="nc-n130" to="penn-n447"/>
    <edge xml:id="nc-lnk598" from="nc-n344" to="penn-n1250"/>
    <edge xml:id="nc-lnk237" from="nc-n130" to="penn-n446"/>
    <edge xml:id="nc-lnk597" from="nc-n343" to="penn-n1248"/>
    <edge xml:id="nc-lnk236" from="nc-n129" to="penn-n444"/>
    <edge xml:id="nc-lnk596" from="nc-n343" to="penn-n1247"/>
    <edge xml:id="nc-lnk235" from="nc-n128" to="penn-n442"/>
    <edge xml:id="nc-lnk595" from="nc-n342" to="penn-n1244"/>
    <edge xml:id="nc-lnk234" from="nc-n128" to="penn-n441"/>
    <edge xml:id="nc-lnk594" from="nc-n342" to="penn-n1243"/>
    <edge xml:id="nc-lnk233" from="nc-n127" to="penn-n437"/>
    <edge xml:id="nc-lnk593" from="nc-n342" to="penn-n1242"/>
    <edge xml:id="nc-lnk232" from="nc-n127" to="penn-n436"/>
    <edge xml:id="nc-lnk592" from="nc-n341" to="penn-n1237"/>
    <edge xml:id="nc-lnk231" from="nc-n126" to="penn-n434"/>
    <edge xml:id="nc-lnk591" from="nc-n340" to="penn-n1234"/>
    <edge xml:id="nc-lnk230" from="nc-n126" to="penn-n433"/>
    <edge xml:id="nc-lnk590" from="nc-n339" to="penn-n1233"/>
    <edge xml:id="nc-lnk229" from="nc-n125" to="penn-n431"/>
    <edge xml:id="nc-lnk589" from="nc-n339" to="penn-n1232"/>
    <edge xml:id="nc-lnk228" from="nc-n125" to="penn-n430"/>
    <edge xml:id="nc-lnk588" from="nc-n338" to="penn-n1230"/>
    <edge xml:id="nc-lnk227" from="nc-n124" to="penn-n428"/>
    <edge xml:id="nc-lnk587" from="nc-n338" to="penn-n1229"/>
    <edge xml:id="nc-lnk226" from="nc-n124" to="penn-n427"/>
    <edge xml:id="nc-lnk586" from="nc-n337" to="penn-n1228"/>
    <edge xml:id="nc-lnk225" from="nc-n123" to="penn-n423"/>
    <edge xml:id="nc-lnk585" from="nc-n336" to="penn-n1225"/>
    <edge xml:id="nc-lnk224" from="nc-n123" to="penn-n422"/>
    <edge xml:id="nc-lnk584" from="nc-n335" to="penn-n1224"/>
    <edge xml:id="nc-lnk223" from="nc-n122" to="penn-n420"/>
    <edge xml:id="nc-lnk583" from="nc-n335" to="penn-n1223"/>
    <edge xml:id="nc-lnk222" from="nc-n122" to="penn-n419"/>
    <edge xml:id="nc-lnk582" from="nc-n334" to="penn-n1220"/>
    <edge xml:id="nc-lnk221" from="nc-n121" to="penn-n417"/>
    <edge xml:id="nc-lnk581" from="nc-n333" to="penn-n1211"/>
    <edge xml:id="nc-lnk220" from="nc-n121" to="penn-n416"/>
    <edge xml:id="nc-lnk580" from="nc-n333" to="penn-n1210"/>
    <edge xml:id="nc-lnk219" from="nc-n120" to="penn-n414"/>
    <edge xml:id="nc-lnk579" from="nc-n332" to="penn-n1203"/>
    <edge xml:id="nc-lnk218" from="nc-n119" to="penn-n412"/>
    <edge xml:id="nc-lnk578" from="nc-n332" to="penn-n1202"/>
    <edge xml:id="nc-lnk217" from="nc-n118" to="penn-n410"/>
    <edge xml:id="nc-lnk577" from="nc-n332" to="penn-n1201"/>
    <edge xml:id="nc-lnk216" from="nc-n117" to="penn-n407"/>
    <edge xml:id="nc-lnk576" from="nc-n331" to="penn-n1199"/>
    <edge xml:id="nc-lnk215" from="nc-n116" to="penn-n406"/>
    <edge xml:id="nc-lnk575" from="nc-n331" to="penn-n1198"/>
    <edge xml:id="nc-lnk214" from="nc-n116" to="penn-n405"/>
    <edge xml:id="nc-lnk213" from="nc-n116" to="penn-n404"/>
    <edge xml:id="nc-lnk574" from="nc-n330" to="penn-n1196"/>
    <edge xml:id="nc-lnk212" from="nc-n115" to="penn-n402"/>
    <edge xml:id="nc-lnk573" from="nc-n329" to="penn-n1192"/>
    <edge xml:id="nc-lnk211" from="nc-n114" to="penn-n400"/>
    <edge xml:id="nc-lnk572" from="nc-n328" to="penn-n1189"/>
    <edge xml:id="nc-lnk210" from="nc-n114" to="penn-n399"/>
    <edge xml:id="nc-lnk571" from="nc-n327" to="penn-n1188"/>
    <edge xml:id="nc-lnk570" from="nc-n327" to="penn-n1187"/>
    <edge xml:id="nc-lnk209" from="nc-n113" to="penn-n397"/>
    <edge xml:id="nc-lnk208" from="nc-n113" to="penn-n396"/>
    <edge xml:id="nc-lnk569" from="nc-n326" to="penn-n1183"/>
    <edge xml:id="nc-lnk207" from="nc-n112" to="penn-n394"/>
    <edge xml:id="nc-lnk568" from="nc-n325" to="penn-n1181"/>
    <edge xml:id="nc-lnk206" from="nc-n111" to="penn-n391"/>
    <edge xml:id="nc-lnk567" from="nc-n325" to="penn-n1180"/>
    <edge xml:id="nc-lnk205" from="nc-n111" to="penn-n390"/>
    <edge xml:id="nc-lnk566" from="nc-n324" to="penn-n1178"/>
    <edge xml:id="nc-lnk204" from="nc-n110" to="penn-n388"/>
    <edge xml:id="nc-lnk565" from="nc-n324" to="penn-n1177"/>
    <edge xml:id="nc-lnk203" from="nc-n110" to="penn-n387"/>
    <edge xml:id="nc-lnk564" from="nc-n323" to="penn-n1174"/>
    <edge xml:id="nc-lnk202" from="nc-n109" to="penn-n386"/>
    <edge xml:id="nc-lnk563" from="nc-n322" to="penn-n1172"/>
    <edge xml:id="nc-lnk201" from="nc-n108" to="penn-n383"/>
    <edge xml:id="nc-lnk562" from="nc-n322" to="penn-n1171"/>
    <edge xml:id="nc-lnk200" from="nc-n107" to="penn-n381"/>
    <edge xml:id="nc-lnk561" from="nc-n321" to="penn-n1167"/>
    <edge xml:id="nc-lnk560" from="nc-n321" to="penn-n1166"/>
    <edge xml:id="nc-lnk559" from="nc-n320" to="penn-n1162"/>
    <edge xml:id="nc-lnk558" from="nc-n320" to="penn-n1161"/>
    <edge xml:id="nc-lnk557" from="nc-n319" to="penn-n1160"/>
    <edge xml:id="nc-lnk556" from="nc-n318" to="penn-n1151"/>
    <edge xml:id="nc-lnk555" from="nc-n318" to="penn-n1150"/>
    <edge xml:id="nc-lnk554" from="nc-n318" to="penn-n1149"/>
    <edge xml:id="nc-lnk553" from="nc-n318" to="penn-n1148"/>
    <edge xml:id="nc-lnk552" from="nc-n318" to="penn-n1147"/>
    <edge xml:id="nc-lnk551" from="nc-n317" to="penn-n1139"/>
    <edge xml:id="nc-lnk550" from="nc-n316" to="penn-n1136"/>
    <edge xml:id="nc-lnk549" from="nc-n316" to="penn-n1135"/>
    <edge xml:id="nc-lnk548" from="nc-n315" to="penn-n1132"/>
    <edge xml:id="nc-lnk547" from="nc-n314" to="penn-n1128"/>
    <edge xml:id="nc-lnk546" from="nc-n314" to="penn-n1127"/>
    <edge xml:id="nc-lnk545" from="nc-n313" to="penn-n1124"/>
    <edge xml:id="nc-lnk544" from="nc-n313" to="penn-n1123"/>
    <edge xml:id="nc-lnk543" from="nc-n312" to="penn-n1120"/>
    <edge xml:id="nc-lnk542" from="nc-n311" to="penn-n1116"/>
    <edge xml:id="nc-lnk541" from="nc-n310" to="penn-n1114"/>
    <edge xml:id="nc-lnk540" from="nc-n310" to="penn-n1113"/>
    <edge xml:id="nc-lnk539" from="nc-n310" to="penn-n1112"/>
    <edge xml:id="nc-lnk538" from="nc-n309" to="penn-n1107"/>
    <edge xml:id="nc-lnk537" from="nc-n308" to="penn-n1105"/>
    <edge xml:id="nc-lnk536" from="nc-n307" to="penn-n1103"/>
    <edge xml:id="nc-lnk535" from="nc-n307" to="penn-n1102"/>
    <edge xml:id="nc-lnk534" from="nc-n307" to="penn-n1101"/>
    <edge xml:id="nc-lnk533" from="nc-n306" to="penn-n1098"/>
    <edge xml:id="nc-lnk532" from="nc-n305" to="penn-n1095"/>
    <edge xml:id="nc-lnk531" from="nc-n305" to="penn-n1094"/>
    <edge xml:id="nc-lnk530" from="nc-n305" to="penn-n1093"/>
    <edge xml:id="nc-lnk529" from="nc-n304" to="penn-n1091"/>
    <edge xml:id="nc-lnk528" from="nc-n304" to="penn-n1090"/>
    <edge xml:id="nc-lnk527" from="nc-n303" to="penn-n1087"/>
    <edge xml:id="nc-lnk526" from="nc-n303" to="penn-n1086"/>
    <edge xml:id="nc-lnk525" from="nc-n303" to="penn-n1085"/>
    <edge xml:id="nc-lnk524" from="nc-n302" to="penn-n1083"/>
    <edge xml:id="nc-lnk523" from="nc-n301" to="penn-n1078"/>
    <edge xml:id="nc-lnk522" from="nc-n300" to="penn-n1074"/>
    <edge xml:id="nc-lnk521" from="nc-n299" to="penn-n1069"/>
    <edge xml:id="nc-lnk520" from="nc-n298" to="penn-n1067"/>
    <edge xml:id="nc-lnk519" from="nc-n298" to="penn-n1066"/>
    <edge xml:id="nc-lnk518" from="nc-n297" to="penn-n1060"/>
    <edge xml:id="nc-lnk517" from="nc-n296" to="penn-n1058"/>
    <edge xml:id="nc-lnk516" from="nc-n295" to="penn-n1055"/>
    <edge xml:id="nc-lnk515" from="nc-n295" to="penn-n1054"/>
    <edge xml:id="nc-lnk514" from="nc-n294" to="penn-n1050"/>
    <edge xml:id="nc-lnk513" from="nc-n294" to="penn-n1049"/>
    <edge xml:id="nc-lnk512" from="nc-n293" to="penn-n1043"/>
    <edge xml:id="nc-lnk511" from="nc-n292" to="penn-n1039"/>
    <edge xml:id="nc-lnk510" from="nc-n292" to="penn-n1038"/>
    <edge xml:id="nc-lnk509" from="nc-n291" to="penn-n1035"/>
    <edge xml:id="nc-lnk508" from="nc-n290" to="penn-n1032"/>
    <edge xml:id="nc-lnk507" from="nc-n289" to="penn-n1029"/>
    <edge xml:id="nc-lnk506" from="nc-n288" to="penn-n1023"/>
    <edge xml:id="nc-lnk505" from="nc-n287" to="penn-n1022"/>
    <edge xml:id="nc-lnk504" from="nc-n286" to="penn-n1020"/>
    <edge xml:id="nc-lnk503" from="nc-n286" to="penn-n1019"/>
    <edge xml:id="nc-lnk502" from="nc-n285" to="penn-n1015"/>
    <edge xml:id="nc-lnk501" from="nc-n284" to="penn-n1014"/>
    <edge xml:id="nc-lnk500" from="nc-n284" to="penn-n1013"/>
    <edge xml:id="nc-lnk399" from="nc-n223" to="penn-n786"/>
    <edge xml:id="nc-lnk398" from="nc-n222" to="penn-n782"/>
    <edge xml:id="nc-lnk397" from="nc-n221" to="penn-n778"/>
    <edge xml:id="nc-lnk396" from="nc-n220" to="penn-n777"/>
    <edge xml:id="nc-lnk395" from="nc-n219" to="penn-n775"/>
    <edge xml:id="nc-lnk394" from="nc-n218" to="penn-n772"/>
    <edge xml:id="nc-lnk393" from="nc-n217" to="penn-n768"/>
    <edge xml:id="nc-lnk392" from="nc-n217" to="penn-n767"/>
    <edge xml:id="nc-lnk391" from="nc-n216" to="penn-n765"/>
    <edge xml:id="nc-lnk390" from="nc-n216" to="penn-n764"/>
    <edge xml:id="nc-lnk389" from="nc-n215" to="penn-n762"/>
    <edge xml:id="nc-lnk388" from="nc-n215" to="penn-n761"/>
    <edge xml:id="nc-lnk387" from="nc-n214" to="penn-n758"/>
    <edge xml:id="nc-lnk386" from="nc-n213" to="penn-n753"/>
    <edge xml:id="nc-lnk385" from="nc-n213" to="penn-n752"/>
    <edge xml:id="nc-lnk384" from="nc-n213" to="penn-n751"/>
    <edge xml:id="nc-lnk383" from="nc-n212" to="penn-n744"/>
    <edge xml:id="nc-lnk382" from="nc-n211" to="penn-n739"/>
    <edge xml:id="nc-lnk381" from="nc-n211" to="penn-n738"/>
    <edge xml:id="nc-lnk380" from="nc-n210" to="penn-n735"/>
    <edge xml:id="nc-lnk379" from="nc-n209" to="penn-n731"/>
    <edge xml:id="nc-lnk378" from="nc-n209" to="penn-n730"/>
    <edge xml:id="nc-lnk377" from="nc-n209" to="penn-n729"/>
    <edge xml:id="nc-lnk376" from="nc-n208" to="penn-n725"/>
    <edge xml:id="nc-lnk375" from="nc-n208" to="penn-n724"/>
    <edge xml:id="nc-lnk374" from="nc-n207" to="penn-n721"/>
    <edge xml:id="nc-lnk373" from="nc-n207" to="penn-n720"/>
    <edge xml:id="nc-lnk372" from="nc-n206" to="penn-n718"/>
    <edge xml:id="nc-lnk371" from="nc-n205" to="penn-n716"/>
    <edge xml:id="nc-lnk370" from="nc-n205" to="penn-n715"/>
    <edge xml:id="nc-lnk369" from="nc-n205" to="penn-n714"/>
    <edge xml:id="nc-lnk368" from="nc-n204" to="penn-n710"/>
    <edge xml:id="nc-lnk367" from="nc-n204" to="penn-n709"/>
    <edge xml:id="nc-lnk366" from="nc-n203" to="penn-n703"/>
    <edge xml:id="nc-lnk365" from="nc-n202" to="penn-n701"/>
    <edge xml:id="nc-lnk364" from="nc-n202" to="penn-n700"/>
    <edge xml:id="nc-lnk363" from="nc-n202" to="penn-n699"/>
    <edge xml:id="nc-lnk362" from="nc-n201" to="penn-n698"/>
    <edge xml:id="nc-lnk361" from="nc-n200" to="penn-n693"/>
    <edge xml:id="nc-lnk360" from="nc-n200" to="penn-n692"/>
    <edge xml:id="nc-lnk359" from="nc-n200" to="penn-n691"/>
    <edge xml:id="nc-lnk358" from="nc-n199" to="penn-n689"/>
    <edge xml:id="nc-lnk357" from="nc-n198" to="penn-n685"/>
    <edge xml:id="nc-lnk356" from="nc-n198" to="penn-n684"/>
    <edge xml:id="nc-lnk355" from="nc-n198" to="penn-n683"/>
    <edge xml:id="nc-lnk354" from="nc-n197" to="penn-n678"/>
    <edge xml:id="nc-lnk353" from="nc-n197" to="penn-n677"/>
    <edge xml:id="nc-lnk352" from="nc-n197" to="penn-n676"/>
    <edge xml:id="nc-lnk351" from="nc-n196" to="penn-n674"/>
    <edge xml:id="nc-lnk350" from="nc-n196" to="penn-n673"/>
    <edge xml:id="nc-lnk349" from="nc-n195" to="penn-n670"/>
    <edge xml:id="nc-lnk348" from="nc-n194" to="penn-n667"/>
    <edge xml:id="nc-lnk347" from="nc-n194" to="penn-n666"/>
    <edge xml:id="nc-lnk346" from="nc-n194" to="penn-n665"/>
    <edge xml:id="nc-lnk345" from="nc-n193" to="penn-n663"/>
    <edge xml:id="nc-lnk344" from="nc-n193" to="penn-n662"/>
    <edge xml:id="nc-lnk343" from="nc-n192" to="penn-n659"/>
    <edge xml:id="nc-lnk342" from="nc-n192" to="penn-n658"/>
    <edge xml:id="nc-lnk341" from="nc-n191" to="penn-n656"/>
    <edge xml:id="nc-lnk340" from="nc-n191" to="penn-n655"/>
    <edge xml:id="nc-lnk339" from="nc-n190" to="penn-n653"/>
    <edge xml:id="nc-lnk699" from="nc-n395" to="penn-n1434"/>
    <edge xml:id="nc-lnk338" from="nc-n189" to="penn-n649"/>
    <edge xml:id="nc-lnk698" from="nc-n395" to="penn-n1433"/>
    <edge xml:id="nc-lnk337" from="nc-n189" to="penn-n648"/>
    <edge xml:id="nc-lnk697" from="nc-n395" to="penn-n1432"/>
    <edge xml:id="nc-lnk336" from="nc-n188" to="penn-n646"/>
    <edge xml:id="nc-lnk696" from="nc-n394" to="penn-n1428"/>
    <edge xml:id="nc-lnk335" from="nc-n188" to="penn-n645"/>
    <edge xml:id="nc-lnk695" from="nc-n394" to="penn-n1427"/>
    <edge xml:id="nc-lnk334" from="nc-n187" to="penn-n642"/>
    <edge xml:id="nc-lnk694" from="nc-n393" to="penn-n1425"/>
    <edge xml:id="nc-lnk333" from="nc-n187" to="penn-n641"/>
    <edge xml:id="nc-lnk693" from="nc-n393" to="penn-n1424"/>
    <edge xml:id="nc-lnk332" from="nc-n187" to="penn-n640"/>
    <edge xml:id="nc-lnk692" from="nc-n392" to="penn-n1420"/>
    <edge xml:id="nc-lnk331" from="nc-n186" to="penn-n637"/>
    <edge xml:id="nc-lnk691" from="nc-n391" to="penn-n1418"/>
    <edge xml:id="nc-lnk330" from="nc-n186" to="penn-n636"/>
    <edge xml:id="nc-lnk690" from="nc-n391" to="penn-n1417"/>
    <edge xml:id="nc-lnk329" from="nc-n186" to="penn-n635"/>
    <edge xml:id="nc-lnk689" from="nc-n391" to="penn-n1416"/>
    <edge xml:id="nc-lnk328" from="nc-n185" to="penn-n633"/>
    <edge xml:id="nc-lnk688" from="nc-n391" to="penn-n1415"/>
    <edge xml:id="nc-lnk327" from="nc-n185" to="penn-n632"/>
    <edge xml:id="nc-lnk687" from="nc-n390" to="penn-n1413"/>
    <edge xml:id="nc-lnk326" from="nc-n185" to="penn-n631"/>
    <edge xml:id="nc-lnk686" from="nc-n389" to="penn-n1409"/>
    <edge xml:id="nc-lnk325" from="nc-n184" to="penn-n629"/>
    <edge xml:id="nc-lnk685" from="nc-n388" to="penn-n1406"/>
    <edge xml:id="nc-lnk324" from="nc-n183" to="penn-n627"/>
    <edge xml:id="nc-lnk684" from="nc-n387" to="penn-n1404"/>
    <edge xml:id="nc-lnk323" from="nc-n183" to="penn-n626"/>
    <edge xml:id="nc-lnk683" from="nc-n387" to="penn-n1403"/>
    <edge xml:id="nc-lnk322" from="nc-n183" to="penn-n625"/>
    <edge xml:id="nc-lnk682" from="nc-n386" to="penn-n1400"/>
    <edge xml:id="nc-lnk321" from="nc-n182" to="penn-n621"/>
    <edge xml:id="nc-lnk681" from="nc-n385" to="penn-n1398"/>
    <edge xml:id="nc-lnk320" from="nc-n181" to="penn-n618"/>
    <edge xml:id="nc-lnk680" from="nc-n385" to="penn-n1397"/>
    <edge xml:id="nc-lnk319" from="nc-n181" to="penn-n617"/>
    <edge xml:id="nc-lnk679" from="nc-n385" to="penn-n1396"/>
    <edge xml:id="nc-lnk318" from="nc-n180" to="penn-n616"/>
    <edge xml:id="nc-lnk678" from="nc-n384" to="penn-n1392"/>
    <edge xml:id="nc-lnk317" from="nc-n179" to="penn-n612"/>
    <edge xml:id="nc-lnk677" from="nc-n383" to="penn-n1391"/>
    <edge xml:id="nc-lnk316" from="nc-n179" to="penn-n611"/>
    <edge xml:id="nc-lnk676" from="nc-n383" to="penn-n1390"/>
    <edge xml:id="nc-lnk315" from="nc-n178" to="penn-n609"/>
    <edge xml:id="nc-lnk675" from="nc-n383" to="penn-n1389"/>
    <edge xml:id="nc-lnk314" from="nc-n177" to="penn-n602"/>
    <edge xml:id="nc-lnk674" from="nc-n383" to="penn-n1388"/>
    <edge xml:id="nc-lnk313" from="nc-n176" to="penn-n600"/>
    <edge xml:id="nc-lnk673" from="nc-n382" to="penn-n1386"/>
    <edge xml:id="nc-lnk312" from="nc-n176" to="penn-n599"/>
    <edge xml:id="nc-lnk672" from="nc-n382" to="penn-n1385"/>
    <edge xml:id="nc-lnk311" from="nc-n176" to="penn-n598"/>
    <edge xml:id="nc-lnk671" from="nc-n381" to="penn-n1383"/>
    <edge xml:id="nc-lnk310" from="nc-n175" to="penn-n596"/>
    <edge xml:id="nc-lnk670" from="nc-n380" to="penn-n1381"/>
    <edge xml:id="nc-lnk309" from="nc-n175" to="penn-n595"/>
    <edge xml:id="nc-lnk669" from="nc-n379" to="penn-n1379"/>
    <edge xml:id="nc-lnk308" from="nc-n174" to="penn-n593"/>
    <edge xml:id="nc-lnk668" from="nc-n379" to="penn-n1378"/>
    <edge xml:id="nc-lnk307" from="nc-n173" to="penn-n591"/>
    <edge xml:id="nc-lnk667" from="nc-n378" to="penn-n1377"/>
    <edge xml:id="nc-lnk306" from="nc-n173" to="penn-n590"/>
    <edge xml:id="nc-lnk666" from="nc-n378" to="penn-n1376"/>
    <edge xml:id="nc-lnk305" from="nc-n173" to="penn-n589"/>
    <edge xml:id="nc-lnk665" from="nc-n377" to="penn-n1374"/>
    <edge xml:id="nc-lnk304" from="nc-n173" to="penn-n588"/>
    <edge xml:id="nc-lnk664" from="nc-n377" to="penn-n1373"/>
    <edge xml:id="nc-lnk303" from="nc-n172" to="penn-n586"/>
    <edge xml:id="nc-lnk663" from="nc-n376" to="penn-n1370"/>
    <edge xml:id="nc-lnk302" from="nc-n172" to="penn-n585"/>
    <edge xml:id="nc-lnk662" from="nc-n375" to="penn-n1367"/>
    <edge xml:id="nc-lnk301" from="nc-n172" to="penn-n584"/>
    <edge xml:id="nc-lnk661" from="nc-n375" to="penn-n1366"/>
    <edge xml:id="nc-lnk300" from="nc-n171" to="penn-n580"/>
    <edge xml:id="nc-lnk660" from="nc-n374" to="penn-n1364"/>
    <edge xml:id="nc-lnk659" from="nc-n374" to="penn-n1363"/>
    <edge xml:id="nc-lnk658" from="nc-n373" to="penn-n1356"/>
    <edge xml:id="nc-lnk657" from="nc-n372" to="penn-n1355"/>
    <edge xml:id="nc-lnk656" from="nc-n372" to="penn-n1354"/>
    <edge xml:id="nc-lnk655" from="nc-n372" to="penn-n1353"/>
    <edge xml:id="nc-lnk654" from="nc-n371" to="penn-n1351"/>
    <edge xml:id="nc-lnk653" from="nc-n370" to="penn-n1349"/>
    <edge xml:id="nc-lnk652" from="nc-n369" to="penn-n1344"/>
    <edge xml:id="nc-lnk651" from="nc-n369" to="penn-n1343"/>
    <edge xml:id="nc-lnk650" from="nc-n368" to="penn-n1341"/>
    <edge xml:id="nc-lnk649" from="nc-n368" to="penn-n1340"/>
    <edge xml:id="nc-lnk648" from="nc-n367" to="penn-n1338"/>
    <edge xml:id="nc-lnk647" from="nc-n367" to="penn-n1337"/>
    <edge xml:id="nc-lnk646" from="nc-n366" to="penn-n1335"/>
    <edge xml:id="nc-lnk645" from="nc-n365" to="penn-n1330"/>
    <edge xml:id="nc-lnk644" from="nc-n364" to="penn-n1328"/>
    <edge xml:id="nc-lnk643" from="nc-n364" to="penn-n1327"/>
    <edge xml:id="nc-lnk642" from="nc-n363" to="penn-n1322"/>
    <edge xml:id="nc-lnk641" from="nc-n363" to="penn-n1321"/>
    <edge xml:id="nc-lnk640" from="nc-n363" to="penn-n1320"/>
    <edge xml:id="nc-lnk639" from="nc-n363" to="penn-n1319"/>
    <edge xml:id="nc-lnk638" from="nc-n363" to="penn-n1318"/>
    <edge xml:id="nc-lnk637" from="nc-n363" to="penn-n1317"/>
    <edge xml:id="nc-lnk636" from="nc-n362" to="penn-n1315"/>
    <edge xml:id="nc-lnk635" from="nc-n361" to="penn-n1307"/>
    <edge xml:id="nc-lnk634" from="nc-n361" to="penn-n1306"/>
    <edge xml:id="nc-lnk633" from="nc-n360" to="penn-n1304"/>
    <edge xml:id="nc-lnk632" from="nc-n360" to="penn-n1303"/>
    <edge xml:id="nc-lnk631" from="nc-n360" to="penn-n1302"/>
    <edge xml:id="nc-lnk630" from="nc-n360" to="penn-n1301"/>
    <edge xml:id="nc-lnk199" from="nc-n106" to="penn-n380"/>
    <edge xml:id="nc-lnk198" from="nc-n106" to="penn-n379"/>
    <edge xml:id="nc-lnk197" from="nc-n106" to="penn-n378"/>
    <edge xml:id="nc-lnk196" from="nc-n106" to="penn-n377"/>
    <edge xml:id="nc-lnk195" from="nc-n105" to="penn-n374"/>
    <edge xml:id="nc-lnk194" from="nc-n105" to="penn-n373"/>
    <edge xml:id="nc-lnk193" from="nc-n105" to="penn-n372"/>
    <edge xml:id="nc-lnk192" from="nc-n104" to="penn-n370"/>
    <edge xml:id="nc-lnk191" from="nc-n104" to="penn-n369"/>
    <edge xml:id="nc-lnk190" from="nc-n103" to="penn-n366"/>
    <edge xml:id="nc-lnk629" from="nc-n360" to="penn-n1300"/>
    <edge xml:id="nc-lnk628" from="nc-n359" to="penn-n1299"/>
    <edge xml:id="nc-lnk627" from="nc-n359" to="penn-n1298"/>
    <edge xml:id="nc-lnk99" from="nc-n50" to="penn-n190"/>
    <edge xml:id="nc-lnk626" from="nc-n358" to="penn-n1297"/>
    <edge xml:id="nc-lnk98" from="nc-n50" to="penn-n189"/>
    <edge xml:id="nc-lnk625" from="nc-n357" to="penn-n1293"/>
    <edge xml:id="nc-lnk97" from="nc-n49" to="penn-n187"/>
    <edge xml:id="nc-lnk624" from="nc-n356" to="penn-n1292"/>
    <edge xml:id="nc-lnk96" from="nc-n49" to="penn-n186"/>
    <edge xml:id="nc-lnk623" from="nc-n356" to="penn-n1291"/>
    <edge xml:id="nc-lnk95" from="nc-n48" to="penn-n185"/>
    <edge xml:id="nc-lnk622" from="nc-n356" to="penn-n1290"/>
    <edge xml:id="nc-lnk94" from="nc-n48" to="penn-n184"/>
    <edge xml:id="nc-lnk621" from="nc-n355" to="penn-n1287"/>
    <edge xml:id="nc-lnk93" from="nc-n47" to="penn-n182"/>
    <edge xml:id="nc-lnk620" from="nc-n354" to="penn-n1286"/>
    <edge xml:id="nc-lnk92" from="nc-n46" to="penn-n179"/>
    <edge xml:id="nc-lnk91" from="nc-n45" to="penn-n177"/>
    <edge xml:id="nc-lnk90" from="nc-n45" to="penn-n176"/>
    <edge xml:id="nc-lnk189" from="nc-n103" to="penn-n365"/>
    <edge xml:id="nc-lnk188" from="nc-n103" to="penn-n364"/>
    <edge xml:id="nc-lnk187" from="nc-n102" to="penn-n362"/>
    <edge xml:id="nc-lnk186" from="nc-n101" to="penn-n360"/>
    <edge xml:id="nc-lnk185" from="nc-n101" to="penn-n359"/>
    <edge xml:id="nc-lnk184" from="nc-n101" to="penn-n358"/>
    <edge xml:id="nc-lnk183" from="nc-n100" to="penn-n356"/>
    <edge xml:id="nc-lnk182" from="nc-n100" to="penn-n355"/>
    <edge xml:id="nc-lnk181" from="nc-n100" to="penn-n354"/>
    <edge xml:id="nc-lnk180" from="nc-n100" to="penn-n353"/>
    <edge xml:id="nc-lnk619" from="nc-n354" to="penn-n1285"/>
    <edge xml:id="nc-lnk618" from="nc-n353" to="penn-n1281"/>
    <edge xml:id="nc-lnk617" from="nc-n352" to="penn-n1277"/>
    <edge xml:id="nc-lnk89" from="nc-n45" to="penn-n175"/>
    <edge xml:id="nc-lnk616" from="nc-n351" to="penn-n1275"/>
    <edge xml:id="nc-lnk88" from="nc-n44" to="penn-n173"/>
    <edge xml:id="nc-lnk615" from="nc-n351" to="penn-n1274"/>
    <edge xml:id="nc-lnk87" from="nc-n43" to="penn-n167"/>
    <edge xml:id="nc-lnk614" from="nc-n351" to="penn-n1273"/>
    <edge xml:id="nc-lnk86" from="nc-n42" to="penn-n166"/>
    <edge xml:id="nc-lnk613" from="nc-n350" to="penn-n1272"/>
    <edge xml:id="nc-lnk85" from="nc-n42" to="penn-n165"/>
    <edge xml:id="nc-lnk612" from="nc-n349" to="penn-n1271"/>
    <edge xml:id="nc-lnk84" from="nc-n42" to="penn-n164"/>
    <edge xml:id="nc-lnk611" from="nc-n349" to="penn-n1270"/>
    <edge xml:id="nc-lnk83" from="nc-n42" to="penn-n163"/>
    <edge xml:id="nc-lnk610" from="nc-n348" to="penn-n1268"/>
    <edge xml:id="nc-lnk82" from="nc-n42" to="penn-n162"/>
    <edge xml:id="nc-lnk81" from="nc-n42" to="penn-n161"/>
    <edge xml:id="nc-lnk80" from="nc-n42" to="penn-n160"/>
    <edge xml:id="nc-lnk179" from="nc-n99" to="penn-n350"/>
    <edge xml:id="nc-lnk178" from="nc-n99" to="penn-n349"/>
    <edge xml:id="nc-lnk177" from="nc-n98" to="penn-n347"/>
    <edge xml:id="nc-lnk176" from="nc-n97" to="penn-n345"/>
    <edge xml:id="nc-lnk175" from="nc-n97" to="penn-n344"/>
    <edge xml:id="nc-lnk174" from="nc-n96" to="penn-n341"/>
    <edge xml:id="nc-lnk173" from="nc-n95" to="penn-n339"/>
    <edge xml:id="nc-lnk172" from="nc-n94" to="penn-n335"/>
    <edge xml:id="nc-lnk171" from="nc-n94" to="penn-n334"/>
    <edge xml:id="nc-lnk170" from="nc-n94" to="penn-n333"/>
    <edge xml:id="nc-lnk609" from="nc-n348" to="penn-n1267"/>
    <edge xml:id="nc-lnk608" from="nc-n348" to="penn-n1266"/>
    <edge xml:id="nc-lnk607" from="nc-n348" to="penn-n1265"/>
    <edge xml:id="nc-lnk79" from="nc-n41" to="penn-n158"/>
    <edge xml:id="nc-lnk606" from="nc-n348" to="penn-n1264"/>
    <edge xml:id="nc-lnk78" from="nc-n40" to="penn-n148"/>
    <edge xml:id="nc-lnk605" from="nc-n347" to="penn-n1263"/>
    <edge xml:id="nc-lnk77" from="nc-n40" to="penn-n147"/>
    <edge xml:id="nc-lnk604" from="nc-n347" to="penn-n1262"/>
    <edge xml:id="nc-lnk76" from="nc-n39" to="penn-n144"/>
    <edge xml:id="nc-lnk603" from="nc-n346" to="penn-n1260"/>
    <edge xml:id="nc-lnk75" from="nc-n38" to="penn-n139"/>
    <edge xml:id="nc-lnk602" from="nc-n346" to="penn-n1259"/>
    <edge xml:id="nc-lnk74" from="nc-n37" to="penn-n136"/>
    <edge xml:id="nc-lnk601" from="nc-n345" to="penn-n1256"/>
    <edge xml:id="nc-lnk73" from="nc-n36" to="penn-n134"/>
    <edge xml:id="nc-lnk600" from="nc-n345" to="penn-n1255"/>
    <edge xml:id="nc-lnk72" from="nc-n36" to="penn-n133"/>
    <edge xml:id="nc-lnk71" from="nc-n35" to="penn-n129"/>
    <edge xml:id="nc-lnk70" from="nc-n35" to="penn-n128"/>
    <edge xml:id="nc-lnk169" from="nc-n93" to="penn-n331"/>
    <edge xml:id="nc-lnk168" from="nc-n92" to="penn-n330"/>
    <edge xml:id="nc-lnk167" from="nc-n92" to="penn-n329"/>
    <edge xml:id="nc-lnk166" from="nc-n91" to="penn-n327"/>
    <edge xml:id="nc-lnk165" from="nc-n91" to="penn-n326"/>
    <edge xml:id="nc-lnk164" from="nc-n90" to="penn-n324"/>
    <edge xml:id="nc-lnk163" from="nc-n90" to="penn-n323"/>
    <edge xml:id="nc-lnk162" from="nc-n89" to="penn-n320"/>
    <edge xml:id="nc-lnk161" from="nc-n88" to="penn-n319"/>
    <edge xml:id="nc-lnk160" from="nc-n87" to="penn-n314"/>
    <edge xml:id="nc-lnk69" from="nc-n34" to="penn-n126"/>
    <edge xml:id="nc-lnk68" from="nc-n34" to="penn-n125"/>
    <edge xml:id="nc-lnk67" from="nc-n33" to="penn-n123"/>
    <edge xml:id="nc-lnk66" from="nc-n33" to="penn-n122"/>
    <edge xml:id="nc-lnk65" from="nc-n32" to="penn-n120"/>
    <edge xml:id="nc-lnk64" from="nc-n32" to="penn-n119"/>
    <edge xml:id="nc-lnk63" from="nc-n31" to="penn-n117"/>
    <edge xml:id="nc-lnk62" from="nc-n30" to="penn-n115"/>
    <edge xml:id="nc-lnk61" from="nc-n30" to="penn-n114"/>
    <edge xml:id="nc-lnk60" from="nc-n29" to="penn-n110"/>
    <edge xml:id="nc-lnk159" from="nc-n87" to="penn-n313"/>
    <edge xml:id="nc-lnk158" from="nc-n87" to="penn-n312"/>
    <edge xml:id="nc-lnk157" from="nc-n86" to="penn-n309"/>
    <edge xml:id="nc-lnk156" from="nc-n85" to="penn-n308"/>
    <edge xml:id="nc-lnk155" from="nc-n85" to="penn-n307"/>
    <edge xml:id="nc-lnk154" from="nc-n84" to="penn-n304"/>
    <edge xml:id="nc-lnk153" from="nc-n83" to="penn-n301"/>
    <edge xml:id="nc-lnk152" from="nc-n82" to="penn-n299"/>
    <edge xml:id="nc-lnk151" from="nc-n81" to="penn-n297"/>
    <edge xml:id="nc-lnk150" from="nc-n80" to="penn-n295"/>
    <edge xml:id="nc-lnk59" from="nc-n28" to="penn-n108"/>
    <edge xml:id="nc-lnk58" from="nc-n27" to="penn-n104"/>
    <edge xml:id="nc-lnk57" from="nc-n27" to="penn-n103"/>
    <edge xml:id="nc-lnk56" from="nc-n26" to="penn-n101"/>
    <edge xml:id="nc-lnk55" from="nc-n26" to="penn-n100"/>
    <edge xml:id="nc-lnk54" from="nc-n25" to="penn-n98"/>
    <edge xml:id="nc-lnk53" from="nc-n25" to="penn-n97"/>
    <edge xml:id="nc-lnk52" from="nc-n24" to="penn-n95"/>
    <edge xml:id="nc-lnk51" from="nc-n24" to="penn-n94"/>
    <edge xml:id="nc-lnk50" from="nc-n23" to="penn-n92"/>
    <edge xml:id="nc-lnk149" from="nc-n80" to="penn-n294"/>
    <edge xml:id="nc-lnk148" from="nc-n79" to="penn-n293"/>
    <edge xml:id="nc-lnk147" from="nc-n79" to="penn-n292"/>
</graph>
