<graph xmlns="http://www.xces.org/ns/GrAF/1.0/" xmlns:graf="http://www.xces.org/ns/GrAF/1.0/">
  <graphHeader>
    <labelsDecl>
      <labelUsage label="vchunk" occurs="207"/>
    </labelsDecl>
    <dependencies>
      <dependsOn f.id="f.penn"/>
    </dependencies>
    <annotationSpaces>
      <annotationSpace as.id="anc"/>
    </annotationSpaces>
  </graphHeader>
  <node xml:id="vc-n0"/>
  <a xml:id="vc-N65567" label="vchunk" ref="vc-n0" as="anc">
    <fs>
      <f name="type" value="FVG"/>
      <f name="tense" value="SimPre"/>
      <f name="voice" value="active"/>
    </fs>
  </a>
  <node xml:id="vc-n1"/>
  <a xml:id="vc-N65591" label="vchunk" ref="vc-n1" as="anc">
    <fs>
      <f name="tense" value="SimPre"/>
      <f name="type" value="FVG"/>
      <f name="voice" value="active"/>
    </fs>
  </a>
  <node xml:id="vc-n10"/>
  <a xml:id="vc-N65615" label="vchunk" ref="vc-n10" as="anc">
    <fs>
      <f name="type" value="FVG"/>
      <f name="tense" value="SimPas"/>
      <f name="voice" value="active"/>
    </fs>
  </a>
  <node xml:id="vc-n100"/>
  <a xml:id="vc-N65639" label="vchunk" ref="vc-n100" as="anc">
    <fs>
      <f name="type" value="FVG"/>
      <f name="tense" value="SimPas"/>
      <f name="voice" value="active"/>
    </fs>
  </a>
  <node xml:id="vc-n101"/>
  <a xml:id="vc-N65663" label="vchunk" ref="vc-n101" as="anc">
    <fs>
      <f name="type" value="FVG"/>
      <f name="tense" value="SimPas"/>
      <f name="voice" value="active"/>
    </fs>
  </a>
  <node xml:id="vc-n102"/>
  <a xml:id="vc-N65687" label="vchunk" ref="vc-n102" as="anc">
    <fs>
      <f name="type" value="FVG"/>
      <f name="tense" value="SimPas"/>
      <f name="voice" value="active"/>
    </fs>
  </a>
  <node xml:id="vc-n103"/>
  <a xml:id="vc-N65711" label="vchunk" ref="vc-n103" as="anc">
    <fs>
      <f name="type" value="FVG"/>
      <f name="tense" value="SimPas"/>
      <f name="voice" value="active"/>
    </fs>
  </a>
  <node xml:id="vc-n104"/>
  <a xml:id="vc-N65735" label="vchunk" ref="vc-n104" as="anc">
    <fs>
      <f name="type" value="FVG"/>
      <f name="tense" value="SimPre"/>
      <f name="voice" value="active"/>
    </fs>
  </a>
  <node xml:id="vc-n105"/>
  <a xml:id="vc-N65759" label="vchunk" ref="vc-n105" as="anc">
    <fs>
      <f name="type" value="FVG"/>
      <f name="tense" value="SimPre"/>
      <f name="voice" value="active"/>
    </fs>
  </a>
  <node xml:id="vc-n106"/>
  <a xml:id="vc-N65783" label="vchunk" ref="vc-n106" as="anc">
    <fs>
      <f name="type" value="FVG"/>
      <f name="tense" value="SimPas"/>
      <f name="voice" value="active"/>
    </fs>
  </a>
  <node xml:id="vc-n107"/>
  <a xml:id="vc-N65807" label="vchunk" ref="vc-n107" as="anc">
    <fs>
      <f name="type" value="FVG"/>
      <f name="tense" value="SimPre"/>
      <f name="voice" value="active"/>
    </fs>
  </a>
  <node xml:id="vc-n108"/>
  <a xml:id="vc-N65831" label="vchunk" ref="vc-n108" as="anc">
    <fs>
      <f name="type" value="NFVG"/>
      <f name="tense" value="Inf"/>
      <f name="voice" value="active"/>
    </fs>
  </a>
  <node xml:id="vc-n109"/>
  <a xml:id="vc-N65855" label="vchunk" ref="vc-n109" as="anc">
    <fs>
      <f name="type" value="FVG"/>
      <f name="tense" value="SimPre"/>
      <f name="voice" value="active"/>
    </fs>
  </a>
  <node xml:id="vc-n11"/>
  <a xml:id="vc-N65879" label="vchunk" ref="vc-n11" as="anc">
    <fs>
      <f name="type" value="FVG"/>
      <f name="tense" value="SimPas"/>
      <f name="voice" value="active"/>
    </fs>
  </a>
  <node xml:id="vc-n110"/>
  <a xml:id="vc-N65903" label="vchunk" ref="vc-n110" as="anc">
    <fs>
      <f name="type" value="FVG"/>
      <f name="tense" value="SimPre"/>
      <f name="voice" value="active"/>
    </fs>
  </a>
  <node xml:id="vc-n111"/>
  <a xml:id="vc-N65927" label="vchunk" ref="vc-n111" as="anc">
    <fs>
      <f name="type" value="FVG"/>
      <f name="tense" value="SimPre"/>
      <f name="voice" value="active"/>
    </fs>
  </a>
  <node xml:id="vc-n112"/>
  <a xml:id="vc-N65951" label="vchunk" ref="vc-n112" as="anc">
    <fs>
      <f name="tense" value="Pre"/>
      <f name="type" value="PART"/>
      <f name="voice" value="active"/>
    </fs>
  </a>
  <node xml:id="vc-n113"/>
  <a xml:id="vc-N65975" label="vchunk" ref="vc-n113" as="anc">
    <fs>
      <f name="type" value="PART"/>
      <f name="tense" value="Pre"/>
      <f name="voice" value="active"/>
    </fs>
  </a>
  <node xml:id="vc-n114"/>
  <a xml:id="vc-N65999" label="vchunk" ref="vc-n114" as="anc">
    <fs>
      <f name="type" value="FVG"/>
      <f name="tense" value="SimPre"/>
      <f name="voice" value="active"/>
      <f name="neg" value="yes"/>
    </fs>
  </a>
  <node xml:id="vc-n115"/>
  <a xml:id="vc-N66027" label="vchunk" ref="vc-n115" as="anc">
    <fs>
      <f name="type" value="FVG"/>
      <f name="tense" value="SimPre"/>
      <f name="voice" value="active"/>
    </fs>
  </a>
  <node xml:id="vc-n116"/>
  <a xml:id="vc-N66051" label="vchunk" ref="vc-n116" as="anc">
    <fs>
      <f name="type" value="FVG"/>
      <f name="tense" value="PrePer"/>
      <f name="voice" value="active"/>
    </fs>
  </a>
  <node xml:id="vc-n117"/>
  <a xml:id="vc-N66075" label="vchunk" ref="vc-n117" as="anc">
    <fs>
      <f name="type" value="FVG"/>
      <f name="tense" value="PreCon"/>
      <f name="voice" value="active"/>
      <f name="neg" value="yes"/>
    </fs>
  </a>
  <node xml:id="vc-n118"/>
  <a xml:id="vc-N66103" label="vchunk" ref="vc-n118" as="anc">
    <fs>
      <f name="type" value="NFVG"/>
      <f name="tense" value="Inf"/>
      <f name="voice" value="active"/>
    </fs>
  </a>
  <node xml:id="vc-n119"/>
  <a xml:id="vc-N66127" label="vchunk" ref="vc-n119" as="anc">
    <fs>
      <f name="type" value="FVG"/>
      <f name="tense" value="PreCon"/>
      <f name="voice" value="active"/>
    </fs>
  </a>
  <node xml:id="vc-n12"/>
  <a xml:id="vc-N66151" label="vchunk" ref="vc-n12" as="anc">
    <fs>
      <f name="type" value="FVG"/>
      <f name="tense" value="SimPre"/>
      <f name="voice" value="active"/>
    </fs>
  </a>
  <node xml:id="vc-n120"/>
  <a xml:id="vc-N66175" label="vchunk" ref="vc-n120" as="anc">
    <fs>
      <f name="type" value="MODAL"/>
      <f name="tense" value="none"/>
      <f name="voice" value="none"/>
    </fs>
  </a>
  <node xml:id="vc-n121"/>
  <a xml:id="vc-N66199" label="vchunk" ref="vc-n121" as="anc">
    <fs>
      <f name="type" value="SPECIAL"/>
      <f name="tense" value="Pre"/>
      <f name="voice" value="none"/>
    </fs>
  </a>
  <node xml:id="vc-n122"/>
  <a xml:id="vc-N66223" label="vchunk" ref="vc-n122" as="anc">
    <fs>
      <f name="type" value="FVG"/>
      <f name="tense" value="SimPre"/>
      <f name="voice" value="active"/>
    </fs>
  </a>
  <node xml:id="vc-n123"/>
  <a xml:id="vc-N66247" label="vchunk" ref="vc-n123" as="anc">
    <fs>
      <f name="tense" value="Inf"/>
      <f name="type" value="NFVG"/>
      <f name="voice" value="active"/>
    </fs>
  </a>
  <node xml:id="vc-n124"/>
  <a xml:id="vc-N66271" label="vchunk" ref="vc-n124" as="anc">
    <fs>
      <f name="type" value="FVG"/>
      <f name="tense" value="SimPre"/>
      <f name="voice" value="active"/>
    </fs>
  </a>
  <node xml:id="vc-n125"/>
  <a xml:id="vc-N66295" label="vchunk" ref="vc-n125" as="anc">
    <fs>
      <f name="tense" value="SimPre"/>
      <f name="type" value="FVG"/>
      <f name="voice" value="active"/>
    </fs>
  </a>
  <node xml:id="vc-n126"/>
  <a xml:id="vc-N66319" label="vchunk" ref="vc-n126" as="anc">
    <fs>
      <f name="type" value="FVG"/>
      <f name="tense" value="SimPre"/>
      <f name="voice" value="active"/>
    </fs>
  </a>
  <node xml:id="vc-n127"/>
  <a xml:id="vc-N66343" label="vchunk" ref="vc-n127" as="anc">
    <fs>
      <f name="type" value="FVG"/>
      <f name="tense" value="SimPre"/>
      <f name="voice" value="active"/>
    </fs>
  </a>
  <node xml:id="vc-n128"/>
  <a xml:id="vc-N66367" label="vchunk" ref="vc-n128" as="anc">
    <fs>
      <f name="type" value="FVG"/>
      <f name="tense" value="PreCon"/>
      <f name="voice" value="active"/>
    </fs>
  </a>
  <node xml:id="vc-n129"/>
  <a xml:id="vc-N66391" label="vchunk" ref="vc-n129" as="anc">
    <fs>
      <f name="type" value="FVG"/>
      <f name="tense" value="PreCon"/>
      <f name="voice" value="active"/>
    </fs>
  </a>
  <node xml:id="vc-n13"/>
  <a xml:id="vc-N66415" label="vchunk" ref="vc-n13" as="anc">
    <fs>
      <f name="type" value="FVG"/>
      <f name="tense" value="SimPre"/>
      <f name="voice" value="active"/>
    </fs>
  </a>
  <node xml:id="vc-n130"/>
  <a xml:id="vc-N66439" label="vchunk" ref="vc-n130" as="anc">
    <fs>
      <f name="type" value="FVG"/>
      <f name="tense" value="SimPre"/>
      <f name="voice" value="active"/>
    </fs>
  </a>
  <node xml:id="vc-n131"/>
  <a xml:id="vc-N66463" label="vchunk" ref="vc-n131" as="anc">
    <fs>
      <f name="type" value="MODAL"/>
      <f name="tense" value="none"/>
      <f name="voice" value="none"/>
    </fs>
  </a>
  <node xml:id="vc-n132"/>
  <a xml:id="vc-N66487" label="vchunk" ref="vc-n132" as="anc">
    <fs>
      <f name="type" value="SPECIAL"/>
      <f name="tense" value="Pre"/>
      <f name="voice" value="none"/>
      <f name="neg" value="yes"/>
    </fs>
  </a>
  <node xml:id="vc-n133"/>
  <a xml:id="vc-N66515" label="vchunk" ref="vc-n133" as="anc">
    <fs>
      <f name="type" value="NFVG"/>
      <f name="tense" value="Inf"/>
      <f name="voice" value="active"/>
    </fs>
  </a>
  <node xml:id="vc-n134"/>
  <a xml:id="vc-N66539" label="vchunk" ref="vc-n134" as="anc">
    <fs>
      <f name="type" value="FVG"/>
      <f name="tense" value="SimPre"/>
      <f name="voice" value="active"/>
    </fs>
  </a>
  <node xml:id="vc-n135"/>
  <a xml:id="vc-N66563" label="vchunk" ref="vc-n135" as="anc">
    <fs>
      <f name="type" value="FVG"/>
      <f name="tense" value="SimPre"/>
      <f name="voice" value="active"/>
    </fs>
  </a>
  <node xml:id="vc-n136"/>
  <a xml:id="vc-N66587" label="vchunk" ref="vc-n136" as="anc">
    <fs>
      <f name="type" value="FVG"/>
      <f name="tense" value="SimPre"/>
      <f name="voice" value="active"/>
    </fs>
  </a>
  <node xml:id="vc-n137"/>
  <a xml:id="vc-N66611" label="vchunk" ref="vc-n137" as="anc">
    <fs>
      <f name="type" value="PART"/>
      <f name="tense" value="Pre"/>
      <f name="voice" value="active"/>
    </fs>
  </a>
  <node xml:id="vc-n138"/>
  <a xml:id="vc-N66635" label="vchunk" ref="vc-n138" as="anc">
    <fs>
      <f name="type" value="FVG"/>
      <f name="tense" value="SimPre"/>
      <f name="voice" value="active"/>
    </fs>
  </a>
  <node xml:id="vc-n139"/>
  <a xml:id="vc-N66659" label="vchunk" ref="vc-n139" as="anc">
    <fs>
      <f name="type" value="MODAL"/>
      <f name="tense" value="none"/>
      <f name="voice" value="none"/>
    </fs>
  </a>
  <node xml:id="vc-n14"/>
  <a xml:id="vc-N66683" label="vchunk" ref="vc-n14" as="anc">
    <fs>
      <f name="type" value="PART"/>
      <f name="tense" value="Pre"/>
      <f name="voice" value="active"/>
    </fs>
  </a>
  <node xml:id="vc-n140"/>
  <a xml:id="vc-N66707" label="vchunk" ref="vc-n140" as="anc">
    <fs>
      <f name="tense" value="SimPre"/>
      <f name="type" value="FVG"/>
      <f name="voice" value="active"/>
    </fs>
  </a>
  <node xml:id="vc-n141"/>
  <a xml:id="vc-N66731" label="vchunk" ref="vc-n141" as="anc">
    <fs>
      <f name="type" value="FVG"/>
      <f name="tense" value="SimPre"/>
      <f name="voice" value="active"/>
    </fs>
  </a>
  <node xml:id="vc-n142"/>
  <a xml:id="vc-N66755" label="vchunk" ref="vc-n142" as="anc">
    <fs>
      <f name="type" value="PART"/>
      <f name="tense" value="Pre"/>
      <f name="voice" value="active"/>
    </fs>
  </a>
  <node xml:id="vc-n143"/>
  <a xml:id="vc-N66779" label="vchunk" ref="vc-n143" as="anc">
    <fs>
      <f name="type" value="FVG"/>
      <f name="tense" value="SimPre"/>
      <f name="voice" value="active"/>
      <f name="neg" value="yes"/>
    </fs>
  </a>
  <node xml:id="vc-n144"/>
  <a xml:id="vc-N66807" label="vchunk" ref="vc-n144" as="anc">
    <fs>
      <f name="type" value="FVG"/>
      <f name="tense" value="SimPre"/>
      <f name="voice" value="active"/>
    </fs>
  </a>
  <node xml:id="vc-n145"/>
  <a xml:id="vc-N66831" label="vchunk" ref="vc-n145" as="anc">
    <fs>
      <f name="type" value="FVG"/>
      <f name="tense" value="SimPre"/>
      <f name="voice" value="active"/>
    </fs>
  </a>
  <node xml:id="vc-n146"/>
  <a xml:id="vc-N66855" label="vchunk" ref="vc-n146" as="anc">
    <fs>
      <f name="type" value="FVG"/>
      <f name="tense" value="SimPre"/>
      <f name="voice" value="active"/>
    </fs>
  </a>
  <node xml:id="vc-n147"/>
  <a xml:id="vc-N66879" label="vchunk" ref="vc-n147" as="anc">
    <fs>
      <f name="type" value="FVG"/>
      <f name="tense" value="SimPre"/>
      <f name="voice" value="active"/>
    </fs>
  </a>
  <node xml:id="vc-n148"/>
  <a xml:id="vc-N66903" label="vchunk" ref="vc-n148" as="anc">
    <fs>
      <f name="type" value="FVG"/>
      <f name="tense" value="SimFut"/>
      <f name="voice" value="active"/>
    </fs>
  </a>
  <node xml:id="vc-n149"/>
  <a xml:id="vc-N66927" label="vchunk" ref="vc-n149" as="anc">
    <fs>
      <f name="type" value="FVG"/>
      <f name="tense" value="PreCon"/>
      <f name="voice" value="active"/>
    </fs>
  </a>
  <node xml:id="vc-n15"/>
  <a xml:id="vc-N66951" label="vchunk" ref="vc-n15" as="anc">
    <fs>
      <f name="type" value="FVG"/>
      <f name="tense" value="SimPre"/>
      <f name="voice" value="active"/>
    </fs>
  </a>
  <node xml:id="vc-n150"/>
  <a xml:id="vc-N66975" label="vchunk" ref="vc-n150" as="anc">
    <fs>
      <f name="type" value="PART"/>
      <f name="tense" value="Pre"/>
      <f name="voice" value="active"/>
    </fs>
  </a>
  <node xml:id="vc-n151"/>
  <a xml:id="vc-N66999" label="vchunk" ref="vc-n151" as="anc">
    <fs>
      <f name="tense" value="SimPre"/>
      <f name="type" value="FVG"/>
      <f name="voice" value="active"/>
    </fs>
  </a>
  <node xml:id="vc-n152"/>
  <a xml:id="vc-N67023" label="vchunk" ref="vc-n152" as="anc">
    <fs>
      <f name="type" value="FVG"/>
      <f name="tense" value="SimPre"/>
      <f name="voice" value="active"/>
    </fs>
  </a>
  <node xml:id="vc-n153"/>
  <a xml:id="vc-N67047" label="vchunk" ref="vc-n153" as="anc">
    <fs>
      <f name="type" value="PART"/>
      <f name="tense" value="Pre"/>
      <f name="voice" value="active"/>
    </fs>
  </a>
  <node xml:id="vc-n154"/>
  <a xml:id="vc-N67071" label="vchunk" ref="vc-n154" as="anc">
    <fs>
      <f name="type" value="SPECIAL"/>
      <f name="tense" value="Pre"/>
      <f name="neg" value="yes"/>
    </fs>
  </a>
  <node xml:id="vc-n155"/>
  <a xml:id="vc-N67095" label="vchunk" ref="vc-n155" as="anc">
    <fs>
      <f name="tense" value="none"/>
      <f name="type" value="MODAL"/>
      <f name="voice" value="none"/>
    </fs>
  </a>
  <node xml:id="vc-n156"/>
  <a xml:id="vc-N67119" label="vchunk" ref="vc-n156" as="anc">
    <fs>
      <f name="type" value="MODAL"/>
      <f name="tense" value="none"/>
      <f name="voice" value="none"/>
    </fs>
  </a>
  <node xml:id="vc-n157"/>
  <a xml:id="vc-N67143" label="vchunk" ref="vc-n157" as="anc">
    <fs>
      <f name="type" value="FVG"/>
      <f name="tense" value="SimPre"/>
      <f name="voice" value="active"/>
    </fs>
  </a>
  <node xml:id="vc-n158"/>
  <a xml:id="vc-N67167" label="vchunk" ref="vc-n158" as="anc">
    <fs>
      <f name="tense" value="SimPre"/>
      <f name="type" value="FVG"/>
      <f name="voice" value="none"/>
    </fs>
  </a>
  <node xml:id="vc-n159"/>
  <a xml:id="vc-N67191" label="vchunk" ref="vc-n159" as="anc">
    <fs>
      <f name="type" value="FVG"/>
      <f name="tense" value="SimPre"/>
      <f name="voice" value="active"/>
    </fs>
  </a>
  <node xml:id="vc-n16"/>
  <a xml:id="vc-N67215" label="vchunk" ref="vc-n16" as="anc">
    <fs>
      <f name="type" value="FVG"/>
      <f name="tense" value="SimPre"/>
      <f name="voice" value="active"/>
    </fs>
  </a>
  <node xml:id="vc-n160"/>
  <a xml:id="vc-N67239" label="vchunk" ref="vc-n160" as="anc">
    <fs>
      <f name="type" value="FVG"/>
      <f name="tense" value="SimPre"/>
      <f name="voice" value="active"/>
    </fs>
  </a>
  <node xml:id="vc-n161"/>
  <a xml:id="vc-N67263" label="vchunk" ref="vc-n161" as="anc">
    <fs>
      <f name="type" value="MODAL"/>
      <f name="tense" value="none"/>
      <f name="voice" value="none"/>
    </fs>
  </a>
  <node xml:id="vc-n162"/>
  <a xml:id="vc-N67287" label="vchunk" ref="vc-n162" as="anc">
    <fs>
      <f name="tense" value="SimPre"/>
      <f name="type" value="FVG"/>
      <f name="voice" value="active"/>
    </fs>
  </a>
  <node xml:id="vc-n163"/>
  <a xml:id="vc-N67311" label="vchunk" ref="vc-n163" as="anc">
    <fs>
      <f name="type" value="FVG"/>
      <f name="tense" value="SimPre"/>
      <f name="voice" value="active"/>
    </fs>
  </a>
  <node xml:id="vc-n164"/>
  <a xml:id="vc-N67335" label="vchunk" ref="vc-n164" as="anc">
    <fs>
      <f name="type" value="PART"/>
      <f name="tense" value="Pas"/>
      <f name="voice" value="none"/>
    </fs>
  </a>
  <node xml:id="vc-n165"/>
  <a xml:id="vc-N67359" label="vchunk" ref="vc-n165" as="anc">
    <fs>
      <f name="type" value="FVG"/>
      <f name="tense" value="SimPre"/>
      <f name="voice" value="active"/>
    </fs>
  </a>
  <node xml:id="vc-n166"/>
  <a xml:id="vc-N67383" label="vchunk" ref="vc-n166" as="anc">
    <fs>
      <f name="type" value="PART"/>
      <f name="tense" value="Pre"/>
      <f name="voice" value="active"/>
    </fs>
  </a>
  <node xml:id="vc-n167"/>
  <a xml:id="vc-N67407" label="vchunk" ref="vc-n167" as="anc">
    <fs>
      <f name="type" value="PART"/>
      <f name="tense" value="Pre"/>
      <f name="voice" value="active"/>
    </fs>
  </a>
  <node xml:id="vc-n168"/>
  <a xml:id="vc-N67431" label="vchunk" ref="vc-n168" as="anc">
    <fs>
      <f name="type" value="FVG"/>
      <f name="tense" value="PreCon"/>
      <f name="voice" value="active"/>
    </fs>
  </a>
  <node xml:id="vc-n169"/>
  <a xml:id="vc-N67455" label="vchunk" ref="vc-n169" as="anc">
    <fs>
      <f name="type" value="MODAL"/>
      <f name="tense" value="none"/>
      <f name="voice" value="none"/>
    </fs>
  </a>
  <node xml:id="vc-n17"/>
  <a xml:id="vc-N67479" label="vchunk" ref="vc-n17" as="anc">
    <fs>
      <f name="type" value="NFVG"/>
      <f name="tense" value="Inf"/>
      <f name="voice" value="active"/>
    </fs>
  </a>
  <node xml:id="vc-n170"/>
  <a xml:id="vc-N67503" label="vchunk" ref="vc-n170" as="anc">
    <fs>
      <f name="type" value="FVG"/>
      <f name="tense" value="SimPre"/>
      <f name="voice" value="active"/>
    </fs>
  </a>
  <node xml:id="vc-n171"/>
  <a xml:id="vc-N67527" label="vchunk" ref="vc-n171" as="anc">
    <fs>
      <f name="type" value="MODAL"/>
      <f name="tense" value="none"/>
      <f name="voice" value="none"/>
    </fs>
  </a>
  <node xml:id="vc-n172"/>
  <a xml:id="vc-N67551" label="vchunk" ref="vc-n172" as="anc">
    <fs>
      <f name="type" value="NFVG"/>
      <f name="tense" value="Inf"/>
      <f name="voice" value="active"/>
    </fs>
  </a>
  <node xml:id="vc-n173"/>
  <a xml:id="vc-N67575" label="vchunk" ref="vc-n173" as="anc">
    <fs>
      <f name="tense" value="Pas"/>
      <f name="type" value="PART"/>
      <f name="voice" value="none"/>
    </fs>
  </a>
  <node xml:id="vc-n174"/>
  <a xml:id="vc-N67599" label="vchunk" ref="vc-n174" as="anc">
    <fs>
      <f name="type" value="FVG"/>
      <f name="tense" value="SimPre"/>
      <f name="voice" value="active"/>
    </fs>
  </a>
  <node xml:id="vc-n175"/>
  <a xml:id="vc-N67623" label="vchunk" ref="vc-n175" as="anc">
    <fs>
      <f name="type" value="FVG"/>
      <f name="tense" value="SimPre"/>
      <f name="voice" value="active"/>
    </fs>
  </a>
  <node xml:id="vc-n176"/>
  <a xml:id="vc-N67647" label="vchunk" ref="vc-n176" as="anc">
    <fs>
      <f name="type" value="FVG"/>
      <f name="tense" value="SimFut"/>
      <f name="voice" value="active"/>
    </fs>
  </a>
  <node xml:id="vc-n177"/>
  <a xml:id="vc-N67671" label="vchunk" ref="vc-n177" as="anc">
    <fs>
      <f name="type" value="FVG"/>
      <f name="tense" value="SimPre"/>
      <f name="voice" value="active"/>
    </fs>
  </a>
  <node xml:id="vc-n178"/>
  <a xml:id="vc-N67695" label="vchunk" ref="vc-n178" as="anc">
    <fs>
      <f name="type" value="MODAL"/>
      <f name="tense" value="none"/>
      <f name="voice" value="none"/>
    </fs>
  </a>
  <node xml:id="vc-n179"/>
  <a xml:id="vc-N67719" label="vchunk" ref="vc-n179" as="anc">
    <fs>
      <f name="type" value="FVG"/>
      <f name="tense" value="SimPre"/>
      <f name="voice" value="active"/>
    </fs>
  </a>
  <node xml:id="vc-n18"/>
  <a xml:id="vc-N67743" label="vchunk" ref="vc-n18" as="anc">
    <fs>
      <f name="type" value="PART"/>
      <f name="tense" value="Pre"/>
      <f name="voice" value="active"/>
    </fs>
  </a>
  <node xml:id="vc-n180"/>
  <a xml:id="vc-N67767" label="vchunk" ref="vc-n180" as="anc">
    <fs>
      <f name="type" value="FVG"/>
      <f name="tense" value="SimPre"/>
      <f name="voice" value="active"/>
    </fs>
  </a>
  <node xml:id="vc-n181"/>
  <a xml:id="vc-N67791" label="vchunk" ref="vc-n181" as="anc">
    <fs>
      <f name="tense" value="SimPre"/>
      <f name="type" value="FVG"/>
      <f name="voice" value="active"/>
    </fs>
  </a>
  <node xml:id="vc-n182"/>
  <a xml:id="vc-N67815" label="vchunk" ref="vc-n182" as="anc">
    <fs>
      <f name="type" value="FVG"/>
      <f name="tense" value="FutCon"/>
      <f name="voice" value="active"/>
    </fs>
  </a>
  <node xml:id="vc-n183"/>
  <a xml:id="vc-N67839" label="vchunk" ref="vc-n183" as="anc">
    <fs>
      <f name="type" value="MODAL"/>
      <f name="tense" value="none"/>
      <f name="voice" value="none"/>
    </fs>
  </a>
  <node xml:id="vc-n184"/>
  <a xml:id="vc-N67863" label="vchunk" ref="vc-n184" as="anc">
    <fs>
      <f name="tense" value="SimPas"/>
      <f name="type" value="FVG"/>
      <f name="voice" value="active"/>
    </fs>
  </a>
  <node xml:id="vc-n185"/>
  <a xml:id="vc-N67887" label="vchunk" ref="vc-n185" as="anc">
    <fs>
      <f name="tense" value="SimPas"/>
      <f name="type" value="FVG"/>
      <f name="voice" value="active"/>
    </fs>
  </a>
  <node xml:id="vc-n186"/>
  <a xml:id="vc-N67911" label="vchunk" ref="vc-n186" as="anc">
    <fs>
      <f name="type" value="FVG"/>
      <f name="tense" value="SimPas"/>
      <f name="voice" value="active"/>
    </fs>
  </a>
  <node xml:id="vc-n187"/>
  <a xml:id="vc-N67935" label="vchunk" ref="vc-n187" as="anc">
    <fs>
      <f name="tense" value="SimPas"/>
      <f name="type" value="FVG"/>
      <f name="voice" value="active"/>
    </fs>
  </a>
  <node xml:id="vc-n188"/>
  <a xml:id="vc-N67959" label="vchunk" ref="vc-n188" as="anc">
    <fs>
      <f name="type" value="FVG"/>
      <f name="tense" value="SimPas"/>
      <f name="voice" value="active"/>
    </fs>
  </a>
  <node xml:id="vc-n189"/>
  <a xml:id="vc-N67983" label="vchunk" ref="vc-n189" as="anc">
    <fs>
      <f name="type" value="NFVG"/>
      <f name="tense" value="Inf"/>
      <f name="voice" value="active"/>
    </fs>
  </a>
  <node xml:id="vc-n19"/>
  <a xml:id="vc-N68007" label="vchunk" ref="vc-n19" as="anc">
    <fs>
      <f name="type" value="FVG"/>
      <f name="tense" value="SimPre"/>
      <f name="voice" value="active"/>
    </fs>
  </a>
  <node xml:id="vc-n190"/>
  <a xml:id="vc-N68031" label="vchunk" ref="vc-n190" as="anc">
    <fs>
      <f name="type" value="FVG"/>
      <f name="tense" value="SimPas"/>
      <f name="voice" value="active"/>
    </fs>
  </a>
  <node xml:id="vc-n191"/>
  <a xml:id="vc-N68055" label="vchunk" ref="vc-n191" as="anc">
    <fs>
      <f name="type" value="FVG"/>
      <f name="tense" value="SimPre"/>
      <f name="voice" value="active"/>
      <f name="neg" value="yes"/>
    </fs>
  </a>
  <node xml:id="vc-n192"/>
  <a xml:id="vc-N68083" label="vchunk" ref="vc-n192" as="anc">
    <fs>
      <f name="type" value="MODAL"/>
      <f name="tense" value="none"/>
      <f name="voice" value="none"/>
    </fs>
  </a>
  <node xml:id="vc-n193"/>
  <a xml:id="vc-N68107" label="vchunk" ref="vc-n193" as="anc">
    <fs>
      <f name="type" value="NFVG"/>
      <f name="tense" value="Inf"/>
      <f name="voice" value="active"/>
    </fs>
  </a>
  <node xml:id="vc-n194"/>
  <a xml:id="vc-N68131" label="vchunk" ref="vc-n194" as="anc">
    <fs>
      <f name="type" value="FVG"/>
      <f name="tense" value="SimPas"/>
      <f name="voice" value="passive"/>
    </fs>
  </a>
  <node xml:id="vc-n195"/>
  <a xml:id="vc-N68155" label="vchunk" ref="vc-n195" as="anc">
    <fs>
      <f name="type" value="FVG"/>
      <f name="tense" value="SimPas"/>
      <f name="voice" value="passive"/>
    </fs>
  </a>
  <node xml:id="vc-n196"/>
  <a xml:id="vc-N68179" label="vchunk" ref="vc-n196" as="anc">
    <fs>
      <f name="type" value="FVG"/>
      <f name="tense" value="PasCon"/>
      <f name="voice" value="active"/>
    </fs>
  </a>
  <node xml:id="vc-n197"/>
  <a xml:id="vc-N68203" label="vchunk" ref="vc-n197" as="anc">
    <fs>
      <f name="type" value="FVG"/>
      <f name="tense" value="SimPre"/>
      <f name="voice" value="active"/>
    </fs>
  </a>
  <node xml:id="vc-n198"/>
  <a xml:id="vc-N68227" label="vchunk" ref="vc-n198" as="anc">
    <fs>
      <f name="type" value="FVG"/>
      <f name="tense" value="SimPre"/>
      <f name="voice" value="active"/>
    </fs>
  </a>
  <node xml:id="vc-n199"/>
  <a xml:id="vc-N68251" label="vchunk" ref="vc-n199" as="anc">
    <fs>
      <f name="type" value="FVG"/>
      <f name="tense" value="SimPas"/>
      <f name="voice" value="active"/>
    </fs>
  </a>
  <node xml:id="vc-n2"/>
  <a xml:id="vc-N68275" label="vchunk" ref="vc-n2" as="anc">
    <fs>
      <f name="type" value="FVG"/>
      <f name="tense" value="SimPre"/>
      <f name="voice" value="active"/>
    </fs>
  </a>
  <node xml:id="vc-n20"/>
  <a xml:id="vc-N68299" label="vchunk" ref="vc-n20" as="anc">
    <fs>
      <f name="type" value="FVG"/>
      <f name="tense" value="SimPre"/>
      <f name="voice" value="active"/>
    </fs>
  </a>
  <node xml:id="vc-n200"/>
  <a xml:id="vc-N68323" label="vchunk" ref="vc-n200" as="anc">
    <fs>
      <f name="type" value="FVG"/>
      <f name="tense" value="SimPre"/>
      <f name="voice" value="active"/>
    </fs>
  </a>
  <node xml:id="vc-n201"/>
  <a xml:id="vc-N68347" label="vchunk" ref="vc-n201" as="anc">
    <fs>
      <f name="type" value="FVG"/>
      <f name="tense" value="SimPre"/>
      <f name="voice" value="active"/>
    </fs>
  </a>
  <node xml:id="vc-n202"/>
  <a xml:id="vc-N68371" label="vchunk" ref="vc-n202" as="anc">
    <fs>
      <f name="type" value="FVG"/>
      <f name="tense" value="SimFut"/>
      <f name="voice" value="active"/>
    </fs>
  </a>
  <node xml:id="vc-n203"/>
  <a xml:id="vc-N68395" label="vchunk" ref="vc-n203" as="anc">
    <fs>
      <f name="type" value="FVG"/>
      <f name="tense" value="SimPas"/>
      <f name="voice" value="active"/>
    </fs>
  </a>
  <node xml:id="vc-n204"/>
  <a xml:id="vc-N68419" label="vchunk" ref="vc-n204" as="anc">
    <fs>
      <f name="tense" value="SimFut"/>
      <f name="type" value="FVG"/>
      <f name="voice" value="active"/>
    </fs>
  </a>
  <node xml:id="vc-n205"/>
  <a xml:id="vc-N68443" label="vchunk" ref="vc-n205" as="anc">
    <fs>
      <f name="type" value="FVG"/>
      <f name="tense" value="SimPre"/>
      <f name="voice" value="active"/>
    </fs>
  </a>
  <node xml:id="vc-n206"/>
  <a xml:id="vc-N68467" label="vchunk" ref="vc-n206" as="anc">
    <fs>
      <f name="type" value="PART"/>
      <f name="tense" value="Pas"/>
      <f name="voice" value="none"/>
    </fs>
  </a>
  <node xml:id="vc-n21"/>
  <a xml:id="vc-N68491" label="vchunk" ref="vc-n21" as="anc">
    <fs>
      <f name="type" value="FVG"/>
      <f name="tense" value="SimFut"/>
      <f name="voice" value="active"/>
    </fs>
  </a>
  <node xml:id="vc-n22"/>
  <a xml:id="vc-N68515" label="vchunk" ref="vc-n22" as="anc">
    <fs>
      <f name="type" value="FVG"/>
      <f name="tense" value="SimPre"/>
      <f name="voice" value="active"/>
    </fs>
  </a>
  <node xml:id="vc-n23"/>
  <a xml:id="vc-N68539" label="vchunk" ref="vc-n23" as="anc">
    <fs>
      <f name="type" value="FVG"/>
      <f name="tense" value="SimPre"/>
      <f name="voice" value="active"/>
    </fs>
  </a>
  <node xml:id="vc-n24"/>
  <a xml:id="vc-N68563" label="vchunk" ref="vc-n24" as="anc">
    <fs>
      <f name="type" value="FVG"/>
      <f name="tense" value="SimFut"/>
      <f name="voice" value="active"/>
    </fs>
  </a>
  <node xml:id="vc-n25"/>
  <a xml:id="vc-N68587" label="vchunk" ref="vc-n25" as="anc">
    <fs>
      <f name="type" value="FVG"/>
      <f name="tense" value="SimPas"/>
      <f name="voice" value="active"/>
    </fs>
  </a>
  <node xml:id="vc-n26"/>
  <a xml:id="vc-N68611" label="vchunk" ref="vc-n26" as="anc">
    <fs>
      <f name="type" value="FVG"/>
      <f name="tense" value="SimPre"/>
      <f name="voice" value="active"/>
    </fs>
  </a>
  <node xml:id="vc-n27"/>
  <a xml:id="vc-N68635" label="vchunk" ref="vc-n27" as="anc">
    <fs>
      <f name="type" value="FVG"/>
      <f name="tense" value="SimPre"/>
      <f name="voice" value="active"/>
    </fs>
  </a>
  <node xml:id="vc-n28"/>
  <a xml:id="vc-N68659" label="vchunk" ref="vc-n28" as="anc">
    <fs>
      <f name="type" value="FVG"/>
      <f name="tense" value="SimPas"/>
      <f name="voice" value="active"/>
    </fs>
  </a>
  <node xml:id="vc-n29"/>
  <a xml:id="vc-N68683" label="vchunk" ref="vc-n29" as="anc">
    <fs>
      <f name="type" value="MODAL"/>
      <f name="tense" value="none"/>
      <f name="voice" value="none"/>
    </fs>
  </a>
  <node xml:id="vc-n3"/>
  <a xml:id="vc-N68707" label="vchunk" ref="vc-n3" as="anc">
    <fs>
      <f name="type" value="FVG"/>
      <f name="tense" value="SimPre"/>
      <f name="voice" value="active"/>
    </fs>
  </a>
  <node xml:id="vc-n30"/>
  <a xml:id="vc-N68731" label="vchunk" ref="vc-n30" as="anc">
    <fs>
      <f name="type" value="PART"/>
      <f name="tense" value="Pre"/>
      <f name="voice" value="active"/>
    </fs>
  </a>
  <node xml:id="vc-n31"/>
  <a xml:id="vc-N68755" label="vchunk" ref="vc-n31" as="anc">
    <fs>
      <f name="type" value="FVG"/>
      <f name="tense" value="SimPas"/>
      <f name="voice" value="active"/>
    </fs>
  </a>
  <node xml:id="vc-n32"/>
  <a xml:id="vc-N68779" label="vchunk" ref="vc-n32" as="anc">
    <fs>
      <f name="type" value="PART"/>
      <f name="tense" value="Pre"/>
      <f name="voice" value="active"/>
    </fs>
  </a>
  <node xml:id="vc-n33"/>
  <a xml:id="vc-N68803" label="vchunk" ref="vc-n33" as="anc">
    <fs>
      <f name="tense" value="Pre"/>
      <f name="type" value="PART"/>
      <f name="voice" value="active"/>
    </fs>
  </a>
  <node xml:id="vc-n34"/>
  <a xml:id="vc-N68827" label="vchunk" ref="vc-n34" as="anc">
    <fs>
      <f name="type" value="NFVG"/>
      <f name="tense" value="Inf"/>
      <f name="voice" value="active"/>
    </fs>
  </a>
  <node xml:id="vc-n35"/>
  <a xml:id="vc-N68851" label="vchunk" ref="vc-n35" as="anc">
    <fs>
      <f name="type" value="PART"/>
      <f name="tense" value="Pre"/>
      <f name="voice" value="active"/>
    </fs>
  </a>
  <node xml:id="vc-n36"/>
  <a xml:id="vc-N68875" label="vchunk" ref="vc-n36" as="anc">
    <fs>
      <f name="type" value="NFVG"/>
      <f name="tense" value="Inf"/>
      <f name="voice" value="active"/>
    </fs>
  </a>
  <node xml:id="vc-n37"/>
  <a xml:id="vc-N68899" label="vchunk" ref="vc-n37" as="anc">
    <fs>
      <f name="type" value="PART"/>
      <f name="tense" value="Pre"/>
      <f name="voice" value="active"/>
    </fs>
  </a>
  <node xml:id="vc-n38"/>
  <a xml:id="vc-N68923" label="vchunk" ref="vc-n38" as="anc">
    <fs>
      <f name="type" value="FVG"/>
      <f name="tense" value="SimPas"/>
      <f name="voice" value="active"/>
    </fs>
  </a>
  <node xml:id="vc-n39"/>
  <a xml:id="vc-N68947" label="vchunk" ref="vc-n39" as="anc">
    <fs>
      <f name="type" value="FVG"/>
      <f name="tense" value="SimPas"/>
      <f name="voice" value="active"/>
    </fs>
  </a>
  <node xml:id="vc-n4"/>
  <a xml:id="vc-N68971" label="vchunk" ref="vc-n4" as="anc">
    <fs>
      <f name="type" value="NFVG"/>
      <f name="tense" value="Inf"/>
      <f name="voice" value="active"/>
    </fs>
  </a>
  <node xml:id="vc-n40"/>
  <a xml:id="vc-N68995" label="vchunk" ref="vc-n40" as="anc">
    <fs>
      <f name="type" value="FVG"/>
      <f name="tense" value="SimPas"/>
      <f name="voice" value="active"/>
    </fs>
  </a>
  <node xml:id="vc-n41"/>
  <a xml:id="vc-N69019" label="vchunk" ref="vc-n41" as="anc">
    <fs>
      <f name="type" value="NFVG"/>
      <f name="tense" value="Inf"/>
      <f name="voice" value="active"/>
    </fs>
  </a>
  <node xml:id="vc-n42"/>
  <a xml:id="vc-N69043" label="vchunk" ref="vc-n42" as="anc">
    <fs>
      <f name="type" value="FVG"/>
      <f name="tense" value="SimPas"/>
      <f name="voice" value="active"/>
    </fs>
  </a>
  <node xml:id="vc-n43"/>
  <a xml:id="vc-N69067" label="vchunk" ref="vc-n43" as="anc">
    <fs>
      <f name="type" value="FVG"/>
      <f name="tense" value="SimPas"/>
      <f name="voice" value="active"/>
    </fs>
  </a>
  <node xml:id="vc-n44"/>
  <a xml:id="vc-N69091" label="vchunk" ref="vc-n44" as="anc">
    <fs>
      <f name="type" value="FVG"/>
      <f name="tense" value="SimPre"/>
      <f name="voice" value="active"/>
    </fs>
  </a>
  <node xml:id="vc-n45"/>
  <a xml:id="vc-N69115" label="vchunk" ref="vc-n45" as="anc">
    <fs>
      <f name="type" value="FVG"/>
      <f name="tense" value="SimPas"/>
      <f name="voice" value="active"/>
    </fs>
  </a>
  <node xml:id="vc-n46"/>
  <a xml:id="vc-N69139" label="vchunk" ref="vc-n46" as="anc">
    <fs>
      <f name="type" value="FVG"/>
      <f name="tense" value="SimPre"/>
      <f name="voice" value="active"/>
    </fs>
  </a>
  <node xml:id="vc-n47"/>
  <a xml:id="vc-N69163" label="vchunk" ref="vc-n47" as="anc">
    <fs>
      <f name="type" value="PART"/>
      <f name="tense" value="Pas"/>
      <f name="voice" value="none"/>
    </fs>
  </a>
  <node xml:id="vc-n48"/>
  <a xml:id="vc-N69187" label="vchunk" ref="vc-n48" as="anc">
    <fs>
      <f name="type" value="PART"/>
      <f name="tense" value="Pre"/>
      <f name="voice" value="active"/>
    </fs>
  </a>
  <node xml:id="vc-n49"/>
  <a xml:id="vc-N69211" label="vchunk" ref="vc-n49" as="anc">
    <fs>
      <f name="tense" value="Pas"/>
      <f name="type" value="PART"/>
      <f name="voice" value="none"/>
    </fs>
  </a>
  <node xml:id="vc-n5"/>
  <a xml:id="vc-N69235" label="vchunk" ref="vc-n5" as="anc">
    <fs>
      <f name="type" value="FVG"/>
      <f name="tense" value="SimPre"/>
      <f name="voice" value="active"/>
    </fs>
  </a>
  <node xml:id="vc-n50"/>
  <a xml:id="vc-N69259" label="vchunk" ref="vc-n50" as="anc">
    <fs>
      <f name="type" value="FVG"/>
      <f name="tense" value="SimPre"/>
      <f name="voice" value="active"/>
    </fs>
  </a>
  <node xml:id="vc-n51"/>
  <a xml:id="vc-N69283" label="vchunk" ref="vc-n51" as="anc">
    <fs>
      <f name="tense" value="Pas"/>
      <f name="type" value="PART"/>
      <f name="voice" value="none"/>
    </fs>
  </a>
  <node xml:id="vc-n52"/>
  <a xml:id="vc-N69307" label="vchunk" ref="vc-n52" as="anc">
    <fs>
      <f name="type" value="FVG"/>
      <f name="tense" value="SimPre"/>
      <f name="voice" value="active"/>
    </fs>
  </a>
  <node xml:id="vc-n53"/>
  <a xml:id="vc-N69331" label="vchunk" ref="vc-n53" as="anc">
    <fs>
      <f name="tense" value="Pre"/>
      <f name="type" value="PART"/>
      <f name="voice" value="active"/>
    </fs>
  </a>
  <node xml:id="vc-n54"/>
  <a xml:id="vc-N69355" label="vchunk" ref="vc-n54" as="anc">
    <fs>
      <f name="type" value="FVG"/>
      <f name="tense" value="SimPre"/>
      <f name="voice" value="active"/>
    </fs>
  </a>
  <node xml:id="vc-n55"/>
  <a xml:id="vc-N69379" label="vchunk" ref="vc-n55" as="anc">
    <fs>
      <f name="type" value="FVG"/>
      <f name="tense" value="SimPre"/>
      <f name="voice" value="active"/>
    </fs>
  </a>
  <node xml:id="vc-n56"/>
  <a xml:id="vc-N69403" label="vchunk" ref="vc-n56" as="anc">
    <fs>
      <f name="type" value="FVG"/>
      <f name="tense" value="SimPre"/>
      <f name="voice" value="active"/>
    </fs>
  </a>
  <node xml:id="vc-n57"/>
  <a xml:id="vc-N69427" label="vchunk" ref="vc-n57" as="anc">
    <fs>
      <f name="type" value="FVG"/>
      <f name="tense" value="SimPre"/>
      <f name="voice" value="active"/>
    </fs>
  </a>
  <node xml:id="vc-n58"/>
  <a xml:id="vc-N69451" label="vchunk" ref="vc-n58" as="anc">
    <fs>
      <f name="type" value="FVG"/>
      <f name="tense" value="SimPre"/>
      <f name="voice" value="active"/>
    </fs>
  </a>
  <node xml:id="vc-n59"/>
  <a xml:id="vc-N69475" label="vchunk" ref="vc-n59" as="anc">
    <fs>
      <f name="type" value="FVG"/>
      <f name="tense" value="SimPre"/>
      <f name="voice" value="active"/>
    </fs>
  </a>
  <node xml:id="vc-n6"/>
  <a xml:id="vc-N69499" label="vchunk" ref="vc-n6" as="anc">
    <fs>
      <f name="type" value="FVG"/>
      <f name="tense" value="SimPas"/>
      <f name="voice" value="active"/>
    </fs>
  </a>
  <node xml:id="vc-n60"/>
  <a xml:id="vc-N69523" label="vchunk" ref="vc-n60" as="anc">
    <fs>
      <f name="type" value="FVG"/>
      <f name="tense" value="SimPre"/>
      <f name="voice" value="active"/>
    </fs>
  </a>
  <node xml:id="vc-n61"/>
  <a xml:id="vc-N69547" label="vchunk" ref="vc-n61" as="anc">
    <fs>
      <f name="type" value="NFVG"/>
      <f name="tense" value="Inf"/>
      <f name="voice" value="active"/>
    </fs>
  </a>
  <node xml:id="vc-n62"/>
  <a xml:id="vc-N69571" label="vchunk" ref="vc-n62" as="anc">
    <fs>
      <f name="type" value="FVG"/>
      <f name="tense" value="SimPre"/>
      <f name="voice" value="active"/>
    </fs>
  </a>
  <node xml:id="vc-n63"/>
  <a xml:id="vc-N69595" label="vchunk" ref="vc-n63" as="anc">
    <fs>
      <f name="type" value="PART"/>
      <f name="tense" value="Pre"/>
      <f name="voice" value="active"/>
    </fs>
  </a>
  <node xml:id="vc-n64"/>
  <a xml:id="vc-N69619" label="vchunk" ref="vc-n64" as="anc">
    <fs>
      <f name="type" value="FVG"/>
      <f name="tense" value="SimPre"/>
      <f name="voice" value="active"/>
    </fs>
  </a>
  <node xml:id="vc-n65"/>
  <a xml:id="vc-N69643" label="vchunk" ref="vc-n65" as="anc">
    <fs>
      <f name="tense" value="Inf"/>
      <f name="type" value="NFVG"/>
      <f name="voice" value="active"/>
    </fs>
  </a>
  <node xml:id="vc-n66"/>
  <a xml:id="vc-N69667" label="vchunk" ref="vc-n66" as="anc">
    <fs>
      <f name="tense" value="Inf"/>
      <f name="type" value="NFVG"/>
      <f name="voice" value="active"/>
    </fs>
  </a>
  <node xml:id="vc-n67"/>
  <a xml:id="vc-N69691" label="vchunk" ref="vc-n67" as="anc">
    <fs>
      <f name="type" value="NFVG"/>
      <f name="tense" value="Inf"/>
      <f name="voice" value="active"/>
    </fs>
  </a>
  <node xml:id="vc-n68"/>
  <a xml:id="vc-N69715" label="vchunk" ref="vc-n68" as="anc">
    <fs>
      <f name="type" value="FVG"/>
      <f name="tense" value="SimPas"/>
      <f name="voice" value="active"/>
    </fs>
  </a>
  <node xml:id="vc-n69"/>
  <a xml:id="vc-N69739" label="vchunk" ref="vc-n69" as="anc">
    <fs>
      <f name="type" value="FVG"/>
      <f name="tense" value="SimPas"/>
      <f name="voice" value="passive"/>
    </fs>
  </a>
  <node xml:id="vc-n7"/>
  <a xml:id="vc-N69763" label="vchunk" ref="vc-n7" as="anc">
    <fs>
      <f name="type" value="FVG"/>
      <f name="tense" value="SimPas"/>
      <f name="voice" value="active"/>
    </fs>
  </a>
  <node xml:id="vc-n70"/>
  <a xml:id="vc-N69787" label="vchunk" ref="vc-n70" as="anc">
    <fs>
      <f name="type" value="FVG"/>
      <f name="tense" value="PreCon"/>
      <f name="voice" value="active"/>
    </fs>
  </a>
  <node xml:id="vc-n71"/>
  <a xml:id="vc-N69811" label="vchunk" ref="vc-n71" as="anc">
    <fs>
      <f name="type" value="FVG"/>
      <f name="tense" value="SimPre"/>
      <f name="voice" value="active"/>
    </fs>
  </a>
  <node xml:id="vc-n72"/>
  <a xml:id="vc-N69835" label="vchunk" ref="vc-n72" as="anc">
    <fs>
      <f name="type" value="FVG"/>
      <f name="tense" value="SimPre"/>
      <f name="voice" value="active"/>
    </fs>
  </a>
  <node xml:id="vc-n73"/>
  <a xml:id="vc-N69859" label="vchunk" ref="vc-n73" as="anc">
    <fs>
      <f name="type" value="FVG"/>
      <f name="tense" value="SimPre"/>
      <f name="voice" value="active"/>
    </fs>
  </a>
  <node xml:id="vc-n74"/>
  <a xml:id="vc-N69883" label="vchunk" ref="vc-n74" as="anc">
    <fs>
      <f name="type" value="FVG"/>
      <f name="tense" value="SimPre"/>
      <f name="voice" value="active"/>
    </fs>
  </a>
  <node xml:id="vc-n75"/>
  <a xml:id="vc-N69907" label="vchunk" ref="vc-n75" as="anc">
    <fs>
      <f name="type" value="FVG"/>
      <f name="tense" value="SimPre"/>
      <f name="voice" value="active"/>
    </fs>
  </a>
  <node xml:id="vc-n76"/>
  <a xml:id="vc-N69931" label="vchunk" ref="vc-n76" as="anc">
    <fs>
      <f name="type" value="FVG"/>
      <f name="tense" value="SimFut"/>
      <f name="voice" value="active"/>
    </fs>
  </a>
  <node xml:id="vc-n77"/>
  <a xml:id="vc-N69955" label="vchunk" ref="vc-n77" as="anc">
    <fs>
      <f name="type" value="MODAL"/>
      <f name="tense" value="BeVBN"/>
      <f name="voice" value="none"/>
    </fs>
  </a>
  <node xml:id="vc-n78"/>
  <a xml:id="vc-N69979" label="vchunk" ref="vc-n78" as="anc">
    <fs>
      <f name="type" value="MODAL"/>
      <f name="tense" value="none"/>
      <f name="voice" value="none"/>
    </fs>
  </a>
  <node xml:id="vc-n79"/>
  <a xml:id="vc-N70003" label="vchunk" ref="vc-n79" as="anc">
    <fs>
      <f name="type" value="PART"/>
      <f name="tense" value="Pre"/>
      <f name="voice" value="active"/>
    </fs>
  </a>
  <node xml:id="vc-n8"/>
  <a xml:id="vc-N70027" label="vchunk" ref="vc-n8" as="anc">
    <fs>
      <f name="type" value="FVG"/>
      <f name="tense" value="SimPre"/>
      <f name="voice" value="active"/>
    </fs>
  </a>
  <node xml:id="vc-n80"/>
  <a xml:id="vc-N70051" label="vchunk" ref="vc-n80" as="anc">
    <fs>
      <f name="type" value="FVG"/>
      <f name="tense" value="SimPre"/>
      <f name="voice" value="active"/>
      <f name="neg" value="yes"/>
    </fs>
  </a>
  <node xml:id="vc-n81"/>
  <a xml:id="vc-N70079" label="vchunk" ref="vc-n81" as="anc">
    <fs>
      <f name="tense" value="Pre"/>
      <f name="type" value="PART"/>
      <f name="voice" value="active"/>
    </fs>
  </a>
  <node xml:id="vc-n82"/>
  <a xml:id="vc-N70103" label="vchunk" ref="vc-n82" as="anc">
    <fs>
      <f name="tense" value="SimPre"/>
      <f name="type" value="FVG"/>
      <f name="voice" value="active"/>
    </fs>
  </a>
  <node xml:id="vc-n83"/>
  <a xml:id="vc-N70127" label="vchunk" ref="vc-n83" as="anc">
    <fs>
      <f name="type" value="NFVG"/>
      <f name="tense" value="Inf"/>
      <f name="voice" value="active"/>
    </fs>
  </a>
  <node xml:id="vc-n84"/>
  <a xml:id="vc-N70151" label="vchunk" ref="vc-n84" as="anc">
    <fs>
      <f name="type" value="NFVG"/>
      <f name="tense" value="Inf"/>
      <f name="voice" value="active"/>
    </fs>
  </a>
  <node xml:id="vc-n85"/>
  <a xml:id="vc-N70175" label="vchunk" ref="vc-n85" as="anc">
    <fs>
      <f name="type" value="NFVG"/>
      <f name="tense" value="Inf"/>
      <f name="voice" value="active"/>
    </fs>
  </a>
  <node xml:id="vc-n86"/>
  <a xml:id="vc-N70199" label="vchunk" ref="vc-n86" as="anc">
    <fs>
      <f name="type" value="FVG"/>
      <f name="tense" value="SimPre"/>
      <f name="voice" value="active"/>
    </fs>
  </a>
  <node xml:id="vc-n87"/>
  <a xml:id="vc-N70223" label="vchunk" ref="vc-n87" as="anc">
    <fs>
      <f name="type" value="FVG"/>
      <f name="tense" value="PreCon"/>
      <f name="voice" value="active"/>
    </fs>
  </a>
  <node xml:id="vc-n88"/>
  <a xml:id="vc-N70247" label="vchunk" ref="vc-n88" as="anc">
    <fs>
      <f name="type" value="FVG"/>
      <f name="tense" value="SimPas"/>
      <f name="voice" value="active"/>
    </fs>
  </a>
  <node xml:id="vc-n89"/>
  <a xml:id="vc-N70271" label="vchunk" ref="vc-n89" as="anc">
    <fs>
      <f name="type" value="FVG"/>
      <f name="tense" value="SimPas"/>
      <f name="voice" value="active"/>
    </fs>
  </a>
  <node xml:id="vc-n9"/>
  <a xml:id="vc-N70295" label="vchunk" ref="vc-n9" as="anc">
    <fs>
      <f name="type" value="SPECIAL"/>
      <f name="tense" value="Pre"/>
      <f name="voice" value="none"/>
    </fs>
  </a>
  <node xml:id="vc-n90"/>
  <a xml:id="vc-N70319" label="vchunk" ref="vc-n90" as="anc">
    <fs>
      <f name="type" value="PART"/>
      <f name="tense" value="Pre"/>
      <f name="voice" value="active"/>
    </fs>
  </a>
  <node xml:id="vc-n91"/>
  <a xml:id="vc-N70343" label="vchunk" ref="vc-n91" as="anc">
    <fs>
      <f name="type" value="FVG"/>
      <f name="tense" value="SimPas"/>
      <f name="voice" value="active"/>
    </fs>
  </a>
  <node xml:id="vc-n92"/>
  <a xml:id="vc-N70367" label="vchunk" ref="vc-n92" as="anc">
    <fs>
      <f name="type" value="NFVG"/>
      <f name="tense" value="Inf"/>
      <f name="voice" value="active"/>
    </fs>
  </a>
  <node xml:id="vc-n93"/>
  <a xml:id="vc-N70391" label="vchunk" ref="vc-n93" as="anc">
    <fs>
      <f name="type" value="FVG"/>
      <f name="tense" value="SimPas"/>
      <f name="voice" value="passive"/>
    </fs>
  </a>
  <node xml:id="vc-n94"/>
  <a xml:id="vc-N70415" label="vchunk" ref="vc-n94" as="anc">
    <fs>
      <f name="type" value="FVG"/>
      <f name="tense" value="SimPas"/>
      <f name="voice" value="active"/>
    </fs>
  </a>
  <node xml:id="vc-n95"/>
  <a xml:id="vc-N70439" label="vchunk" ref="vc-n95" as="anc">
    <fs>
      <f name="type" value="MODAL"/>
      <f name="tense" value="none"/>
      <f name="voice" value="none"/>
    </fs>
  </a>
  <node xml:id="vc-n96"/>
  <a xml:id="vc-N70463" label="vchunk" ref="vc-n96" as="anc">
    <fs>
      <f name="type" value="MODAL"/>
      <f name="tense" value="none"/>
      <f name="voice" value="none"/>
    </fs>
  </a>
  <node xml:id="vc-n97"/>
  <a xml:id="vc-N70487" label="vchunk" ref="vc-n97" as="anc">
    <fs>
      <f name="type" value="FVG"/>
      <f name="tense" value="SimPas"/>
      <f name="voice" value="active"/>
    </fs>
  </a>
  <node xml:id="vc-n98"/>
  <a xml:id="vc-N70511" label="vchunk" ref="vc-n98" as="anc">
    <fs>
      <f name="type" value="FVG"/>
      <f name="tense" value="SimPas"/>
      <f name="voice" value="active"/>
    </fs>
  </a>
  <node xml:id="vc-n99"/>
  <a xml:id="vc-N70535" label="vchunk" ref="vc-n99" as="anc">
    <fs>
      <f name="type" value="FVG"/>
      <f name="tense" value="SimPas"/>
      <f name="voice" value="active"/>
    </fs>
  </a>
  <edge xml:id="vc-lnk118" from="vc-n86" to="penn-n630"/>
  <edge xml:id="vc-lnk117" from="vc-n85" to="penn-n624"/>
  <edge xml:id="vc-lnk116" from="vc-n85" to="penn-n623"/>
  <edge xml:id="vc-lnk115" from="vc-n84" to="penn-n620"/>
  <edge xml:id="vc-lnk114" from="vc-n83" to="penn-n615"/>
  <edge xml:id="vc-lnk113" from="vc-n83" to="penn-n614"/>
  <edge xml:id="vc-lnk112" from="vc-n82" to="penn-n613"/>
  <edge xml:id="vc-lnk111" from="vc-n81" to="penn-n608"/>
  <edge xml:id="vc-lnk110" from="vc-n80" to="penn-n607"/>
  <edge xml:id="vc-lnk109" from="vc-n80" to="penn-n606"/>
  <edge xml:id="vc-lnk108" from="vc-n79" to="penn-n594"/>
  <edge xml:id="vc-lnk107" from="vc-n78" to="penn-n582"/>
  <edge xml:id="vc-lnk106" from="vc-n78" to="penn-n581"/>
  <edge xml:id="vc-lnk105" from="vc-n77" to="penn-n574"/>
  <edge xml:id="vc-lnk104" from="vc-n77" to="penn-n573"/>
  <edge xml:id="vc-lnk103" from="vc-n77" to="penn-n572"/>
  <edge xml:id="vc-lnk102" from="vc-n76" to="penn-n565"/>
  <edge xml:id="vc-lnk101" from="vc-n76" to="penn-n564"/>
  <edge xml:id="vc-lnk100" from="vc-n75" to="penn-n560"/>
  <edge xml:id="vc-lnk9" from="vc-n8" to="penn-n67"/>
  <edge xml:id="vc-lnk8" from="vc-n7" to="penn-n55"/>
  <edge xml:id="vc-lnk7" from="vc-n6" to="penn-n50"/>
  <edge xml:id="vc-lnk6" from="vc-n5" to="penn-n47"/>
  <edge xml:id="vc-lnk5" from="vc-n4" to="penn-n35"/>
  <edge xml:id="vc-lnk4" from="vc-n4" to="penn-n34"/>
  <edge xml:id="vc-lnk3" from="vc-n3" to="penn-n31"/>
  <edge xml:id="vc-lnk2" from="vc-n2" to="penn-n20"/>
  <edge xml:id="vc-lnk1" from="vc-n1" to="penn-n4"/>
  <edge xml:id="vc-lnk0" from="vc-n0" to="penn-n0"/>
  <edge xml:id="vc-lnk299" from="vc-n204" to="penn-n1431"/>
  <edge xml:id="vc-lnk298" from="vc-n203" to="penn-n1429"/>
  <edge xml:id="vc-lnk297" from="vc-n202" to="penn-n1422"/>
  <edge xml:id="vc-lnk296" from="vc-n202" to="penn-n1421"/>
  <edge xml:id="vc-lnk295" from="vc-n201" to="penn-n1414"/>
  <edge xml:id="vc-lnk294" from="vc-n200" to="penn-n1410"/>
  <edge xml:id="vc-lnk293" from="vc-n199" to="penn-n1401"/>
  <edge xml:id="vc-lnk292" from="vc-n198" to="penn-n1394"/>
  <edge xml:id="vc-lnk291" from="vc-n198" to="penn-n1393"/>
  <edge xml:id="vc-lnk290" from="vc-n197" to="penn-n1387"/>
  <edge xml:id="vc-lnk289" from="vc-n196" to="penn-n1372"/>
  <edge xml:id="vc-lnk288" from="vc-n196" to="penn-n1371"/>
  <edge xml:id="vc-lnk287" from="vc-n195" to="penn-n1368"/>
  <edge xml:id="vc-lnk286" from="vc-n194" to="penn-n1365"/>
  <edge xml:id="vc-lnk285" from="vc-n193" to="penn-n1363"/>
  <edge xml:id="vc-lnk284" from="vc-n193" to="penn-n1362"/>
  <edge xml:id="vc-lnk283" from="vc-n192" to="penn-n1359"/>
  <edge xml:id="vc-lnk282" from="vc-n192" to="penn-n1358"/>
  <edge xml:id="vc-lnk281" from="vc-n192" to="penn-n1357"/>
  <edge xml:id="vc-lnk280" from="vc-n191" to="penn-n1347"/>
  <edge xml:id="vc-lnk279" from="vc-n191" to="penn-n1346"/>
  <edge xml:id="vc-lnk278" from="vc-n191" to="penn-n1345"/>
  <edge xml:id="vc-lnk277" from="vc-n190" to="penn-n1334"/>
  <edge xml:id="vc-lnk276" from="vc-n190" to="penn-n1333"/>
  <edge xml:id="vc-lnk275" from="vc-n189" to="penn-n1326"/>
  <edge xml:id="vc-lnk274" from="vc-n189" to="penn-n1325"/>
  <edge xml:id="vc-lnk273" from="vc-n188" to="penn-n1324"/>
  <edge xml:id="vc-lnk272" from="vc-n188" to="penn-n1323"/>
  <edge xml:id="vc-lnk271" from="vc-n187" to="penn-n1312"/>
  <edge xml:id="vc-lnk270" from="vc-n186" to="penn-n1310"/>
  <edge xml:id="vc-lnk306" from="vc-n206" to="penn-n1448"/>
  <edge xml:id="vc-lnk305" from="vc-n205" to="penn-n1446"/>
  <edge xml:id="vc-lnk304" from="vc-n205" to="penn-n1445"/>
  <edge xml:id="vc-lnk303" from="vc-n205" to="penn-n1444"/>
  <edge xml:id="vc-lnk302" from="vc-n205" to="penn-n1443"/>
  <edge xml:id="vc-lnk301" from="vc-n205" to="penn-n1442"/>
  <edge xml:id="vc-lnk269" from="vc-n185" to="penn-n1308"/>
  <edge xml:id="vc-lnk300" from="vc-n205" to="penn-n1441"/>
  <edge xml:id="vc-lnk268" from="vc-n184" to="penn-n1294"/>
  <edge xml:id="vc-lnk267" from="vc-n183" to="penn-n1289"/>
  <edge xml:id="vc-lnk266" from="vc-n183" to="penn-n1288"/>
  <edge xml:id="vc-lnk265" from="vc-n182" to="penn-n1280"/>
  <edge xml:id="vc-lnk264" from="vc-n182" to="penn-n1279"/>
  <edge xml:id="vc-lnk263" from="vc-n182" to="penn-n1278"/>
  <edge xml:id="vc-lnk262" from="vc-n181" to="penn-n1258"/>
  <edge xml:id="vc-lnk261" from="vc-n180" to="penn-n1254"/>
  <edge xml:id="vc-lnk260" from="vc-n179" to="penn-n1246"/>
  <edge xml:id="vc-lnk99" from="vc-n75" to="penn-n559"/>
  <edge xml:id="vc-lnk98" from="vc-n74" to="penn-n555"/>
  <edge xml:id="vc-lnk97" from="vc-n73" to="penn-n551"/>
  <edge xml:id="vc-lnk96" from="vc-n73" to="penn-n550"/>
  <edge xml:id="vc-lnk95" from="vc-n72" to="penn-n537"/>
  <edge xml:id="vc-lnk94" from="vc-n71" to="penn-n531"/>
  <edge xml:id="vc-lnk93" from="vc-n71" to="penn-n530"/>
  <edge xml:id="vc-lnk92" from="vc-n70" to="penn-n525"/>
  <edge xml:id="vc-lnk91" from="vc-n70" to="penn-n524"/>
  <edge xml:id="vc-lnk90" from="vc-n70" to="penn-n523"/>
  <edge xml:id="vc-lnk259" from="vc-n178" to="penn-n1241"/>
  <edge xml:id="vc-lnk258" from="vc-n178" to="penn-n1240"/>
  <edge xml:id="vc-lnk257" from="vc-n178" to="penn-n1239"/>
  <edge xml:id="vc-lnk256" from="vc-n177" to="penn-n1235"/>
  <edge xml:id="vc-lnk255" from="vc-n176" to="penn-n1227"/>
  <edge xml:id="vc-lnk254" from="vc-n176" to="penn-n1226"/>
  <edge xml:id="vc-lnk253" from="vc-n175" to="penn-n1221"/>
  <edge xml:id="vc-lnk252" from="vc-n174" to="penn-n1212"/>
  <edge xml:id="vc-lnk251" from="vc-n173" to="penn-n1208"/>
  <edge xml:id="vc-lnk250" from="vc-n172" to="penn-n1207"/>
  <edge xml:id="vc-lnk89" from="vc-n69" to="penn-n503"/>
  <edge xml:id="vc-lnk88" from="vc-n69" to="penn-n502"/>
  <edge xml:id="vc-lnk87" from="vc-n68" to="penn-n496"/>
  <edge xml:id="vc-lnk86" from="vc-n67" to="penn-n480"/>
  <edge xml:id="vc-lnk85" from="vc-n66" to="penn-n476"/>
  <edge xml:id="vc-lnk84" from="vc-n65" to="penn-n474"/>
  <edge xml:id="vc-lnk83" from="vc-n64" to="penn-n472"/>
  <edge xml:id="vc-lnk82" from="vc-n63" to="penn-n467"/>
  <edge xml:id="vc-lnk81" from="vc-n62" to="penn-n463"/>
  <edge xml:id="vc-lnk80" from="vc-n61" to="penn-n453"/>
  <edge xml:id="vc-lnk249" from="vc-n172" to="penn-n1206"/>
  <edge xml:id="vc-lnk248" from="vc-n171" to="penn-n1195"/>
  <edge xml:id="vc-lnk247" from="vc-n170" to="penn-n1190"/>
  <edge xml:id="vc-lnk246" from="vc-n169" to="penn-n1186"/>
  <edge xml:id="vc-lnk245" from="vc-n169" to="penn-n1185"/>
  <edge xml:id="vc-lnk244" from="vc-n169" to="penn-n1184"/>
  <edge xml:id="vc-lnk243" from="vc-n168" to="penn-n1176"/>
  <edge xml:id="vc-lnk242" from="vc-n168" to="penn-n1175"/>
  <edge xml:id="vc-lnk241" from="vc-n167" to="penn-n1170"/>
  <edge xml:id="vc-lnk240" from="vc-n166" to="penn-n1165"/>
  <edge xml:id="vc-lnk79" from="vc-n61" to="penn-n452"/>
  <edge xml:id="vc-lnk78" from="vc-n60" to="penn-n449"/>
  <edge xml:id="vc-lnk77" from="vc-n59" to="penn-n445"/>
  <edge xml:id="vc-lnk76" from="vc-n58" to="penn-n432"/>
  <edge xml:id="vc-lnk75" from="vc-n57" to="penn-n418"/>
  <edge xml:id="vc-lnk74" from="vc-n56" to="penn-n413"/>
  <edge xml:id="vc-lnk73" from="vc-n55" to="penn-n408"/>
  <edge xml:id="vc-lnk72" from="vc-n54" to="penn-n389"/>
  <edge xml:id="vc-lnk71" from="vc-n53" to="penn-n384"/>
  <edge xml:id="vc-lnk70" from="vc-n52" to="penn-n382"/>
  <edge xml:id="vc-lnk239" from="vc-n165" to="penn-n1158"/>
  <edge xml:id="vc-lnk238" from="vc-n164" to="penn-n1155"/>
  <edge xml:id="vc-lnk237" from="vc-n163" to="penn-n1145"/>
  <edge xml:id="vc-lnk236" from="vc-n163" to="penn-n1144"/>
  <edge xml:id="vc-lnk235" from="vc-n163" to="penn-n1143"/>
  <edge xml:id="vc-lnk234" from="vc-n163" to="penn-n1142"/>
  <edge xml:id="vc-lnk233" from="vc-n163" to="penn-n1141"/>
  <edge xml:id="vc-lnk232" from="vc-n163" to="penn-n1140"/>
  <edge xml:id="vc-lnk199" from="vc-n141" to="penn-n996"/>
  <edge xml:id="vc-lnk231" from="vc-n162" to="penn-n1122"/>
  <edge xml:id="vc-lnk198" from="vc-n140" to="penn-n988"/>
  <edge xml:id="vc-lnk230" from="vc-n161" to="penn-n1109"/>
  <edge xml:id="vc-lnk197" from="vc-n139" to="penn-n981"/>
  <edge xml:id="vc-lnk196" from="vc-n139" to="penn-n980"/>
  <edge xml:id="vc-lnk195" from="vc-n138" to="penn-n975"/>
  <edge xml:id="vc-lnk194" from="vc-n137" to="penn-n969"/>
  <edge xml:id="vc-lnk193" from="vc-n136" to="penn-n968"/>
  <edge xml:id="vc-lnk192" from="vc-n135" to="penn-n958"/>
  <edge xml:id="vc-lnk191" from="vc-n134" to="penn-n953"/>
  <edge xml:id="vc-lnk190" from="vc-n133" to="penn-n948"/>
  <edge xml:id="vc-lnk69" from="vc-n51" to="penn-n378"/>
  <edge xml:id="vc-lnk68" from="vc-n50" to="penn-n352"/>
  <edge xml:id="vc-lnk67" from="vc-n50" to="penn-n351"/>
  <edge xml:id="vc-lnk66" from="vc-n49" to="penn-n344"/>
  <edge xml:id="vc-lnk65" from="vc-n48" to="penn-n343"/>
  <edge xml:id="vc-lnk64" from="vc-n47" to="penn-n337"/>
  <edge xml:id="vc-lnk63" from="vc-n46" to="penn-n332"/>
  <edge xml:id="vc-lnk62" from="vc-n45" to="penn-n322"/>
  <edge xml:id="vc-lnk61" from="vc-n44" to="penn-n316"/>
  <edge xml:id="vc-lnk60" from="vc-n43" to="penn-n310"/>
  <edge xml:id="vc-lnk229" from="vc-n161" to="penn-n1108"/>
  <edge xml:id="vc-lnk228" from="vc-n160" to="penn-n1106"/>
  <edge xml:id="vc-lnk227" from="vc-n159" to="penn-n1099"/>
  <edge xml:id="vc-lnk226" from="vc-n158" to="penn-n1089"/>
  <edge xml:id="vc-lnk225" from="vc-n157" to="penn-n1084"/>
  <edge xml:id="vc-lnk224" from="vc-n156" to="penn-n1076"/>
  <edge xml:id="vc-lnk223" from="vc-n155" to="penn-n1072"/>
  <edge xml:id="vc-lnk222" from="vc-n155" to="penn-n1071"/>
  <edge xml:id="vc-lnk189" from="vc-n133" to="penn-n947"/>
  <edge xml:id="vc-lnk221" from="vc-n155" to="penn-n1070"/>
  <edge xml:id="vc-lnk188" from="vc-n132" to="penn-n942"/>
  <edge xml:id="vc-lnk220" from="vc-n154" to="penn-n1065"/>
  <edge xml:id="vc-lnk187" from="vc-n132" to="penn-n941"/>
  <edge xml:id="vc-lnk186" from="vc-n132" to="penn-n940"/>
  <edge xml:id="vc-lnk185" from="vc-n132" to="penn-n939"/>
  <edge xml:id="vc-lnk184" from="vc-n132" to="penn-n938"/>
  <edge xml:id="vc-lnk183" from="vc-n132" to="penn-n937"/>
  <edge xml:id="vc-lnk182" from="vc-n131" to="penn-n923"/>
  <edge xml:id="vc-lnk181" from="vc-n131" to="penn-n922"/>
  <edge xml:id="vc-lnk180" from="vc-n130" to="penn-n919"/>
  <edge xml:id="vc-lnk59" from="vc-n42" to="penn-n302"/>
  <edge xml:id="vc-lnk58" from="vc-n41" to="penn-n288"/>
  <edge xml:id="vc-lnk57" from="vc-n41" to="penn-n287"/>
  <edge xml:id="vc-lnk56" from="vc-n40" to="penn-n286"/>
  <edge xml:id="vc-lnk55" from="vc-n39" to="penn-n280"/>
  <edge xml:id="vc-lnk54" from="vc-n38" to="penn-n274"/>
  <edge xml:id="vc-lnk53" from="vc-n37" to="penn-n266"/>
  <edge xml:id="vc-lnk52" from="vc-n36" to="penn-n265"/>
  <edge xml:id="vc-lnk51" from="vc-n36" to="penn-n264"/>
  <edge xml:id="vc-lnk50" from="vc-n35" to="penn-n262"/>
  <edge xml:id="vc-lnk219" from="vc-n154" to="penn-n1064"/>
  <edge xml:id="vc-lnk218" from="vc-n154" to="penn-n1063"/>
  <edge xml:id="vc-lnk217" from="vc-n154" to="penn-n1062"/>
  <edge xml:id="vc-lnk216" from="vc-n154" to="penn-n1061"/>
  <edge xml:id="vc-lnk215" from="vc-n153" to="penn-n1058"/>
  <edge xml:id="vc-lnk214" from="vc-n152" to="penn-n1057"/>
  <edge xml:id="vc-lnk213" from="vc-n151" to="penn-n1052"/>
  <edge xml:id="vc-lnk212" from="vc-n150" to="penn-n1047"/>
  <edge xml:id="vc-lnk179" from="vc-n130" to="penn-n918"/>
  <edge xml:id="vc-lnk211" from="vc-n149" to="penn-n1037"/>
  <edge xml:id="vc-lnk178" from="vc-n129" to="penn-n914"/>
  <edge xml:id="vc-lnk210" from="vc-n149" to="penn-n1036"/>
  <edge xml:id="vc-lnk177" from="vc-n128" to="penn-n912"/>
  <edge xml:id="vc-lnk176" from="vc-n127" to="penn-n906"/>
  <edge xml:id="vc-lnk175" from="vc-n126" to="penn-n897"/>
  <edge xml:id="vc-lnk174" from="vc-n125" to="penn-n894"/>
  <edge xml:id="vc-lnk173" from="vc-n124" to="penn-n889"/>
  <edge xml:id="vc-lnk172" from="vc-n123" to="penn-n885"/>
  <edge xml:id="vc-lnk171" from="vc-n122" to="penn-n884"/>
  <edge xml:id="vc-lnk170" from="vc-n121" to="penn-n883"/>
  <edge xml:id="vc-lnk49" from="vc-n34" to="penn-n258"/>
  <edge xml:id="vc-lnk48" from="vc-n34" to="penn-n257"/>
  <edge xml:id="vc-lnk47" from="vc-n33" to="penn-n255"/>
  <edge xml:id="vc-lnk46" from="vc-n32" to="penn-n246"/>
  <edge xml:id="vc-lnk45" from="vc-n31" to="penn-n245"/>
  <edge xml:id="vc-lnk44" from="vc-n30" to="penn-n238"/>
  <edge xml:id="vc-lnk43" from="vc-n29" to="penn-n235"/>
  <edge xml:id="vc-lnk42" from="vc-n29" to="penn-n234"/>
  <edge xml:id="vc-lnk41" from="vc-n28" to="penn-n228"/>
  <edge xml:id="vc-lnk40" from="vc-n27" to="penn-n221"/>
  <edge xml:id="vc-lnk209" from="vc-n148" to="penn-n1031"/>
  <edge xml:id="vc-lnk208" from="vc-n148" to="penn-n1030"/>
  <edge xml:id="vc-lnk207" from="vc-n147" to="penn-n1027"/>
  <edge xml:id="vc-lnk206" from="vc-n146" to="penn-n1024"/>
  <edge xml:id="vc-lnk205" from="vc-n145" to="penn-n1018"/>
  <edge xml:id="vc-lnk204" from="vc-n144" to="penn-n1016"/>
  <edge xml:id="vc-lnk203" from="vc-n143" to="penn-n1012"/>
  <edge xml:id="vc-lnk202" from="vc-n143" to="penn-n1011"/>
  <edge xml:id="vc-lnk169" from="vc-n121" to="penn-n882"/>
  <edge xml:id="vc-lnk201" from="vc-n143" to="penn-n1010"/>
  <edge xml:id="vc-lnk168" from="vc-n121" to="penn-n881"/>
  <edge xml:id="vc-lnk200" from="vc-n142" to="penn-n1001"/>
  <edge xml:id="vc-lnk167" from="vc-n120" to="penn-n875"/>
  <edge xml:id="vc-lnk166" from="vc-n120" to="penn-n874"/>
  <edge xml:id="vc-lnk165" from="vc-n119" to="penn-n862"/>
  <edge xml:id="vc-lnk164" from="vc-n119" to="penn-n861"/>
  <edge xml:id="vc-lnk163" from="vc-n118" to="penn-n858"/>
  <edge xml:id="vc-lnk162" from="vc-n118" to="penn-n857"/>
  <edge xml:id="vc-lnk161" from="vc-n117" to="penn-n854"/>
  <edge xml:id="vc-lnk160" from="vc-n117" to="penn-n853"/>
  <edge xml:id="vc-lnk39" from="vc-n26" to="penn-n207"/>
  <edge xml:id="vc-lnk38" from="vc-n25" to="penn-n201"/>
  <edge xml:id="vc-lnk37" from="vc-n24" to="penn-n192"/>
  <edge xml:id="vc-lnk36" from="vc-n24" to="penn-n191"/>
  <edge xml:id="vc-lnk35" from="vc-n23" to="penn-n183"/>
  <edge xml:id="vc-lnk34" from="vc-n22" to="penn-n174"/>
  <edge xml:id="vc-lnk33" from="vc-n21" to="penn-n170"/>
  <edge xml:id="vc-lnk32" from="vc-n21" to="penn-n169"/>
  <edge xml:id="vc-lnk31" from="vc-n21" to="penn-n168"/>
  <edge xml:id="vc-lnk30" from="vc-n20" to="penn-n159"/>
  <edge xml:id="vc-lnk159" from="vc-n117" to="penn-n852"/>
  <edge xml:id="vc-lnk158" from="vc-n116" to="penn-n845"/>
  <edge xml:id="vc-lnk157" from="vc-n116" to="penn-n844"/>
  <edge xml:id="vc-lnk156" from="vc-n116" to="penn-n843"/>
  <edge xml:id="vc-lnk155" from="vc-n115" to="penn-n837"/>
  <edge xml:id="vc-lnk154" from="vc-n114" to="penn-n826"/>
  <edge xml:id="vc-lnk153" from="vc-n114" to="penn-n825"/>
  <edge xml:id="vc-lnk152" from="vc-n113" to="penn-n816"/>
  <edge xml:id="vc-lnk151" from="vc-n112" to="penn-n812"/>
  <edge xml:id="vc-lnk150" from="vc-n111" to="penn-n810"/>
  <edge xml:id="vc-lnk29" from="vc-n19" to="penn-n155"/>
  <edge xml:id="vc-lnk28" from="vc-n19" to="penn-n154"/>
  <edge xml:id="vc-lnk27" from="vc-n19" to="penn-n153"/>
  <edge xml:id="vc-lnk26" from="vc-n19" to="penn-n152"/>
  <edge xml:id="vc-lnk25" from="vc-n19" to="penn-n151"/>
  <edge xml:id="vc-lnk24" from="vc-n19" to="penn-n150"/>
  <edge xml:id="vc-lnk23" from="vc-n19" to="penn-n149"/>
  <edge xml:id="vc-lnk22" from="vc-n18" to="penn-n146"/>
  <edge xml:id="vc-lnk21" from="vc-n17" to="penn-n143"/>
  <edge xml:id="vc-lnk20" from="vc-n17" to="penn-n142"/>
  <edge xml:id="vc-lnk149" from="vc-n110" to="penn-n802"/>
  <edge xml:id="vc-lnk148" from="vc-n109" to="penn-n798"/>
  <edge xml:id="vc-lnk147" from="vc-n108" to="penn-n794"/>
  <edge xml:id="vc-lnk146" from="vc-n108" to="penn-n793"/>
  <edge xml:id="vc-lnk145" from="vc-n107" to="penn-n787"/>
  <edge xml:id="vc-lnk144" from="vc-n106" to="penn-n783"/>
  <edge xml:id="vc-lnk143" from="vc-n105" to="penn-n779"/>
  <edge xml:id="vc-lnk142" from="vc-n104" to="penn-n776"/>
  <edge xml:id="vc-lnk141" from="vc-n103" to="penn-n769"/>
  <edge xml:id="vc-lnk140" from="vc-n102" to="penn-n759"/>
  <edge xml:id="vc-lnk19" from="vc-n16" to="penn-n140"/>
  <edge xml:id="vc-lnk18" from="vc-n15" to="penn-n118"/>
  <edge xml:id="vc-lnk17" from="vc-n14" to="penn-n112"/>
  <edge xml:id="vc-lnk16" from="vc-n13" to="penn-n105"/>
  <edge xml:id="vc-lnk15" from="vc-n12" to="penn-n96"/>
  <edge xml:id="vc-lnk14" from="vc-n11" to="penn-n87"/>
  <edge xml:id="vc-lnk13" from="vc-n10" to="penn-n82"/>
  <edge xml:id="vc-lnk12" from="vc-n9" to="penn-n74"/>
  <edge xml:id="vc-lnk11" from="vc-n9" to="penn-n73"/>
  <edge xml:id="vc-lnk10" from="vc-n9" to="penn-n72"/>
  <edge xml:id="vc-lnk139" from="vc-n101" to="penn-n749"/>
  <edge xml:id="vc-lnk138" from="vc-n100" to="penn-n746"/>
  <edge xml:id="vc-lnk137" from="vc-n99" to="penn-n736"/>
  <edge xml:id="vc-lnk136" from="vc-n98" to="penn-n726"/>
  <edge xml:id="vc-lnk135" from="vc-n97" to="penn-n719"/>
  <edge xml:id="vc-lnk134" from="vc-n96" to="penn-n712"/>
  <edge xml:id="vc-lnk133" from="vc-n95" to="penn-n707"/>
  <edge xml:id="vc-lnk132" from="vc-n95" to="penn-n706"/>
  <edge xml:id="vc-lnk131" from="vc-n95" to="penn-n705"/>
  <edge xml:id="vc-lnk130" from="vc-n95" to="penn-n704"/>
  <edge xml:id="vc-lnk129" from="vc-n94" to="penn-n690"/>
  <edge xml:id="vc-lnk128" from="vc-n93" to="penn-n687"/>
  <edge xml:id="vc-lnk127" from="vc-n93" to="penn-n686"/>
  <edge xml:id="vc-lnk126" from="vc-n92" to="penn-n682"/>
  <edge xml:id="vc-lnk125" from="vc-n92" to="penn-n681"/>
  <edge xml:id="vc-lnk124" from="vc-n91" to="penn-n679"/>
  <edge xml:id="vc-lnk123" from="vc-n90" to="penn-n672"/>
  <edge xml:id="vc-lnk122" from="vc-n89" to="penn-n668"/>
  <edge xml:id="vc-lnk121" from="vc-n88" to="penn-n660"/>
  <edge xml:id="vc-lnk120" from="vc-n87" to="penn-n644"/>
  <edge xml:id="vc-lnk119" from="vc-n87" to="penn-n643"/>
</graph>
