<?xml version="1.0" encoding="UTF-8"?><graph xmlns="http://www.xces.org/ns/GrAF/1.0/" xmlns:graf="http://www.xces.org/ns/GrAF/1.0/">
    <graphHeader>
        <labelsDecl>
            <labelUsage label="nchunk" occurs="249"/>
        </labelsDecl>
        <dependencies>
            <dependsOn f.id="f.penn"/>
        </dependencies>
        <annotationSpaces>
            <annotationSpace as.id="anc"/>
        </annotationSpaces>
    </graphHeader>
    <node xml:id="nc-n0"/>
    <a xml:id="nc-N65567" label="nchunk" ref="nc-n0" as="anc"/>
    <node xml:id="nc-n1"/>
    <a xml:id="nc-N65583" label="nchunk" ref="nc-n1" as="anc"/>
    <node xml:id="nc-n10"/>
    <a xml:id="nc-N65599" label="nchunk" ref="nc-n10" as="anc"/>
    <node xml:id="nc-n100"/>
    <a xml:id="nc-N65615" label="nchunk" ref="nc-n100" as="anc"/>
    <node xml:id="nc-n101"/>
    <a xml:id="nc-N65631" label="nchunk" ref="nc-n101" as="anc"/>
    <node xml:id="nc-n102"/>
    <a xml:id="nc-N65647" label="nchunk" ref="nc-n102" as="anc"/>
    <node xml:id="nc-n103"/>
    <a xml:id="nc-N65663" label="nchunk" ref="nc-n103" as="anc"/>
    <node xml:id="nc-n104"/>
    <a xml:id="nc-N65679" label="nchunk" ref="nc-n104" as="anc"/>
    <node xml:id="nc-n105"/>
    <a xml:id="nc-N65695" label="nchunk" ref="nc-n105" as="anc"/>
    <node xml:id="nc-n106"/>
    <a xml:id="nc-N65711" label="nchunk" ref="nc-n106" as="anc"/>
    <node xml:id="nc-n107"/>
    <a xml:id="nc-N65727" label="nchunk" ref="nc-n107" as="anc"/>
    <node xml:id="nc-n108"/>
    <a xml:id="nc-N65743" label="nchunk" ref="nc-n108" as="anc"/>
    <node xml:id="nc-n109"/>
    <a xml:id="nc-N65759" label="nchunk" ref="nc-n109" as="anc"/>
    <node xml:id="nc-n11"/>
    <a xml:id="nc-N65775" label="nchunk" ref="nc-n11" as="anc"/>
    <node xml:id="nc-n110"/>
    <a xml:id="nc-N65791" label="nchunk" ref="nc-n110" as="anc"/>
    <node xml:id="nc-n111"/>
    <a xml:id="nc-N65807" label="nchunk" ref="nc-n111" as="anc"/>
    <node xml:id="nc-n112"/>
    <a xml:id="nc-N65823" label="nchunk" ref="nc-n112" as="anc"/>
    <node xml:id="nc-n113"/>
    <a xml:id="nc-N65839" label="nchunk" ref="nc-n113" as="anc"/>
    <node xml:id="nc-n114"/>
    <a xml:id="nc-N65855" label="nchunk" ref="nc-n114" as="anc"/>
    <node xml:id="nc-n115"/>
    <a xml:id="nc-N65871" label="nchunk" ref="nc-n115" as="anc"/>
    <node xml:id="nc-n116"/>
    <a xml:id="nc-N65887" label="nchunk" ref="nc-n116" as="anc"/>
    <node xml:id="nc-n117"/>
    <a xml:id="nc-N65903" label="nchunk" ref="nc-n117" as="anc"/>
    <node xml:id="nc-n118"/>
    <a xml:id="nc-N65919" label="nchunk" ref="nc-n118" as="anc"/>
    <node xml:id="nc-n119"/>
    <a xml:id="nc-N65935" label="nchunk" ref="nc-n119" as="anc"/>
    <node xml:id="nc-n12"/>
    <a xml:id="nc-N65951" label="nchunk" ref="nc-n12" as="anc"/>
    <node xml:id="nc-n120"/>
    <a xml:id="nc-N65967" label="nchunk" ref="nc-n120" as="anc"/>
    <node xml:id="nc-n121"/>
    <a xml:id="nc-N65983" label="nchunk" ref="nc-n121" as="anc"/>
    <node xml:id="nc-n122"/>
    <a xml:id="nc-N65999" label="nchunk" ref="nc-n122" as="anc"/>
    <node xml:id="nc-n123"/>
    <a xml:id="nc-N66015" label="nchunk" ref="nc-n123" as="anc"/>
    <node xml:id="nc-n124"/>
    <a xml:id="nc-N66031" label="nchunk" ref="nc-n124" as="anc"/>
    <node xml:id="nc-n125"/>
    <a xml:id="nc-N66047" label="nchunk" ref="nc-n125" as="anc"/>
    <node xml:id="nc-n126"/>
    <a xml:id="nc-N66063" label="nchunk" ref="nc-n126" as="anc"/>
    <node xml:id="nc-n127"/>
    <a xml:id="nc-N66079" label="nchunk" ref="nc-n127" as="anc"/>
    <node xml:id="nc-n128"/>
    <a xml:id="nc-N66095" label="nchunk" ref="nc-n128" as="anc"/>
    <node xml:id="nc-n129"/>
    <a xml:id="nc-N66111" label="nchunk" ref="nc-n129" as="anc"/>
    <node xml:id="nc-n13"/>
    <a xml:id="nc-N66127" label="nchunk" ref="nc-n13" as="anc"/>
    <node xml:id="nc-n130"/>
    <a xml:id="nc-N66143" label="nchunk" ref="nc-n130" as="anc"/>
    <node xml:id="nc-n131"/>
    <a xml:id="nc-N66159" label="nchunk" ref="nc-n131" as="anc"/>
    <node xml:id="nc-n132"/>
    <a xml:id="nc-N66175" label="nchunk" ref="nc-n132" as="anc"/>
    <node xml:id="nc-n133"/>
    <a xml:id="nc-N66191" label="nchunk" ref="nc-n133" as="anc"/>
    <node xml:id="nc-n134"/>
    <a xml:id="nc-N66207" label="nchunk" ref="nc-n134" as="anc"/>
    <node xml:id="nc-n135"/>
    <a xml:id="nc-N66223" label="nchunk" ref="nc-n135" as="anc"/>
    <node xml:id="nc-n136"/>
    <a xml:id="nc-N66239" label="nchunk" ref="nc-n136" as="anc"/>
    <node xml:id="nc-n137"/>
    <a xml:id="nc-N66255" label="nchunk" ref="nc-n137" as="anc"/>
    <node xml:id="nc-n138"/>
    <a xml:id="nc-N66271" label="nchunk" ref="nc-n138" as="anc"/>
    <node xml:id="nc-n139"/>
    <a xml:id="nc-N66287" label="nchunk" ref="nc-n139" as="anc"/>
    <node xml:id="nc-n14"/>
    <a xml:id="nc-N66303" label="nchunk" ref="nc-n14" as="anc"/>
    <node xml:id="nc-n140"/>
    <a xml:id="nc-N66319" label="nchunk" ref="nc-n140" as="anc"/>
    <node xml:id="nc-n141"/>
    <a xml:id="nc-N66335" label="nchunk" ref="nc-n141" as="anc"/>
    <node xml:id="nc-n142"/>
    <a xml:id="nc-N66351" label="nchunk" ref="nc-n142" as="anc"/>
    <node xml:id="nc-n143"/>
    <a xml:id="nc-N66367" label="nchunk" ref="nc-n143" as="anc"/>
    <node xml:id="nc-n144"/>
    <a xml:id="nc-N66383" label="nchunk" ref="nc-n144" as="anc"/>
    <node xml:id="nc-n145"/>
    <a xml:id="nc-N66399" label="nchunk" ref="nc-n145" as="anc"/>
    <node xml:id="nc-n146"/>
    <a xml:id="nc-N66415" label="nchunk" ref="nc-n146" as="anc"/>
    <node xml:id="nc-n147"/>
    <a xml:id="nc-N66431" label="nchunk" ref="nc-n147" as="anc"/>
    <node xml:id="nc-n148"/>
    <a xml:id="nc-N66447" label="nchunk" ref="nc-n148" as="anc"/>
    <node xml:id="nc-n149"/>
    <a xml:id="nc-N66463" label="nchunk" ref="nc-n149" as="anc"/>
    <node xml:id="nc-n15"/>
    <a xml:id="nc-N66479" label="nchunk" ref="nc-n15" as="anc"/>
    <node xml:id="nc-n150"/>
    <a xml:id="nc-N66495" label="nchunk" ref="nc-n150" as="anc"/>
    <node xml:id="nc-n151"/>
    <a xml:id="nc-N66511" label="nchunk" ref="nc-n151" as="anc"/>
    <node xml:id="nc-n152"/>
    <a xml:id="nc-N66527" label="nchunk" ref="nc-n152" as="anc"/>
    <node xml:id="nc-n153"/>
    <a xml:id="nc-N66543" label="nchunk" ref="nc-n153" as="anc"/>
    <node xml:id="nc-n154"/>
    <a xml:id="nc-N66559" label="nchunk" ref="nc-n154" as="anc"/>
    <node xml:id="nc-n155"/>
    <a xml:id="nc-N66575" label="nchunk" ref="nc-n155" as="anc"/>
    <node xml:id="nc-n156"/>
    <a xml:id="nc-N66591" label="nchunk" ref="nc-n156" as="anc"/>
    <node xml:id="nc-n157"/>
    <a xml:id="nc-N66607" label="nchunk" ref="nc-n157" as="anc"/>
    <node xml:id="nc-n158"/>
    <a xml:id="nc-N66623" label="nchunk" ref="nc-n158" as="anc"/>
    <node xml:id="nc-n159"/>
    <a xml:id="nc-N66639" label="nchunk" ref="nc-n159" as="anc"/>
    <node xml:id="nc-n16"/>
    <a xml:id="nc-N66655" label="nchunk" ref="nc-n16" as="anc"/>
    <node xml:id="nc-n160"/>
    <a xml:id="nc-N66671" label="nchunk" ref="nc-n160" as="anc"/>
    <node xml:id="nc-n161"/>
    <a xml:id="nc-N66687" label="nchunk" ref="nc-n161" as="anc"/>
    <node xml:id="nc-n162"/>
    <a xml:id="nc-N66703" label="nchunk" ref="nc-n162" as="anc"/>
    <node xml:id="nc-n163"/>
    <a xml:id="nc-N66719" label="nchunk" ref="nc-n163" as="anc"/>
    <node xml:id="nc-n164"/>
    <a xml:id="nc-N66735" label="nchunk" ref="nc-n164" as="anc"/>
    <node xml:id="nc-n165"/>
    <a xml:id="nc-N66751" label="nchunk" ref="nc-n165" as="anc"/>
    <node xml:id="nc-n166"/>
    <a xml:id="nc-N66767" label="nchunk" ref="nc-n166" as="anc"/>
    <node xml:id="nc-n167"/>
    <a xml:id="nc-N66783" label="nchunk" ref="nc-n167" as="anc"/>
    <node xml:id="nc-n168"/>
    <a xml:id="nc-N66799" label="nchunk" ref="nc-n168" as="anc"/>
    <node xml:id="nc-n169"/>
    <a xml:id="nc-N66815" label="nchunk" ref="nc-n169" as="anc"/>
    <node xml:id="nc-n17"/>
    <a xml:id="nc-N66831" label="nchunk" ref="nc-n17" as="anc"/>
    <node xml:id="nc-n170"/>
    <a xml:id="nc-N66847" label="nchunk" ref="nc-n170" as="anc"/>
    <node xml:id="nc-n171"/>
    <a xml:id="nc-N66863" label="nchunk" ref="nc-n171" as="anc"/>
    <node xml:id="nc-n172"/>
    <a xml:id="nc-N66879" label="nchunk" ref="nc-n172" as="anc"/>
    <node xml:id="nc-n173"/>
    <a xml:id="nc-N66895" label="nchunk" ref="nc-n173" as="anc"/>
    <node xml:id="nc-n174"/>
    <a xml:id="nc-N66911" label="nchunk" ref="nc-n174" as="anc"/>
    <node xml:id="nc-n175"/>
    <a xml:id="nc-N66927" label="nchunk" ref="nc-n175" as="anc"/>
    <node xml:id="nc-n176"/>
    <a xml:id="nc-N66943" label="nchunk" ref="nc-n176" as="anc"/>
    <node xml:id="nc-n177"/>
    <a xml:id="nc-N66959" label="nchunk" ref="nc-n177" as="anc"/>
    <node xml:id="nc-n178"/>
    <a xml:id="nc-N66975" label="nchunk" ref="nc-n178" as="anc"/>
    <node xml:id="nc-n179"/>
    <a xml:id="nc-N66991" label="nchunk" ref="nc-n179" as="anc"/>
    <node xml:id="nc-n18"/>
    <a xml:id="nc-N67007" label="nchunk" ref="nc-n18" as="anc"/>
    <node xml:id="nc-n180"/>
    <a xml:id="nc-N67023" label="nchunk" ref="nc-n180" as="anc"/>
    <node xml:id="nc-n181"/>
    <a xml:id="nc-N67039" label="nchunk" ref="nc-n181" as="anc"/>
    <node xml:id="nc-n182"/>
    <a xml:id="nc-N67055" label="nchunk" ref="nc-n182" as="anc"/>
    <node xml:id="nc-n183"/>
    <a xml:id="nc-N67071" label="nchunk" ref="nc-n183" as="anc"/>
    <node xml:id="nc-n184"/>
    <a xml:id="nc-N67087" label="nchunk" ref="nc-n184" as="anc"/>
    <node xml:id="nc-n185"/>
    <a xml:id="nc-N67103" label="nchunk" ref="nc-n185" as="anc"/>
    <node xml:id="nc-n186"/>
    <a xml:id="nc-N67119" label="nchunk" ref="nc-n186" as="anc"/>
    <node xml:id="nc-n187"/>
    <a xml:id="nc-N67135" label="nchunk" ref="nc-n187" as="anc"/>
    <node xml:id="nc-n188"/>
    <a xml:id="nc-N67151" label="nchunk" ref="nc-n188" as="anc"/>
    <node xml:id="nc-n189"/>
    <a xml:id="nc-N67167" label="nchunk" ref="nc-n189" as="anc"/>
    <node xml:id="nc-n19"/>
    <a xml:id="nc-N67183" label="nchunk" ref="nc-n19" as="anc"/>
    <node xml:id="nc-n190"/>
    <a xml:id="nc-N67199" label="nchunk" ref="nc-n190" as="anc"/>
    <node xml:id="nc-n191"/>
    <a xml:id="nc-N67215" label="nchunk" ref="nc-n191" as="anc"/>
    <node xml:id="nc-n192"/>
    <a xml:id="nc-N67231" label="nchunk" ref="nc-n192" as="anc"/>
    <node xml:id="nc-n193"/>
    <a xml:id="nc-N67247" label="nchunk" ref="nc-n193" as="anc"/>
    <node xml:id="nc-n194"/>
    <a xml:id="nc-N67263" label="nchunk" ref="nc-n194" as="anc"/>
    <node xml:id="nc-n195"/>
    <a xml:id="nc-N67279" label="nchunk" ref="nc-n195" as="anc"/>
    <node xml:id="nc-n196"/>
    <a xml:id="nc-N67295" label="nchunk" ref="nc-n196" as="anc"/>
    <node xml:id="nc-n197"/>
    <a xml:id="nc-N67311" label="nchunk" ref="nc-n197" as="anc"/>
    <node xml:id="nc-n198"/>
    <a xml:id="nc-N67327" label="nchunk" ref="nc-n198" as="anc"/>
    <node xml:id="nc-n199"/>
    <a xml:id="nc-N67343" label="nchunk" ref="nc-n199" as="anc"/>
    <node xml:id="nc-n2"/>
    <a xml:id="nc-N67359" label="nchunk" ref="nc-n2" as="anc"/>
    <node xml:id="nc-n20"/>
    <a xml:id="nc-N67375" label="nchunk" ref="nc-n20" as="anc"/>
    <node xml:id="nc-n200"/>
    <a xml:id="nc-N67391" label="nchunk" ref="nc-n200" as="anc"/>
    <node xml:id="nc-n201"/>
    <a xml:id="nc-N67407" label="nchunk" ref="nc-n201" as="anc"/>
    <node xml:id="nc-n202"/>
    <a xml:id="nc-N67423" label="nchunk" ref="nc-n202" as="anc"/>
    <node xml:id="nc-n203"/>
    <a xml:id="nc-N67439" label="nchunk" ref="nc-n203" as="anc"/>
    <node xml:id="nc-n204"/>
    <a xml:id="nc-N67455" label="nchunk" ref="nc-n204" as="anc"/>
    <node xml:id="nc-n205"/>
    <a xml:id="nc-N67471" label="nchunk" ref="nc-n205" as="anc"/>
    <node xml:id="nc-n206"/>
    <a xml:id="nc-N67487" label="nchunk" ref="nc-n206" as="anc"/>
    <node xml:id="nc-n207"/>
    <a xml:id="nc-N67503" label="nchunk" ref="nc-n207" as="anc"/>
    <node xml:id="nc-n208"/>
    <a xml:id="nc-N67519" label="nchunk" ref="nc-n208" as="anc"/>
    <node xml:id="nc-n209"/>
    <a xml:id="nc-N67535" label="nchunk" ref="nc-n209" as="anc"/>
    <node xml:id="nc-n21"/>
    <a xml:id="nc-N67551" label="nchunk" ref="nc-n21" as="anc"/>
    <node xml:id="nc-n210"/>
    <a xml:id="nc-N67567" label="nchunk" ref="nc-n210" as="anc"/>
    <node xml:id="nc-n211"/>
    <a xml:id="nc-N67583" label="nchunk" ref="nc-n211" as="anc"/>
    <node xml:id="nc-n212"/>
    <a xml:id="nc-N67599" label="nchunk" ref="nc-n212" as="anc"/>
    <node xml:id="nc-n213"/>
    <a xml:id="nc-N67615" label="nchunk" ref="nc-n213" as="anc"/>
    <node xml:id="nc-n214"/>
    <a xml:id="nc-N67631" label="nchunk" ref="nc-n214" as="anc"/>
    <node xml:id="nc-n215"/>
    <a xml:id="nc-N67647" label="nchunk" ref="nc-n215" as="anc"/>
    <node xml:id="nc-n216"/>
    <a xml:id="nc-N67663" label="nchunk" ref="nc-n216" as="anc"/>
    <node xml:id="nc-n217"/>
    <a xml:id="nc-N67679" label="nchunk" ref="nc-n217" as="anc"/>
    <node xml:id="nc-n218"/>
    <a xml:id="nc-N67695" label="nchunk" ref="nc-n218" as="anc"/>
    <node xml:id="nc-n219"/>
    <a xml:id="nc-N67711" label="nchunk" ref="nc-n219" as="anc"/>
    <node xml:id="nc-n22"/>
    <a xml:id="nc-N67731" label="nchunk" ref="nc-n22" as="anc"/>
    <node xml:id="nc-n220"/>
    <a xml:id="nc-N67747" label="nchunk" ref="nc-n220" as="anc"/>
    <node xml:id="nc-n221"/>
    <a xml:id="nc-N67763" label="nchunk" ref="nc-n221" as="anc"/>
    <node xml:id="nc-n222"/>
    <a xml:id="nc-N67779" label="nchunk" ref="nc-n222" as="anc"/>
    <node xml:id="nc-n223"/>
    <a xml:id="nc-N67795" label="nchunk" ref="nc-n223" as="anc"/>
    <node xml:id="nc-n224"/>
    <a xml:id="nc-N67811" label="nchunk" ref="nc-n224" as="anc"/>
    <node xml:id="nc-n225"/>
    <a xml:id="nc-N67827" label="nchunk" ref="nc-n225" as="anc"/>
    <node xml:id="nc-n226"/>
    <a xml:id="nc-N67843" label="nchunk" ref="nc-n226" as="anc"/>
    <node xml:id="nc-n227"/>
    <a xml:id="nc-N67859" label="nchunk" ref="nc-n227" as="anc"/>
    <node xml:id="nc-n228"/>
    <a xml:id="nc-N67875" label="nchunk" ref="nc-n228" as="anc"/>
    <node xml:id="nc-n229"/>
    <a xml:id="nc-N67891" label="nchunk" ref="nc-n229" as="anc"/>
    <node xml:id="nc-n23"/>
    <a xml:id="nc-N67907" label="nchunk" ref="nc-n23" as="anc"/>
    <node xml:id="nc-n230"/>
    <a xml:id="nc-N67923" label="nchunk" ref="nc-n230" as="anc"/>
    <node xml:id="nc-n231"/>
    <a xml:id="nc-N67939" label="nchunk" ref="nc-n231" as="anc"/>
    <node xml:id="nc-n232"/>
    <a xml:id="nc-N67955" label="nchunk" ref="nc-n232" as="anc"/>
    <node xml:id="nc-n233"/>
    <a xml:id="nc-N67971" label="nchunk" ref="nc-n233" as="anc"/>
    <node xml:id="nc-n234"/>
    <a xml:id="nc-N67987" label="nchunk" ref="nc-n234" as="anc"/>
    <node xml:id="nc-n235"/>
    <a xml:id="nc-N68003" label="nchunk" ref="nc-n235" as="anc"/>
    <node xml:id="nc-n236"/>
    <a xml:id="nc-N68019" label="nchunk" ref="nc-n236" as="anc"/>
    <node xml:id="nc-n237"/>
    <a xml:id="nc-N68035" label="nchunk" ref="nc-n237" as="anc"/>
    <node xml:id="nc-n238"/>
    <a xml:id="nc-N68051" label="nchunk" ref="nc-n238" as="anc"/>
    <node xml:id="nc-n239"/>
    <a xml:id="nc-N68067" label="nchunk" ref="nc-n239" as="anc"/>
    <node xml:id="nc-n24"/>
    <a xml:id="nc-N68083" label="nchunk" ref="nc-n24" as="anc"/>
    <node xml:id="nc-n240"/>
    <a xml:id="nc-N68099" label="nchunk" ref="nc-n240" as="anc"/>
    <node xml:id="nc-n241"/>
    <a xml:id="nc-N68115" label="nchunk" ref="nc-n241" as="anc"/>
    <node xml:id="nc-n242"/>
    <a xml:id="nc-N68131" label="nchunk" ref="nc-n242" as="anc"/>
    <node xml:id="nc-n243"/>
    <a xml:id="nc-N68147" label="nchunk" ref="nc-n243" as="anc"/>
    <node xml:id="nc-n244"/>
    <a xml:id="nc-N68163" label="nchunk" ref="nc-n244" as="anc"/>
    <node xml:id="nc-n245"/>
    <a xml:id="nc-N68179" label="nchunk" ref="nc-n245" as="anc"/>
    <node xml:id="nc-n246"/>
    <a xml:id="nc-N68195" label="nchunk" ref="nc-n246" as="anc"/>
    <node xml:id="nc-n247"/>
    <a xml:id="nc-N68211" label="nchunk" ref="nc-n247" as="anc"/>
    <node xml:id="nc-n248"/>
    <a xml:id="nc-N68227" label="nchunk" ref="nc-n248" as="anc"/>
    <node xml:id="nc-n25"/>
    <a xml:id="nc-N68243" label="nchunk" ref="nc-n25" as="anc"/>
    <node xml:id="nc-n26"/>
    <a xml:id="nc-N68259" label="nchunk" ref="nc-n26" as="anc"/>
    <node xml:id="nc-n27"/>
    <a xml:id="nc-N68275" label="nchunk" ref="nc-n27" as="anc"/>
    <node xml:id="nc-n28"/>
    <a xml:id="nc-N68291" label="nchunk" ref="nc-n28" as="anc"/>
    <node xml:id="nc-n29"/>
    <a xml:id="nc-N68307" label="nchunk" ref="nc-n29" as="anc"/>
    <node xml:id="nc-n3"/>
    <a xml:id="nc-N68323" label="nchunk" ref="nc-n3" as="anc"/>
    <node xml:id="nc-n30"/>
    <a xml:id="nc-N68339" label="nchunk" ref="nc-n30" as="anc"/>
    <node xml:id="nc-n31"/>
    <a xml:id="nc-N68355" label="nchunk" ref="nc-n31" as="anc"/>
    <node xml:id="nc-n32"/>
    <a xml:id="nc-N68371" label="nchunk" ref="nc-n32" as="anc"/>
    <node xml:id="nc-n33"/>
    <a xml:id="nc-N68387" label="nchunk" ref="nc-n33" as="anc"/>
    <node xml:id="nc-n34"/>
    <a xml:id="nc-N68403" label="nchunk" ref="nc-n34" as="anc"/>
    <node xml:id="nc-n35"/>
    <a xml:id="nc-N68419" label="nchunk" ref="nc-n35" as="anc"/>
    <node xml:id="nc-n36"/>
    <a xml:id="nc-N68435" label="nchunk" ref="nc-n36" as="anc"/>
    <node xml:id="nc-n37"/>
    <a xml:id="nc-N68451" label="nchunk" ref="nc-n37" as="anc"/>
    <node xml:id="nc-n38"/>
    <a xml:id="nc-N68467" label="nchunk" ref="nc-n38" as="anc"/>
    <node xml:id="nc-n39"/>
    <a xml:id="nc-N68483" label="nchunk" ref="nc-n39" as="anc"/>
    <node xml:id="nc-n4"/>
    <a xml:id="nc-N68499" label="nchunk" ref="nc-n4" as="anc"/>
    <node xml:id="nc-n40"/>
    <a xml:id="nc-N68515" label="nchunk" ref="nc-n40" as="anc"/>
    <node xml:id="nc-n41"/>
    <a xml:id="nc-N68531" label="nchunk" ref="nc-n41" as="anc"/>
    <node xml:id="nc-n42"/>
    <a xml:id="nc-N68547" label="nchunk" ref="nc-n42" as="anc"/>
    <node xml:id="nc-n43"/>
    <a xml:id="nc-N68563" label="nchunk" ref="nc-n43" as="anc"/>
    <node xml:id="nc-n44"/>
    <a xml:id="nc-N68579" label="nchunk" ref="nc-n44" as="anc"/>
    <node xml:id="nc-n45"/>
    <a xml:id="nc-N68595" label="nchunk" ref="nc-n45" as="anc"/>
    <node xml:id="nc-n46"/>
    <a xml:id="nc-N68611" label="nchunk" ref="nc-n46" as="anc"/>
    <node xml:id="nc-n47"/>
    <a xml:id="nc-N68631" label="nchunk" ref="nc-n47" as="anc"/>
    <node xml:id="nc-n48"/>
    <a xml:id="nc-N68647" label="nchunk" ref="nc-n48" as="anc"/>
    <node xml:id="nc-n49"/>
    <a xml:id="nc-N68663" label="nchunk" ref="nc-n49" as="anc"/>
    <node xml:id="nc-n5"/>
    <a xml:id="nc-N68679" label="nchunk" ref="nc-n5" as="anc"/>
    <node xml:id="nc-n50"/>
    <a xml:id="nc-N68695" label="nchunk" ref="nc-n50" as="anc"/>
    <node xml:id="nc-n51"/>
    <a xml:id="nc-N68711" label="nchunk" ref="nc-n51" as="anc"/>
    <node xml:id="nc-n52"/>
    <a xml:id="nc-N68727" label="nchunk" ref="nc-n52" as="anc"/>
    <node xml:id="nc-n53"/>
    <a xml:id="nc-N68743" label="nchunk" ref="nc-n53" as="anc"/>
    <node xml:id="nc-n54"/>
    <a xml:id="nc-N68759" label="nchunk" ref="nc-n54" as="anc"/>
    <node xml:id="nc-n55"/>
    <a xml:id="nc-N68775" label="nchunk" ref="nc-n55" as="anc"/>
    <node xml:id="nc-n56"/>
    <a xml:id="nc-N68791" label="nchunk" ref="nc-n56" as="anc"/>
    <node xml:id="nc-n57"/>
    <a xml:id="nc-N68807" label="nchunk" ref="nc-n57" as="anc"/>
    <node xml:id="nc-n58"/>
    <a xml:id="nc-N68823" label="nchunk" ref="nc-n58" as="anc"/>
    <node xml:id="nc-n59"/>
    <a xml:id="nc-N68839" label="nchunk" ref="nc-n59" as="anc"/>
    <node xml:id="nc-n6"/>
    <a xml:id="nc-N68855" label="nchunk" ref="nc-n6" as="anc"/>
    <node xml:id="nc-n60"/>
    <a xml:id="nc-N68871" label="nchunk" ref="nc-n60" as="anc"/>
    <node xml:id="nc-n61"/>
    <a xml:id="nc-N68887" label="nchunk" ref="nc-n61" as="anc"/>
    <node xml:id="nc-n62"/>
    <a xml:id="nc-N68903" label="nchunk" ref="nc-n62" as="anc"/>
    <node xml:id="nc-n63"/>
    <a xml:id="nc-N68919" label="nchunk" ref="nc-n63" as="anc"/>
    <node xml:id="nc-n64"/>
    <a xml:id="nc-N68935" label="nchunk" ref="nc-n64" as="anc"/>
    <node xml:id="nc-n65"/>
    <a xml:id="nc-N68951" label="nchunk" ref="nc-n65" as="anc"/>
    <node xml:id="nc-n66"/>
    <a xml:id="nc-N68967" label="nchunk" ref="nc-n66" as="anc"/>
    <node xml:id="nc-n67"/>
    <a xml:id="nc-N68983" label="nchunk" ref="nc-n67" as="anc"/>
    <node xml:id="nc-n68"/>
    <a xml:id="nc-N68999" label="nchunk" ref="nc-n68" as="anc"/>
    <node xml:id="nc-n69"/>
    <a xml:id="nc-N69015" label="nchunk" ref="nc-n69" as="anc"/>
    <node xml:id="nc-n7"/>
    <a xml:id="nc-N69031" label="nchunk" ref="nc-n7" as="anc"/>
    <node xml:id="nc-n70"/>
    <a xml:id="nc-N69047" label="nchunk" ref="nc-n70" as="anc"/>
    <node xml:id="nc-n71"/>
    <a xml:id="nc-N69063" label="nchunk" ref="nc-n71" as="anc"/>
    <node xml:id="nc-n72"/>
    <a xml:id="nc-N69079" label="nchunk" ref="nc-n72" as="anc"/>
    <node xml:id="nc-n73"/>
    <a xml:id="nc-N69095" label="nchunk" ref="nc-n73" as="anc"/>
    <node xml:id="nc-n74"/>
    <a xml:id="nc-N69111" label="nchunk" ref="nc-n74" as="anc"/>
    <node xml:id="nc-n75"/>
    <a xml:id="nc-N69127" label="nchunk" ref="nc-n75" as="anc"/>
    <node xml:id="nc-n76"/>
    <a xml:id="nc-N69143" label="nchunk" ref="nc-n76" as="anc"/>
    <node xml:id="nc-n77"/>
    <a xml:id="nc-N69159" label="nchunk" ref="nc-n77" as="anc"/>
    <node xml:id="nc-n78"/>
    <a xml:id="nc-N69175" label="nchunk" ref="nc-n78" as="anc"/>
    <node xml:id="nc-n79"/>
    <a xml:id="nc-N69191" label="nchunk" ref="nc-n79" as="anc"/>
    <node xml:id="nc-n8"/>
    <a xml:id="nc-N69207" label="nchunk" ref="nc-n8" as="anc"/>
    <node xml:id="nc-n80"/>
    <a xml:id="nc-N69223" label="nchunk" ref="nc-n80" as="anc"/>
    <node xml:id="nc-n81"/>
    <a xml:id="nc-N69239" label="nchunk" ref="nc-n81" as="anc"/>
    <node xml:id="nc-n82"/>
    <a xml:id="nc-N69255" label="nchunk" ref="nc-n82" as="anc"/>
    <node xml:id="nc-n83"/>
    <a xml:id="nc-N69271" label="nchunk" ref="nc-n83" as="anc"/>
    <node xml:id="nc-n84"/>
    <a xml:id="nc-N69287" label="nchunk" ref="nc-n84" as="anc"/>
    <node xml:id="nc-n85"/>
    <a xml:id="nc-N69303" label="nchunk" ref="nc-n85" as="anc"/>
    <node xml:id="nc-n86"/>
    <a xml:id="nc-N69319" label="nchunk" ref="nc-n86" as="anc"/>
    <node xml:id="nc-n87"/>
    <a xml:id="nc-N69335" label="nchunk" ref="nc-n87" as="anc"/>
    <node xml:id="nc-n88"/>
    <a xml:id="nc-N69351" label="nchunk" ref="nc-n88" as="anc"/>
    <node xml:id="nc-n89"/>
    <a xml:id="nc-N69367" label="nchunk" ref="nc-n89" as="anc"/>
    <node xml:id="nc-n9"/>
    <a xml:id="nc-N69383" label="nchunk" ref="nc-n9" as="anc"/>
    <node xml:id="nc-n90"/>
    <a xml:id="nc-N69399" label="nchunk" ref="nc-n90" as="anc"/>
    <node xml:id="nc-n91"/>
    <a xml:id="nc-N69415" label="nchunk" ref="nc-n91" as="anc"/>
    <node xml:id="nc-n92"/>
    <a xml:id="nc-N69431" label="nchunk" ref="nc-n92" as="anc"/>
    <node xml:id="nc-n93"/>
    <a xml:id="nc-N69447" label="nchunk" ref="nc-n93" as="anc"/>
    <node xml:id="nc-n94"/>
    <a xml:id="nc-N69463" label="nchunk" ref="nc-n94" as="anc"/>
    <node xml:id="nc-n95"/>
    <a xml:id="nc-N69479" label="nchunk" ref="nc-n95" as="anc"/>
    <node xml:id="nc-n96"/>
    <a xml:id="nc-N69495" label="nchunk" ref="nc-n96" as="anc"/>
    <node xml:id="nc-n97"/>
    <a xml:id="nc-N69511" label="nchunk" ref="nc-n97" as="anc"/>
    <node xml:id="nc-n98"/>
    <a xml:id="nc-N69527" label="nchunk" ref="nc-n98" as="anc"/>
    <node xml:id="nc-n99"/>
    <a xml:id="nc-N69543" label="nchunk" ref="nc-n99" as="anc"/>
    <edge xml:id="nc-lnk89" from="nc-n51" to="penn-n183"/>
    <edge xml:id="nc-lnk88" from="nc-n50" to="penn-n181"/>
    <edge xml:id="nc-lnk87" from="nc-n50" to="penn-n180"/>
    <edge xml:id="nc-lnk86" from="nc-n49" to="penn-n178"/>
    <edge xml:id="nc-lnk85" from="nc-n48" to="penn-n174"/>
    <edge xml:id="nc-lnk84" from="nc-n47" to="penn-n172"/>
    <edge xml:id="nc-lnk83" from="nc-n47" to="penn-n171"/>
    <edge xml:id="nc-lnk82" from="nc-n46" to="penn-n169"/>
    <edge xml:id="nc-lnk81" from="nc-n46" to="penn-n168"/>
    <edge xml:id="nc-lnk80" from="nc-n45" to="penn-n164"/>
    <edge xml:id="nc-lnk119" from="nc-n66" to="penn-n239"/>
    <edge xml:id="nc-lnk118" from="nc-n66" to="penn-n238"/>
    <edge xml:id="nc-lnk117" from="nc-n65" to="penn-n236"/>
    <edge xml:id="nc-lnk116" from="nc-n64" to="penn-n234"/>
    <edge xml:id="nc-lnk115" from="nc-n64" to="penn-n233"/>
    <edge xml:id="nc-lnk114" from="nc-n63" to="penn-n231"/>
    <edge xml:id="nc-lnk113" from="nc-n63" to="penn-n230"/>
    <edge xml:id="nc-lnk112" from="nc-n62" to="penn-n228"/>
    <edge xml:id="nc-lnk111" from="nc-n62" to="penn-n227"/>
    <edge xml:id="nc-lnk110" from="nc-n61" to="penn-n225"/>
    <edge xml:id="nc-lnk79" from="nc-n44" to="penn-n159"/>
    <edge xml:id="nc-lnk78" from="nc-n43" to="penn-n155"/>
    <edge xml:id="nc-lnk77" from="nc-n42" to="penn-n152"/>
    <edge xml:id="nc-lnk76" from="nc-n42" to="penn-n151"/>
    <edge xml:id="nc-lnk75" from="nc-n42" to="penn-n150"/>
    <edge xml:id="nc-lnk74" from="nc-n41" to="penn-n148"/>
    <edge xml:id="nc-lnk73" from="nc-n40" to="penn-n146"/>
    <edge xml:id="nc-lnk72" from="nc-n40" to="penn-n145"/>
    <edge xml:id="nc-lnk71" from="nc-n39" to="penn-n140"/>
    <edge xml:id="nc-lnk70" from="nc-n38" to="penn-n137"/>
    <edge xml:id="nc-lnk109" from="nc-n61" to="penn-n224"/>
    <edge xml:id="nc-lnk108" from="nc-n61" to="penn-n223"/>
    <edge xml:id="nc-lnk107" from="nc-n61" to="penn-n222"/>
    <edge xml:id="nc-lnk106" from="nc-n61" to="penn-n221"/>
    <edge xml:id="nc-lnk105" from="nc-n60" to="penn-n217"/>
    <edge xml:id="nc-lnk104" from="nc-n59" to="penn-n214"/>
    <edge xml:id="nc-lnk103" from="nc-n59" to="penn-n213"/>
    <edge xml:id="nc-lnk102" from="nc-n59" to="penn-n212"/>
    <edge xml:id="nc-lnk101" from="nc-n58" to="penn-n210"/>
    <edge xml:id="nc-lnk100" from="nc-n57" to="penn-n206"/>
    <edge xml:id="nc-lnk9" from="nc-n7" to="penn-n17"/>
    <edge xml:id="nc-lnk8" from="nc-n7" to="penn-n16"/>
    <edge xml:id="nc-lnk7" from="nc-n6" to="penn-n15"/>
    <edge xml:id="nc-lnk6" from="nc-n5" to="penn-n13"/>
    <edge xml:id="nc-lnk5" from="nc-n4" to="penn-n11"/>
    <edge xml:id="nc-lnk69" from="nc-n38" to="penn-n136"/>
    <edge xml:id="nc-lnk4" from="nc-n3" to="penn-n9"/>
    <edge xml:id="nc-lnk68" from="nc-n38" to="penn-n135"/>
    <edge xml:id="nc-lnk3" from="nc-n2" to="penn-n9"/>
    <edge xml:id="nc-lnk67" from="nc-n38" to="penn-n134"/>
    <edge xml:id="nc-lnk2" from="nc-n1" to="penn-n7"/>
    <edge xml:id="nc-lnk66" from="nc-n37" to="penn-n130"/>
    <edge xml:id="nc-lnk1" from="nc-n1" to="penn-n6"/>
    <edge xml:id="nc-lnk65" from="nc-n37" to="penn-n129"/>
    <edge xml:id="nc-lnk0" from="nc-n0" to="penn-n3"/>
    <edge xml:id="nc-lnk64" from="nc-n37" to="penn-n128"/>
    <edge xml:id="nc-lnk63" from="nc-n37" to="penn-n127"/>
    <edge xml:id="nc-lnk62" from="nc-n37" to="penn-n126"/>
    <edge xml:id="nc-lnk61" from="nc-n37" to="penn-n125"/>
    <edge xml:id="nc-lnk60" from="nc-n37" to="penn-n124"/>
    <edge xml:id="nc-lnk59" from="nc-n36" to="penn-n122"/>
    <edge xml:id="nc-lnk58" from="nc-n36" to="penn-n121"/>
    <edge xml:id="nc-lnk57" from="nc-n35" to="penn-n119"/>
    <edge xml:id="nc-lnk56" from="nc-n34" to="penn-n115"/>
    <edge xml:id="nc-lnk55" from="nc-n33" to="penn-n113"/>
    <edge xml:id="nc-lnk54" from="nc-n33" to="penn-n112"/>
    <edge xml:id="nc-lnk53" from="nc-n32" to="penn-n106"/>
    <edge xml:id="nc-lnk52" from="nc-n31" to="penn-n101"/>
    <edge xml:id="nc-lnk51" from="nc-n31" to="penn-n100"/>
    <edge xml:id="nc-lnk50" from="nc-n30" to="penn-n98"/>
    <edge xml:id="nc-lnk441" from="nc-n248" to="penn-n926"/>
    <edge xml:id="nc-lnk440" from="nc-n247" to="penn-n923"/>
    <edge xml:id="nc-lnk49" from="nc-n29" to="penn-n96"/>
    <edge xml:id="nc-lnk48" from="nc-n29" to="penn-n95"/>
    <edge xml:id="nc-lnk47" from="nc-n29" to="penn-n94"/>
    <edge xml:id="nc-lnk46" from="nc-n28" to="penn-n90"/>
    <edge xml:id="nc-lnk45" from="nc-n27" to="penn-n88"/>
    <edge xml:id="nc-lnk44" from="nc-n27" to="penn-n87"/>
    <edge xml:id="nc-lnk43" from="nc-n27" to="penn-n86"/>
    <edge xml:id="nc-lnk42" from="nc-n27" to="penn-n85"/>
    <edge xml:id="nc-lnk439" from="nc-n246" to="penn-n920"/>
    <edge xml:id="nc-lnk41" from="nc-n27" to="penn-n84"/>
    <edge xml:id="nc-lnk438" from="nc-n245" to="penn-n917"/>
    <edge xml:id="nc-lnk40" from="nc-n27" to="penn-n83"/>
    <edge xml:id="nc-lnk437" from="nc-n244" to="penn-n913"/>
    <edge xml:id="nc-lnk436" from="nc-n243" to="penn-n910"/>
    <edge xml:id="nc-lnk435" from="nc-n243" to="penn-n909"/>
    <edge xml:id="nc-lnk434" from="nc-n242" to="penn-n904"/>
    <edge xml:id="nc-lnk433" from="nc-n241" to="penn-n902"/>
    <edge xml:id="nc-lnk432" from="nc-n240" to="penn-n900"/>
    <edge xml:id="nc-lnk431" from="nc-n239" to="penn-n899"/>
    <edge xml:id="nc-lnk399" from="nc-n223" to="penn-n838"/>
    <edge xml:id="nc-lnk430" from="nc-n239" to="penn-n898"/>
    <edge xml:id="nc-lnk398" from="nc-n222" to="penn-n836"/>
    <edge xml:id="nc-lnk397" from="nc-n222" to="penn-n835"/>
    <edge xml:id="nc-lnk396" from="nc-n221" to="penn-n832"/>
    <edge xml:id="nc-lnk395" from="nc-n220" to="penn-n830"/>
    <edge xml:id="nc-lnk394" from="nc-n220" to="penn-n829"/>
    <edge xml:id="nc-lnk393" from="nc-n219" to="penn-n827"/>
    <edge xml:id="nc-lnk392" from="nc-n219" to="penn-n826"/>
    <edge xml:id="nc-lnk391" from="nc-n219" to="penn-n825"/>
    <edge xml:id="nc-lnk390" from="nc-n219" to="penn-n824"/>
    <edge xml:id="nc-lnk39" from="nc-n26" to="penn-n79"/>
    <edge xml:id="nc-lnk38" from="nc-n25" to="penn-n76"/>
    <edge xml:id="nc-lnk37" from="nc-n25" to="penn-n75"/>
    <edge xml:id="nc-lnk36" from="nc-n24" to="penn-n73"/>
    <edge xml:id="nc-lnk35" from="nc-n23" to="penn-n70"/>
    <edge xml:id="nc-lnk34" from="nc-n23" to="penn-n69"/>
    <edge xml:id="nc-lnk33" from="nc-n22" to="penn-n65"/>
    <edge xml:id="nc-lnk32" from="nc-n22" to="penn-n64"/>
    <edge xml:id="nc-lnk429" from="nc-n238" to="penn-n896"/>
    <edge xml:id="nc-lnk31" from="nc-n21" to="penn-n60"/>
    <edge xml:id="nc-lnk428" from="nc-n238" to="penn-n895"/>
    <edge xml:id="nc-lnk30" from="nc-n21" to="penn-n59"/>
    <edge xml:id="nc-lnk427" from="nc-n238" to="penn-n894"/>
    <edge xml:id="nc-lnk426" from="nc-n238" to="penn-n893"/>
    <edge xml:id="nc-lnk425" from="nc-n237" to="penn-n890"/>
    <edge xml:id="nc-lnk424" from="nc-n237" to="penn-n889"/>
    <edge xml:id="nc-lnk423" from="nc-n236" to="penn-n887"/>
    <edge xml:id="nc-lnk422" from="nc-n236" to="penn-n886"/>
    <edge xml:id="nc-lnk421" from="nc-n235" to="penn-n881"/>
    <edge xml:id="nc-lnk389" from="nc-n219" to="penn-n823"/>
    <edge xml:id="nc-lnk420" from="nc-n235" to="penn-n880"/>
    <edge xml:id="nc-lnk388" from="nc-n219" to="penn-n822"/>
    <edge xml:id="nc-lnk387" from="nc-n219" to="penn-n821"/>
    <edge xml:id="nc-lnk386" from="nc-n219" to="penn-n820"/>
    <edge xml:id="nc-lnk385" from="nc-n218" to="penn-n817"/>
    <edge xml:id="nc-lnk384" from="nc-n218" to="penn-n816"/>
    <edge xml:id="nc-lnk383" from="nc-n217" to="penn-n813"/>
    <edge xml:id="nc-lnk382" from="nc-n217" to="penn-n812"/>
    <edge xml:id="nc-lnk381" from="nc-n217" to="penn-n811"/>
    <edge xml:id="nc-lnk380" from="nc-n216" to="penn-n809"/>
    <edge xml:id="nc-lnk29" from="nc-n21" to="penn-n58"/>
    <edge xml:id="nc-lnk28" from="nc-n20" to="penn-n56"/>
    <edge xml:id="nc-lnk27" from="nc-n19" to="penn-n52"/>
    <edge xml:id="nc-lnk26" from="nc-n19" to="penn-n51"/>
    <edge xml:id="nc-lnk25" from="nc-n18" to="penn-n49"/>
    <edge xml:id="nc-lnk24" from="nc-n18" to="penn-n48"/>
    <edge xml:id="nc-lnk23" from="nc-n17" to="penn-n46"/>
    <edge xml:id="nc-lnk22" from="nc-n16" to="penn-n44"/>
    <edge xml:id="nc-lnk419" from="nc-n234" to="penn-n878"/>
    <edge xml:id="nc-lnk21" from="nc-n15" to="penn-n42"/>
    <edge xml:id="nc-lnk418" from="nc-n234" to="penn-n877"/>
    <edge xml:id="nc-lnk20" from="nc-n14" to="penn-n37"/>
    <edge xml:id="nc-lnk417" from="nc-n234" to="penn-n876"/>
    <edge xml:id="nc-lnk416" from="nc-n234" to="penn-n875"/>
    <edge xml:id="nc-lnk415" from="nc-n233" to="penn-n872"/>
    <edge xml:id="nc-lnk414" from="nc-n233" to="penn-n871"/>
    <edge xml:id="nc-lnk413" from="nc-n232" to="penn-n867"/>
    <edge xml:id="nc-lnk412" from="nc-n231" to="penn-n865"/>
    <edge xml:id="nc-lnk411" from="nc-n231" to="penn-n864"/>
    <edge xml:id="nc-lnk379" from="nc-n216" to="penn-n808"/>
    <edge xml:id="nc-lnk410" from="nc-n230" to="penn-n861"/>
    <edge xml:id="nc-lnk378" from="nc-n215" to="penn-n805"/>
    <edge xml:id="nc-lnk377" from="nc-n214" to="penn-n803"/>
    <edge xml:id="nc-lnk376" from="nc-n213" to="penn-n801"/>
    <edge xml:id="nc-lnk375" from="nc-n212" to="penn-n796"/>
    <edge xml:id="nc-lnk374" from="nc-n211" to="penn-n794"/>
    <edge xml:id="nc-lnk373" from="nc-n211" to="penn-n793"/>
    <edge xml:id="nc-lnk372" from="nc-n210" to="penn-n791"/>
    <edge xml:id="nc-lnk371" from="nc-n209" to="penn-n788"/>
    <edge xml:id="nc-lnk370" from="nc-n209" to="penn-n787"/>
    <edge xml:id="nc-lnk19" from="nc-n14" to="penn-n36"/>
    <edge xml:id="nc-lnk18" from="nc-n14" to="penn-n35"/>
    <edge xml:id="nc-lnk17" from="nc-n13" to="penn-n34"/>
    <edge xml:id="nc-lnk16" from="nc-n12" to="penn-n30"/>
    <edge xml:id="nc-lnk15" from="nc-n11" to="penn-n29"/>
    <edge xml:id="nc-lnk14" from="nc-n10" to="penn-n27"/>
    <edge xml:id="nc-lnk13" from="nc-n10" to="penn-n26"/>
    <edge xml:id="nc-lnk12" from="nc-n9" to="penn-n21"/>
    <edge xml:id="nc-lnk409" from="nc-n229" to="penn-n859"/>
    <edge xml:id="nc-lnk11" from="nc-n8" to="penn-n20"/>
    <edge xml:id="nc-lnk408" from="nc-n229" to="penn-n858"/>
    <edge xml:id="nc-lnk10" from="nc-n7" to="penn-n18"/>
    <edge xml:id="nc-lnk407" from="nc-n228" to="penn-n855"/>
    <edge xml:id="nc-lnk406" from="nc-n228" to="penn-n854"/>
    <edge xml:id="nc-lnk405" from="nc-n227" to="penn-n851"/>
    <edge xml:id="nc-lnk404" from="nc-n226" to="penn-n848"/>
    <edge xml:id="nc-lnk403" from="nc-n225" to="penn-n845"/>
    <edge xml:id="nc-lnk402" from="nc-n225" to="penn-n844"/>
    <edge xml:id="nc-lnk401" from="nc-n224" to="penn-n841"/>
    <edge xml:id="nc-lnk369" from="nc-n208" to="penn-n785"/>
    <edge xml:id="nc-lnk400" from="nc-n223" to="penn-n839"/>
    <edge xml:id="nc-lnk368" from="nc-n208" to="penn-n784"/>
    <edge xml:id="nc-lnk367" from="nc-n207" to="penn-n779"/>
    <edge xml:id="nc-lnk366" from="nc-n206" to="penn-n778"/>
    <edge xml:id="nc-lnk365" from="nc-n206" to="penn-n777"/>
    <edge xml:id="nc-lnk364" from="nc-n205" to="penn-n775"/>
    <edge xml:id="nc-lnk363" from="nc-n205" to="penn-n774"/>
    <edge xml:id="nc-lnk362" from="nc-n205" to="penn-n773"/>
    <edge xml:id="nc-lnk361" from="nc-n205" to="penn-n772"/>
    <edge xml:id="nc-lnk360" from="nc-n204" to="penn-n769"/>
    <edge xml:id="nc-lnk359" from="nc-n204" to="penn-n768"/>
    <edge xml:id="nc-lnk358" from="nc-n203" to="penn-n767"/>
    <edge xml:id="nc-lnk357" from="nc-n203" to="penn-n766"/>
    <edge xml:id="nc-lnk356" from="nc-n202" to="penn-n763"/>
    <edge xml:id="nc-lnk355" from="nc-n201" to="penn-n760"/>
    <edge xml:id="nc-lnk354" from="nc-n200" to="penn-n756"/>
    <edge xml:id="nc-lnk353" from="nc-n200" to="penn-n755"/>
    <edge xml:id="nc-lnk352" from="nc-n199" to="penn-n753"/>
    <edge xml:id="nc-lnk351" from="nc-n199" to="penn-n752"/>
    <edge xml:id="nc-lnk350" from="nc-n199" to="penn-n751"/>
    <edge xml:id="nc-lnk349" from="nc-n198" to="penn-n747"/>
    <edge xml:id="nc-lnk348" from="nc-n198" to="penn-n746"/>
    <edge xml:id="nc-lnk347" from="nc-n197" to="penn-n742"/>
    <edge xml:id="nc-lnk346" from="nc-n196" to="penn-n740"/>
    <edge xml:id="nc-lnk345" from="nc-n195" to="penn-n738"/>
    <edge xml:id="nc-lnk344" from="nc-n194" to="penn-n735"/>
    <edge xml:id="nc-lnk343" from="nc-n193" to="penn-n730"/>
    <edge xml:id="nc-lnk342" from="nc-n193" to="penn-n729"/>
    <edge xml:id="nc-lnk341" from="nc-n192" to="penn-n727"/>
    <edge xml:id="nc-lnk340" from="nc-n192" to="penn-n726"/>
    <edge xml:id="nc-lnk339" from="nc-n191" to="penn-n723"/>
    <edge xml:id="nc-lnk338" from="nc-n190" to="penn-n719"/>
    <edge xml:id="nc-lnk337" from="nc-n189" to="penn-n715"/>
    <edge xml:id="nc-lnk336" from="nc-n189" to="penn-n714"/>
    <edge xml:id="nc-lnk335" from="nc-n189" to="penn-n713"/>
    <edge xml:id="nc-lnk334" from="nc-n189" to="penn-n712"/>
    <edge xml:id="nc-lnk333" from="nc-n189" to="penn-n711"/>
    <edge xml:id="nc-lnk332" from="nc-n189" to="penn-n710"/>
    <edge xml:id="nc-lnk331" from="nc-n189" to="penn-n709"/>
    <edge xml:id="nc-lnk299" from="nc-n170" to="penn-n641"/>
    <edge xml:id="nc-lnk330" from="nc-n188" to="penn-n707"/>
    <edge xml:id="nc-lnk298" from="nc-n170" to="penn-n640"/>
    <edge xml:id="nc-lnk297" from="nc-n170" to="penn-n639"/>
    <edge xml:id="nc-lnk296" from="nc-n169" to="penn-n636"/>
    <edge xml:id="nc-lnk295" from="nc-n169" to="penn-n635"/>
    <edge xml:id="nc-lnk294" from="nc-n168" to="penn-n631"/>
    <edge xml:id="nc-lnk293" from="nc-n167" to="penn-n630"/>
    <edge xml:id="nc-lnk292" from="nc-n166" to="penn-n628"/>
    <edge xml:id="nc-lnk291" from="nc-n166" to="penn-n627"/>
    <edge xml:id="nc-lnk290" from="nc-n165" to="penn-n625"/>
    <edge xml:id="nc-lnk329" from="nc-n188" to="penn-n706"/>
    <edge xml:id="nc-lnk328" from="nc-n187" to="penn-n703"/>
    <edge xml:id="nc-lnk327" from="nc-n186" to="penn-n702"/>
    <edge xml:id="nc-lnk326" from="nc-n186" to="penn-n701"/>
    <edge xml:id="nc-lnk325" from="nc-n186" to="penn-n700"/>
    <edge xml:id="nc-lnk324" from="nc-n185" to="penn-n697"/>
    <edge xml:id="nc-lnk323" from="nc-n185" to="penn-n696"/>
    <edge xml:id="nc-lnk322" from="nc-n185" to="penn-n695"/>
    <edge xml:id="nc-lnk321" from="nc-n184" to="penn-n693"/>
    <edge xml:id="nc-lnk289" from="nc-n164" to="penn-n623"/>
    <edge xml:id="nc-lnk320" from="nc-n184" to="penn-n692"/>
    <edge xml:id="nc-lnk288" from="nc-n163" to="penn-n621"/>
    <edge xml:id="nc-lnk287" from="nc-n162" to="penn-n619"/>
    <edge xml:id="nc-lnk286" from="nc-n162" to="penn-n618"/>
    <edge xml:id="nc-lnk285" from="nc-n161" to="penn-n616"/>
    <edge xml:id="nc-lnk284" from="nc-n160" to="penn-n613"/>
    <edge xml:id="nc-lnk283" from="nc-n160" to="penn-n612"/>
    <edge xml:id="nc-lnk282" from="nc-n160" to="penn-n611"/>
    <edge xml:id="nc-lnk281" from="nc-n159" to="penn-n606"/>
    <edge xml:id="nc-lnk280" from="nc-n158" to="penn-n605"/>
    <edge xml:id="nc-lnk319" from="nc-n183" to="penn-n686"/>
    <edge xml:id="nc-lnk318" from="nc-n182" to="penn-n684"/>
    <edge xml:id="nc-lnk317" from="nc-n181" to="penn-n682"/>
    <edge xml:id="nc-lnk316" from="nc-n180" to="penn-n681"/>
    <edge xml:id="nc-lnk315" from="nc-n180" to="penn-n680"/>
    <edge xml:id="nc-lnk314" from="nc-n179" to="penn-n676"/>
    <edge xml:id="nc-lnk313" from="nc-n179" to="penn-n675"/>
    <edge xml:id="nc-lnk312" from="nc-n179" to="penn-n674"/>
    <edge xml:id="nc-lnk311" from="nc-n178" to="penn-n671"/>
    <edge xml:id="nc-lnk279" from="nc-n158" to="penn-n604"/>
    <edge xml:id="nc-lnk310" from="nc-n177" to="penn-n669"/>
    <edge xml:id="nc-lnk278" from="nc-n157" to="penn-n596"/>
    <edge xml:id="nc-lnk277" from="nc-n156" to="penn-n591"/>
    <edge xml:id="nc-lnk276" from="nc-n155" to="penn-n588"/>
    <edge xml:id="nc-lnk275" from="nc-n154" to="penn-n586"/>
    <edge xml:id="nc-lnk274" from="nc-n154" to="penn-n585"/>
    <edge xml:id="nc-lnk273" from="nc-n154" to="penn-n584"/>
    <edge xml:id="nc-lnk272" from="nc-n154" to="penn-n583"/>
    <edge xml:id="nc-lnk271" from="nc-n154" to="penn-n582"/>
    <edge xml:id="nc-lnk270" from="nc-n153" to="penn-n577"/>
    <edge xml:id="nc-lnk309" from="nc-n176" to="penn-n663"/>
    <edge xml:id="nc-lnk308" from="nc-n175" to="penn-n661"/>
    <edge xml:id="nc-lnk307" from="nc-n175" to="penn-n660"/>
    <edge xml:id="nc-lnk306" from="nc-n175" to="penn-n659"/>
    <edge xml:id="nc-lnk305" from="nc-n174" to="penn-n657"/>
    <edge xml:id="nc-lnk304" from="nc-n174" to="penn-n656"/>
    <edge xml:id="nc-lnk303" from="nc-n173" to="penn-n651"/>
    <edge xml:id="nc-lnk302" from="nc-n172" to="penn-n650"/>
    <edge xml:id="nc-lnk301" from="nc-n172" to="penn-n649"/>
    <edge xml:id="nc-lnk269" from="nc-n152" to="penn-n576"/>
    <edge xml:id="nc-lnk300" from="nc-n171" to="penn-n647"/>
    <edge xml:id="nc-lnk268" from="nc-n151" to="penn-n573"/>
    <edge xml:id="nc-lnk267" from="nc-n150" to="penn-n571"/>
    <edge xml:id="nc-lnk266" from="nc-n150" to="penn-n570"/>
    <edge xml:id="nc-lnk265" from="nc-n149" to="penn-n568"/>
    <edge xml:id="nc-lnk264" from="nc-n148" to="penn-n566"/>
    <edge xml:id="nc-lnk263" from="nc-n147" to="penn-n564"/>
    <edge xml:id="nc-lnk262" from="nc-n147" to="penn-n563"/>
    <edge xml:id="nc-lnk261" from="nc-n146" to="penn-n561"/>
    <edge xml:id="nc-lnk260" from="nc-n145" to="penn-n559"/>
    <edge xml:id="nc-lnk259" from="nc-n145" to="penn-n558"/>
    <edge xml:id="nc-lnk258" from="nc-n144" to="penn-n556"/>
    <edge xml:id="nc-lnk257" from="nc-n144" to="penn-n555"/>
    <edge xml:id="nc-lnk256" from="nc-n143" to="penn-n552"/>
    <edge xml:id="nc-lnk255" from="nc-n143" to="penn-n551"/>
    <edge xml:id="nc-lnk254" from="nc-n143" to="penn-n550"/>
    <edge xml:id="nc-lnk253" from="nc-n142" to="penn-n548"/>
    <edge xml:id="nc-lnk252" from="nc-n141" to="penn-n546"/>
    <edge xml:id="nc-lnk251" from="nc-n141" to="penn-n545"/>
    <edge xml:id="nc-lnk250" from="nc-n141" to="penn-n544"/>
    <edge xml:id="nc-lnk249" from="nc-n141" to="penn-n543"/>
    <edge xml:id="nc-lnk248" from="nc-n141" to="penn-n542"/>
    <edge xml:id="nc-lnk247" from="nc-n141" to="penn-n541"/>
    <edge xml:id="nc-lnk246" from="nc-n140" to="penn-n539"/>
    <edge xml:id="nc-lnk245" from="nc-n140" to="penn-n538"/>
    <edge xml:id="nc-lnk244" from="nc-n139" to="penn-n532"/>
    <edge xml:id="nc-lnk243" from="nc-n138" to="penn-n530"/>
    <edge xml:id="nc-lnk242" from="nc-n137" to="penn-n528"/>
    <edge xml:id="nc-lnk241" from="nc-n137" to="penn-n527"/>
    <edge xml:id="nc-lnk240" from="nc-n136" to="penn-n526"/>
    <edge xml:id="nc-lnk239" from="nc-n136" to="penn-n525"/>
    <edge xml:id="nc-lnk238" from="nc-n135" to="penn-n523"/>
    <edge xml:id="nc-lnk237" from="nc-n134" to="penn-n520"/>
    <edge xml:id="nc-lnk236" from="nc-n134" to="penn-n519"/>
    <edge xml:id="nc-lnk235" from="nc-n133" to="penn-n513"/>
    <edge xml:id="nc-lnk234" from="nc-n132" to="penn-n510"/>
    <edge xml:id="nc-lnk233" from="nc-n131" to="penn-n507"/>
    <edge xml:id="nc-lnk232" from="nc-n130" to="penn-n504"/>
    <edge xml:id="nc-lnk199" from="nc-n115" to="penn-n439"/>
    <edge xml:id="nc-lnk231" from="nc-n129" to="penn-n499"/>
    <edge xml:id="nc-lnk198" from="nc-n115" to="penn-n438"/>
    <edge xml:id="nc-lnk230" from="nc-n128" to="penn-n498"/>
    <edge xml:id="nc-lnk197" from="nc-n114" to="penn-n434"/>
    <edge xml:id="nc-lnk196" from="nc-n113" to="penn-n429"/>
    <edge xml:id="nc-lnk195" from="nc-n113" to="penn-n428"/>
    <edge xml:id="nc-lnk194" from="nc-n112" to="penn-n423"/>
    <edge xml:id="nc-lnk193" from="nc-n111" to="penn-n422"/>
    <edge xml:id="nc-lnk192" from="nc-n111" to="penn-n421"/>
    <edge xml:id="nc-lnk191" from="nc-n110" to="penn-n419"/>
    <edge xml:id="nc-lnk190" from="nc-n110" to="penn-n418"/>
    <edge xml:id="nc-lnk229" from="nc-n127" to="penn-n495"/>
    <edge xml:id="nc-lnk228" from="nc-n126" to="penn-n491"/>
    <edge xml:id="nc-lnk227" from="nc-n126" to="penn-n490"/>
    <edge xml:id="nc-lnk226" from="nc-n126" to="penn-n489"/>
    <edge xml:id="nc-lnk225" from="nc-n126" to="penn-n488"/>
    <edge xml:id="nc-lnk224" from="nc-n126" to="penn-n487"/>
    <edge xml:id="nc-lnk223" from="nc-n126" to="penn-n486"/>
    <edge xml:id="nc-lnk222" from="nc-n126" to="penn-n485"/>
    <edge xml:id="nc-lnk189" from="nc-n109" to="penn-n416"/>
    <edge xml:id="nc-lnk221" from="nc-n126" to="penn-n484"/>
    <edge xml:id="nc-lnk188" from="nc-n109" to="penn-n415"/>
    <edge xml:id="nc-lnk220" from="nc-n125" to="penn-n479"/>
    <edge xml:id="nc-lnk187" from="nc-n108" to="penn-n413"/>
    <edge xml:id="nc-lnk186" from="nc-n108" to="penn-n412"/>
    <edge xml:id="nc-lnk185" from="nc-n107" to="penn-n408"/>
    <edge xml:id="nc-lnk184" from="nc-n106" to="penn-n406"/>
    <edge xml:id="nc-lnk183" from="nc-n105" to="penn-n404"/>
    <edge xml:id="nc-lnk182" from="nc-n104" to="penn-n398"/>
    <edge xml:id="nc-lnk181" from="nc-n103" to="penn-n395"/>
    <edge xml:id="nc-lnk180" from="nc-n102" to="penn-n393"/>
    <edge xml:id="nc-lnk219" from="nc-n125" to="penn-n478"/>
    <edge xml:id="nc-lnk218" from="nc-n125" to="penn-n477"/>
    <edge xml:id="nc-lnk217" from="nc-n125" to="penn-n476"/>
    <edge xml:id="nc-lnk216" from="nc-n125" to="penn-n475"/>
    <edge xml:id="nc-lnk215" from="nc-n125" to="penn-n474"/>
    <edge xml:id="nc-lnk214" from="nc-n125" to="penn-n473"/>
    <edge xml:id="nc-lnk213" from="nc-n124" to="penn-n466"/>
    <edge xml:id="nc-lnk212" from="nc-n123" to="penn-n464"/>
    <edge xml:id="nc-lnk179" from="nc-n102" to="penn-n392"/>
    <edge xml:id="nc-lnk211" from="nc-n123" to="penn-n463"/>
    <edge xml:id="nc-lnk178" from="nc-n102" to="penn-n391"/>
    <edge xml:id="nc-lnk210" from="nc-n122" to="penn-n461"/>
    <edge xml:id="nc-lnk177" from="nc-n102" to="penn-n390"/>
    <edge xml:id="nc-lnk176" from="nc-n102" to="penn-n389"/>
    <edge xml:id="nc-lnk175" from="nc-n102" to="penn-n388"/>
    <edge xml:id="nc-lnk174" from="nc-n102" to="penn-n387"/>
    <edge xml:id="nc-lnk173" from="nc-n102" to="penn-n386"/>
    <edge xml:id="nc-lnk172" from="nc-n101" to="penn-n383"/>
    <edge xml:id="nc-lnk171" from="nc-n100" to="penn-n382"/>
    <edge xml:id="nc-lnk170" from="nc-n99" to="penn-n377"/>
    <edge xml:id="nc-lnk209" from="nc-n122" to="penn-n460"/>
    <edge xml:id="nc-lnk208" from="nc-n121" to="penn-n457"/>
    <edge xml:id="nc-lnk207" from="nc-n121" to="penn-n456"/>
    <edge xml:id="nc-lnk206" from="nc-n120" to="penn-n454"/>
    <edge xml:id="nc-lnk205" from="nc-n120" to="penn-n453"/>
    <edge xml:id="nc-lnk204" from="nc-n120" to="penn-n452"/>
    <edge xml:id="nc-lnk203" from="nc-n119" to="penn-n448"/>
    <edge xml:id="nc-lnk202" from="nc-n118" to="penn-n446"/>
    <edge xml:id="nc-lnk169" from="nc-n98" to="penn-n375"/>
    <edge xml:id="nc-lnk201" from="nc-n117" to="penn-n444"/>
    <edge xml:id="nc-lnk168" from="nc-n97" to="penn-n372"/>
    <edge xml:id="nc-lnk200" from="nc-n116" to="penn-n442"/>
    <edge xml:id="nc-lnk167" from="nc-n96" to="penn-n369"/>
    <edge xml:id="nc-lnk166" from="nc-n96" to="penn-n368"/>
    <edge xml:id="nc-lnk165" from="nc-n95" to="penn-n366"/>
    <edge xml:id="nc-lnk164" from="nc-n95" to="penn-n365"/>
    <edge xml:id="nc-lnk163" from="nc-n94" to="penn-n363"/>
    <edge xml:id="nc-lnk162" from="nc-n93" to="penn-n361"/>
    <edge xml:id="nc-lnk161" from="nc-n93" to="penn-n360"/>
    <edge xml:id="nc-lnk160" from="nc-n93" to="penn-n359"/>
    <edge xml:id="nc-lnk159" from="nc-n92" to="penn-n357"/>
    <edge xml:id="nc-lnk158" from="nc-n91" to="penn-n354"/>
    <edge xml:id="nc-lnk157" from="nc-n90" to="penn-n346"/>
    <edge xml:id="nc-lnk156" from="nc-n89" to="penn-n344"/>
    <edge xml:id="nc-lnk155" from="nc-n88" to="penn-n341"/>
    <edge xml:id="nc-lnk154" from="nc-n87" to="penn-n327"/>
    <edge xml:id="nc-lnk153" from="nc-n86" to="penn-n325"/>
    <edge xml:id="nc-lnk152" from="nc-n86" to="penn-n324"/>
    <edge xml:id="nc-lnk151" from="nc-n86" to="penn-n323"/>
    <edge xml:id="nc-lnk150" from="nc-n85" to="penn-n316"/>
    <edge xml:id="nc-lnk149" from="nc-n85" to="penn-n315"/>
    <edge xml:id="nc-lnk148" from="nc-n84" to="penn-n311"/>
    <edge xml:id="nc-lnk147" from="nc-n83" to="penn-n308"/>
    <edge xml:id="nc-lnk146" from="nc-n82" to="penn-n302"/>
    <edge xml:id="nc-lnk145" from="nc-n81" to="penn-n298"/>
    <edge xml:id="nc-lnk144" from="nc-n80" to="penn-n296"/>
    <edge xml:id="nc-lnk143" from="nc-n79" to="penn-n293"/>
    <edge xml:id="nc-lnk142" from="nc-n79" to="penn-n292"/>
    <edge xml:id="nc-lnk141" from="nc-n78" to="penn-n289"/>
    <edge xml:id="nc-lnk140" from="nc-n78" to="penn-n288"/>
    <edge xml:id="nc-lnk139" from="nc-n77" to="penn-n286"/>
    <edge xml:id="nc-lnk138" from="nc-n76" to="penn-n282"/>
    <edge xml:id="nc-lnk137" from="nc-n75" to="penn-n280"/>
    <edge xml:id="nc-lnk136" from="nc-n74" to="penn-n274"/>
    <edge xml:id="nc-lnk135" from="nc-n74" to="penn-n273"/>
    <edge xml:id="nc-lnk134" from="nc-n73" to="penn-n271"/>
    <edge xml:id="nc-lnk133" from="nc-n72" to="penn-n270"/>
    <edge xml:id="nc-lnk132" from="nc-n71" to="penn-n267"/>
    <edge xml:id="nc-lnk131" from="nc-n70" to="penn-n258"/>
    <edge xml:id="nc-lnk130" from="nc-n70" to="penn-n257"/>
    <edge xml:id="nc-lnk99" from="nc-n56" to="penn-n204"/>
    <edge xml:id="nc-lnk98" from="nc-n56" to="penn-n203"/>
    <edge xml:id="nc-lnk97" from="nc-n55" to="penn-n200"/>
    <edge xml:id="nc-lnk96" from="nc-n54" to="penn-n197"/>
    <edge xml:id="nc-lnk95" from="nc-n54" to="penn-n196"/>
    <edge xml:id="nc-lnk94" from="nc-n54" to="penn-n195"/>
    <edge xml:id="nc-lnk93" from="nc-n53" to="penn-n192"/>
    <edge xml:id="nc-lnk92" from="nc-n52" to="penn-n187"/>
    <edge xml:id="nc-lnk91" from="nc-n51" to="penn-n185"/>
    <edge xml:id="nc-lnk90" from="nc-n51" to="penn-n184"/>
    <edge xml:id="nc-lnk129" from="nc-n70" to="penn-n256"/>
    <edge xml:id="nc-lnk128" from="nc-n70" to="penn-n255"/>
    <edge xml:id="nc-lnk127" from="nc-n70" to="penn-n254"/>
    <edge xml:id="nc-lnk126" from="nc-n70" to="penn-n253"/>
    <edge xml:id="nc-lnk125" from="nc-n70" to="penn-n252"/>
    <edge xml:id="nc-lnk124" from="nc-n69" to="penn-n248"/>
    <edge xml:id="nc-lnk123" from="nc-n68" to="penn-n245"/>
    <edge xml:id="nc-lnk122" from="nc-n67" to="penn-n243"/>
    <edge xml:id="nc-lnk121" from="nc-n66" to="penn-n241"/>
    <edge xml:id="nc-lnk120" from="nc-n66" to="penn-n240"/>
</graph>
