<?xml version="1.0" encoding="UTF-8"?><graph xmlns="http://www.xces.org/ns/GrAF/1.0/" xmlns:graf="http://www.xces.org/ns/GrAF/1.0/">
    <graphHeader>
        <labelsDecl>
        </labelsDecl>
    </graphHeader>
    <region xml:id="seg-r0" anchors="3 6"/>
    <region xml:id="seg-r2" anchors="7 11"/>
    <region xml:id="seg-r4" anchors="12 14"/>
    <region xml:id="seg-r6" anchors="15 18"/>
    <region xml:id="seg-r7" anchors="18 19"/>
    <region xml:id="seg-r9" anchors="20 21"/>
    <region xml:id="seg-r10" anchors="21 25"/>
    <region xml:id="seg-r12" anchors="26 33"/>
    <region xml:id="seg-r13" anchors="33 34"/>
    <region xml:id="seg-r15" anchors="36 43"/>
    <region xml:id="seg-r17" anchors="44 47"/>
    <region xml:id="seg-r19" anchors="48 56"/>
    <region xml:id="seg-r21" anchors="57 60"/>
    <region xml:id="seg-r23" anchors="61 67"/>
    <region xml:id="seg-r25" anchors="68 71"/>
    <region xml:id="seg-r27" anchors="72 79"/>
    <region xml:id="seg-r29" anchors="80 82"/>
    <region xml:id="seg-r31" anchors="83 86"/>
    <region xml:id="seg-r33" anchors="87 91"/>
    <region xml:id="seg-r35" anchors="92 94"/>
    <region xml:id="seg-r37" anchors="95 99"/>
    <region xml:id="seg-r39" anchors="100 102"/>
    <region xml:id="seg-r40" anchors="102 104"/>
    <region xml:id="seg-r42" anchors="105 110"/>
    <region xml:id="seg-r44" anchors="111 113"/>
    <region xml:id="seg-r46" anchors="114 118"/>
    <region xml:id="seg-r48" anchors="119 122"/>
    <region xml:id="seg-r50" anchors="123 130"/>
    <region xml:id="seg-r51" anchors="130 133"/>
    <region xml:id="seg-r52" anchors="133 138"/>
    <region xml:id="seg-r54" anchors="139 140"/>
    <region xml:id="seg-r56" anchors="141 144"/>
    <region xml:id="seg-r58" anchors="145 153"/>
    <region xml:id="seg-r60" anchors="154 156"/>
    <region xml:id="seg-r62" anchors="157 165"/>
    <region xml:id="seg-r64" anchors="166 169"/>
    <region xml:id="seg-r66" anchors="170 175"/>
    <region xml:id="seg-r68" anchors="176 179"/>
    <region xml:id="seg-r69" anchors="179 180"/>
    <region xml:id="seg-r71" anchors="181 184"/>
    <region xml:id="seg-r73" anchors="185 189"/>
    <region xml:id="seg-r75" anchors="190 196"/>
    <region xml:id="seg-r77" anchors="197 204"/>
    <region xml:id="seg-r78" anchors="204 205"/>
    <region xml:id="seg-r80" anchors="206 213"/>
    <region xml:id="seg-r82" anchors="214 217"/>
    <region xml:id="seg-r84" anchors="218 224"/>
    <region xml:id="seg-r86" anchors="225 227"/>
    <region xml:id="seg-r88" anchors="228 231"/>
    <region xml:id="seg-r90" anchors="232 235"/>
    <region xml:id="seg-r91" anchors="235 236"/>
    <region xml:id="seg-r93" anchors="237 242"/>
    <region xml:id="seg-r95" anchors="243 253"/>
    <region xml:id="seg-r97" anchors="254 258"/>
    <region xml:id="seg-r99" anchors="259 268"/>
    <region xml:id="seg-r101" anchors="269 271"/>
    <region xml:id="seg-r103" anchors="272 274"/>
    <region xml:id="seg-r105" anchors="275 279"/>
    <region xml:id="seg-r107" anchors="280 285"/>
    <region xml:id="seg-r109" anchors="286 287"/>
    <region xml:id="seg-r110" anchors="287 293"/>
    <region xml:id="seg-r111" anchors="293 294"/>
    <region xml:id="seg-r112" anchors="294 295"/>
    <region xml:id="seg-r114" anchors="296 302"/>
    <region xml:id="seg-r116" anchors="303 306"/>
    <region xml:id="seg-r118" anchors="307 314"/>
    <region xml:id="seg-r120" anchors="315 318"/>
    <region xml:id="seg-r122" anchors="319 323"/>
    <region xml:id="seg-r124" anchors="324 329"/>
    <region xml:id="seg-r126" anchors="330 333"/>
    <region xml:id="seg-r128" anchors="334 339"/>
    <region xml:id="seg-r129" anchors="339 340"/>
    <region xml:id="seg-r131" anchors="341 342"/>
    <region xml:id="seg-r132" anchors="342 346"/>
    <region xml:id="seg-r134" anchors="347 349"/>
    <region xml:id="seg-r136" anchors="350 355"/>
    <region xml:id="seg-r138" anchors="356 360"/>
    <region xml:id="seg-r140" anchors="361 362"/>
    <region xml:id="seg-r142" anchors="363 365"/>
    <region xml:id="seg-r144" anchors="366 370"/>
    <region xml:id="seg-r145" anchors="370 371"/>
    <region xml:id="seg-r147" anchors="372 375"/>
    <region xml:id="seg-r149" anchors="376 380"/>
    <region xml:id="seg-r151" anchors="381 384"/>
    <region xml:id="seg-r153" anchors="385 389"/>
    <region xml:id="seg-r155" anchors="390 394"/>
    <region xml:id="seg-r157" anchors="395 396"/>
    <region xml:id="seg-r158" anchors="396 399"/>
    <region xml:id="seg-r160" anchors="400 407"/>
    <region xml:id="seg-r162" anchors="408 415"/>
    <region xml:id="seg-r164" anchors="416 418"/>
    <region xml:id="seg-r166" anchors="419 423"/>
    <region xml:id="seg-r168" anchors="424 425"/>
    <region xml:id="seg-r169" anchors="425 436"/>
    <region xml:id="seg-r171" anchors="437 440"/>
    <region xml:id="seg-r173" anchors="441 444"/>
    <region xml:id="seg-r175" anchors="446 450"/>
    <region xml:id="seg-r176" anchors="450 451"/>
    <region xml:id="seg-r178" anchors="452 461"/>
    <region xml:id="seg-r180" anchors="462 466"/>
    <region xml:id="seg-r182" anchors="467 470"/>
    <region xml:id="seg-r184" anchors="471 478"/>
    <region xml:id="seg-r186" anchors="479 480"/>
    <region xml:id="seg-r188" anchors="482 485"/>
    <region xml:id="seg-r190" anchors="486 495"/>
    <region xml:id="seg-r192" anchors="496 498"/>
    <region xml:id="seg-r194" anchors="499 503"/>
    <region xml:id="seg-r195" anchors="503 504"/>
    <region xml:id="seg-r197" anchors="505 508"/>
    <region xml:id="seg-r199" anchors="509 512"/>
    <region xml:id="seg-r200" anchors="512 515"/>
    <region xml:id="seg-r202" anchors="516 520"/>
    <region xml:id="seg-r204" anchors="521 531"/>
    <region xml:id="seg-r206" anchors="532 542"/>
    <region xml:id="seg-r208" anchors="543 548"/>
    <region xml:id="seg-r210" anchors="549 554"/>
    <region xml:id="seg-r211" anchors="554 555"/>
    <region xml:id="seg-r212" anchors="555 556"/>
    <region xml:id="seg-r214" anchors="557 561"/>
    <region xml:id="seg-r216" anchors="562 564"/>
    <region xml:id="seg-r218" anchors="565 571"/>
    <region xml:id="seg-r220" anchors="572 575"/>
    <region xml:id="seg-r222" anchors="576 581"/>
    <region xml:id="seg-r224" anchors="582 586"/>
    <region xml:id="seg-r226" anchors="587 590"/>
    <region xml:id="seg-r228" anchors="591 594"/>
    <region xml:id="seg-r230" anchors="595 601"/>
    <region xml:id="seg-r231" anchors="601 602"/>
    <region xml:id="seg-r232" anchors="602 606"/>
    <region xml:id="seg-r234" anchors="607 611"/>
    <region xml:id="seg-r236" anchors="612 617"/>
    <region xml:id="seg-r238" anchors="618 619"/>
    <region xml:id="seg-r239" anchors="619 624"/>
    <region xml:id="seg-r241" anchors="625 627"/>
    <region xml:id="seg-r243" anchors="628 631"/>
    <region xml:id="seg-r245" anchors="632 636"/>
    <region xml:id="seg-r247" anchors="637 641"/>
    <region xml:id="seg-r249" anchors="642 647"/>
    <region xml:id="seg-r250" anchors="647 648"/>
    <region xml:id="seg-r252" anchors="649 651"/>
    <region xml:id="seg-r254" anchors="652 656"/>
    <region xml:id="seg-r255" anchors="656 657"/>
    <region xml:id="seg-r257" anchors="658 661"/>
    <region xml:id="seg-r259" anchors="662 670"/>
    <region xml:id="seg-r261" anchors="671 676"/>
    <region xml:id="seg-r263" anchors="677 680"/>
    <region xml:id="seg-r265" anchors="681 688"/>
    <region xml:id="seg-r267" anchors="689 692"/>
    <region xml:id="seg-r269" anchors="693 698"/>
    <region xml:id="seg-r271" anchors="699 702"/>
    <region xml:id="seg-r273" anchors="703 708"/>
    <region xml:id="seg-r275" anchors="709 714"/>
    <region xml:id="seg-r277" anchors="715 721"/>
    <region xml:id="seg-r278" anchors="721 722"/>
    <region xml:id="seg-r280" anchors="723 727"/>
    <region xml:id="seg-r282" anchors="728 736"/>
    <region xml:id="seg-r284" anchors="737 740"/>
    <region xml:id="seg-r286" anchors="741 744"/>
    <region xml:id="seg-r288" anchors="745 748"/>
    <region xml:id="seg-r290" anchors="749 757"/>
    <region xml:id="seg-r292" anchors="758 761"/>
    <region xml:id="seg-r294" anchors="762 765"/>
    <region xml:id="seg-r295" anchors="765 766"/>
    <region xml:id="seg-r297" anchors="769 775"/>
    <region xml:id="seg-r299" anchors="776 782"/>
    <region xml:id="seg-r301" anchors="783 787"/>
    <region xml:id="seg-r303" anchors="788 792"/>
    <region xml:id="seg-r305" anchors="793 797"/>
    <region xml:id="seg-r307" anchors="798 806"/>
    <region xml:id="seg-r309" anchors="807 813"/>
    <region xml:id="seg-r311" anchors="814 818"/>
    <region xml:id="seg-r313" anchors="819 827"/>
    <region xml:id="seg-r315" anchors="828 833"/>
    <region xml:id="seg-r317" anchors="834 835"/>
    <region xml:id="seg-r318" anchors="835 839"/>
    <region xml:id="seg-r319" anchors="839 840"/>
    <region xml:id="seg-r321" anchors="841 843"/>
    <region xml:id="seg-r323" anchors="844 848"/>
    <region xml:id="seg-r325" anchors="849 857"/>
    <region xml:id="seg-r327" anchors="858 866"/>
    <region xml:id="seg-r329" anchors="867 872"/>
    <region xml:id="seg-r331" anchors="873 879"/>
    <region xml:id="seg-r333" anchors="880 881"/>
    <region xml:id="seg-r335" anchors="882 889"/>
    <region xml:id="seg-r337" anchors="890 895"/>
    <region xml:id="seg-r339" anchors="896 901"/>
    <region xml:id="seg-r341" anchors="902 903"/>
    <region xml:id="seg-r343" anchors="904 908"/>
    <region xml:id="seg-r344" anchors="908 909"/>
    <region xml:id="seg-r345" anchors="909 910"/>
    <region xml:id="seg-r347" anchors="911 914"/>
    <region xml:id="seg-r349" anchors="915 918"/>
    <region xml:id="seg-r351" anchors="919 924"/>
    <region xml:id="seg-r353" anchors="925 928"/>
    <region xml:id="seg-r355" anchors="929 935"/>
    <region xml:id="seg-r357" anchors="936 937"/>
    <region xml:id="seg-r359" anchors="938 949"/>
    <region xml:id="seg-r361" anchors="950 954"/>
    <region xml:id="seg-r363" anchors="955 958"/>
    <region xml:id="seg-r365" anchors="959 960"/>
    <region xml:id="seg-r366" anchors="960 966"/>
    <region xml:id="seg-r367" anchors="966 967"/>
    <region xml:id="seg-r369" anchors="968 970"/>
    <region xml:id="seg-r371" anchors="971 974"/>
    <region xml:id="seg-r373" anchors="975 980"/>
    <region xml:id="seg-r375" anchors="981 986"/>
    <region xml:id="seg-r377" anchors="987 989"/>
    <region xml:id="seg-r378" anchors="989 991"/>
    <region xml:id="seg-r380" anchors="992 998"/>
    <region xml:id="seg-r382" anchors="999 1007"/>
    <region xml:id="seg-r384" anchors="1008 1016"/>
    <region xml:id="seg-r385" anchors="1016 1017"/>
    <region xml:id="seg-r387" anchors="1018 1019"/>
    <region xml:id="seg-r389" anchors="1020 1027"/>
    <region xml:id="seg-r391" anchors="1028 1034"/>
    <region xml:id="seg-r393" anchors="1035 1038"/>
    <region xml:id="seg-r395" anchors="1039 1040"/>
    <region xml:id="seg-r396" anchors="1040 1045"/>
    <region xml:id="seg-r397" anchors="1045 1046"/>
    <region xml:id="seg-r399" anchors="1047 1053"/>
    <region xml:id="seg-r401" anchors="1054 1056"/>
    <region xml:id="seg-r403" anchors="1057 1061"/>
    <region xml:id="seg-r405" anchors="1062 1066"/>
    <region xml:id="seg-r407" anchors="1067 1072"/>
    <region xml:id="seg-r409" anchors="1073 1080"/>
    <region xml:id="seg-r411" anchors="1081 1089"/>
    <region xml:id="seg-r413" anchors="1090 1095"/>
    <region xml:id="seg-r415" anchors="1096 1099"/>
    <region xml:id="seg-r417" anchors="1100 1104"/>
    <region xml:id="seg-r419" anchors="1105 1107"/>
    <region xml:id="seg-r421" anchors="1108 1113"/>
    <region xml:id="seg-r423" anchors="1114 1122"/>
    <region xml:id="seg-r424" anchors="1122 1123"/>
    <region xml:id="seg-r426" anchors="1126 1131"/>
    <region xml:id="seg-r428" anchors="1132 1139"/>
    <region xml:id="seg-r430" anchors="1140 1142"/>
    <region xml:id="seg-r432" anchors="1143 1146"/>
    <region xml:id="seg-r434" anchors="1147 1149"/>
    <region xml:id="seg-r436" anchors="1150 1153"/>
    <region xml:id="seg-r438" anchors="1154 1158"/>
    <region xml:id="seg-r440" anchors="1159 1166"/>
    <region xml:id="seg-r442" anchors="1167 1172"/>
    <region xml:id="seg-r444" anchors="1173 1175"/>
    <region xml:id="seg-r446" anchors="1176 1178"/>
    <region xml:id="seg-r447" anchors="1178 1179"/>
    <region xml:id="seg-r449" anchors="1181 1183"/>
    <region xml:id="seg-r451" anchors="1184 1187"/>
    <region xml:id="seg-r453" anchors="1188 1191"/>
    <region xml:id="seg-r455" anchors="1192 1199"/>
    <region xml:id="seg-r457" anchors="1200 1204"/>
    <region xml:id="seg-r459" anchors="1205 1208"/>
    <region xml:id="seg-r461" anchors="1209 1214"/>
    <region xml:id="seg-r463" anchors="1215 1218"/>
    <region xml:id="seg-r465" anchors="1219 1222"/>
    <region xml:id="seg-r467" anchors="1223 1230"/>
    <region xml:id="seg-r469" anchors="1231 1233"/>
    <region xml:id="seg-r471" anchors="1234 1237"/>
    <region xml:id="seg-r473" anchors="1238 1247"/>
    <region xml:id="seg-r475" anchors="1248 1253"/>
    <region xml:id="seg-r476" anchors="1253 1254"/>
    <region xml:id="seg-r478" anchors="1255 1260"/>
    <region xml:id="seg-r479" anchors="1260 1261"/>
    <region xml:id="seg-r481" anchors="1262 1264"/>
    <region xml:id="seg-r482" anchors="1264 1265"/>
    <region xml:id="seg-r484" anchors="1266 1274"/>
    <region xml:id="seg-r485" anchors="1274 1275"/>
    <region xml:id="seg-r487" anchors="1276 1278"/>
    <region xml:id="seg-r489" anchors="1279 1281"/>
    <region xml:id="seg-r490" anchors="1281 1284"/>
    <region xml:id="seg-r492" anchors="1285 1292"/>
    <region xml:id="seg-r494" anchors="1293 1301"/>
    <region xml:id="seg-r496" anchors="1302 1306"/>
    <region xml:id="seg-r498" anchors="1307 1311"/>
    <region xml:id="seg-r500" anchors="1312 1317"/>
    <region xml:id="seg-r502" anchors="1318 1323"/>
    <region xml:id="seg-r504" anchors="1324 1328"/>
    <region xml:id="seg-r506" anchors="1329 1331"/>
    <region xml:id="seg-r508" anchors="1332 1336"/>
    <region xml:id="seg-r510" anchors="1337 1348"/>
    <region xml:id="seg-r512" anchors="1349 1350"/>
    <region xml:id="seg-r514" anchors="1351 1358"/>
    <region xml:id="seg-r516" anchors="1359 1362"/>
    <region xml:id="seg-r518" anchors="1363 1369"/>
    <region xml:id="seg-r520" anchors="1370 1371"/>
    <region xml:id="seg-r521" anchors="1371 1375"/>
    <region xml:id="seg-r522" anchors="1375 1376"/>
    <region xml:id="seg-r523" anchors="1376 1379"/>
    <region xml:id="seg-r525" anchors="1380 1383"/>
    <region xml:id="seg-r527" anchors="1384 1387"/>
    <region xml:id="seg-r529" anchors="1388 1393"/>
    <region xml:id="seg-r530" anchors="1393 1394"/>
    <region xml:id="seg-r531" anchors="1394 1395"/>
    <region xml:id="seg-r533" anchors="1396 1401"/>
    <region xml:id="seg-r535" anchors="1402 1412"/>
    <region xml:id="seg-r537" anchors="1413 1416"/>
    <region xml:id="seg-r539" anchors="1417 1421"/>
    <region xml:id="seg-r541" anchors="1422 1429"/>
    <region xml:id="seg-r543" anchors="1430 1431"/>
    <region xml:id="seg-r544" anchors="1431 1434"/>
    <region xml:id="seg-r546" anchors="1435 1443"/>
    <region xml:id="seg-r547" anchors="1443 1444"/>
    <region xml:id="seg-r548" anchors="1444 1445"/>
    <region xml:id="seg-r550" anchors="1446 1450"/>
    <region xml:id="seg-r552" anchors="1451 1455"/>
    <region xml:id="seg-r554" anchors="1456 1460"/>
    <region xml:id="seg-r556" anchors="1461 1467"/>
    <region xml:id="seg-r558" anchors="1468 1472"/>
    <region xml:id="seg-r560" anchors="1473 1475"/>
    <region xml:id="seg-r562" anchors="1476 1480"/>
    <region xml:id="seg-r563" anchors="1480 1481"/>
    <region xml:id="seg-r565" anchors="1482 1484"/>
    <region xml:id="seg-r567" anchors="1485 1487"/>
    <region xml:id="seg-r568" anchors="1487 1489"/>
    <region xml:id="seg-r570" anchors="1490 1493"/>
    <region xml:id="seg-r572" anchors="1494 1498"/>
    <region xml:id="seg-r574" anchors="1499 1500"/>
    <region xml:id="seg-r576" anchors="1501 1507"/>
    <region xml:id="seg-r578" anchors="1508 1510"/>
    <region xml:id="seg-r580" anchors="1511 1518"/>
    <region xml:id="seg-r582" anchors="1519 1523"/>
    <region xml:id="seg-r584" anchors="1524 1526"/>
    <region xml:id="seg-r586" anchors="1527 1531"/>
    <region xml:id="seg-r588" anchors="1532 1535"/>
    <region xml:id="seg-r590" anchors="1536 1539"/>
    <region xml:id="seg-r592" anchors="1540 1547"/>
    <region xml:id="seg-r594" anchors="1548 1562"/>
    <region xml:id="seg-r595" anchors="1562 1563"/>
    <region xml:id="seg-r597" anchors="1564 1566"/>
    <region xml:id="seg-r598" anchors="1566 1568"/>
    <region xml:id="seg-r600" anchors="1569 1576"/>
    <region xml:id="seg-r602" anchors="1577 1581"/>
    <region xml:id="seg-r604" anchors="1582 1583"/>
    <region xml:id="seg-r605" anchors="1583 1586"/>
    <region xml:id="seg-r607" anchors="1587 1592"/>
    <region xml:id="seg-r608" anchors="1592 1593"/>
    <region xml:id="seg-r610" anchors="1594 1596"/>
    <region xml:id="seg-r612" anchors="1597 1601"/>
    <region xml:id="seg-r614" anchors="1602 1606"/>
    <region xml:id="seg-r616" anchors="1607 1609"/>
    <region xml:id="seg-r617" anchors="1609 1610"/>
    <region xml:id="seg-r619" anchors="1611 1613"/>
    <region xml:id="seg-r621" anchors="1614 1617"/>
    <region xml:id="seg-r623" anchors="1618 1624"/>
    <region xml:id="seg-r625" anchors="1625 1628"/>
    <region xml:id="seg-r627" anchors="1629 1637"/>
    <region xml:id="seg-r629" anchors="1638 1643"/>
    <region xml:id="seg-r631" anchors="1644 1647"/>
    <region xml:id="seg-r633" anchors="1648 1652"/>
    <region xml:id="seg-r635" anchors="1653 1658"/>
    <region xml:id="seg-r637" anchors="1659 1661"/>
    <region xml:id="seg-r639" anchors="1662 1666"/>
    <region xml:id="seg-r641" anchors="1667 1671"/>
    <region xml:id="seg-r643" anchors="1672 1674"/>
    <region xml:id="seg-r645" anchors="1675 1677"/>
    <region xml:id="seg-r647" anchors="1678 1682"/>
    <region xml:id="seg-r649" anchors="1683 1685"/>
    <region xml:id="seg-r651" anchors="1686 1693"/>
    <region xml:id="seg-r653" anchors="1694 1702"/>
    <region xml:id="seg-r654" anchors="1702 1703"/>
    <region xml:id="seg-r656" anchors="1704 1712"/>
    <region xml:id="seg-r658" anchors="1713 1721"/>
    <region xml:id="seg-r660" anchors="1722 1728"/>
    <region xml:id="seg-r662" anchors="1729 1737"/>
    <region xml:id="seg-r664" anchors="1738 1740"/>
    <region xml:id="seg-r666" anchors="1741 1747"/>
    <region xml:id="seg-r668" anchors="1748 1757"/>
    <region xml:id="seg-r670" anchors="1758 1763"/>
    <region xml:id="seg-r672" anchors="1764 1767"/>
    <region xml:id="seg-r674" anchors="1768 1769"/>
    <region xml:id="seg-r676" anchors="1770 1774"/>
    <region xml:id="seg-r677" anchors="1774 1775"/>
    <region xml:id="seg-r679" anchors="1777 1779"/>
    <region xml:id="seg-r681" anchors="1780 1783"/>
    <region xml:id="seg-r683" anchors="1784 1788"/>
    <region xml:id="seg-r685" anchors="1789 1792"/>
    <region xml:id="seg-r687" anchors="1793 1800"/>
    <region xml:id="seg-r689" anchors="1801 1806"/>
    <region xml:id="seg-r691" anchors="1807 1810"/>
    <region xml:id="seg-r693" anchors="1811 1815"/>
    <region xml:id="seg-r695" anchors="1816 1822"/>
    <region xml:id="seg-r697" anchors="1823 1827"/>
    <region xml:id="seg-r699" anchors="1828 1830"/>
    <region xml:id="seg-r701" anchors="1831 1833"/>
    <region xml:id="seg-r703" anchors="1834 1838"/>
    <region xml:id="seg-r705" anchors="1839 1841"/>
    <region xml:id="seg-r707" anchors="1842 1849"/>
    <region xml:id="seg-r709" anchors="1850 1852"/>
    <region xml:id="seg-r711" anchors="1853 1858"/>
    <region xml:id="seg-r713" anchors="1859 1869"/>
    <region xml:id="seg-r715" anchors="1870 1875"/>
    <region xml:id="seg-r717" anchors="1876 1877"/>
    <region xml:id="seg-r719" anchors="1878 1887"/>
    <region xml:id="seg-r721" anchors="1888 1891"/>
    <region xml:id="seg-r723" anchors="1892 1899"/>
    <region xml:id="seg-r725" anchors="1900 1901"/>
    <region xml:id="seg-r727" anchors="1902 1903"/>
    <region xml:id="seg-r729" anchors="1904 1909"/>
    <region xml:id="seg-r731" anchors="1910 1915"/>
    <region xml:id="seg-r733" anchors="1916 1919"/>
    <region xml:id="seg-r735" anchors="1920 1923"/>
    <region xml:id="seg-r737" anchors="1924 1925"/>
    <region xml:id="seg-r738" anchors="1925 1928"/>
    <region xml:id="seg-r740" anchors="1929 1932"/>
    <region xml:id="seg-r741" anchors="1932 1933"/>
    <region xml:id="seg-r743" anchors="1934 1937"/>
    <region xml:id="seg-r745" anchors="1938 1940"/>
    <region xml:id="seg-r747" anchors="1941 1946"/>
    <region xml:id="seg-r748" anchors="1946 1947"/>
    <region xml:id="seg-r750" anchors="1948 1951"/>
    <region xml:id="seg-r752" anchors="1952 1956"/>
    <region xml:id="seg-r754" anchors="1957 1959"/>
    <region xml:id="seg-r756" anchors="1960 1971"/>
    <region xml:id="seg-r758" anchors="1972 1976"/>
    <region xml:id="seg-r760" anchors="1977 1985"/>
    <region xml:id="seg-r762" anchors="1986 1992"/>
    <region xml:id="seg-r764" anchors="1993 2000"/>
    <region xml:id="seg-r766" anchors="2001 2006"/>
    <region xml:id="seg-r768" anchors="2007 2009"/>
    <region xml:id="seg-r770" anchors="2010 2017"/>
    <region xml:id="seg-r772" anchors="2018 2025"/>
    <region xml:id="seg-r773" anchors="2025 2026"/>
    <region xml:id="seg-r775" anchors="2027 2028"/>
    <region xml:id="seg-r777" anchors="2029 2042"/>
    <region xml:id="seg-r779" anchors="2043 2047"/>
    <region xml:id="seg-r781" anchors="2048 2051"/>
    <region xml:id="seg-r783" anchors="2052 2054"/>
    <region xml:id="seg-r785" anchors="2055 2062"/>
    <region xml:id="seg-r787" anchors="2063 2069"/>
    <region xml:id="seg-r789" anchors="2070 2073"/>
    <region xml:id="seg-r791" anchors="2074 2082"/>
    <region xml:id="seg-r793" anchors="2083 2084"/>
    <region xml:id="seg-r794" anchors="2084 2089"/>
    <region xml:id="seg-r796" anchors="2090 2095"/>
    <region xml:id="seg-r798" anchors="2096 2098"/>
    <region xml:id="seg-r800" anchors="2099 2106"/>
    <region xml:id="seg-r801" anchors="2106 2107"/>
    <region xml:id="seg-r803" anchors="2108 2114"/>
    <region xml:id="seg-r805" anchors="2115 2117"/>
    <region xml:id="seg-r807" anchors="2118 2122"/>
    <region xml:id="seg-r809" anchors="2123 2128"/>
    <region xml:id="seg-r810" anchors="2128 2129"/>
    <region xml:id="seg-r812" anchors="2130 2133"/>
    <region xml:id="seg-r814" anchors="2134 2143"/>
    <region xml:id="seg-r816" anchors="2144 2145"/>
    <region xml:id="seg-r817" anchors="2145 2151"/>
    <region xml:id="seg-r818" anchors="2151 2152"/>
    <region xml:id="seg-r820" anchors="2153 2159"/>
    <region xml:id="seg-r821" anchors="2159 2160"/>
    <region xml:id="seg-r823" anchors="2161 2167"/>
    <region xml:id="seg-r824" anchors="2167 2171"/>
    <region xml:id="seg-r826" anchors="2172 2175"/>
    <region xml:id="seg-r828" anchors="2176 2180"/>
    <region xml:id="seg-r830" anchors="2181 2184"/>
    <region xml:id="seg-r832" anchors="2185 2191"/>
    <region xml:id="seg-r834" anchors="2192 2199"/>
    <region xml:id="seg-r836" anchors="2200 2202"/>
    <region xml:id="seg-r838" anchors="2203 2206"/>
    <region xml:id="seg-r840" anchors="2207 2214"/>
    <region xml:id="seg-r841" anchors="2214 2215"/>
    <region xml:id="seg-r843" anchors="2216 2218"/>
    <region xml:id="seg-r845" anchors="2219 2223"/>
    <region xml:id="seg-r847" anchors="2224 2228"/>
    <region xml:id="seg-r849" anchors="2229 2231"/>
    <region xml:id="seg-r851" anchors="2232 2238"/>
    <region xml:id="seg-r853" anchors="2239 2244"/>
    <region xml:id="seg-r855" anchors="2245 2247"/>
    <region xml:id="seg-r857" anchors="2248 2251"/>
    <region xml:id="seg-r859" anchors="2252 2256"/>
    <region xml:id="seg-r861" anchors="2257 2259"/>
    <region xml:id="seg-r863" anchors="2260 2266"/>
    <region xml:id="seg-r865" anchors="2267 2269"/>
    <region xml:id="seg-r867" anchors="2270 2274"/>
    <region xml:id="seg-r869" anchors="2275 2279"/>
    <region xml:id="seg-r871" anchors="2280 2281"/>
    <region xml:id="seg-r873" anchors="2282 2287"/>
    <region xml:id="seg-r875" anchors="2288 2294"/>
    <region xml:id="seg-r877" anchors="2295 2301"/>
    <region xml:id="seg-r879" anchors="2302 2308"/>
    <region xml:id="seg-r881" anchors="2309 2314"/>
    <region xml:id="seg-r883" anchors="2315 2319"/>
    <region xml:id="seg-r885" anchors="2320 2324"/>
    <region xml:id="seg-r887" anchors="2325 2329"/>
    <region xml:id="seg-r888" anchors="2329 2330"/>
    <region xml:id="seg-r890" anchors="2331 2334"/>
    <region xml:id="seg-r892" anchors="2335 2336"/>
    <region xml:id="seg-r894" anchors="2337 2342"/>
    <region xml:id="seg-r896" anchors="2343 2348"/>
    <region xml:id="seg-r898" anchors="2349 2354"/>
    <region xml:id="seg-r900" anchors="2355 2370"/>
    <region xml:id="seg-r902" anchors="2371 2378"/>
    <region xml:id="seg-r904" anchors="2379 2381"/>
    <region xml:id="seg-r906" anchors="2382 2386"/>
    <region xml:id="seg-r908" anchors="2387 2389"/>
    <region xml:id="seg-r909" anchors="2389 2392"/>
    <region xml:id="seg-r910" anchors="2392 2393"/>
    <region xml:id="seg-r912" anchors="2394 2397"/>
    <region xml:id="seg-r914" anchors="2398 2403"/>
    <region xml:id="seg-r915" anchors="2403 2404"/>
    <region xml:id="seg-r917" anchors="2406 2409"/>
    <region xml:id="seg-r919" anchors="2410 2413"/>
    <region xml:id="seg-r921" anchors="2414 2417"/>
    <region xml:id="seg-r923" anchors="2418 2420"/>
    <region xml:id="seg-r925" anchors="2421 2423"/>
    <region xml:id="seg-r927" anchors="2424 2428"/>
    <region xml:id="seg-r929" anchors="2429 2432"/>
    <region xml:id="seg-r931" anchors="2433 2436"/>
    <region xml:id="seg-r933" anchors="2437 2441"/>
    <region xml:id="seg-r935" anchors="2442 2445"/>
    <region xml:id="seg-r937" anchors="2446 2450"/>
    <region xml:id="seg-r939" anchors="2451 2455"/>
    <region xml:id="seg-r941" anchors="2456 2459"/>
    <region xml:id="seg-r943" anchors="2460 2464"/>
    <region xml:id="seg-r944" anchors="2464 2465"/>
    <region xml:id="seg-r946" anchors="2466 2469"/>
    <region xml:id="seg-r948" anchors="2470 2474"/>
    <region xml:id="seg-r950" anchors="2475 2479"/>
    <region xml:id="seg-r952" anchors="2480 2481"/>
    <region xml:id="seg-r954" anchors="2482 2485"/>
    <region xml:id="seg-r955" anchors="2485 2486"/>
    <region xml:id="seg-r957" anchors="2487 2490"/>
    <region xml:id="seg-r959" anchors="2491 2499"/>
    <region xml:id="seg-r960" anchors="2499 2500"/>
    <region xml:id="seg-r962" anchors="2501 2503"/>
    <region xml:id="seg-r964" anchors="2504 2507"/>
    <region xml:id="seg-r966" anchors="2508 2515"/>
    <region xml:id="seg-r968" anchors="2516 2520"/>
    <region xml:id="seg-r970" anchors="2521 2526"/>
    <region xml:id="seg-r972" anchors="2527 2528"/>
    <region xml:id="seg-r974" anchors="2529 2532"/>
    <region xml:id="seg-r975" anchors="2532 2533"/>
    <region xml:id="seg-r977" anchors="2534 2535"/>
    <region xml:id="seg-r979" anchors="2536 2541"/>
    <region xml:id="seg-r981" anchors="2542 2544"/>
    <region xml:id="seg-r983" anchors="2545 2550"/>
    <region xml:id="seg-r985" anchors="2551 2553"/>
    <region xml:id="seg-r987" anchors="2554 2563"/>
    <region xml:id="seg-r989" anchors="2564 2566"/>
    <region xml:id="seg-r991" anchors="2567 2571"/>
    <region xml:id="seg-r993" anchors="2572 2573"/>
    <region xml:id="seg-r995" anchors="2574 2578"/>
    <region xml:id="seg-r997" anchors="2579 2583"/>
    <region xml:id="seg-r999" anchors="2584 2587"/>
    <region xml:id="seg-r1001" anchors="2588 2592"/>
    <region xml:id="seg-r1003" anchors="2593 2595"/>
    <region xml:id="seg-r1005" anchors="2596 2601"/>
    <region xml:id="seg-r1007" anchors="2602 2604"/>
    <region xml:id="seg-r1009" anchors="2605 2607"/>
    <region xml:id="seg-r1011" anchors="2608 2612"/>
    <region xml:id="seg-r1013" anchors="2613 2616"/>
    <region xml:id="seg-r1015" anchors="2617 2619"/>
    <region xml:id="seg-r1017" anchors="2620 2625"/>
    <region xml:id="seg-r1019" anchors="2626 2630"/>
    <region xml:id="seg-r1021" anchors="2631 2641"/>
    <region xml:id="seg-r1023" anchors="2642 2648"/>
    <region xml:id="seg-r1025" anchors="2649 2653"/>
    <region xml:id="seg-r1027" anchors="2654 2655"/>
    <region xml:id="seg-r1029" anchors="2656 2661"/>
    <region xml:id="seg-r1031" anchors="2662 2664"/>
    <region xml:id="seg-r1033" anchors="2665 2673"/>
    <region xml:id="seg-r1035" anchors="2674 2684"/>
    <region xml:id="seg-r1037" anchors="2685 2688"/>
    <region xml:id="seg-r1039" anchors="2689 2694"/>
    <region xml:id="seg-r1040" anchors="2694 2695"/>
    <region xml:id="seg-r1042" anchors="2696 2701"/>
    <region xml:id="seg-r1044" anchors="2702 2707"/>
    <region xml:id="seg-r1045" anchors="2707 2708"/>
    <region xml:id="seg-r1047" anchors="2709 2711"/>
    <region xml:id="seg-r1048" anchors="2711 2712"/>
    <region xml:id="seg-r1050" anchors="2713 2719"/>
    <region xml:id="seg-r1051" anchors="2719 2720"/>
    <region xml:id="seg-r1053" anchors="2721 2726"/>
    <region xml:id="seg-r1055" anchors="2727 2732"/>
    <region xml:id="seg-r1056" anchors="2732 2733"/>
    <region xml:id="seg-r1058" anchors="2734 2739"/>
    <region xml:id="seg-r1059" anchors="2739 2740"/>
    <region xml:id="seg-r1061" anchors="2741 2743"/>
    <region xml:id="seg-r1063" anchors="2744 2747"/>
    <region xml:id="seg-r1065" anchors="2748 2751"/>
    <region xml:id="seg-r1066" anchors="2751 2754"/>
    <region xml:id="seg-r1068" anchors="2755 2762"/>
    <region xml:id="seg-r1070" anchors="2763 2765"/>
    <region xml:id="seg-r1072" anchors="2766 2768"/>
    <region xml:id="seg-r1074" anchors="2769 2770"/>
    <region xml:id="seg-r1076" anchors="2771 2773"/>
    <region xml:id="seg-r1078" anchors="2774 2775"/>
    <region xml:id="seg-r1080" anchors="2776 2783"/>
    <region xml:id="seg-r1082" anchors="2784 2794"/>
    <region xml:id="seg-r1084" anchors="2795 2800"/>
    <region xml:id="seg-r1086" anchors="2801 2803"/>
    <region xml:id="seg-r1088" anchors="2804 2809"/>
    <region xml:id="seg-r1090" anchors="2810 2814"/>
    <region xml:id="seg-r1092" anchors="2815 2819"/>
    <region xml:id="seg-r1093" anchors="2819 2822"/>
    <region xml:id="seg-r1095" anchors="2823 2827"/>
    <region xml:id="seg-r1096" anchors="2827 2828"/>
    <region xml:id="seg-r1098" anchors="2829 2832"/>
    <region xml:id="seg-r1100" anchors="2833 2837"/>
    <region xml:id="seg-r1102" anchors="2838 2841"/>
    <region xml:id="seg-r1104" anchors="2842 2844"/>
    <region xml:id="seg-r1106" anchors="2845 2856"/>
    <region xml:id="seg-r1108" anchors="2857 2866"/>
    <region xml:id="seg-r1109" anchors="2866 2867"/>
    <region xml:id="seg-r1111" anchors="2868 2871"/>
    <region xml:id="seg-r1113" anchors="2872 2876"/>
    <region xml:id="seg-r1115" anchors="2877 2878"/>
    <region xml:id="seg-r1117" anchors="2879 2884"/>
    <region xml:id="seg-r1119" anchors="2885 2889"/>
    <region xml:id="seg-r1120" anchors="2889 2892"/>
    <region xml:id="seg-r1122" anchors="2893 2897"/>
    <region xml:id="seg-r1124" anchors="2898 2905"/>
    <region xml:id="seg-r1126" anchors="2906 2909"/>
    <region xml:id="seg-r1128" anchors="2910 2911"/>
    <region xml:id="seg-r1130" anchors="2912 2915"/>
    <region xml:id="seg-r1132" anchors="2916 2920"/>
    <region xml:id="seg-r1134" anchors="2921 2923"/>
    <region xml:id="seg-r1136" anchors="2924 2929"/>
    <region xml:id="seg-r1138" anchors="2930 2934"/>
    <region xml:id="seg-r1140" anchors="2935 2937"/>
    <region xml:id="seg-r1142" anchors="2938 2941"/>
    <region xml:id="seg-r1144" anchors="2942 2952"/>
    <region xml:id="seg-r1145" anchors="2952 2953"/>
    <region xml:id="seg-r1147" anchors="2954 2964"/>
    <region xml:id="seg-r1148" anchors="2964 2965"/>
    <region xml:id="seg-r1150" anchors="2966 2975"/>
    <region xml:id="seg-r1151" anchors="2975 2976"/>
    <region xml:id="seg-r1153" anchors="2977 2984"/>
    <region xml:id="seg-r1154" anchors="2984 2985"/>
    <region xml:id="seg-r1156" anchors="2986 2988"/>
    <region xml:id="seg-r1158" anchors="2989 2994"/>
    <region xml:id="seg-r1159" anchors="2994 2995"/>
    <region xml:id="seg-r1161" anchors="2996 3000"/>
    <region xml:id="seg-r1163" anchors="3001 3004"/>
    <region xml:id="seg-r1165" anchors="3005 3009"/>
    <region xml:id="seg-r1167" anchors="3010 3012"/>
    <region xml:id="seg-r1169" anchors="3013 3022"/>
    <region xml:id="seg-r1171" anchors="3023 3028"/>
    <region xml:id="seg-r1173" anchors="3029 3038"/>
    <region xml:id="seg-r1175" anchors="3039 3044"/>
    <region xml:id="seg-r1177" anchors="3045 3047"/>
    <region xml:id="seg-r1179" anchors="3048 3050"/>
    <region xml:id="seg-r1181" anchors="3051 3055"/>
    <region xml:id="seg-r1183" anchors="3056 3063"/>
    <region xml:id="seg-r1184" anchors="3063 3064"/>
    <region xml:id="seg-r1186" anchors="3065 3068"/>
    <region xml:id="seg-r1188" anchors="3069 3072"/>
    <region xml:id="seg-r1190" anchors="3073 3077"/>
    <region xml:id="seg-r1192" anchors="3078 3082"/>
    <region xml:id="seg-r1194" anchors="3083 3089"/>
    <region xml:id="seg-r1196" anchors="3090 3092"/>
    <region xml:id="seg-r1198" anchors="3093 3106"/>
    <region xml:id="seg-r1200" anchors="3107 3111"/>
    <region xml:id="seg-r1202" anchors="3112 3114"/>
    <region xml:id="seg-r1204" anchors="3115 3120"/>
    <region xml:id="seg-r1206" anchors="3121 3126"/>
    <region xml:id="seg-r1208" anchors="3127 3131"/>
    <region xml:id="seg-r1210" anchors="3132 3134"/>
    <region xml:id="seg-r1212" anchors="3135 3140"/>
    <region xml:id="seg-r1214" anchors="3141 3148"/>
    <region xml:id="seg-r1215" anchors="3148 3149"/>
    <region xml:id="seg-r1217" anchors="3150 3151"/>
    <region xml:id="seg-r1219" anchors="3152 3155"/>
    <region xml:id="seg-r1221" anchors="3156 3164"/>
    <region xml:id="seg-r1223" anchors="3165 3169"/>
    <region xml:id="seg-r1225" anchors="3170 3179"/>
    <region xml:id="seg-r1227" anchors="3180 3182"/>
    <region xml:id="seg-r1229" anchors="3183 3188"/>
    <region xml:id="seg-r1231" anchors="3189 3191"/>
    <region xml:id="seg-r1233" anchors="3192 3196"/>
    <region xml:id="seg-r1234" anchors="3196 3197"/>
    <region xml:id="seg-r1236" anchors="3198 3206"/>
    <region xml:id="seg-r1238" anchors="3207 3209"/>
    <region xml:id="seg-r1240" anchors="3210 3213"/>
    <region xml:id="seg-r1242" anchors="3214 3216"/>
    <region xml:id="seg-r1244" anchors="3217 3230"/>
    <region xml:id="seg-r1246" anchors="3231 3234"/>
    <region xml:id="seg-r1248" anchors="3235 3242"/>
    <region xml:id="seg-r1250" anchors="3243 3247"/>
    <region xml:id="seg-r1252" anchors="3248 3253"/>
    <region xml:id="seg-r1254" anchors="3254 3260"/>
    <region xml:id="seg-r1256" anchors="3261 3263"/>
    <region xml:id="seg-r1258" anchors="3264 3274"/>
    <region xml:id="seg-r1260" anchors="3275 3283"/>
    <region xml:id="seg-r1262" anchors="3284 3288"/>
    <region xml:id="seg-r1264" anchors="3289 3293"/>
    <region xml:id="seg-r1266" anchors="3294 3300"/>
    <region xml:id="seg-r1268" anchors="3301 3305"/>
    <region xml:id="seg-r1270" anchors="3306 3313"/>
    <region xml:id="seg-r1271" anchors="3313 3314"/>
    <region xml:id="seg-r1273" anchors="3315 3318"/>
    <region xml:id="seg-r1275" anchors="3319 3323"/>
    <region xml:id="seg-r1277" anchors="3324 3330"/>
    <region xml:id="seg-r1279" anchors="3331 3333"/>
    <region xml:id="seg-r1281" anchors="3334 3337"/>
    <region xml:id="seg-r1283" anchors="3338 3344"/>
    <region xml:id="seg-r1285" anchors="3345 3349"/>
    <region xml:id="seg-r1287" anchors="3350 3354"/>
    <region xml:id="seg-r1289" anchors="3355 3365"/>
    <region xml:id="seg-r1291" anchors="3366 3375"/>
    <region xml:id="seg-r1293" anchors="3376 3380"/>
    <region xml:id="seg-r1295" anchors="3381 3385"/>
    <region xml:id="seg-r1297" anchors="3386 3387"/>
    <region xml:id="seg-r1299" anchors="3388 3391"/>
    <region xml:id="seg-r1301" anchors="3392 3397"/>
    <region xml:id="seg-r1303" anchors="3398 3402"/>
    <region xml:id="seg-r1305" anchors="3403 3407"/>
    <region xml:id="seg-r1307" anchors="3408 3413"/>
    <region xml:id="seg-r1309" anchors="3414 3417"/>
    <region xml:id="seg-r1311" anchors="3418 3424"/>
    <region xml:id="seg-r1313" anchors="3425 3429"/>
    <region xml:id="seg-r1315" anchors="3430 3433"/>
    <region xml:id="seg-r1317" anchors="3434 3435"/>
    <region xml:id="seg-r1318" anchors="3435 3441"/>
    <region xml:id="seg-r1320" anchors="3442 3445"/>
    <region xml:id="seg-r1322" anchors="3446 3449"/>
    <region xml:id="seg-r1323" anchors="3449 3450"/>
    <region xml:id="seg-r1325" anchors="3451 3455"/>
    <region xml:id="seg-r1327" anchors="3456 3457"/>
    <region xml:id="seg-r1329" anchors="3458 3468"/>
    <region xml:id="seg-r1330" anchors="3468 3469"/>
    <region xml:id="seg-r1332" anchors="3470 3471"/>
    <region xml:id="seg-r1333" anchors="3471 3473"/>
    <region xml:id="seg-r1335" anchors="3474 3481"/>
    <region xml:id="seg-r1337" anchors="3482 3485"/>
    <region xml:id="seg-r1339" anchors="3486 3493"/>
    <region xml:id="seg-r1341" anchors="3494 3496"/>
    <region xml:id="seg-r1343" anchors="3497 3501"/>
    <region xml:id="seg-r1345" anchors="3502 3508"/>
    <region xml:id="seg-r1347" anchors="3509 3516"/>
    <region xml:id="seg-r1349" anchors="3517 3519"/>
    <region xml:id="seg-r1351" anchors="3520 3525"/>
    <region xml:id="seg-r1353" anchors="3526 3534"/>
    <region xml:id="seg-r1354" anchors="3534 3535"/>
    <region xml:id="seg-r1356" anchors="3536 3539"/>
    <region xml:id="seg-r1357" anchors="3539 3540"/>
    <region xml:id="seg-r1359" anchors="3541 3543"/>
    <region xml:id="seg-r1361" anchors="3544 3548"/>
    <region xml:id="seg-r1363" anchors="3549 3552"/>
    <region xml:id="seg-r1365" anchors="3553 3557"/>
    <region xml:id="seg-r1367" anchors="3558 3564"/>
    <region xml:id="seg-r1369" anchors="3565 3568"/>
    <region xml:id="seg-r1371" anchors="3569 3576"/>
    <region xml:id="seg-r1373" anchors="3577 3578"/>
    <region xml:id="seg-r1375" anchors="3579 3587"/>
    <region xml:id="seg-r1377" anchors="3588 3590"/>
    <region xml:id="seg-r1379" anchors="3591 3599"/>
    <region xml:id="seg-r1380" anchors="3599 3600"/>
    <region xml:id="seg-r1382" anchors="3601 3605"/>
    <region xml:id="seg-r1384" anchors="3606 3610"/>
    <region xml:id="seg-r1386" anchors="3611 3614"/>
    <region xml:id="seg-r1388" anchors="3615 3623"/>
    <region xml:id="seg-r1390" anchors="3624 3626"/>
    <region xml:id="seg-r1392" anchors="3627 3628"/>
    <region xml:id="seg-r1394" anchors="3629 3635"/>
    <region xml:id="seg-r1396" anchors="3636 3640"/>
    <region xml:id="seg-r1398" anchors="3641 3643"/>
    <region xml:id="seg-r1400" anchors="3644 3649"/>
    <region xml:id="seg-r1402" anchors="3650 3659"/>
    <region xml:id="seg-r1404" anchors="3660 3661"/>
    <region xml:id="seg-r1406" anchors="3662 3666"/>
    <region xml:id="seg-r1408" anchors="3667 3671"/>
    <region xml:id="seg-r1410" anchors="3672 3675"/>
    <region xml:id="seg-r1412" anchors="3676 3680"/>
    <region xml:id="seg-r1414" anchors="3681 3685"/>
    <region xml:id="seg-r1416" anchors="3686 3689"/>
    <region xml:id="seg-r1418" anchors="3690 3693"/>
    <region xml:id="seg-r1419" anchors="3693 3694"/>
    <region xml:id="seg-r1421" anchors="3698 3699"/>
    <region xml:id="seg-r1423" anchors="3700 3708"/>
    <region xml:id="seg-r1425" anchors="3710 3717"/>
    <region xml:id="seg-r1427" anchors="3718 3723"/>
    <region xml:id="seg-r1429" anchors="3724 3728"/>
    <region xml:id="seg-r1430" anchors="3728 3729"/>
    <region xml:id="seg-r1432" anchors="3730 3734"/>
    <region xml:id="seg-r1434" anchors="3735 3737"/>
    <region xml:id="seg-r1435" anchors="3737 3738"/>
    <region xml:id="seg-r1437" anchors="3739 3743"/>
    <region xml:id="seg-r1439" anchors="3744 3746"/>
    <region xml:id="seg-r1441" anchors="3747 3751"/>
    <region xml:id="seg-r1443" anchors="3752 3754"/>
    <region xml:id="seg-r1445" anchors="3755 3756"/>
    <region xml:id="seg-r1447" anchors="3757 3759"/>
    <region xml:id="seg-r1448" anchors="3759 3762"/>
    <region xml:id="seg-r1450" anchors="3763 3767"/>
    <region xml:id="seg-r1452" anchors="3768 3773"/>
    <region xml:id="seg-r1454" anchors="3774 3780"/>
    <region xml:id="seg-r1456" anchors="3781 3788"/>
    <region xml:id="seg-r1458" anchors="3789 3791"/>
    <region xml:id="seg-r1460" anchors="3792 3797"/>
    <region xml:id="seg-r1462" anchors="3798 3806"/>
    <region xml:id="seg-r1463" anchors="3806 3807"/>
    <region xml:id="seg-r1465" anchors="3808 3811"/>
    <region xml:id="seg-r1467" anchors="3812 3817"/>
    <region xml:id="seg-r1469" anchors="3818 3820"/>
    <region xml:id="seg-r1471" anchors="3821 3822"/>
    <region xml:id="seg-r1473" anchors="3823 3827"/>
    <region xml:id="seg-r1475" anchors="3828 3833"/>
    <region xml:id="seg-r1477" anchors="3834 3837"/>
    <region xml:id="seg-r1479" anchors="3838 3841"/>
    <region xml:id="seg-r1481" anchors="3842 3846"/>
    <region xml:id="seg-r1483" anchors="3847 3849"/>
    <region xml:id="seg-r1485" anchors="3850 3856"/>
    <region xml:id="seg-r1487" anchors="3857 3864"/>
    <region xml:id="seg-r1488" anchors="3864 3865"/>
    <region xml:id="seg-r1490" anchors="3866 3872"/>
    <region xml:id="seg-r1491" anchors="3872 3873"/>
    <region xml:id="seg-r1493" anchors="3874 3881"/>
    <region xml:id="seg-r1494" anchors="3881 3882"/>
    <region xml:id="seg-r1496" anchors="3883 3886"/>
    <region xml:id="seg-r1498" anchors="3887 3890"/>
    <region xml:id="seg-r1500" anchors="3891 3901"/>
    <region xml:id="seg-r1501" anchors="3901 3902"/>
    <region xml:id="seg-r1503" anchors="3903 3909"/>
    <region xml:id="seg-r1505" anchors="3910 3915"/>
    <region xml:id="seg-r1507" anchors="3916 3923"/>
    <region xml:id="seg-r1508" anchors="3923 3924"/>
    <region xml:id="seg-r1510" anchors="3925 3927"/>
    <region xml:id="seg-r1512" anchors="3928 3933"/>
    <region xml:id="seg-r1514" anchors="3934 3939"/>
    <region xml:id="seg-r1515" anchors="3939 3940"/>
    <region xml:id="seg-r1517" anchors="3941 3943"/>
    <region xml:id="seg-r1519" anchors="3944 3945"/>
    <region xml:id="seg-r1521" anchors="3946 3951"/>
    <region xml:id="seg-r1523" anchors="3952 3954"/>
    <region xml:id="seg-r1524" anchors="3954 3955"/>
    <region xml:id="seg-r1525" anchors="3955 3957"/>
    <region xml:id="seg-r1527" anchors="3958 3964"/>
    <region xml:id="seg-r1529" anchors="3965 3969"/>
    <region xml:id="seg-r1531" anchors="3970 3974"/>
    <region xml:id="seg-r1533" anchors="3975 3978"/>
    <region xml:id="seg-r1535" anchors="3979 3982"/>
    <region xml:id="seg-r1537" anchors="3983 3990"/>
    <region xml:id="seg-r1538" anchors="3990 3991"/>
    <region xml:id="seg-r1540" anchors="3992 3995"/>
    <region xml:id="seg-r1542" anchors="3996 3999"/>
    <region xml:id="seg-r1544" anchors="4000 4004"/>
    <region xml:id="seg-r1546" anchors="4005 4009"/>
    <region xml:id="seg-r1548" anchors="4010 4021"/>
    <region xml:id="seg-r1550" anchors="4022 4024"/>
    <region xml:id="seg-r1552" anchors="4025 4028"/>
    <region xml:id="seg-r1554" anchors="4029 4036"/>
    <region xml:id="seg-r1555" anchors="4036 4037"/>
    <region xml:id="seg-r1557" anchors="4039 4041"/>
    <region xml:id="seg-r1559" anchors="4042 4044"/>
    <region xml:id="seg-r1561" anchors="4045 4049"/>
    <region xml:id="seg-r1563" anchors="4050 4052"/>
    <region xml:id="seg-r1565" anchors="4053 4062"/>
    <region xml:id="seg-r1567" anchors="4063 4070"/>
    <region xml:id="seg-r1568" anchors="4070 4071"/>
    <region xml:id="seg-r1570" anchors="4072 4077"/>
    <region xml:id="seg-r1572" anchors="4078 4082"/>
    <region xml:id="seg-r1574" anchors="4083 4086"/>
    <region xml:id="seg-r1576" anchors="4087 4095"/>
    <region xml:id="seg-r1578" anchors="4096 4097"/>
    <region xml:id="seg-r1579" anchors="4097 4102"/>
    <region xml:id="seg-r1581" anchors="4103 4108"/>
    <region xml:id="seg-r1583" anchors="4109 4114"/>
    <region xml:id="seg-r1584" anchors="4114 4115"/>
    <region xml:id="seg-r1586" anchors="4116 4118"/>
    <region xml:id="seg-r1588" anchors="4119 4122"/>
    <region xml:id="seg-r1590" anchors="4123 4126"/>
    <region xml:id="seg-r1591" anchors="4126 4127"/>
    <region xml:id="seg-r1593" anchors="4128 4133"/>
    <region xml:id="seg-r1595" anchors="4134 4138"/>
    <region xml:id="seg-r1597" anchors="4139 4141"/>
    <region xml:id="seg-r1599" anchors="4142 4146"/>
    <region xml:id="seg-r1601" anchors="4147 4151"/>
    <region xml:id="seg-r1603" anchors="4152 4157"/>
    <region xml:id="seg-r1605" anchors="4158 4162"/>
    <region xml:id="seg-r1607" anchors="4163 4169"/>
    <region xml:id="seg-r1609" anchors="4170 4174"/>
    <region xml:id="seg-r1610" anchors="4174 4175"/>
    <region xml:id="seg-r1612" anchors="4180 4186"/>
    <region xml:id="seg-r1614" anchors="4187 4195"/>
    <region xml:id="seg-r1616" anchors="4196 4200"/>
    <region xml:id="seg-r1617" anchors="4200 4201"/>
    <region xml:id="seg-r1619" anchors="4202 4206"/>
    <region xml:id="seg-r1621" anchors="4207 4209"/>
    <region xml:id="seg-r1622" anchors="4209 4210"/>
    <region xml:id="seg-r1624" anchors="4211 4215"/>
    <region xml:id="seg-r1626" anchors="4216 4218"/>
    <region xml:id="seg-r1628" anchors="4219 4223"/>
    <region xml:id="seg-r1630" anchors="4224 4226"/>
    <region xml:id="seg-r1632" anchors="4227 4237"/>
    <region xml:id="seg-r1634" anchors="4238 4249"/>
    <region xml:id="seg-r1636" anchors="4250 4259"/>
    <region xml:id="seg-r1638" anchors="4260 4267"/>
    <region xml:id="seg-r1640" anchors="4268 4269"/>
    <region xml:id="seg-r1642" anchors="4270 4275"/>
    <region xml:id="seg-r1643" anchors="4275 4276"/>
    <region xml:id="seg-r1645" anchors="4281 4289"/>
    <region xml:id="seg-r1647" anchors="4290 4297"/>
    <region xml:id="seg-r1649" anchors="4298 4302"/>
    <region xml:id="seg-r1650" anchors="4302 4303"/>
    <region xml:id="seg-r1652" anchors="4304 4313"/>
    <region xml:id="seg-r1654" anchors="4314 4316"/>
    <region xml:id="seg-r1655" anchors="4316 4317"/>
    <region xml:id="seg-r1657" anchors="4318 4322"/>
    <region xml:id="seg-r1659" anchors="4323 4325"/>
    <region xml:id="seg-r1661" anchors="4326 4330"/>
    <region xml:id="seg-r1663" anchors="4331 4333"/>
    <region xml:id="seg-r1665" anchors="4335 4336"/>
    <region xml:id="seg-r1667" anchors="4337 4341"/>
    <region xml:id="seg-r1669" anchors="4342 4350"/>
    <region xml:id="seg-r1670" anchors="4350 4351"/>
    <region xml:id="seg-r1672" anchors="4352 4353"/>
    <region xml:id="seg-r1674" anchors="4354 4359"/>
    <region xml:id="seg-r1676" anchors="4360 4363"/>
    <region xml:id="seg-r1678" anchors="4364 4367"/>
    <region xml:id="seg-r1680" anchors="4368 4373"/>
    <region xml:id="seg-r1682" anchors="4374 4377"/>
    <region xml:id="seg-r1684" anchors="4378 4381"/>
    <region xml:id="seg-r1686" anchors="4382 4386"/>
    <region xml:id="seg-r1688" anchors="4387 4389"/>
    <region xml:id="seg-r1690" anchors="4390 4391"/>
    <region xml:id="seg-r1692" anchors="4392 4395"/>
    <region xml:id="seg-r1693" anchors="4395 4398"/>
    <region xml:id="seg-r1695" anchors="4399 4403"/>
    <region xml:id="seg-r1697" anchors="4404 4410"/>
    <region xml:id="seg-r1698" anchors="4410 4412"/>
    <region xml:id="seg-r1699" anchors="4412 4414"/>
    <region xml:id="seg-r1701" anchors="4415 4419"/>
    <region xml:id="seg-r1703" anchors="4420 4422"/>
    <region xml:id="seg-r1705" anchors="4423 4427"/>
    <region xml:id="seg-r1707" anchors="4428 4430"/>
    <region xml:id="seg-r1709" anchors="4431 4435"/>
    <region xml:id="seg-r1711" anchors="4436 4441"/>
    <region xml:id="seg-r1713" anchors="4442 4444"/>
    <region xml:id="seg-r1714" anchors="4444 4445"/>
    <region xml:id="seg-r1716" anchors="4446 4449"/>
    <region xml:id="seg-r1718" anchors="4450 4459"/>
    <region xml:id="seg-r1720" anchors="4460 4466"/>
    <region xml:id="seg-r1722" anchors="4467 4473"/>
    <region xml:id="seg-r1723" anchors="4473 4474"/>
</graph>
