<graph xmlns="http://www.xces.org/ns/GrAF/1.0/" xmlns:graf="http://www.xces.org/ns/GrAF/1.0/">
  <graphHeader>
    <labelsDecl>
      <labelUsage label="body" occurs="1"/>
      <labelUsage label="author" occurs="1"/>
      <labelUsage label="text" occurs="1"/>
      <labelUsage label="a" occurs="17"/>
      <labelUsage label="p" occurs="17"/>
      <labelUsage label="div" occurs="5"/>
      <labelUsage label="hi" occurs="3"/>
      <labelUsage label="cesDoc" occurs="1"/>
      <labelUsage label="head" occurs="4"/>
      <labelUsage label="date" occurs="1"/>
    </labelsDecl>
    <annotationSpaces>
      <annotationSpace as.id="xces"/>
    </annotationSpaces>
  </graphHeader>
  <region xml:id="logical-r0" anchors="0 4482"/>
  <node xml:id="logical-n0">
    <link targets="logical-r0"/>
  </node>
  <a xml:id="logical-N65605" label="cesDoc" ref="logical-n0" as="xces">
    <fs>
      <f name="xmlns" value="http://www.xces.org/schema/2003"/>
      <f name="version" value="1.0.4"/>
    </fs>
  </a>
  <region xml:id="logical-r1" anchors="1 4481"/>
  <node xml:id="logical-n1">
    <link targets="logical-r1"/>
  </node>
  <a xml:id="logical-N65633" label="text" ref="logical-n1" as="xces"/>
  <region xml:id="logical-r2" anchors="2 4479"/>
  <node xml:id="logical-n2">
    <link targets="logical-r2"/>
  </node>
  <a xml:id="logical-N65649" label="body" ref="logical-n2" as="xces"/>
  <region xml:id="logical-r3" anchors="3 34"/>
  <node xml:id="logical-n3">
    <link targets="logical-r3"/>
  </node>
  <a xml:id="logical-N65665" label="head" ref="logical-n3" as="xces">
    <fs>
      <f name="type" value="title"/>
    </fs>
  </a>
  <region xml:id="logical-r4" anchors="35 3695"/>
  <node xml:id="logical-n4">
    <link targets="logical-r4"/>
  </node>
  <a xml:id="logical-N65689" label="div" ref="logical-n4" as="xces">
    <fs>
      <f name="type" value="post"/>
    </fs>
  </a>
  <region xml:id="logical-r5" anchors="36 79"/>
  <node xml:id="logical-n5">
    <link targets="logical-r5"/>
  </node>
  <a xml:id="logical-N65713" label="head" ref="logical-n5" as="xces">
    <fs>
      <f name="type" value="title"/>
    </fs>
  </a>
  <region xml:id="logical-r6" anchors="80 91"/>
  <node xml:id="logical-n6">
    <link targets="logical-r6"/>
  </node>
  <a xml:id="logical-N65737" label="date" ref="logical-n6" as="xces"/>
  <region xml:id="logical-r7" anchors="92 99"/>
  <node xml:id="logical-n7">
    <link targets="logical-r7"/>
  </node>
  <a xml:id="logical-N65753" label="author" ref="logical-n7" as="xces"/>
  <region xml:id="logical-r8" anchors="100 138"/>
  <node xml:id="logical-n8">
    <link targets="logical-r8"/>
  </node>
  <a xml:id="logical-N65769" label="p" ref="logical-n8" as="xces"/>
  <region xml:id="logical-r9" anchors="139 767"/>
  <node xml:id="logical-n9">
    <link targets="logical-r9"/>
  </node>
  <a xml:id="logical-N65785" label="p" ref="logical-n9" as="xces"/>
  <region xml:id="logical-r10" anchors="342 360"/>
  <node xml:id="logical-n10">
    <link targets="logical-r10"/>
  </node>
  <a xml:id="logical-N65801" label="a" ref="logical-n10" as="xces">
    <fs>
      <f name="href" value="http://www.imdb.com/title/tt0079489/"/>
    </fs>
  </a>
  <region xml:id="logical-r11" anchors="385 394"/>
  <node xml:id="logical-n11">
    <link targets="logical-r11"/>
  </node>
  <a xml:id="logical-N65825" label="a" ref="logical-n11" as="xces">
    <fs>
      <f name="href" value="http://en.wikipedia.org/wiki/Anne_rice"/>
    </fs>
  </a>
  <region xml:id="logical-r12" anchors="452 478"/>
  <node xml:id="logical-n12">
    <link targets="logical-r12"/>
  </node>
  <a xml:id="logical-N65849" label="a" ref="logical-n12" as="xces">
    <fs>
      <f name="href" value="http://en.wikipedia.org/wiki/Interview_with_the_Vampire"/>
    </fs>
  </a>
  <region xml:id="logical-r13" anchors="591 617"/>
  <node xml:id="logical-n13">
    <link targets="logical-r13"/>
  </node>
  <a xml:id="logical-N65873" label="a" ref="logical-n13" as="xces">
    <fs>
      <f name="href" value="http://en.wikipedia.org/wiki/Interview_with_the_Vampire:_The_Vampire_Chronicles"/>
    </fs>
  </a>
  <region xml:id="logical-r14" anchors="693 698"/>
  <node xml:id="logical-n14">
    <link targets="logical-r14"/>
  </node>
  <a xml:id="logical-N65897" label="a" ref="logical-n14" as="xces">
    <fs>
      <f name="href" value="http://www.imdb.com/title/tt0120611/"/>
    </fs>
  </a>
  <region xml:id="logical-r15" anchors="728 736"/>
  <node xml:id="logical-n15">
    <link targets="logical-r15"/>
  </node>
  <a xml:id="logical-N65921" label="a" ref="logical-n15" as="xces">
    <fs>
      <f name="href" value="http://bellaandedward.com/"/>
    </fs>
  </a>
  <region xml:id="logical-r16" anchors="745 748"/>
  <node xml:id="logical-n16">
    <link targets="logical-r16"/>
  </node>
  <a xml:id="logical-N65945" label="hi" ref="logical-n16" as="xces">
    <fs>
      <f name="type" value="italic"/>
    </fs>
  </a>
  <region xml:id="logical-r17" anchors="768 1180"/>
  <node xml:id="logical-n17">
    <link targets="logical-r17"/>
  </node>
  <a xml:id="logical-N65969" label="p" ref="logical-n17" as="xces"/>
  <region xml:id="logical-r18" anchors="819 833"/>
  <node xml:id="logical-n18">
    <link targets="logical-r18"/>
  </node>
  <a xml:id="logical-N65985" label="a" ref="logical-n18" as="xces">
    <fs>
      <f name="href" value="http://www.imdb.com/title/tt0088708/"/>
    </fs>
  </a>
  <region xml:id="logical-r19" anchors="882 901"/>
  <node xml:id="logical-n19">
    <link targets="logical-r19"/>
  </node>
  <a xml:id="logical-N66009" label="a" ref="logical-n19" as="xces">
    <fs>
      <f name="href" value="http://www.imdb.com/title/tt0118708/"/>
    </fs>
  </a>
  <region xml:id="logical-r20" anchors="1020 1046"/>
  <node xml:id="logical-n20">
    <link targets="logical-r20"/>
  </node>
  <a xml:id="logical-N66033" label="a" ref="logical-n20" as="xces">
    <fs>
      <f name="href" value="http://www.twellow.com/search?q=ninja&amp;search_cat="/>
    </fs>
  </a>
  <region xml:id="logical-r21" anchors="1126 1139"/>
  <node xml:id="logical-n21">
    <link targets="logical-r21"/>
  </node>
  <a xml:id="logical-N66057" label="a" ref="logical-n21" as="xces">
    <fs>
      <f name="href" value="http://g4tv.com/ninjawarrior/"/>
    </fs>
  </a>
  <region xml:id="logical-r22" anchors="1181 1481"/>
  <node xml:id="logical-n22">
    <link targets="logical-r22"/>
  </node>
  <a xml:id="logical-N66081" label="p" ref="logical-n22" as="xces"/>
  <region xml:id="logical-r23" anchors="1219 1247"/>
  <node xml:id="logical-n23">
    <link targets="logical-r23"/>
  </node>
  <a xml:id="logical-N66097" label="a" ref="logical-n23" as="xces">
    <fs>
      <f name="href" value="http://www.imdb.com/title/tt0449088/"/>
    </fs>
  </a>
  <region xml:id="logical-r24" anchors="1351 1358"/>
  <node xml:id="logical-n24">
    <link targets="logical-r24"/>
  </node>
  <a xml:id="logical-N66121" label="a" ref="logical-n24" as="xces">
    <fs>
      <f name="href" value="http://www.imdb.com/title/tt0477457/"/>
    </fs>
  </a>
  <region xml:id="logical-r25" anchors="1482 1902"/>
  <node xml:id="logical-n25">
    <link targets="logical-r25"/>
  </node>
  <a xml:id="logical-N66145" label="p" ref="logical-n25" as="xces"/>
  <region xml:id="logical-r26" anchors="1850 1858"/>
  <node xml:id="logical-n26">
    <link targets="logical-r26"/>
  </node>
  <a xml:id="logical-N66161" label="hi" ref="logical-n26" as="xces">
    <fs>
      <f name="type" value="italic"/>
    </fs>
  </a>
  <region xml:id="logical-r27" anchors="1870 1899"/>
  <node xml:id="logical-n27">
    <link targets="logical-r27"/>
  </node>
  <a xml:id="logical-N66185" label="a" ref="logical-n27" as="xces">
    <fs>
      <f name="href" value="http://www.amazon.com/Pride-Prejudice-Zombies-Classic-Ultraviolent/dp/1594743347"/>
    </fs>
  </a>
  <region xml:id="logical-r28" anchors="1902 2481"/>
  <node xml:id="logical-n28">
    <link targets="logical-r28"/>
  </node>
  <a xml:id="logical-N66209" label="p" ref="logical-n28" as="xces"/>
  <region xml:id="logical-r29" anchors="2470 2479"/>
  <node xml:id="logical-n29">
    <link targets="logical-r29"/>
  </node>
  <a xml:id="logical-N66225" label="a" ref="logical-n29" as="xces">
    <fs>
      <f name="href" value="http://www.thebuzzmedia.com/creator-of-wikipedia-fail-fast-fail-often/"/>
    </fs>
  </a>
  <region xml:id="logical-r30" anchors="2482 2500"/>
  <node xml:id="logical-n30">
    <link targets="logical-r30"/>
  </node>
  <a xml:id="logical-N66249" label="head" ref="logical-n30" as="xces">
    <fs>
      <f name="type" value="subtitle"/>
    </fs>
  </a>
  <region xml:id="logical-r31" anchors="2501 2954"/>
  <node xml:id="logical-n31">
    <link targets="logical-r31"/>
  </node>
  <a xml:id="logical-N66273" label="p" ref="logical-n31" as="xces"/>
  <region xml:id="logical-r32" anchors="2954 3455"/>
  <node xml:id="logical-n32">
    <link targets="logical-r32"/>
  </node>
  <a xml:id="logical-N66289" label="p" ref="logical-n32" as="xces"/>
  <region xml:id="logical-r33" anchors="3231 3247"/>
  <node xml:id="logical-n33">
    <link targets="logical-r33"/>
  </node>
  <a xml:id="logical-N66305" label="a" ref="logical-n33" as="xces">
    <fs>
      <f name="href" value="http://io9.com/5595096/the-comic+con-walking-dead-footage-teaser-left-us-hungry-for-more"/>
    </fs>
  </a>
  <region xml:id="logical-r34" anchors="3442 3445"/>
  <node xml:id="logical-n34">
    <link targets="logical-r34"/>
  </node>
  <a xml:id="logical-N66329" label="hi" ref="logical-n34" as="xces">
    <fs>
      <f name="type" value="bold-italic"/>
    </fs>
  </a>
  <region xml:id="logical-r35" anchors="3458 3600"/>
  <node xml:id="logical-n35">
    <link targets="logical-r35"/>
  </node>
  <a xml:id="logical-N66353" label="p" ref="logical-n35" as="xces"/>
  <region xml:id="logical-r36" anchors="3558 3576"/>
  <node xml:id="logical-n36">
    <link targets="logical-r36"/>
  </node>
  <a xml:id="logical-N66369" label="a" ref="logical-n36" as="xces">
    <fs>
      <f name="href" value="http://io9.com/5595665/cowboys-and-aliens-is-the-best-thing-youll-see-next-summer"/>
    </fs>
  </a>
  <region xml:id="logical-r37" anchors="3601 3694"/>
  <node xml:id="logical-n37">
    <link targets="logical-r37"/>
  </node>
  <a xml:id="logical-N66393" label="p" ref="logical-n37" as="xces"/>
  <region xml:id="logical-r38" anchors="3636 3659"/>
  <node xml:id="logical-n38">
    <link targets="logical-r38"/>
  </node>
  <a xml:id="logical-N66409" label="a" ref="logical-n38" as="xces">
    <fs>
      <f name="href" value="http://cultureby.com/2010/07/are-vampires-done-yet.html"/>
    </fs>
  </a>
  <region xml:id="logical-r39" anchors="3697 4478"/>
  <node xml:id="logical-n39">
    <link targets="logical-r39"/>
  </node>
  <a xml:id="logical-N66433" label="div" ref="logical-n39" as="xces">
    <fs>
      <f name="type" value="comments"/>
    </fs>
  </a>
  <region xml:id="logical-r40" anchors="3698 3708"/>
  <node xml:id="logical-n40">
    <link targets="logical-r40"/>
  </node>
  <a xml:id="logical-N66457" label="head" ref="logical-n40" as="xces">
    <fs>
      <f name="type" value="title"/>
    </fs>
  </a>
  <region xml:id="logical-r41" anchors="3709 4176"/>
  <node xml:id="logical-n41">
    <link targets="logical-r41"/>
  </node>
  <a xml:id="logical-N66481" label="div" ref="logical-n41" as="xces">
    <fs>
      <f name="type" value="comment"/>
    </fs>
  </a>
  <region xml:id="logical-r42" anchors="3710 3754"/>
  <node xml:id="logical-n42">
    <link targets="logical-r42"/>
  </node>
  <a xml:id="logical-N66505" label="p" ref="logical-n42" as="xces"/>
  <region xml:id="logical-r43" anchors="3755 4037"/>
  <node xml:id="logical-n43">
    <link targets="logical-r43"/>
  </node>
  <a xml:id="logical-N66521" label="p" ref="logical-n43" as="xces"/>
  <region xml:id="logical-r44" anchors="4039 4175"/>
  <node xml:id="logical-n44">
    <link targets="logical-r44"/>
  </node>
  <a xml:id="logical-N66537" label="p" ref="logical-n44" as="xces"/>
  <region xml:id="logical-r45" anchors="4179 4476"/>
  <node xml:id="logical-n45">
    <link targets="logical-r45"/>
  </node>
  <a xml:id="logical-N66553" label="div" ref="logical-n45" as="xces">
    <fs>
      <f name="type" value="reply"/>
    </fs>
  </a>
  <region xml:id="logical-r46" anchors="4180 4226"/>
  <node xml:id="logical-n46">
    <link targets="logical-r46"/>
  </node>
  <a xml:id="logical-N66577" label="p" ref="logical-n46" as="xces"/>
  <region xml:id="logical-r47" anchors="4227 4276"/>
  <node xml:id="logical-n47">
    <link targets="logical-r47"/>
  </node>
  <a xml:id="logical-N66593" label="p" ref="logical-n47" as="xces"/>
  <region xml:id="logical-r48" anchors="4280 4475"/>
  <node xml:id="logical-n48">
    <link targets="logical-r48"/>
  </node>
  <a xml:id="logical-N66609" label="div" ref="logical-n48" as="xces">
    <fs>
      <f name="type" value="reply"/>
    </fs>
  </a>
  <region xml:id="logical-r49" anchors="4281 4333"/>
  <node xml:id="logical-n49">
    <link targets="logical-r49"/>
  </node>
  <a xml:id="logical-N66633" label="p" ref="logical-n49" as="xces"/>
  <region xml:id="logical-r50" anchors="4335 4474"/>
  <node xml:id="logical-n50">
    <link targets="logical-r50"/>
  </node>
  <a xml:id="logical-N66649" label="p" ref="logical-n50" as="xces"/>
</graph>
