<graph xmlns="http://www.xces.org/ns/GrAF/1.0/" xmlns:graf="http://www.xces.org/ns/GrAF/1.0/">
  <graphHeader>
    <labelsDecl>
      <labelUsage label="Head" occurs="5"/>
      <labelUsage label="s" occurs="40"/>
      <labelUsage label="q" occurs="5"/>
    </labelsDecl>
    <annotationSpaces>
      <annotationSpace as.id="anc"/>
    </annotationSpaces>
  </graphHeader>
  <region xml:id="s-r0" anchors="3 34"/>
  <node xml:id="s-n0">
    <link targets="s-r0"/>
  </node>
  <a xml:id="s-N65577" label="Head" ref="s-n0" as="anc">
    <fs>
      <f name="type" value="subhead"/>
    </fs>
  </a>
  <region xml:id="s-r1" anchors="36 99"/>
  <node xml:id="s-n1">
    <link targets="s-r1"/>
  </node>
  <a xml:id="s-N65601" label="Head" ref="s-n1" as="anc"/>
  <region xml:id="s-r2" anchors="100 138"/>
  <node xml:id="s-n2">
    <link targets="s-r2"/>
  </node>
  <a xml:id="s-N65617" label="s" ref="s-n2" as="anc"/>
  <region xml:id="s-r3" anchors="139 236"/>
  <node xml:id="s-n3">
    <link targets="s-r3"/>
  </node>
  <a xml:id="s-N65633" label="s" ref="s-n3" as="anc"/>
  <region xml:id="s-r4" anchors="237 295"/>
  <node xml:id="s-n4">
    <link targets="s-r4"/>
  </node>
  <a xml:id="s-N65649" label="s" ref="s-n4" as="anc"/>
  <region xml:id="s-r5" anchors="286 294"/>
  <node xml:id="s-n5">
    <link targets="s-r5"/>
  </node>
  <a xml:id="s-N65665" label="q" ref="s-n5" as="anc"/>
  <region xml:id="s-r6" anchors="296 371"/>
  <node xml:id="s-n6">
    <link targets="s-r6"/>
  </node>
  <a xml:id="s-N65681" label="s" ref="s-n6" as="anc"/>
  <region xml:id="s-r7" anchors="341 362"/>
  <node xml:id="s-n7">
    <link targets="s-r7"/>
  </node>
  <a xml:id="s-N65697" label="q" ref="s-n7" as="anc"/>
  <region xml:id="s-r8" anchors="372 556"/>
  <node xml:id="s-n8">
    <link targets="s-r8"/>
  </node>
  <a xml:id="s-N65713" label="s" ref="s-n8" as="anc"/>
  <region xml:id="s-r9" anchors="557 657"/>
  <node xml:id="s-n9">
    <link targets="s-r9"/>
  </node>
  <a xml:id="s-N65729" label="s" ref="s-n9" as="anc"/>
  <region xml:id="s-r10" anchors="658 766"/>
  <node xml:id="s-n10">
    <link targets="s-r10"/>
  </node>
  <a xml:id="s-N65745" label="s" ref="s-n10" as="anc"/>
  <region xml:id="s-r11" anchors="769 1123"/>
  <node xml:id="s-n11">
    <link targets="s-r11"/>
  </node>
  <a xml:id="s-N65761" label="s" ref="s-n11" as="anc"/>
  <region xml:id="s-r12" anchors="959 967"/>
  <node xml:id="s-n12">
    <link targets="s-r12"/>
  </node>
  <a xml:id="s-N65777" label="q" ref="s-n12" as="anc"/>
  <region xml:id="s-r13" anchors="1039 1046"/>
  <node xml:id="s-n13">
    <link targets="s-r13"/>
  </node>
  <a xml:id="s-N65793" label="q" ref="s-n13" as="anc"/>
  <region xml:id="s-r14" anchors="1126 1179"/>
  <node xml:id="s-n14">
    <link targets="s-r14"/>
  </node>
  <a xml:id="s-N65809" label="s" ref="s-n14" as="anc"/>
  <region xml:id="s-r15" anchors="1181 1261"/>
  <node xml:id="s-n15">
    <link targets="s-r15"/>
  </node>
  <a xml:id="s-N65825" label="s" ref="s-n15" as="anc"/>
  <region xml:id="s-r16" anchors="1262 1395"/>
  <node xml:id="s-n16">
    <link targets="s-r16"/>
  </node>
  <a xml:id="s-N65841" label="s" ref="s-n16" as="anc"/>
  <region xml:id="s-r17" anchors="1396 1481"/>
  <node xml:id="s-n17">
    <link targets="s-r17"/>
  </node>
  <a xml:id="s-N65857" label="s" ref="s-n17" as="anc"/>
  <region xml:id="s-r18" anchors="1482 1610"/>
  <node xml:id="s-n18">
    <link targets="s-r18"/>
  </node>
  <a xml:id="s-N65873" label="s" ref="s-n18" as="anc"/>
  <region xml:id="s-r19" anchors="1611 1703"/>
  <node xml:id="s-n19">
    <link targets="s-r19"/>
  </node>
  <a xml:id="s-N65889" label="s" ref="s-n19" as="anc"/>
  <region xml:id="s-r20" anchors="1704 1775"/>
  <node xml:id="s-n20">
    <link targets="s-r20"/>
  </node>
  <a xml:id="s-N65905" label="s" ref="s-n20" as="anc"/>
  <region xml:id="s-r21" anchors="1777 1901"/>
  <node xml:id="s-n21">
    <link targets="s-r21"/>
  </node>
  <a xml:id="s-N65921" label="s" ref="s-n21" as="anc"/>
  <region xml:id="s-r22" anchors="1902 2215"/>
  <node xml:id="s-n22">
    <link targets="s-r22"/>
  </node>
  <a xml:id="s-N65937" label="s" ref="s-n22" as="anc"/>
  <region xml:id="s-r23" anchors="1924 1933"/>
  <node xml:id="s-n23">
    <link targets="s-r23"/>
  </node>
  <a xml:id="s-N65953" label="q" ref="s-n23" as="anc"/>
  <region xml:id="s-r24" anchors="2216 2393"/>
  <node xml:id="s-n24">
    <link targets="s-r24"/>
  </node>
  <a xml:id="s-N65969" label="s" ref="s-n24" as="anc"/>
  <region xml:id="s-r25" anchors="2394 2404"/>
  <node xml:id="s-n25">
    <link targets="s-r25"/>
  </node>
  <a xml:id="s-N65985" label="s" ref="s-n25" as="anc"/>
  <region xml:id="s-r26" anchors="2406 2481"/>
  <node xml:id="s-n26">
    <link targets="s-r26"/>
  </node>
  <a xml:id="s-N66001" label="s" ref="s-n26" as="anc"/>
  <region xml:id="s-r27" anchors="2482 2500"/>
  <node xml:id="s-n27">
    <link targets="s-r27"/>
  </node>
  <a xml:id="s-N66017" label="s" ref="s-n27" as="anc"/>
  <region xml:id="s-r28" anchors="2501 2740"/>
  <node xml:id="s-n28">
    <link targets="s-r28"/>
  </node>
  <a xml:id="s-N66033" label="s" ref="s-n28" as="anc"/>
  <region xml:id="s-r29" anchors="2741 2953"/>
  <node xml:id="s-n29">
    <link targets="s-r29"/>
  </node>
  <a xml:id="s-N66049" label="s" ref="s-n29" as="anc"/>
  <region xml:id="s-r30" anchors="2954 3149"/>
  <node xml:id="s-n30">
    <link targets="s-r30"/>
  </node>
  <a xml:id="s-N66065" label="s" ref="s-n30" as="anc"/>
  <region xml:id="s-r31" anchors="3150 3197"/>
  <node xml:id="s-n31">
    <link targets="s-r31"/>
  </node>
  <a xml:id="s-N66081" label="s" ref="s-n31" as="anc"/>
  <region xml:id="s-r32" anchors="3198 3457"/>
  <node xml:id="s-n32">
    <link targets="s-r32"/>
  </node>
  <a xml:id="s-N66097" label="s" ref="s-n32" as="anc"/>
  <region xml:id="s-r33" anchors="3458 3535"/>
  <node xml:id="s-n33">
    <link targets="s-r33"/>
  </node>
  <a xml:id="s-N66113" label="s" ref="s-n33" as="anc"/>
  <region xml:id="s-r34" anchors="3536 3600"/>
  <node xml:id="s-n34">
    <link targets="s-r34"/>
  </node>
  <a xml:id="s-N66129" label="s" ref="s-n34" as="anc"/>
  <region xml:id="s-r35" anchors="3601 3661"/>
  <node xml:id="s-n35">
    <link targets="s-r35"/>
  </node>
  <a xml:id="s-N66145" label="s" ref="s-n35" as="anc"/>
  <region xml:id="s-r36" anchors="3662 3694"/>
  <node xml:id="s-n36">
    <link targets="s-r36"/>
  </node>
  <a xml:id="s-N66161" label="s" ref="s-n36" as="anc"/>
  <region xml:id="s-r37" anchors="3698 3708"/>
  <node xml:id="s-n37">
    <link targets="s-r37"/>
  </node>
  <a xml:id="s-N66177" label="s" ref="s-n37" as="anc"/>
  <region xml:id="s-r38" anchors="3710 3754"/>
  <node xml:id="s-n38">
    <link targets="s-r38"/>
  </node>
  <a xml:id="s-N66193" label="Head" ref="s-n38" as="anc">
    <fs>
      <f name="type" value="mail"/>
    </fs>
  </a>
  <region xml:id="s-r39" anchors="3755 3902"/>
  <node xml:id="s-n39">
    <link targets="s-r39"/>
  </node>
  <a xml:id="s-N66217" label="s" ref="s-n39" as="anc"/>
  <region xml:id="s-r40" anchors="3903 3991"/>
  <node xml:id="s-n40">
    <link targets="s-r40"/>
  </node>
  <a xml:id="s-N66233" label="s" ref="s-n40" as="anc"/>
  <region xml:id="s-r41" anchors="3992 4037"/>
  <node xml:id="s-n41">
    <link targets="s-r41"/>
  </node>
  <a xml:id="s-N66249" label="s" ref="s-n41" as="anc"/>
  <region xml:id="s-r42" anchors="4039 4127"/>
  <node xml:id="s-n42">
    <link targets="s-r42"/>
  </node>
  <a xml:id="s-N66265" label="s" ref="s-n42" as="anc"/>
  <region xml:id="s-r43" anchors="4128 4175"/>
  <node xml:id="s-n43">
    <link targets="s-r43"/>
  </node>
  <a xml:id="s-N66281" label="s" ref="s-n43" as="anc"/>
  <region xml:id="s-r44" anchors="4180 4226"/>
  <node xml:id="s-n44">
    <link targets="s-r44"/>
  </node>
  <a xml:id="s-N66297" label="Head" ref="s-n44" as="anc">
    <fs>
      <f name="type" value="email"/>
    </fs>
  </a>
  <region xml:id="s-r45" anchors="4227 4276"/>
  <node xml:id="s-n45">
    <link targets="s-r45"/>
  </node>
  <a xml:id="s-N66321" label="s" ref="s-n45" as="anc"/>
  <region xml:id="s-r46" anchors="4281 4333"/>
  <node xml:id="s-n46">
    <link targets="s-r46"/>
  </node>
  <a xml:id="s-N66337" label="Head" ref="s-n46" as="anc">
    <fs>
      <f name="type" value="email"/>
    </fs>
  </a>
  <region xml:id="s-r47" anchors="4335 4351"/>
  <node xml:id="s-n47">
    <link targets="s-r47"/>
  </node>
  <a xml:id="s-N66361" label="s" ref="s-n47" as="anc"/>
  <region xml:id="s-r48" anchors="4352 4445"/>
  <node xml:id="s-n48">
    <link targets="s-r48"/>
  </node>
  <a xml:id="s-N66377" label="s" ref="s-n48" as="anc"/>
  <region xml:id="s-r49" anchors="4446 4474"/>
  <node xml:id="s-n49">
    <link targets="s-r49"/>
  </node>
  <a xml:id="s-N66393" label="s" ref="s-n49" as="anc"/>
</graph>
