<graph xmlns="http://www.xces.org/ns/GrAF/1.0/" xmlns:graf="http://www.xces.org/ns/GrAF/1.0/">
  <graphHeader>
    <labelsDecl>
      <labelUsage label="person" occurs="11"/>
      <labelUsage label="location" occurs="3"/>
      <labelUsage label="org" occurs="6"/>
      <labelUsage label="date" occurs="12"/>
    </labelsDecl>
    <dependencies>
      <dependsOn f.id="f.penn"/>
    </dependencies>
    <annotationSpaces>
      <annotationSpace as.id="anc"/>
    </annotationSpaces>
  </graphHeader>
  <node xml:id="ne-n0"/>
  <a xml:id="ne-N65579" label="date" ref="ne-n0" as="anc">
    <fs>
      <f name="id" value="4000"/>
      <f name="kind" value="date"/>
    </fs>
  </a>
  <node xml:id="ne-n1"/>
  <a xml:id="ne-N65599" label="person" ref="ne-n1" as="anc">
    <fs>
      <f name="id" value="3131"/>
      <f name="sex" value="male"/>
    </fs>
  </a>
  <node xml:id="ne-n10"/>
  <a xml:id="ne-N65619" label="person" ref="ne-n10" as="anc">
    <fs>
      <f name="sex" value="male"/>
      <f name="person" value="third"/>
      <f name="id" value="3142"/>
      <f name="case" value="objective"/>
    </fs>
  </a>
  <node xml:id="ne-n11"/>
  <a xml:id="ne-N65647" label="location" ref="ne-n11" as="anc">
    <fs>
      <f name="id" value="4005"/>
      <f name="type" value="city"/>
    </fs>
  </a>
  <node xml:id="ne-n12"/>
  <a xml:id="ne-N65667" label="date" ref="ne-n12" as="anc">
    <fs>
      <f name="id" value="4006"/>
      <f name="kind" value="date"/>
    </fs>
  </a>
  <node xml:id="ne-n13"/>
  <a xml:id="ne-N65687" label="org" ref="ne-n13" as="anc">
    <fs>
      <f name="type" value="company"/>
      <f name="number" value="singular"/>
      <f name="case" value="objective"/>
      <f name="person" value="third"/>
      <f name="id" value="3144"/>
    </fs>
  </a>
  <node xml:id="ne-n14"/>
  <a xml:id="ne-N65719" label="org" ref="ne-n14" as="anc">
    <fs>
      <f name="id" value="4008"/>
      <f name="type" value="newspaper/media"/>
    </fs>
  </a>
  <node xml:id="ne-n15"/>
  <a xml:id="ne-N65739" label="location" ref="ne-n15" as="anc">
    <fs>
      <f name="id" value="29507"/>
      <f name="type" value="region"/>
    </fs>
  </a>
  <node xml:id="ne-n16"/>
  <a xml:id="ne-N65759" label="person" ref="ne-n16" as="anc">
    <fs>
      <f name="person" value="third"/>
      <f name="case" value="objective"/>
      <f name="sex" value="female"/>
      <f name="number" value="singular"/>
      <f name="id" value="3146"/>
    </fs>
  </a>
  <node xml:id="ne-n17"/>
  <a xml:id="ne-N65791" label="org" ref="ne-n17" as="anc">
    <fs>
      <f name="id" value="3147"/>
      <f name="person" value="third"/>
      <f name="case" value="objective"/>
      <f name="number" value="singular"/>
      <f name="type" value="newspaper/media"/>
    </fs>
  </a>
  <node xml:id="ne-n18"/>
  <a xml:id="ne-N65823" label="location" ref="ne-n18" as="anc">
    <fs>
      <f name="id" value="29837"/>
      <f name="type" value="province_state"/>
    </fs>
  </a>
  <node xml:id="ne-n19"/>
  <a xml:id="ne-N65843" label="date" ref="ne-n19" as="anc">
    <fs>
      <f name="id" value="2"/>
      <f name="kind" value="date"/>
    </fs>
  </a>
  <node xml:id="ne-n2"/>
  <a xml:id="ne-N65863" label="date" ref="ne-n2" as="anc">
    <fs>
      <f name="id" value="1"/>
      <f name="kind" value="date"/>
    </fs>
  </a>
  <node xml:id="ne-n20"/>
  <a xml:id="ne-N65883" label="org" ref="ne-n20" as="anc">
    <fs>
      <f name="person" value="third"/>
      <f name="case" value="objective"/>
      <f name="number" value="singular"/>
      <f name="type" value="newspaper/media"/>
      <f name="id" value="3149"/>
    </fs>
  </a>
  <node xml:id="ne-n21"/>
  <a xml:id="ne-N65915" label="org" ref="ne-n21" as="anc">
    <fs>
      <f name="id" value="3150"/>
      <f name="type" value="newspaper/media"/>
      <f name="number" value="singular"/>
      <f name="case" value="nominative"/>
      <f name="person" value="third"/>
    </fs>
  </a>
  <node xml:id="ne-n22"/>
  <a xml:id="ne-N65947" label="person" ref="ne-n22" as="anc">
    <fs>
      <f name="person" value="third"/>
      <f name="case" value="objective"/>
      <f name="sex" value="male"/>
      <f name="number" value="singular"/>
      <f name="id" value="3151"/>
    </fs>
  </a>
  <node xml:id="ne-n23"/>
  <a xml:id="ne-N65979" label="person" ref="ne-n23" as="anc">
    <fs>
      <f name="sex" value="male"/>
      <f name="id" value="3152"/>
    </fs>
  </a>
  <node xml:id="ne-n24"/>
  <a xml:id="ne-N65999" label="date" ref="ne-n24" as="anc">
    <fs>
      <f name="id" value="4022"/>
      <f name="kind" value="dateTime"/>
    </fs>
  </a>
  <node xml:id="ne-n25"/>
  <a xml:id="ne-N66019" label="org" ref="ne-n25" as="anc">
    <fs>
      <f name="id" value="4024"/>
      <f name="type" value="company"/>
    </fs>
  </a>
  <node xml:id="ne-n26"/>
  <a xml:id="ne-N66039" label="date" ref="ne-n26" as="anc">
    <fs>
      <f name="id" value="3"/>
      <f name="kind" value="duration"/>
    </fs>
  </a>
  <node xml:id="ne-n27"/>
  <a xml:id="ne-N66059" label="person" ref="ne-n27" as="anc">
    <fs>
      <f name="sex" value="female"/>
      <f name="id" value="3156"/>
    </fs>
  </a>
  <node xml:id="ne-n28"/>
  <a xml:id="ne-N66079" label="date" ref="ne-n28" as="anc">
    <fs>
      <f name="id" value="4027"/>
      <f name="kind" value="dateTime"/>
    </fs>
  </a>
  <node xml:id="ne-n29"/>
  <a xml:id="ne-N66099" label="person" ref="ne-n29" as="anc">
    <fs>
      <f name="sex" value="female"/>
      <f name="id" value="3159"/>
    </fs>
  </a>
  <node xml:id="ne-n3"/>
  <a xml:id="ne-N66119" label="person" ref="ne-n3" as="anc">
    <fs>
      <f name="case" value="nominative"/>
      <f name="sex" value="female"/>
      <f name="number" value="singular"/>
      <f name="person" value="third"/>
      <f name="id" value="3134"/>
    </fs>
  </a>
  <node xml:id="ne-n30"/>
  <a xml:id="ne-N66151" label="date" ref="ne-n30" as="anc">
    <fs>
      <f name="id" value="4028"/>
      <f name="kind" value="dateTime"/>
    </fs>
  </a>
  <node xml:id="ne-n31"/>
  <a xml:id="ne-N66171" label="date" ref="ne-n31" as="anc">
    <fs>
      <f name="id" value="4"/>
      <f name="kind" value="duration"/>
    </fs>
  </a>
  <node xml:id="ne-n4"/>
  <a xml:id="ne-N66191" label="date" ref="ne-n4" as="anc">
    <fs>
      <f name="id" value="4002"/>
      <f name="kind" value="date"/>
    </fs>
  </a>
  <node xml:id="ne-n5"/>
  <a xml:id="ne-N66211" label="person" ref="ne-n5" as="anc">
    <fs>
      <f name="sex" value="male"/>
      <f name="person" value="third"/>
      <f name="number" value="singular"/>
      <f name="case" value="objective"/>
      <f name="id" value="3136"/>
    </fs>
  </a>
  <node xml:id="ne-n6"/>
  <a xml:id="ne-N66243" label="person" ref="ne-n6" as="anc">
    <fs>
      <f name="sex" value="male"/>
      <f name="person" value="third"/>
      <f name="number" value="singular"/>
      <f name="case" value="objective"/>
      <f name="id" value="3137"/>
    </fs>
  </a>
  <node xml:id="ne-n7"/>
  <a xml:id="ne-N66275" label="person" ref="ne-n7" as="anc">
    <fs>
      <f name="person" value="third"/>
      <f name="case" value="objective"/>
      <f name="sex" value="female"/>
      <f name="number" value="singular"/>
      <f name="id" value="3138"/>
    </fs>
  </a>
  <node xml:id="ne-n8"/>
  <a xml:id="ne-N66307" label="date" ref="ne-n8" as="anc">
    <fs>
      <f name="id" value="4003"/>
      <f name="kind" value="date"/>
    </fs>
  </a>
  <node xml:id="ne-n9"/>
  <a xml:id="ne-N66327" label="date" ref="ne-n9" as="anc">
    <fs>
      <f name="id" value="4004"/>
      <f name="kind" value="date"/>
    </fs>
  </a>
  <edge xml:id="ne-lnk32" from="ne-n19" to="penn-n544"/>
  <edge xml:id="ne-lnk31" from="ne-n19" to="penn-n543"/>
  <edge xml:id="ne-lnk30" from="ne-n19" to="penn-n542"/>
  <edge xml:id="ne-lnk29" from="ne-n19" to="penn-n541"/>
  <edge xml:id="ne-lnk28" from="ne-n18" to="penn-n386"/>
  <edge xml:id="ne-lnk27" from="ne-n17" to="penn-n387"/>
  <edge xml:id="ne-lnk26" from="ne-n17" to="penn-n386"/>
  <edge xml:id="ne-lnk25" from="ne-n16" to="penn-n366"/>
  <edge xml:id="ne-lnk24" from="ne-n16" to="penn-n365"/>
  <edge xml:id="ne-lnk23" from="ne-n15" to="penn-n257"/>
  <edge xml:id="ne-lnk22" from="ne-n14" to="penn-n243"/>
  <edge xml:id="ne-lnk21" from="ne-n13" to="penn-n224"/>
  <edge xml:id="ne-lnk20" from="ne-n12" to="penn-n187"/>
  <edge xml:id="ne-lnk19" from="ne-n11" to="penn-n184"/>
  <edge xml:id="ne-lnk18" from="ne-n11" to="penn-n183"/>
  <edge xml:id="ne-lnk17" from="ne-n10" to="penn-n181"/>
  <edge xml:id="ne-lnk16" from="ne-n10" to="penn-n180"/>
  <edge xml:id="ne-lnk15" from="ne-n9" to="penn-n174"/>
  <edge xml:id="ne-lnk14" from="ne-n8" to="penn-n140"/>
  <edge xml:id="ne-lnk13" from="ne-n7" to="penn-n136"/>
  <edge xml:id="ne-lnk12" from="ne-n7" to="penn-n135"/>
  <edge xml:id="ne-lnk11" from="ne-n6" to="penn-n129"/>
  <edge xml:id="ne-lnk10" from="ne-n6" to="penn-n128"/>
  <edge xml:id="ne-lnk71" from="ne-n31" to="penn-n910"/>
  <edge xml:id="ne-lnk70" from="ne-n31" to="penn-n909"/>
  <edge xml:id="ne-lnk9" from="ne-n5" to="penn-n126"/>
  <edge xml:id="ne-lnk8" from="ne-n5" to="penn-n125"/>
  <edge xml:id="ne-lnk7" from="ne-n4" to="penn-n106"/>
  <edge xml:id="ne-lnk6" from="ne-n3" to="penn-n85"/>
  <edge xml:id="ne-lnk5" from="ne-n3" to="penn-n84"/>
  <edge xml:id="ne-lnk4" from="ne-n2" to="penn-n79"/>
  <edge xml:id="ne-lnk3" from="ne-n1" to="penn-n20"/>
  <edge xml:id="ne-lnk2" from="ne-n0" to="penn-n18"/>
  <edge xml:id="ne-lnk1" from="ne-n0" to="penn-n17"/>
  <edge xml:id="ne-lnk0" from="ne-n0" to="penn-n16"/>
  <edge xml:id="ne-lnk69" from="ne-n30" to="penn-n899"/>
  <edge xml:id="ne-lnk68" from="ne-n30" to="penn-n898"/>
  <edge xml:id="ne-lnk67" from="ne-n30" to="penn-n897"/>
  <edge xml:id="ne-lnk66" from="ne-n30" to="penn-n896"/>
  <edge xml:id="ne-lnk65" from="ne-n30" to="penn-n895"/>
  <edge xml:id="ne-lnk64" from="ne-n30" to="penn-n894"/>
  <edge xml:id="ne-lnk63" from="ne-n30" to="penn-n893"/>
  <edge xml:id="ne-lnk62" from="ne-n29" to="penn-n890"/>
  <edge xml:id="ne-lnk61" from="ne-n29" to="penn-n889"/>
  <edge xml:id="ne-lnk60" from="ne-n28" to="penn-n881"/>
  <edge xml:id="ne-lnk59" from="ne-n28" to="penn-n880"/>
  <edge xml:id="ne-lnk58" from="ne-n28" to="penn-n879"/>
  <edge xml:id="ne-lnk57" from="ne-n28" to="penn-n878"/>
  <edge xml:id="ne-lnk56" from="ne-n28" to="penn-n877"/>
  <edge xml:id="ne-lnk55" from="ne-n28" to="penn-n876"/>
  <edge xml:id="ne-lnk54" from="ne-n28" to="penn-n875"/>
  <edge xml:id="ne-lnk53" from="ne-n27" to="penn-n872"/>
  <edge xml:id="ne-lnk52" from="ne-n27" to="penn-n871"/>
  <edge xml:id="ne-lnk51" from="ne-n26" to="penn-n825"/>
  <edge xml:id="ne-lnk50" from="ne-n26" to="penn-n824"/>
  <edge xml:id="ne-lnk49" from="ne-n26" to="penn-n823"/>
  <edge xml:id="ne-lnk48" from="ne-n26" to="penn-n822"/>
  <edge xml:id="ne-lnk47" from="ne-n25" to="penn-n817"/>
  <edge xml:id="ne-lnk46" from="ne-n25" to="penn-n816"/>
  <edge xml:id="ne-lnk45" from="ne-n24" to="penn-n778"/>
  <edge xml:id="ne-lnk44" from="ne-n24" to="penn-n777"/>
  <edge xml:id="ne-lnk43" from="ne-n24" to="penn-n776"/>
  <edge xml:id="ne-lnk42" from="ne-n24" to="penn-n775"/>
  <edge xml:id="ne-lnk41" from="ne-n24" to="penn-n774"/>
  <edge xml:id="ne-lnk40" from="ne-n24" to="penn-n773"/>
  <edge xml:id="ne-lnk39" from="ne-n24" to="penn-n772"/>
  <edge xml:id="ne-lnk38" from="ne-n23" to="penn-n769"/>
  <edge xml:id="ne-lnk37" from="ne-n23" to="penn-n768"/>
  <edge xml:id="ne-lnk36" from="ne-n22" to="penn-n756"/>
  <edge xml:id="ne-lnk35" from="ne-n22" to="penn-n755"/>
  <edge xml:id="ne-lnk34" from="ne-n21" to="penn-n713"/>
  <edge xml:id="ne-lnk33" from="ne-n20" to="penn-n671"/>
</graph>
